tree
version=v4
num_class=1
num_tree_per_iteration=1
label_index=0
max_feature_idx=25
objective=regression
feature_names=LOW_TURNOVER LN_TURNOVER INTRADAY_REV10 CORD20 RET_AMT_CORR20 VOL_CV20 CORD60 MACD_LINE AMIHUD_20 REV60 RET_VOL_CORR5 CORD5 CORR60 VOL_OF_VOL_20 VOL_PRICE_DIVERGENCE BP UP_DOWN_RATIO20 EP MAX_DD60 CURRENT_RATIO NEG_SKEW_20 VSTD5 CNTD5 Q_SALES_YOY CNTD60 ROE_YOY
feature_infos=[-6.6138696670532227:3.2598781585693359] [-8.1787328720092773:3.9433259963989258] [-5.1344823837280273:4.1106886863708496] [-4.170405387878418:3.690310001373291] [-3.7196018695831299:4.1448321342468262] [-6.2522039413452148:3.0153238773345947] [-3.693152904510498:3.902674674987793] [-7.5613527297973633:7.9557366371154785] [-2.9204516410827637:6.4638071060180664] [-5.8312759399414062:3.9008712768554688] [-3.1578836441040039:4.1931633949279785] [-4.179771900177002:3.2727363109588623] [-4.289433479309082:3.6944351196289062] [-5.9174118041992188:2.8790214061737061] [-3.1741523742675781:3.5220499038696289] [-3.5682082176208496:6.313018798828125] [-3.6894466876983643:6.042208194732666] [-4.49798583984375:6.9626002311706543] [-2.9020671844482422:5.791196346282959] [-2.392460823059082:6.8562302589416504] [-3.6875357627868652:3.6695129871368408] [-3.2437863349914551:6.8355793952941895] [-3.8981385231018066:3.9433829784393311] [-3.3131027221679688:7.116215705871582] [-3.5941956043243408:3.6647837162017822] [-7.6674394607543945:6.9956183433532715]
tree_sizes=899 973 934 939 939 942 957 956 957 937 955 953 953 975 935 948 959 959 957 958 953 953 953 953 959 949 976 940 956 955 959 951 951 971 961 958 946 962 958 961 966 954 951 948 960 980 958 953 965 963 959 953 976 955 962 972 953 959 953 974 964 960 962 971 951 964 960 960 976 981 959 957 953 961 971 936 944 972 955 967 956 937 975 949 970 964 949 971 928 975 945 952 967 939 950 947 964 943 973 970 957 972 964 942 974 971 978 953 977 954 969 968 970 975 976 969 975 983 965 965 970 925 958 980 964 971 968 962 954 974 958 968 938 946 973 971 959 970 960 951 974 963 967 956 941 950 976 927 967 953 963 970 971 975 968 949 961 967 971 946 977 950 970 969 962 960 934 969 954 982 946 967 945 968 967 954 959 974 956 944 936 951 953 972 963 978 963 976 960 961 958 973 965 973 974 960 972 968 970 954 946 952 961 969 966 963 953 963 966 956 980 988 968 979 971 955 962 945 952 969 975 961 968 933 976 958 956 954 954 956 952 955 959 978 961 982 966 952 954 953 969 966 937 957 968 969 974 974 947 959 968 954 928 963 943 979 968 964 940 942 978 945 974 979 965 932 960 963 943 941 976 944 963 963 961 977 960 970 975 965 945 962 966 977 984 969 967 970 951 960 972 971 944 937 945 973 975 984 971 964 975 923 948 954 971 953 984 971 971 980 967 957 965 944 958 951 968 980 971 973 984 958 945 961 971 964 963 981 974 957 966 983 967 964 979 960 919 964

Tree=0
num_leaves=8
num_cat=0
split_feature=1 6 19 1 17 23 23
split_gain=97.0852 22.6674 18.8678 14.6987 9.15984 5.30726 5.11387
threshold=1.4983246326446535 inf -0.39375743269920344 2.263502955436707 -0.067830994725227342 -0.25528471171855921 -0.23839945346117017
decision_type=2 8 8 2 2 8 8
left_child=1 2 -1 6 -3 -5 -2
right_child=3 4 -4 5 -6 -7 -8
leaf_value=0.015966677173978677 0.015700734573576933 0.014874120692416542 0.015918024778139063 0.015454717628640318 0.015786786355344719 0.015658282388942544 0.015809573744385307
leaf_weight=648287 34275 1449 1145586 10083 943 19570 64851
leaf_count=648287 34275 1449 1145586 10083 943 19570 64851
internal_value=0.015921 0.0159347 0.0159356 0.0157298 0.0152337 0.0155891 0.0157719
internal_weight=1.92504e+06 1.79626e+06 1.79387e+06 128779 2392 29653 99126
internal_count=1925044 1796265 1793873 128779 2392 29653 99126
is_linear=0
shrinkage=1


Tree=1
num_leaves=8
num_cat=0
split_feature=6 19 6 5 3 17 23
split_gain=31.8685 18.8869 14.7271 11.7558 11.3083 8.6204 8.43118
threshold=1.2645606994628908 -0.34830620884895319 1.2645606994628908 -0.65152952075004567 -0.16953756660223004 -0.067830994725227342 -1.6546568274497984
decision_type=8 8 10 10 10 2 10
left_child=1 3 5 -1 -3 -2 -4
right_child=2 4 6 -5 -6 -7 -8
leaf_value=-3.1213993720039578e-05 -0.0010139077787203413 1.6384097636461356e-05 -0.00031802463095566291 5.0641864211814245e-05 -3.1161385899997038e-05 -0.00013013888100641395 -7.5070743375879134e-05
leaf_weight=107717 1419 463549 7779 591617 591167 962 159892
leaf_count=107717 1419 463549 7779 591617 591167 962 159892
internal_value=-1.40855e-07 8.99149e-06 -9.43388e-05 3.80337e-05 -1.02651e-05 -0.000657041 -8.63443e-05
internal_weight=1.9241e+06 1.75405e+06 170052 699334 1.05472e+06 2381 167671
internal_count=1924102 1754050 170052 699334 1054716 2381 167671
is_linear=0
shrinkage=0.00720685


Tree=2
num_leaves=8
num_cat=0
split_feature=1 12 1 1 16 9 9
split_gain=100.078 21.074 19.2286 13.3443 9.05439 4.30787 3.3696
threshold=1.536126494407654 inf 0.74762403964996349 2.263502955436707 1.323091506958008 -4.0542285442352286 1.2894613146781924
decision_type=2 8 2 2 2 8 10
left_child=1 2 -1 6 -3 -5 -2
right_child=3 4 -4 5 -6 -7 -8
leaf_value=2.4401428523796257e-05 -0.00016766451246349526 -0.0010763664409306416 -4.1442058523591234e-05 -0.00070719847547069626 -0.00017999444273878804 -0.00031352511941789982 3.3326746731040818e-05
leaf_weight=1529248 86555 1281 271218 1522 1078 28045 4560
leaf_count=1529248 86555 1281 271218 1522 1078 28045 4560
internal_value=1.41056e-07 1.35908e-05 1.44829e-05 -0.000200778 -0.000666995 -0.000333813 -0.000157605
internal_weight=1.92351e+06 1.80282e+06 1.80047e+06 120682 2359 29567 91115
internal_count=1923507 1802825 1800466 120682 2359 29567 91115
is_linear=0
shrinkage=0.00720685


Tree=3
num_leaves=8
num_cat=0
split_feature=1 6 1 1 17 6 13
split_gain=94.9685 20.7689 19.8441 13.3308 8.69434 2.74011 2.42718
threshold=1.536126494407654 inf 0.87147319316864025 2.263502955436707 -0.067830994725227342 1.1465203762054446 -1.7376555204391477
decision_type=2 8 2 2 2 8 8
left_child=1 2 -1 5 -3 -2 -5
right_child=3 4 -4 6 -6 -7 -8
leaf_value=2.2938962288541358e-05 -0.00013117967725821374 -0.0010155164393532143 -5.1353792687161185e-05 -0.00042207799548561411 -0.00013186242152600511 -0.00022685914997581095 -0.00028271475884832179
leaf_weight=1589047 71547 1424 211602 9580 974 19866 20182
leaf_count=1589047 71547 1424 211602 9580 974 19866 20182
internal_value=1.90283e-07 1.33157e-05 1.42085e-05 -0.00019511 -0.000656805 -0.000151975 -0.000327587
internal_weight=1.92422e+06 1.80305e+06 1.80065e+06 121175 2398 91413 29762
internal_count=1924222 1803047 1800649 121175 2398 91413 29762
is_linear=0
shrinkage=0.00720685


Tree=4
num_leaves=8
num_cat=0
split_feature=1 6 1 1 17 23 23
split_gain=94.0542 20.2509 19.8924 12.7238 8.84275 5.13361 4.26131
threshold=1.536126494407654 inf 0.87147319316864025 2.263502955436707 -0.067830994725227342 -0.25528471171855921 -1.1486204266548155
decision_type=2 8 2 2 2 8 8
left_child=1 2 -1 6 -3 -5 -2
right_child=3 4 -4 5 -6 -7 -8
leaf_value=2.1893668329366287e-05 -0.00034018533042043272 -0.0010148325222678293 -5.2589727383648411e-05 -0.0004576355146022842 -0.00012642383062175672 -0.00025709948813222084 -0.00014006405936945542
leaf_weight=1589593 5907 1412 210947 9996 990 19712 85766
leaf_count=1589593 5907 1412 210947 9996 990 19712 85766
internal_value=-7.88209e-07 1.2285e-05 1.31673e-05 -0.00019497 -0.000648873 -0.000324588 -0.000152963
internal_weight=1.92432e+06 1.80294e+06 1.80054e+06 121381 2402 29708 91673
internal_count=1924323 1802942 1800540 121381 2402 29708 91673
is_linear=0
shrinkage=0.00720685


Tree=5
num_leaves=8
num_cat=0
split_feature=1 6 19 1 17 6 2
split_gain=90.6272 21.0965 17.2303 17.1805 8.77002 4.25767 4.13703
threshold=1.3675912618637087 inf -0.39375743269920344 2.0726987123489384 -0.067830994725227342 1.2238798737525942 -1.2786010503768919
decision_type=2 8 8 2 2 8 2
left_child=1 2 -1 5 -3 -2 -5
right_child=3 4 -4 6 -6 -7 -8
leaf_value=4.560839721676883e-05 -9.6894151631333951e-05 -0.0010197828901853548 -1.2731154837814134e-06 -0.00035595643823332435 -0.0001332096973458963 -0.00021126086213694377 -0.00021790756126965343
leaf_weight=638101 93624 1427 1125110 21488 976 20634 23741
leaf_count=638101 93624 1427 1125110 21488 976 20634 23741
internal_value=-8.81992e-08 1.47733e-05 1.56932e-05 -0.000164613 -0.000659898 -0.00011755 -0.0002835
internal_weight=1.9251e+06 1.76561e+06 1.76321e+06 159487 2403 114258 45229
internal_count=1925101 1765614 1763211 159487 2403 114258 45229
is_linear=0
shrinkage=0.00720685


Tree=6
num_leaves=8
num_cat=0
split_feature=0 0 6 0 4 23 23
split_gain=102.627 21.9776 21.0121 18.1765 9.11307 6.07616 5.8126
threshold=-1.3111191391944883 -0.066314022988080965 inf -4.0809838771820059 -1.3892661929130552 -0.06207726709544658 -1.7254721522331236
decision_type=2 2 8 2 8 8 8
left_child=3 4 -3 5 -2 -1 -5
right_child=1 2 -4 6 -6 -7 -8
leaf_value=-0.00050691243325996695 -0.00012638081592950155 3.0106176127411991e-05 -0.00065051126742561788 -0.00054510561352780088 -1.9020609663946742e-05 -0.0002709469098480027 -0.00014499931609135268
leaf_weight=10002 46255 1370851 2359 1917 365920 13092 113416
leaf_count=10002 46255 1370851 2359 1917 365920 13092 113416
internal_value=4.26697e-07 1.50836e-05 2.89365e-05 -0.000188611 -3.10691e-05 -0.000373161 -0.000151654
internal_weight=1.92381e+06 1.78538e+06 1.37321e+06 138427 412175 23094 115333
internal_count=1923812 1785385 1373210 138427 412175 23094 115333
is_linear=0
shrinkage=0.00720685


Tree=7
num_leaves=8
num_cat=0
split_feature=0 0 6 0 6 24 17
split_gain=99.2528 22.4148 20.1551 15.4951 7.44899 4.17874 2.37793
threshold=-1.3796496987342832 -0.050984501838684075 inf -4.0809838771820059 0.7191787362098695 -1.4208211898803709 0.0083966301754117029
decision_type=2 2 8 2 8 2 2
left_child=3 4 -3 6 -2 -5 -1
right_child=1 2 -4 5 -6 -7 -8
leaf_value=-0.00039784409722655125 -9.5670398457183522e-06 2.9852069922303009e-05 -0.00063131561777111098 4.3050729967269522e-05 -7.2754493339774158e-05 -0.00016501883821445708 -0.00021795674486029478
leaf_weight=18321 288574 1356034 2398 5270 145889 102681 4827
leaf_count=18321 288574 1356034 2398 5270 145889 102681 4827
internal_value=2.76391e-07 1.42735e-05 2.86845e-05 -0.000191145 -3.0785e-05 -0.000154861 -0.000360344
internal_weight=1.92399e+06 1.7929e+06 1.35843e+06 131099 434463 107951 23148
internal_count=1923994 1792895 1358432 131099 434463 107951 23148
is_linear=0
shrinkage=0.00720685


Tree=8
num_leaves=8
num_cat=0
split_feature=0 0 6 0 3 23 23
split_gain=96.409 20.6865 19.6179 16.7382 8.11692 6.28281 5.22061
threshold=-1.3111191391944883 -0.10867495462298392 inf -4.0809838771820059 1.411486089229584 -1.7254721522331236 -0.056777974590659135
decision_type=2 2 8 2 8 8 8
left_child=3 4 -3 6 -2 -5 -1
right_child=1 2 -4 5 -6 -7 -8
leaf_value=-0.00048497883434842878 -2.1480682948210057e-05 2.7683426424061974e-05 -0.00062595367691494895 -0.00055417618518147755 -0.00012615167953860347 -0.00014126548867609198 -0.00026561129439787572
leaf_weight=10010 332257 1407158 2388 1946 43519 113548 12904
leaf_count=10010 332257 1407158 2388 1946 43519 113548 12904
internal_value=-2.96325e-07 1.39091e-05 2.65756e-05 -0.000183531 -3.36031e-05 -0.000148227 -0.000361459
internal_weight=1.92373e+06 1.78532e+06 1.40955e+06 138408 375776 115494 22914
internal_count=1923730 1785322 1409546 138408 375776 115494 22914
is_linear=0
shrinkage=0.00720685


Tree=9
num_leaves=8
num_cat=0
split_feature=1 6 1 1 16 2 6
split_gain=87.2798 18.9635 18.9839 11.7673 8.33592 4.47894 3.55644
threshold=1.536126494407654 inf 0.69108641147613536 2.263502955436707 1.2652012109756472 -1.2786010503768919 1.2238798737525942
decision_type=2 8 2 2 2 2 8
left_child=1 2 -1 6 -3 -5 -2
right_child=3 4 -4 5 -6 -7 -8
leaf_value=2.3386975442495385e-05 -0.00012575970146488615 -0.0010291909550552384 -3.930330167559708e-05 -0.00040049803647036508 -0.00016875224698214907 -0.00022294140930282424 -0.00024034389325732167
leaf_weight=1499972 73778 1273 301276 15002 1082 14533 17386
leaf_count=1499972 73778 1273 301276 15002 1082 14533 17386
internal_value=-4.99656e-07 1.20562e-05 1.29014e-05 -0.000188121 -0.000634101 -0.00031314 -0.000147615
internal_weight=1.9243e+06 1.8036e+06 1.80125e+06 120699 2355 29535 91164
internal_count=1924302 1803603 1801248 120699 2355 29535 91164
is_linear=0
shrinkage=0.00720685


Tree=10
num_leaves=8
num_cat=0
split_feature=0 0 6 0 3 7 2
split_gain=90.2935 21.2741 18.3044 15.7057 8.47386 3.98452 2.69386
threshold=-1.3111191391944883 -0.066314022988080965 inf -3.6367249488830562 1.2545621395111086 -0.22099939733743665 -1.9578232765197752
decision_type=2 2 8 2 8 2 2
left_child=3 4 -3 6 -2 -5 -1
right_child=1 2 -4 5 -6 -7 -8
leaf_value=-0.00040730566367146913 -1.7238453371689861e-05 2.8966042101252809e-05 -0.00060255695510888876 -6.0370213470836819e-05 -0.00010780887439650362 -0.00016135395132803912 -0.00026783461712308088
leaf_weight=11685 348788 1370390 2387 27081 63407 81002 18746
leaf_count=11685 348788 1370390 2387 27081 63407 81002 18746
internal_value=4.78978e-07 1.4234e-05 2.78675e-05 -0.000176775 -3.1171e-05 -0.000136053 -0.000321401
internal_weight=1.92349e+06 1.78497e+06 1.37278e+06 138514 412195 108083 30431
internal_count=1923486 1784972 1372777 138514 412195 108083 30431
is_linear=0
shrinkage=0.00720685


Tree=11
num_leaves=8
num_cat=0
split_feature=4 19 6 18 6 23 16
split_gain=27.8093 17.1436 11.5245 9.78094 8.88505 8.52799 7.67834
threshold=-1.3143240809440611 -0.39375743269920344 inf 2.1766281127929692 0.68561649322509777 -1.2161045074462888 1.323091506958008
decision_type=10 8 8 8 8 10 2
left_child=2 5 3 -1 -3 -2 -4
right_child=1 4 6 -5 -6 -7 -8
leaf_value=-5.0627402807012892e-05 -7.177654004206807e-05 1.3616931059713644e-06 -0.00097625631466504033 -0.00018351068339717924 -4.823300744564072e-05 4.3800052473512183e-05 -0.00015836571843379322
leaf_weight=104756 35064 895628 1266 39662 237338 609941 1127
leaf_count=104756 35064 895628 1266 39662 237338 609941 1127
internal_value=-1.40608e-08 7.85762e-06 -9.53445e-05 -8.71227e-05 -9.0276e-06 3.75169e-05 -0.00059129
internal_weight=1.92478e+06 1.77797e+06 146811 144418 1.13297e+06 645005 2393
internal_count=1924782 1777971 146811 144418 1132966 645005 2393
is_linear=0
shrinkage=0.00720685


Tree=12
num_leaves=8
num_cat=0
split_feature=0 0 6 0 6 24 5
split_gain=93.2209 19.7143 18.6589 17.7549 7.74324 4.4007 2.54755
threshold=-1.244470417499542 -0.03539846092462539 inf -4.0809838771820059 0.65222659707069408 -2.1836391687393184 -2.5356611013412471
decision_type=2 2 8 2 8 2 8
left_child=3 4 -3 6 -2 -5 -1
right_child=1 2 -4 5 -6 -7 -8
leaf_value=-0.00054549344246364404 -4.6409115702514038e-06 2.9577786776345627e-05 -0.00060697939482392443 0.0002723584177998887 -6.8053817225582298e-05 -0.00014461963702101013 -0.00032748434398976664
leaf_weight=3244 278679 1340312 2395 1328 155999 122158 19743
leaf_count=3244 278679 1340312 2395 1328 155999 122158 19743
internal_value=3.84015e-07 1.47854e-05 2.84419e-05 -0.000174369 -2.73989e-05 -0.000140133 -0.000358273
internal_weight=1.92386e+06 1.77738e+06 1.34271e+06 146473 434678 123486 22987
internal_count=1923858 1777385 1342707 146473 434678 123486 22987
is_linear=0
shrinkage=0.00720685


Tree=13
num_leaves=8
num_cat=0
split_feature=6 19 6 23 25 16 23
split_gain=26.826 16.5697 13.3744 9.70618 9.18985 8.8189 8.51795
threshold=1.2645606994628908 -0.35331502556800837 -1.0000000180025095e-35 -1.2161045074462888 0.18293873965740207 1.2652012109756472 -1.6546568274497984
decision_type=8 8 10 10 10 2 10
left_child=1 3 5 -1 -3 -2 -4
right_child=2 4 6 -5 -6 -7 -8
leaf_value=-7.3759017584208717e-05 -0.0010293902343620773 -2.2296323725082075e-05 -0.00031037193877226494 4.2732159401437061e-05 2.5159965556937919e-05 -0.00015315455393353084 -6.7120213624801043e-05
leaf_weight=39391 1278 769315 7843 652576 292527 1119 159801
leaf_count=39391 1278 769315 7843 652576 292527 1119 159801
internal_value=2.80125e-07 8.65975e-06 -8.61471e-05 3.61006e-05 -9.22255e-06 -0.000620566 -7.85023e-05
internal_weight=1.92385e+06 1.75381e+06 170041 691967 1.06184e+06 2397 167644
internal_count=1923850 1753809 170041 691967 1061842 2397 167644
is_linear=0
shrinkage=0.00720685


Tree=14
num_leaves=8
num_cat=0
split_feature=1 6 1 1 16 9 6
split_gain=83.8103 18.98 16.9842 11.9079 8.6037 5.6015 3.15644
threshold=1.536126494407654 inf 0.69108641147613536 2.263502955436707 1.2652012109756472 -4.0542285442352286 1.2435476779937746
decision_type=2 8 2 2 2 8 10
left_child=1 2 -1 6 -3 -5 -2
right_child=3 4 -4 5 -6 -7 -8
leaf_value=2.3427413597249661e-05 -0.00012229413048458565 -0.001023419726675351 -3.5911004284151446e-05 -0.00073114203345266875 -0.00016108801504032666 -0.00028549904537338548 -0.00023138075179310371
leaf_weight=1500235 74243 1301 300757 1545 1117 28154 16918
leaf_count=1500235 74243 1301 300757 1545 1117 28154 16918
internal_value=3.48492e-07 1.26613e-05 1.35182e-05 -0.000183375 -0.000625293 -0.000308706 -0.000142541
internal_weight=1.92427e+06 1.80341e+06 1.80099e+06 120860 2418 29699 91161
internal_count=1924270 1803410 1800992 120860 2418 29699 91161
is_linear=0
shrinkage=0.00720685


Tree=15
num_leaves=8
num_cat=0
split_feature=1 19 1 6 2 9 6
split_gain=80.3855 18.0015 16.0096 15.2145 7.64011 5.39418 3.58431
threshold=1.3675912618637087 -0.39375743269920344 1.995536267757416 inf -0.34295627474784846 -4.0542285442352286 1.2435476779937746
decision_type=2 8 2 8 2 8 10
left_child=1 4 6 -3 -1 -4 -2
right_child=2 3 5 -5 -6 -7 -8
leaf_value=2.4623719269544667e-06 -8.4793558088015565e-05 -1.985806676551386e-06 -0.00059594728706571277 -0.00057581824275457661 5.9442404501741094e-05 -0.000241613313946963 -0.0001953712760523553
leaf_weight=164859 88028 1125298 2334 2404 472573 50660 18410
leaf_count=164859 88028 1125298 2334 2404 472573 50660 18410
internal_value=9.57062e-08 1.40938e-05 -0.000154881 -3.20959e-06 4.47057e-05 -0.00025723 -0.000103921
internal_weight=1.92457e+06 1.76513e+06 159432 1.1277e+06 637432 52994 106438
internal_count=1924566 1765134 159432 1127702 637432 52994 106438
is_linear=0
shrinkage=0.00720685


Tree=16
num_leaves=8
num_cat=0
split_feature=0 0 12 0 3 23 23
split_gain=87.3009 20.6521 18.0537 16.2385 8.11116 5.68461 5.4241
threshold=-1.244470417499542 -0.066314022988080965 inf -4.0809838771820059 1.0328565835952761 -1.7254721522331236 -0.056777974590659135
decision_type=2 2 8 2 8 8 8
left_child=3 4 -3 6 -2 -5 -1
right_child=1 2 -4 5 -6 -7 -8
leaf_value=-0.00046992676024521066 -1.3198086230293484e-05 2.9122590111638482e-05 -0.00060122992769238656 -0.00051099934110301567 -9.0566448461286864e-05 -0.00012936781772132164 -0.00024665850834451673
leaf_weight=10064 314039 1371227 2363 2061 90708 121011 12901
leaf_count=10064 314039 1371227 2363 2061 90708 121011 12901
internal_value=7.95831e-07 1.47061e-05 2.80378e-05 -0.000168593 -3.05374e-05 -0.000135763 -0.000344518
internal_weight=1.92437e+06 1.77834e+06 1.37359e+06 146037 404747 123072 22965
internal_count=1924374 1778337 1373590 146037 404747 123072 22965
is_linear=0
shrinkage=0.00720685


Tree=17
num_leaves=8
num_cat=0
split_feature=0 0 3 0 3 23 23
split_gain=88.0246 20.2757 15.5755 13.5237 8.13379 6.28916 5.30927
threshold=-1.3796496987342832 -0.066314022988080965 inf -4.0809838771820059 1.411486089229584 -0.056777974590659135 -1.7254721522331236
decision_type=2 2 8 2 8 8 8
left_child=3 4 -3 5 -2 -1 -5
right_child=1 2 -4 6 -6 -7 -8
leaf_value=-0.00047255255503490513 -1.9759526173916404e-05 2.7161063941753259e-05 -0.00051874308553348503 -0.00053684490796117941 -0.00011953362583988352 -0.00023298546937273266 -0.0001403770260624814
leaf_weight=10221 372258 1370345 2719 1783 47897 12852 106297
leaf_count=10221 372258 1370345 2719 1783 47897 12852 106297
internal_value=-5.07463e-07 1.26744e-05 2.60797e-05 -0.000180738 -3.11339e-05 -0.000339126 -0.000146922
internal_weight=1.92437e+06 1.79322e+06 1.37306e+06 131153 420155 23073 108080
internal_count=1924372 1793219 1373064 131153 420155 23073 108080
is_linear=0
shrinkage=0.00720685


Tree=18
num_leaves=8
num_cat=0
split_feature=0 19 0 12 5 9 9
split_gain=89.5844 18.7663 18.2119 15.8202 6.77668 5.85078 3.82163
threshold=-1.075512111186981 -0.39375743269920344 -3.6367249488830562 inf -0.20185986906290052 1.1633145213127138 -4.0542285442352286
decision_type=2 8 2 8 10 10 8
left_child=2 4 6 -3 -2 -4 -1
right_child=1 3 5 -5 -6 -7 -8
leaf_value=-0.00066556261816046885 7.8081719481193769e-06 -1.2465378208157736e-06 -0.00013699213091561218 -0.0005873660991819197 6.1052932969074363e-05 3.6148629077092068e-05 -0.00029903658027289443
leaf_weight=1557 170173 1122100 128287 2396 459094 11006 28931
leaf_count=1557 170173 1122100 128287 2396 459094 11006 28931
internal_value=-1.63231e-07 1.51395e-05 -0.000158234 -2.49592e-06 4.6654e-05 -0.000123311 -0.000317776
internal_weight=1.92354e+06 1.75376e+06 169781 1.1245e+06 629267 139293 30488
internal_count=1923544 1753763 169781 1124496 629267 139293 30488
is_linear=0
shrinkage=0.00720685


Tree=19
num_leaves=8
num_cat=0
split_feature=0 0 6 0 3 23 23
split_gain=90.5353 19.2824 17.0916 13.7693 7.78553 5.72255 4.95327
threshold=-1.3111191391944883 -0.050984501838684075 inf -3.2420768737792964 1.2545621395111086 -0.24990225583314893 -1.1167110204696653
decision_type=2 2 8 2 8 8 8
left_child=3 4 -3 5 -2 -1 -5
right_child=1 2 -4 6 -6 -7 -8
leaf_value=-0.00041864752335171908 -1.6039556683627841e-05 2.7511888574235267e-05 -0.00058816546629116332 -0.00031692671858538426 -0.00010171957865477151 -0.00023174452512099138 -0.00011976012830730809
leaf_weight=12814 361742 1356206 2345 7122 64977 25342 93445
leaf_count=12814 361742 1356206 2345 7122 64977 25342 93445
internal_value=-6.06253e-07 1.31746e-05 2.64487e-05 -0.000177955 -2.90864e-05 -0.000294522 -0.000133726
internal_weight=1.92399e+06 1.78527e+06 1.35855e+06 138723 426719 38156 100567
internal_count=1923993 1785270 1358551 138723 426719 38156 100567
is_linear=0
shrinkage=0.00720685


Tree=20
num_leaves=8
num_cat=0
split_feature=1 19 6 1 8 23 23
split_gain=77.1619 16.4592 14.0766 11.0749 6.98828 5.38519 4.2082
threshold=1.536126494407654 -0.39375743269920344 inf 2.263502955436707 -0.47763375937938685 -0.25528471171855921 -0.23316492140293119
decision_type=2 8 8 2 10 8 8
left_child=1 4 -3 6 -1 -5 -2
right_child=3 2 -4 5 -6 -7 -8
leaf_value=1.1469697525064946e-05 -0.00020399367280964675 -3.2118816837042061e-06 -0.00055909225283135196 -0.00043373656843113826 5.9894470913550375e-05 -0.00022805839521587042 -0.00010110098983891909
leaf_weight=253942 31625 1150801 2370 9962 396406 19676 59479
leaf_count=253942 31625 1150801 2370 9962 396406 19676 59479
internal_value=1.8684e-07 1.19951e-05 -4.35481e-06 -0.000176191 4.09861e-05 -0.000297204 -0.00013682
internal_weight=1.92426e+06 1.80352e+06 1.15317e+06 120742 650348 29638 91104
internal_count=1924261 1803519 1153171 120742 650348 29638 91104
is_linear=0
shrinkage=0.00720685


Tree=21
num_leaves=8
num_cat=0
split_feature=1 19 12 1 2 23 23
split_gain=76.03 17.5927 14.9447 10.7203 7.94305 5.33317 4.8699
threshold=1.536126494407654 -0.38887093961238856 inf 2.263502955436707 0.043357301503419883 -0.26598662137985224 -0.23839945346117017
decision_type=2 8 8 2 2 8 8
left_child=1 4 -3 6 -1 -5 -2
right_child=3 2 -4 5 -6 -7 -8
leaf_value=1.3211920580146724e-05 -0.00020889311688036981 -4.0622189912066182e-06 -0.00056961611598477127 -0.00043011844144448367 6.3699030277913492e-05 -0.00022540584725875925 -9.8002746038054753e-05
leaf_weight=288732 31345 1143632 2431 9919 368319 19828 59847
leaf_count=288732 31345 1143632 2431 9919 368319 19828 59847
internal_value=4.97508e-08 1.17826e-05 -5.26235e-06 -0.000174877 4.15133e-05 -0.000293679 -0.000136121
internal_weight=1.92405e+06 1.80311e+06 1.14606e+06 120939 657051 29747 91192
internal_count=1924053 1803114 1146063 120939 657051 29747 91192
is_linear=0
shrinkage=0.00720685


Tree=22
num_leaves=8
num_cat=0
split_feature=0 0 0 3 3 23 23
split_gain=82.9604 19.6204 13.4202 13.0377 6.78122 5.44495 5.26858
threshold=-1.3796496987342832 -0.066314022988080965 -4.0809838771820059 inf 0.17834680527448657 -1.7254721522331236 -0.26598662137985224
decision_type=2 2 2 8 8 8 8
left_child=2 4 6 -3 -2 -4 -1
right_child=1 3 5 -5 -6 -7 -8
leaf_value=-0.00048768670652786099 3.727757350794526e-06 2.7459229033274946e-05 -0.0005341324564452607 -0.00047626574036653384 -5.4826467210208841e-05 -0.0001339561562917489 -0.0002559986270139082
leaf_weight=7571 179303 1370544 1795 2673 240529 106368 15621
leaf_count=7571 179303 1370544 1795 2673 240529 106368 15621
internal_value=4.89234e-07 1.32967e-05 -0.000174336 2.64784e-05 -2.9819e-05 -0.000140602 -0.000331651
internal_weight=1.9244e+06 1.79305e+06 131355 1.37322e+06 419832 108163 23192
internal_count=1924404 1793049 131355 1373217 419832 108163 23192
is_linear=0
shrinkage=0.00720685


Tree=23
num_leaves=8
num_cat=0
split_feature=1 1 12 1 23 23 23
split_gain=73.6497 16.6212 16.2878 10.5864 5.2614 4.31855 3.95881
threshold=1.536126494407654 0.83902457356452953 inf 2.263502955436707 0.015236856415867807 -0.25528471171855921 -0.23839945346117017
decision_type=2 2 8 2 8 8 8
left_child=1 2 -1 6 -3 -5 -2
right_child=3 4 -4 5 -6 -7 -8
leaf_value=2.0689358187180214e-05 -0.0001992871799847888 -7.9773653742989278e-05 -0.00056847236415677644 -0.00041260240033595561 -1.0251239339093988e-05 -0.00022851969947937955 -9.942519074142365e-05
leaf_weight=1574012 31473 117261 2440 9998 109182 19606 59799
leaf_count=1574012 31473 117261 2440 9998 109182 19606 59799
internal_value=-6.24974e-08 1.14837e-05 1.97771e-05 -0.000172276 -4.62529e-05 -0.000290701 -0.000133862
internal_weight=1.92377e+06 1.8029e+06 1.57645e+06 120876 226443 29604 91272
internal_count=1923771 1802895 1576452 120876 226443 29604 91272
is_linear=0
shrinkage=0.00720685


Tree=24
num_leaves=8
num_cat=0
split_feature=0 0 6 0 3 23 23
split_gain=80.4841 19.8717 16.6629 13.7507 7.65227 5.89296 4.71867
threshold=-1.3796496987342832 -0.03539846092462539 inf -3.6367249488830562 -0.083276137709617601 -0.25528471171855921 -1.7254721522331236
decision_type=2 2 8 2 8 8 8
left_child=3 4 -3 5 -2 -1 -5
right_child=1 2 -4 6 -6 -7 -8
leaf_value=-0.00044701735698626078 1.255017084727362e-05 2.7536402503070406e-05 -0.00057742412712415733 -0.00050662708322141343 -5.0217772767866174e-05 -0.00023516102026425618 -0.00012488136800328502
leaf_weight=10202 152810 1339944 2368 1710 296845 20583 99119
leaf_count=10202 152810 1339944 2368 1710 296845 20583 99119
internal_value=-5.52707e-08 1.25785e-05 2.64688e-05 -0.000172067 -2.88868e-05 -0.000305382 -0.00013136
internal_weight=1.92358e+06 1.79197e+06 1.34231e+06 131614 449655 30785 100829
internal_count=1923581 1791967 1342312 131614 449655 30785 100829
is_linear=0
shrinkage=0.00720685


Tree=25
num_leaves=8
num_cat=0
split_feature=0 19 0 6 2 9 9
split_gain=79.6438 19.1285 13.7115 12.6412 6.72064 4.96485 3.81951
threshold=-1.3796496987342832 -0.35331502556800837 -3.6367249488830562 inf 0.13667105138301852 1.0128283500671389 -4.0542285442352286
decision_type=2 8 2 8 2 10 8
left_child=2 4 6 -3 -2 -4 -1
right_child=1 3 5 -5 -6 -7 -8
leaf_value=-0.00064924075579713564 1.9634783619739808e-05 -4.4943993590095372e-06 -0.00014608987450575049 -0.00053364135128832716 6.438004322117942e-05 2.9671681772785384e-05 -0.00028540121746283324
leaf_weight=1580 339057 1093313 91572 2349 358889 9184 29052
leaf_count=1580 339057 1093313 91572 2349 358889 9184 29052
internal_value=6.08458e-07 1.3155e-05 -0.000170665 -5.62932e-06 4.26432e-05 -0.000130069 -0.000304188
internal_weight=1.925e+06 1.79361e+06 131388 1.09566e+06 697946 100756 30632
internal_count=1924996 1793608 131388 1095662 697946 100756 30632
is_linear=0
shrinkage=0.00720685


Tree=26
num_leaves=8
num_cat=0
split_feature=2 18 23 9 2 2 5
split_gain=29.3318 14.0064 11.1526 11.1332 10.0727 7.06574 1.91156
threshold=-1.0207538604736326 1.6630197763442995 -0.0053990518208593121 0.96663853526115429 0.20109085738658908 -2.2646412849426265 -1.8546920418739317
decision_type=2 8 10 10 2 2 8
left_child=2 4 5 -3 -2 -1 -4
right_child=1 3 6 -5 -6 -7 -8
leaf_value=-0.00021309025798628211 -2.3311227727962893e-06 -0.0001009383172663543 -9.8342000902960095e-05 6.7120755397042926e-05 3.4151373717981832e-05 -8.9660906786636222e-05 -4.6019815257854028e-06
leaf_weight=31508 771196 94182 13056 26159 801659 102309 83913
leaf_count=31508 771196 94182 13056 26159 801659 102309 83913
internal_value=1.41085e-07 1.05299e-05 -7.60777e-05 -6.44062e-05 1.62634e-05 -0.000118725 -1.72243e-05
internal_weight=1.92398e+06 1.6932e+06 230786 120341 1.57286e+06 133817 96969
internal_count=1923982 1693196 230786 120341 1572855 133817 96969
is_linear=0
shrinkage=0.00720685


Tree=27
num_leaves=8
num_cat=0
split_feature=0 0 0 3 9 8 9
split_gain=77.5939 17.1696 15.473 12.2341 7.07094 5.19055 4.19158
threshold=-1.075512111186981 -3.6367249488830562 0.35764382779598242 inf 1.1633145213127138 -0.95342412590980519 -4.0542285442352286
decision_type=2 2 2 8 10 8 8
left_child=1 6 3 -2 -3 -4 -1
right_child=2 4 5 -5 -6 -7 -8
leaf_value=-0.00066434279373245211 -3.3982732142887541e-06 -0.00012803823431394021 -4.7968151993429282e-05 -0.0004855566779264745 6.2755952050960777e-05 4.2353032934280526e-05 -0.00028193491110774737
leaf_weight=1569 976411 128306 34586 2740 10949 741916 29037
leaf_count=1569 976411 128306 34586 2740 10949 741916 29037
internal_value=7.4485e-08 -0.000147007 1.43048e-05 -4.74801e-06 -0.000113036 3.833e-05 -0.00030156
internal_weight=1.92551e+06 169861 1.75565e+06 979151 139255 776502 30606
internal_count=1925514 169861 1755653 979151 139255 776502 30606
is_linear=0
shrinkage=0.00720685


Tree=28
num_leaves=8
num_cat=0
split_feature=0 19 0 12 2 23 23
split_gain=75.1273 16.941 15.2906 14.3123 6.21816 5.85475 5.34556
threshold=-1.1269946694374082 -0.39375743269920344 -3.2420768737792964 inf 0.4766934216022492 -0.25528471171855921 -1.7254721522331236
decision_type=2 8 2 8 2 8 8
left_child=2 4 5 -3 -2 -1 -4
right_child=1 3 6 -5 -6 -7 -8
leaf_value=-0.00040026006989028734 2.8059738860084359e-05 -1.375858110851246e-06 -0.00046584877771691603 -0.00056084406375609167 7.6023394250300443e-05 -0.00021091954558937742 -0.00010282460535577295
leaf_weight=12727 420871 1126192 2143 2379 210657 25449 121858
leaf_count=12727 420871 1126192 2143 2379 210657 25449 121858
internal_value=4.93618e-07 1.41698e-05 -0.000147932 -2.55569e-06 4.4059e-05 -0.00027405 -0.000109102
internal_weight=1.92228e+06 1.7601e+06 162177 1.12857e+06 631528 38176 124001
internal_count=1922276 1760099 162177 1128571 631528 38176 124001
is_linear=0
shrinkage=0.00720685


Tree=29
num_leaves=8
num_cat=0
split_feature=0 0 19 12 9 8 9
split_gain=76.0449 18.2791 16.98 13.0986 6.259 5.57407 4.13076
threshold=-1.0242859721183775 -3.2420768737792964 -0.39375743269920344 inf 1.5042729377746584 -0.59355461597442616 -4.0542285442352286
decision_type=2 2 8 8 10 10 8
left_child=1 6 5 -4 -3 -2 -1
right_child=2 4 3 -5 -6 -7 -8
leaf_value=-0.00062083422749575781 1.1851388173717721e-05 -0.00011489727106009701 -1.5825422689034806e-06 -0.00053513257760349478 0.00010974818361355675 5.8442399511868948e-05 -0.00026513492105301704
leaf_weight=1778 192538 132897 1117930 2394 6769 434014 36573
leaf_count=1778 192538 132897 1117930 2394 6769 434014 36573
internal_value=-3.80366e-07 -0.000142278 1.40799e-05 -2.72315e-06 -0.000104009 4.41252e-05 -0.000281641
internal_weight=1.92489e+06 178017 1.74688e+06 1.12032e+06 139666 626552 38351
internal_count=1924893 178017 1746876 1120324 139666 626552 38351
is_linear=0
shrinkage=0.00720685


Tree=30
num_leaves=8
num_cat=0
split_feature=1 1 19 1 9 3 9
split_gain=68.6665 16.332 13.2393 8.75296 4.70719 4.22667 3.52105
threshold=1.6575289368629458 0.88742917776107799 -0.39375743269920344 2.263502955436707 -4.0542285442352286 1.411486089229584 1.0298475623130801
decision_type=2 2 8 2 8 8 10
left_child=1 2 -1 6 -5 -3 -2
right_child=3 5 -4 4 -6 -7 -8
leaf_value=4.613084614344333e-05 -0.00015449504018371851 -3.6017898055071935e-05 3.0641861904999128e-06 -0.00067604801295489015 -0.00026698388863702642 -0.00013811440542289849 4.4519950922489838e-05
leaf_weight=583821 63958 202913 1015808 1541 28058 23499 4976
leaf_count=583821 63958 202913 1015808 1541 28058 23499 4976
internal_value=6.73944e-07 1.06737e-05 1.87824e-05 -0.000184642 -0.000288303 -4.6615e-05 -0.000140128
internal_weight=1.92457e+06 1.82604e+06 1.59963e+06 98533 29599 226412 68934
internal_count=1924574 1826041 1599629 98533 29599 226412 68934
is_linear=0
shrinkage=0.00720685


Tree=31
num_leaves=8
num_cat=0
split_feature=0 0 0 12 23 23 8
split_gain=74.5442 16.1712 14.7407 12.9938 5.59871 5.46645 5.18235
threshold=-1.0242859721183775 -3.2420768737792964 0.36240833997726446 inf -0.25528471171855921 -1.7254721522331236 -0.94235813617706288
decision_type=2 2 2 8 8 8 8
left_child=1 4 3 -2 -1 -3 -4
right_child=2 5 6 -5 -6 -7 -8
leaf_value=-0.00039500649517936696 -2.555078102381083e-06 -0.00044140244565526185 -4.6496129192388758e-05 -0.00052924574458744033 -0.00020987156107698271 -9.8283643028637018e-05 4.2435501129557477e-05
leaf_weight=12753 975210 2454 35689 2438 25362 137050 733191
leaf_count=12753 975210 2454 35689 2438 25362 137050 733191
internal_value=3.93351e-07 -0.000140268 1.46985e-05 -3.86904e-06 -0.000271825 -0.000104323 3.83075e-05
internal_weight=1.92415e+06 177619 1.74653e+06 977648 38115 139504 768880
internal_count=1924147 177619 1746528 977648 38115 139504 768880
is_linear=0
shrinkage=0.00720685


Tree=32
num_leaves=8
num_cat=0
split_feature=0 0 0 12 2 23 23
split_gain=73.2749 15.7653 15.3303 12.5515 5.88823 5.70541 5.67383
threshold=-1.0242859721183775 -3.6367249488830562 0.31658473610877996 inf 0.38320240378379827 -0.25528471171855921 -1.7254721522331236
decision_type=2 2 2 8 2 8 8
left_child=1 5 3 -2 -4 -1 -3
right_child=2 6 4 -5 -6 -7 -8
leaf_value=-0.00042759426807355359 -5.0552492935997716e-06 -0.00044379618165827473 1.9917162165473875e-05 -0.00052856704786076718 5.8474913401712043e-05 -0.00021867351811942677 -0.0001025560221971605
leaf_weight=10199 902646 2575 484422 2384 357539 20321 144660
leaf_count=10199 902646 2575 484422 2384 357539 20321 144660
internal_value=-2.73761e-08 -0.00013943 1.41567e-05 -6.43485e-06 3.62908e-05 -0.000288501 -0.000108527
internal_weight=1.92475e+06 177755 1.74699e+06 905030 841961 30520 147235
internal_count=1924746 177755 1746991 905030 841961 30520 147235
is_linear=0
shrinkage=0.00720685


Tree=33
num_leaves=8
num_cat=0
split_feature=0 0 0 19 9 25 9
split_gain=72.1979 16.5426 13.3676 9.49636 5.65539 5.34394 2.60836
threshold=-1.3111191391944883 -0.03539846092462539 -4.0809838771820059 -0.39375743269920344 1.0298475623130801 0.12060779705643655 -4.0542285442352286
decision_type=2 2 2 8 10 8 8
left_child=2 5 6 -3 -4 -2 -1
right_child=1 3 4 -5 -6 -7 -8
leaf_value=-0.0006330509918205014 -4.5655274276551424e-05 4.9866945477050994e-05 -0.00014200480104466752 1.034829543384742e-05 3.6402807874156584e-05 5.6331646362232319e-06 -0.00029768974133380523
leaf_weight=1275 268621 508146 105325 834456 10114 173771 21852
leaf_count=1275 268621 508146 105325 834456 10114 173771 21852
internal_value=4.097e-07 1.27114e-05 -0.000158059 2.53053e-05 -0.000126374 -2.55092e-05 -0.000316205
internal_weight=1.92356e+06 1.78499e+06 138566 1.3426e+06 115439 442392 23127
internal_count=1923560 1784994 138566 1342602 115439 442392 23127
is_linear=0
shrinkage=0.00720685


Tree=34
num_leaves=8
num_cat=0
split_feature=0 19 0 6 8 7 17
split_gain=69.6505 17.3214 13.3119 13.2395 6.25162 3.40793 2.32473
threshold=-1.3111191391944883 -0.34830620884895319 -4.0809838771820059 inf -0.57986372709274281 -0.20974684506654737 0.0083966301754117029
decision_type=2 8 2 8 10 2 2
left_child=2 4 6 -3 -2 -4 -1
right_child=1 3 5 -5 -6 -7 -8
leaf_value=-0.00035017212277756084 9.3229433567415387e-06 -4.1351586338008324e-06 -5.6503539623155457e-05 -0.00054079087876042107 5.5397311847529873e-05 -0.00014631698997825935 -0.00017188667209377639
leaf_weight=18259 225061 1079566 29461 2392 477426 86021 4801
leaf_count=18259 225061 1079566 29461 2392 477426 86021 4801
internal_value=6.85042e-07 1.27704e-05 -0.000154976 -5.3221e-06 4.06362e-05 -0.000123405 -0.000313063
internal_weight=1.92299e+06 1.78444e+06 138542 1.08196e+06 702487 115482 23060
internal_count=1922987 1784445 138542 1081958 702487 115482 23060
is_linear=0
shrinkage=0.00720685


Tree=35
num_leaves=8
num_cat=0
split_feature=1 1 19 12 5 9 23
split_gain=65.5472 16.8167 14.1951 11.595 6.54439 5.43038 4.82795
threshold=1.2340094447135928 1.995536267757416 -0.39375743269920344 inf -0.20185986906290052 -4.0542285442352286 -0.93786367774009693
decision_type=2 2 8 8 10 8 8
left_child=2 6 4 -4 -1 -3 -2
right_child=1 5 3 -5 -6 -7 -8
leaf_value=3.2959686420183288e-06 -0.00021583346095186806 -0.00057568841214288751 -2.1906943674842104e-07 -0.00050624232263293562 5.5814488797574639e-05 -0.0002187729736439291 -7.0908372629511251e-05
leaf_weight=168654 13138 2315 1098877 2356 457622 50590 130784
leaf_count=168654 13138 2315 1098877 2356 457622 50590 130784
internal_value=7.95406e-08 -0.000124529 1.42772e-05 -1.30212e-06 4.16715e-05 -0.000234401 -8.41394e-05
internal_weight=1.92434e+06 196827 1.72751e+06 1.10123e+06 626276 52905 143922
internal_count=1924336 196827 1727509 1101233 626276 52905 143922
is_linear=0
shrinkage=0.00720685


Tree=36
num_leaves=8
num_cat=0
split_feature=0 0 6 0 0 9 9
split_gain=69.6994 17.4548 12.9469 11.859 7.60729 5.73238 5.18964
threshold=-0.85901182889938343 -2.6579675674438472 inf 0.39604219794273382 0.032326010987162597 1.2894613146781924 -4.0542285442352286
decision_type=2 2 8 2 2 10 8
left_child=1 6 3 -2 -4 -3 -1
right_child=2 5 4 -5 -6 -7 -8
leaf_value=-0.00057374384171651294 -7.4841750085461914e-07 -9.8352723882908784e-05 -8.2842521999519107e-05 3.7695928336928222e-05 -0.00089478147219038638 7.3369976988288686e-05 -0.00022218646020297518
leaf_weight=2277 998761 142767 1130 715155 1276 10864 51485
leaf_count=2277 998761 142767 1130 715155 1276 10864 51485
internal_value=-5.28284e-07 -0.000125321 1.45512e-05 1.5293e-05 -0.00051364 -8.62088e-05 -0.000237086
internal_weight=1.92372e+06 207393 1.71632e+06 1.71392e+06 2406 153631 53762
internal_count=1923715 207393 1716322 1713916 2406 153631 53762
is_linear=0
shrinkage=0.00720685


Tree=37
num_leaves=8
num_cat=0
split_feature=0 19 0 3 23 23 23
split_gain=68.9566 16.2747 15.4463 11.1344 6.83957 6.23657 4.60224
threshold=-1.0242859721183775 -0.34830620884895319 -4.0809838771820059 inf -1.7254721522331236 -0.9779672622680663 -0.056777974590659135
decision_type=2 8 2 8 8 10 8
left_child=2 5 6 -3 -4 -2 -1
right_child=1 3 4 -5 -6 -7 -8
leaf_value=-0.0004236200833662361 -2.9813668953338734e-05 -2.826819263804433e-06 -0.00046972368042054317 -0.00046076368720115475 -0.00010278332565783265 4.7627650393519711e-05 -0.00021883881903262022
leaf_weight=10158 59073 1053190 2684 2764 152373 630332 12999
leaf_count=10158 59073 1053190 2684 2764 152373 630332 12999
internal_value=-3.24069e-08 1.37558e-05 -0.000135068 -4.02592e-06 -0.000109138 4.09919e-05 -0.000308682
internal_weight=1.92357e+06 1.74536e+06 178214 1.05595e+06 155057 689405 23157
internal_count=1923573 1745359 178214 1055954 155057 689405 23157
is_linear=0
shrinkage=0.00720685


Tree=38
num_leaves=8
num_cat=0
split_feature=0 0 12 0 3 17 17
split_gain=67.6261 17.8764 12.8944 10.4477 7.13197 3.8077 2.72203
threshold=-1.3796496987342832 -0.10867495462298392 inf -3.2420768737792964 0.17834680527448657 -0.027622518129646775 0.058666164055466659
decision_type=2 2 8 2 8 2 2
left_child=3 4 -3 5 -2 -1 -5
right_child=1 2 -4 6 -6 -7 -8
leaf_value=-0.00030098566903368314 4.1329769817458044e-06 2.4193396423989837e-05 -0.00050773177093273365 -0.00014135671994037493 -5.8844377434315079e-05 -0.00013720104817796559 -5.5002217822512333e-05
leaf_weight=28265 161730 1407777 2370 66597 221046 9978 26508
leaf_count=28265 161730 1407777 2370 66597 221046 9978 26508
internal_value=-1.20967e-07 1.14429e-05 2.3299e-05 -0.000157968 -3.22353e-05 -0.000258258 -0.000116772
internal_weight=1.92427e+06 1.79292e+06 1.41015e+06 131348 382776 38243 93105
internal_count=1924271 1792923 1410147 131348 382776 38243 93105
is_linear=0
shrinkage=0.00720685


Tree=39
num_leaves=8
num_cat=0
split_feature=0 0 12 0 23 23 23
split_gain=67.3773 16.398 13.5002 12.0854 6.35947 5.95124 5.07961
threshold=-1.3111191391944883 -0.03539846092462539 inf -4.0809838771820059 -0.12670566886663434 -1.7254721522331236 -0.25528471171855921
decision_type=2 2 8 2 8 8 8
left_child=3 4 -3 6 -2 -5 -1
right_child=1 2 -4 5 -6 -7 -8
leaf_value=-0.00045511182140251042 -5.7403376842604728e-05 2.4886807580660306e-05 -0.00052195170474510135 -0.00052028435871901769 -2.3942021929634608e-06 -0.00011668349245324799 -0.00022848911009988213
leaf_weight=7697 195240 1339383 2348 1929 247561 113516 15459
leaf_count=7697 195240 1339383 2348 1929 247561 113516 15459
internal_value=-5.09015e-07 1.13793e-05 2.39295e-05 -0.000153574 -2.6649e-05 -0.000123432 -0.000303835
internal_weight=1.92313e+06 1.78453e+06 1.34173e+06 138601 442801 115445 23156
internal_count=1923133 1784532 1341731 138601 442801 115445 23156
is_linear=0
shrinkage=0.00720685


Tree=40
num_leaves=8
num_cat=0
split_feature=0 0 0 6 23 23 5
split_gain=66.7942 13.5556 13.3936 11.5927 6.0265 4.4871 4.31588
threshold=-1.075512111186981 0.36694619059562689 -4.0809838771820059 0.62142717838287365 -1.7254721522331236 -0.25528471171855921 -0.47761943936347956
decision_type=2 2 2 8 8 8 8
left_child=2 3 5 -2 -4 -1 -3
right_child=1 6 4 -5 -6 -7 -8
leaf_value=-0.00044027427555620691 1.1648343471450708e-05 -3.2610560453061542e-06 -0.00046225967184158369 -4.2142475356967409e-05 -0.00010513031809222898 -0.00022714332026863818 4.3519387421212192e-05
leaf_weight=7671 696712 122007 2496 296716 143735 15507 638361
leaf_count=7671 696712 122007 2496 296716 143735 15507 638361
internal_value=-8.90149e-08 1.31112e-05 -0.000136743 -4.41784e-06 -0.000111229 -0.000297697 3.60131e-05
internal_weight=1.9232e+06 1.7538e+06 169409 993428 146231 23178 760368
internal_count=1923205 1753796 169409 993428 146231 23178 760368
is_linear=0
shrinkage=0.00720685


Tree=41
num_leaves=8
num_cat=0
split_feature=1 1 12 1 23 23 23
split_gain=60.2826 12.3998 12.124 9.28519 5.30231 4.68247 4.16653
threshold=1.536126494407654 0.74762403964996349 inf 2.263502955436707 0.015236856415867807 -0.95659044384956349 -0.23316492140293119
decision_type=2 2 8 2 8 8 8
left_child=1 2 -1 6 -3 -5 -2
right_child=3 4 -4 5 -6 -7 -8
leaf_value=1.9588629197508608e-05 -0.00018628650979225398 -6.4759930490432055e-05 -0.00048717719315590565 -0.00052614839944638682 -8.9751217143371166e-07 -0.00023458930927523623 -8.3931565195324441e-05
leaf_weight=1529763 31596 140856 2455 3208 129705 26463 59669
leaf_count=1529763 31596 140856 2455 3208 129705 26463 59669
internal_value=3.84778e-07 1.08339e-05 1.87763e-05 -0.000155378 -3.4145e-05 -0.000266129 -0.000119369
internal_weight=1.92372e+06 1.80278e+06 1.53222e+06 120936 270561 29671 91265
internal_count=1923715 1802779 1532218 120936 270561 29671 91265
is_linear=0
shrinkage=0.00720685


Tree=42
num_leaves=8
num_cat=0
split_feature=5 12 19 9 25 12 23
split_gain=22.3816 14.3649 13.7307 8.14074 7.61235 4.73259 1.84738
threshold=-0.54939270019531239 inf -0.34830620884895319 -1.7191210985183714 0.15352928638458255 1.8547388315200808 0.18262431025505069
decision_type=10 8 8 10 8 10 10
left_child=3 2 -2 5 -5 -1 -3
right_child=1 6 -4 4 -6 -7 -8
leaf_value=-0.00012736232899860549 3.9211195700319456e-05 -0.0011573522009530636 -4.8751432849964081e-06 -6.119187458663726e-05 9.7338842561056103e-06 -0.00038496555201295859 -0.00054282333672552453
leaf_weight=21294 614800 495 910064 260106 112628 4484 528
leaf_count=21294 614800 495 910064 260106 112628 4484 528
internal_value=-2.3365e-07 1.23267e-05 1.28997e-05 -4.83268e-05 -3.97604e-05 -0.000172185 -0.000840994
internal_weight=1.9244e+06 1.52589e+06 1.52486e+06 398512 372734 25778 1023
internal_count=1924399 1525887 1524864 398512 372734 25778 1023
is_linear=0
shrinkage=0.00720685


Tree=43
num_leaves=8
num_cat=0
split_feature=1 1 12 25 16 4 13
split_gain=60.3166 15.1744 12.331 10.4263 7.88276 3.2567 2.57628
threshold=1.2340094447135928 1.995536267757416 inf 0.1320094168186188 1.2652012109756472 -1.6055564880371092 -1.7376555204391477
decision_type=2 2 8 10 2 8 8
left_child=2 5 3 -1 -4 -2 -3
right_child=1 6 4 -5 -6 -7 -8
leaf_value=4.435686556199794e-07 -0.00020602515850081654 -0.00030360503952317442 -0.00089463074558280968 3.7381338419290631e-05 -6.5526593430643922e-05 -7.2361888519179219e-05 -0.00019257261877288993
leaf_weight=1104965 10190 15270 1264 619375 1126 133522 37581
leaf_count=1104965 10190 15270 1264 619375 1126 133522 37581
internal_value=-6.22631e-07 -0.000120242 1.29943e-05 1.37115e-05 -0.000504206 -8.18408e-05 -0.000224658
internal_weight=1.92329e+06 196563 1.72673e+06 1.72434e+06 2390 143712 52851
internal_count=1923293 196563 1726730 1724340 2390 143712 52851
is_linear=0
shrinkage=0.00720685


Tree=44
num_leaves=8
num_cat=0
split_feature=0 19 0 12 5 9 9
split_gain=63.2883 16.2647 13.9318 10.8583 6.46938 5.62408 3.41108
threshold=-1.0242859721183775 -0.39375743269920344 -3.6367249488830562 inf -0.19064080715179441 1.0298475623130801 -4.0542285442352286
decision_type=2 8 2 8 10 10 8
left_child=2 4 6 -3 -2 -4 -1
right_child=1 3 5 -5 -6 -7 -8
leaf_value=-0.00060309277752506642 4.3559860454702189e-06 -2.743374622047842e-06 -0.00011558601182241489 -0.00048862825273687273 5.6298672505904902e-05 3.5281276219798041e-05 -0.00025285906894144177
leaf_weight=1520 171488 1117090 133142 2393 454906 14202 28941
leaf_count=1520 171488 1117090 133142 2393 454906 14202 28941
internal_value=-5.20138e-07 1.26717e-05 -0.000130051 -3.78243e-06 4.20784e-05 -0.000101044 -0.000270355
internal_weight=1.92368e+06 1.74588e+06 177805 1.11948e+06 626394 147344 30461
internal_count=1923682 1745877 177805 1119483 626394 147344 30461
is_linear=0
shrinkage=0.00720685


Tree=45
num_leaves=8
num_cat=0
split_feature=2 4 25 2 20 13 4
split_gain=24.2754 13.8081 10.8865 5.61124 3.07184 2.99251 2.70431
threshold=-1.0207538604736326 -1.793343126773834 0.12610607594251635 -2.2646412849426265 -0.070455770939588533 -1.6767045855522154 -1.2127760052680967
decision_type=2 10 10 2 10 8 10
left_child=3 4 -3 5 -2 -1 -5
right_child=1 2 -4 6 -6 -7 -8
leaf_value=-0.00022331767512741863 -8.8701147869938587e-05 -2.0494833057368335e-06 3.6295697121033701e-05 -0.00010489554524910927 -0.00023635728749670854 -0.00010189683189046044 -3.5631038000179167e-05
leaf_weight=14334 26712 1049903 606816 37059 10080 39870 139430
leaf_count=14334 26712 1049903 606816 37059 10080 39870 139430
internal_value=-5.19009e-07 8.92868e-06 1.19954e-05 -6.98741e-05 -0.000129161 -0.00013401 -5.01758e-05
internal_weight=1.9242e+06 1.69351e+06 1.65672e+06 230693 36792 54204 176489
internal_count=1924204 1693511 1656719 230693 36792 54204 176489
is_linear=0
shrinkage=0.00720685


Tree=46
num_leaves=8
num_cat=0
split_feature=0 0 0 3 3 23 23
split_gain=62.8579 16.0943 12.2867 10.8436 7.41922 6.01975 4.37217
threshold=-1.3111191391944883 -0.02780252136290073 -4.0809838771820059 inf 1.411486089229584 -1.1486204266548155 -0.056777974590659135
decision_type=2 2 2 8 8 8 8
left_child=2 4 6 -3 -2 -4 -1
right_child=1 3 5 -5 -6 -7 -8
leaf_value=-0.00041188706442765705 -1.5739231295954269e-05 2.4696749166484794e-05 -0.00031297782490069613 -0.00043852209505893913 -0.00010910059182096249 -0.00010394855437344261 -0.00021201672744379578
leaf_weight=10160 400523 1332258 7665 2629 49694 107618 12915
leaf_count=10160 400523 1332258 7665 2629 49694 107618 12915
internal_value=-2.52826e-07 1.12169e-05 -0.000148236 2.37841e-05 -2.60445e-05 -0.000117849 -0.000300035
internal_weight=1.92346e+06 1.7851e+06 138358 1.33489e+06 450217 115283 23075
internal_count=1923462 1785104 138358 1334887 450217 115283 23075
is_linear=0
shrinkage=0.00720685


Tree=47
num_leaves=8
num_cat=0
split_feature=0 0 6 0 6 23 23
split_gain=59.9653 20.3054 12.2368 8.9862 7.91869 5.57775 4.00815
threshold=-1.7345324754714964 -0.03539846092462539 inf -3.2420768737792964 0.59035843610763561 -0.25528471171855921 -1.1486204266548155
decision_type=2 2 8 2 8 8 8
left_child=3 4 -3 5 -2 -1 -5
right_child=1 2 -4 6 -6 -7 -8
leaf_value=-0.00038219600306580663 -7.4103010985921594e-06 2.4727980347401168e-05 -0.00049195713405494814 -0.00033819723334145666 -6.7363071986675232e-05 -0.00019745328236898203 -0.00010264108613420981
leaf_weight=12706 294087 1341529 2384 4014 187305 25586 57335
leaf_count=12706 294087 1341529 2384 4014 187305 25586 57335
internal_value=2.67204e-08 9.42482e-06 2.38111e-05 -0.000172133 -3.07375e-05 -0.000258763 -0.000118059
internal_weight=1.92495e+06 1.8253e+06 1.34391e+06 99641 481392 38292 61349
internal_count=1924946 1825305 1343913 99641 481392 38292 61349
is_linear=0
shrinkage=0.00720685


Tree=48
num_leaves=8
num_cat=0
split_feature=0 0 19 12 8 7 17
split_gain=60.9027 15.1287 14.7054 9.94852 5.6173 4.37452 3.23031
threshold=-0.85901182889938343 -2.9201146364212032 -0.39375743269920344 inf 0.34062592685222631 -0.20974684506654737 -0.2026664316654205
decision_type=2 2 8 8 10 2 2
left_child=1 6 4 -4 -2 -3 -1
right_child=2 5 3 -5 -6 -7 -8
leaf_value=-0.00028336359241488501 2.9919638512311921e-05 -2.2935879066601612e-05 -1.0962392602872213e-06 -0.00046677274548471737 8.1488283311015696e-05 -0.00010722744964224089 -0.00016111381864111112
leaf_weight=26827 474353 44025 1097854 2387 142720 116876 19316
leaf_count=26827 474353 44025 1097854 2387 142720 116876 19316
internal_value=-3.90838e-07 -0.000117156 1.36867e-05 -2.10696e-06 4.18469e-05 -8.41644e-05 -0.000232193
internal_weight=1.92436e+06 207044 1.71731e+06 1.10024e+06 617073 160901 46143
internal_count=1924358 207044 1717314 1100241 617073 160901 46143
is_linear=0
shrinkage=0.00720685


Tree=49
num_leaves=8
num_cat=0
split_feature=0 0 0 6 25 24 17
split_gain=60.2877 13.4208 13.1762 10.4108 4.80654 4.05352 2.79507
threshold=-1.075512111186981 -3.2420768737792964 0.32541437447071081 0.68561649322509777 0.23987779766321185 -2.5997403860092159 -1.2494350671768186
decision_type=2 2 2 8 10 2 2
left_child=1 6 3 -2 -4 -3 -1
right_child=2 5 4 -5 -6 -7 -8
leaf_value=-0.00047391870126524334 8.5413575516678168e-06 0.00061308091480755198 2.3155636402416867e-05 -4.526369934349398e-05 6.3537157625381157e-05 -9.7802096724281792e-05 -0.00023204848472192129
leaf_weight=2668 667614 417 624620 259331 202802 130956 35586
leaf_count=2668 667614 417 624620 259331 202802 130956 35586
internal_value=-3.95703e-07 -0.000130134 1.21486e-05 -6.51166e-06 3.30533e-05 -9.5541e-05 -0.00024893
internal_weight=1.92399e+06 169627 1.75437e+06 926945 827422 131373 38254
internal_count=1923994 169627 1754367 926945 827422 131373 38254
is_linear=0
shrinkage=0.00720685


Tree=50
num_leaves=8
num_cat=0
split_feature=0 0 19 12 9 23 23
split_gain=61.956 15.0127 14.2018 10.2281 6.28791 5.87058 5.45829
threshold=-0.85901182889938343 -3.2420768737792964 -0.39375743269920344 inf 1.5042729377746584 -0.25528471171855921 -1.2161045074462888
decision_type=2 2 8 8 10 8 10
left_child=1 5 6 -4 -3 -1 -2
right_child=2 4 3 -5 -6 -7 -8
leaf_value=-0.00037395707893603209 -4.9611141208400804e-05 -9.8805922968115306e-05 -4.5476880481758118e-07 -0.00047481684643666287 0.00010202038895328942 -0.00018399157276532179 4.6786826566481407e-05
leaf_weight=12641 32188 160848 1095332 2365 8526 25494 584133
leaf_count=12641 32188 160848 1095332 2365 8526 25494 584133
internal_value=-1.71766e-07 -0.000117784 1.40671e-05 -1.47722e-06 -8.8696e-05 -0.00024697 4.17522e-05
internal_weight=1.92153e+06 207509 1.71402e+06 1.0977e+06 169374 38135 616321
internal_count=1921527 207509 1714018 1097697 169374 38135 616321
is_linear=0
shrinkage=0.00720685


Tree=51
num_leaves=8
num_cat=0
split_feature=0 0 0 12 9 8 23
split_gain=56.8127 14.023 12.1769 10.7269 6.21768 4.93535 4.74299
threshold=-0.85901182889938343 -3.2420768737792964 0.36240833997726446 inf 1.1223329901695254 -0.94235813617706288 -0.25528471171855921
decision_type=2 2 2 8 10 10 8
left_child=1 6 3 -2 -3 -4 -1
right_child=2 4 5 -5 -6 -7 -8
leaf_value=-0.00035071902461248147 -1.6484843085077916e-06 -9.7472808192692069e-05 -4.7032854501418137e-05 -0.00048347610094843753 5.5194949228108571e-05 3.9757330516742378e-05 -0.00017995068597106173
leaf_weight=12680 945346 154368 35686 2405 15221 733100 25323
leaf_count=12680 945346 154368 35686 2405 15221 733100 25323
internal_value=7.97676e-07 -0.000111811 1.44162e-05 -2.87167e-06 -8.37701e-05 3.57286e-05 -0.000236937
internal_weight=1.92413e+06 207592 1.71654e+06 947751 169589 768786 38003
internal_count=1924129 207592 1716537 947751 169589 768786 38003
is_linear=0
shrinkage=0.00720685


Tree=52
num_leaves=8
num_cat=0
split_feature=0 19 0 0 5 9 23
split_gain=57.509 14.8415 11.9846 9.58379 7.05963 5.74613 4.63967
threshold=-1.1269946694374082 -0.39375743269920344 -4.0809838771820059 -0.03539846092462539 -0.0094281393103301508 1.2894613146781924 -0.056777974590659135
decision_type=2 8 2 2 10 10 8
left_child=2 4 6 -3 -2 -4 -1
right_child=1 3 5 -5 -6 -7 -8
leaf_value=-0.00039792380100938334 7.2517572800073961e-06 -3.8634480759498363e-05 -0.00011644743158641762 9.1011752522361085e-06 5.7851836960631096e-05 7.4414977995301398e-05 -0.00019164119227918429
leaf_weight=10079 219683 295842 130201 834977 411396 8742 12934
leaf_count=10079 219683 295842 130201 834977 411396 8742 12934
internal_value=2.91959e-07 1.22383e-05 -0.00012967 -3.38731e-06 4.02377e-05 -0.000104438 -0.000282
internal_weight=1.92385e+06 1.7619e+06 161956 1.13082e+06 631079 138943 23013
internal_count=1923854 1761898 161956 1130819 631079 138943 23013
is_linear=0
shrinkage=0.00720685


Tree=53
num_leaves=8
num_cat=0
split_feature=0 0 12 3 0 23 23
split_gain=55.5222 15.7096 11.2876 8.71013 7.15967 4.15058 4.11339
threshold=-1.6301528811454771 -0.07494065165519713 inf 1.3858737945556643 -3.6367249488830562 -0.25528471171855921 -1.7254721522331236
decision_type=2 2 8 8 2 8 8
left_child=4 3 -3 -2 5 -1 -6
right_child=1 2 -4 -5 6 -7 -8
leaf_value=-0.00037277462099712772 -1.649371598906383e-05 2.1995391499811047e-05 -0.00047674416500189802 -0.00011498460033580014 -0.00052851534727106424 -0.00019372214958822143 -0.00011555858931683365
leaf_weight=10053 381736 1378855 2360 53126 1273 20323 75921
leaf_count=10053 381736 1378855 2360 53126 1273 20323 75921
internal_value=-1.73652e-07 9.24949e-06 2.11429e-05 -2.85264e-05 -0.000159261 -0.000252991 -0.000122375
internal_weight=1.92365e+06 1.81608e+06 1.38122e+06 434862 107570 30376 77194
internal_count=1923647 1816077 1381215 434862 107570 30376 77194
is_linear=0
shrinkage=0.00720685


Tree=54
num_leaves=8
num_cat=0
split_feature=0 0 6 0 2 24 5
split_gain=56.8537 16.6105 11.9137 8.43509 5.25734 4.54658 2.2426
threshold=-1.5339450240135191 0.37624670565128332 0.65222659707069408 -4.0809838771820059 0.16466792672872546 -1.2719160318374632 -1.9947753548622129
decision_type=2 2 8 2 2 2 8
left_child=3 2 -2 6 -3 -5 -1
right_child=1 4 -4 5 -6 -7 -8
leaf_value=-0.00041501534356216426 7.3806781207123646e-06 1.4122088062247976e-05 -4.5732537138053791e-05 7.181672167704468e-05 5.2797137492265128e-05 -0.00013654966016124541 -0.00024070271425833203
leaf_weight=4848 751926 318881 309685 5800 427028 87224 18368
leaf_count=4848 751926 318881 309685 5800 427028 87224 18368
internal_value=2.6427e-07 1.01997e-05 -8.1131e-06 -0.00015423 3.62634e-05 -0.000123557 -0.000277119
internal_weight=1.92376e+06 1.80752e+06 1.06161e+06 116240 745909 93024 23216
internal_count=1923760 1807520 1061611 116240 745909 93024 23216
is_linear=0
shrinkage=0.00720685


Tree=55
num_leaves=8
num_cat=0
split_feature=0 19 0 0 9 8 9
split_gain=55.6848 14.9195 14.7257 7.7748 5.84846 5.61475 5.27975
threshold=-0.85901182889938343 -0.39375743269920344 -2.6579675674438472 0.21329332143068316 1.5535808801651003 -0.57986372709274281 -4.0542285442352286
decision_type=2 8 2 2 10 10 8
left_child=2 5 6 -3 -4 -2 -1
right_child=1 3 4 -5 -6 -7 -8
leaf_value=-0.00055150468040187175 1.0226943938238709e-05 -2.2703263807464188e-05 -8.482753498907342e-05 1.5773246738888537e-05 0.00012507072473386458 5.7159748894286766e-05 -0.00019840198138201438
leaf_weight=2297 192413 501141 146206 598545 7235 424450 51517
leaf_count=2297 192413 501141 146206 598545 7235 424450 51517
internal_value=6.79272e-07 1.41521e-05 -0.000110906 -1.76097e-06 -7.49296e-05 4.25205e-05 -0.000213484
internal_weight=1.9238e+06 1.71655e+06 207255 1.09969e+06 153441 616863 53814
internal_count=1923804 1716549 207255 1099686 153441 616863 53814
is_linear=0
shrinkage=0.00720685


Tree=56
num_leaves=8
num_cat=0
split_feature=0 0 12 0 9 9 9
split_gain=53.8895 14.7506 11.5261 9.34609 4.65543 4.09666 3.10573
threshold=-1.3111191391944883 -0.066314022988080965 inf -4.0809838771820059 1.2625771164894106 1.0298475623130801 -4.0542285442352286
decision_type=2 2 8 2 10 10 8
left_child=3 4 -3 6 -2 -5 -1
right_child=1 2 -4 5 -6 -7 -8
leaf_value=-0.00061052437691187659 -3.5199539366134898e-05 2.190020274469754e-05 -0.0004815513522135213 -0.00012448406553222969 5.5150485605481111e-05 2.719058837137068e-05 -0.00024929441710530548
leaf_weight=1310 379527 1371353 2365 105621 32127 10136 21875
leaf_count=1310 379527 1371353 2365 105621 32127 10136 21875
internal_value=-9.45942e-07 9.69335e-06 2.10331e-05 -0.000137658 -2.81481e-05 -0.000111203 -0.00026973
internal_weight=1.92431e+06 1.78537e+06 1.37372e+06 138942 411654 115757 23185
internal_count=1924314 1785372 1373718 138942 411654 115757 23185
is_linear=0
shrinkage=0.00720685


Tree=57
num_leaves=8
num_cat=0
split_feature=1 2 5 1 25 2 9
split_gain=48.3601 11.4698 7.7742 6.74065 5.10391 3.49752 2.69203
threshold=1.536126494407654 0.17193234711885455 -0.53079259395599354 2.263502955436707 0.1320094168186188 -0.69449546933174122 1.1633145213127138
decision_type=2 2 10 2 8 2 10
left_child=1 4 -3 6 -1 -5 -2
right_child=3 2 -4 5 -6 -7 -8
leaf_value=-2.1015412882662119e-05 -0.00011854432491246111 -1.8655064850449057e-05 3.8216125103500653e-05 -0.00029114082578081066 1.3876140813465879e-05 -0.00012735045626288693 4.408286311590312e-05
leaf_weight=581704 85598 150870 723621 19247 348019 10451 5634
leaf_count=581704 85598 150870 723621 19247 348019 10451 5634
internal_value=3.1689e-07 9.66841e-06 2.84045e-05 -0.000139202 -7.95459e-06 -0.000233508 -0.000108501
internal_weight=1.92514e+06 1.80421e+06 874491 120930 929723 29698 91232
internal_count=1925144 1804214 874491 120930 929723 29698 91232
is_linear=0
shrinkage=0.00720685


Tree=58
num_leaves=8
num_cat=0
split_feature=0 19 6 0 5 24 5
split_gain=54.8015 14.3234 10.0374 9.2457 6.5444 4.6329 2.45425
threshold=-1.3111191391944883 -0.34830620884895319 inf -4.0809838771820059 -0.0094281393103301508 -2.5997403860092159 -2.5356611013412471
decision_type=2 8 8 2 10 2 8
left_child=3 4 -3 6 -2 -5 -1
right_child=1 2 -4 5 -6 -7 -8
leaf_value=-0.00045094513098017193 6.4666611012709333e-06 -4.289576375219478e-06 -0.00046819121496561754 0.00076029624015788212 5.2552443687716647e-05 -0.00011361410062143381 -0.00023870295417428809
leaf_weight=3301 246060 1078858 2427 315 457796 115182 19876
leaf_count=3301 246060 1078858 2427 315 457796 115182 19876
internal_value=4.18438e-07 1.11391e-05 -5.33126e-06 -0.000137587 3.64414e-05 -0.000111224 -0.00026895
internal_weight=1.92382e+06 1.78514e+06 1.08128e+06 138674 703856 115497 23177
internal_count=1923815 1785141 1081285 138674 703856 115497 23177
is_linear=0
shrinkage=0.00720685


Tree=59
num_leaves=8
num_cat=0
split_feature=0 19 0 0 5 24 5
split_gain=51.6862 14.9476 9.95418 9.5948 6.25325 3.7361 2.69819
threshold=-1.3111191391944883 -0.39375743269920344 -0.066314022988080965 -3.2420768737792964 -0.037747047841548913 -2.1836391687393184 -2.5356611013412471
decision_type=2 8 2 2 10 2 8
left_child=3 4 -3 6 -2 -5 -1
right_child=1 2 -4 5 -6 -7 -8
leaf_value=-0.00038791865417380818 7.3178013480921291e-06 -4.1050997317264873e-05 7.8158234855424401e-06 0.00032514234463282596 5.5029242029996154e-05 -0.00010104924045839654 -0.00020732995247046051
leaf_weight=4937 215092 289743 856525 1079 423790 99396 33227
leaf_count=4937 215092 289743 856525 1079 423790 99396 33227
internal_value=6.22487e-07 1.10327e-05 -4.53628e-06 -0.000133421 3.89663e-05 -9.64691e-05 -0.000230701
internal_weight=1.92379e+06 1.78515e+06 1.14627e+06 138639 638882 100475 38164
internal_count=1923789 1785150 1146268 138639 638882 100475 38164
is_linear=0
shrinkage=0.00720685


Tree=60
num_leaves=8
num_cat=0
split_feature=2 19 12 23 23 2 12
split_gain=23.0267 15.4224 12.0096 9.69601 6.84826 4.75589 2.53719
threshold=-1.1393670439720152 -0.39375743269920344 inf -0.0053990518208593121 -1.2161045074462888 -2.4027006626129146 -0.20225960761308667
decision_type=2 8 8 10 10 2 8
left_child=3 4 -3 5 -2 -1 -5
right_child=1 2 -4 6 -6 -7 -8
leaf_value=-0.00019986521425137483 -6.2023392747153375e-05 -7.0674099815967914e-06 -0.00074555058449596507 4.5452456539271148e-05 4.3098211644545686e-05 -9.0751422346211131e-05 -4.068157948219406e-05
leaf_weight=27035 34088 1111628 1144 25532 577038 89226 58360
leaf_count=27035 34088 1111628 1144 25532 577038 89226 58360
internal_value=-3.48063e-07 8.14723e-06 -7.82727e-06 -7.3517e-05 3.72345e-05 -0.000116126 -1.44667e-05
internal_weight=1.92405e+06 1.7239e+06 1.11277e+06 200153 611126 116261 83892
internal_count=1924051 1723898 1112772 200153 611126 116261 83892
is_linear=0
shrinkage=0.00720685


Tree=61
num_leaves=8
num_cat=0
split_feature=0 0 12 0 23 23 9
split_gain=50.7966 13.4617 9.69231 9.53064 5.22322 4.43175 3.5988
threshold=-1.3796496987342832 0.39604219794273382 inf -4.0809838771820059 -1.7254721522331236 -0.056777974590659135 0.11295098438858987
decision_type=2 2 8 2 8 8 8
left_child=3 2 -2 5 -5 -1 -3
right_child=1 6 -4 4 -6 -7 -8
leaf_value=-0.00038230641240107673 -4.7680015096228667e-06 5.4756473023053001e-05 -0.00046451610941798319 -0.00048672903913852221 -0.00010157963334197757 -0.00018106013800301595 2.1609513842604157e-05
leaf_weight=10144 1074450 279148 2386 1860 106309 12933 435592
leaf_count=10144 1074450 279148 2386 1860 106309 12933 435592
internal_value=2.81501e-07 1.03073e-05 -5.78712e-06 -0.000136575 -0.000108207 -0.000269535 3.45554e-05
internal_weight=1.92282e+06 1.79158e+06 1.07684e+06 131246 108169 23077 714740
internal_count=1922822 1791576 1076836 131246 108169 23077 714740
is_linear=0
shrinkage=0.00720685


Tree=62
num_leaves=8
num_cat=0
split_feature=2 19 12 23 2 23 12
split_gain=22.646 16.1056 11.6733 11.1266 7.50166 6.80751 3.17147
threshold=-0.71267566084861744 -0.34830620884895319 inf -0.0053990518208593121 -2.2646412849426265 -1.2161045074462888 -0.30049757659435267
decision_type=2 8 8 10 2 10 8
left_child=3 5 -3 4 -1 -2 -5
right_child=1 2 -4 6 -6 -7 -8
leaf_value=-0.00019023253697386092 -5.7505566607033765e-05 -5.6959989547110642e-06 -0.00074620188819061529 4.7928941688299901e-05 -6.8857862002393721e-05 4.6392292853471107e-05 -2.6683074393682839e-05
leaf_weight=31518 34703 967251 1106 42022 164419 582954 100003
leaf_count=31518 34703 967251 1106 42022 164419 582954 100003
internal_value=3.85408e-07 1.1799e-05 -6.54251e-06 -5.3177e-05 -8.83829e-05 4.05547e-05 -4.60671e-06
internal_weight=1.92398e+06 1.58601e+06 968357 337962 195937 617657 142025
internal_count=1923976 1586014 968357 337962 195937 617657 142025
is_linear=0
shrinkage=0.00720685


Tree=63
num_leaves=8
num_cat=0
split_feature=1 25 1 5 2 6 2
split_gain=48.4553 11.611 10.2619 9.64827 4.65381 3.9859 3.78884
threshold=1.3675912618637087 0.1320094168186188 2.263502955436707 -0.49477107822895044 0.32297500967979437 1.2032262682914736 -1.2786010503768919
decision_type=2 10 2 10 2 8 2
left_child=1 3 5 -1 -3 -2 -4
right_child=2 4 6 -5 -6 -7 -8
leaf_value=-4.2955146230352511e-05 -7.3018684074041212e-05 2.0054041045744059e-05 -0.00032110961594785991 8.3161657050854848e-06 5.9995800822325795e-05 -0.00017490246475618384 -0.00015836269847500819
leaf_weight=242725 105128 383273 15057 888183 250564 24614 14675
leaf_count=242725 105128 383273 15057 888183 250564 24614 14675
internal_value=2.79568e-07 1.11512e-05 -0.000120025 -2.68812e-06 3.58436e-05 -9.23489e-05 -0.00024079
internal_weight=1.92422e+06 1.76474e+06 159474 1.13091e+06 633837 129742 29732
internal_count=1924219 1764745 159474 1130908 633837 129742 29732
is_linear=0
shrinkage=0.00720685


Tree=64
num_leaves=8
num_cat=0
split_feature=0 5 12 0 25 9 9
split_gain=50.7858 12.8532 13.7469 9.9759 6.50983 5.17728 2.72425
threshold=-1.244470417499542 -0.47761943936347956 inf -4.0809838771820059 0.15656101703643802 1.6634108424186709 -4.0542285442352286
decision_type=2 10 8 2 8 10 8
left_child=3 4 -3 6 -2 -5 -1
right_child=1 2 -4 5 -6 -7 -8
leaf_value=-0.00058318583289484148 -4.7482657737819908e-05 2.0663398647255064e-05 -0.00081427676126387698 -0.0001126872238143782 1.8110924382680218e-05 0.00014201153702827284 -0.00024758105869030471
leaf_weight=1333 259083 1405503 1024 118899 112797 4294 21787
leaf_count=1333 259083 1405503 1024 118899 112797 4294 21787
internal_value=-5.2581e-07 1.00926e-05 2.0055e-05 -0.00012959 -2.7587e-05 -0.000103808 -0.000266955
internal_weight=1.92472e+06 1.77841e+06 1.40653e+06 146313 371880 123193 23120
internal_count=1924720 1778407 1406527 146313 371880 123193 23120
is_linear=0
shrinkage=0.00720685


Tree=65
num_leaves=8
num_cat=0
split_feature=0 0 6 0 19 9 9
split_gain=50.0254 14.7543 9.43868 8.18061 5.73936 4.09256 3.60158
threshold=-1.5339450240135191 0.21329332143068316 0.65222659707069408 -3.6367249488830562 -0.34830620884895319 -4.0542285442352286 1.2894613146781924
decision_type=2 2 8 2 8 8 10
left_child=3 2 -2 5 -3 -1 -5
right_child=1 4 -4 6 -6 -7 -8
leaf_value=-0.00060366484768642991 3.1601274363380085e-06 4.7018109681130188e-05 -5.0121973297018518e-05 -0.00012073168626285677 1.2424962729924296e-05 -0.0002270904575248161 7.702838980494144e-05
leaf_weight=1581 547316 448341 252269 80358 560543 28748 5085
leaf_count=1581 547316 448341 252269 80358 560543 28748 5085
internal_value=1.74896e-07 9.47225e-06 -1.36504e-05 -0.000145057 2.7798e-05 -0.00024674 -0.000108961
internal_weight=1.92424e+06 1.80847e+06 799585 115772 1.00888e+06 30329 85443
internal_count=1924241 1808469 799585 115772 1008884 30329 85443
is_linear=0
shrinkage=0.00720685


Tree=66
num_leaves=8
num_cat=0
split_feature=1 2 5 23 23 1 1
split_gain=43.4512 11.52 7.90528 7.44699 7.25368 5.24683 3.44569
threshold=1.536126494407654 0.17193234711885455 -0.47761943936347956 -0.12145901471376418 -0.25528471171855921 2.263502955436707 1.995536267757416
decision_type=2 2 10 8 8 2 2
left_child=1 3 -3 -1 5 -2 -6
right_child=4 2 -4 -5 6 -7 -8
leaf_value=-2.9936796605262741e-05 -0.00016397479163116703 -1.7967299091804013e-05 3.7999479233170264e-05 1.0882783149295322e-05 -5.0941569839221971e-05 -0.00035420946148825551 -0.00014622485417317542
leaf_weight=446931 30588 160609 713018 482991 45137 9991 34998
leaf_count=446931 30588 160609 713018 482991 45137 9991 34998
internal_value=5.86763e-08 8.91862e-06 2.77104e-05 -8.73555e-06 -0.000132314 -0.00021082 -9.2557e-05
internal_weight=1.92426e+06 1.80355e+06 873627 929922 120714 40579 80135
internal_count=1924263 1803549 873627 929922 120714 40579 80135
is_linear=0
shrinkage=0.00720685


Tree=67
num_leaves=8
num_cat=0
split_feature=0 19 0 6 2 23 23
split_gain=51.492 13.489 12.8626 10.0959 6.06925 4.83186 4.65918
threshold=-0.85901182889938343 -0.39375743269920344 -2.6579675674438472 inf 0.43699628114700323 -1.7254721522331236 -0.25528471171855921
decision_type=2 8 2 8 2 8 8
left_child=2 4 6 -3 -2 -4 -1
right_child=1 3 5 -5 -6 -7 -8
leaf_value=-0.00029769660911146853 2.2840189044241763e-05 -1.4291002818052305e-06 -0.00037170212102394771 -0.00047331174760968994 7.0047211478832563e-05 -6.8479990508155402e-05 -0.00015569817145484507
leaf_weight=18098 396504 1095908 2779 2359 219907 150726 35644
leaf_count=18098 396504 1095908 2779 2359 219907 150726 35644
internal_value=-2.68471e-07 1.27003e-05 -0.000107567 -2.4431e-06 3.96816e-05 -7.39718e-05 -0.000203522
internal_weight=1.92192e+06 1.71468e+06 207247 1.09827e+06 616411 153505 53742
internal_count=1921925 1714678 207247 1098267 616411 153505 53742
is_linear=0
shrinkage=0.00720685


Tree=68
num_leaves=8
num_cat=0
split_feature=0 19 0 25 2 9 23
split_gain=45.7612 13.3084 12.0168 7.56576 5.61076 5.17217 4.94821
threshold=-0.89692336320877064 -0.39375743269920344 -2.6579675674438472 0.17645315080881122 0.33803540468215948 -4.0542285442352286 -1.7254721522331236
decision_type=2 8 2 8 2 8 8
left_child=2 4 5 -3 -2 -1 -4
right_child=1 3 6 -5 -6 -7 -8
leaf_value=-0.00052989663649100202 2.0834725605893683e-05 -1.5155134387856403e-05 -0.00038333455378439615 2.6052012337333047e-05 6.4930739858905115e-05 -0.00018025520754398763 -6.3543276936802034e-05
leaf_weight=2295 365669 773532 2557 330206 253956 51425 143532
leaf_count=2295 365669 773532 2557 330206 253956 51425 143532
internal_value=2.08103e-07 1.21784e-05 -0.000103036 -2.82713e-06 3.89078e-05 -0.000195202 -6.91432e-05
internal_weight=1.92317e+06 1.72336e+06 199809 1.10374e+06 619625 53720 146089
internal_count=1923172 1723363 199809 1103738 619625 53720 146089
is_linear=0
shrinkage=0.00720685


Tree=69
num_leaves=8
num_cat=0
split_feature=4 8 5 23 18 8 19
split_gain=18.9467 15.2519 12.7451 9.27507 5.41254 2.89816 1.1758
threshold=-1.3143240809440611 -0.86179551482200611 -0.49477107822895044 -1.1486204266548155 -0.19715215265750882 -0.74793177843093861 -0.75183218717575062
decision_type=10 10 10 10 8 8 8
left_child=4 3 -3 -2 6 -6 -1
right_child=1 2 -4 -5 5 -7 -8
leaf_value=7.7042506162831428e-05 -0.00018826704670976005 -2.6476390831823633e-05 2.6026009640932541e-05 -3.1130030156996666e-05 -0.00018211591747346466 -8.7877232094199639e-05 -2.8490117665225785e-05
leaf_weight=6354 21222 299296 1215100 241706 21617 78525 39979
leaf_count=6354 21222 299296 1215100 241706 21617 78525 39979
internal_value=3.60134e-07 6.85295e-06 1.56497e-05 -4.38139e-05 -7.84229e-05 -0.000108222 -1.40158e-05
internal_weight=1.9238e+06 1.77732e+06 1.5144e+06 262928 146475 100142 46333
internal_count=1923799 1777324 1514396 262928 146475 100142 46333
is_linear=0
shrinkage=0.00720685


Tree=70
num_leaves=8
num_cat=0
split_feature=0 0 0 12 9 23 8
split_gain=46.8214 12.5418 10.8973 8.88108 5.41156 4.51403 4.27319
threshold=-0.85901182889938343 -3.2420768737792964 0.39604219794273382 inf 1.2894613146781924 -0.25528471171855921 -0.94235813617706288
decision_type=2 2 2 8 10 8 8
left_child=1 5 3 -2 -3 -1 -4
right_child=2 4 6 -5 -6 -7 -8
leaf_value=-0.00033127369363704996 -2.1657769684544183e-06 -8.6959490742537378e-05 -4.8983801854884102e-05 -0.00044488907937640363 7.370234712795261e-05 -0.00016507597609287977 3.7405780936819597e-05
leaf_weight=12720 997811 157475 31091 2358 11697 25526 683167
leaf_count=12720 997811 157475 31091 2358 11697 25526 683167
internal_value=-2.28435e-07 -0.000102497 1.21445e-05 -3.20999e-06 -7.58504e-05 -0.000220358 3.36452e-05
internal_weight=1.92184e+06 207418 1.71443e+06 1.00017e+06 169172 38246 714258
internal_count=1921845 207418 1714427 1000169 169172 38246 714258
is_linear=0
shrinkage=0.00720685


Tree=71
num_leaves=8
num_cat=0
split_feature=0 19 0 6 23 23 23
split_gain=46.1892 12.5951 10.3184 9.36639 6.08469 5.45197 4.67428
threshold=-1.075512111186981 -0.39375743269920344 -3.6367249488830562 inf -1.2161045074462888 -1.7254721522331236 -0.26064704358577723
decision_type=2 8 2 8 10 8 8
left_child=2 4 6 -3 -2 -4 -1
right_child=1 3 5 -5 -6 -7 -8
leaf_value=-0.00036185169580380075 -5.8496238710737995e-05 -2.5503964336507803e-06 -0.00042765506481977182 -0.00045288358353852659 4.203843886490471e-05 -8.136573866377498e-05 -0.00017147621619857578
leaf_weight=9966 32999 1122710 2402 2403 595676 136840 20443
leaf_count=9966 32999 1122710 2402 2403 595676 136840 20443
internal_value=-5.99131e-08 1.09242e-05 -0.00011361 -3.51261e-06 3.67613e-05 -8.73425e-05 -0.000233878
internal_weight=1.92344e+06 1.75379e+06 169651 1.12511e+06 628675 139242 30409
internal_count=1923439 1753788 169651 1125113 628675 139242 30409
is_linear=0
shrinkage=0.00720685


Tree=72
num_leaves=8
num_cat=0
split_feature=1 19 6 1 9 23 23
split_gain=45.4037 12.1465 9.27303 8.75615 4.94698 4.83693 3.84545
threshold=1.3675912618637087 -0.39375743269920344 inf 1.995536267757416 -4.0542285442352286 -1.2161045074462888 0.14781816303730014
decision_type=2 8 8 2 8 10 8
left_child=1 5 -3 6 -5 -1 -2
right_child=3 2 -4 4 -6 -7 -8
leaf_value=-4.8291850531980622e-05 -0.00011638133015539396 -2.869199414375257e-06 -0.00045567545417587644 -0.00051831523645502319 -0.00017726123451634681 4.0237842396550778e-05 -2.9048975589843804e-05
leaf_weight=33849 60921 1124063 2353 2309 50722 604139 45933
leaf_count=33849 60921 1124063 2353 2309 50722 604139 45933
internal_value=-1.22808e-07 1.04153e-05 -3.81548e-06 -0.000116415 -0.00019212 3.55407e-05 -7.88409e-05
internal_weight=1.92429e+06 1.7644e+06 1.12642e+06 159885 53031 637988 106854
internal_count=1924289 1764404 1126416 159885 53031 637988 106854
is_linear=0
shrinkage=0.00720685


Tree=73
num_leaves=8
num_cat=0
split_feature=0 19 0 3 9 23 23
split_gain=44.2309 13.1924 10.6066 7.08768 5.63917 4.94053 4.83281
threshold=-0.85901182889938343 -0.39375743269920344 -2.6579675674438472 inf 1.5042729377746584 -0.26064704358577723 -1.2161045074462888
decision_type=2 8 2 8 10 8 10
left_child=2 6 5 -3 -4 -1 -2
right_child=1 3 4 -5 -6 -7 -8
leaf_value=-0.00028504877110028311 -4.7883499529625315e-05 -2.4907431110805663e-06 -7.9639660709457483e-05 -0.00037274170253129844 0.00011808070382699702 -0.00013829218829315836 4.2970371936524484e-05
leaf_weight=17872 32077 1097913 145468 2691 7898 35754 584481
leaf_count=17872 32077 1097913 145468 2691 7898 35754 584481
internal_value=-4.41945e-07 1.15547e-05 -9.99633e-05 -3.39636e-06 -6.94567e-05 -0.000187207 3.82435e-05
internal_weight=1.92415e+06 1.71716e+06 206992 1.1006e+06 153366 53626 616558
internal_count=1924154 1717162 206992 1100604 153366 53626 616558
is_linear=0
shrinkage=0.00720685


Tree=74
num_leaves=8
num_cat=0
split_feature=1 19 1 4 8 9 9
split_gain=39.8123 12.3415 8.71239 7.43151 5.48395 3.83342 2.93737
threshold=1.3984456658363345 -0.39375743269920344 2.0726987123489384 0.19138083606958392 0.34062592685222631 -4.0542285442352286 1.2894613146781924
decision_type=2 8 2 10 10 8 10
left_child=1 4 6 -3 -1 -4 -2
right_child=2 3 5 -5 -6 -7 -8
leaf_value=2.340477503721681e-05 -8.5471006488453054e-05 -1.9823146710617457e-05 -0.00050039665350335339 1.7891887865321359e-05 7.3833597389051363e-05 -0.0001812707515148838 8.1886985180906494e-05
leaf_weight=495452 100878 680677 2047 451246 144718 43311 5757
leaf_count=495452 100878 680677 2047 451246 144718 43311 5757
internal_value=-8.58099e-08 9.51507e-06 -0.000112022 -4.78786e-06 3.48049e-05 -0.000195684 -7.64348e-05
internal_weight=1.92409e+06 1.77209e+06 151993 1.13192e+06 640170 45358 106635
internal_count=1924086 1772093 151993 1131923 640170 45358 106635
is_linear=0
shrinkage=0.00720685


Tree=75
num_leaves=8
num_cat=0
split_feature=1 2 3 3 1 2 24
split_gain=41.1327 11.0525 9.58117 5.92752 5.77899 3.22602 2.91525
threshold=1.6575289368629458 0.16466792672872546 inf 0.99202248454093944 2.263502955436707 -1.2786010503768919 -2.413931012153625
decision_type=2 2 8 8 2 2 2
left_child=1 3 -3 -1 6 -6 -2
right_child=4 2 -4 -5 5 -7 -8
leaf_value=-1.2567860260474727e-06 0.00061577388769382796 2.5931060942497095e-05 -0.00074552409062169527 -4.6697108844911766e-05 -0.00030211216819002045 -0.00015197036241847088 -0.00011091309735639831
leaf_weight=751546 287 887433 836 186002 15080 14666 68532
leaf_count=751546 287 887433 836 186002 15080 14666 68532
internal_value=-7.54132e-07 6.98741e-06 2.52042e-05 -1.02718e-05 -0.000144157 -0.000228094 -0.000107874
internal_weight=1.92438e+06 1.82582e+06 888269 937548 98565 29746 68819
internal_count=1924382 1825817 888269 937548 98565 29746 68819
is_linear=0
shrinkage=0.00720685


Tree=76
num_leaves=8
num_cat=0
split_feature=6 19 6 21 17 3 9
split_gain=18.5037 8.43402 7.92464 10.4007 7.90684 5.76075 4.22749
threshold=0.68561649322509777 -0.34830620884895319 0.68561649322509777 inf -0.067830994725227342 -0.1034993752837181 -4.0542285442352286
decision_type=8 8 10 8 2 10 10
left_child=1 6 4 -4 -2 -3 -1
right_child=2 5 3 -5 -6 -7 -8
leaf_value=-0.00013034498411746857 -0.00079746140924792685 1.6418919081401396e-05 -3.9949267714793036e-05 0.00035382938326163451 4.5806572362088756e-05 -2.0576780855516688e-05 3.6572831186621831e-05
leaf_weight=7991 1413 456812 467276 3509 976 419232 566323
leaf_count=7991 1413 456812 467276 3509 976 419232 566323
internal_value=1.87046e-08 1.2786e-05 -3.9115e-05 -3.70135e-05 -0.000453061 -1.2854e-06 3.42501e-05
internal_weight=1.92353e+06 1.45036e+06 473174 470785 2389 876044 574314
internal_count=1923532 1450358 473174 470785 2389 876044 574314
is_linear=0
shrinkage=0.00720685


Tree=77
num_leaves=8
num_cat=0
split_feature=1 19 25 2 1 2 3
split_gain=39.8979 11.9108 7.69108 6.41671 5.59377 3.40498 2.78087
threshold=1.5737859606742861 -0.34830620884895319 0.172891840338707 0.028844613581895832 2.263502955436707 -0.69449546933174122 1.1998084783554079
decision_type=2 8 10 2 2 2 8
left_child=1 3 -3 -1 6 -6 -2
right_child=4 2 -4 -5 5 -7 -8
leaf_value=6.0686270799415037e-06 -7.9452256841407691e-05 -1.9201168109058884e-05 2.3009229947820767e-05 4.9594070718448919e-05 -0.00027356158886709633 -0.00011188417000197828 -0.00018008241090971733
leaf_weight=310134 65812 778470 314890 406513 19155 10464 18211
leaf_count=310134 65812 778470 314890 406513 19155 10464 18211
internal_value=-3.01112e-07 7.92297e-06 -7.04445e-06 3.07582e-05 -0.000131288 -0.000216449 -0.000101265
internal_weight=1.92365e+06 1.81001e+06 1.09336e+06 716647 113642 29619 84023
internal_count=1923649 1810007 1093360 716647 113642 29619 84023
is_linear=0
shrinkage=0.00720685


Tree=78
num_leaves=8
num_cat=0
split_feature=0 0 6 6 0 24 23
split_gain=41.5912 14.5923 8.64859 6.66278 5.53438 4.26012 3.94835
threshold=-1.6301528811454771 -0.050984501838684075 inf 0.59035843610763561 -4.0809838771820059 -1.2719160318374632 -0.25528471171855921
decision_type=2 2 8 8 2 2 8
left_child=4 3 -3 -2 6 -6 -1
right_child=1 2 -4 -5 5 -7 -8
leaf_value=-0.00037042127681080004 -5.6255717470894053e-06 2.0225098934502721e-05 -0.00041496579916743155 -6.2013175046571236e-05 8.8987757692502429e-05 -0.00012410908145194492 -0.00017033187172862352
leaf_weight=7681 279480 1356287 2375 178256 5189 79716 15386
leaf_count=7681 279480 1356287 2375 178256 5189 79716 15386
internal_value=-5.61052e-07 7.60765e-06 1.94641e-05 -2.75847e-05 -0.000137981 -0.000111084 -0.000236972
internal_weight=1.92437e+06 1.8164e+06 1.35866e+06 457736 107972 84905 23067
internal_count=1924370 1816398 1358662 457736 107972 84905 23067
is_linear=0
shrinkage=0.00720685


Tree=79
num_leaves=8
num_cat=0
split_feature=1 25 5 23 6 2 1
split_gain=40.1191 10.9748 9.61631 6.10333 6.15636 5.08479 3.92604
threshold=1.5737859606742861 0.1320094168186188 -0.46109831333160395 -0.25528471171855921 1.287861227989197 0.31583088636398321 2.263502955436707
decision_type=2 10 8 8 8 2 2
left_child=1 2 -1 6 -5 -3 -2
right_child=3 5 -4 4 -6 -7 -8
leaf_value=-4.3081861771025176e-05 -0.00016177642844232765 1.5961907941946383e-05 6.4680959147418274e-06 -6.3809049923205759e-05 -0.00023642547572242178 5.7232216774504187e-05 -0.00032803821835588443
leaf_weight=262984 28289 392933 898290 62556 12953 256129 9981
leaf_count=262984 28289 392933 898290 62556 12953 256129 9981
internal_value=2.62815e-07 8.51291e-06 -4.75307e-06 -0.000131003 -9.3423e-05 3.22479e-05 -0.000205146
internal_weight=1.92412e+06 1.81034e+06 1.16127e+06 113779 75509 649062 38270
internal_count=1924115 1810336 1161274 113779 75509 649062 38270
is_linear=0
shrinkage=0.00720685


Tree=80
num_leaves=8
num_cat=0
split_feature=0 19 0 12 2 9 17
split_gain=40.3434 11.6266 10.1904 9.06127 5.18704 4.89664 3.4795
threshold=-0.85901182889938343 -0.34830620884895319 -3.6367249488830562 inf 0.4766934216022492 1.5042729377746584 -0.027622518129646775
decision_type=2 8 2 8 2 10 2
left_child=2 4 6 -3 -2 -4 -1
right_child=1 3 5 -5 -6 -7 -8
leaf_value=-0.00026089343266809362 2.0790840263646845e-05 -2.4240355605017601e-06 -8.2329365212758558e-05 -0.00044660122394321757 6.301550292538659e-05 9.2854971249534156e-05 -8.2952919197596824e-05
leaf_weight=22842 451754 1035082 168413 2390 227052 8715 7611
leaf_count=22842 451754 1035082 168413 2390 227052 8715 7611
internal_value=2.47505e-07 1.1725e-05 -9.46476e-05 -3.44771e-06 3.49146e-05 -7.37094e-05 -0.000216426
internal_weight=1.92386e+06 1.71628e+06 207581 1.03747e+06 678806 177128 30453
internal_count=1923859 1716278 207581 1037472 678806 177128 30453
is_linear=0
shrinkage=0.00720685


Tree=81
num_leaves=8
num_cat=0
split_feature=5 8 3 23 21 8 2
split_gain=18.9237 16.3652 10.9247 10.2189 9.42367 11.6501 8.49763
threshold=-0.65152952075004567 -0.85258123278617848 inf -1.1486204266548155 inf 1.0471951365470888 -2.1468886137008663
decision_type=8 8 8 10 8 10 2
left_child=4 3 -3 -2 6 -6 -1
right_child=1 2 -4 -5 5 -7 -8
leaf_value=-0.00017386376304009903 -0.00018358777843482105 2.2822979886497772e-05 -0.00069022791881495366 -2.6147451243220336e-05 2.7684704691786997e-05 0.00072665019492383891 -4.0789735049782629e-05
leaf_weight=26986 23545 1304392 1116 236307 4062 1781 325945
leaf_count=26986 23545 1304392 1116 236307 4062 1781 325945
internal_value=9.96574e-07 1.18168e-05 2.22129e-05 -4.04137e-05 -4.62127e-05 0.000240823 -5.09654e-05
internal_weight=1.92413e+06 1.56536e+06 1.30551e+06 259852 358774 5843 352931
internal_count=1924134 1565360 1305508 259852 358774 5843 352931
is_linear=0
shrinkage=0.00720685


Tree=82
num_leaves=8
num_cat=0
split_feature=0 19 0 0 5 9 9
split_gain=41.6596 12.3709 9.30586 6.98114 5.77323 4.29096 4.12973
threshold=-1.3111191391944883 -0.39375743269920344 -0.050984501838684075 -2.9201146364212032 -0.0094281393103301508 -4.0542285442352286 1.6634108424186709
decision_type=2 8 2 2 10 8 10
left_child=3 4 -3 5 -2 -1 -5
right_child=1 2 -4 6 -6 -7 -8
leaf_value=-0.00051506514870243685 4.6948938318614646e-06 -3.9757152525052347e-05 6.9226745817261552e-06 -9.4209057455750964e-05 5.0157014283202328e-05 -0.00017847616391956876 0.00016365662875043052
leaf_weight=2059 223000 300611 846212 89083 415221 43884 3346
leaf_count=2059 223000 300611 846212 89083 415221 43884 3346
internal_value=-4.98239e-07 8.84004e-06 -5.31328e-06 -0.000120964 3.42722e-05 -0.000193572 -8.48723e-05
internal_weight=1.92342e+06 1.78504e+06 1.14682e+06 138372 638221 45943 92429
internal_count=1923416 1785044 1146823 138372 638221 45943 92429
is_linear=0
shrinkage=0.00720685


Tree=83
num_leaves=8
num_cat=0
split_feature=0 0 6 6 0 9 9
split_gain=39.9355 13.9864 8.72883 6.18024 5.68535 4.43331 2.95346
threshold=-1.6301528811454771 -0.10867495462298392 inf 0.59035843610763561 -4.0809838771820059 1.0298475623130801 -4.0542285442352286
decision_type=2 2 8 8 2 10 8
left_child=4 3 -3 -2 6 -6 -1
right_child=1 2 -4 -5 5 -7 -8
leaf_value=-0.0005722683569092564 -6.6929248984952282e-06 1.9235252630918993e-05 -0.00042073776552078323 -6.4184209266815052e-05 -0.0001230944016319944 6.6829837878113903e-05 -0.00021514823103011102
leaf_weight=1272 244623 1407345 2345 161057 77713 6954 21994
leaf_count=1272 244623 1407345 2345 161057 77713 6954 21994
internal_value=-2.35568e-07 7.77192e-06 1.85031e-05 -2.95174e-05 -0.000134916 -0.000107494 -0.000234696
internal_weight=1.9233e+06 1.81537e+06 1.40969e+06 405680 107933 84667 23266
internal_count=1923303 1815370 1409690 405680 107933 84667 23266
is_linear=0
shrinkage=0.00720685


Tree=84
num_leaves=8
num_cat=0
split_feature=1 19 25 5 1 2 6
split_gain=37.0468 11.179 8.3785 7.34483 4.9304 3.21795 2.18365
threshold=1.6575289368629458 -0.39375743269920344 0.17645315080881122 -0.037747047841548913 2.263502955436707 -1.2786010503768919 1.2435476779937746
decision_type=2 8 8 10 2 2 8
left_child=1 3 -3 -1 6 -6 -2
right_child=4 2 -4 -5 5 -7 -8
leaf_value=-2.9820859528936677e-06 -8.3416809793629169e-05 -1.9310660904754047e-05 2.2656469495121072e-05 4.7877465070853989e-05 -0.00028819449105355987 -0.00013823368042447718 -0.00018680762363177756
leaf_weight=223451 55549 813731 354815 433755 15076 14666 13116
leaf_count=223451 55549 813731 354815 433755 15076 14666 13116
internal_value=-5.35726e-07 6.80592e-06 -6.56781e-06 3.05851e-05 -0.000136745 -0.000214255 -0.000103169
internal_weight=1.92416e+06 1.82575e+06 1.16855e+06 657206 98407 29742 68665
internal_count=1924159 1825752 1168546 657206 98407 29742 68665
is_linear=0
shrinkage=0.00720685


Tree=85
num_leaves=8
num_cat=0
split_feature=3 19 18 12 5 25 11
split_gain=17.0544 10.0311 8.92432 7.19857 6.16108 6.07624 3.99138
threshold=1.0189052224159243 -0.43347939848899836 2.1766281127929692 inf -0.0094281393103301508 0.17645315080881122 -1.6886845231056211
decision_type=8 8 8 8 10 8 10
left_child=1 4 3 -2 -1 -3 -4
right_child=2 5 6 -5 -6 -7 -8
leaf_value=-1.4878207690895642e-06 -3.3329742988034919e-05 -1.5621260593059086e-05 0.00022034153414483165 -0.00043043821756961727 5.0574136396870504e-05 2.0924203194019236e-05 -0.00017586045012878433
leaf_weight=174659 246852 758588 1374 2393 364324 343203 33494
leaf_count=174659 246852 758588 1374 2393 364324 343203 33494
internal_value=-7.00708e-07 8.2258e-06 -5.22519e-05 -3.71441e-05 3.37033e-05 -4.23748e-06 -0.000160242
internal_weight=1.92489e+06 1.64077e+06 284113 249245 538983 1.10179e+06 34868
internal_count=1924887 1640774 284113 249245 538983 1101791 34868
is_linear=0
shrinkage=0.00720685


Tree=86
num_leaves=8
num_cat=0
split_feature=1 19 6 1 8 9 6
split_gain=37.1115 10.6569 7.89497 6.1723 5.89284 3.08497 2.55061
threshold=1.536126494407654 -0.34830620884895319 inf 2.263502955436707 -0.45711556077003473 -4.0542285442352286 1.2435476779937746
decision_type=2 8 8 2 10 8 8
left_child=1 4 -3 6 -1 -5 -2
right_child=3 2 -4 5 -6 -7 -8
leaf_value=4.7952221796052122e-06 -7.4643393966805071e-05 -4.9154665577389993e-06 -0.00041675986179385736 -0.00052793601552140502 4.7014594327184696e-05 -0.00019544563294673364 -0.00017280744099013235
leaf_weight=287575 74300 1085424 2422 1528 426177 28033 16870
leaf_count=287575 74300 1085424 2422 1528 426177 28033 16870
internal_value=1.67761e-07 8.36501e-06 -5.83279e-06 -0.000122154 3.00042e-05 -0.000212649 -9.28094e-05
internal_weight=1.92233e+06 1.8016e+06 1.08785e+06 120731 713752 29561 91170
internal_count=1922329 1801598 1087846 120731 713752 29561 91170
is_linear=0
shrinkage=0.00720685


Tree=87
num_leaves=8
num_cat=0
split_feature=0 0 2 0 4 23 23
split_gain=40.1319 12.0842 8.65491 6.49552 6.05396 5.55757 4.23216
threshold=-1.3796496987342832 -0.10867495462298392 0.42869260907173162 -3.2420768737792964 -1.5182647705078123 -0.25528471171855921 -1.7254721522331236
decision_type=2 2 2 2 8 8 8
left_child=3 4 -3 5 -2 -1 -5
right_child=1 2 -4 6 -6 -7 -8
leaf_value=-0.00032408559906896625 -0.00011810607441424236 5.1791058550829278e-06 4.2459217204379599e-05 -0.00045878564720817835 -1.816190281612411e-05 -0.00013963587567128235 -8.2917408233641071e-05
leaf_weight=12704 34609 907512 502561 1582 347947 25552 91363
leaf_count=12704 34609 907512 502561 1582 347947 25552 91363
internal_value=-1.85108e-07 8.71983e-06 1.84661e-05 -0.000121855 -2.7204e-05 -0.000200895 -8.93199e-05
internal_weight=1.92383e+06 1.79263e+06 1.41007e+06 131201 382556 38256 92945
internal_count=1923830 1792629 1410073 131201 382556 38256 92945
is_linear=0
shrinkage=0.00720685


Tree=88
num_leaves=8
num_cat=0
split_feature=6 2 21 19 3 17 21
split_gain=18.8151 14.6194 8.49557 7.30127 5.86363 6.51834 6.27308
threshold=1.2645606994628908 0.13667105138301852 inf -0.35331502556800837 -2.5714427232742305 -0.067830994725227342 inf
decision_type=8 2 8 8 10 2 8
left_child=1 2 -1 -3 5 -2 -6
right_child=4 3 -4 -5 6 -7 -8
leaf_value=-1.4544331494607101e-05 -0.00071526248998717977 5.3397909504660499e-05 0.00061807329925223824 1.0915916476949801e-05 -7.2805206010625515e-05 2.2854493821768096e-05 0.00027767243920302141
leaf_weight=876395 1521 349641 1103 526604 164524 1050 2695
leaf_count=876395 1521 349641 1103 526604 164524 1050 2695
internal_value=3.12039e-08 7.04452e-06 -1.37484e-05 2.78672e-05 -7.2408e-05 -0.000413907 -6.7155e-05
internal_weight=1.92353e+06 1.75374e+06 877498 876245 169790 2571 167219
internal_count=1923533 1753743 877498 876245 169790 2571 167219
is_linear=0
shrinkage=0.00720685


Tree=89
num_leaves=8
num_cat=0
split_feature=0 0 0 6 23 23 8
split_gain=37.3917 9.81063 9.67039 8.63436 5.18626 4.5109 3.55089
threshold=-0.85901182889938343 0.48819477856159216 -3.2420768737792964 0.63118845224380504 0.15462619066238406 -0.25528471171855921 -0.94235813617706288
decision_type=2 2 2 8 8 8 8
left_child=2 3 5 -2 -4 -1 -3
right_child=1 6 4 -5 -6 -7 -8
leaf_value=-0.00030621905585392304 1.0660320823766343e-05 -5.7035569425500864e-05 -0.00010242821720583896 -3.3528991651394749e-05 -2.1575384832602585e-05 -0.00014003705655548556 3.8424942047071498e-05
leaf_weight=12742 825720 21009 98288 318147 70952 25396 551225
leaf_count=12742 825720 21009 98288 318147 70952 25396 551225
internal_value=-4.88355e-07 1.05575e-05 -9.18952e-05 -1.63017e-06 -6.8532e-05 -0.000195566 3.49201e-05
internal_weight=1.92348e+06 1.7161e+06 207378 1.14387e+06 169240 38138 572234
internal_count=1923479 1716101 207378 1143867 169240 38138 572234
is_linear=0
shrinkage=0.00720685


Tree=90
num_leaves=8
num_cat=0
split_feature=0 0 0 12 9 2 23
split_gain=38.49 11.0785 10.0416 8.31983 4.86338 4.54928 4.4889
threshold=-0.85901182889938343 -2.6579675674438472 0.37624670565128332 inf -4.0542285442352286 0.33803540468215948 0.15462619066238406
decision_type=2 2 2 8 8 2 8
left_child=1 4 3 -2 -1 -4 -3
right_child=2 6 5 -5 -6 -7 -8
leaf_value=-0.00050375976876614113 -3.4763973048548013e-06 -9.4867302738956813e-05 1.4150372596103841e-05 -0.00043290720338580397 -0.00016751491822570704 4.9832596343791209e-05 -1.5895387625036506e-05
leaf_weight=2335 967083 89748 401379 2348 51473 345175 64075
leaf_count=2335 967083 89748 401379 2348 51473 345175 64075
internal_value=-4.31682e-07 -9.31082e-05 1.0782e-05 -4.51694e-06 -0.000182115 3.06484e-05 -6.1972e-05
internal_weight=1.92362e+06 207631 1.71598e+06 969431 53808 746554 153823
internal_count=1923616 207631 1715985 969431 53808 746554 153823
is_linear=0
shrinkage=0.00720685


Tree=91
num_leaves=8
num_cat=0
split_feature=0 0 12 0 3 23 23
split_gain=37.6264 11.5917 8.83411 6.91709 6.34047 4.1876 3.9312
threshold=-1.3796496987342832 -0.02780252136290073 inf -4.0809838771820059 1.411486089229584 -0.056777974590659135 -1.1167110204696653
decision_type=2 2 8 2 8 8 8
left_child=3 4 -3 5 -2 -1 -5
right_child=1 2 -4 6 -6 -7 -8
leaf_value=-0.00034066956265627068 -1.278088805983606e-05 2.0533751266500424e-05 -0.0004239050000205868 -0.00025229860627427447 -9.8153621306463357e-05 -0.00014488077273582876 -8.1391918428318336e-05
leaf_weight=10116 406906 1334247 2326 7513 50826 12927 100402
leaf_count=10116 406906 1334247 2326 7513 50826 12927 100402
internal_value=4.33063e-07 9.04035e-06 1.976e-05 -0.000117498 -2.22608e-05 -0.000230845 -9.32927e-05
internal_weight=1.92526e+06 1.7943e+06 1.33657e+06 130958 457732 23043 107915
internal_count=1925263 1794305 1336573 130958 457732 23043 107915
is_linear=0
shrinkage=0.00720685


Tree=92
num_leaves=8
num_cat=0
split_feature=0 0 0 6 9 2 9
split_gain=35.8567 9.69862 9.26404 8.71299 4.86465 3.61912 2.36435
threshold=-1.0242859721183775 0.48819477856159216 -4.0809838771820059 0.63118845224380504 1.0298475623130801 0.13667105138301852 -4.0542285442352286
decision_type=2 2 2 8 10 2 8
left_child=2 3 6 -2 -4 -3 -1
right_child=1 5 4 -5 -6 -7 -8
leaf_value=-0.00053178640067479805 9.7405945016226487e-06 1.111696936720331e-05 -9.1004272283400008e-05 -3.3944111983970795e-05 4.6952203413094596e-05 4.8210536665553306e-05 -0.000214671251918895
leaf_weight=1293 843901 224996 140059 329814 14665 347793 21904
leaf_count=1293 843901 224996 140059 329814 14665 347793 21904
internal_value=-5.99891e-07 9.32919e-06 -9.80652e-05 -2.53481e-06 -7.79282e-05 3.364e-05 -0.000232369
internal_weight=1.92442e+06 1.7465e+06 177921 1.17372e+06 154724 572789 23197
internal_count=1924425 1746504 177921 1173715 154724 572789 23197
is_linear=0
shrinkage=0.00720685


Tree=93
num_leaves=8
num_cat=0
split_feature=2 12 2 19 25 13 19
split_gain=17.1817 9.34486 8.53788 7.43435 5.85846 3.56714 1.74631
threshold=0.16466792672872546 inf -2.0485633611679073 -0.3734097927808761 0.1320094168186188 -1.6767045855522154 0.82106724381446849
decision_type=2 8 2 8 8 8 10
left_child=2 3 5 -2 -4 -1 -3
right_child=1 6 4 -5 -6 -7 -8
leaf_value=-0.00018831723197608474 5.0129318194037295e-05 -0.001074940967496475 -2.8443870328705242e-05 7.6382048312570976e-06 8.5891981615112905e-06 -6.7950725509158255e-05 -0.00040928985188600918
leaf_weight=16911 343899 413 587462 565601 356511 52456 409
leaf_count=16911 343899 413 587462 565601 356511 52456 409
internal_value=2.85891e-07 2.30104e-05 -2.01284e-05 2.3705e-05 -1.44575e-05 -9.72974e-05 -0.000744616
internal_weight=1.92366e+06 910322 1.01334e+06 909500 943973 69367 822
internal_count=1923662 910322 1013340 909500 943973 69367 822
is_linear=0
shrinkage=0.00720685


Tree=94
num_leaves=8
num_cat=0
split_feature=0 0 6 6 23 6 0
split_gain=34.5644 14.0837 8.80975 5.8079 5.07393 4.0691 3.11442
threshold=-2.1107227802276607 -0.050984501838684075 inf 0.53970566391944896 -0.25528471171855921 1.2645606994628908 -3.6367249488830562
decision_type=2 2 8 8 8 8 2
left_child=4 3 -3 -2 6 -6 -1
right_child=1 2 -4 -5 5 -7 -8
leaf_value=-0.00033103877261087716 -5.6947724398977463e-06 1.9316593403150327e-05 -0.00041880737658570136 -5.6126403474494914e-05 -7.9373935039087499e-05 -0.00025495983314778619 -0.00016880976530215912
leaf_weight=10058 286639 1355287 2387 202323 42369 8178 15816
leaf_count=10058 286639 1355287 2387 202323 42369 8178 15816
internal_value=3.86305e-07 6.6019e-06 1.8546e-05 -2.65625e-05 -0.000149805 -0.000107787 -0.000231884
internal_weight=1.92306e+06 1.84664e+06 1.35767e+06 488962 76421 50547 25874
internal_count=1923057 1846636 1357674 488962 76421 50547 25874
is_linear=0
shrinkage=0.00720685


Tree=95
num_leaves=8
num_cat=0
split_feature=0 0 6 3 23 24 6
split_gain=34.2171 12.6668 8.14795 7.08601 5.58825 4.74195 4.13806
threshold=-1.7345324754714964 -0.050984501838684075 inf 1.411486089229584 -0.25528471171855921 -1.6937659978866575 1.2645606994628908
decision_type=2 2 8 8 8 2 8
left_child=4 3 -3 -2 5 -1 -6
right_child=1 2 -4 -5 6 -7 -8
leaf_value=0.00024990833583274905 -1.4405927993891187e-05 1.9799286663171998e-05 -0.00040101955971857402 -0.00010279843450551221 -6.4983282605211366e-05 -0.00021972147148432069 -0.00022003183882292207
leaf_weight=1155 411968 1356710 2393 53185 55010 33004 10675
leaf_count=1155 411968 1356710 2393 53185 55010 33004 10675
internal_value=8.38148e-07 7.94822e-06 1.9058e-05 -2.45129e-05 -0.000129069 -0.000203835 -9.01847e-05
internal_weight=1.9241e+06 1.82426e+06 1.3591e+06 465153 99844 34159 65685
internal_count=1924100 1824256 1359103 465153 99844 34159 65685
is_linear=0
shrinkage=0.00720685


Tree=96
num_leaves=8
num_cat=0
split_feature=4 5 19 9 18 12 23
split_gain=15.0287 9.63554 9.99706 6.98472 4.98974 4.00926 1.07389
threshold=-1.2127760052680967 -0.67332333326339711 -0.39375743269920344 1.2894613146781924 -0.189615324139595 inf -0.19770555943250653
decision_type=10 10 8 10 8 8 10
left_child=4 3 -3 -2 6 -6 -1
right_child=1 2 -4 -5 5 -7 -8
leaf_value=-4.414985180709422e-05 -4.5176698150394012e-05 3.7781863868429301e-05 -1.0956791381534435e-06 9.5088452364881971e-05 -8.4182086354763985e-05 -0.00038591842949722762 1.4598203388832594e-05
leaf_weight=29286 240246 542041 938018 19971 116943 2332 36056
leaf_count=29286 240246 542041 938018 19971 116943 2332 36056
internal_value=-5.27021e-07 6.03186e-06 1.31424e-05 -3.44113e-05 -6.23536e-05 -9.00847e-05 -1.17323e-05
internal_weight=1.92489e+06 1.74028e+06 1.48006e+06 260217 184617 119275 65342
internal_count=1924893 1740276 1480059 260217 184617 119275 65342
is_linear=0
shrinkage=0.00720685


Tree=97
num_leaves=8
num_cat=0
split_feature=0 5 6 0 21 23 23
split_gain=35.1126 9.49291 9.5479 8.52767 8.10778 4.85877 4.74918
threshold=-0.85901182889938343 -0.44503200054168696 inf -2.9201146364212032 inf -0.25528471171855921 0.15462619066238406
decision_type=2 10 8 2 8 8 8
left_child=3 4 -3 5 -2 -1 -5
right_child=1 2 -4 6 -6 -7 -8
leaf_value=-0.00028028278961743299 -2.6914511843342304e-05 1.9443971589076222e-05 -0.00068328766713930092 -9.7563088606213188e-05 0.00024476325178685683 -0.00012321842641133303 -1.8260663455248596e-05
leaf_weight=15374 357332 1352128 1004 94040 5797 30581 67289
leaf_count=15374 357332 1352128 1004 94040 5797 30581 67289
internal_value=-5.59165e-07 1.01417e-05 1.89221e-05 -8.91592e-05 -2.25767e-05 -0.000175769 -6.44872e-05
internal_weight=1.92354e+06 1.71626e+06 1.35313e+06 207284 363129 45955 161329
internal_count=1923545 1716261 1353132 207284 363129 45955 161329
is_linear=0
shrinkage=0.00720685


Tree=98
num_leaves=8
num_cat=0
split_feature=6 8 5 23 23 4 19
split_gain=16.3216 12.6733 11.6112 8.20178 5.92277 5.36325 2.21983
threshold=1.2645606994628908 -0.88080900907516468 -0.49477107822895044 -0.32959587872028345 -1.6546568274497984 2.4051022529602055 3.3644148111343388
decision_type=8 8 10 10 10 8 10
left_child=1 3 -3 -1 6 -6 -2
right_child=4 2 -4 -5 5 -7 -8
leaf_value=-9.8260791064859029e-05 -0.00027841447932286601 -2.5856551653225817e-05 2.4324673957024923e-05 -1.0712174814520758e-05 -5.2733548739159334e-05 -0.00039819656033842423 0.00037023023771261938
leaf_weight=85935 7943 298456 1212114 157328 158832 2368 283
leaf_count=85935 7943 298456 1212114 157328 158832 2368 283
internal_value=1.10188e-07 6.63557e-06 1.44099e-05 -4.16399e-05 -6.74376e-05 -5.78108e-05 -0.000256056
internal_weight=1.92326e+06 1.75383e+06 1.51057e+06 243263 169426 161200 8226
internal_count=1923259 1753833 1510570 243263 169426 161200 8226
is_linear=0
shrinkage=0.00720685


Tree=99
num_leaves=8
num_cat=0
split_feature=0 0 25 3 9 2 2
split_gain=34.2379 8.90532 8.7719 7.59346 5.3454 4.1401 4.1113
threshold=-0.85901182889938343 -2.6579675674438472 0.1320094168186188 -0.24802228063344953 1.5042729377746584 -1.4982483983039854 0.31583088636398321
decision_type=2 2 10 8 10 2 2
left_child=1 5 3 -2 -3 -1 -4
right_child=2 4 6 -5 -6 -7 -8
leaf_value=-0.00023918911942772005 2.1647239787541112e-05 -6.9276492656752028e-05 1.7154879831140139e-05 -1.7003860110535315e-05 0.00012390558896796245 -0.00011176375740868873 5.513727522369904e-05
leaf_weight=23403 439805 145611 368408 660447 7839 30514 247425
leaf_count=23403 439805 145611 368408 660447 7839 30514 247425
internal_value=6.66991e-08 -8.74028e-05 1.06363e-05 -1.55378e-06 -5.94069e-05 -0.000167077 3.24153e-05
internal_weight=1.92345e+06 207367 1.71608e+06 1.10025e+06 153450 53917 615833
internal_count=1923452 207367 1716085 1100252 153450 53917 615833
is_linear=0
shrinkage=0.00720685


Tree=100
num_leaves=8
num_cat=0
split_feature=0 19 0 12 2 24 2
split_gain=32.6956 10.6355 8.3231 6.50133 5.2756 3.83887 3.07161
threshold=-0.85901182889938343 -0.39375743269920344 -3.2420768737792964 inf 0.48485799133777624 -2.1836391687393184 -1.4025261402130125
decision_type=2 8 2 8 2 2 2
left_child=2 4 6 -3 -2 -4 -1
right_child=1 3 5 -5 -6 -7 -8
leaf_value=-0.00024720511686158612 1.9914407127916137e-05 -1.8401204205654713e-06 0.00024611734124108694 -0.00037852573249318329 6.4705263473261205e-05 -6.7207771569553917e-05 -0.00011757560749709561
leaf_weight=18715 412900 1096777 2055 2384 204089 167242 19277
leaf_count=18715 412900 1096777 2055 2384 204089 167242 19277
internal_value=4.5752e-07 1.07842e-05 -8.50371e-05 -2.65747e-06 3.47305e-05 -6.3403e-05 -0.000181437
internal_weight=1.92344e+06 1.71615e+06 207289 1.09916e+06 616989 169297 37992
internal_count=1923439 1716150 207289 1099161 616989 169297 37992
is_linear=0
shrinkage=0.00720685


Tree=101
num_leaves=8
num_cat=0
split_feature=0 19 0 25 23 23 9
split_gain=34.3961 10.9116 9.5789 6.78648 4.94016 4.75193 4.0643
threshold=-0.85901182889938343 -0.39375743269920344 -2.6579675674438472 0.17645315080881122 0.15462619066238406 -1.2161045074462888 -4.0542285442352286
decision_type=2 8 2 8 8 10 8
left_child=2 5 6 -3 -4 -2 -1
right_child=1 3 4 -5 -6 -7 -8
leaf_value=-0.00046853169351680383 -5.1263877147547996e-05 -1.5243352572856332e-05 -9.3724376024488089e-05 2.3855850008699939e-05 -1.08362365406029e-05 3.8999775735557066e-05 -0.00015775734492524108
leaf_weight=2282 31946 770631 89679 329003 63999 584901 51508
leaf_count=2282 31946 770631 89679 329003 63999 584901 51508
internal_value=-5.29829e-07 1.00642e-05 -8.81787e-05 -3.5451e-06 -5.92062e-05 3.4325e-05 -0.00017095
internal_weight=1.92395e+06 1.71648e+06 207468 1.09963e+06 153678 616847 53790
internal_count=1923949 1716481 207468 1099634 153678 616847 53790
is_linear=0
shrinkage=0.00720685


Tree=102
num_leaves=8
num_cat=0
split_feature=0 19 0 6 8 23 23
split_gain=33.0455 10.5016 9.01342 7.52376 4.88062 4.62366 4.40899
threshold=-0.85901182889938343 -0.39375743269920344 -3.2420768737792964 inf -0.57283169031143177 0.13366379588842395 -0.25528471171855921
decision_type=2 8 2 8 10 8 8
left_child=2 4 6 -3 -2 -4 -1
right_child=1 3 5 -5 -6 -7 -8
leaf_value=-0.0002951401675852869 4.8780340746131073e-06 -1.5977123339385465e-06 -9.5511773008880038e-05 -0.00040471929109117915 4.8454316895147046e-05 -1.9468956338044411e-05 -0.00013069335605252002
leaf_weight=12708 195292 1096933 96769 2409 421885 72755 25389
leaf_count=12708 195292 1096933 96769 2409 421885 72755 25389
internal_value=4.87702e-07 1.08748e-05 -8.53881e-05 -2.48145e-06 3.46656e-05 -6.28767e-05 -0.000185554
internal_weight=1.92414e+06 1.71652e+06 207621 1.09934e+06 617177 169524 38097
internal_count=1924140 1716519 207621 1099342 617177 169524 38097
is_linear=0
shrinkage=0.00720685


Tree=103
num_leaves=8
num_cat=0
split_feature=2 12 8 3 8 17 19
split_gain=16.56 9.87295 9.35504 7.61498 6.97738 6.8264 2.06963
threshold=0.17193234711885455 inf -0.78980758786201466 1.3858737945556643 -0.86179551482200611 -0.13761319220066068 0.82106724381446849
decision_type=2 8 8 8 10 2 10
left_child=2 4 5 -4 -2 -1 -3
right_child=1 6 3 -5 -6 -7 -8
leaf_value=-0.00010582796973398261 -2.4323284972410226e-05 -0.001136876052076616 -2.679690892075582e-06 -7.8810927962967209e-05 3.1712129415239353e-05 -1.8215890925594964e-05 -0.00040755137586785418
leaf_weight=101606 135897 404 759779 74972 765685 84694 407
leaf_count=101606 135897 404 759779 74972 765685 84694 407
internal_value=5.66297e-08 2.25504e-05 -1.98231e-05 -9.51742e-06 2.32658e-05 -6.5999e-05 -0.000771796
internal_weight=1.92344e+06 902393 1.02105e+06 834751 901582 186300 811
internal_count=1923444 902393 1021051 834751 901582 186300 811
is_linear=0
shrinkage=0.00720685


Tree=104
num_leaves=8
num_cat=0
split_feature=0 0 2 23 23 17 9
split_gain=32.6456 12.3189 7.6071 6.02119 5.34748 4.64018 4.44113
threshold=-1.7345324754714964 -0.050984501838684075 0.42869260907173162 0.015236856415867807 -0.25528471171855921 -0.22673843055963513 1.3180012106895449
decision_type=2 2 2 8 8 2 10
left_child=4 3 -3 -2 6 -6 -1
right_child=1 2 -4 -5 5 -7 -8
leaf_value=-0.00022146085618243003 -4.9090963248928082e-05 5.3318733718566771e-06 4.0888958198016231e-05 2.8532248488820285e-06 -0.00014727994523164846 -2.5968066266047011e-05 0.00011204619714694015
leaf_weight=31975 248575 871746 487136 217158 33892 31689 2217
leaf_count=31975 248575 871746 487136 217158 33892 31689 2217
internal_value=1.74459e-07 7.11567e-06 1.80785e-05 -2.48709e-05 -0.000126763 -8.86632e-05 -0.000199833
internal_weight=1.92439e+06 1.82462e+06 1.35888e+06 465733 99773 65581 34192
internal_count=1924388 1824615 1358882 465733 99773 65581 34192
is_linear=0
shrinkage=0.00720685


Tree=105
num_leaves=8
num_cat=0
split_feature=0 0 6 0 8 24 17
split_gain=33.232 10.482 8.51135 6.97356 4.27148 3.86761 2.01113
threshold=-1.3111191391944883 0.37624670565128332 0.65222659707069408 -4.0809838771820059 -0.95342412590980519 -2.0964510440826412 -0.027622518129646775
decision_type=2 2 8 2 8 2 2
left_child=3 2 -2 6 -3 -5 -1
right_child=1 4 -4 5 -6 -7 -8
leaf_value=-0.00025931151894506126 6.1196128822976641e-06 -5.2811870866829997e-05 -3.9357357054843397e-05 0.00027707909831319391 3.2018467422388444e-05 -8.9945297820996062e-05 -9.9898241444135557e-05
leaf_weight=17727 738649 32219 300792 1510 714335 114372 5354
leaf_count=17727 738649 32219 300792 1510 714335 114372 5354
internal_value=-5.96641e-07 7.75598e-06 -7.04045e-06 -0.000107947 2.83574e-05 -8.51603e-05 -0.00022234
internal_weight=1.92496e+06 1.786e+06 1.03944e+06 138963 746554 115882 23081
internal_count=1924958 1785995 1039441 138963 746554 115882 23081
is_linear=0
shrinkage=0.00720685


Tree=106
num_leaves=8
num_cat=0
split_feature=0 0 2 23 23 0 9
split_gain=32.5959 12.1472 7.72533 5.88547 4.89495 4.64089 1.60322
threshold=-1.7345324754714964 -0.066314022988080965 0.37551006674766546 -0.071966420859098421 0.076501064002513899 -4.0809838771820059 -1.5240026116371153
decision_type=2 2 2 8 8 2 10
left_child=4 3 -3 -2 5 -1 -6
right_child=1 2 -4 -5 6 -7 -8
leaf_value=-0.00030239987042671987 -5.3274058068477163e-05 3.3593673694678901e-06 3.8430981329306535e-05 -1.1915333721959161e-06 -0.00011728838185861339 -0.00013916626388217404 -3.3729971092011547e-05
leaf_weight=11648 215859 838449 533950 235784 23356 40518 24374
leaf_count=11648 215859 838449 533950 235784 23356 40518 24374
internal_value=-6.06574e-07 6.33549e-06 1.70045e-05 -2.60841e-05 -0.000127364 -0.00017562 -7.46201e-05
internal_weight=1.92394e+06 1.82404e+06 1.3724e+06 451643 99896 52166 47730
internal_count=1923938 1824042 1372399 451643 99896 52166 47730
is_linear=0
shrinkage=0.00720685


Tree=107
num_leaves=8
num_cat=0
split_feature=0 0 12 3 0 17 17
split_gain=31.145 11.8898 7.1717 6.63553 4.60112 2.33851 2.10725
threshold=-1.7345324754714964 -0.02780252136290073 inf 1.411486089229584 -4.0809838771820059 0.058666164055466659 -0.30507439374923701
decision_type=2 2 8 8 2 2 2
left_child=4 3 -3 -2 6 -6 -1
right_child=1 2 -4 -5 5 -7 -8
leaf_value=-0.00027482403384074131 -1.4348528992570431e-05 1.8425012360277946e-05 -0.00038141914604860569 -9.8297244521146709e-05 -0.00012146777827322392 -3.1531010450065387e-05 -0.00013692223292167347
leaf_weight=12839 433870 1333100 2333 55115 55733 20556 10439
leaf_count=12839 433870 1333100 2333 55115 55733 20556 10439
internal_value=-1.80531e-07 6.59331e-06 1.77262e-05 -2.38109e-05 -0.0001243 -9.72354e-05 -0.000212991
internal_weight=1.92398e+06 1.82442e+06 1.33543e+06 488985 99567 76289 23278
internal_count=1923985 1824418 1335433 488985 99567 76289 23278
is_linear=0
shrinkage=0.00720685


Tree=108
num_leaves=8
num_cat=0
split_feature=6 8 5 23 23 3 24
split_gain=15.4809 10.847 10.9165 8.67137 8.10809 6.35556 2.37386
threshold=1.1465203762054446 -0.88080900907516468 -0.44503200054168696 -1.1486204266548155 -1.6546568274497984 -2.3205885887145992 -0.74055492877960194
decision_type=8 10 8 10 10 10 2
left_child=1 3 -3 -1 6 -6 -2
right_child=4 2 -4 -5 5 -7 -8
leaf_value=-0.00017566452367052469 -8.5185475639293744e-05 -2.3589429443780721e-05 2.4963912875933331e-05 -2.3841698746115714e-05 -0.0004254459193472685 -4.2970232651380139e-05 -0.00032626948062132173
leaf_weight=21512 3008 302617 1171893 212972 2281 202674 7205
leaf_count=21512 3008 302617 1171893 212972 2281 202674 7205
internal_value=5.05344e-07 7.75877e-06 1.49992e-05 -3.7771e-05 -5.71054e-05 -4.7229e-05 -0.000255281
internal_weight=1.92416e+06 1.70899e+06 1.47451e+06 234484 215168 204955 10213
internal_count=1924162 1708994 1474510 234484 215168 204955 10213
is_linear=0
shrinkage=0.00720685


Tree=109
num_leaves=8
num_cat=0
split_feature=1 8 6 23 23 1 3
split_gain=28.3729 9.34572 7.08901 7.05789 6.17542 5.03766 1.95507
threshold=1.3984456658363345 -0.86179551482200611 inf -1.1486204266548155 -1.1486204266548155 1.995536267757416 -0.13682004064321515
decision_type=2 10 8 10 8 2 8
left_child=1 3 -3 -1 6 -6 -2
right_child=4 2 -4 -5 5 -7 -8
leaf_value=-0.00017350196748343739 -7.232919142549059e-05 1.5714679568990106e-05 -0.00037668595330918119 -2.2418202609470991e-05 -5.0495799075898552e-05 -0.00014073734968655146 -0.00031746991543730286
leaf_weight=17315 2143 1530793 2394 221336 92931 49110 8005
leaf_count=17315 2143 1530793 2394 221336 92931 49110 8005
internal_value=4.60572e-07 8.57154e-06 1.51017e-05 -3.33806e-05 -9.39695e-05 -8.16973e-05 -0.000265716
internal_weight=1.92403e+06 1.77184e+06 1.53319e+06 238651 152189 142041 10148
internal_count=1924027 1771838 1533187 238651 152189 142041 10148
is_linear=0
shrinkage=0.00720685


Tree=110
num_leaves=8
num_cat=0
split_feature=3 8 2 18 6 21 15
split_gain=15.2576 11.3395 8.51388 7.1536 5.19439 4.94458 4.64385
threshold=1.1833463907241824 -0.89057919383049 0.39060607552528387 2.3763915300369267 -2.7170686721801753 -1.6237435936927793 -1.0308214426040647
decision_type=8 8 2 8 10 10 2
left_child=1 6 -3 4 -2 -5 -1
right_child=3 2 -4 5 -6 -7 -8
leaf_value=-0.00012141522561855735 -0.00037217577802725599 1.2996505277136458e-06 3.7027114129709145e-05 0.00028631940255361695 -3.8268455576049575e-05 -0.00019507995450220288 -2.7016623157030392e-05
leaf_weight=31300 2453 941937 547960 1161 173913 23986 200117
leaf_count=31300 2453 941937 547960 1161 173913 23986 200117
internal_value=2.03451e-07 7.14957e-06 1.44397e-05 -5.91295e-05 -4.29147e-05 -0.000172844 -3.97849e-05
internal_weight=1.92283e+06 1.72131e+06 1.4899e+06 201513 176366 25147 231417
internal_count=1922827 1721314 1489897 201513 176366 25147 231417
is_linear=0
shrinkage=0.00720685


Tree=111
num_leaves=8
num_cat=0
split_feature=0 0 6 0 24 25 9
split_gain=30.1285 9.4252 7.91899 7.84936 4.43956 3.91826 2.42127
threshold=-1.075512111186981 0.37624670565128332 0.63118845224380504 -4.0809838771820059 -2.413931012153625 0.23987779766321185 -4.0542285442352286
decision_type=2 2 8 2 2 10 8
left_child=3 2 -2 6 -5 -3 -1
right_child=1 5 -4 4 -6 -7 -8
leaf_value=-0.00051673407456500925 7.4036200000342077e-06 1.874530890382735e-05 -3.6947718509346533e-05 0.00044142006678059281 -7.5546203542791086e-05 5.710509267308879e-05 -0.00019758726988161645
leaf_weight=1309 712360 562768 295971 867 145461 183368 21652
leaf_count=1309 712360 562768 295971 867 145461 183368 21652
internal_value=-1.05025e-07 8.75432e-06 -5.61463e-06 -9.19206e-05 -7.24802e-05 2.81726e-05 -0.000215803
internal_weight=1.92376e+06 1.75447e+06 1.00833e+06 169289 146328 746136 22961
internal_count=1923756 1754467 1008331 169289 146328 746136 22961
is_linear=0
shrinkage=0.00720685


Tree=112
num_leaves=8
num_cat=0
split_feature=0 25 0 17 9 12 23
split_gain=30.426 9.99879 8.83373 5.50721 5.05222 4.02946 1.71011
threshold=-1.3796496987342832 0.1320094168186188 -0.058724906295537942 0.058666164055466659 -4.0542285442352286 1.0232952833175661 -1.1486204266548155
decision_type=2 8 2 2 8 8 8
left_child=3 2 -2 4 -1 -3 -5
right_child=1 5 -4 6 -6 -7 -8
leaf_value=-0.00040837133058560927 -4.1713110976385598e-05 3.5612328743177609e-05 5.9322578027337516e-06 -0.00027623229986294416 -0.00012375836202569622 -2.6858775207154439e-05 -1.7201608629495757e-05
leaf_weight=3355 263629 604260 866145 1378 93516 58848 33104
leaf_count=3355 263629 604260 866145 1378 93516 58848 33104
internal_value=9.63673e-08 7.85321e-06 -5.18563e-06 -0.000105778 -0.00013362 3.00682e-05 -2.75612e-05
internal_weight=1.92424e+06 1.79288e+06 1.12977e+06 131353 96871 663108 34482
internal_count=1924235 1792882 1129774 131353 96871 663108 34482
is_linear=0
shrinkage=0.00720685


Tree=113
num_leaves=8
num_cat=0
split_feature=1 25 3 6 8 1 25
split_gain=27.9639 9.65977 8.50058 6.50839 4.15029 3.40594 2.92408
threshold=1.3675912618637087 0.12890925258398059 -0.24802228063344953 0.86124923825263988 -0.45711556077003473 2.263502955436707 0.089967809617519393
decision_type=2 10 8 8 10 2 8
left_child=1 2 -1 6 -3 -5 -2
right_child=3 4 -4 5 -6 -7 -8
leaf_value=2.0321483083108608e-05 -9.5527734987622639e-05 8.8944353927849289e-06 -2.0186910390352937e-05 -0.00012567969807745257 4.6200451653534544e-05 -0.0002651610012056915 -2.021299477617395e-05
leaf_weight=445412 54962 262408 679561 40751 378006 11706 52209
leaf_count=445412 54962 262408 679561 40751 378006 11706 52209
internal_value=3.11409e-07 8.57109e-06 -4.14834e-06 -9.10349e-05 3.09145e-05 -0.00015681 -5.88384e-05
internal_weight=1.92502e+06 1.76539e+06 1.12497e+06 159628 640414 52457 107171
internal_count=1925015 1765387 1124973 159628 640414 52457 107171
is_linear=0
shrinkage=0.00720685


Tree=114
num_leaves=8
num_cat=0
split_feature=0 25 4 0 8 17 17
split_gain=29.4488 9.97211 9.60694 6.07124 4.09118 3.51882 1.83303
threshold=-1.3796496987342832 0.1320094168186188 0.41850811243057257 -4.0809838771820059 -0.55256828665733326 0.058666164055466659 0.0083966301754117029
decision_type=2 8 10 2 8 2 2
left_child=3 2 -2 6 -3 -5 -1
right_child=1 4 -4 5 -6 -7 -8
leaf_value=-0.00024302040755178099 -1.9546909256283254e-05 5.9119668379219312e-06 2.5371826358880478e-05 -0.00010684004675302615 4.3393287860911373e-05 -1.52335011591705e-05 -8.4617606513248675e-05
leaf_weight=18244 763089 233271 365865 77826 430210 30243 4793
leaf_count=18244 763089 233271 365865 77826 430210 30243 4793
internal_value=4.15183e-07 8.04159e-06 -4.98987e-06 -0.000103849 3.02154e-05 -8.12046e-05 -0.00021007
internal_weight=1.92354e+06 1.79244e+06 1.12895e+06 131106 663481 108069 23037
internal_count=1923541 1792435 1128954 131106 663481 108069 23037
is_linear=0
shrinkage=0.00720685


Tree=115
num_leaves=8
num_cat=0
split_feature=1 25 3 9 2 6 19
split_gain=27.0479 10.0693 8.39181 5.04929 4.28778 4.07883 1.24818
threshold=1.6126818060874941 0.1320094168186188 -0.16953756660223004 -4.0542285442352286 0.31583088636398321 0.86124923825263988 -0.79761284589767445
decision_type=2 10 8 8 2 8 10
left_child=1 2 -1 6 -3 -5 -2
right_child=3 4 -4 5 -6 -7 -8
leaf_value=1.6872436593084473e-05 -0.00079096026934078237 1.4582781380250844e-05 -2.2303042608343323e-05 -6.9288156281001098e-05 5.2402312927805797e-05 -0.00016465026258660263 -0.00033727605406281983
leaf_weight=488938 351 395417 677557 66778 256835 35779 3068
leaf_count=488938 351 395417 677557 66778 256835 35779 3068
internal_value=2.76081e-07 6.79759e-06 -5.88256e-06 -0.000111644 2.94749e-05 -0.000102559 -0.000384065
internal_weight=1.92472e+06 1.81875e+06 1.1665e+06 105976 652252 102557 3419
internal_count=1924723 1818747 1166495 105976 652252 102557 3419
is_linear=0
shrinkage=0.00720685


Tree=116
num_leaves=8
num_cat=0
split_feature=0 0 6 4 17 23 23
split_gain=28.3552 8.56053 7.94298 5.79521 5.46896 4.69903 4.0534
threshold=-0.85901182889938343 -3.2420768737792964 0.62142717838287365 2.8823671340942387 0.99512243270874035 -1.7254721522331236 -0.25528471171855921
decision_type=2 2 8 8 2 8 8
left_child=1 6 4 -4 -2 -3 -1
right_child=2 5 3 -5 -6 -7 -8
leaf_value=-0.00028311030776404547 2.4659897882804872e-05 -0.00033969253511679826 -1.4661470766572986e-05 -0.00032413543314607779 -1.8887625161528794e-05 -5.2460684977629016e-05 -0.00012483682758355436
leaf_weight=12587 1109750 3011 429495 3165 173155 166141 25299
leaf_count=12587 1109750 3011 429495 3165 173155 166141 25299
internal_value=1.61878e-07 -7.95081e-05 9.77667e-06 -1.69261e-05 1.87822e-05 -5.75756e-05 -0.000177427
internal_weight=1.9226e+06 207038 1.71556e+06 432660 1.2829e+06 169152 37886
internal_count=1922603 207038 1715565 432660 1282905 169152 37886
is_linear=0
shrinkage=0.00720685


Tree=117
num_leaves=8
num_cat=0
split_feature=0 19 0 3 5 9 23
split_gain=28.7681 9.73264 6.82381 6.17212 5.5471 4.97506 4.23221
threshold=-0.85901182889938343 -0.34830620884895319 -3.2420768737792964 -0.093138292431831346 -0.0094281393103301508 1.5042729377746584 -0.25528471171855921
decision_type=2 8 2 8 10 10 8
left_child=2 4 6 -3 -2 -4 -1
right_child=1 3 5 -5 -6 -7 -8
leaf_value=-0.00027600645577991541 1.7404792100203401e-06 1.4332413032037499e-05 -7.0337687752475563e-05 -2.0984714811164721e-05 4.5043150917278453e-05 0.00010841374670206808 -0.00011468597333262326
leaf_weight=12618 234653 469742 160579 567524 445092 8515 25557
leaf_count=12618 234653 469742 160579 567524 445092 8515 25557
internal_value=-7.82422e-07 8.8992e-06 -8.09845e-05 -4.99078e-06 3.00948e-05 -6.13357e-05 -0.000168013
internal_weight=1.92428e+06 1.71701e+06 207269 1.03727e+06 679745 169094 38175
internal_count=1924280 1717011 207269 1037266 679745 169094 38175
is_linear=0
shrinkage=0.00720685


Tree=118
num_leaves=8
num_cat=0
split_feature=1 19 25 23 23 7 1
split_gain=25.7682 9.49304 7.37887 5.5781 4.8737 3.78885 2.00748
threshold=1.6575289368629458 -0.39375743269920344 0.17645315080881122 -0.93786367774009693 -1.2161045074462888 -0.24948075413703916 2.263502955436707
decision_type=2 8 8 8 10 2 2
left_child=1 4 -3 6 -1 -5 -2
right_child=3 2 -4 5 -6 -7 -8
leaf_value=-5.4302097260910632e-05 -0.00020415473300684222 -1.8464492506794565e-05 2.0919532668309828e-05 1.8916972096739117e-06 3.2447743891400589e-05 -0.00011852138273320841 -0.00042256226166000754
leaf_weight=35563 6641 813817 354801 16736 620636 71784 3261
leaf_count=35563 6641 813817 354801 16736 620636 71784 3261
internal_value=-3.1621e-07 5.81022e-06 -6.50718e-06 -0.000113904 2.77462e-05 -9.57555e-05 -0.000276118
internal_weight=1.92324e+06 1.82482e+06 1.16862e+06 98422 656199 88520 9902
internal_count=1923239 1824817 1168618 98422 656199 88520 9902
is_linear=0
shrinkage=0.00720685


Tree=119
num_leaves=8
num_cat=0
split_feature=1 25 5 1 9 2 3
split_gain=24.2733 9.18295 7.93878 7.47693 4.6031 3.79786 3.45143
threshold=1.2340094447135928 0.1320094168186188 -0.44503200054168696 1.995536267757416 -4.0542285442352286 0.30825376510620123 1.3858737945556643
decision_type=2 10 8 2 8 2 8
left_child=1 2 -1 6 -5 -3 -2
right_child=3 5 -4 4 -6 -7 -8
leaf_value=-3.9487091565116908e-05 -3.496921298253418e-05 1.6296588881059714e-05 6.77507664223318e-06 -0.00046529505641538621 -0.00013459420148872434 5.2616483839470393e-05 -0.0001396011174195003
leaf_weight=248372 124874 368456 858901 2284 50675 251677 18845
leaf_count=248372 124874 368456 858901 2284 50675 251677 18845
internal_value=1.95921e-07 8.83326e-06 -3.60197e-06 -7.56646e-05 -0.000148865 3.10369e-05 -4.869e-05
internal_weight=1.92408e+06 1.72741e+06 1.10727e+06 196678 52959 620133 143719
internal_count=1924084 1727406 1107273 196678 52959 620133 143719
is_linear=0
shrinkage=0.00720685


Tree=120
num_leaves=8
num_cat=0
split_feature=0 0 6 8 17 0 24
split_gain=27.0071 9.98223 7.08312 5.12841 4.92985 4.47284 2.4867
threshold=-1.4506422877311704 0.21797194331884387 0.64178076386451732 -0.86179551482200611 -0.027622518129646775 -4.0809838771820059 -1.4491603374481199
decision_type=2 2 8 8 2 2 2
left_child=4 2 -2 -3 5 -1 -6
right_child=1 3 -4 -5 6 -7 -8
leaf_value=-0.00023488976949224949 2.734211634848697e-06 -3.2726260247076606e-05 -4.3345000101077816e-05 2.7074774059448973e-05 0.00023789301924680937 -0.00010663902774582738 -4.7772726777543071e-05
leaf_weight=17878 544610 81041 254102 920260 1652 67280 37237
leaf_count=17878 544610 81041 254102 920260 1652 67280 37237
internal_value=-1.1158e-08 7.07696e-06 -1.19254e-05 2.22347e-05 -0.000102864 -0.000133566 -3.56315e-05
internal_weight=1.92406e+06 1.80001e+06 798712 1.0013e+06 124047 85158 38889
internal_count=1924060 1800013 798712 1001301 124047 85158 38889
is_linear=0
shrinkage=0.00720685


Tree=121
num_leaves=8
num_cat=0
split_feature=2 12 21 2 19 7 19
split_gain=14.162 8.53121 8.99602 7.47698 5.08996 3.78536 1.70403
threshold=0.16466792672872546 inf inf -1.4025261402130125 -0.34830620884895319 -0.087714761495590196 0.82106724381446849
decision_type=2 8 8 2 8 2 10
left_child=3 2 -2 5 -5 -1 -3
right_child=1 6 -4 4 -6 -7 -8
leaf_value=2.4322452580136245e-05 2.1143884645429591e-05 -0.001047772773726423 0.00056925351164599438 1.2446674425659641e-05 -2.3459803423868348e-05 -8.0447880492423801e-05 -0.00038670466220341035
leaf_weight=20903 908474 404 1557 332385 535241 125102 409
leaf_count=20903 908474 404 1557 332385 535241 125102 409
internal_value=7.9882e-07 2.14226e-05 2.20823e-05 -1.77336e-05 -9.70411e-06 -6.54481e-05 -0.000716072
internal_weight=1.92448e+06 910844 910031 1.01363e+06 867626 146005 813
internal_count=1924475 910844 910031 1013631 867626 146005 813
is_linear=0
shrinkage=0.00720685


Tree=122
num_leaves=8
num_cat=0
split_feature=0 0 2 6 9 23 23
split_gain=27.0138 9.16122 7.75493 8.54837 5.25665 5.20925 4.9512
threshold=-0.46726161241531367 -2.1107227802276607 0.38320240378379827 inf 1.3180012106895449 -0.25528471171855921 -0.12145901471376418
decision_type=2 2 2 8 10 8 8
left_child=1 5 6 -4 -3 -1 -2
right_child=2 4 3 -5 -6 -7 -8
leaf_value=-0.00021295798346418224 -1.6973899733186746e-05 -4.8878927240230203e-05 3.3130065620039895e-05 -0.00071658900485027915 7.9727463088700041e-05 -8.7384519086868516e-05 1.5021444723897591e-05
leaf_weight=25911 488914 219743 602567 790 17847 50801 516669
leaf_count=25911 488914 219743 602567 790 17847 50801 516669
internal_value=-2.16661e-07 -6.13273e-05 1.17212e-05 3.21473e-05 -3.9218e-05 -0.000129802 -5.34653e-07
internal_weight=1.92324e+06 314302 1.60894e+06 603357 237590 76712 1.00558e+06
internal_count=1923242 314302 1608940 603357 237590 76712 1005583
is_linear=0
shrinkage=0.00720685


Tree=123
num_leaves=8
num_cat=0
split_feature=0 19 0 25 9 5 9
split_gain=26.0982 8.87596 7.41392 6.08881 5.24204 4.70027 1.98747
threshold=-0.85901182889938343 -0.39375743269920344 -4.0809838771820059 0.17645315080881122 1.0849074721336367 -0.0094281393103301508 -4.0542285442352286
decision_type=2 8 2 8 10 10 8
left_child=2 5 6 -3 -4 -2 -1
right_child=1 3 4 -5 -6 -7 -8
leaf_value=-0.00047112795579821217 3.6684731955264106e-06 -1.4189075591681827e-05 -7.3297117872062493e-05 2.2879646029557072e-05 6.0321209819728575e-05 4.5498278002106114e-05 -0.00018171882440961326
leaf_weight=1306 213200 770481 167710 328176 16774 403737 21795
leaf_count=1306 213200 770481 167710 328176 16774 403737 21795
internal_value=-6.74095e-08 9.16748e-06 -7.63893e-05 -3.11637e-06 -6.11476e-05 3.10429e-05 -0.0001981
internal_weight=1.92318e+06 1.71559e+06 207585 1.09866e+06 184484 616937 23101
internal_count=1923179 1715594 207585 1098657 184484 616937 23101
is_linear=0
shrinkage=0.00720685


Tree=124
num_leaves=8
num_cat=0
split_feature=1 25 3 9 3 8 1
split_gain=24.814 9.6297 8.95067 6.60681 4.01165 3.82851 1.35905
threshold=1.536126494407654 0.1320094168186188 -0.21355229616165158 -4.0542285442352286 1.1184422969818117 -0.45711556077003473 1.9249535799026491
decision_type=2 10 8 8 8 10 2
left_child=1 2 -1 6 -5 -3 -2
right_child=3 5 -4 4 -6 -7 -8
leaf_value=1.8728488749215484e-05 -0.00019407293967846625 8.3532586613501846e-06 -2.2104360417234571e-05 -6.4599210630401625e-05 -0.00015943031427372281 4.391463390874618e-05 -0.00049403341793298971
leaf_weight=468783 1140 268873 688069 85070 31843 378728 2530
leaf_count=468783 1140 268873 688069 85070 31843 378728 2530
internal_value=2.09713e-07 6.89849e-06 -5.55793e-06 -9.9883e-05 -9.04292e-05 2.91502e-05 -0.000400939
internal_weight=1.92504e+06 1.80445e+06 1.15685e+06 120583 116913 647601 3670
internal_count=1925036 1804453 1156852 120583 116913 647601 3670
is_linear=0
shrinkage=0.00720685


Tree=125
num_leaves=8
num_cat=0
split_feature=0 0 6 17 19 23 23
split_gain=25.4152 10.1165 7.58674 4.51365 3.60085 3.54965 1.75226
threshold=-1.6301528811454771 0.31658473610877996 0.60054570436477672 0.0083966301754117029 -0.53228262066841114 0.16788984090089801 -1.1486204266548155
decision_type=2 2 8 2 8 10 8
left_child=3 2 -2 5 -3 -1 -5
right_child=1 4 -4 6 -6 -7 -8
leaf_value=-0.00016478540637174455 4.8371763232388885e-06 4.771445820935926e-05 -3.8275233425225833e-05 -0.00030940070387891548 1.5298947250502654e-05 -5.4445299975959245e-05 -2.1247843716785776e-05
leaf_weight=57525 661256 255397 312045 1138 587250 20556 29147
leaf_count=57525 661256 255397 312045 1138 587250 20556 29147
internal_value=4.44323e-07 6.84243e-06 -8.98487e-06 -0.000106771 2.51238e-05 -0.000135738 -3.20857e-05
internal_weight=1.92431e+06 1.81595e+06 973301 108366 842647 78081 30285
internal_count=1924314 1815948 973301 108366 842647 78081 30285
is_linear=0
shrinkage=0.00720685


Tree=126
num_leaves=8
num_cat=0
split_feature=0 0 25 23 0 9 25
split_gain=25.9344 9.15584 6.45997 6.1893 4.41263 3.59826 2.22696
threshold=-1.3111191391944883 0.37624670565128332 0.1320094168186188 -0.25528471171855921 -4.0809838771820059 0.11295098438858987 0.081865645945072188
decision_type=2 2 8 8 2 8 8
left_child=3 2 -2 4 -1 -3 -5
right_child=1 5 -4 6 -6 -7 -8
leaf_value=-0.00031980332267787413 -2.0423278308222988e-05 4.595938923330858e-05 1.6894896100647408e-05 -0.00010294820431629749 -0.00013120092578172436 1.3569609880479367e-05 -3.0302394832326599e-05
leaf_weight=7661 658509 293848 379923 37159 40538 452422 53437
leaf_count=7661 658509 293848 379923 37159 40538 452422 53437
internal_value=-3.11812e-07 7.06795e-06 -6.76994e-06 -9.52044e-05 -0.000161185 2.63233e-05 -6.01e-05
internal_weight=1.9235e+06 1.7847e+06 1.03843e+06 138795 48199 746270 90596
internal_count=1923497 1784702 1038432 138795 48199 746270 90596
is_linear=0
shrinkage=0.00720685


Tree=127
num_leaves=8
num_cat=0
split_feature=0 19 0 6 23 23 23
split_gain=25.7879 9.03708 7.20444 5.8264 4.87217 4.60848 4.56968
threshold=-0.85901182889938343 -0.39375743269920344 -2.6579675674438472 inf -1.7254721522331236 -0.25528471171855921 -1.2161045074462888
decision_type=2 8 2 8 8 8 10
left_child=2 6 5 -3 -4 -1 -2
right_child=1 3 4 -5 -6 -7 -8
leaf_value=-0.00024152076285340133 -5.2942636079735361e-05 -2.650511793017333e-06 -0.00035000144288240231 -0.00035798695146314511 -4.5417179467227526e-05 -0.00010038827386637535 3.5602287523750904e-05
leaf_weight=18086 31921 1095953 2777 2401 151003 35819 585856
leaf_count=18086 31921 1095953 2777 2401 151003 35819 585856
internal_value=-2.03631e-07 8.97544e-06 -7.60514e-05 -3.42761e-06 -5.09197e-05 -0.000147744 3.1027e-05
internal_weight=1.92382e+06 1.71613e+06 207685 1.09835e+06 153780 53905 617777
internal_count=1923816 1716131 207685 1098354 153780 53905 617777
is_linear=0
shrinkage=0.00720685


Tree=128
num_leaves=8
num_cat=0
split_feature=1 23 2 3 1 23 3
split_gain=23.077 8.63534 7.22835 7.88708 5.5016 4.45677 4.45248
threshold=0.9972275197505952 -0.25528471171855921 0.44496165215969091 inf 2.1620992422103886 -0.12145901471376418 1.1338296532630923
decision_type=2 8 2 8 2 8 8
left_child=2 4 5 -4 -2 -1 -3
right_child=1 6 3 -5 -6 -7 -8
leaf_value=-1.5270209893714257e-05 -9.4568582008877758e-05 -1.3335136869304012e-05 3.2614138694059468e-05 -0.00067343802927603163 -0.00025623400064491114 1.3964672929766682e-05 -0.00010114173557241498
leaf_weight=528591 82861 145837 560096 822 12595 555421 37760
leaf_count=528591 82861 145837 560096 822 12595 555421 37760
internal_value=2.96106e-07 -6.03027e-05 1.05764e-05 3.15783e-05 -0.000115902 -2.90954e-07 -3.13947e-05
internal_weight=1.92398e+06 279053 1.64493e+06 560918 95456 1.08401e+06 183597
internal_count=1923983 279053 1644930 560918 95456 1084012 183597
is_linear=0
shrinkage=0.00720685


Tree=129
num_leaves=8
num_cat=0
split_feature=1 8 2 23 23 9 9
split_gain=21.9456 8.51212 7.48546 6.93438 6.32326 4.11538 2.54453
threshold=1.4983246326446535 -0.86179551482200611 0.17193234711885455 -0.93786367774009693 -1.1486204266548155 -4.0542285442352286 1.8246328830718996
decision_type=2 10 2 8 10 8 10
left_child=1 4 -3 6 -1 -5 -2
right_child=3 2 -4 5 -6 -7 -8
leaf_value=-0.00016291177329862198 -0.00027528662769742764 -2.5311502463233622e-06 2.9170473731115141e-05 -0.00032131876618447271 -2.2621857509332095e-05 -6.5960802336322651e-05 0.00018120527161733329
leaf_weight=18008 11968 801655 747637 3375 227357 113080 669
leaf_count=18008 11968 801655 747637 3375 227357 113080 669
internal_value=-7.54821e-09 6.52082e-06 1.2767e-05 -9.07655e-05 -3.29188e-05 -7.33641e-05 -0.000251106
internal_weight=1.92375e+06 1.79466e+06 1.54929e+06 129092 245365 116455 12637
internal_count=1923749 1794657 1549292 129092 245365 116455 12637
is_linear=0
shrinkage=0.00720685


Tree=130
num_leaves=8
num_cat=0
split_feature=0 0 19 6 23 23 2
split_gain=23.935 9.52487 7.64189 5.9992 5.6151 4.77416 4.22433
threshold=-0.40838104486465449 -2.6579675674438472 -0.39375743269920344 inf 0.15462619066238406 -0.25528471171855921 0.4766934216022492
decision_type=2 2 8 8 8 8 2
left_child=1 5 6 -4 -3 -1 -2
right_child=2 4 3 -5 -6 -7 -8
leaf_value=-0.00023795560318509262 1.8833014198815186e-05 -6.4764604090860551e-05 8.3383086832241994e-07 -0.00036036839806567197 5.8278102155006598e-07 -9.4433355384227074e-05 5.995890003804609e-05
leaf_weight=18140 380656 168072 1007146 2393 115041 35792 196788
leaf_count=18140 380656 168072 1007146 2393 115041 35792 196788
internal_value=2.2365e-07 -5.4933e-05 1.19379e-05 -2.26697e-08 -3.82111e-05 -0.000142711 3.28485e-05
internal_weight=1.92403e+06 337045 1.58698e+06 1.00954e+06 283113 53932 577444
internal_count=1924028 337045 1586983 1009539 283113 53932 577444
is_linear=0
shrinkage=0.00720685


Tree=131
num_leaves=8
num_cat=0
split_feature=6 2 23 8 23 6 24
split_gain=14.936 11.946 8.72512 5.92044 5.13634 5.7183 1.81316
threshold=1.2645606994628908 0.072770953178405776 -0.10080959647893904 -0.85258123278617848 -1.6546568274497984 1.2645606994628908 -0.91051605343818653
decision_type=8 2 8 10 10 10 2
left_child=1 2 -1 -3 6 -6 -2
right_child=4 3 -4 -5 5 -7 -8
leaf_value=-3.8501280812245259e-05 -5.4377391915289059e-05 -1.9681361473718637e-05 8.6830934723038764e-06 3.0975703017179445e-05 -0.00043360235109669279 -5.1081343501394966e-05 -0.00030169776122201128
leaf_weight=397459 2049 140988 417207 798445 2055 159685 6201
leaf_count=397459 2049 140988 417207 798445 2055 159685 6201
internal_value=-3.91659e-07 5.85912e-06 -1.43372e-05 2.33732e-05 -6.48923e-05 -5.59442e-05 -0.000240289
internal_weight=1.92409e+06 1.7541e+06 814666 939433 169990 161740 8250
internal_count=1924089 1754099 814666 939433 169990 161740 8250
is_linear=0
shrinkage=0.00720685


Tree=132
num_leaves=8
num_cat=0
split_feature=4 25 4 12 21 16 15
split_gain=11.0967 8.78259 6.47429 3.73886 9.54763 6.35368 2.73828
threshold=-1.2127760052680967 0.12610607594251635 0.40539143979549414 inf inf 1.2652012109756472 -1.2619768381118772
decision_type=10 10 10 8 8 2 2
left_child=3 2 -2 4 -1 -5 -3
right_child=1 6 -4 5 -6 -7 -8
leaf_value=-5.5137341310578762e-05 -1.8686526017055773e-05 -3.7063307965348116e-05 1.7937751453877732e-05 -0.00069225068277799934 0.00036328351379772572 5.2655868565206943e-05 3.1216200263627791e-05
leaf_weight=179111 712139 32117 386891 1242 2877 1140 607853
leaf_count=179111 712139 32117 386891 1242 2877 1140 607853
internal_value=9.28796e-07 6.56527e-06 -5.79367e-06 -5.22348e-05 -4.85206e-05 -0.000335856 2.77895e-05
internal_weight=1.92337e+06 1.739e+06 1.09903e+06 184370 181988 2382 639970
internal_count=1923370 1739000 1099030 184370 181988 2382 639970
is_linear=0
shrinkage=0.00720685


Tree=133
num_leaves=8
num_cat=0
split_feature=5 6 19 21 9 12 25
split_gain=13.3489 10.4571 8.85752 7.98718 6.2818 5.60924 4.79757
threshold=-0.65152952075004567 1.2645606994628908 -0.34830620884895319 inf 0.049923606216907508 2.945937037467957 0.15352928638458255
decision_type=10 8 8 8 10 8 8
left_child=3 2 -2 6 -5 -3 -1
right_child=1 5 -4 4 -6 -7 -8
leaf_value=-6.1429669872501704e-05 3.5459394324205748e-05 -6.0858729002683509e-05 -5.7296736772530018e-07 5.4539042115085935e-05 0.00055225023774717341 -0.00060400266151676223 -3.9097959281207868e-06
leaf_weight=244860 591987 86876 882655 3855 2000 998 108771
leaf_count=244860 591987 86876 882655 3855 2000 998 108771
internal_value=2.30726e-07 9.34079e-06 1.3892e-05 -3.93663e-05 0.000224617 -6.7034e-05 -4.37376e-05
internal_weight=1.922e+06 1.56252e+06 1.47464e+06 359486 5855 87874 353631
internal_count=1922002 1562516 1474642 359486 5855 87874 353631
is_linear=0
shrinkage=0.00720685


Tree=134
num_leaves=8
num_cat=0
split_feature=1 25 3 23 2 23 3
split_gain=22.2115 9.01416 7.86354 5.77303 4.27757 3.48802 2.45336
threshold=1.6575289368629458 0.12610607594251635 -0.16953756660223004 -0.25528471171855921 0.16466792672872546 -1.7254721522331236 1.1338296532630923
decision_type=2 10 8 8 2 10 8
left_child=1 2 -1 5 -3 -2 -5
right_child=3 4 -4 6 -6 -7 -8
leaf_value=1.5024247434225189e-05 -0.00049096076607441335 8.6081676917174757e-06 -2.3069332337404662e-05 -4.1061625341403279e-05 4.509442838141675e-05 -0.00016572152513947986 -0.00014279642695801261
leaf_weight=483774 1811 348082 672982 48790 320609 31376 16467
leaf_count=483774 1811 348082 672982 48790 320609 31376 16467
internal_value=-6.48315e-07 5.03832e-06 -7.13796e-06 -0.000106095 2.61019e-05 -0.000183484 -6.67356e-05
internal_weight=1.92389e+06 1.82545e+06 1.15676e+06 98444 668691 33187 65257
internal_count=1923891 1825447 1156756 98444 668691 33187 65257
is_linear=0
shrinkage=0.00720685


Tree=135
num_leaves=8
num_cat=0
split_feature=1 19 25 23 6 23 9
split_gain=20.597 8.86564 6.66504 5.57688 6.09765 4.77966 4.45915
threshold=1.4628158211708071 -0.38887093961238856 0.17645315080881122 -0.25528471171855921 1.2435476779937746 -1.2161045074462888 1.2894613146781924
decision_type=2 8 8 8 8 10 10
left_child=1 5 -3 6 -5 -1 -2
right_child=3 2 -4 4 -6 -7 -8
leaf_value=-5.4251977203142467e-05 -0.00016838446116714635 -1.6904468761784177e-05 2.1128761344626742e-05 -2.4490559977260272e-05 -0.00017830608423537324 3.2564613038071514e-05 0.00011931103970379542
leaf_weight=34794 43039 792697 342804 74177 16333 616744 2992
leaf_count=34794 43039 792697 342804 74177 16333 616744 2992
internal_value=2.18305e-07 6.73698e-06 -5.42233e-06 -8.50969e-05 -5.22492e-05 2.79282e-05 -0.000149682
internal_weight=1.92358e+06 1.78704e+06 1.1355e+06 136541 90510 651538 46031
internal_count=1923580 1787039 1135501 136541 90510 651538 46031
is_linear=0
shrinkage=0.00720685


Tree=136
num_leaves=8
num_cat=0
split_feature=0 0 2 12 23 23 23
split_gain=24.9457 8.57196 7.47891 7.4978 5.83368 4.88588 4.22285
threshold=-0.48756405711174006 -2.6579675674438472 0.43699628114700323 inf 0.15462619066238406 -0.12145901471376418 -0.25528471171855921
decision_type=2 2 2 8 8 8 8
left_child=1 6 5 -4 -3 -2 -1
right_child=2 4 3 -5 -6 -7 -8
leaf_value=-0.00023184335764530928 -1.5765797820226248e-05 -7.0726726399864792e-05 3.3714839975462032e-05 -0.00067842282457803761 -3.22527909843196e-07 1.5196929228179417e-05 -9.6655640537820852e-05
leaf_weight=18095 515606 149582 557042 768 103371 543954 35644
leaf_count=18095 515606 149582 557042 768 103371 543954 35644
internal_value=7.41888e-08 -5.95176e-05 1.13743e-05 3.27332e-05 -4.19558e-05 1.29737e-07 -0.00014218
internal_weight=1.92406e+06 306692 1.61737e+06 557810 252953 1.05956e+06 53739
internal_count=1924062 306692 1617370 557810 252953 1059560 53739
is_linear=0
shrinkage=0.00720685


Tree=137
num_leaves=8
num_cat=0
split_feature=6 8 23 25 23 4 24
split_gain=13.2612 9.88381 7.74243 6.72935 4.92561 5.0923 1.80414
threshold=1.2645606994628908 -0.88080900907516468 -0.32959587872028345 0.12890925258398059 -1.6546568274497984 2.4051022529602055 -0.75318905711174
decision_type=8 10 10 8 10 8 2
left_child=1 2 -1 -3 6 -6 -2
right_child=4 3 -4 -5 5 -7 -8
leaf_value=-9.1673309898152741e-05 -6.9221200393893137e-05 1.174484470272296e-06 -6.6982104364084095e-06 3.2780224098511938e-05 -4.7176284369986879e-05 -0.0003828850271754796 -0.00030313081752234125
leaf_weight=86198 2442 959379 157355 550754 159357 2381 5741
leaf_count=86198 2442 959379 157355 550754 159357 2381 5741
internal_value=-5.98698e-08 5.83027e-06 -3.67728e-05 1.27013e-05 -6.08495e-05 -5.21207e-05 -0.000233346
internal_weight=1.92361e+06 1.75369e+06 243553 1.51013e+06 169921 161738 8183
internal_count=1923607 1753686 243553 1510133 169921 161738 8183
is_linear=0
shrinkage=0.00720685


Tree=138
num_leaves=8
num_cat=0
split_feature=0 0 8 23 3 23 17
split_gain=23.4114 8.46585 6.46799 5.9752 5.67546 3.87234 3.19887
threshold=-0.46726161241531367 -2.6579675674438472 -0.86179551482200611 0.15462619066238406 inf -0.25528471171855921 -1.0493627190589903
decision_type=2 2 8 8 8 8 2
left_child=1 5 6 -3 -4 -1 -2
right_child=2 3 4 -5 -6 -7 -8
leaf_value=-0.00022598434423824369 -0.0001044061392670629 -6.8646115258987799e-05 1.7043010753999429e-05 1.630004714817033e-06 -0.00031666908997098845 -9.6160327292972984e-05 -1.66303730735168e-05
leaf_weight=17889 24614 154297 1408476 106012 2651 35851 174023
leaf_count=17889 24614 154297 1408476 106012 2651 35851 174023
internal_value=-1.08507e-07 -5.70277e-05 1.09959e-05 -4.00259e-05 1.64159e-05 -0.00013938 -2.75076e-05
internal_weight=1.92381e+06 314049 1.60976e+06 260309 1.41113e+06 53740 198637
internal_count=1923813 314049 1609764 260309 1411127 53740 198637
is_linear=0
shrinkage=0.00720685


Tree=139
num_leaves=8
num_cat=0
split_feature=0 0 19 9 12 8 9
split_gain=20.8425 8.04916 7.41916 6.59528 5.34123 4.06525 2.59137
threshold=-0.46726161241531367 -3.6367249488830562 -0.34830620884895319 1.2096272706985476 inf 0.39407540857791906 -4.0542285442352286
decision_type=2 2 8 10 8 10 8
left_child=1 6 5 -3 -4 -2 -1
right_child=2 3 4 -5 -6 -7 -8
leaf_value=-0.00045291926002226254 1.9768209778867842e-05 -5.2198685237150331e-05 -1.24767968376012e-06 7.3276607033295654e-05 -0.00034294052985926656 6.3236904610427665e-05 -0.00014965570154646204
leaf_weight=1541 499425 259931 964320 23744 2381 143954 28893
leaf_count=1541 499425 259931 964320 23744 2381 143954 28893
internal_value=5.46927e-08 -5.36459e-05 1.05311e-05 -4.16959e-05 -2.08964e-06 2.94943e-05 -0.000165026
internal_weight=1.92419e+06 314109 1.61008e+06 283675 966701 643379 30434
internal_count=1924189 314109 1610080 283675 966701 643379 30434
is_linear=0
shrinkage=0.00720685


Tree=140
num_leaves=8
num_cat=0
split_feature=0 0 3 0 24 25 25
split_gain=21.6516 8.94801 6.78022 4.42235 3.70812 3.40963 1.64338
threshold=-1.5339450240135191 0.36240833997726446 -0.48184725642204279 -4.5778088569641104 -1.2935146689414976 0.23987779766321185 -0.084994070231914506
decision_type=2 2 8 2 2 8 8
left_child=3 2 -2 6 -5 -3 -1
right_child=1 5 -4 4 -6 -7 -8
leaf_value=-0.00032169637053743852 2.269526464010532e-05 1.6053240307278813e-05 -1.8839168221753314e-05 9.7444024621229112e-05 -8.9180757957767862e-05 5.1246346453607716e-05 -0.00015988303519103578
leaf_weight=4718 279121 577593 759847 5873 94386 190024 10563
leaf_count=4718 279121 577593 759847 5873 94386 190024 10563
internal_value=-1.1432e-08 6.10555e-06 -7.68082e-06 -9.56562e-05 -7.82475e-05 2.47654e-05 -0.000209861
internal_weight=1.92212e+06 1.80658e+06 1.03897e+06 115540 100259 767617 15281
internal_count=1922125 1806585 1038968 115540 100259 767617 15281
is_linear=0
shrinkage=0.00720685


Tree=141
num_leaves=8
num_cat=0
split_feature=0 6 2 0 23 0 7
split_gain=23.0477 8.96874 7.9977 5.31576 4.44479 3.98283 2.75832
threshold=-1.7345324754714964 0.62142717838287365 0.4766934216022492 -0.066314022988080965 -1.2546242475509641 -4.0809838771820059 -0.317711591720581
decision_type=2 8 2 2 8 2 2
left_child=4 2 -2 -3 6 -6 -1
right_child=1 3 -4 -5 5 -7 -8
leaf_value=2.3092589137872613e-05 2.804419073156684e-06 -5.3297604643655939e-05 4.0068600137599301e-05 -3.1516463197846858e-06 -0.0001809127501317962 -6.9858943749418357e-05 -0.00039293183721934139
leaf_weight=1030 899226 171323 448258 305725 21816 72573 4210
leaf_count=1030 899226 171323 448258 305725 21816 72573 4210
internal_value=-1.34871e-07 5.69362e-06 1.52009e-05 -2.11608e-05 -0.000106873 -9.55285e-05 -0.000311162
internal_weight=1.92416e+06 1.82453e+06 1.34748e+06 477048 99629 94389 5240
internal_count=1924161 1824532 1347484 477048 99629 94389 5240
is_linear=0
shrinkage=0.00720685


Tree=142
num_leaves=8
num_cat=0
split_feature=1 25 23 5 1 2 4
split_gain=20.399 8.28174 7.17337 6.52928 5.39837 3.35817 1.64177
threshold=1.2340094447135928 0.1320094168186188 -1.7254721522331236 -0.46109831333160395 1.995536267757416 0.20109085738658908 0.010395714547485115
decision_type=2 10 8 8 2 2 8
left_child=1 3 6 -1 -4 -3 -2
right_child=2 5 4 -5 -6 -7 -8
leaf_value=-3.7499973479694493e-05 -0.0005006925753528609 1.2549280127157964e-05 -4.1443764089135357e-05 4.7017321662528768e-06 -0.00012749279439081218 4.6153737387370718e-05 -0.00015467030931982817
leaf_weight=244283 2397 329856 141196 863443 51745 290468 1015
leaf_count=244283 2397 329856 141196 863443 51745 290468 1015
internal_value=-7.07766e-07 7.20162e-06 -7.0316e-05 -4.60487e-06 -6.4522e-05 2.82847e-05 -0.000397837
internal_weight=1.9244e+06 1.72805e+06 196353 1.10773e+06 192941 620324 3412
internal_count=1924403 1728050 196353 1107726 192941 620324 3412
is_linear=0
shrinkage=0.00720685


Tree=143
num_leaves=8
num_cat=0
split_feature=6 5 19 23 3 21 6
split_gain=12.4082 8.91432 7.45259 7.20577 6.75512 4.13981 2.29939
threshold=0.68561649322509777 -0.44503200054168696 -0.34830620884895319 -1.6546568274497984 -2.7683007717132564 inf 1.045076370239258
decision_type=8 10 8 10 10 8 10
left_child=1 5 -3 6 -5 -1 -2
right_child=3 2 -4 4 -6 -7 -8
leaf_value=-2.94535725152695e-05 -7.9531653437446358e-05 4.0942657828045097e-05 3.9877704533187042e-06 -0.0004086844681582868 -2.4196695359328145e-05 0.00042484379697291735 -0.00022960985745998415
leaf_weight=263729 9703 468618 717257 2385 449521 1045 11696
leaf_count=263729 9703 468618 717257 2385 449521 1045 11696
internal_value=-3.04703e-07 1.01495e-05 1.85911e-05 -3.23462e-05 -2.62268e-05 -2.7659e-05 -0.000161567
internal_weight=1.92395e+06 1.45065e+06 1.18588e+06 473305 451906 264774 21399
internal_count=1923954 1450649 1185875 473305 451906 264774 21399
is_linear=0
shrinkage=0.00720685


Tree=144
num_leaves=8
num_cat=0
split_feature=8 5 23 12 21 15 4
split_gain=12.5968 12.3261 10.831 8.45535 7.45156 5.00383 2.54383
threshold=-0.86179551482200611 -0.65152952075004567 -1.1486204266548155 inf inf -1.0308214426040647 0.15838186442852023
decision_type=8 8 10 8 8 2 10
left_child=2 4 6 -3 -2 -4 -1
right_child=1 3 5 -5 -6 -7 -8
leaf_value=-0.00022674801508432645 -3.7034556138803979e-05 1.7841204274271774e-05 -0.00011262420534526271 -0.00063508482152712482 0.00022432163605709657 -1.819729894605342e-05 -6.6141978056275918e-05
leaf_weight=19191 317311 1310570 33381 1030 5768 229801 6989
leaf_count=19191 317311 1310570 33381 1030 5768 229801 6989
internal_value=-2.5234e-07 7.50605e-06 -4.40814e-05 1.7328e-05 -3.23678e-05 -3.01745e-05 -0.000183878
internal_weight=1.92404e+06 1.63468e+06 289362 1.3116e+06 323079 263182 26180
internal_count=1924041 1634679 289362 1311600 323079 263182 26180
is_linear=0
shrinkage=0.00720685


Tree=145
num_leaves=8
num_cat=0
split_feature=6 5 21 19 23 4 19
split_gain=12.8953 9.26846 10.0039 8.46108 4.34446 4.65871 2.07027
threshold=1.2645606994628908 -0.60946801304817189 inf -0.34830620884895319 -1.6546568274497984 1.8113935589790346 3.3644148111343388
decision_type=8 8 8 8 10 8 10
left_child=1 2 -1 -3 6 -6 -2
right_child=4 3 -4 -5 5 -7 -8
leaf_value=-3.3913831264747648e-05 -0.00024393938118057789 3.5065681352621937e-05 0.00051419136759906804 -2.9510258080366404e-07 -4.6010881720773103e-05 -0.00034445251840243364 0.00038474921413407271
leaf_weight=289509 7823 586557 1739 876857 159035 2763 281
leaf_count=289509 7823 586557 1739 876857 159035 2763 281
internal_value=6.83773e-07 6.48873e-06 -3.06394e-05 1.3878e-05 -5.92665e-05 -5.11095e-05 -0.000222095
internal_weight=1.92456e+06 1.75466e+06 291248 1.46341e+06 169902 161798 8104
internal_count=1924564 1754662 291248 1463414 169902 161798 8104
is_linear=0
shrinkage=0.00720685


Tree=146
num_leaves=8
num_cat=0
split_feature=0 0 19 7 25 8 17
split_gain=21.7856 8.69464 7.73463 4.25691 4.22296 4.19727 2.29274
threshold=-0.46726161241531367 -3.2420768737792964 -0.34830620884895319 -0.24366361647844312 0.17645315080881122 0.37973712384700781 -0.2184471786022186
decision_type=2 2 8 2 8 10 2
left_child=1 6 5 -3 -4 -2 -1
right_child=2 3 4 -5 -6 -7 -8
leaf_value=-0.00020417227161807389 2.0001386889932035e-05 6.1056748796550545e-06 -1.2026785087282968e-05 -5.7884744351840436e-05 2.0964902061849101e-05 6.3899838974232988e-05 -9.1307539116316678e-05
leaf_weight=22194 496600 73623 680163 202524 286345 146498 16157
leaf_count=22194 496600 73623 680163 202524 286345 146498 16157
internal_value=-8.49713e-08 -5.49463e-05 1.06343e-05 -4.08243e-05 -2.25238e-06 3.00016e-05 -0.000156627
internal_weight=1.9241e+06 314498 1.60961e+06 276147 966508 643098 38351
internal_count=1924104 314498 1609606 276147 966508 643098 38351
is_linear=0
shrinkage=0.00720685


Tree=147
num_leaves=8
num_cat=0
split_feature=0 0 6 21 0 9 5
split_gain=21.1534 7.81397 6.12173 8.86412 7.17972 5.18665 2.20546
threshold=-0.46726161241531367 -4.0809838771820059 inf inf 0.026029667817056183 1.7390470504760744 -2.5356611013412471
decision_type=2 2 8 8 2 10 8
left_child=1 6 3 -2 -4 -3 -1
right_child=2 5 4 -5 -6 -7 -8
leaf_value=-0.00035446220122510022 1.0230074249733718e-05 -4.9590734756243137e-05 8.5000007354293762e-05 0.00032534477121882213 -0.0007011384154936895 0.00011991914638127706 -0.00015288982640836822
leaf_weight=3286 1603063 280996 1090 4649 1350 9698 19860
leaf_count=3286 1603063 280996 1090 4649 1350 9698 19860
internal_value=4.38745e-08 -5.40829e-05 1.05939e-05 1.11415e-05 -0.000350046 -4.39352e-05 -0.000181521
internal_weight=1.92399e+06 313840 1.61015e+06 1.60771e+06 2440 290694 23146
internal_count=1923992 313840 1610152 1607712 2440 290694 23146
is_linear=0
shrinkage=0.00720685


Tree=148
num_leaves=8
num_cat=0
split_feature=6 2 23 8 23 4 24
split_gain=13.1292 10.1874 8.32078 4.65819 4.17395 4.367 1.54238
threshold=1.2645606994628908 0.13667105138301852 -0.10080959647893904 -0.85258123278617848 -1.6546568274497984 1.8113935589790346 -0.99286639690399159
decision_type=8 2 10 10 10 8 2
left_child=1 2 -1 -3 6 -6 -2
right_child=4 3 -4 -5 5 -7 -8
leaf_value=-3.2568204952861544e-05 -3.4042261410412777e-05 -1.5761377421741226e-05 1.1821997593042161e-05 3.0710371257031535e-05 -4.7060967570002032e-05 -0.00033402970663790158 -0.00027287982475363828
leaf_weight=451606 1808 131862 426400 744782 158774 2802 6298
leaf_count=451606 1808 131862 426400 744782 158774 2802 6298
internal_value=4.8753e-07 6.34148e-06 -1.10103e-05 2.37202e-05 -6.00466e-05 -5.20396e-05 -0.000219622
internal_weight=1.92433e+06 1.75465e+06 878006 876644 169682 161576 8106
internal_count=1924332 1754650 878006 876644 169682 161576 8106
is_linear=0
shrinkage=0.00720685


Tree=149
num_leaves=8
num_cat=0
split_feature=6 2 4 21 25 19 9
split_gain=12.2093 10.3916 4.73738 5.20988 4.68879 3.71606 3.53654
threshold=0.60054570436477672 0.42092809081077581 -1.6584131121635435 inf 0.1320094168186188 -0.44841454923152918 -1.5821312665939329
decision_type=8 2 10 8 8 8 8
left_child=1 4 6 -4 -1 -3 -2
right_child=2 5 3 -5 -6 -7 -8
leaf_value=-1.6305165975514335e-05 -0.00026207626094608758 6.5697591665613304e-05 -2.3793482693779174e-05 0.00036748836259769033 1.7735376429910482e-05 2.3761222991789718e-05 -7.3689980803498496e-05
leaf_weight=558125 5834 164085 479963 1773 337099 331414 45840
leaf_count=558125 5834 164085 479963 1773 337099 331414 45840
internal_value=-7.38872e-08 1.11691e-05 -2.9387e-05 -2.23526e-05 -3.48707e-06 3.76486e-05 -9.49637e-05
internal_weight=1.92413e+06 1.39072e+06 533410 481736 895224 495499 51674
internal_count=1924133 1390723 533410 481736 895224 495499 51674
is_linear=0
shrinkage=0.00720685


Tree=150
num_leaves=8
num_cat=0
split_feature=1 19 1 8 8 3 9
split_gain=17.6018 6.76907 6.47558 4.50806 4.40618 3.51942 3.29435
threshold=0.97764641046524059 -0.34830620884895319 2.0726987123489384 0.3659296333789826 -0.89057919383049 1.3858737945556643 -4.0542285442352286
decision_type=2 8 2 10 8 8 8
left_child=1 3 5 -1 -3 -2 -4
right_child=2 4 6 -5 -6 -7 -8
leaf_value=1.6705614374289643e-05 -2.7061761295149524e-05 -4.9370712222233491e-05 -0.00041043630536688317 6.1740498568005228e-05 2.0935894134920886e-06 -0.00011103308198385348 -0.00011771050654560068
leaf_weight=505890 212060 95754 2093 149583 884935 29534 43173
leaf_count=505890 212060 95754 2093 149583 884935 29534 43173
internal_value=-7.6844e-08 9.05279e-06 -5.21494e-05 2.6983e-05 -2.93138e-06 -3.73275e-05 -0.000131254
internal_weight=1.92302e+06 1.63616e+06 286860 655473 980689 241594 45266
internal_count=1923022 1636162 286860 655473 980689 241594 45266
is_linear=0
shrinkage=0.00720685


Tree=151
num_leaves=8
num_cat=0
split_feature=1 8 5 23 9 23 1
split_gain=18.2604 8.91152 6.75731 6.19335 5.99179 5.48847 1.33108
threshold=1.536126494407654 -0.86179551482200611 -0.47761943936347956 -1.1486204266548155 -4.0542285442352286 -1.1167110204696653 1.9249535799026491
decision_type=2 8 8 10 8 8 2
left_child=1 3 -3 -1 6 -6 -2
right_child=4 2 -4 -5 5 -7 -8
leaf_value=-0.0001633077565124165 -0.00016466906050201946 -1.6699994178257473e-05 1.9631827838359467e-05 -2.4738211460317531e-05 -0.00025455867698071297 -6.3557820906780217e-05 -0.00046531994823794862
leaf_weight=18067 1098 340414 1214374 230137 8417 108957 2533
leaf_count=18067 1098 340414 1214374 230137 8417 108957 2533
internal_value=-4.76373e-07 5.27543e-06 1.16771e-05 -3.48255e-05 -8.61786e-05 -7.72568e-05 -0.000374478
internal_weight=1.924e+06 1.80299e+06 1.55479e+06 248204 121005 117374 3631
internal_count=1923997 1802992 1554788 248204 121005 117374 3631
is_linear=0
shrinkage=0.00720685


Tree=152
num_leaves=8
num_cat=0
split_feature=0 6 5 0 9 23 5
split_gain=20.459 9.23085 5.76287 5.4066 3.84438 3.41983 0.81028
threshold=-2.1107227802276607 0.59035843610763561 -0.44503200054168696 -0.066314022988080965 -4.0542285442352286 -0.25528471171855921 0.98959949612617504
decision_type=2 8 10 2 8 8 10
left_child=4 2 -2 -3 6 -6 -1
right_child=1 3 -4 -5 5 -7 -8
leaf_value=-0.00032782267769462353 -1.8680303653941812e-05 -5.2839570613785314e-05 2.0826454721678138e-05 -4.1255689885961821e-06 -0.00017497543287051952 -7.1249215638949197e-05 -0.00067106552614423667
leaf_weight=2323 231885 187327 1108584 321293 24944 48828 423
leaf_count=2323 231885 187327 1108584 321293 24944 48828 423
internal_value=-7.05177e-07 4.0735e-06 1.39922e-05 -2.20673e-05 -0.000116183 -0.000106324 -0.000380918
internal_weight=1.92561e+06 1.84909e+06 1.34047e+06 508620 76518 73772 2746
internal_count=1925607 1849089 1340469 508620 76518 73772 2746
is_linear=0
shrinkage=0.00720685


Tree=153
num_leaves=8
num_cat=0
split_feature=0 1 0 23 4 9 9
split_gain=20.1868 7.68679 6.40679 6.00228 4.62247 4.1301 3.44155
threshold=-0.46726161241531367 1.995536267757416 0.53475221991539013 0.15462619066238406 0.54076409339904796 -4.0542285442352286 0.11295098438858987
decision_type=2 2 2 8 10 8 8
left_child=1 3 4 -1 -2 -3 -4
right_child=2 5 6 -5 -6 -7 -8
leaf_value=-6.5976075727956857e-05 -8.7911222039001171e-06 -0.00043450218747284402 5.5876528754787626e-05 4.2759332902965025e-06 2.4305312643355536e-05 -0.00011916389696161547 1.6863151465801589e-05
leaf_weight=154308 804240 2253 185738 106944 301291 50406 319394
leaf_count=154308 804240 2253 185738 106944 301291 50406 319394
internal_value=-3.59637e-07 -5.32298e-05 9.94453e-06 -3.72183e-05 2.28658e-07 -0.000132664 3.12086e-05
internal_weight=1.92457e+06 313911 1.61066e+06 261252 1.10553e+06 52659 505132
internal_count=1924574 313911 1610663 261252 1105531 52659 505132
is_linear=0
shrinkage=0.00720685


Tree=154
num_leaves=8
num_cat=0
split_feature=1 19 23 25 1 23 19
split_gain=20.1848 7.66715 6.65751 6.21271 5.09809 4.5418 1.89064
threshold=1.2340094447135928 -0.43836811184883112 -1.7254721522331236 0.17645315080881122 2.263502955436707 -1.2161045074462888 3.0437834262847905
decision_type=2 8 8 8 2 10 10
left_child=1 5 6 -3 -4 -1 -2
right_child=2 3 4 -5 -6 -7 -8
leaf_value=-5.719542897490134e-05 -0.0004198852523080121 -1.4389300119518464e-05 -4.8693241836087109e-05 2.1919061740394736e-05 -0.00015212261197303481 3.3746021929683457e-05 0.00038771691664436401
leaf_weight=30127 3304 812463 164183 350306 29146 535394 157
leaf_count=30127 3304 812463 164183 350306 29146 535394 157
internal_value=-7.39274e-07 7.13529e-06 -6.98967e-05 -3.45069e-06 -6.42869e-05 2.89012e-05 -0.000383147
internal_weight=1.92508e+06 1.72829e+06 196790 1.16277e+06 193329 565521 3461
internal_count=1925080 1728290 196790 1162769 193329 565521 3461
is_linear=0
shrinkage=0.00720685


Tree=155
num_leaves=8
num_cat=0
split_feature=0 1 0 3 9 9 9
split_gain=20.0777 7.47187 5.7161 4.87526 4.07332 3.64127 3.40858
threshold=-0.46726161241531367 1.995536267757416 0.48819477856159216 inf 1.4592774510383608 -4.0542285442352286 0.12040919810533525
decision_type=2 2 2 8 10 8 8
left_child=1 4 3 -2 -1 -3 -4
right_child=2 5 6 -5 -6 -7 -8
leaf_value=-4.4044817433074179e-05 9.7785348222782943e-07 -0.00041796444299437561 5.0958489283404939e-05 -0.0003016120231904194 7.7658642858888824e-05 -0.0001186049863054018 1.4763598281354545e-05
leaf_weight=245984 1035166 2202 217964 2772 15163 50362 355620
leaf_count=245984 1035166 2202 217964 2772 15163 50362 355620
internal_value=-9.07752e-09 -5.2758e-05 1.02594e-05 1.69434e-07 -3.6978e-05 -0.000131153 2.85179e-05
internal_weight=1.92523e+06 313711 1.61152e+06 1.03794e+06 261147 52564 573584
internal_count=1925233 313711 1611522 1037938 261147 52564 573584
is_linear=0
shrinkage=0.00720685


Tree=156
num_leaves=8
num_cat=0
split_feature=8 4 25 17 6 19 6
split_gain=11.7005 7.92622 6.82875 5.59002 2.82542 2.81205 2.75573
threshold=-0.87129724025726307 -1.6584131121635435 0.12610607594251635 -0.21035873889923093 inf -0.48501698672771448 0.98348805308341991
decision_type=8 10 8 2 8 8 8
left_child=3 4 -3 6 -2 -5 -1
right_child=1 2 -4 5 -6 -7 -8
leaf_value=-5.7549081584314758e-05 -6.3964321094546432e-05 -1.1064927886711349e-06 2.9989147523954024e-05 4.0487690598096369e-05 -0.00031618465530780662 -3.1206125847777165e-05 -0.00013292752392259525
leaf_weight=110080 57755 1005143 577574 39933 2402 98509 32667
leaf_count=110080 57755 1005143 577574 39933 2402 98509 32667
internal_value=-1.97593e-07 7.15491e-06 1.02411e-05 -4.31553e-05 -7.40404e-05 -1.0526e-05 -7.48e-05
internal_weight=1.92406e+06 1.64287e+06 1.58272e+06 281189 60157 138442 142747
internal_count=1924063 1642874 1582717 281189 60157 138442 142747
is_linear=0
shrinkage=0.00720685


Tree=157
num_leaves=8
num_cat=0
split_feature=1 2 6 23 23 9 9
split_gain=16.8879 7.83577 6.79284 6.68261 5.15629 4.42897 3.71453
threshold=1.6575289368629458 0.40631696581840521 0.49942629039287573 -0.12145901471376418 -0.90071949362754811 -4.0542285442352286 1.8246328830718996
decision_type=2 2 8 8 8 8 10
left_child=1 3 -3 -1 6 -6 -2
right_child=4 2 -4 -5 5 -7 -8
leaf_value=-2.2877846667846972e-05 -0.00027133147188414594 4.0251093314517319e-05 -1.2825017268292819e-05 1.1407216352562548e-05 -0.00034594230817396547 -6.3161529196809868e-05 0.00033420201996883509
leaf_weight=569881 10186 471650 170518 612773 2977 84701 554
leaf_count=569881 10186 471650 170518 612773 2977 84701 554
internal_value=9.31333e-07 5.89093e-06 2.61575e-05 -5.11358e-06 -9.10262e-05 -7.27669e-05 -0.000240067
internal_weight=1.92324e+06 1.82482e+06 642168 1.18265e+06 98418 87678 10740
internal_count=1923240 1824822 642168 1182654 98418 87678 10740
is_linear=0
shrinkage=0.00720685


Tree=158
num_leaves=8
num_cat=0
split_feature=0 25 0 17 12 23 25
split_gain=17.2574 8.7679 8.27952 4.50483 4.08357 3.18823 2.19766
threshold=-2.1107227802276607 0.12890925258398059 -0.10867495462298392 0.0083966301754117029 1.0232952833175661 0.11433927714824678 -1.0090463161468504
decision_type=2 8 2 2 8 10 8
left_child=3 2 -2 5 -3 -1 -5
right_child=1 4 -4 6 -6 -7 -8
leaf_value=-0.00017288809292966822 -4.2645558942966207e-05 3.0666720397666055e-05 3.2407225295371498e-06 0.00089973242817827927 -3.0084724947478376e-05 -5.2055304786652041e-05 -1.9674906186579739e-05
leaf_weight=40350 265130 630079 889203 135 63233 15778 20101
leaf_count=40350 265130 630079 889203 135 63233 15778 20101
internal_value=4.80389e-07 4.86841e-06 -7.29855e-06 -0.000105687 2.51259e-05 -0.000138923 -1.34983e-05
internal_weight=1.92401e+06 1.84764e+06 1.15433e+06 76364 693312 56128 20236
internal_count=1924009 1847645 1154333 76364 693312 56128 20236
is_linear=0
shrinkage=0.00720685


Tree=159
num_leaves=8
num_cat=0
split_feature=1 2 3 23 23 1 4
split_gain=17.5181 7.06757 7.57142 6.22152 6.03423 4.92277 1.95874
threshold=1.2340094447135928 0.42869260907173162 inf -0.10080959647893904 -1.7254721522331236 2.0726987123489384 -0.02001904975622892
decision_type=2 2 8 8 8 2 8
left_child=1 3 -3 -1 6 -6 -2
right_child=4 2 -4 -5 5 -7 -8
leaf_value=-1.96463952092295e-05 -0.0004760824749123479 2.8763341416244511e-05 -0.00066509176811320198 1.4165414414627513e-05 -3.8759496198568981e-05 -0.00012512168097269374 -0.00010143470718013017
leaf_weight=567797 2402 597516 817 562826 149240 44504 1039
leaf_count=567797 2402 597516 817 562826 149240 44504 1039
internal_value=4.45148e-07 7.78507e-06 2.78148e-05 -2.8148e-06 -6.39123e-05 -5.8598e-05 -0.000363025
internal_weight=1.92614e+06 1.72896e+06 598333 1.13062e+06 197185 193744 3441
internal_count=1926141 1728956 598333 1130623 197185 193744 3441
is_linear=0
shrinkage=0.00720685


Tree=160
num_leaves=8
num_cat=0
split_feature=1 19 6 23 25 8 9
split_gain=16.0353 6.88656 6.7155 6.66079 4.59409 4.43701 4.17981
threshold=1.0552190542221072 -0.39375743269920344 1.2435476779937746 -0.25528471171855921 0.17645315080881122 0.37973712384700781 1.3180012106895449
decision_type=2 8 8 8 8 10 10
left_child=1 5 3 -2 -3 -1 -4
right_child=2 4 6 -5 -6 -7 -8
leaf_value=1.6527689072158595e-05 -9.4508825463791163e-05 -1.3239345471029106e-05 -0.00014765872992926056 -8.5458710843358091e-06 1.9563346876752821e-05 6.3333364817408187e-05 0.00022866640626604845
leaf_weight=472413 69637 745025 42799 142855 315728 135326 1589
leaf_count=472413 69637 745025 42799 142855 315728 135326 1589
internal_value=-5.54044e-07 7.60669e-06 -5.35597e-05 -3.67177e-05 -3.47575e-06 2.69501e-05 -0.000134182
internal_weight=1.92537e+06 1.66849e+06 256880 212492 1.06075e+06 607739 44388
internal_count=1925372 1668492 256880 212492 1060753 607739 44388
is_linear=0
shrinkage=0.00720685


Tree=161
num_leaves=8
num_cat=0
split_feature=2 23 6 19 2 19 19
split_gain=11.9697 8.29156 7.69259 6.82784 6.38281 3.55846 1.66937
threshold=0.072770953178405776 -0.10080959647893904 inf -0.35331502556800837 -2.1468886137008663 -0.78763887286186207 0.82106724381446849
decision_type=2 10 8 8 2 8 10
left_child=1 4 3 -2 -1 -3 -4
right_child=2 5 6 -5 -6 -7 -8
leaf_value=-0.00013633414012133766 4.1822846972234169e-05 6.73547518963951e-05 -0.0010011458981991615 3.3341062188059737e-06 -3.201886872203115e-05 -2.4646878420438289e-06 -0.00034547944856295755
leaf_weight=32739 392856 41837 417 612817 438590 404245 393
leaf_count=32739 392856 41837 417 612817 438590 404245 393
internal_value=6.41346e-07 -1.81872e-05 1.78036e-05 1.83694e-05 -3.9265e-05 4.08359e-06 -0.000683831
internal_weight=1.92389e+06 917411 1.00648e+06 1.00567e+06 471329 446082 810
internal_count=1923894 917411 1006483 1005673 471329 446082 810
is_linear=0
shrinkage=0.00720685


Tree=162
num_leaves=8
num_cat=0
split_feature=0 19 23 0 25 23 9
split_gain=18.3363 7.11438 5.71221 5.67752 5.25411 4.2237 1.76713
threshold=-0.85901182889938343 -0.39375743269920344 -1.7254721522331236 -4.0809838771820059 0.17645315080881122 -1.2161045074462888 0.30297054350376135
decision_type=2 8 8 2 8 10 8
left_child=2 5 6 -4 -3 -2 -1
right_child=1 4 3 -5 -6 -7 -8
leaf_value=-0.00049325386846266 -5.3230717509866033e-05 -1.3531254267469057e-05 -0.00016594880801916212 -4.5470332770815152e-05 2.087436641425868e-05 3.1737873426758597e-05 -0.00016856010985003044
leaf_weight=1987 32050 771708 22875 181551 328733 584731 1552
leaf_count=1987 32050 771708 22875 181551 328733 584731 1552
internal_value=-1.137e-08 7.72873e-06 -6.39233e-05 -5.89525e-05 -3.25329e-06 2.73225e-05 -0.000350952
internal_weight=1.92519e+06 1.71722e+06 207965 204426 1.10044e+06 616781 3539
internal_count=1925187 1717222 207965 204426 1100441 616781 3539
is_linear=0
shrinkage=0.00720685


Tree=163
num_leaves=8
num_cat=0
split_feature=1 8 5 17 1 2 24
split_gain=16.0977 8.14753 6.86298 4.22077 3.41117 2.41068 1.5243
threshold=1.6575289368629458 -0.87129724025726307 -0.47761943936347956 -0.21035873889923093 2.263502955436707 -1.2786010503768919 -2.0964510440826412
decision_type=2 10 8 2 2 2 2
left_child=1 3 -3 -1 6 -6 -2
right_child=4 2 -4 -5 5 -7 -8
leaf_value=-6.3763400953697414e-05 0.00025139175633746212 -1.7127185661240055e-05 1.9148904582736587e-05 -4.3483563114064981e-06 -0.00021796447621302877 -8.8293041348557407e-05 -6.5249446809817997e-05
leaf_weight=120878 798 347451 1228946 127710 15078 14717 67782
leaf_count=120878 798 347451 1228946 127710 15078 14717 67782
internal_value=2.65619e-07 5.10637e-06 1.11533e-05 -3.32397e-05 -8.95355e-05 -0.00015392 -6.15612e-05
internal_weight=1.92336e+06 1.82498e+06 1.5764e+06 248588 98375 29795 68580
internal_count=1923360 1824985 1576397 248588 98375 29795 68580
is_linear=0
shrinkage=0.00720685


Tree=164
num_leaves=8
num_cat=0
split_feature=0 23 2 3 0 23 17
split_gain=18.9116 6.90336 6.23209 6.50694 6.14803 4.17898 3.24582
threshold=-0.46726161241531367 0.11433927714824678 0.40631696581840521 inf -3.6367249488830562 -0.12670566886663434 -1.8013241887092588
decision_type=2 8 2 8 2 8 2
left_child=1 4 5 -4 -1 -2 -3
right_child=2 6 3 -5 -6 -7 -8
leaf_value=-0.00021691520705024005 -1.6728134604519896e-05 -0.00035788278844548806 2.8735037909440146e-05 -0.00060984842937210544 -6.8489210049703286e-05 1.2376376713671733e-05 -1.0053045135938962e-05
leaf_weight=15927 495188 1407 582880 829 161131 531005 135114
leaf_count=15927 495188 1407 582880 829 161131 531005 135114
internal_value=-9.47125e-07 -5.21497e-05 9.02619e-06 2.78271e-05 -8.18419e-05 -1.66794e-06 -1.36405e-05
internal_weight=1.92348e+06 313579 1.6099e+06 583709 177058 1.02619e+06 136521
internal_count=1923481 313579 1609902 583709 177058 1026193 136521
is_linear=0
shrinkage=0.00720685


Tree=165
num_leaves=8
num_cat=0
split_feature=0 0 25 3 5 17 21
split_gain=18.185 6.51102 5.52967 4.57391 4.50263 3.52479 2.97993
threshold=-0.46726161241531367 -2.4516532421112056 0.1320094168186188 1.3858737945556643 -0.46109831333160395 0.016351055353879932 inf
decision_type=2 2 10 8 8 2 8
left_child=1 5 4 -3 -2 -1 -4
right_child=2 3 6 -5 -6 -7 -8
leaf_value=-0.00014846622280374674 -2.9948583053171277e-05 -2.1936666909211711e-05 2.6378491138489074e-05 -0.0001103968899913565 7.1796592399974305e-06 -2.2067661669220388e-05 0.00031415903740192086
leaf_weight=46121 214016 217237 576919 35290 818303 15248 1874
leaf_count=46121 214016 217237 576919 35290 818303 15248 1874
internal_value=-2.97466e-07 -5.04803e-05 9.47977e-06 -3.42992e-05 -5.17606e-07 -0.000117062 2.73108e-05
internal_weight=1.92501e+06 313896 1.61111e+06 252527 1.03232e+06 61369 578793
internal_count=1925008 313896 1611112 252527 1032319 61369 578793
is_linear=0
shrinkage=0.00720685


Tree=166
num_leaves=8
num_cat=0
split_feature=0 1 6 21 0 25 6
split_gain=18.0008 7.34353 5.33345 13.1522 6.71655 4.28375 2.62934
threshold=-0.29348309338092798 1.995536267757416 inf inf 0.032326010987162597 0.11234464868903161 0.91398742794990551
decision_type=2 2 8 8 2 8 8
left_child=1 5 3 -2 -4 -1 -3
right_child=2 6 4 -5 -6 -7 -8
leaf_value=-5.3555600945675971e-05 1.0468745218049029e-05 -8.5221033998614677e-05 8.2166814396288199e-05 0.00039725074602731645 -0.00068126987368197656 -1.7341735876252309e-06 -0.0001916865651179933
leaf_weight=193290 1525930 34217 1114 4579 1292 145006 18599
leaf_count=193290 1525930 34217 1114 4579 1292 145006 18599
internal_value=-4.15886e-08 -4.36825e-05 1.10931e-05 1.16262e-05 -0.000327887 -3.13432e-05 -0.000122716
internal_weight=1.92403e+06 391112 1.53292e+06 1.53051e+06 2406 338296 52816
internal_count=1924027 391112 1532915 1530509 2406 338296 52816
is_linear=0
shrinkage=0.00720685


Tree=167
num_leaves=8
num_cat=0
split_feature=0 19 23 3 0 8 1
split_gain=18.6168 8.39578 5.15945 4.92679 4.70037 3.96335 1.25774
threshold=-0.85901182889938343 -0.39375743269920344 -1.7254721522331236 -0.22512134909629819 -3.6367249488830562 -0.58638760447502125 1.5737859606742861
decision_type=2 8 8 8 2 10 2
left_child=2 5 6 -3 -4 -2 -1
right_child=1 3 4 -5 -6 -7 -8
leaf_value=-0.0001893929961728297 1.5869567007526589e-06 1.4331684329486775e-05 -0.00014311319577704 -1.6750355359593775e-05 -4.548075019479894e-05 4.119059887952301e-05 -0.00046512439929754086
leaf_weight=1576 189484 444192 30030 656107 174064 427023 1895
leaf_count=1576 189484 444192 30030 656107 174064 427023 1895
internal_value=-6.6982e-08 7.72719e-06 -6.45338e-05 -4.20247e-06 -5.98469e-05 2.90184e-05 -0.000340022
internal_weight=1.92437e+06 1.71681e+06 207565 1.1003e+06 204094 616507 3471
internal_count=1924371 1716806 207565 1100299 204094 616507 3471
is_linear=0
shrinkage=0.00720685


Tree=168
num_leaves=8
num_cat=0
split_feature=0 2 3 17 0 17 3
split_gain=16.9447 6.68781 6.31543 5.02398 4.56489 4.01221 2.60317
threshold=-0.89692336320877064 0.40631696581840521 inf 0.058666164055466659 -4.0809838771820059 0.99512243270874035 1.910796105861664
decision_type=2 2 8 2 2 2 8
left_child=3 5 -3 4 -1 -2 -5
right_child=1 2 -4 6 -6 -7 -8
leaf_value=-0.00018920730826185015 2.7992300735220001e-06 2.7809249599098257e-05 -0.00060938559310053239 8.7288322354404507e-06 -6.9049308405166201e-05 -3.7200699485411809e-05 -0.00017735001659264742
leaf_weight=18929 956244 615433 808 52908 123974 150779 4215
leaf_count=18929 956244 615433 808 52908 123974 150779 4215
internal_value=6.55864e-07 7.94388e-06 2.69728e-05 -6.21314e-05 -8.49668e-05 -2.64885e-06 -5.00383e-06
internal_weight=1.92329e+06 1.72326e+06 616241 200026 142903 1.10702e+06 57123
internal_count=1923290 1723264 616241 200026 142903 1107023 57123
is_linear=0
shrinkage=0.00720685


Tree=169
num_leaves=8
num_cat=0
split_feature=0 19 0 8 23 8 23
split_gain=18.2745 7.67239 5.08205 4.80381 4.32306 4.21905 3.17126
threshold=-0.89692336320877064 -0.39375743269920344 -4.0809838771820059 -0.87129724025726307 -1.7254721522331236 0.3659296333789826 -0.056777974590659135
decision_type=2 8 2 8 8 10 8
left_child=2 5 6 -3 -4 -2 -1
right_child=1 3 4 -5 -6 -7 -8
leaf_value=-0.00025948102748667352 1.8168353636366243e-05 -4.4745528255117864e-05 -0.00032123839092414706 2.0609130004146503e-06 -4.6834542029439581e-05 6.3248464181014631e-05 -9.0179927914381947e-05
leaf_weight=10264 480873 128945 3033 975010 174275 138998 13060
leaf_count=10264 480873 128945 3033 975010 174275 138998 13060
internal_value=4.10293e-07 7.98679e-06 -6.46864e-05 -3.40622e-06 -5.15303e-05 2.82771e-05 -0.000164691
internal_weight=1.92446e+06 1.72383e+06 200632 1.10396e+06 177308 619871 23324
internal_count=1924458 1723826 200632 1103955 177308 619871 23324
is_linear=0
shrinkage=0.00720685


Tree=170
num_leaves=8
num_cat=0
split_feature=6 21 15 5 23 3 19
split_gain=11.3435 8.30749 14.0097 9.59159 5.97096 3.98322 1.78992
threshold=1.1117433309555056 inf 0.077790390700101866 -0.67332333326339711 -1.6546568274497984 -1.8546692728996275 3.3644148111343388
decision_type=8 8 2 8 10 10 10
left_child=1 3 -3 -1 6 -6 -2
right_child=4 2 -4 -5 5 -7 -8
leaf_value=-3.5200463326793641e-05 -0.00022894370859115332 0.00027829812669734029 0.0023600439980806759 1.2982493099113764e-05 -0.00031122610558654461 -3.5993027911557084e-05 0.00032254268527303075
leaf_weight=252163 10503 1512 188 1439804 2765 216558 314
leaf_count=252163 10503 1512 188 1439804 2765 216558 314
internal_value=-1.43316e-07 6.30759e-06 0.000509712 5.8015e-06 -4.76173e-05 -3.94643e-05 -0.000212906
internal_weight=1.92381e+06 1.69367e+06 1700 1.69197e+06 230140 219323 10817
internal_count=1923807 1693667 1700 1691967 230140 219323 10817
is_linear=0
shrinkage=0.00720685


Tree=171
num_leaves=8
num_cat=0
split_feature=1 8 23 2 9 23 23
split_gain=14.4568 7.80159 8.29605 6.88398 4.55562 3.98801 1.33412
threshold=1.7552972435951235 -0.86179551482200611 -1.1486204266548155 0.4766934216022492 -4.0542285442352286 -1.085238993167877 0.12717660516500476
decision_type=2 8 10 2 8 8 10
left_child=1 2 -1 -3 6 -6 -2
right_child=4 3 -4 -5 5 -7 -8
leaf_value=-0.00017409091904421918 -0.00048691250238940882 -2.6895798289972399e-07 -2.1008921308503456e-05 3.2211099768726497e-05 -0.00025768272631615985 -6.8189892419903526e-05 -0.00017226472784860367
leaf_weight=19903 1873 1088720 241297 492114 6255 74080 1120
leaf_count=19903 1873 1088720 241297 492114 6255 74080 1120
internal_value=-3.8697e-07 3.81326e-06 -3.26742e-05 9.84209e-06 -9.32358e-05 -8.29473e-05 -0.000369269
internal_weight=1.92536e+06 1.84203e+06 261200 1.58083e+06 83328 80335 2993
internal_count=1925362 1842034 261200 1580834 83328 80335 2993
is_linear=0
shrinkage=0.00720685


Tree=172
num_leaves=8
num_cat=0
split_feature=1 19 23 6 23 9 9
split_gain=14.1989 7.19319 5.16909 4.90962 4.30612 3.57384 2.69136
threshold=1.536126494407654 -0.3734097927808761 -1.1486204266548155 inf -1.2161045074462888 -4.0542285442352286 1.8246328830718996
decision_type=2 8 8 8 8 8 8
left_child=1 4 6 -3 -1 -4 -2
right_child=2 3 5 -5 -6 -7 -8
leaf_value=-5.8045303433405244e-05 -0.00028955348787450399 -5.0623460376142884e-06 -0.00029415090475226727 -0.00033178228189710844 2.7971796347262178e-05 -5.5417444650244862e-05 0.0001799282447635835
leaf_weight=31708 7509 1121437 3356 2393 647112 109377 692
leaf_count=31708 7509 1121437 3356 2393 647112 109377 692
internal_value=3.58761e-07 5.43028e-06 -7.52369e-05 -5.75834e-06 2.39538e-05 -6.2527e-05 -0.000249919
internal_weight=1.92358e+06 1.80265e+06 120934 1.12383e+06 678820 112733 8201
internal_count=1923584 1802650 120934 1123830 678820 112733 8201
is_linear=0
shrinkage=0.00720685


Tree=173
num_leaves=8
num_cat=0
split_feature=0 0 9 17 9 23 24
split_gain=17.6646 7.6391 5.68902 4.11423 4.0068 3.76048 2.02167
threshold=-1.7345324754714964 0.39604219794273382 1.2894613146781924 0.0083966301754117029 0.28267420828342443 0.11433927714824678 -1.3178454041481016
decision_type=2 2 10 2 8 10 2
left_child=3 2 -2 5 -3 -1 -5
right_child=1 4 -4 6 -6 -7 -8
leaf_value=-0.00015536668700500027 -1.0942958456161659e-05 4.0387444545950979e-05 5.9729242328775451e-05 0.00024247481868859685 6.2758703026098828e-06 -4.0062398374617803e-05 -3.3449461291657031e-05
leaf_weight=51367 1046561 356117 62704 1455 359295 20577 26155
leaf_count=51367 1046561 356117 62704 1455 359295 20577 26155
internal_value=-2.06156e-07 4.89426e-06 -6.94796e-06 -9.36886e-05 2.3256e-05 -0.000122389 -1.89e-05
internal_weight=1.92423e+06 1.82468e+06 1.10926e+06 99554 715412 71944 27610
internal_count=1924231 1824677 1109265 99554 715412 71944 27610
is_linear=0
shrinkage=0.00720685


Tree=174
num_leaves=8
num_cat=0
split_feature=1 25 5 6 5 2 1
split_gain=14.4436 6.78512 6.14164 5.06356 3.43849 3.0953 1.74165
threshold=1.3675912618637087 0.1320094168186188 -0.47761943936347956 1.1292771697044375 -1.2807363867759702 0.31583088636398321 2.263502955436707
decision_type=2 10 8 8 8 2 2
left_child=1 2 -1 4 -2 -3 -5
right_child=3 5 -4 6 -6 -7 -8
leaf_value=-3.6038789275533598e-05 -0.00012342390841546386 1.2208302693558612e-05 4.5947909146210508e-06 -0.00011197981495401265 -2.5069156625556129e-05 4.4753624107583142e-05 -0.00022885598263899996
leaf_weight=247227 22621 380892 884047 27924 100394 252335 8683
leaf_count=247227 22621 380892 884047 27924 100394 252335 8683
internal_value=3.49166e-07 6.28803e-06 -4.28521e-06 -6.53e-05 -4.31564e-05 2.51774e-05 -0.000139708
internal_weight=1.92412e+06 1.7645e+06 1.13127e+06 159622 123015 633227 36607
internal_count=1924123 1764501 1131274 159622 123015 633227 36607
is_linear=0
shrinkage=0.00720685


Tree=175
num_leaves=8
num_cat=0
split_feature=0 0 4 6 0 8 17
split_gain=15.8083 7.88167 5.33412 4.99266 6.65855 4.39755 2.98367
threshold=-0.10867495462298392 -2.4516532421112056 -1.6584131121635435 inf 0.026029667817056183 -0.90007662773132313 -0.17900359630584714
decision_type=2 2 8 8 2 8 2
left_child=1 6 -3 5 -5 -2 -1
right_child=3 2 -4 4 -6 -7 -8
leaf_value=-0.00015362314165551759 -2.6142918982982182e-05 -0.00011280735203394524 -1.701394188624225e-05 0.00010563312571066404 -0.00065972084518604185 1.7129800557101494e-05 -5.1529735777238067e-05
leaf_weight=35675 134915 32532 419500 1069 1317 1271682 25495
leaf_count=35675 134915 32532 419500 1069 1317 1271682 25495
internal_value=-5.29201e-08 -3.4298e-05 -2.39083e-05 1.24204e-05 -0.000316902 1.29792e-05 -0.000111074
internal_weight=1.92218e+06 513202 452032 1.40898e+06 2386 1.4066e+06 61170
internal_count=1922185 513202 452032 1408983 2386 1406597 61170
is_linear=0
shrinkage=0.00720685


Tree=176
num_leaves=8
num_cat=0
split_feature=6 23 5 19 25 6 8
split_gain=10.5536 8.00319 7.04575 6.89526 4.65066 4.24102 2.85502
threshold=0.59035843610763561 -1.6546568274497984 -0.44503200054168696 -0.46419374644756312 0.17953269928693774 inf -0.59355461597442616
decision_type=8 10 8 8 8 8 8
left_child=2 6 4 -4 -1 -3 -2
right_child=1 5 3 -5 -6 -7 -8
leaf_value=-4.3993709699686555e-05 -0.00025712548157618412 -1.9410316271503939e-05 4.532687060500903e-05 6.686661253957258e-06 2.4866768866189024e-05 -0.00034510614776258204 -9.5020596361885203e-05
leaf_weight=175736 8923 514809 344288 790823 71733 2084 15356
leaf_count=175736 8923 514809 344288 790823 71733 2084 15356
internal_value=2.49489e-07 -2.67309e-05 1.08102e-05 1.84066e-05 -2.40332e-05 -2.07241e-05 -0.000154606
internal_weight=1.92375e+06 541172 1.38258e+06 1.13511e+06 247469 516893 24279
internal_count=1923752 541172 1382580 1135111 247469 516893 24279
is_linear=0
shrinkage=0.00720685


Tree=177
num_leaves=8
num_cat=0
split_feature=0 25 5 23 0 2 9
split_gain=16.1617 6.99143 6.33693 6.18544 4.70374 2.74303 1.84402
threshold=-0.89692336320877064 0.1320094168186188 -0.44503200054168696 -1.7254721522331236 -4.0809838771820059 0.31583088636398321 0.27533882856369024
decision_type=2 8 10 8 2 2 8
left_child=3 2 -2 6 -5 -3 -1
right_child=1 5 -4 4 -6 -7 -8
leaf_value=-0.00051949559946005682 -3.6307270150186797e-05 1.3671422444731696e-05 5.3219013038387684e-06 -0.00015337407285938957 -4.3395665468330601e-05 4.4184247300630023e-05 -0.00018047995429849262
leaf_weight=1859 245062 377315 844059 22863 173295 257428 1513
leaf_count=1859 245062 377315 844059 22863 173295 257428 1513
internal_value=-7.24434e-08 7.0349e-06 -4.04504e-06 -6.14771e-05 -5.62149e-05 2.60464e-05 -0.000367482
internal_weight=1.92339e+06 1.72386e+06 1.08912e+06 199530 196158 634743 3372
internal_count=1923394 1723864 1089121 199530 196158 634743 3372
is_linear=0
shrinkage=0.00720685


Tree=178
num_leaves=8
num_cat=0
split_feature=0 0 19 18 6 6 17
split_gain=15.6643 6.48816 6.39448 4.45645 4.34368 3.89089 2.31705
threshold=-0.46726161241531367 -3.2420768737792964 -0.34830620884895319 0.064372781664133086 inf 1.2435476779937746 -0.2184471786022186
decision_type=2 2 8 10 8 8 2
left_child=1 6 3 -2 -4 -3 -1
right_child=2 5 4 -5 -6 -7 -8
leaf_value=-0.00018299411641590897 1.4241379870827126e-05 -2.1672417007921197e-05 -1.9198489609151331e-06 5.5623739093362744e-05 -0.00030954262864772784 -9.1803296822287644e-05 -6.903870747666697e-05
leaf_weight=21958 451385 225609 963513 192932 2389 50238 16039
leaf_count=21958 451385 225609 963513 192932 2389 50238 16039
internal_value=-2.96278e-08 -4.66072e-05 9.0487e-06 2.66329e-05 -2.68103e-06 -3.44452e-05 -0.000134896
internal_weight=1.92406e+06 313844 1.61022e+06 644317 965902 275847 37997
internal_count=1924063 313844 1610219 644317 965902 275847 37997
is_linear=0
shrinkage=0.00720685


Tree=179
num_leaves=8
num_cat=0
split_feature=6 21 19 19 23 6 19
split_gain=11.1369 9.94674 11.122 6.84573 6.01226 3.53201 1.78417
threshold=1.1117433309555056 inf 1.5464782118797304 -0.34830620884895319 -1.6546568274497984 1.1117433309555056 3.3644148111343388
decision_type=8 8 10 8 10 10 10
left_child=1 3 -3 -1 6 -6 -2
right_child=4 2 -4 -5 5 -7 -8
leaf_value=2.3830100672835144e-05 -0.00022855106434541611 0.00034302371877461494 0.0021444461934433442 -5.7749307623305952e-06 -0.00033342104862640534 -3.5795713771594603e-05 0.00030814992350450737
leaf_weight=674991 10549 1508 201 1016752 2090 217153 331
leaf_count=674991 10549 1508 201 1016752 2090 217153 331
internal_value=2.00058e-07 6.59253e-06 0.000555976 6.03722e-06 -4.68412e-05 -3.86345e-05 -0.000212195
internal_weight=1.92358e+06 1.69345e+06 1709 1.69174e+06 230123 219243 10880
internal_count=1923575 1693452 1709 1691743 230123 219243 10880
is_linear=0
shrinkage=0.00720685


Tree=180
num_leaves=8
num_cat=0
split_feature=6 2 21 6 8 21 9
split_gain=11.1341 9.54428 7.6766 4.12328 3.70884 4.35907 3.72403
threshold=1.2645606994628908 0.40631696581840521 inf 0.44934202730655676 1.1096475124359133 inf -2.3583509922027583
decision_type=8 2 8 10 10 8 10
left_child=1 2 -1 -3 6 -6 -2
right_child=4 3 -4 -5 5 -7 -8
leaf_value=-7.6853350972580965e-06 -0.00020866574320052596 3.8505028434190947e-05 0.00055696044155667133 -5.4873283533619759e-06 1.4242136821325583e-06 0.00047319346726335161 -6.1051594418488927e-05
leaf_weight=1137407 9518 470680 1251 144667 27760 1055 131635
leaf_count=1137407 9518 470680 1251 144667 27760 1055 131635
internal_value=-1.02895e-07 5.29396e-06 -7.0645e-06 2.81625e-05 -5.57963e-05 1.87129e-05 -7.10068e-05
internal_weight=1.92397e+06 1.754e+06 1.13866e+06 615347 169968 28815 141153
internal_count=1923973 1754005 1138658 615347 169968 28815 141153
is_linear=0
shrinkage=0.00720685


Tree=181
num_leaves=8
num_cat=0
split_feature=0 0 9 6 0 8 9
split_gain=16.7502 7.01014 5.51283 4.54146 6.36908 4.59737 2.9401
threshold=-0.15844760090112683 -2.6579675674438472 1.3180012106895449 inf 0.026029667817056183 -0.86179551482200611 -4.0542285442352286
decision_type=2 2 10 8 2 10 8
left_child=1 6 -3 5 -5 -2 -1
right_child=3 2 -4 4 -6 -7 -8
leaf_value=-0.00036872592902875825 -2.4006032641191016e-05 -3.5041966680811955e-05 6.5970054173054653e-05 0.00011457776005582958 -0.00063592681162009089 1.6672850728062529e-05 -0.00010383000637669942
leaf_weight=2271 162566 391291 30229 1055 1323 1284067 51797
leaf_count=2271 162566 391291 30229 1055 1323 1284067 51797
internal_value=-5.96362e-07 -3.77076e-05 -2.77978e-05 1.15841e-05 -0.000303041 1.21015e-05 -0.000114963
internal_weight=1.9246e+06 475588 421520 1.44901e+06 2378 1.44663e+06 54068
internal_count=1924599 475588 421520 1449011 2378 1446633 54068
is_linear=0
shrinkage=0.00720685


Tree=182
num_leaves=8
num_cat=0
split_feature=0 0 2 6 9 18 9
split_gain=16.4159 5.87137 5.8166 5.90702 4.79954 3.81866 3.53316
threshold=-0.48756405711174006 -2.6579675674438472 0.43699628114700323 inf 1.7390470504760744 -0.81255990266799916 -4.0542285442352286
decision_type=2 2 2 8 10 10 8
left_child=1 6 5 -4 -3 -2 -1
right_child=2 4 3 -5 -6 -7 -8
leaf_value=-0.00039547206073470417 -2.7545280578376713e-05 -4.0216204583535811e-05 2.8474437565893558e-05 -0.00058819584302394093 0.00013015189358872828 5.930527681243888e-06 -0.00010487317638991453
leaf_weight=2268 224616 243848 557263 807 8901 834634 51530
leaf_count=2268 224616 243848 557263 807 8901 834634 51530
internal_value=-4.12908e-07 -4.87676e-05 8.75226e-06 2.75817e-05 -3.42158e-05 -1.16808e-06 -0.000117131
internal_weight=1.92387e+06 306547 1.61732e+06 558070 252749 1.05925e+06 53798
internal_count=1923867 306547 1617320 558070 252749 1059250 53798
is_linear=0
shrinkage=0.00720685


Tree=183
num_leaves=8
num_cat=0
split_feature=0 23 0 2 9 8 17
split_gain=14.1793 7.92917 7.38629 5.9281 4.25926 3.8283 3.29269
threshold=-0.11815134063363074 0.11433927714824678 -4.0809838771820059 0.38320240378379827 -0.059532806277275079 -1.1100212931632993 -1.8013241887092588
decision_type=2 8 2 2 8 10 2
left_child=1 2 -1 4 -2 -5 -3
right_child=3 6 -4 5 -6 -7 -8
leaf_value=-0.00023137784244486385 1.9216607889059419e-05 -0.00027504941301690483 -4.9728418423979461e-05 -5.5516451037911835e-05 -1.3185772104856865e-05 3.4459111861811829e-05 3.5371688691931259e-06
leaf_weight=12126 352621 2226 281846 25787 523528 516220 209669
leaf_count=12126 352621 2226 281846 25787 523528 516220 209669
internal_value=-2.40481e-07 -3.2998e-05 -5.72221e-05 1.14444e-05 -1.4485e-07 3.01782e-05 6.09226e-07
internal_weight=1.92402e+06 505867 293972 1.41816e+06 876149 542007 211895
internal_count=1924023 505867 293972 1418156 876149 542007 211895
is_linear=0
shrinkage=0.00720685


Tree=184
num_leaves=8
num_cat=0
split_feature=0 23 19 0 18 12 17
split_gain=15.6827 6.63142 6.08916 5.93834 4.61742 4.08619 3.27946
threshold=-0.40838104486465449 0.11433927714824678 -0.34830620884895319 -2.4516532421112056 -0.070167742669582353 inf -1.0820153355598447
decision_type=2 8 8 2 10 8 2
left_child=1 3 4 -1 -2 -4 -3
right_child=2 6 5 -5 -6 -7 -8
leaf_value=-0.00016102077207103037 1.214755275898459e-05 -0.0001288013641297769 -1.4055254744058607e-06 -5.4404160578064005e-05 5.2660557097092037e-05 -0.00030084140032747808 1.5562740524885465e-06
leaf_weight=32741 407843 10827 948250 158430 227694 2372 134916
leaf_count=32741 407843 10827 948250 158430 227694 2372 134916
internal_value=-9.25445e-08 -4.47476e-05 9.39259e-06 -7.26647e-05 2.66623e-05 -2.15301e-06 -8.12837e-06
internal_weight=1.92307e+06 336914 1.58616e+06 191171 635537 950622 145743
internal_count=1923073 336914 1586159 191171 635537 950622 145743
is_linear=0
shrinkage=0.00720685


Tree=185
num_leaves=8
num_cat=0
split_feature=2 23 19 2 8 23 19
split_gain=9.67122 8.26618 6.89564 6.4992 4.14407 3.74637 2.38619
threshold=0.072770953178405776 0.15462619066238406 -0.34830620884895319 -1.1735221147537229 -0.87129724025726307 -1.2161045074462888 0.70232409238815319
decision_type=2 10 8 2 10 10 10
left_child=1 3 5 -1 -4 -2 -3
right_child=2 6 4 -5 -6 -7 -8
leaf_value=-7.6754002887472939e-05 -5.0181558817710346e-05 7.7907170135013152e-06 -4.8129713229952582e-05 -1.9448574976853768e-05 7.7307617630252315e-06 4.4512089614415894e-05 7.1098406520920295e-05
leaf_weight=129144 23032 248419 79290 503758 530315 374959 35319
leaf_count=129144 23032 248419 79290 503758 530315 374959 35319
internal_value=2.88253e-07 -1.66512e-05 1.56986e-05 -3.11419e-05 4.65005e-07 3.90319e-05 1.56714e-05
internal_weight=1.92424e+06 916640 1.0076e+06 632902 609605 397991 283738
internal_count=1924236 916640 1007596 632902 609605 397991 283738
is_linear=0
shrinkage=0.00720685


Tree=186
num_leaves=8
num_cat=0
split_feature=1 8 5 15 2 15 7
split_gain=12.4789 7.70914 6.72529 3.82226 2.92626 1.75068 1.12789
threshold=1.9249535799026491 -0.90007662773132313 -0.47761943936347956 -1.0308214426040647 0.33070273697376257 -1.4479289650917051 -2.1184536218643184
decision_type=2 8 8 2 2 2 2
left_child=1 3 -3 -1 5 -2 -6
right_child=4 2 -4 -5 6 -7 -8
leaf_value=-0.0001119164489858552 -0.00025534725497720423 -1.8476434849906291e-05 1.6701752104696171e-05 -2.420758236819522e-05 0.00040777340649375955 -0.0001110550423867024 -7.125180120283606e-06
leaf_weight=29429 4836 363653 1261154 209609 351 45086 10290
leaf_count=29429 4836 363653 1261154 209609 351 45086 10290
internal_value=-1.01588e-07 3.20657e-06 8.82839e-06 -3.50063e-05 -0.00010191 -0.000125038 6.59306e-06
internal_weight=1.92441e+06 1.86384e+06 1.62481e+06 239038 60563 49922 10641
internal_count=1924408 1863845 1624807 239038 60563 49922 10641
is_linear=0
shrinkage=0.00720685


Tree=187
num_leaves=8
num_cat=0
split_feature=0 3 0 18 2 17 4
split_gain=14.9032 7.73748 6.91795 6.64681 3.28516 2.10414 1.8094
threshold=-2.1107227802276607 -0.11468847095966338 -0.10867495462298392 -0.77088376879692067 -1.4025261402130125 -0.16292057186365125 0.83335408568382274
decision_type=2 8 2 10 2 2 10
left_child=4 3 -3 -2 6 -6 -1
right_child=1 2 -4 -5 5 -7 -8
leaf_value=-0.00013910611927106233 -1.8522543332573025e-05 -3.7511528214348807e-05 3.4232537744705464e-06 3.2277735771449412e-05 -0.00010114616660056133 -1.1879453147125672e-06 -0.00035355802617167883
leaf_weight=29747 169934 300518 748513 628653 25399 19211 2194
leaf_count=29747 169934 300518 748513 628653 25399 19211 2194
internal_value=4.81822e-07 4.56442e-06 -8.30341e-06 2.14677e-05 -9.80533e-05 -5.81013e-05 -0.000153847
internal_weight=1.92417e+06 1.84762e+06 1.04903e+06 798587 76551 44610 31941
internal_count=1924169 1847618 1049031 798587 76551 44610 31941
is_linear=0
shrinkage=0.00720685


Tree=188
num_leaves=8
num_cat=0
split_feature=1 19 2 4 9 2 4
split_gain=12.719 6.79585 4.47343 4.42589 3.55215 2.43461 0.988071
threshold=1.995536267757416 -0.3734097927808761 0.10075509920716287 0.41850811243057257 -4.0542285442352286 0.25107572972774511 0.27205160260200506
decision_type=2 8 2 10 8 2 10
left_child=1 2 -1 -3 6 -6 -2
right_child=4 3 -4 -5 5 -7 -8
leaf_value=2.0231032490307337e-06 -0.00028727988777244365 -1.6770621276266314e-05 3.8490208974660851e-05 1.3450784098591538e-05 -0.00012120979359699663 7.9042476406983419e-06 -0.00061098469356690266
leaf_weight=334769 1620 805248 365435 366121 41187 9297 704
leaf_count=334769 1620 805248 365435 366121 41187 9297 704
internal_value=1.80729e-07 3.29301e-06 2.10553e-05 -7.32465e-06 -0.000110119 -9.74323e-05 -0.000385558
internal_weight=1.92438e+06 1.87157e+06 700204 1.17137e+06 52808 50484 2324
internal_count=1924381 1871573 700204 1171369 52808 50484 2324
is_linear=0
shrinkage=0.00720685


Tree=189
num_leaves=8
num_cat=0
split_feature=0 23 19 9 18 6 6
split_gain=14.0492 7.34633 5.78794 5.44602 4.78532 4.15067 3.72217
threshold=-0.46726161241531367 0.11433927714824678 -0.34830620884895319 1.7390470504760744 -1.0000000180025095e-35 0.88694721460342418 inf
decision_type=2 8 8 10 10 10 8
left_child=1 3 4 -1 -2 -3 -4
right_child=2 5 6 -5 -6 -7 -8
leaf_value=-8.2804152992390758e-05 1.1358402976988115e-05 1.9859166109753645e-05 -2.0771588279047625e-06 0.00012692955546342264 5.3197367988761742e-05 -6.9238453740447738e-05 -0.00028672362457980293
leaf_weight=170792 431854 99019 964453 6681 211532 37418 2391
leaf_count=170792 431854 99019 964453 6681 211532 37418 2391
internal_value=-2.33638e-07 -4.43393e-05 8.36464e-06 -7.49079e-05 2.51143e-05 -4.57608e-06 -2.78139e-06
internal_weight=1.92414e+06 313910 1.61023e+06 177473 643386 136437 966844
internal_count=1924140 313910 1610230 177473 643386 136437 966844
is_linear=0
shrinkage=0.00720685


Tree=190
num_leaves=8
num_cat=0
split_feature=0 23 0 8 19 12 25
split_gain=14.4629 6.87644 6.51378 5.3198 4.90935 4.55828 2.18412
threshold=-0.07494065165519713 0.042677471414208419 -2.9201146364212032 -0.89057919383049 -1.3968794941902158 inf 0.046285627409815795
decision_type=2 10 2 8 8 8 8
left_child=1 2 -1 6 -3 -5 -2
right_child=3 4 -4 5 -6 -7 -8
leaf_value=-0.00015063088785545052 -6.5882714709730435e-05 0.00048310798002550273 -4.1436256287353659e-05 1.7879394179522376e-05 -1.6041199715665796e-06 -0.00029592025004325094 -6.5710643327475323e-06
leaf_weight=31333 54100 1090 300418 1242151 209470 2408 79832
leaf_count=31333 54100 1090 300418 1242151 209470 2408 79832
internal_value=2.23847e-07 -3.1305e-05 -5.17499e-05 1.26276e-05 9.07109e-07 1.7272e-05 -3.05297e-05
internal_weight=1.9208e+06 542311 331751 1.37849e+06 210560 1.24456e+06 133932
internal_count=1920802 542311 331751 1378491 210560 1244559 133932
is_linear=0
shrinkage=0.00720685


Tree=191
num_leaves=8
num_cat=0
split_feature=0 25 3 8 2 4 25
split_gain=13.6559 7.61354 7.24495 3.53859 3.20579 1.92506 1.63533
threshold=-1.8396672010421751 0.1320094168186188 -0.40553322434425348 -0.42306138575077051 -1.4484400153160093 0.83335408568382274 0.071441713720560088
decision_type=2 8 8 10 2 10 8
left_child=4 2 -2 -3 5 -1 -6
right_child=1 3 -4 -5 6 -7 -8
leaf_value=-0.00012479435359175769 1.854317713366002e-05 4.7721351322466971e-06 -1.9708341343747452e-05 3.7954609261284723e-05 -9.1287322470677638e-05 -0.00033561842910837252 -1.3879667695972978e-05
leaf_weight=33153 386824 295382 767307 383808 27809 2413 28915
leaf_count=33153 386824 295382 767307 383808 27809 2413 28915
internal_value=7.26091e-08 4.37869e-06 -6.88775e-06 2.35235e-05 -8.54656e-05 -0.000139107 -5.18302e-05
internal_weight=1.92561e+06 1.83332e+06 1.15413e+06 679190 92290 35566 56724
internal_count=1925611 1833321 1154131 679190 92290 35566 56724
is_linear=0
shrinkage=0.00720685


Tree=192
num_leaves=8
num_cat=0
split_feature=0 6 2 0 24 17 6
split_gain=13.8524 7.02134 7.52346 4.14123 3.85076 3.15148 2.98836
threshold=-1.6301528811454771 0.59035843610763561 0.4766934216022492 0.44367684423923498 -1.2719160318374632 -0.12062744796276091 1.287861227989197
decision_type=2 8 2 2 2 2 8
left_child=4 2 -2 -3 5 -1 -6
right_child=1 3 -4 -5 6 -7 -8
leaf_value=-7.6817823195073271e-05 1.0110254444002211e-06 -3.1214422309567812e-05 3.750163361661634e-05 1.5961381650679347e-05 -7.2652064440743643e-05 0.00025065747438118933 -0.00017730487561576038
leaf_weight=2893 880730 363138 440099 131693 84600 3229 17024
leaf_count=2893 880730 363138 440099 131693 84600 3229 17024
internal_value=-2.1626e-07 4.49521e-06 1.31697e-05 -1.86591e-05 -7.96103e-05 9.59142e-05 -9.01852e-05
internal_weight=1.92341e+06 1.81566e+06 1.32083e+06 494831 107746 6122 101624
internal_count=1923406 1815660 1320829 494831 107746 6122 101624
is_linear=0
shrinkage=0.00720685


Tree=193
num_leaves=8
num_cat=0
split_feature=0 3 18 0 17 9 24
split_gain=13.7998 6.60217 6.94223 5.65426 4.58945 3.55842 3.21322
threshold=-1.3796496987342832 -0.43074613809585566 -0.77088376879692067 0.4827828854322434 -0.027622518129646775 -4.0542285442352286 -1.1668486595153806
decision_type=2 8 10 2 2 8 2
left_child=4 2 -2 -3 5 -1 -6
right_child=1 3 -4 -5 6 -7 -8
leaf_value=-0.00033591570556669621 -2.2431217392922317e-05 -1.397160586346991e-05 3.8319653144105691e-05 2.0338140843037927e-05 0.00021872898503534513 -9.1068611980228757e-05 -2.587852578959517e-05
leaf_weight=3196 123762 852933 463884 352614 3006 86603 38531
leaf_count=3196 123762 852933 463884 352614 3006 86603 38531
internal_value=4.95761e-07 5.71851e-06 2.55251e-05 -3.93622e-06 -7.08123e-05 -9.97866e-05 -8.17128e-06
internal_weight=1.92453e+06 1.79319e+06 587646 1.20555e+06 131336 89799 41537
internal_count=1924529 1793193 587646 1205547 131336 89799 41537
is_linear=0
shrinkage=0.00720685


Tree=194
num_leaves=8
num_cat=0
split_feature=8 23 3 2 19 23 2
split_gain=10.1683 8.97331 8.25551 6.83087 4.97931 3.39328 1.92594
threshold=-0.86179551482200611 -1.1486204266548155 1.3618143200874331 0.4766934216022492 -0.48501698672771448 -1.6546568274497984 -1.2065610289573667
decision_type=8 10 8 2 8 10 2
left_child=1 6 3 -2 -3 -4 -1
right_child=2 4 5 -5 -6 -7 -8
leaf_value=-0.00032695102398396745 1.1327386403905112e-06 1.7395920756720738e-05 -0.00022475809358101946 3.3934374128059347e-05 -4.89005617475214e-05 -4.3870930441507632e-05 -0.00014268677791928503
leaf_weight=3385 1042623 88784 5680 482267 174462 103931 22741
leaf_count=3385 1042623 88784 5680 482267 174462 103931 22741
internal_value=1.92903e-07 -3.91843e-05 7.16428e-06 1.15067e-05 -2.65409e-05 -5.32465e-05 -0.000166573
internal_weight=1.92387e+06 289372 1.6345e+06 1.52489e+06 263246 109611 26126
internal_count=1923873 289372 1634501 1524890 263246 109611 26126
is_linear=0
shrinkage=0.00720685


Tree=195
num_leaves=8
num_cat=0
split_feature=0 23 19 9 5 12 17
split_gain=13.2601 6.68097 5.77676 5.73766 4.08752 3.97495 2.93762
threshold=-0.46726161241531367 0.11433927714824678 -0.34830620884895319 1.2894613146781924 -0.037747047841548913 inf -1.8013241887092588
decision_type=2 8 8 10 10 8 2
left_child=1 3 4 -1 -2 -4 -3
right_child=2 6 5 -5 -6 -7 -8
leaf_value=-8.4374050218090715e-05 -1.2089850270457825e-06 -0.00033842990422641717 -2.4016783881579223e-06 6.7838998755881597e-05 3.7458993456857617e-05 -0.00029612646314765729 -1.9159356766832803e-06
leaf_weight=163333 211584 1360 964572 13961 431649 2398 134901
leaf_count=163333 211584 1360 964572 13961 431649 2398 134901
internal_value=-3.46573e-07 -4.32237e-05 8.0029e-06 -7.23876e-05 2.47396e-05 -3.1304e-06 -5.27714e-06
internal_weight=1.92376e+06 313555 1.6102e+06 177294 643233 966970 136261
internal_count=1923758 313555 1610203 177294 643233 966970 136261
is_linear=0
shrinkage=0.00720685


Tree=196
num_leaves=8
num_cat=0
split_feature=1 23 8 6 12 23 6
split_gain=11.5956 5.98238 5.37813 4.53814 4.53241 4.20098 1.8005
threshold=1.2340094447135928 -1.7254721522331236 -0.88080900907516468 1.2435476779937746 0.80977880954742443 -1.1486204266548155 -1.3584715127944944
decision_type=2 8 10 8 8 10 10
left_child=2 6 5 -3 -4 -1 -2
right_child=1 3 4 -5 -6 -7 -8
leaf_value=-0.00014637667269840074 0.0004876200062544243 -3.0918288114377731e-05 1.5688650309210656e-05 -0.00012124300414401058 -1.9149051385380433e-05 -1.9610589226826646e-05 -0.0003842412784208471
leaf_weight=14581 127 158022 1285796 35354 228420 197244 3288
leaf_count=14581 127 158022 1285796 35354 228420 197244 3288
internal_value=-3.00571e-07 -5.27142e-05 5.67527e-06 -4.74326e-05 1.04333e-05 -2.83373e-05 -0.000351684
internal_weight=1.92283e+06 196791 1.72604e+06 193376 1.51422e+06 211825 3415
internal_count=1922832 196791 1726041 193376 1514216 211825 3415
is_linear=0
shrinkage=0.00720685


Tree=197
num_leaves=8
num_cat=0
split_feature=0 25 3 23 9 6 12
split_gain=13.2144 7.48874 7.15893 3.58347 4.03176 3.44424 3.20217
threshold=-1.7345324754714964 0.12610607594251635 -0.16953756660223004 -0.25528471171855921 1.3180012106895449 1.2435476779937746 1.0232952833175661
decision_type=2 8 8 8 10 10 8
left_child=3 2 -2 4 -1 -5 -3
right_child=1 6 -4 5 -6 -7 -8
leaf_value=-0.00016198071782742377 1.3829013202157733e-05 2.7393722419574249e-05 -2.2894512580382502e-05 -2.67253970131377e-05 0.00015485884604563366 -0.00016645809523496195 -2.6794619206161685e-05
leaf_weight=31919 472663 628370 661657 54495 2231 11013 62250
leaf_count=31919 472663 628370 661657 54495 2231 11013 62250
internal_value=-6.13646e-07 3.79932e-06 -7.59206e-06 -8.14236e-05 -0.000141277 -5.02193e-05 2.25093e-05
internal_weight=1.9246e+06 1.82494e+06 1.13432e+06 99658 34150 65508 690620
internal_count=1924598 1824940 1134320 99658 34150 65508 690620
is_linear=0
shrinkage=0.00720685


Tree=198
num_leaves=8
num_cat=0
split_feature=0 8 25 17 17 9 24
split_gain=12.9685 7.44284 6.18963 4.17397 3.03336 2.70166 1.84241
threshold=-2.1107227802276607 -0.90007662773132313 0.1320094168186188 -0.21035873889923093 0.058666164055466659 -4.0542285442352286 -1.341882526874542
decision_type=2 10 8 2 2 8 2
left_child=4 3 -3 -2 5 -1 -6
right_child=1 2 -4 -5 6 -7 -8
leaf_value=-0.0003472519404561057 -6.4360607818403004e-05 -1.0975492477460331e-06 2.83922519030414e-05 -3.7430386811940815e-06 0.00032228944287989559 -0.00010672550126259448 -2.6170704929600178e-05
leaf_weight=2535 117547 1038779 573898 118453 825 55850 17189
leaf_count=2535 117547 1038779 573898 118453 825 55850 17189
internal_value=6.24371e-08 3.86506e-06 9.39688e-06 -3.39357e-05 -9.19508e-05 -0.000117175 -1.01945e-05
internal_weight=1.92508e+06 1.84868e+06 1.61268e+06 236000 76399 58385 18014
internal_count=1925076 1848677 1612677 236000 76399 58385 18014
is_linear=0
shrinkage=0.00720685


Tree=199
num_leaves=8
num_cat=0
split_feature=0 9 23 25 19 21 4
split_gain=12.8413 6.7909 7.92675 4.19947 4.08409 3.31987 3.29095
threshold=-0.066314022988080965 1.2625771164894106 -0.25528471171855921 0.18293873965740207 -0.47469520568847651 inf -1.6055564880371092
decision_type=2 10 8 8 8 8 10
left_child=1 2 -1 4 -2 -5 -3
right_child=3 6 -4 5 -6 -7 -8
leaf_value=-7.5228715716316717e-05 2.6273496274743045e-05 -0.0001504450402346641 -1.5692008809314858e-05 2.9694703352206959e-05 -6.2146880150707995e-06 0.00035985562859753634 8.1227454772771755e-05
leaf_weight=178462 286669 3488 332651 412452 672272 1587 36515
leaf_count=178462 286669 3488 332651 412452 672272 1587 36515
internal_value=-1.62846e-08 -2.94027e-05 -3.64802e-05 1.17795e-05 3.49743e-06 3.09611e-05 6.10234e-05
internal_weight=1.9241e+06 551116 511113 1.37298e+06 958941 414039 40003
internal_count=1924096 551116 511113 1372980 958941 414039 40003
is_linear=0
shrinkage=0.00720685


Tree=200
num_leaves=8
num_cat=0
split_feature=0 6 4 2 6 24 9
split_gain=11.9894 6.36365 5.58227 5.27826 6.3273 4.28725 4.147
threshold=-0.10867495462298392 1.1292771697044375 -1.6584131121635435 0.39060607552528387 inf 0.80213463306427013 -0.059532806277275079
decision_type=2 8 8 2 8 2 8
left_child=1 2 -1 6 -5 -3 -2
right_child=3 5 -4 4 -6 -7 -8
leaf_value=-0.00019707032159928457 1.962669722218849e-05 -5.2732069262377418e-05 -1.2518240095461681e-05 3.0146034497002286e-05 -0.00062237525672796494 -0.00015891088098318902 -1.2350751082727529e-05
leaf_weight=8697 351378 79027 399611 532906 772 26333 525887
leaf_count=8697 351378 79027 399611 532906 772 26333 525887
internal_value=4.76218e-07 -2.93354e-05 -1.64497e-05 1.13295e-05 2.9201e-05 -7.92711e-05 4.57411e-07
internal_weight=1.92461e+06 513668 408308 1.41094e+06 533678 105360 877265
internal_count=1924611 513668 408308 1410943 533678 105360 877265
is_linear=0
shrinkage=0.00720685


Tree=201
num_leaves=8
num_cat=0
split_feature=8 23 2 23 12 19 9
split_gain=10.1101 8.10876 8.00687 5.97876 5.89743 4.06416 2.62585
threshold=-0.86179551482200611 -1.1486204266548155 0.16466792672872546 0.14085194468498233 inf -0.48501698672771448 -0.7831759750843047
decision_type=8 10 2 8 8 8 8
left_child=1 6 3 -2 -4 -3 -1
right_child=2 5 4 -5 -6 -7 -8
leaf_value=-0.00033556962086062476 -2.2124193266302417e-05 1.1853181231009942e-05 2.3917985095954721e-05 1.8068089337092147e-05 -0.0006054994111578195 -4.8014593151410433e-05 -0.00013114823753336544
leaf_weight=3829 573048 88954 773247 289258 773 174279 22109
leaf_count=3829 573048 88954 773247 289258 773 174279 22109
internal_value=-4.80125e-07 -3.97635e-05 6.46203e-06 -8.64178e-06 2.32886e-05 -2.77835e-05 -0.000161337
internal_weight=1.9255e+06 289171 1.63633e+06 862306 774020 263233 25938
internal_count=1925497 289171 1636326 862306 774020 263233 25938
is_linear=0
shrinkage=0.00720685


Tree=202
num_leaves=8
num_cat=0
split_feature=1 3 23 12 23 9 9
split_gain=11.6938 5.4069 7.02198 4.5982 3.97079 3.8129 0.625641
threshold=1.7552972435951235 -0.22512134909629819 -0.77497315406799305 0.14439313858747485 -1.7254721522331236 0.83145335316658031 1.8246328830718996
decision_type=2 8 8 10 8 10 8
left_child=1 3 -3 -1 6 -6 -2
right_child=4 2 -4 -5 5 -7 -8
leaf_value=3.3982142671890226e-05 -0.00048823550695348158 -5.3132836641389481e-05 8.3780427869470138e-07 -3.0903669351916299e-06 -9.1668791509250859e-05 8.5584116651366476e-05 -8.7295587550541345e-06
leaf_weight=435055 1428 143696 973174 289335 74485 6885 157
leaf_count=435055 1428 143696 973174 289335 74485 6885 157
internal_value=6.88366e-08 3.8399e-06 -6.10605e-06 1.91747e-05 -8.3632e-05 -7.66697e-05 -0.000440788
internal_weight=1.92422e+06 1.84126e+06 1.11687e+06 724390 82955 81370 1585
internal_count=1924215 1841260 1116870 724390 82955 81370 1585
is_linear=0
shrinkage=0.00720685


Tree=203
num_leaves=8
num_cat=0
split_feature=0 0 6 23 17 25 15
split_gain=13.1779 6.09719 5.74457 4.82108 4.20153 3.19706 1.16277
threshold=-0.85901182889938343 0.48819477856159216 0.64178076386451732 -1.7254721522331236 -0.12062744796276091 0.23987779766321185 4.2641630172729501
decision_type=2 2 8 8 2 8 2
left_child=3 2 -2 6 -5 -3 -1
right_child=1 5 -4 4 -6 -7 -8
leaf_value=-0.00033668485497677277 7.3093927808486274e-06 1.6386715441547933e-05 -2.8886419582864215e-05 -7.8355199112953723e-05 -1.2507722195342178e-05 5.577111381495411e-05 0.00051727456713906463
leaf_weight=3483 829752 430871 313885 113709 90297 142443 84
leaf_count=3483 829752 430871 313885 113709 90297 142443 84
internal_value=4.33623e-07 6.99077e-06 -2.62498e-06 -5.38038e-05 -4.92102e-05 2.61721e-05 -0.000316436
internal_weight=1.92452e+06 1.71695e+06 1.14364e+06 207573 204006 573314 3567
internal_count=1924524 1716951 1143637 207573 204006 573314 3567
is_linear=0
shrinkage=0.00720685


Tree=204
num_leaves=8
num_cat=0
split_feature=1 25 8 9 8 23 23
split_gain=11.2678 7.94219 6.3062 4.10145 2.97939 2.87978 0.828721
threshold=1.995536267757416 0.12890925258398059 -0.90007662773132313 -4.0542285442352286 -0.55256828665733326 -0.95659044384956349 1.0496751666069033
decision_type=2 8 10 8 8 8 10
left_child=1 2 -1 6 -3 -5 -2
right_child=3 4 -4 5 -6 -7 -8
leaf_value=-5.6030865815597044e-05 -0.00044431597847247235 2.9756527118427061e-06 -2.0985270001240912e-06 -0.00024981971951523659 3.3840646363420972e-05 -7.1036642828881707e-05 2.6371222491999287e-05
leaf_weight=126275 2086 254068 1040176 5215 450404 45533 214
leaf_count=126275 2086 254068 1040176 5215 450404 45533 214
internal_value=6.65566e-07 3.60239e-06 -7.93707e-06 -0.00010291 2.27092e-05 -8.94137e-05 -0.000400518
internal_weight=1.92397e+06 1.87092e+06 1.16645e+06 53048 704472 50748 2300
internal_count=1923971 1870923 1166451 53048 704472 50748 2300
is_linear=0
shrinkage=0.00720685


Tree=205
num_leaves=8
num_cat=0
split_feature=0 23 0 8 3 3 25
split_gain=12.3096 7.14134 4.94223 4.2961 4.42236 4.07611 1.75221
threshold=-0.11815134063363074 -0.25528471171855921 -2.6579675674438472 -0.86179551482200611 inf 1.6028897166252138 0.04113209247589112
decision_type=2 8 2 10 8 8 8
left_child=1 2 -1 6 -5 -3 -2
right_child=3 5 -4 4 -6 -7 -8
leaf_value=-0.00017900892147073755 -5.3767185415543083e-05 -2.4946464758836179e-06 -5.3598324492691829e-05 1.6587813833111025e-05 -0.00027427024732286094 -0.00010008428590154419 -4.4664664869439328e-06
leaf_weight=18143 62226 301506 162487 1258897 2720 23998 94015
leaf_count=18143 62226 301506 162487 1258897 2720 23998 94015
internal_value=6.54443e-07 -2.9856e-05 -6.61959e-05 1.15458e-05 1.59605e-05 -9.68986e-06 -2.41018e-05
internal_weight=1.92399e+06 506134 180630 1.41786e+06 1.26162e+06 325504 156241
internal_count=1923992 506134 180630 1417858 1261617 325504 156241
is_linear=0
shrinkage=0.00720685


Tree=206
num_leaves=8
num_cat=0
split_feature=1 8 2 9 24 9 15
split_gain=11.1791 6.57135 5.46916 4.1434 4.18652 3.553 3.17201
threshold=1.6575289368629458 -0.71608507633209217 0.4524665921926499 1.0298475623130801 -2.5997403860092159 -4.0542285442352286 -1.0308214426040647
decision_type=2 10 2 10 2 8 2
left_child=1 6 -3 5 -5 -2 -1
right_child=3 2 -4 4 -6 -7 -8
leaf_value=-8.4212168412661257e-05 -0.0003191071088558029 8.8579704974810992e-07 3.0825118837518599e-05 0.0012730159830041338 7.0534160503962835e-05 -7.9098406770796754e-05 -1.602262394391145e-05
leaf_weight=39568 3323 979111 468561 153 6510 88605 338889
leaf_count=39568 3323 979111 468561 153 6510 88605 338889
internal_value=-4.49603e-07 3.58608e-06 1.05761e-05 -7.51992e-05 9.83267e-05 -8.77777e-05 -2.31522e-05
internal_weight=1.92472e+06 1.82613e+06 1.44767e+06 98591 6663 91928 378457
internal_count=1924720 1826129 1447672 98591 6663 91928 378457
is_linear=0
shrinkage=0.00720685


Tree=207
num_leaves=8
num_cat=0
split_feature=1 19 8 10 9 18 8
split_gain=10.7052 6.50073 5.34695 3.55908 2.88429 2.48966 1.31219
threshold=1.995536267757416 -0.39375743269920344 -0.87129724025726307 -1.2192009091377256 0.83145335316658031 2.9168485403060918 2.7594432830810551
decision_type=2 8 8 10 10 10 10
left_child=1 3 -3 -1 5 -2 -6
right_child=4 2 -4 -5 6 -7 -8
leaf_value=-3.7611443508595121e-05 -9.9041263399898751e-05 -4.7247937371133916e-05 -1.5938927181898465e-06 2.53980565053626e-05 0.0001131871240491194 -0.00026328208463192028 -0.00037080849000465814
leaf_weight=50355 43067 152647 1048047 617695 3971 5394 313
leaf_count=50355 43067 152647 1048047 617695 3971 5394 313
internal_value=-2.29651e-07 2.62821e-06 -7.39805e-06 2.06486e-05 -0.000101482 -0.000117328 7.77452e-05
internal_weight=1.92149e+06 1.86874e+06 1.20069e+06 668050 52745 48461 4284
internal_count=1921489 1868744 1200694 668050 52745 48461 4284
is_linear=0
shrinkage=0.00720685


Tree=208
num_leaves=8
num_cat=0
split_feature=0 25 3 2 10 9 9
split_gain=11.759 7.836 6.30185 3.21289 3.01255 2.15365 1.78106
threshold=-2.1107227802276607 0.12890925258398059 -0.16953756660223004 -1.4982483983039854 -1.0628005266189573 -1.3694154620170591 -4.0542285442352286
decision_type=2 8 8 2 8 8 8
left_child=3 2 -2 6 -3 -5 -1
right_child=1 4 -4 5 -6 -7 -8
leaf_value=-0.00037103091659703791 1.2621098435164723e-05 -1.6837593490539172e-05 -2.1585867486464448e-05 -0.00014081122391966389 2.8841149049713805e-05 -2.2901206648502475e-05 -0.00013150823808815587
leaf_weight=1709 477365 85515 675617 10380 609141 35772 28414
leaf_count=1709 477365 85515 675617 10380 609141 35772 28414
internal_value=4.7673e-07 4.09687e-06 -7.42326e-06 -8.72138e-05 2.32179e-05 -4.94231e-05 -0.000145109
internal_weight=1.92391e+06 1.84764e+06 1.15298e+06 76275 694656 46152 30123
internal_count=1923913 1847638 1152982 76275 694656 46152 30123
is_linear=0
shrinkage=0.00720685


Tree=209
num_leaves=8
num_cat=0
split_feature=0 23 2 6 7 6 18
split_gain=12.3877 7.06272 5.60939 5.72988 5.40485 5.23399 4.49118
threshold=-0.11815134063363074 -0.25528471171855921 0.4766934216022492 inf 0.31557643413543707 0.98348805308341991 -0.78695037961006153
decision_type=2 8 2 8 2 8 10
left_child=1 4 6 -4 -1 -3 -2
right_child=2 5 3 -5 -6 -7 -8
leaf_value=-4.0289160615396539e-05 -2.6494250588867115e-05 5.6943903787304504e-06 3.2514786590880776e-05 -0.00058063295814819347 -0.00012561849030722955 -6.2106791792155121e-05 9.9029969328045172e-06
leaf_weight=124811 233257 248178 466369 792 55789 77633 718348
leaf_count=124811 233257 248178 466369 792 55789 77633 718348
internal_value=9.97627e-08 -3.04993e-05 1.10218e-05 3.14741e-05 -6.66488e-05 -1.04611e-05 9.81275e-07
internal_weight=1.92518e+06 506411 1.41877e+06 467161 180600 325811 951605
internal_count=1925177 506411 1418766 467161 180600 325811 951605
is_linear=0
shrinkage=0.00720685


Tree=210
num_leaves=8
num_cat=0
split_feature=1 23 19 23 23 8 3
split_gain=10.7425 5.79896 5.18405 3.65096 3.22915 3.16764 2.48108
threshold=1.0552190542221072 -1.1486204266548155 -0.43347939848899836 -1.2161045074462888 0.11433927714824678 -0.89057919383049 -0.1478186100721359
decision_type=2 8 8 10 8 8 10
left_child=2 6 3 -1 -3 -4 -2
right_child=1 4 5 -5 -6 -7 -8
leaf_value=-5.4373251997872469e-05 -1.3927217397471885e-05 -5.9899799889684156e-05 -3.8576147252201566e-05 2.8588302014892521e-05 -6.9926839207702385e-06 1.3761291941425004e-06 -0.00022293882948105456
leaf_weight=29077 3843 126638 114943 524775 113726 997991 12696
leaf_count=29077 3843 126638 114943 524775 113726 997991 12696
internal_value=-4.70188e-07 -4.38497e-05 6.21593e-06 2.42327e-05 -3.48675e-05 -2.75012e-06 -0.000174378
internal_weight=1.92369e+06 256903 1.66679e+06 553852 240364 1.11293e+06 16539
internal_count=1923689 256903 1666786 553852 240364 1112934 16539
is_linear=0
shrinkage=0.00720685


Tree=211
num_leaves=8
num_cat=0
split_feature=0 23 0 19 25 18 19
split_gain=11.9738 6.36663 5.28803 4.92859 3.87754 3.85348 2.71142
threshold=-0.29348309338092798 0.11433927714824678 -4.0809838771820059 -0.4288980364799499 0.17953269928693774 0.10529692098498346 -0.79761284589767445
decision_type=2 10 2 8 8 10 8
left_child=1 2 -1 5 -5 -2 -3
right_child=3 6 -4 4 -6 -7 -8
leaf_value=-0.00017941354363914619 1.4915997470237377e-05 0.00010650233996487936 -4.7959234928642694e-05 -9.4166175579567489e-06 2.1568698516694926e-05 5.9042535830832011e-05 -5.6602951997749546e-06
leaf_weight=17012 376578 12337 241754 717928 296355 141379 120745
leaf_count=17012 376578 12337 241754 717928 296355 141379 120745
internal_value=-2.18345e-07 -3.57694e-05 -5.66021e-05 8.87331e-06 -3.63236e-07 2.69607e-05 4.73792e-06
internal_weight=1.92409e+06 391848 258766 1.53224e+06 1.01428e+06 517957 133082
internal_count=1924088 391848 258766 1532240 1014283 517957 133082
is_linear=0
shrinkage=0.00720685


Tree=212
num_leaves=8
num_cat=0
split_feature=6 2 25 19 5 3 9
split_gain=9.21221 7.39591 4.91115 3.88188 3.61415 3.08028 1.9627
threshold=1.2645606994628908 0.4766934216022492 0.1320094168186188 -1.5209261178970335 -0.094798423349857316 -1.7313795685768125 -0.7831759750843047
decision_type=8 2 8 10 8 10 10
left_child=1 2 -1 6 -3 -5 -2
right_child=3 4 -4 5 -6 -7 -8
leaf_value=-1.6589308175448559e-05 -0.00048639235107317822 -2.1908244202181393e-06 1.345074272432521e-05 -0.00026965706465896397 3.842292007252173e-05 -4.1231748213878284e-05 -0.00014905071181824794
leaf_weight=746084 1456 160273 455077 3124 392483 163168 2330
leaf_count=746084 1456 160273 455077 3124 392483 163168 2330
internal_value=-7.96293e-08 4.83108e-06 -5.20818e-06 -5.07209e-05 2.66468e-05 -4.55247e-05 -0.00027888
internal_weight=1.924e+06 1.75392e+06 1.20116e+06 170078 552756 166292 3786
internal_count=1923995 1753917 1201161 170078 552756 166292 3786
is_linear=0
shrinkage=0.00720685


Tree=213
num_leaves=8
num_cat=0
split_feature=1 23 23 8 17 23 3
split_gain=8.78444 6.16063 4.85981 5.21925 4.32991 3.77021 3.26194
threshold=1.2340094447135928 -0.25528471171855921 0.015236856415867807 -0.86179551482200611 0.710445135831833 -1.7254721522331236 1.3858737945556643
decision_type=2 8 10 10 2 10 8
left_child=2 5 3 -1 -4 -2 -3
right_child=1 6 4 -5 -6 -7 -8
leaf_value=-4.7358650272515742e-05 -0.0003349444625485446 -3.0479169228086224e-06 2.9024977078897969e-05 1.1935394343502032e-06 -1.6322526344476417e-05 -8.9674330354845444e-05 -0.00010953754694103872
leaf_weight=131466 3431 113019 541262 917844 137051 63272 17215
leaf_count=131466 3431 113019 541262 917844 137051 63272 17215
internal_value=-3.696e-07 -4.59729e-05 4.82887e-06 -4.88948e-06 1.98626e-05 -0.000102295 -1.71252e-05
internal_weight=1.92456e+06 196937 1.72762e+06 1.04931e+06 678313 66703 130234
internal_count=1924560 196937 1727623 1049310 678313 66703 130234
is_linear=0
shrinkage=0.00720685


Tree=214
num_leaves=8
num_cat=0
split_feature=6 2 23 23 3 6 24
split_gain=8.58775 7.61373 6.4819 4.44836 3.90388 3.27813 1.73141
threshold=1.2435476779937746 0.4766934216022492 -0.11645151302218436 -1.6546568274497984 -2.5714427232742305 0.49942629039287573 -0.75318905711174
decision_type=8 2 8 10 10 10 2
left_child=1 2 -1 6 -5 -3 -2
right_child=3 5 -4 4 -6 -7 -8
leaf_value=-2.2444983345909709e-05 -5.0442845120163781e-05 3.6498954521183416e-05 1.1130233914652681e-05 -0.00033808646322774428 -3.5269519574186278e-05 -6.5198248637916962e-06 -0.00027439345893840822
leaf_weight=575147 2556 433768 621205 2240 166778 116768 6012
leaf_count=575147 2556 433768 621205 2240 166778 116768 6012
internal_value=3.41347e-07 5.19538e-06 -5.01106e-06 -4.74067e-05 -3.92848e-05 2.73747e-05 -0.000207601
internal_weight=1.92447e+06 1.74689e+06 1.19635e+06 177586 169018 550536 8568
internal_count=1924474 1746888 1196352 177586 169018 550536 8568
is_linear=0
shrinkage=0.00720685


Tree=215
num_leaves=8
num_cat=0
split_feature=0 23 0 2 6 6 23
split_gain=11.259 7.41304 5.50149 4.84257 5.33347 4.80239 2.79089
threshold=-0.10867495462298392 -0.25528471171855921 -2.9201146364212032 0.4766934216022492 inf 0.88694721460342418 -0.12145901471376418
decision_type=2 8 2 2 8 8 8
left_child=1 2 -1 6 -5 -3 -2
right_child=3 5 -4 4 -6 -7 -8
leaf_value=-0.00019680676849279013 -1.1680947926957467e-05 8.0395977922387198e-06 -5.4014848839400673e-05 3.0291331235309914e-05 -0.00056464960166631309 -5.3681135141430134e-05 1.3084640087531481e-05
leaf_weight=15289 466068 240331 167993 463999 783 89994 479477
leaf_count=15289 466068 240331 167993 463999 783 89994 479477
internal_value=-2.80688e-07 -2.91705e-05 -6.59273e-05 1.02403e-05 2.92879e-05 -8.77567e-06 8.77423e-07
internal_weight=1.92393e+06 513607 183282 1.41033e+06 464782 330325 945545
internal_count=1923934 513607 183282 1410327 464782 330325 945545
is_linear=0
shrinkage=0.00720685


Tree=216
num_leaves=8
num_cat=0
split_feature=0 25 3 17 9 12 24
split_gain=11.5479 6.37881 6.44957 3.98941 3.79239 3.21889 1.9565
threshold=-1.7345324754714964 0.1320094168186188 -0.36873702704906458 0.058666164055466659 -4.0542285442352286 1.0232952833175661 -1.229746341705322
decision_type=2 8 8 2 8 8 2
left_child=3 2 -2 4 -1 -3 -5
right_child=1 5 -4 6 -6 -7 -8
leaf_value=-0.00035573622195684521 1.7358685000951156e-05 2.6835317482259727e-05 -1.8526243380750475e-05 0.00025044268969315098 -9.1258722374545245e-05 -2.802109094101309e-05 -1.274843657028326e-05
leaf_weight=2930 398916 614455 747727 1565 71915 61079 23215
leaf_count=2930 398916 614455 747727 1565 71915 61079 23215
internal_value=1.77028e-07 4.30784e-06 -6.04188e-06 -7.53761e-05 -0.000101617 2.18754e-05 3.88147e-06
internal_weight=1.9218e+06 1.82218e+06 1.14664e+06 99625 74845 675534 24780
internal_count=1921802 1822177 1146643 99625 74845 675534 24780
is_linear=0
shrinkage=0.00720685


Tree=217
num_leaves=8
num_cat=0
split_feature=2 23 2 3 25 25 23
split_gain=8.20401 7.18394 5.31129 5.09949 4.57912 2.61338 1.24158
threshold=0.17193234711885455 0.15462619066238406 -1.1735221147537229 inf 0.12610607594251635 2.2467721700668339 0.17525005340576175
decision_type=2 10 2 8 10 8 10
left_child=1 2 -1 4 -2 -3 -5
right_child=3 5 -4 6 -6 -7 -8
leaf_value=-6.8191507168845601e-05 4.4987976600535558e-06 1.8301885778766578e-05 -1.7106637238341296e-05 -0.00078411245269331513 3.8350203479011002e-05 -0.00011340336525190869 -0.00023560884550164222
leaf_weight=129384 578806 306612 577661 474 323578 8029 393
leaf_count=129384 578806 306612 577661 474 323578 8029 393
internal_value=2.82666e-07 -1.37066e-05 -2.64549e-05 1.61062e-05 1.66373e-05 1.49406e-05 -0.000536039
internal_weight=1.92494e+06 1.02169e+06 707045 903251 902384 314641 867
internal_count=1924937 1021686 707045 903251 902384 314641 867
is_linear=0
shrinkage=0.00720685


Tree=218
num_leaves=8
num_cat=0
split_feature=0 5 21 2 2 24 4
split_gain=10.4518 5.72408 6.94079 5.91285 3.39657 3.01579 1.839
threshold=-1.3111191391944883 -0.47761943936347956 inf 0.31583088636398321 -2.1468886137008663 -1.2935146689414976 0.83335408568382274
decision_type=2 8 8 2 2 2 10
left_child=4 2 -2 -3 6 -6 -1
right_child=1 3 -4 -5 5 -7 -8
leaf_value=-0.00011535351298185837 -2.4117459417695292e-05 -9.5363180519441051e-07 0.00022680654931163188 2.8981682350561968e-05 0.00010253332610749909 -5.2000138856488994e-05 -0.00034627911018755332
leaf_weight=25855 368226 824113 5815 586666 7000 103929 1924
leaf_count=25855 368226 824113 5815 586666 7000 103929 1924
internal_value=1.66012e-07 4.84926e-06 -2.02159e-05 1.14948e-05 -6.0095e-05 -4.22475e-05 -0.00013136
internal_weight=1.92353e+06 1.78482e+06 374041 1.41078e+06 138708 110929 27779
internal_count=1923528 1784820 374041 1410779 138708 110929 27779
is_linear=0
shrinkage=0.00720685


Tree=219
num_leaves=8
num_cat=0
split_feature=6 2 23 23 8 5 8
split_gain=8.70827 7.90672 5.73025 5.67538 4.2238 3.3407 2.50587
threshold=0.68561649322509777 0.4766934216022492 -1.6546568274497984 -0.11119571700692175 -1.3307068943977354 -0.19064080715179441 -0.55911254882812489
decision_type=8 2 10 8 8 10 8
left_child=1 3 6 -1 -4 -3 -2
right_child=2 5 4 -5 -6 -7 -8
leaf_value=-2.1047716683946036e-05 -0.00024099870817811332 -1.369753367978492e-06 -0.0001303992523253353 1.368184768066835e-05 -1.7181244492545774e-05 4.351865395693583e-05 -8.0815400367001126e-05
leaf_weight=475430 8219 113358 17816 502908 434141 358244 13253
leaf_count=475430 8219 113358 17816 502908 434141 358244 13253
internal_value=-2.73249e-07 8.48933e-06 -2.71098e-05 -3.1952e-06 -2.16446e-05 3.27289e-05 -0.000142139
internal_weight=1.92337e+06 1.44994e+06 473429 978338 451957 471602 21472
internal_count=1923369 1449940 473429 978338 451957 471602 21472
is_linear=0
shrinkage=0.00720685


Tree=220
num_leaves=8
num_cat=0
split_feature=1 6 25 25 7 8 15
split_gain=9.1989 6.59774 5.14286 4.6465 4.37383 2.6411 2.3926
threshold=0.90511241555213939 1.2435476779937746 0.1320094168186188 -0.17353048175573346 -0.30458746850490565 -0.45022356510162348 0.097232311964035048
decision_type=2 8 10 10 2 10 2
left_child=2 4 3 -1 -2 -4 -3
right_child=1 6 5 -5 -6 -7 -8
leaf_value=1.7911081043893092e-05 3.2157866072057235e-05 -0.00015335817940100748 4.470456568164104e-06 -1.4287726258257235e-05 -3.7423084313689667e-05 3.6067581534618554e-05 -5.5183755254298639e-05
leaf_weight=355134 60939 29195 225951 675605 203971 350593 23095
leaf_count=355134 60939 29195 225951 675605 203971 350593 23095
internal_value=-5.52008e-07 -3.60199e-05 6.44764e-06 -3.19382e-06 -2.14168e-05 2.36846e-05 -0.00011
internal_weight=1.92448e+06 317200 1.60728e+06 1.03074e+06 264910 576544 52290
internal_count=1924483 317200 1607283 1030739 264910 576544 52290
is_linear=0
shrinkage=0.00720685


Tree=221
num_leaves=8
num_cat=0
split_feature=1 6 2 1 2 24 1
split_gain=9.02474 6.50427 6.12943 4.5542 2.64488 1.67926 1.10115
threshold=1.995536267757416 0.59035843610763561 0.4766934216022492 0.69108641147613536 -1.4025261402130125 -0.97625565528869618 2.263502955436707
decision_type=2 8 2 2 2 2 2
left_child=1 2 -1 -3 6 -6 -2
right_child=4 3 -4 -5 5 -7 -8
leaf_value=7.407439121703068e-08 -8.7153718317967469e-05 -6.1214726521308828e-06 3.2661157006573268e-05 -5.4257985485450615e-05 0.00010513664634730331 -6.7261104301776382e-05 -0.00019024774100860289
leaf_weight=906547 8667 374526 447917 140333 3293 26896 14209
leaf_count=906547 8667 374526 447917 140333 3293 26896 14209
internal_value=-6.86158e-08 2.56229e-06 1.08506e-05 -1.9242e-05 -9.27465e-05 -4.84525e-05 -0.000151195
internal_weight=1.92239e+06 1.86932e+06 1.35446e+06 514859 53065 30189 22876
internal_count=1922388 1869323 1354464 514859 53065 30189 22876
is_linear=0
shrinkage=0.00720685


Tree=222
num_leaves=8
num_cat=0
split_feature=0 6 23 3 23 7 6
split_gain=10.0998 6.19193 4.37043 4.05027 3.37803 3.42851 2.7358
threshold=-2.1107227802276607 0.53970566391944896 -1.6546568274497984 -0.40553322434425348 0.11433927714824678 0.33782425522804266 1.2645606994628908
decision_type=2 8 8 10 8 2 8
left_child=4 3 -3 -2 5 -1 -6
right_child=1 2 -4 -5 6 -7 -8
leaf_value=-6.3180605913588469e-05 2.7147635059840408e-05 -0.00015409070196676093 -1.3658416237292316e-05 1.4284933571782343e-06 -2.4674925892987487e-06 -0.00019508859515461659 -0.00017959187880443479
leaf_weight=21759 549242 11764 531583 755455 30053 19325 5332
leaf_count=21759 549242 11764 531583 755455 30053 19325 5332
internal_value=3.84112e-07 3.74251e-06 -1.66992e-05 1.22556e-05 -8.07777e-05 -0.000125231 -2.91623e-05
internal_weight=1.92451e+06 1.84804e+06 543347 1.3047e+06 76469 41084 35385
internal_count=1924513 1848044 543347 1304697 76469 41084 35385
is_linear=0
shrinkage=0.00720685


Tree=223
num_leaves=8
num_cat=0
split_feature=0 9 1 16 9 6 4
split_gain=10.4929 5.8222 5.73477 5.68342 8.87994 6.82531 3.48416
threshold=-0.03539846092462539 1.602991044521332 1.995536267757416 1.7928737401962282 1.3838062882423403 inf -1.4495887756347654
decision_type=2 10 2 2 10 8 10
left_child=1 2 -1 5 -5 -2 -3
right_child=3 6 -4 4 -6 -7 -8
leaf_value=-2.2633901928797935e-05 1.06278635482034e-05 -0.00016464700086283481 -0.00010237641924639937 0.00014194488981124554 0.0011702180411082314 -0.00043407815166657043 0.00012149085503007359
leaf_weight=507261 1332748 2490 51606 7840 461 1794 19615
leaf_count=507261 1332748 2490 51606 7840 461 1794 19615
internal_value=1.28411e-07 -2.54601e-05 -2.99976e-05 1.11992e-05 0.00019918 1.00297e-05 8.92523e-05
internal_weight=1.92382e+06 580972 558867 1.34284e+06 8301 1.33454e+06 22105
internal_count=1923815 580972 558867 1342843 8301 1334542 22105
is_linear=0
shrinkage=0.00720685


Tree=224
num_leaves=8
num_cat=0
split_feature=8 23 3 2 17 18 3
split_gain=10.0245 8.12159 6.51368 5.30666 4.55167 3.91641 2.41201
threshold=-0.85258123278617848 -1.1486204266548155 1.3858737945556643 0.49334298074245458 -1.1795355081558225 2.3763915300369267 0.071668885648250594
decision_type=10 10 8 2 2 8 8
left_child=1 6 3 -2 -3 -4 -1
right_child=2 4 5 -5 -6 -7 -8
leaf_value=-7.5270261692307258e-05 1.5580449597262732e-06 -0.0001233305420134012 -2.7441116905353118e-05 3.0708265104380598e-05 -1.7739773160667671e-05 -0.0001416005857979752 -0.00021365927815157143
leaf_weight=11002 1055419 23193 83731 468276 247113 19184 16141
leaf_count=11002 1055419 23193 83731 468276 247113 19184 16141
internal_value=-2.65765e-07 -3.8734e-05 6.7687e-06 1.05168e-05 -2.68002e-05 -4.87225e-05 -0.000157571
internal_weight=1.92406e+06 297449 1.62661e+06 1.5237e+06 270306 102915 27143
internal_count=1924059 297449 1626610 1523695 270306 102915 27143
is_linear=0
shrinkage=0.00720685


Tree=225
num_leaves=8
num_cat=0
split_feature=0 25 3 2 3 18 17
split_gain=10.1411 5.57753 5.01913 4.04522 4.93017 4.75125 3.92169
threshold=-0.11815134063363074 0.12060779705643655 -0.083276137709617601 0.42869260907173162 inf -0.78695037961006153 -1.0165258049964903
decision_type=2 8 8 2 8 10 2
left_child=1 2 -1 5 -5 -2 -3
right_child=3 6 -4 4 -6 -7 -8
leaf_value=-3.398553825917427e-06 -2.8066222154233881e-05 -0.00010769116117365486 -6.7362780513815875e-05 2.7130016877801724e-05 -0.00053698853431596524 1.0161972271591486e-05 1.0017505499729597e-05
leaf_weight=92097 223598 15922 206761 503744 805 689790 191569
leaf_count=92097 223598 15922 206761 503744 805 689790 191569
internal_value=-3.58094e-08 -2.77215e-05 -4.76515e-05 9.85083e-06 2.62289e-05 8.03637e-07 9.84457e-07
internal_weight=1.92429e+06 506349 298858 1.41794e+06 504549 913388 207491
internal_count=1924286 506349 298858 1417937 504549 913388 207491
is_linear=0
shrinkage=0.00720685


Tree=226
num_leaves=8
num_cat=0
split_feature=1 6 2 1 9 9 17
split_gain=8.76266 5.26131 5.86948 3.93165 3.69171 2.75031 0.900315
threshold=1.995536267757416 0.54983797669410717 0.4766934216022492 0.61072978377342235 -4.0542285442352286 0.92278203368186962 0.28329265117645269
decision_type=2 8 2 2 8 10 2
left_child=1 2 -1 -3 6 -6 -2
right_child=4 3 -4 -5 5 -7 -8
leaf_value=4.7887267094304082e-08 -0.00041404086184361748 -3.223817672465764e-06 3.2239669210395162e-05 -4.55177657282691e-05 -9.3355578048165083e-05 0.00010899042824992361 9.8153085540468623e-05
leaf_weight=886265 2139 381804 440325 162851 46646 3770 194
leaf_count=886265 2139 381804 440325 162851 46646 3770 194
internal_value=4.07593e-07 2.98991e-06 1.07331e-05 -1.58697e-05 -9.11967e-05 -7.82223e-05 -0.000371416
internal_weight=1.92399e+06 1.87124e+06 1.32659e+06 544655 52749 50416 2333
internal_count=1923994 1871245 1326590 544655 52749 50416 2333
is_linear=0
shrinkage=0.00720685


Tree=227
num_leaves=8
num_cat=0
split_feature=0 25 3 17 3 21 23
split_gain=9.89375 6.35969 5.57758 3.76041 3.19285 2.7088 2.38921
threshold=-1.3796496987342832 0.12333616986870767 -0.072540752589702592 -0.17080808430910108 1.910796105861664 inf 0.11433927714824678
decision_type=2 8 8 2 8 8 10
left_child=3 2 -2 6 -5 -3 -1
right_child=1 5 -4 4 -6 -7 -8
leaf_value=-0.00012086049711887777 1.2469457170975466e-05 2.1973537291874448e-05 -1.9996249310764053e-05 1.5126874157574808e-07 -0.00018485243840868953 0.00029326839445109273 -3.0096889394024385e-05
leaf_weight=51117 504392 681250 603921 53569 5326 1916 21359
leaf_count=51117 504392 681250 603921 53569 5326 1916 21359
internal_value=1.01275e-06 5.43965e-06 -5.22112e-06 -5.93554e-05 -1.65813e-05 2.27348e-05 -9.41132e-05
internal_weight=1.92285e+06 1.79148e+06 1.10831e+06 131371 58895 683166 72476
internal_count=1922850 1791479 1108313 131371 58895 683166 72476
is_linear=0
shrinkage=0.00720685


Tree=228
num_leaves=8
num_cat=0
split_feature=0 23 9 12 0 25 19
split_gain=10.4768 6.66699 5.17275 4.03943 6.21488 4.019 3.70756
threshold=-0.10867495462298392 -0.25528471171855921 1.1424399614334109 inf 0.032326010987162597 0.17645315080881122 -0.46419374644756312
decision_type=2 8 10 8 2 8 8
left_child=1 2 -1 6 -5 -3 -2
right_child=3 5 -4 4 -6 -7 -8
leaf_value=-7.6227543165738746e-05 2.7979629644291537e-05 -3.0180606187447063e-05 4.4471746291501411e-05 0.00011312871154789318 -0.00063085434954573809 2.0581186138752051e-05 2.8371310548809483e-06
leaf_weight=162666 445819 188530 20799 1080 1266 142042 961830
leaf_count=162666 445819 188530 20799 1080 1266 142042 961830
internal_value=1.47874e-07 -2.77046e-05 -6.25438e-05 1.0302e-05 -0.000288437 -8.36893e-06 1.08001e-05
internal_weight=1.92403e+06 514037 183465 1.41e+06 2346 330572 1.40765e+06
internal_count=1924032 514037 183465 1409995 2346 330572 1407649
is_linear=0
shrinkage=0.00720685


Tree=229
num_leaves=8
num_cat=0
split_feature=0 9 6 18 18 13 8
split_gain=10.5947 5.82036 5.20391 4.92262 4.53808 13.8859 4.14559
threshold=-0.07494065165519713 1.2894613146781924 1.2435476779937746 3.9354243278503422 3.9354243278503422 -1.5702322125434873 -0.89057919383049
decision_type=2 10 8 10 10 10 10
left_child=1 2 -1 -3 6 -6 -2
right_child=4 3 -4 -5 5 -7 -8
leaf_value=-2.3064187586369521e-05 -2.7883246886726175e-05 3.4101808175642644e-05 -8.4082523286554901e-05 0.00033153552234332077 -0.00013243363648472828 0.0027808260010768649 1.4246033423935944e-05
leaf_weight=416847 134389 34915 87902 3150 270 123 1246752
leaf_count=416847 134389 34915 87902 3150 270 123 1246752
internal_value=-2.32362e-07 -2.721e-05 -3.36907e-05 5.87237e-05 1.03673e-05 0.000783765 1.01467e-05
internal_weight=1.92435e+06 542814 504749 38065 1.38153e+06 393 1.38114e+06
internal_count=1924348 542814 504749 38065 1381534 393 1381141
is_linear=0
shrinkage=0.00720685


Tree=230
num_leaves=8
num_cat=0
split_feature=1 25 3 12 9 18 5
split_gain=8.88334 6.59041 6.43269 2.96044 2.72901 2.49659 1.89232
threshold=1.995536267757416 0.1320094168186188 -0.11468847095966338 1.0232952833175661 0.8957296907901765 2.9168485403060918 1.1533076167106631
decision_type=2 8 8 8 10 10 10
left_child=1 2 -1 -3 5 -2 -6
right_child=4 3 -4 -5 6 -7 -8
leaf_value=1.1707147327751478e-05 -8.8290903569462859e-05 2.5088074342210825e-05 -2.2338602624442513e-05 -2.6327741039115942e-05 6.6051120191725708e-05 -0.00025233509090427224 0.0010960671122407575
leaf_weight=508512 43668 634055 665429 64037 3836 5416 94
leaf_count=508512 43668 634055 665429 64037 3836 5416 94
internal_value=2.31032e-07 2.83633e-06 -7.5911e-06 2.03716e-05 -9.17653e-05 -0.000106397 9.09516e-05
internal_weight=1.92505e+06 1.87203e+06 1.17394e+06 698092 53014 49084 3930
internal_count=1925047 1872033 1173941 698092 53014 49084 3930
is_linear=0
shrinkage=0.00720685


Tree=231
num_leaves=8
num_cat=0
split_feature=0 23 9 2 12 9 4
split_gain=9.44603 6.15765 5.57804 4.24523 5.07784 4.41563 3.9413
threshold=-0.10867495462298392 -0.25528471171855921 1.5535808801651003 0.37551006674766546 inf -0.099286917597055421 -2.0131645202636714
decision_type=2 8 10 2 8 8 8
left_child=1 2 -1 5 -5 -2 -3
right_child=3 6 -4 4 -6 -7 -8
leaf_value=-6.9827311497775688e-05 2.0511721480937779e-05 -0.00015006829538768447 0.00010051832704699881 2.6142832925278487e-05 -0.00055172226408424952 -1.3066500265373433e-05 -3.5812547545853979e-06
leaf_weight=172919 327178 9831 10595 545014 790 537692 320890
leaf_count=172919 327178 9831 10595 545014 790 537692 320890
internal_value=-7.11918e-08 -2.65134e-05 -5.9992e-05 9.56781e-06 2.53054e-05 -3.63911e-07 -7.93622e-06
internal_weight=1.92491e+06 514235 183514 1.41067e+06 545804 864870 330721
internal_count=1924909 514235 183514 1410674 545804 864870 330721
is_linear=0
shrinkage=0.00720685


Tree=232
num_leaves=8
num_cat=0
split_feature=1 8 3 15 9 6 24
split_gain=8.84384 6.16543 5.11714 3.52118 3.4037 2.96033 1.80695
threshold=1.995536267757416 -0.85258123278617848 1.752971947193146 -1.0308214426040647 0.90944528579711925 1.1292771697044375 -1.2084641456604002
decision_type=2 10 8 2 10 8 2
left_child=1 3 -3 -1 5 -2 -6
right_child=4 2 -4 -5 6 -7 -8
leaf_value=-9.7523903191569326e-05 -7.2778672727927225e-05 1.0692351931623555e-05 -7.3343700780620428e-05 -1.8642573129730346e-05 0.00034822853870116832 -0.00019793540381947105 9.8494967102321391e-06
leaf_weight=33405 35769 1554928 38567 244643 1199 13529 2587
leaf_count=33405 35769 1554928 38567 244643 1199 13529 2587
internal_value=5.92522e-07 3.19436e-06 8.65839e-06 -2.81199e-05 -9.11365e-05 -0.000107129 0.000117079
internal_weight=1.92463e+06 1.87154e+06 1.5935e+06 278048 53084 49298 3786
internal_count=1924627 1871543 1593495 278048 53084 49298 3786
is_linear=0
shrinkage=0.00720685


Tree=233
num_leaves=8
num_cat=0
split_feature=25 8 5 23 23 25 7
split_gain=7.60684 6.74683 7.1594 3.61295 3.23768 2.81926 1.55947
threshold=0.12890925258398059 -0.9104524254798888 -0.71877631545066822 -1.1486204266548155 -1.7254721522331236 1.6265048980712893 -0.11564347520470618
decision_type=10 8 8 10 10 8 2
left_child=1 3 -3 -1 6 -6 -2
right_child=4 2 -4 -5 5 -7 -8
leaf_value=-0.00015278961014420821 7.7118707713694738e-06 -4.2630973753221255e-05 4.0114816656223011e-06 -4.4151669673786054e-05 2.4681116450112234e-05 -3.5213084528067234e-05 -0.00017226969839710435
leaf_weight=18389 3977 211921 883535 117446 638487 43605 6732
leaf_count=18389 3977 211921 883535 117446 638487 43605 6732
internal_value=-2.03502e-07 -1.09523e-05 -5.01172e-06 -5.88599e-05 1.88999e-05 2.08521e-05 -0.000105433
internal_weight=1.92409e+06 1.23129e+06 1.09546e+06 135835 692801 682092 10709
internal_count=1924092 1231291 1095456 135835 692801 682092 10709
is_linear=0
shrinkage=0.00720685


Tree=234
num_leaves=8
num_cat=0
split_feature=1 25 3 9 23 4 23
split_gain=7.66995 6.47463 5.5202 3.49129 3.33506 2.45121 1.58487
threshold=1.9249535799026491 0.12610607594251635 -0.16953756660223004 0.90944528579711925 -0.52457907795906056 -1.4175723195075987 -1.7254721522331236
decision_type=2 8 8 10 8 10 8
left_child=1 2 -1 4 -2 -3 -5
right_child=3 5 -4 6 -6 -7 -8
leaf_value=1.1047774931472974e-05 -0.00020366725853855573 -3.6936328203805787e-05 -2.093973722469267e-05 -0.00039863419858910814 -6.6671864778880462e-05 2.3115740352756723e-05 0.00014765343520922717
leaf_weight=478127 11654 37259 676929 294 44368 672234 4260
leaf_count=478127 11654 37259 676929 294 44368 672234 4260
internal_value=2.33791e-07 2.82666e-06 -7.69872e-06 -7.9574e-05 -9.51738e-05 1.9962e-05 0.000112305
internal_weight=1.92512e+06 1.86455e+06 1.15506e+06 60576 56022 709493 4554
internal_count=1925125 1864549 1155056 60576 56022 709493 4554
is_linear=0
shrinkage=0.00720685


Tree=235
num_leaves=8
num_cat=0
split_feature=8 12 17 19 9 9 19
split_gain=8.14234 5.30439 5.29318 4.48476 4.27314 3.30574 2.70056
threshold=-0.81626507639884938 1.0232952833175661 -0.21035873889923093 -0.3734097927808761 -0.0075002268422394982 -4.0542285442352286 -0.48501698672771448
decision_type=10 8 2 8 8 10 8
left_child=2 3 5 -2 -3 -1 -4
right_child=1 4 6 -5 -6 -7 -8
leaf_value=-0.0002234575891728792 2.7090296522075543e-05 -6.8635011721987146e-05 4.1119007437359014e-05 6.8640930797460224e-07 4.517140192173627e-06 -5.5973267454689669e-05 -2.3223881344546976e-05
leaf_weight=6369 531773 84066 47691 898885 81860 156684 116985
leaf_count=6369 531773 84066 47691 898885 81860 156684 116985
internal_value=-6.89398e-07 6.0271e-06 -3.34099e-05 1.05007e-05 -3.25452e-05 -6.25168e-05 -4.58957e-06
internal_weight=1.92431e+06 1.59658e+06 327729 1.43066e+06 165926 163053 164676
internal_count=1924313 1596584 327729 1430658 165926 163053 164676
is_linear=0
shrinkage=0.00720685


Tree=236
num_leaves=8
num_cat=0
split_feature=1 8 5 15 2 13 24
split_gain=8.50102 6.26807 5.38937 3.08117 2.27753 1.55995 1.31011
threshold=1.995536267757416 -0.90007662773132313 -0.54939270019531239 -1.0308214426040647 0.13667105138301852 -1.7376555204391477 -1.3945489525794981
decision_type=2 8 8 2 2 8 2
left_child=1 3 -3 -1 5 -2 -6
right_child=4 2 -4 -5 6 -7 -8
leaf_value=-0.00010003507571628448 -0.00018225025971818176 -1.7783083566766641e-05 1.4461535385721741e-05 -2.1930631416442039e-05 0.00029305038358128625 -8.574667493719797e-05 -1.8132099115386487e-05
leaf_weight=29947 12267 340295 1289057 211530 755 29935 9975
leaf_count=29947 12267 340295 1289057 211530 755 29935 9975
internal_value=1.00411e-07 2.64873e-06 7.72713e-06 -3.16173e-05 -8.99652e-05 -0.000113802 3.78524e-06
internal_weight=1.92376e+06 1.87083e+06 1.62935e+06 241477 52932 42202 10730
internal_count=1923761 1870829 1629352 241477 52932 42202 10730
is_linear=0
shrinkage=0.00720685


Tree=237
num_leaves=8
num_cat=0
split_feature=6 2 21 19 19 8 18
split_gain=8.00198 6.59752 5.30646 3.74597 3.66094 2.91038 1.86706
threshold=1.2645606994628908 0.40631696581840521 inf -1.5209261178970335 -0.34830620884895319 1.577986001968384 2.493995308876038
decision_type=8 2 8 10 8 10 8
left_child=1 2 -1 6 -3 -5 -2
right_child=3 4 -4 5 -6 -7 -8
leaf_value=-6.4203658320455459e-06 -0.00017510672958379525 4.4454650177563208e-05 0.00046098798864818995 -5.2829011137675179e-05 8.7111880136835185e-06 4.450844035957758e-05 -0.00053790761279363692
leaf_weight=1137824 2746 252547 1262 148209 362400 17878 1007
leaf_count=1137824 2746 252547 1262 148209 362400 17878 1007
internal_value=-2.06023e-07 4.36756e-06 -5.90212e-06 -4.74399e-05 2.33904e-05 -4.2351e-05 -0.000272571
internal_weight=1.92387e+06 1.75403e+06 1.13909e+06 169840 614947 166087 3753
internal_count=1923873 1754033 1139086 169840 614947 166087 3753
is_linear=0
shrinkage=0.00720685


Tree=238
num_leaves=8
num_cat=0
split_feature=1 6 23 25 25 9 21
split_gain=8.0445 5.88768 6.12803 4.79535 4.17773 3.38034 2.19017
threshold=0.88742917776107799 1.2238798737525942 0.11433927714824678 0.12610607594251635 -0.17353048175573346 1.3180012106895449 inf
decision_type=2 8 8 10 8 10 8
left_child=3 2 -2 4 -1 -3 -5
right_child=1 5 -4 6 -6 -7 -8
leaf_value=1.8140786514278161e-05 -4.9395425447839323e-05 -0.0001108412327318273 1.9685518011566762e-05 2.2712630268231332e-05 -1.2829054109013374e-05 0.00018900422884680299 0.00026975271711753072
leaf_weight=341069 148306 53413 121199 584069 671904 2026 1869
leaf_count=341069 148306 53413 121199 584069 671904 2026 1869
internal_value=4.47236e-07 -3.22428e-05 -1.8329e-05 7.09081e-06 -2.40145e-06 -9.988e-05 2.35011e-05
internal_weight=1.92386e+06 324944 269505 1.59891e+06 1.01297e+06 55439 585938
internal_count=1923855 324944 269505 1598911 1012973 55439 585938
is_linear=0
shrinkage=0.00720685


Tree=239
num_leaves=8
num_cat=0
split_feature=1 19 23 6 23 6 23
split_gain=8.4333 5.54394 3.61498 4.57478 3.2346 3.13641 2.17994
threshold=1.536126494407654 -0.39375743269920344 -0.25528471171855921 1.287861227989197 -1.2161045074462888 inf -1.7254721522331236
decision_type=2 8 8 8 10 8 10
left_child=1 4 6 -4 -1 -3 -2
right_child=2 5 3 -5 -6 -7 -8
leaf_value=-4.764290237580534e-05 -0.00033734773730278891 -5.9613666757953874e-06 -6.6126947275394967e-06 -0.00015160022378893045 2.3658396149799362e-05 -0.00026840756185887379 -0.00010208211550923308
leaf_weight=34922 2160 1149896 66739 13607 614759 2369 38434
leaf_count=34922 2160 1149896 66739 13607 614759 2369 38434
internal_value=-9.19244e-07 2.9908e-06 -5.91767e-05 -3.11689e-05 1.98257e-05 -6.50118e-06 -0.000114609
internal_weight=1.92289e+06 1.80195e+06 120940 80346 649681 1.15226e+06 40594
internal_count=1922886 1801946 120940 80346 649681 1152265 40594
is_linear=0
shrinkage=0.00720685


Tree=240
num_leaves=8
num_cat=0
split_feature=0 8 12 17 17 9 1
split_gain=9.30155 5.69246 5.01173 3.67358 3.04018 2.55886 1.81272
threshold=-2.1107227802276607 -0.86179551482200611 0.19871816039085391 -0.32941389083862299 0.0083966301754117029 -4.0542285442352286 2.263502955436707
decision_type=2 10 8 2 2 8 2
left_child=4 3 -3 -2 5 -1 -6
right_child=1 2 -4 -5 6 -7 -8
leaf_value=-0.00032857727257746828 -5.8807368601655872e-05 1.9496337916408296e-05 -6.3140507092733063e-06 -4.50937074051825e-06 4.0838792617399833e-05 -9.493435254436513e-05 -0.00011041213353987589
leaf_weight=2550 114323 885421 699381 149145 14402 53531 5761
leaf_count=2550 114323 885421 699381 149145 14402 53531 5761
internal_value=-2.68827e-07 2.94915e-06 8.10607e-06 -2.80704e-05 -7.82769e-05 -0.000105564 -2.3787e-06
internal_weight=1.92451e+06 1.84827e+06 1.5848e+06 263468 76244 56081 20163
internal_count=1924514 1848270 1584802 263468 76244 56081 20163
is_linear=0
shrinkage=0.00720685


Tree=241
num_leaves=8
num_cat=0
split_feature=0 9 25 19 16 5 12
split_gain=9.17008 6.1847 5.08795 3.73777 3.73422 3.05806 2.57435
threshold=-0.02780252136290073 1.2625771164894106 0.12890925258398059 -0.47469520568847651 1.7928737401962282 0.16887143254280093 2.6878126859664921
decision_type=2 10 8 8 2 10 10
left_child=1 2 -1 5 -5 -2 -3
right_child=3 6 -4 4 -6 -7 -8
leaf_value=-4.7997131648902366e-05 5.8114206254113274e-06 7.1695942625171993e-05 -3.1754550656138544e-06 1.3797548249488359e-06 0.00016893717847060619 4.5338834083979217e-05 -0.00022239416164670115
leaf_weight=325384 175783 40735 220803 911397 6960 241079 1606
leaf_count=325384 175783 40735 220803 911397 6960 241079 1606
internal_value=3.27414e-07 -2.33727e-05 -2.98775e-05 1.07738e-05 2.64983e-06 2.8671e-05 6.05357e-05
internal_weight=1.92375e+06 588528 546187 1.33522e+06 918357 416862 42341
internal_count=1923747 588528 546187 1335219 918357 416862 42341
is_linear=0
shrinkage=0.00720685


Tree=242
num_leaves=8
num_cat=0
split_feature=2 23 6 2 6 6 23
split_gain=7.8133 6.54073 4.95643 4.40154 4.07059 2.2717 1.14551
threshold=0.16466792672872546 -0.12145901471376418 inf -2.0485633611679073 0.45940418541431433 1.2645606994628908 1.674608111381531
decision_type=2 8 8 2 10 8 10
left_child=1 3 4 -1 -2 -3 -4
right_child=2 5 6 -5 -6 -7 -8
leaf_value=-0.00011364819194040569 2.5764653612858474e-05 9.0964779410544333e-06 -0.00064698358752718159 -2.6807293334135735e-05 -8.0157333056039415e-06 -3.9391202819117366e-05 0.00028089762944321462
leaf_weight=32508 651011 476170 708 449111 258979 56097 76
leaf_count=32508 651011 476170 708 449111 258979 56097 76
internal_value=3.36526e-07 -1.34259e-05 1.56571e-05 -3.26691e-05 1.61509e-05 3.98613e-06 -0.000556773
internal_weight=1.92466e+06 1.01389e+06 910774 481619 909990 532267 784
internal_count=1924660 1013886 910774 481619 909990 532267 784
is_linear=0
shrinkage=0.00720685


Tree=243
num_leaves=8
num_cat=0
split_feature=0 23 9 2 6 9 19
split_gain=9.22238 5.59166 4.82471 4.34733 5.06847 4.16386 2.96301
threshold=-0.29348309338092798 0.15462619066238406 1.2894613146781924 0.37551006674766546 inf -0.059532806277275079 -0.78763887286186207
decision_type=2 10 10 2 8 8 8
left_child=1 2 -1 5 -5 -2 -3
right_child=3 6 -4 4 -6 -7 -8
leaf_value=-5.9051440616859406e-05 1.6090054325635343e-05 0.00011468427774795552 5.7853557196785263e-05 2.3771253867267357e-05 -0.00055171726025162284 -1.4633053292505717e-05 -3.4772852442025188e-06
leaf_weight=246061 389472 12208 19811 585696 795 556476 113399
leaf_count=246061 389472 12208 19811 585696 795 556476 113399
internal_value=-4.00717e-07 -3.16191e-05 -5.03402e-05 7.57437e-06 2.29902e-05 -1.9835e-06 8.00765e-06
internal_weight=1.92392e+06 391479 265872 1.53244e+06 586491 945948 125607
internal_count=1923918 391479 265872 1532439 586491 945948 125607
is_linear=0
shrinkage=0.00720685


Tree=244
num_leaves=8
num_cat=0
split_feature=1 8 23 19 23 2 23
split_gain=7.75213 6.46286 8.28197 5.02072 2.77311 1.8946 0.947311
threshold=1.995536267757416 -0.57986372709274281 -1.085238993167877 -0.37830705940723414 -0.93786367774009693 -1.3169377446174619 -1.7254721522331236
decision_type=2 8 10 8 8 2 10
left_child=1 2 -1 -3 6 -6 -2
right_child=4 3 -4 -5 5 -7 -8
leaf_value=-0.00011204714413160459 -0.00043344174097705555 3.0728809033924484e-05 -9.5826067474304973e-06 1.3380953221610901e-06 -0.00011845553859408179 -2.6656748046535868e-05 -0.00019213454740398241
leaf_weight=44696 1036 461399 491518 873185 21007 26294 4596
leaf_count=44696 1036 461399 491518 873185 21007 26294 4596
internal_value=5.75038e-07 3.00858e-06 -1.81237e-05 1.14992e-05 -8.54312e-05 -6.74279e-05 -0.000236593
internal_weight=1.92373e+06 1.8708e+06 536214 1.33458e+06 52933 47301 5632
internal_count=1923731 1870798 536214 1334584 52933 47301 5632
is_linear=0
shrinkage=0.00720685


Tree=245
num_leaves=8
num_cat=0
split_feature=0 0 4 2 9 23 9
split_gain=8.84774 5.437 4.40251 3.42938 3.14788 2.97339 2.49556
threshold=-1.5339450240135191 0.48819477856159216 0.51236233115196239 -2.1468886137008663 0.28267420828342443 0.10744610056281091 0.95216166973114025
decision_type=2 2 10 2 8 8 10
left_child=3 2 -2 5 -3 -1 -5
right_child=1 4 -4 6 -6 -7 -8
leaf_value=-0.00020199703443117976 -1.2598464140769942e-05 3.9880489791691584e-05 1.8370464535710678e-05 -5.2768594761267953e-05 6.0797860303818096e-06 -4.2828525490066849e-05 7.4647779952757875e-05
leaf_weight=14607 911991 276009 322807 81911 297202 10463 8845
leaf_count=14607 911991 276009 322807 81911 297202 10463 8845
internal_value=1.00729e-07 4.01259e-06 -4.50238e-06 -6.09616e-05 2.23554e-05 -0.000135573 -4.03498e-05
internal_weight=1.92384e+06 1.80801e+06 1.2348e+06 115826 573211 25070 90756
internal_count=1923835 1808009 1234798 115826 573211 25070 90756
is_linear=0
shrinkage=0.00720685


Tree=246
num_leaves=8
num_cat=0
split_feature=1 25 25 23 9 3 19
split_gain=7.00944 5.33845 4.68429 4.59426 3.72494 2.73704 2.39173
threshold=1.2340094447135928 0.1320094168186188 -0.18270618468523023 -0.93786367774009693 1.8246328830718996 1.1493580341339114 -0.76026523113250721
decision_type=2 10 8 8 10 8 8
left_child=1 2 -1 4 -2 -5 -3
right_child=3 6 -4 5 -6 -7 -8
leaf_value=1.7244932307851393e-05 -0.00017174858467229904 5.8563777761230441e-05 -1.4520792448427368e-05 -1.3657849896177086e-05 0.00028165765667851949 -8.1131004569886007e-05 1.6580160535680544e-05
leaf_weight=354795 17722 81082 752472 137571 993 40394 538812
leaf_count=354795 17722 81082 752472 137571 993 40394 538812
internal_value=4.95817e-07 5.13796e-06 -4.34226e-06 -4.02692e-05 -0.000147677 -2.89732e-05 2.20717e-05
internal_weight=1.92384e+06 1.72716e+06 1.10727e+06 196680 18715 177965 619894
internal_count=1923841 1727161 1107267 196680 18715 177965 619894
is_linear=0
shrinkage=0.00720685


Tree=247
num_leaves=8
num_cat=0
split_feature=0 19 23 8 23 7 17
split_gain=9.42678 6.07211 4.8303 4.68914 3.15998 2.94998 2.25205
threshold=-2.1107227802276607 -0.34830620884895319 -1.2161045074462888 -0.81626507639884938 -0.25528471171855921 0.23191894590854648 -0.2184471786022186
decision_type=2 8 10 8 8 2 2
left_child=4 2 -2 -3 5 -1 -6
right_child=1 3 -4 -5 6 -7 -8
leaf_value=-6.1080637021789313e-05 -5.7476664040453853e-05 -4.2987970421288791e-05 2.4176899533269402e-05 -1.031375264646751e-06 -8.9748921852331526e-05 -0.00021494608054431469 6.5874866195090421e-06
leaf_weight=12196 39815 161603 684812 961538 27128 13792 23538
leaf_count=12196 39815 161603 684812 961538 27128 13792 23538
internal_value=1.76592e-07 3.4254e-06 1.96903e-05 -7.06835e-06 -7.81358e-05 -0.000142744 -4.49939e-05
internal_weight=1.92442e+06 1.84777e+06 724627 1.12314e+06 76654 25988 50666
internal_count=1924422 1847768 724627 1123141 76654 25988 50666
is_linear=0
shrinkage=0.00720685


Tree=248
num_leaves=8
num_cat=0
split_feature=0 9 23 18 18 23 3
split_gain=8.79975 5.80066 5.88072 4.08556 3.91602 8.05285 3.44374
threshold=-0.066314022988080965 1.3180012106895449 -0.93786367774009693 0.0086218346841633337 2.493995308876038 -1.7254721522331236 inf
decision_type=2 10 8 10 10 8 8
left_child=1 2 -1 -3 6 -6 -2
right_child=4 3 -4 -5 5 -7 -8
leaf_value=-0.00010823344557257113 9.3813286258144631e-06 -0.00013698896673239682 -2.3055664924200141e-05 9.2019537582215655e-05 0.0019467963015740385 0.00016217576998232486 -0.0002527036756279207
leaf_weight=46259 1365231 4630 468044 32039 134 4919 2608
leaf_count=46259 1365231 4630 468044 32039 134 4919 2608
internal_value=-1.42951e-07 -2.44732e-05 -3.07172e-05 6.31004e-05 9.62131e-06 0.000209862 8.88143e-06
internal_weight=1.92386e+06 550972 514303 36669 1.37289e+06 5053 1.36784e+06
internal_count=1923864 550972 514303 36669 1372892 5053 1367839
is_linear=0
shrinkage=0.00720685


Tree=249
num_leaves=8
num_cat=0
split_feature=8 23 17 5 21 23 4
split_gain=7.57071 9.36785 7.25152 6.64629 7.3129 3.63082 2.49738
threshold=-0.57986372709274281 -1.085238993167877 -1.1584448814392088 -1.8546920418739317 inf 0.14085194468498233 0.12593964487314227
decision_type=8 10 2 8 8 8 10
left_child=1 6 -3 4 -2 -5 -1
right_child=3 2 -4 5 -6 -7 -8
leaf_value=-0.00014849710878972515 -5.5345287417643938e-05 -0.00010606245471339472 -4.9508450105220159e-06 5.2693487018907755e-06 0.00034477902194743603 3.1360543387466673e-05 -3.9855174618208419e-05
leaf_weight=35535 101933 39968 470578 845403 2428 412031 15912
leaf_count=35535 101933 39968 470578 845403 2428 412031 15912
internal_value=4.77788e-08 -2.22071e-05 -1.28666e-05 9.23206e-06 -4.6033e-05 1.38188e-05 -0.000114897
internal_weight=1.92379e+06 561993 510546 1.3618e+06 104361 1.25743e+06 51447
internal_count=1923788 561993 510546 1361795 104361 1257434 51447
is_linear=0
shrinkage=0.00720685


Tree=250
num_leaves=8
num_cat=0
split_feature=0 23 9 17 23 0 9
split_gain=8.06787 5.11282 4.49946 4.377 4.61468 2.06094 1.87092
threshold=-0.85901182889938343 -1.7254721522331236 1.7390470504760744 0.99512243270874035 -0.10578870028257369 0.63560989499092113 0.29633952677249914
decision_type=2 8 10 2 8 2 8
left_child=1 6 -3 4 -2 -5 -1
right_child=3 2 -4 5 -6 -7 -8
leaf_value=-0.00046416364323124308 -3.362628968745745e-06 -4.4008931717133678e-05 0.00015792374946034125 -3.5055479150747476e-05 2.2046488675025747e-05 1.9386372524378926e-05 -0.00013041817375117261
leaf_weight=1949 747678 197966 5901 185966 737344 44818 1581
leaf_count=1949 747678 197966 5901 185966 737344 44818 1581
internal_value=-4.16115e-07 -4.28726e-05 -3.81631e-05 4.71579e-06 9.25351e-06 -2.44828e-05 -0.000314769
internal_weight=1.9232e+06 207397 203867 1.71581e+06 1.48502e+06 230784 3530
internal_count=1923203 207397 203867 1715806 1485022 230784 3530
is_linear=0
shrinkage=0.00720685


Tree=251
num_leaves=8
num_cat=0
split_feature=6 5 21 11 23 3 24
split_gain=6.85334 6.10818 7.69007 4.54614 3.70706 3.45198 1.40917
threshold=1.2645606994628908 -0.53079259395599354 inf 1.1072598695755007 -1.6546568274497984 -1.5863013267517088 0.18268492817878726
decision_type=8 8 8 8 10 10 2
left_child=1 2 -1 -3 6 -6 -2
right_child=4 3 -4 -5 5 -7 -8
leaf_value=-2.6910528339071096e-05 -0.00012517761840021054 1.4616597478077254e-05 0.00045939032719397412 -2.9585310843207167e-05 -0.00027622148806691837 -3.159692852189447e-05 -0.00032453954298841713
leaf_weight=317929 5381 1301249 1697 133223 3053 158378 2801
leaf_count=317929 5381 1301249 1697 133223 3053 158378 2801
internal_value=-6.66627e-08 4.16322e-06 -2.43272e-05 1.05114e-05 -4.38111e-05 -3.6225e-05 -0.000193459
internal_weight=1.92371e+06 1.7541e+06 319626 1.43447e+06 169613 161431 8182
internal_count=1923711 1754098 319626 1434472 169613 161431 8182
is_linear=0
shrinkage=0.00720685


Tree=252
num_leaves=8
num_cat=0
split_feature=0 3 2 6 25 1 21
split_gain=8.27618 5.16952 4.02125 5.04607 3.22913 2.27272 2.26782
threshold=-0.15844760090112683 1.1338296532630923 0.42869260907173162 inf 0.055997742339968688 2.263502955436707 inf
decision_type=2 8 2 8 8 2 8
left_child=1 4 6 -4 -1 -3 -2
right_child=2 5 3 -5 -6 -7 -8
leaf_value=-3.4921088661461121e-05 -8.8620495193553036e-07 -6.0622691200897323e-05 2.5889485434165344e-05 -0.00055836057254209559 7.3445728710798289e-06 -0.00017628404721294552 0.00015542480895053946
leaf_weight=186004 929792 89823 513500 768 189571 9785 4845
leaf_count=186004 929792 89823 513500 768 189571 9785 4845
internal_value=2.70464e-07 -2.58293e-05 8.83018e-06 2.50159e-05 -1.35875e-05 -7.19865e-05 -7.57314e-08
internal_weight=1.92409e+06 475183 1.4489e+06 514268 375575 99608 934637
internal_count=1924088 475183 1448905 514268 375575 99608 934637
is_linear=0
shrinkage=0.00720685


Tree=253
num_leaves=8
num_cat=0
split_feature=0 25 5 12 24 5 18
split_gain=8.80396 6.06857 5.21662 3.18616 2.57957 3.1529 3.14274
threshold=-2.1107227802276607 0.1320094168186188 0.0090851634740829485 1.0232952833175661 -1.1467850804328916 -1.9947753548622129 2.493995308876038
decision_type=2 8 10 8 2 8 10
left_child=4 2 -2 -3 6 -6 -1
right_child=1 3 -4 -5 5 -7 -8
leaf_value=-1.4068135383789269e-05 -2.587330547286901e-05 2.4950240162896003e-05 5.3554232252084458e-06 -2.8996851155302409e-05 -0.00019451370356507173 -6.5489868877785661e-05 0.00042569475071269433
leaf_weight=3717 459729 623499 702148 62567 11765 60026 1091
leaf_count=3717 459729 623499 702148 62567 11765 60026 1091
internal_value=-1.0367e-07 3.03459e-06 -7.00108e-06 2.00304e-05 -7.58132e-05 -8.66367e-05 8.57786e-05
internal_weight=1.92454e+06 1.84794e+06 1.16188e+06 686066 76599 71791 4808
internal_count=1924542 1847943 1161877 686066 76599 71791 4808
is_linear=0
shrinkage=0.00720685


Tree=254
num_leaves=8
num_cat=0
split_feature=6 2 21 17 9 25 18
split_gain=6.85077 6.31546 4.10995 3.3209 3.37306 2.89043 0.980482
threshold=0.59035843610763561 0.40631696581840521 inf -1.1584448814392088 1.8246328830718996 -0.24558018147945401 3.1090209484100346
decision_type=8 2 8 2 10 8 10
left_child=1 2 -1 6 -5 -3 -2
right_child=3 5 -4 4 -6 -7 -8
leaf_value=-3.720846665037614e-06 -8.3946722329657309e-05 6.8133110186581315e-05 0.00053914265966572802 -1.8607056140582797e-05 0.00018288368339085037 2.1170920518824081e-05 -0.00078156519315175069
leaf_weight=877604 38987 81109 724 497992 4352 423448 104
leaf_count=877604 38987 81109 724 497992 4352 423448 104
internal_value=-1.08357e-07 8.4002e-06 -3.27276e-06 -2.18402e-05 -1.68611e-05 2.87204e-05 -8.58222e-05
internal_weight=1.92432e+06 1.38288e+06 878328 541435 502344 504557 39091
internal_count=1924320 1382885 878328 541435 502344 504557 39091
is_linear=0
shrinkage=0.00720685


Tree=255
num_leaves=8
num_cat=0
split_feature=8 23 25 25 15 19 9
split_gain=7.72091 7.16841 5.84903 4.80978 4.09275 2.90526 1.80786
threshold=-0.86179551482200611 -1.1486204266548155 0.1320094168186188 -0.18270618468523023 -1.0308214426040647 -0.99214607477188099 -0.7831759750843047
decision_type=10 10 8 10 2 8 8
left_child=1 6 3 -2 -3 -4 -1
right_child=2 4 5 -5 -6 -7 -8
leaf_value=-0.00029433132009768008 1.7452902935428129e-05 -9.7813474634136132e-05 9.6423671780538473e-05 -1.5302530320172796e-05 -1.2482570366196629e-05 2.0423874296147633e-05 -0.00012352382549819229
leaf_weight=3750 347960 33438 27414 703732 229985 555227 22716
leaf_count=3750 347960 33438 27414 703732 229985 555227 22716
internal_value=-3.97218e-07 -3.46745e-05 5.68269e-06 -4.46512e-06 -2.33146e-05 2.4e-05 -0.000147736
internal_weight=1.92422e+06 289889 1.63433e+06 1.05169e+06 263423 582641 26466
internal_count=1924222 289889 1634333 1051692 263423 582641 26466
is_linear=0
shrinkage=0.00720685


Tree=256
num_leaves=8
num_cat=0
split_feature=0 23 7 19 23 3 19
split_gain=8.50635 5.12275 5.37186 5.05545 3.03011 2.87984 2.62748
threshold=-0.46726161241531367 0.11433927714824678 0.41363751888275152 -0.43836811184883112 -1.8231983184814451 inf -0.78763887286186207
decision_type=2 8 2 8 10 8 8
left_child=1 2 -1 4 -2 -5 -3
right_child=3 6 -4 5 -6 -7 -8
leaf_value=-3.3844441714866794e-05 -0.00011889463638042816 0.00010229800186722408 -0.00012020774140692997 -1.7313384502226125e-06 2.6998378488827852e-05 -0.00023674613870325079 -1.0908500479689206e-05
leaf_weight=123508 7500 11641 53660 1078973 518467 2714 124783
leaf_count=123508 7500 11641 53660 1078973 518467 2714 124783
internal_value=-1.07085e-07 -3.44422e-05 -6.00025e-05 6.59039e-06 2.49178e-05 -2.32123e-06 -1.24781e-06
internal_weight=1.92125e+06 313592 177168 1.60765e+06 525967 1.08169e+06 136424
internal_count=1921246 313592 177168 1607654 525967 1081687 136424
is_linear=0
shrinkage=0.00720685


Tree=257
num_leaves=8
num_cat=0
split_feature=0 0 9 9 9 17 4
split_gain=7.1692 5.38296 5.81842 4.02843 2.79504 2.15113 0.581095
threshold=-2.4516532421112056 0.48819477856159216 1.2894613146781924 0.33908222615718847 -4.0542285442352286 0.058666164055466659 0.26050095260143286
decision_type=2 2 10 8 8 2 10
left_child=4 2 -2 -3 6 -6 -1
right_child=1 3 -4 -5 5 -7 -8
leaf_value=-0.00024064440877319933 -8.6163000419184688e-06 4.0056623232390741e-05 5.8182440295026356e-05 1.8085036327509643e-06 -8.9859741638071683e-05 1.3098616202965187e-05 -0.00048207595732581649
leaf_weight=1750 1218069 297126 71713 275766 45222 13742 738
leaf_count=1750 1218069 297126 71713 275766 45222 13742 738
internal_value=7.36203e-07 3.26299e-06 -4.90217e-06 2.16457e-05 -7.58518e-05 -6.58643e-05 -0.000312425
internal_weight=1.92413e+06 1.86267e+06 1.28978e+06 572892 61452 58964 2488
internal_count=1924126 1862674 1289782 572892 61452 58964 2488
is_linear=0
shrinkage=0.00720685


Tree=258
num_leaves=8
num_cat=0
split_feature=8 23 5 21 6 17 4
split_gain=7.9832 8.28907 6.87548 9.35592 5.18843 3.5702 2.02258
threshold=-0.81626507639884938 -1.1486204266548155 -0.51226651668548573 inf inf -1.1584448814392088 0.12593964487314227
decision_type=8 10 8 8 8 2 10
left_child=1 6 3 -2 -4 -3 -1
right_child=2 5 4 -5 -6 -7 -8
leaf_value=-0.00018605982664250534 -2.5706014511010999e-05 -0.00010088803610418995 1.5064967238876121e-05 0.00026488010837222607 -0.00050688867831678072 -1.3367457758519389e-05 -5.3003985943160103e-05
leaf_weight=20947 357361 26581 1233102 5848 989 271120 8281
leaf_count=20947 357361 26581 1233102 5848 989 271120 8281
internal_value=-1.06453e-07 -3.25532e-05 6.53462e-06 -2.10266e-05 1.46463e-05 -2.11823e-05 -0.000148366
internal_weight=1.92423e+06 326929 1.5973e+06 363209 1.23409e+06 297701 29228
internal_count=1924229 326929 1597300 363209 1234091 297701 29228
is_linear=0
shrinkage=0.00720685


Tree=259
num_leaves=8
num_cat=0
split_feature=8 5 21 6 2 25 11
split_gain=7.36984 6.08809 7.43872 5.67834 4.12358 3.3949 1.08211
threshold=-0.87129724025726307 -0.54939270019531239 inf inf -1.1735221147537229 0.055997742339968688 1.0682014822959902
decision_type=8 8 8 8 2 10 8
left_child=4 2 -2 -3 6 -6 -1
right_child=1 3 -4 -5 5 -7 -8
leaf_value=-8.3051065525858748e-05 -2.4424339483916891e-05 1.390991873589413e-05 0.00023483269421887315 -0.00052695980842759854 -5.3737487498192582e-05 -8.567721124153951e-08 -0.00017404135902089157
leaf_weight=23052 350614 1285005 5843 1008 109562 138935 9625
leaf_count=23052 350614 1285005 5843 1008 109562 138935 9625
internal_value=3.44093e-07 6.18059e-06 -2.01739e-05 1.34856e-05 -3.37495e-05 -2.37409e-05 -0.000109857
internal_weight=1.92364e+06 1.64247e+06 356457 1.28601e+06 281174 248497 32677
internal_count=1923644 1642470 356457 1286013 281174 248497 32677
is_linear=0
shrinkage=0.00720685


Tree=260
num_leaves=8
num_cat=0
split_feature=6 5 17 8 12 18 9
split_gain=7.24147 6.30523 5.86383 3.19003 3.42491 3.06675 2.24279
threshold=0.59035843610763561 -0.63040366768836964 0.99512243270874035 -0.76482549309730519 -2.6943020820617671 1.7947182059288027 -4.0542285442352286
decision_type=8 8 2 8 10 8 8
left_child=1 6 -3 5 -5 -2 -1
right_child=3 2 -4 4 -6 -7 -8
leaf_value=-0.00043724703286992801 -4.3893192371830015e-05 2.0885872583003666e-05 -2.7051189256813203e-05 -0.00023494004323933092 -1.0577125863207371e-05 -0.0001825260111878785 -2.7975191510184378e-05
leaf_weight=697 124930 1036917 151956 3564 404286 8876 194467
leaf_count=697 124930 1036917 151956 3564 404286 8876 194467
internal_value=-2.1649e-07 8.52635e-06 1.47588e-05 -2.25562e-05 -1.25383e-05 -5.30908e-05 -2.94391e-05
internal_weight=1.92569e+06 1.38404e+06 1.18887e+06 541656 407850 133806 195164
internal_count=1925693 1384037 1188873 541656 407850 133806 195164
is_linear=0
shrinkage=0.00720685


Tree=261
num_leaves=8
num_cat=0
split_feature=0 9 23 2 6 9 3
split_gain=7.69584 5.79963 6.19256 3.79204 4.54537 4.01711 3.10891
threshold=-0.066314022988080965 1.7390470504760744 -0.93786367774009693 0.42869260907173162 inf -0.099286917597055421 1.2545621395111086
decision_type=2 10 8 2 8 8 8
left_child=1 2 -1 5 -5 -2 -3
right_child=3 6 -4 4 -6 -7 -8
leaf_value=-0.00010352261189238979 2.0308095720621892e-05 0.00015195370928625259 -1.8974901914740434e-05 2.6085829742522583e-05 -0.00051794675728257858 -1.156539367777525e-05 -0.00013123003500364918
leaf_weight=49593 325714 13962 485163 490256 798 555863 2352
leaf_count=49593 325714 13962 485163 490256 798 555863 2352
internal_value=1.74911e-08 -2.27323e-05 -2.6816e-05 9.15088e-06 2.52007e-05 2.10803e-07 0.00011112
internal_weight=1.9237e+06 551070 534756 1.37263e+06 491054 881577 16314
internal_count=1923701 551070 534756 1372631 491054 881577 16314
is_linear=0
shrinkage=0.00720685


Tree=262
num_leaves=8
num_cat=0
split_feature=0 19 23 9 25 23 9
split_gain=7.95472 5.20084 4.4805 4.38924 4.00738 3.26094 1.50971
threshold=-0.85901182889938343 -0.39375743269920344 -1.7254721522331236 1.2894613146781924 0.17645315080881122 -1.2161045074462888 0.30297054350376135
decision_type=2 8 8 10 8 10 8
left_child=2 5 6 -4 -3 -2 -1
right_child=1 4 3 -5 -6 -7 -8
leaf_value=-0.00043022998593345284 -4.8927884091597166e-05 -1.3296129543863344e-05 -4.6191105545140429e-05 9.4510512613980562e-05 1.6742655780535103e-05 2.5694524652002729e-05 -0.00012871044485831238
leaf_weight=1962 32082 771785 192051 12249 328995 585192 1541
leaf_count=1962 32082 771785 192051 12249 328995 585192 1541
internal_value=-2.25078e-08 5.07142e-06 -4.21376e-05 -3.77547e-05 -4.31827e-06 2.1816e-05 -0.000297667
internal_weight=1.92586e+06 1.71805e+06 207803 204300 1.10078e+06 617274 3503
internal_count=1925857 1718054 207803 204300 1100780 617274 3503
is_linear=0
shrinkage=0.00720685


Tree=263
num_leaves=8
num_cat=0
split_feature=0 11 25 2 23 25 23
split_gain=8.29298 5.18183 4.75225 3.42821 2.16028 2.02066 1.96306
threshold=-2.1107227802276607 1.1208600997924807 0.1320094168186188 -1.4025261402130125 0.10744610056281091 0.046285627409815795 -0.78986826539039601
decision_type=2 10 8 2 10 8 8
left_child=3 2 -2 4 -1 -5 -3
right_child=1 6 -4 5 -6 -7 -8
leaf_value=-0.00017097822147445359 -2.8223838027287107e-06 -8.8090307369947235e-05 2.2511594316312193e-05 -8.6240707985766625e-05 -4.3556200804738771e-05 1.1285551802307424e-05 -2.3016673567004799e-05
leaf_weight=22001 1031555 27913 613175 20290 10077 24186 175229
leaf_count=22001 1031555 27913 613175 20290 10077 24186 175229
internal_value=-6.64025e-07 2.38105e-06 6.62242e-06 -7.41661e-05 -0.000130953 -3.32063e-05 -3.19587e-05
internal_weight=1.92443e+06 1.84787e+06 1.64473e+06 76554 32078 44476 203142
internal_count=1924426 1847872 1644730 76554 32078 44476 203142
is_linear=0
shrinkage=0.00720685


Tree=264
num_leaves=8
num_cat=0
split_feature=1 19 23 3 9 23 17
split_gain=7.48703 5.31683 4.50845 4.47347 3.91369 2.46379 0.948712
threshold=1.995536267757416 -0.37830705940723414 -1.2161045074462888 -0.38117267191410059 -4.0542285442352286 -0.95659044384956349 0.80110925436019909
decision_type=2 8 10 8 8 8 2
left_child=1 2 -1 -3 6 -6 -2
right_child=4 3 -4 -5 5 -7 -8
leaf_value=-5.7762265629918574e-05 -0.00041195902252414432 1.2636910705143517e-05 2.2554552392491996e-05 -1.7076664306015796e-05 -0.00022127173858266678 -5.4686104395580692e-05 0.00024998971901052982
leaf_weight=38431 2152 396935 654303 780865 5132 45399 118
leaf_count=38431 2152 396935 654303 780865 5132 45399 118
internal_value=-1.33446e-07 2.25553e-06 1.80987e-05 -7.06275e-06 -8.47646e-05 -7.16091e-05 -0.000377448
internal_weight=1.92334e+06 1.87053e+06 692734 1.1778e+06 52801 50531 2270
internal_count=1923335 1870534 692734 1177800 52801 50531 2270
is_linear=0
shrinkage=0.00720685


Tree=265
num_leaves=8
num_cat=0
split_feature=0 3 18 6 0 11 0
split_gain=7.42221 4.55801 3.9802 3.69988 6.20529 5.08328 3.25714
threshold=-0.15844760090112683 1.2179292440414431 2.6240583658218388 inf 0.026029667817056183 inf -4.0809838771820059
decision_type=2 8 8 8 2 8 2
left_child=1 6 -3 5 -5 -2 -1
right_child=3 2 -4 4 -6 -7 -8
leaf_value=-0.00010848091418334805 7.9748694317122737e-06 -4.7014563787758673e-05 -0.00016764861902762501 0.00014462372889205059 -0.00059279674739012357 0.00031152958077534086 -9.6072162775075453e-06
leaf_weight=18150 1443301 68153 17946 1044 1369 2870 371233
leaf_count=18150 1443301 68153 17946 1044 1369 2870 371233
internal_value=-2.61743e-09 -2.47089e-05 -7.21607e-05 8.10693e-06 -0.000273805 8.57751e-06 -1.42163e-05
internal_weight=1.92407e+06 475482 86099 1.44858e+06 2413 1.44617e+06 389383
internal_count=1924066 475482 86099 1448584 2413 1446171 389383
is_linear=0
shrinkage=0.00720685


Tree=266
num_leaves=8
num_cat=0
split_feature=3 9 18 6 18 24 6
split_gain=6.0262 4.28811 8.45953 3.87135 3.74766 4.1886 2.60319
threshold=1.411486089229584 1.5535808801651003 0.68922871351242077 1.2645606994628908 2.3763915300369267 -2.2850937843322749 -1.9773471951484678
decision_type=8 10 10 8 8 2 10
left_child=1 3 -3 -1 6 -6 -2
right_child=4 2 -4 -5 5 -7 -8
leaf_value=3.8193861419834051e-06 -0.00025808381143987589 -2.484816554475223e-05 0.00015147644831438483 -4.0738494598908008e-05 0.00042150674345993455 -0.00016136281064478182 -2.5943561191642248e-05
leaf_weight=1641674 2576 27784 28760 107933 662 18817 95184
leaf_count=1641674 2576 27784 28760 107933 662 18817 95184
internal_value=-1.83159e-07 3.06691e-06 6.48365e-05 1.07058e-06 -5.02526e-05 -0.000141533 -3.20632e-05
internal_weight=1.92339e+06 1.80615e+06 56544 1.74961e+06 117239 19479 97760
internal_count=1923390 1806151 56544 1749607 117239 19479 97760
is_linear=0
shrinkage=0.00720685


Tree=267
num_leaves=8
num_cat=0
split_feature=2 1 23 6 3 25 23
split_gain=6.59074 6.39562 5.45978 4.40742 3.8462 2.8412 2.24546
threshold=0.17193234711885455 1.995536267757416 0.15462619066238406 0.49942629039287573 -2.7683007717132564 -0.24558018147945401 -1.1486204266548155
decision_type=2 2 8 8 10 8 8
left_child=1 2 -1 5 -5 -2 -3
right_child=3 6 -4 4 -6 -7 -8
leaf_value=-2.0507098113942845e-05 5.889738872925201e-05 -0.00028401555500405507 1.5767088972632332e-05 -0.00047597397413896549 -1.0104518028686896e-05 1.7577319689056004e-05 -8.4034186861646384e-05
leaf_weight=659921 102361 3148 320020 923 242800 555406 39519
leaf_count=659921 102361 3148 320020 923 242800 555406 39519
internal_value=1.01616e-07 -1.24218e-05 -8.66098e-06 1.43077e-05 -1.18707e-05 2.40076e-05 -9.87955e-05
internal_weight=1.9241e+06 1.02261e+06 979941 901490 243723 657767 42667
internal_count=1924098 1022608 979941 901490 243723 657767 42667
is_linear=0
shrinkage=0.00720685


Tree=268
num_leaves=8
num_cat=0
split_feature=0 11 17 9 23 21 14
split_gain=8.00633 4.575 4.18264 3.19871 2.8313 1.99657 1.25522
threshold=-2.1107227802276607 1.1780878901481631 0.99512243270874035 -4.0542285442352286 -0.25528471171855921 inf 1.6457815766334536
decision_type=2 10 2 8 8 8 2
left_child=3 2 -2 6 -5 -3 -1
right_child=1 5 -4 4 -6 -7 -8
leaf_value=-0.00034348127367601097 1.1060128905195863e-05 -3.3808364787889171e-05 -2.3006730368048734e-05 -0.00012563942159240612 -3.1136365793972953e-05 0.00030595773481725867 0.00036662016028678911
leaf_weight=2704 1458296 173964 214752 24880 48691 902 135
leaf_count=2704 1458296 173964 214752 24880 48691 902 135
internal_value=3.19743e-08 3.02122e-06 6.68729e-06 -7.22593e-05 -6.30967e-05 -3.2054e-05 -0.000309595
internal_weight=1.92432e+06 1.84791e+06 1.67305e+06 76410 73571 174866 2839
internal_count=1924324 1847914 1673048 76410 73571 174866 2839
is_linear=0
shrinkage=0.00720685


Tree=269
num_leaves=8
num_cat=0
split_feature=8 5 21 3 17 5 19
split_gain=6.37154 6.21021 8.21503 5.5042 4.35171 2.52452 2.16721
threshold=-0.90007662773132313 -0.63040366768836964 inf inf -0.21035873889923093 0.26395459473133093 -0.48501698672771448
decision_type=8 8 8 8 2 8 8
left_child=4 2 -2 -3 5 -1 -6
right_child=1 3 -4 -5 6 -7 -8
leaf_value=-9.4277182559436134e-05 -2.681775381961151e-05 1.3155402948594056e-05 0.00024613196508224309 -0.00049027574869668915 4.4674996337031154e-05 -3.137203356858797e-05 -2.1342524107195557e-05
leaf_weight=63538 327755 1329091 5828 1128 36259 69256 89761
leaf_count=63538 327755 1329091 5828 1128 36259 69256 89761
internal_value=5.81157e-07 5.75563e-06 -2.20483e-05 1.27281e-05 -3.26831e-05 -6.14709e-05 -2.34729e-06
internal_weight=1.92262e+06 1.6638e+06 333583 1.33022e+06 258814 132794 126020
internal_count=1922616 1663802 333583 1330219 258814 132794 126020
is_linear=0
shrinkage=0.00720685


Tree=270
num_leaves=8
num_cat=0
split_feature=25 1 25 9 2 23 4
split_gain=6.6993 6.14047 5.02158 2.98012 2.77319 3.23411 2.0884
threshold=0.12890925258398059 1.80843061208725 -0.18717643618583676 0.58790332078933727 -0.46933980286121363 -0.010882347822189329 -1.6055564880371092
decision_type=8 2 10 10 2 8 10
left_child=1 2 -1 -3 5 -2 -6
right_child=4 3 -4 -5 6 -7 -8
leaf_value=1.4339049109488282e-05 -4.4839707006686528e-05 -0.00011829100812475984 -1.7811438547125656e-05 5.0156350275789533e-05 -5.7832037591061338e-05 1.7714174611848577e-05 2.7542214185561964e-05
leaf_weight=372931 72033 37807 780194 6374 15308 106238 533044
leaf_count=372931 72033 37807 780194 6374 15308 106238 533044
internal_value=-1.31829e-07 -1.06084e-05 -7.41366e-06 -9.39879e-05 1.7131e-05 -7.56159e-06 2.51587e-05
internal_weight=1.92393e+06 1.19731e+06 1.15312e+06 44181 726623 178271 548352
internal_count=1923929 1197306 1153125 44181 726623 178271 548352
is_linear=0
shrinkage=0.00720685


Tree=271
num_leaves=8
num_cat=0
split_feature=2 1 23 12 25 23 19
split_gain=6.77455 6.8848 5.29046 4.75503 3.10723 2.40162 1.6632
threshold=0.38320240378379827 1.995536267757416 -0.12670566886663434 inf 0.12610607594251635 -1.7254721522331236 0.82106724381446849
decision_type=2 2 8 8 10 8 10
left_child=1 2 -1 4 -2 -3 -5
right_child=3 5 -4 6 -6 -7 -8
leaf_value=-2.3063847423714696e-05 7.0037745416024569e-06 -0.0004768984298194673 7.2739527659558824e-06 -0.00089015680830619186 3.9107726767330355e-05 -9.1171851811672682e-05 -0.00022210931296994422
leaf_weight=570034 438860 854 626859 375 243446 43503 401
leaf_count=570034 438860 854 626859 375 243446 43503 401
internal_value=-4.11112e-07 -1.04423e-05 -7.17476e-06 1.78169e-05 1.84585e-05 -9.86088e-05 -0.000545664
internal_weight=1.92433e+06 1.24125e+06 1.19689e+06 683082 682306 44357 776
internal_count=1924332 1241250 1196893 683082 682306 44357 776
is_linear=0
shrinkage=0.00720685


Tree=272
num_leaves=8
num_cat=0
split_feature=0 6 5 1 8 25 25
split_gain=6.81102 5.62068 4.34502 3.68215 3.11973 2.13228 0.402314
threshold=0.48819477856159216 0.60054570436477672 -0.67332333326339711 2.263502955436707 -1.0791296958923338 0.23987779766321185 0.47690355777740484
decision_type=2 8 8 2 8 8 8
left_child=1 2 -1 -3 6 -6 -2
right_child=4 3 -4 -5 5 -7 -8
leaf_value=-3.562206388469493e-05 -0.00012170629878302677 -2.6145625242337516e-05 8.0744082504882563e-06 -0.00014232365936929503 1.5619470706551015e-05 4.8177709145990447e-05 -5.8131022951594978e-06
leaf_weight=138917 8725 405072 792208 14682 424051 138632 1894
leaf_count=138917 8725 405072 792208 14682 424051 138632 1894
internal_value=5.18063e-07 -8.315e-06 1.55516e-06 -3.02096e-05 2.13316e-05 2.36412e-05 -0.00010104
internal_weight=1.92418e+06 1.35088e+06 931125 419754 573302 562683 10619
internal_count=1924181 1350879 931125 419754 573302 562683 10619
is_linear=0
shrinkage=0.00720685


Tree=273
num_leaves=8
num_cat=0
split_feature=8 23 5 21 18 19 9
split_gain=7.1543 8.19175 5.95391 7.2975 4.87816 4.82718 2.17412
threshold=-0.81626507639884938 -1.1486204266548155 -0.46109831333160395 inf -0.80391797423362721 -0.48501698672771448 -0.7831759750843047
decision_type=8 10 8 8 10 8 8
left_child=1 6 3 -2 -4 -3 -1
right_child=2 5 4 -5 -6 -7 -8
leaf_value=-0.00030136485247822612 -2.2689308049896849e-05 2.0911147058501149e-05 -1.2516906836706831e-05 0.00023354226077616124 2.1770129669949037e-05 -4.0389719939007873e-05 -0.00012129923543456647
leaf_weight=4045 376147 100798 280113 5862 934597 197336 25059
leaf_count=4045 376147 100798 280113 5862 934597 197336 25059
internal_value=-2.32218e-07 -3.09304e-05 6.0592e-06 -1.87568e-05 1.38635e-05 -1.9664e-05 -0.000146335
internal_weight=1.92396e+06 327238 1.59672e+06 382009 1.21471e+06 298134 29104
internal_count=1923957 327238 1596719 382009 1214710 298134 29104
is_linear=0
shrinkage=0.00720685


Tree=274
num_leaves=8
num_cat=0
split_feature=8 23 5 12 17 25 4
split_gain=6.67023 6.89158 6.31003 5.62086 3.98379 3.88488 1.95393
threshold=-0.86179551482200611 -1.1486204266548155 -0.53079259395599354 inf -1.1381263732910154 0.1320094168186188 0.12593964487314227
decision_type=8 10 8 8 2 8 10
left_child=1 6 5 -4 -3 -2 -1
right_child=2 4 3 -5 -6 -7 -8
leaf_value=-0.00018251578778328881 -3.6959441060850226e-05 -0.0001061030922622217 1.3684332065323797e-05 -0.00051687845006921098 -1.1584302600905065e-05 1.367711499907218e-05 -4.2878466095105266e-05
leaf_weight=18785 247070 25663 1270994 1037 237462 115471 7201
leaf_count=18785 247070 25663 1270994 1037 237462 115471 7201
internal_value=4.8038e-08 -3.18613e-05 5.69196e-06 1.32514e-05 -2.08033e-05 -2.08314e-05 -0.000143825
internal_weight=1.92368e+06 289111 1.63457e+06 1.27203e+06 263125 362541 25986
internal_count=1923683 289111 1634572 1272031 263125 362541 25986
is_linear=0
shrinkage=0.00720685


Tree=275
num_leaves=8
num_cat=0
split_feature=11 19 25 5 9 3 14
split_gain=6.87323 6.25388 4.82954 3.04714 2.81274 1.23788 0.651249
threshold=1.1780878901481631 -0.3734097927808761 0.17645315080881122 -0.65152952075004567 -2.7403601408004756 1.411486089229584 -0.062332961708307259
decision_type=10 8 8 10 10 8 2
left_child=1 3 -3 -1 6 -6 -2
right_child=4 2 -4 -5 5 -7 -8
leaf_value=-1.3745809178997621e-05 -0.00018638548466577321 -1.5820359560772962e-05 1.7100426657071844e-05 2.9340694675755667e-05 -2.3951369857157391e-05 -6.8454974563882942e-05 -7.9003561498858049e-06
leaf_weight=100925 8073 747828 335187 548896 138615 42391 1223
leaf_count=100925 8073 747828 335187 548896 138615 42391 1223
internal_value=4.58624e-07 4.9737e-06 -5.63153e-06 2.26488e-05 -4.06541e-05 -3.43744e-05 -0.00016291
internal_weight=1.92314e+06 1.73284e+06 1.08302e+06 649821 190302 181006 9296
internal_count=1923138 1732836 1083015 649821 190302 181006 9296
is_linear=0
shrinkage=0.00720685


Tree=276
num_leaves=8
num_cat=0
split_feature=0 23 7 8 21 23 17
split_gain=7.23918 4.92958 4.66174 3.49409 11.3023 3.99882 2.67688
threshold=-0.066314022988080965 0.071131382137537016 0.34566941857337957 0.28918726742267614 inf -0.77497315406799305 -1.7037569284439085
decision_type=2 8 2 10 8 10 2
left_child=1 2 -1 5 -5 -2 -3
right_child=3 6 -4 4 -6 -7 -8
leaf_value=-2.2999433189537946e-05 -3.7561878864007152e-05 -0.00019588085283050259 -8.4274330213841202e-05 2.2963577563269441e-05 0.00045548977609520948 6.8184425584300761e-06 5.0810638174983881e-06
leaf_weight=216656 120647 3492 91817 412154 3161 837027 239031
leaf_count=216656 120647 3492 91817 412154 3161 837027 239031
internal_value=-5.73146e-08 -2.21246e-05 -4.12382e-05 8.79852e-06 2.62567e-05 1.22739e-06 2.18663e-06
internal_weight=1.92398e+06 550996 308473 1.37299e+06 415315 957674 242523
internal_count=1923985 550996 308473 1372989 415315 957674 242523
is_linear=0
shrinkage=0.00720685


Tree=277
num_leaves=8
num_cat=0
split_feature=6 19 23 18 25 3 21
split_gain=6.34233 4.63057 4.45034 4.42547 3.37744 3.07892 1.17247
threshold=0.59035843610763561 -0.3734097927808761 -1.6546568274497984 -0.19715215265750882 0.18293873965740207 -2.5714427232742305 -1.4967224001884458
decision_type=8 8 8 10 8 10 10
left_child=1 3 6 -1 -3 -4 -2
right_child=2 4 5 -5 -6 -7 -8
leaf_value=4.635829695549585e-06 0.00018790138395524507 -1.2008154199894779e-05 -0.00027377284451745421 4.6753665774288969e-05 1.9058619383024463e-05 -1.7223139762105641e-05 -0.0001731589992141235
leaf_weight=273704 486 603422 2440 246064 260097 526477 11548
leaf_count=273704 486 603422 2440 246064 260097 526477 11548
internal_value=-6.02705e-07 7.57935e-06 -2.15254e-05 2.4575e-05 -2.65062e-06 -1.84072e-05 -0.000158562
internal_weight=1.92424e+06 1.38329e+06 540951 519768 863519 528917 12034
internal_count=1924238 1383287 540951 519768 863519 528917 12034
is_linear=0
shrinkage=0.00720685


Tree=278
num_leaves=8
num_cat=0
split_feature=0 23 9 6 17 16 0
split_gain=7.29752 5.59332 5.16644 4.02149 3.68017 5.38271 1.82515
threshold=-0.11815134063363074 -0.25528471171855921 1.0849074721336367 1.2435476779937746 0.99512243270874035 2.1485404968261723 0.73563203215599071
decision_type=2 8 10 8 2 2 2
left_child=1 2 -1 -3 5 -2 -6
right_child=4 3 -4 -5 6 -7 -8
leaf_value=-6.9620196053927867e-05 1.2321499265481967e-05 5.8574410593273316e-06 4.7422149813050638e-05 -6.3353146260467511e-05 -2.9840167208114049e-05 0.00020749264975547426 3.0646238295798571e-05
leaf_weight=158374 1217320 274036 22352 51855 163569 7383 30786
leaf_count=158374 1217320 274036 22352 51855 163569 7383 30786
internal_value=4.92168e-07 -2.2988e-05 -5.51442e-05 -5.15526e-06 8.87483e-06 1.34982e-05 -2.02588e-05
internal_weight=1.92568e+06 506617 180726 325891 1.41906e+06 1.2247e+06 194355
internal_count=1925675 506617 180726 325891 1419058 1224703 194355
is_linear=0
shrinkage=0.00720685


Tree=279
num_leaves=8
num_cat=0
split_feature=0 25 25 17 11 23 24
split_gain=6.86467 5.57205 5.50056 3.14897 2.88026 2.47744 1.8792
threshold=-2.6579675674438472 0.055997742339968688 -0.17353048175573346 0.058666164055466659 1.1924523115158083 0.10744610056281091 -1.4491603374481199
decision_type=2 8 10 2 10 10 2
left_child=3 2 -2 5 -3 -1 -5
right_child=1 4 -4 6 -6 -7 -8
leaf_value=-0.00014392174351405168 1.0652024154888893e-05 1.9092172016912036e-05 -2.4184640399627818e-05 0.00050059522389186994 -2.6437635354155271e-05 -2.0256342592179642e-05 5.8053790599723107e-06
leaf_weight=30372 400682 819609 570716 412 79132 11639 11544
leaf_count=30372 400682 819609 570716 412 79132 11639 11544
internal_value=-1.62048e-07 2.15038e-06 -9.8152e-06 -8.02948e-05 1.50833e-05 -0.000109663 2.2896e-05
internal_weight=1.92411e+06 1.87014e+06 971398 53967 898741 42011 11956
internal_count=1924106 1870139 971398 53967 898741 42011 11956
is_linear=0
shrinkage=0.00720685


Tree=280
num_leaves=8
num_cat=0
split_feature=2 23 2 3 21 15 15
split_gain=5.85968 5.93034 5.01178 4.4463 4.87223 2.11988 1.23686
threshold=0.37551006674766546 -0.10080959647893904 -2.1468886137008663 2.4340606927871709 inf -0.58853858709335316 0.044094119220972068
decision_type=2 10 2 8 8 2 2
left_child=1 2 -1 4 -2 -3 -5
right_child=3 5 -4 6 -6 -7 -8
leaf_value=-0.00011141915872337528 1.726113351326967e-05 2.7554740314899079e-05 -1.9737045117745011e-05 -0.00052257491241559223 0.00047348808925797318 -1.8705373557397471e-06 -0.00016028367061597049
leaf_weight=32643 687699 183698 603296 893 1217 413179 1085
leaf_count=32643 687699 183698 603296 893 1217 413179 1085
internal_value=2.86073e-07 -9.12997e-06 -2.44433e-05 1.70879e-05 1.80678e-05 7.18553e-06 -0.00032403
internal_weight=1.92371e+06 1.23282e+06 635939 690894 688916 596877 1978
internal_count=1923710 1232816 635939 690894 688916 596877 1978
is_linear=0
shrinkage=0.00720685


Tree=281
num_leaves=8
num_cat=0
split_feature=1 25 5 23 6 24 17
split_gain=6.16326 5.38518 4.85173 2.82906 2.56813 1.88028 0.747328
threshold=2.0726987123489384 0.12610607594251635 -0.44503200054168696 -1.7254721522331236 1.3588078022003176 -0.95927482843399037 -0.033541992306709283
decision_type=2 8 10 8 8 2 2
left_child=1 2 -1 6 -3 -5 -2
right_child=3 4 -4 5 -6 -7 -8
leaf_value=-3.4339943114393233e-05 -0.00058196405964679252 2.0535075960056271e-05 1.4101216856371143e-07 7.2697448857540558e-05 -3.6058375981880178e-05 -9.0163033404910928e-05 -4.7431245439039298e-05
leaf_weight=278664 734 670271 885263 4049 44404 40531 167
leaf_count=278664 734 670271 885263 4049 44404 40531 167
internal_value=-5.59932e-07 1.44702e-06 -8.11432e-06 -8.34565e-05 1.70187e-05 -7.53693e-05 -0.000483071
internal_weight=1.92408e+06 1.8786e+06 1.16393e+06 45481 714675 44580 901
internal_count=1924083 1878602 1163927 45481 714675 44580 901
is_linear=0
shrinkage=0.00720685


Tree=282
num_leaves=8
num_cat=0
split_feature=2 0 4 5 3 3 17
split_gain=6.8351 6.45967 4.14015 3.76023 3.48957 2.34038 2.28155
threshold=0.16466792672872546 -2.6579675674438472 -2.0131645202636714 -0.047035386785864823 -0.60242789983749379 -2.7683007717132564 0.050355881452560432
decision_type=2 2 10 10 8 10 2
left_child=1 6 5 -4 -3 -2 -1
right_child=2 4 3 -5 -6 -7 -8
leaf_value=-0.00012691192686020017 -0.00047873635930182219 1.891990573716481e-05 -5.9439225846103496e-06 2.5807502382871017e-05 -1.5961278858930527e-05 -8.9343956209369445e-05 -2.790296712304511e-06
leaf_weight=33920 860 183739 282930 614392 787031 11672 9948
leaf_count=33920 860 183739 282930 614392 787031 11672 9948
internal_value=-3.63394e-07 -1.32249e-05 1.39792e-05 1.57961e-05 -9.35923e-06 -0.000116102 -9.8766e-05
internal_weight=1.92449e+06 1.01464e+06 909854 897322 970770 12532 43868
internal_count=1924492 1014638 909854 897322 970770 12532 43868
is_linear=0
shrinkage=0.00720685


Tree=283
num_leaves=8
num_cat=0
split_feature=8 23 25 25 15 19 9
split_gain=7.13885 7.06068 5.15602 4.34552 3.53035 2.47184 1.84523
threshold=-0.86179551482200611 -1.1486204266548155 0.1320094168186188 -0.18717643618583676 -1.0308214426040647 -0.81732189655303944 -0.7831759750843047
decision_type=8 10 8 8 2 8 8
left_child=1 6 3 -2 -3 -4 -1
right_child=2 4 5 -5 -6 -7 -8
leaf_value=-0.00029378681631167471 1.7261904286178022e-05 -9.1132696635148758e-05 6.7690230026136008e-05 -1.4017741439435838e-05 -1.1927638754262514e-05 1.7940757656297816e-05 -0.00012152417576853906
leaf_weight=3781 341483 33495 57561 710921 229420 524837 22160
leaf_count=3781 341483 33495 57561 710921 229420 524837 22160
internal_value=-1.82835e-07 -3.32112e-05 5.653e-06 -3.86812e-06 -2.20186e-05 2.28579e-05 -0.000146643
internal_weight=1.92366e+06 288856 1.6348e+06 1.0524e+06 262915 582398 25941
internal_count=1923658 288856 1634802 1052404 262915 582398 25941
is_linear=0
shrinkage=0.00720685


Tree=284
num_leaves=8
num_cat=0
split_feature=0 7 0 8 19 4 5
split_gain=7.16687 4.8573 3.59408 3.3876 3.54085 2.55188 2.42661
threshold=-0.10867495462298392 -0.23791678994894025 -2.6579675674438472 -0.57986372709274281 -0.39375743269920344 -1.793343126773834 -0.0094281393103301508
decision_type=2 2 2 8 8 10 10
left_child=1 5 -3 6 -5 -1 -2
right_child=3 2 -4 4 -6 -7 -8
leaf_value=-0.00011915156694124574 -4.0661745126238565e-05 -9.9141664543070764e-05 -2.9408026371099041e-05 3.1643242237298581e-05 4.2465911448420297e-06 1.8522719569718033e-05 7.7848581892064048e-07
leaf_weight=7365 105587 43539 324458 382491 681745 137993 240684
leaf_count=7365 105587 43539 324458 382491 681745 137993 240684
internal_value=-6.69265e-07 -2.37262e-05 -3.76588e-05 7.72232e-06 1.40931e-05 1.15461e-05 -1.18577e-05
internal_weight=1.92386e+06 513355 367997 1.41051e+06 1.06424e+06 145358 346271
internal_count=1923862 513355 367997 1410507 1064236 145358 346271
is_linear=0
shrinkage=0.00720685


Tree=285
num_leaves=8
num_cat=0
split_feature=0 25 25 0 23 17 2
split_gain=7.28387 5.80063 6.47847 2.80447 2.45148 2.24117 0.926056
threshold=-2.9201146364212032 0.055997742339968688 -0.18270618468523023 0.5777321755886079 -0.25528471171855921 -0.2184471786022186 -3.5980032682418819
decision_type=2 8 10 2 8 2 2
left_child=4 2 -2 -3 6 -6 -1
right_child=1 3 -4 -5 5 -7 -8
leaf_value=-0.00035465816381562165 1.269421682586638e-05 7.9067597885687052e-06 -2.5273865617815101e-05 3.7424612927585896e-05 -0.00010681826589837025 1.7139314232285452e-05 -0.00014775438892308262
leaf_weight=1221 386990 682615 588162 221397 17341 13451 14075
leaf_count=1221 386990 682615 588162 221397 17341 13451 14075
internal_value=-2.10154e-07 1.98516e-06 -1.02062e-05 1.51359e-05 -8.97191e-05 -5.26696e-05 -0.000164293
internal_weight=1.92525e+06 1.87916e+06 975152 904012 46088 30792 15296
internal_count=1925252 1879164 975152 904012 46088 30792 15296
is_linear=0
shrinkage=0.00720685


Tree=286
num_leaves=8
num_cat=0
split_feature=0 23 18 13 18 0 19
split_gain=5.97022 5.29676 4.71564 8.21768 3.64458 3.5264 3.46391
threshold=-0.03539846092462539 0.06584488227963449 3.3926956653594975 -1.8017559647560117 -0.80391797423362721 -4.0809838771820059 -0.79761284589767445
decision_type=2 8 10 10 10 2 8
left_child=1 5 4 -4 -2 -1 -3
right_child=2 6 3 -5 -6 -7 -8
leaf_value=-0.00016304244797630722 -1.3117062079086077e-05 9.485566589046561e-05 -8.3337612637173459e-05 0.0014019038723347872 1.4745459213165566e-05 -3.4034493863307386e-05 -2.5822198053968152e-06
leaf_weight=11405 320245 20601 442 343 1021938 313217 236275
leaf_count=11405 320245 20601 442 343 1021938 313217 236275
internal_value=7.15452e-08 -1.92189e-05 8.42425e-06 0.0005665 8.09744e-06 -3.85675e-05 5.23235e-06
internal_weight=1.92447e+06 581498 1.34297e+06 785 1.34218e+06 324622 256876
internal_count=1924466 581498 1342968 785 1342183 324622 256876
is_linear=0
shrinkage=0.00720685


Tree=287
num_leaves=8
num_cat=0
split_feature=0 19 23 3 17 23 24
split_gain=6.71688 5.616 4.27285 3.13811 2.70405 2.35183 1.71295
threshold=-2.1107227802276607 -0.34830620884895319 -1.2161045074462888 -0.21355229616165158 0.058666164055466659 0.11433927714824678 -1.4208211898803709
decision_type=2 8 10 8 2 8 2
left_child=4 2 -2 -3 5 -1 -6
right_child=1 3 -4 -5 6 -7 -8
leaf_value=-0.00013163710923779254 -5.4291948720436371e-05 7.4753088129955081e-06 2.2561822580082913e-05 -1.7158047169634793e-05 0.00035493226366023353 -3.9637861422275857e-05 -3.7593417680102771e-06
leaf_weight=32021 39756 444691 684009 678325 719 26277 17501
leaf_count=32021 39756 444691 684009 678325 719 26277 17501
internal_value=-5.59859e-08 2.68546e-06 1.83402e-05 -7.40373e-06 -6.62211e-05 -9.01715e-05 1.04116e-05
internal_weight=1.9233e+06 1.84678e+06 723765 1.12302e+06 76518 58298 18220
internal_count=1923299 1846781 723765 1123016 76518 58298 18220
is_linear=0
shrinkage=0.00720685


Tree=288
num_leaves=8
num_cat=0
split_feature=2 1 23 25 25 9 21
split_gain=6.13146 6.17194 4.89045 3.58514 5.50408 2.98719 1.88998
threshold=0.16466792672872546 1.995536267757416 0.15462619066238406 0.095745101571083083 -0.24558018147945401 -4.0542285442352286 inf
decision_type=2 2 8 10 8 8 8
left_child=1 2 -1 4 -2 -3 -5
right_child=3 5 -4 6 -6 -7 -8
leaf_value=-1.9649356901847422e-05 3.9920077097043048e-05 -0.00037599692375291034 1.4855176470313339e-05 3.0478907586731167e-05 -1.1839286432637499e-05 -8.4045131121611113e-05 0.00042096336413002767
leaf_weight=653839 145545 1905 316678 363660 399890 40565 644
leaf_count=653839 145545 1905 316678 363660 399890 40565 644
internal_value=8.42711e-08 -1.21119e-05 -8.39056e-06 1.36647e-05 1.97229e-06 -9.71494e-05 3.11703e-05
internal_weight=1.92273e+06 1.01299e+06 970517 909739 545435 42470 364304
internal_count=1922726 1012987 970517 909739 545435 42470 364304
is_linear=0
shrinkage=0.00720685


Tree=289
num_leaves=8
num_cat=0
split_feature=8 17 5 21 19 9 2
split_gain=6.27801 5.91254 5.8996 5.59904 3.77779 3.32404 1.97584
threshold=-0.57986372709274281 -1.1795355081558225 -1.8546920418739317 inf -0.37830705940723414 -4.0542285442352286 -0.25172685086727137
decision_type=8 2 8 8 8 10 2
left_child=1 6 3 -2 -4 -3 -1
right_child=2 5 4 -5 -6 -7 -8
leaf_value=-0.00016389582656683554 -5.1448009964186891e-05 -0.00011495338386792003 2.9957147393372438e-05 0.00029817452095799106 3.8485682376913311e-06 -9.7519120121329254e-06 -6.350112524602964e-05
leaf_weight=16006 101873 16098 446357 2435 810570 503001 27988
leaf_count=16006 101873 16098 446357 2435 810570 503001 27988
internal_value=4.25882e-07 -1.98133e-05 8.79811e-06 -4.32834e-05 1.31202e-05 -1.30146e-05 -0.00010003
internal_weight=1.92433e+06 563093 1.36124e+06 104308 1.25693e+06 519099 43994
internal_count=1924328 563093 1361235 104308 1256927 519099 43994
is_linear=0
shrinkage=0.00720685


Tree=290
num_leaves=8
num_cat=0
split_feature=0 2 6 18 17 2 24
split_gain=7.77226 4.73137 4.60958 3.61878 2.76144 1.83767 1.44408
threshold=-2.1107227802276607 0.40631696581840521 0.52996981143951427 -0.81255990266799916 0.058666164055466659 -1.2786010503768919 -1.4208211898803709
decision_type=2 2 8 10 2 2 2
left_child=4 3 -3 -2 5 -1 -6
right_child=1 2 -4 -5 6 -7 -8
leaf_value=-0.00014058476050025063 -3.1833132063437922e-05 2.8898988197354034e-05 -1.5155055083289926e-05 -3.4875319148115927e-07 0.00032215308082037046 -5.9309285261946657e-05 -7.4849025126692737e-06
leaf_weight=26601 236061 482060 165786 963598 718 31637 17293
leaf_count=26601 236061 482060 165786 963598 718 31637 17293
internal_value=-1.01169e-06 1.93116e-06 1.76254e-05 -6.54408e-06 -7.23163e-05 -9.64351e-05 5.67073e-06
internal_weight=1.92375e+06 1.8475e+06 647846 1.19966e+06 76249 58238 18011
internal_count=1923754 1847505 647846 1199659 76249 58238 18011
is_linear=0
shrinkage=0.00720685


Tree=291
num_leaves=8
num_cat=0
split_feature=0 19 23 3 23 17 2
split_gain=6.24206 4.83728 4.31998 3.59811 3.16143 2.38165 1.60317
threshold=-2.2724109888076778 -0.34830620884895319 -1.2161045074462888 -0.21355229616165158 -0.25528471171855921 -0.2184471786022186 1.4823575615882876
decision_type=2 8 8 8 8 2 2
left_child=4 2 -2 -3 6 -6 -1
right_child=1 3 -4 -5 5 -7 -8
leaf_value=-0.00014919883347333927 -6.2903899773317598e-05 8.399461368989754e-06 2.0205161864227917e-05 -1.7918018900808727e-05 -8.0937244011325334e-05 2.3491375326522492e-05 0.00014111855714039404
leaf_weight=22259 34079 446252 693850 682462 24788 20911 1033
leaf_count=22259 34079 446252 693850 682462 24788 20911 1033
internal_value=-6.72408e-07 1.82883e-06 1.63142e-05 -7.51303e-06 -6.79836e-05 -3.31526e-05 -0.000136317
internal_weight=1.92563e+06 1.85664e+06 727929 1.12871e+06 68991 45699 23292
internal_count=1925634 1856643 727929 1128714 68991 45699 23292
is_linear=0
shrinkage=0.00720685


Tree=292
num_leaves=8
num_cat=0
split_feature=6 21 15 5 23 15 13
split_gain=5.64767 5.6863 10.1413 5.98267 3.38469 2.77948 0.834999
threshold=1.2645606994628908 inf 0.077790390700101866 -0.63040366768836964 -1.6546568274497984 0.017582485452294353 -1.517672538757324
decision_type=8 8 2 8 10 2 8
left_child=1 3 -3 -1 6 -6 -2
right_child=4 2 -4 -5 5 -7 -8
leaf_value=-2.6585819725135705e-05 -0.00028659630264072164 0.00020655851982861797 0.0018474066190582192 9.6459125050551463e-06 -6.4661854680473485e-05 -4.6270725261009356e-06 -0.0001314610077671005
leaf_weight=282122 2677 1654 221 1470340 73745 87675 5524
leaf_count=282122 2677 1654 221 1470340 73745 87675 5524
internal_value=3.98169e-07 4.23761e-06 0.000400806 3.81308e-06 -3.93116e-05 -3.20544e-05 -0.000182131
internal_weight=1.92396e+06 1.75434e+06 1875 1.75246e+06 169621 161420 8201
internal_count=1923958 1754337 1875 1752462 169621 161420 8201
is_linear=0
shrinkage=0.00720685


Tree=293
num_leaves=8
num_cat=0
split_feature=8 5 21 6 9 6 19
split_gain=6.44553 5.32006 6.70474 4.41591 2.82 2.3683 1.13937
threshold=-0.86179551482200611 -0.53079259395599354 inf inf -4.0542285442352286 1.1117433309555056 -0.35816380381584162
decision_type=8 8 8 8 10 8 10
left_child=4 2 -2 -3 6 -6 -1
right_child=1 3 -4 -5 5 -7 -8
leaf_value=-9.3222009667327875e-05 -2.2783487728915681e-05 1.2862540066910978e-05 0.00022578230002682687 -0.00046060670221469206 -1.7951778697444489e-05 -7.5364034606957442e-05 -0.0002533976292206582
leaf_weight=6566 355869 1270657 5726 1023 234687 44374 3557
leaf_count=6566 355869 1270657 5726 1023 234687 44374 3557
internal_value=-7.19871e-09 5.54549e-06 -1.88467e-05 1.24813e-05 -3.13681e-05 -2.70813e-05 -0.000149525
internal_weight=1.92246e+06 1.63328e+06 361595 1.27168e+06 289184 279061 10123
internal_count=1922459 1633275 361595 1271680 289184 279061 10123
is_linear=0
shrinkage=0.00720685


Tree=294
num_leaves=8
num_cat=0
split_feature=0 23 9 6 16 22 6
split_gain=6.95208 5.19901 4.00169 3.45697 3.4554 6.53336 3.47405
threshold=-0.03539846092462539 0.076501064002513899 1.0849074721336367 0.98348805308341991 2.1485404968261723 -1.9595627188682554 inf
decision_type=2 8 10 10 2 2 8
left_child=1 2 -1 -3 6 -6 -2
right_child=4 3 -4 -5 5 -7 -8
leaf_value=-4.8019318149237683e-05 9.2305935086962636e-06 1.8630907193432117e-05 3.3179794966626817e-05 -4.5146459086363954e-05 0.0018684516998432319 0.0001534831432558758 -0.00027929943269101415
leaf_weight=292633 1335741 195520 35328 57013 117 5329 2170
leaf_count=292633 1335741 195520 35328 57013 117 5329 2170
internal_value=4.94156e-07 -2.03466e-05 -3.92724e-05 4.23202e-06 9.49993e-06 0.000190649 8.7624e-06
internal_weight=1.92385e+06 580494 327961 252533 1.34336e+06 5446 1.33791e+06
internal_count=1923851 580494 327961 252533 1343357 5446 1337911
is_linear=0
shrinkage=0.00720685


Tree=295
num_leaves=8
num_cat=0
split_feature=3 8 23 9 25 23 7
split_gain=6.19794 5.31094 5.43112 3.9347 3.36939 3.02521 1.63154
threshold=1.1833463907241824 -0.87129724025726307 -1.1486204266548155 -2.0902194976806636 0.1320094168186188 -1.6546568274497984 1.5333198904991152
decision_type=8 8 10 10 8 8 2
left_child=1 2 -1 6 -3 -5 -2
right_child=3 4 -4 5 -6 -7 -8
leaf_value=-0.00013498972502020085 -0.00019250661484160442 8.5003063463158087e-07 -1.6537868589487801e-05 -0.00019850715592503737 2.3526674820724848e-05 -2.4413700040456079e-05 -1.3201972743718906e-05
leaf_weight=22101 11444 945204 222493 5336 531786 181222 3425
leaf_count=22101 11444 945204 222493 5336 531786 181222 3425
internal_value=-5.62013e-07 3.86359e-06 -2.72415e-05 -3.83873e-05 9.01472e-06 -2.93943e-05 -0.00015121
internal_weight=1.92301e+06 1.72158e+06 244594 201427 1.47699e+06 186558 14869
internal_count=1923011 1721584 244594 201427 1476990 186558 14869
is_linear=0
shrinkage=0.00720685


Tree=296
num_leaves=8
num_cat=0
split_feature=8 23 3 15 25 3 8
split_gain=6.171 7.96596 4.13132 3.67984 3.51665 2.50816 1.89319
threshold=-0.71608507633209217 -1.1486204266548155 1.8222403526306155 -1.0308214426040647 0.1320094168186188 0.041435951367020614 0.66315755248069774
decision_type=8 10 8 2 8 8 10
left_child=1 5 4 -3 -2 -1 -4
right_child=2 3 6 -5 -6 -7 -8
leaf_value=-5.2864736504223793e-05 3.6241652089016621e-07 -7.6735755268703538e-05 -0.00011832746347604291 -6.7919911537753451e-06 2.3723708838616374e-05 -0.00017489416205411376 -1.2986829969164605e-05
leaf_weight=14546 951558 44152 19278 339248 516252 21954 16400
leaf_count=14546 951558 44152 19278 339248 516252 21954 16400
internal_value=-1.05597e-07 -2.45324e-05 6.71641e-06 -1.48469e-05 8.57898e-06 -0.000126266 -6.99082e-05
internal_weight=1.92339e+06 419900 1.50349e+06 383400 1.46781e+06 36500 35678
internal_count=1923388 419900 1503488 383400 1467810 36500 35678
is_linear=0
shrinkage=0.00720685


Tree=297
num_leaves=8
num_cat=0
split_feature=0 9 18 23 9 18 18
split_gain=6.3473 7.71521 8.89331 6.36409 3.5975 3.73011 2.46349
threshold=0.40064328908920294 1.2894613146781924 0.017796475440263752 -0.77497315406799305 0.092123728245496764 -0.15195026248693463 -0.0265522226691246
decision_type=2 10 10 8 8 10 10
left_child=1 3 -3 -1 6 -6 -2
right_child=4 2 -4 -5 5 -7 -8
leaf_value=-5.9886309613631278e-05 5.1575430520069342e-05 -9.7184384470701298e-05 0.00010645889321893345 -8.2067227455784366e-06 -7.5495119535201332e-06 4.1318555652718735e-05 2.994764326318814e-06
leaf_weight=141107 191908 14033 53979 1006847 333322 107222 75562
leaf_count=141107 191908 14033 53979 1006847 333322 107222 75562
internal_value=-1.52088e-07 -1.01406e-05 6.44398e-05 -1.45593e-05 1.70024e-05 4.34427e-06 3.78512e-05
internal_weight=1.92398e+06 1.21597e+06 68012 1.14795e+06 708014 440544 267470
internal_count=1923980 1215966 68012 1147954 708014 440544 267470
is_linear=0
shrinkage=0.00720685


Tree=298
num_leaves=8
num_cat=0
split_feature=0 19 23 25 17 23 23
split_gain=6.11525 5.22288 4.03521 3.79474 1.93319 2.06053 0.853576
threshold=-3.6367249488830562 -0.34830620884895319 -1.2161045074462888 0.17645315080881122 -0.027622518129646775 0.10744610056281091 -0.26064704358577723
decision_type=2 8 10 8 2 10 8
left_child=4 2 -2 -3 5 -1 -6
right_child=1 3 -4 -5 6 -7 -8
leaf_value=-0.00017533245654081955 -5.2414942394213403e-05 -1.6662671476456097e-05 2.0655800250374973e-05 1.1694657432396095e-05 -0.0001209759953084344 -2.0349728394800047e-05 4.7548018493135035e-05
leaf_weight=16835 41587 799827 699032 353391 2200 6060 5368
leaf_count=16835 41587 799827 699032 353391 2200 6060 5368
internal_value=-1.11458e-08 1.61828e-06 1.65527e-05 -7.97285e-06 -0.000101308 -0.000134314 -1.4471e-06
internal_weight=1.9243e+06 1.89384e+06 740619 1.15322e+06 30463 22895 7568
internal_count=1924300 1893837 740619 1153218 30463 22895 7568
is_linear=0
shrinkage=0.00720685


Tree=299
num_leaves=8
num_cat=0
split_feature=6 5 17 23 21 3 17
split_gain=5.85332 5.82397 5.51987 4.89216 3.95519 3.22384 1.58093
threshold=0.68561649322509777 -0.46109831333160395 0.99512243270874035 -1.6546568274497984 inf -2.426957249641418 -0.1870068088173866
decision_type=8 8 2 10 8 10 2
left_child=1 4 -3 6 -1 -5 -2
right_child=3 2 -4 5 -6 -7 -8
leaf_value=-2.5839653367421938e-05 -0.00019194034878073664 1.9576185134014825e-05 -2.6881350500409626e-05 -0.00027018499623349969 0.00041993241897104566 -1.5772308278963162e-05 -6.8047888351451815e-05
leaf_weight=258148 10485 1039562 152292 2601 1037 449115 10926
leaf_count=258148 10485 1039562 152292 2601 1037 449115 10926
internal_value=-2.70603e-07 6.90691e-06 1.36399e-05 -2.22834e-05 -2.40545e-05 -1.72378e-05 -0.000128725
internal_weight=1.92417e+06 1.45104e+06 1.19185e+06 473127 259185 451716 21411
internal_count=1924166 1451039 1191854 473127 259185 451716 21411
is_linear=0
shrinkage=0.00720685


Tree=300
num_leaves=8
num_cat=0
split_feature=8 3 17 25 3 25 4
split_gain=5.90289 4.9124 4.29395 3.9461 2.69807 1.96673 1.84699
threshold=-0.87129724025726307 1.5276111364364626 -0.33755560219287867 0.12333616986870767 0.14005379378795627 0.0092738876119256037 -1.3143240809440611
decision_type=8 8 2 8 8 10 8
left_child=2 3 4 -2 -1 -4 -3
right_child=1 6 5 -5 -6 -7 -8
leaf_value=-2.196142924444789e-05 -1.509474060477417e-06 -4.3548871154152529e-05 -4.5007213822897408e-05 2.2152203542173293e-05 -9.0423223365294195e-05 1.0599258360758976e-05 -0.00019079831963570229
leaf_weight=50104 987084 68744 47238 581863 74145 109873 4728
leaf_count=50104 987084 68744 47238 581863 74145 109873 4728
internal_value=-6.56483e-07 4.56855e-06 -3.11572e-05 7.26574e-06 -6.28163e-05 -6.11975e-06 -5.30272e-05
internal_weight=1.92378e+06 1.64242e+06 281360 1.56895e+06 124249 157111 73472
internal_count=1923779 1642419 281360 1568947 124249 157111 73472
is_linear=0
shrinkage=0.00720685


Tree=301
num_leaves=8
num_cat=0
split_feature=2 0 23 3 21 23 23
split_gain=5.96992 5.63516 4.5613 3.77877 5.35983 2.68884 1.29135
threshold=0.32297500967979437 -2.2724109888076778 -0.10080959647893904 inf inf -1.2161045074462888 0.189793735742569
decision_type=2 2 8 8 8 8 10
left_child=1 5 -3 4 -2 -1 -5
right_child=3 2 -4 6 -6 -7 -8
leaf_value=-0.0002844802137784834 1.521393385726083e-05 -2.1646016312822294e-05 7.407215074657989e-06 -0.00069077176089144497 0.00045857111067176159 -6.8451901012408264e-05 -0.00011108533573058238
leaf_weight=3168 742054 556896 565838 516 1418 53816 326
leaf_count=3168 742054 556896 565838 516 1418 53816 326
internal_value=-4.68733e-07 -1.05523e-05 -7.00369e-06 1.55134e-05 1.60602e-05 -8.04669e-05 -0.000466739
internal_weight=1.92403e+06 1.17972e+06 1.12273e+06 744314 743472 56984 842
internal_count=1924032 1179718 1122734 744314 743472 56984 842
is_linear=0
shrinkage=0.00720685


Tree=302
num_leaves=8
num_cat=0
split_feature=25 25 4 6 4 9 9
split_gain=5.55628 5.0154 6.75409 4.02444 3.50709 2.50115 1.51018
threshold=0.055997742339968688 -0.18270618468523023 -1.0000000180025095e-35 inf -1.3892661929130552 -4.0542285442352286 -1.5240026116371153
decision_type=8 10 10 8 10 10 8
left_child=1 2 -1 -3 6 -6 -2
right_child=4 3 -4 -5 5 -7 -8
leaf_value=-1.9105879965359125e-05 -0.00015053845120209297 -2.4690528338018008e-05 4.0570519166898314e-05 -0.0007254648475257965 -6.5025726162740028e-05 1.791370556748324e-05 -2.960740477579145e-05
leaf_weight=218296 5996 598544 179500 425 19312 851311 50794
leaf_count=218296 5996 598544 179500 425 19312 851311 50794
internal_value=-2.01722e-07 -1.20146e-05 7.82225e-06 -2.5189e-05 1.24945e-05 1.60739e-05 -4.23783e-05
internal_weight=1.92418e+06 996765 397796 598969 927413 870623 56790
internal_count=1924178 996765 397796 598969 927413 870623 56790
is_linear=0
shrinkage=0.00720685


Tree=303
num_leaves=8
num_cat=0
split_feature=8 3 21 2 15 18 3
split_gain=5.99455 4.84016 5.37581 4.50016 3.30292 2.72479 1.29261
threshold=-0.78980758786201466 1.752971947193146 inf -1.4025261402130125 -1.0308214426040647 2.3763915300369267 1.0050985217094424
decision_type=8 8 8 2 2 8 10
left_child=3 2 -2 6 -5 -3 -1
right_child=1 5 -4 4 -6 -7 -8
leaf_value=-7.3077188356034537e-05 7.4056305844225321e-06 -3.2663347496042699e-05 0.00032826372690949665 -8.1055899658443353e-05 -1.042036069800285e-05 -0.00015939373135392054 -0.00016888224670957248
leaf_weight=18860 1527761 29756 2716 39172 281197 12519 11952
leaf_count=18860 1527761 29756 2716 39172 281197 12519 11952
internal_value=-1.37246e-07 5.87398e-06 7.97525e-06 -2.70584e-05 -1.90574e-05 -7.01957e-05 -0.000110245
internal_weight=1.92393e+06 1.57275e+06 1.53048e+06 351181 320369 42275 30812
internal_count=1923933 1572752 1530477 351181 320369 42275 30812
is_linear=0
shrinkage=0.00720685


Tree=304
num_leaves=8
num_cat=0
split_feature=6 23 8 19 24 15 25
split_gain=6.23539 5.33237 6.46727 5.03817 3.48157 3.10512 3.0042
threshold=1.2645606994628908 -0.10080959647893904 -0.95342412590980519 -0.78763887286186207 0.74898967146873485 0.035116365179419524 -0.51892739534378041
decision_type=8 10 8 8 2 2 10
left_child=1 2 -1 -3 5 -2 -6
right_child=4 3 -4 -5 6 -7 -8
leaf_value=-6.2647069493420836e-05 -6.2205620882251582e-05 7.1122117001899205e-05 -9.8262084423527837e-07 1.1680596732371072e-05 -0.00030827581728288991 8.1688174218888273e-06 -8.1980660220108765e-05
leaf_weight=99059 59479 82092 816065 756897 3335 71960 35213
leaf_count=99059 59479 82092 816065 756897 3335 71960 35213
internal_value=3.34943e-07 4.37367e-06 -7.65767e-06 1.74968e-05 -4.13408e-05 -2.36772e-05 -0.000101566
internal_weight=1.9241e+06 1.75411e+06 915124 838989 169987 131439 38548
internal_count=1924100 1754113 915124 838989 169987 131439 38548
is_linear=0
shrinkage=0.00720685


Tree=305
num_leaves=8
num_cat=0
split_feature=2 23 1 5 21 6 15
split_gain=6.06162 6.16844 4.54135 3.99228 3.69893 2.76109 2.57142
threshold=0.17193234711885455 0.15462619066238406 1.995536267757416 -0.075681436806917177 inf 1.9745526909828188 -0.445644661784172
decision_type=2 10 2 10 8 8 2
left_child=1 2 -1 4 -2 -5 -3
right_child=3 6 -4 5 -6 -7 -8
leaf_value=-2.0052193298155189e-05 -1.1286052980823335e-05 3.8295090004083971e-05 -0.00010964839951752459 2.44427152442553e-05 0.00032831348450387962 -0.00024906582609471431 -3.3683734615823707e-06
leaf_weight=676752 276124 134262 30716 622776 1675 1922 180209
leaf_count=676752 276124 134262 30716 622776 1675 1922 180209
internal_value=-1.17738e-07 -1.21376e-05 -2.39424e-05 1.34928e-05 -9.23722e-06 2.36008e-05 1.44196e-05
internal_weight=1.92444e+06 1.02194e+06 707468 902497 277799 624698 314471
internal_count=1924436 1021939 707468 902497 277799 624698 314471
is_linear=0
shrinkage=0.00720685


Tree=306
num_leaves=8
num_cat=0
split_feature=8 23 0 18 17 25 4
split_gain=5.49736 5.58041 4.27659 3.77963 3.37747 2.12427 1.68367
threshold=-0.86179551482200611 -1.1486204266548155 0.48819477856159216 -0.13648893684148786 -0.33755560219287867 0.34562435746192938 0.010395714547485115
decision_type=8 10 2 10 2 10 10
left_child=1 6 3 -2 -3 -4 -1
right_child=2 4 5 -5 -6 -7 -8
leaf_value=-0.00016849128762248634 -1.6184053093793481e-05 -4.8402731557038005e-05 1.5890526487192834e-05 1.0631731814301087e-05 3.7622470292472087e-06 5.4731034822311425e-05 -4.3385119357567875e-05
leaf_weight=17829 539959 112652 455536 552167 150703 87124 8139
leaf_count=17829 539959 112652 455536 552167 150703 87124 8139
internal_value=4.65581e-07 -2.84909e-05 5.5903e-06 -2.62626e-06 -1.85517e-05 2.21265e-05 -0.000129284
internal_weight=1.92411e+06 289323 1.63479e+06 1.09213e+06 263355 542660 25968
internal_count=1924109 289323 1634786 1092126 263355 542660 25968
is_linear=0
shrinkage=0.00720685


Tree=307
num_leaves=8
num_cat=0
split_feature=6 5 17 9 8 1 11
split_gain=5.74544 4.94225 4.16285 3.84225 3.77136 3.01997 2.68143
threshold=1.2645606994628908 -0.67332333326339711 0.99512243270874035 1.2894613146781924 0.7422199845314027 1.2340094447135928 2.0962578058242802
decision_type=8 8 2 10 10 2 8
left_child=1 3 -3 -1 5 -2 -6
right_child=4 2 -4 -5 6 -7 -8
leaf_value=-3.2379644963722237e-05 -4.1338866790019463e-05 1.3609282836505344e-05 -2.3161985432705031e-05 6.8009526521422875e-05 6.0868358969350156e-06 -0.00012766149203396283 0.0002581757280252535
leaf_weight=249058 102664 1301961 182294 21511 38472 26479 2323
leaf_count=249058 102664 1301961 182294 21511 38472 26479 2323
internal_value=5.43701e-08 3.92917e-06 9.09306e-06 -2.43981e-05 -3.99575e-05 -5.90391e-05 2.04479e-05
internal_weight=1.92476e+06 1.75482e+06 1.48426e+06 270569 169938 129143 40795
internal_count=1924762 1754824 1484255 270569 169938 129143 40795
is_linear=0
shrinkage=0.00720685


Tree=308
num_leaves=8
num_cat=0
split_feature=8 23 3 19 25 18 4
split_gain=5.4511 5.51334 5.00103 4.08645 3.92459 3.53335 1.57712
threshold=-0.88080900907516468 -1.1486204266548155 1.752971947193146 -0.48501698672771448 0.12610607594251635 2.6240583658218388 0.1473941504955292
decision_type=8 10 8 8 8 8 10
left_child=1 6 4 -3 -2 -4 -1
right_child=2 3 5 -5 -6 -7 -8
leaf_value=-0.00016776497049546572 -1.4296253375911343e-06 2.1424553309119846e-05 -3.5159176777551304e-05 -4.0287105869199633e-05 2.1939065217708283e-05 -0.00018833156395064115 -3.7779236603837832e-05
leaf_weight=17931 1017766 84069 33268 165335 589437 10226 6646
leaf_count=17931 1017766 84069 33268 165335 589437 10226 6646
internal_value=1.3591e-07 -2.96342e-05 5.07716e-06 -1.94853e-05 7.14077e-06 -7.11759e-05 -0.000132619
internal_weight=1.92468e+06 273981 1.6507e+06 249404 1.6072e+06 43494 24577
internal_count=1924678 273981 1650697 249404 1607203 43494 24577
is_linear=0
shrinkage=0.00720685


Tree=309
num_leaves=8
num_cat=0
split_feature=11 19 8 23 23 8 17
split_gain=5.77357 5.13514 4.45571 2.91242 2.54524 1.58633 1.33522
threshold=1.1208600997924807 -0.43836811184883112 -1.3664547801017759 -1.8231983184814451 -0.77497315406799305 1.8384499549865725 -1.1584448814392088
decision_type=10 8 8 10 8 10 2
left_child=1 3 -3 -1 5 -2 -6
right_child=4 2 -4 -5 6 -7 -8
leaf_value=-9.3587923294224167e-05 -0.00011292424041990838 -9.8945631249252043e-05 -2.2511536075145646e-06 2.4741426703670172e-05 -9.5647157307301626e-05 4.7757684621430995e-05 -1.9690433014698008e-05
leaf_weight=11023 28113 25306 1128074 539890 12904 3599 175393
leaf_count=11023 28113 25306 1128074 539890 12904 3599 175393
internal_value=-2.12191e-07 4.27298e-06 -4.3728e-06 2.23736e-05 -3.49564e-05 -9.46867e-05 -2.48963e-05
internal_weight=1.9243e+06 1.70429e+06 1.15338e+06 550913 220009 31712 188297
internal_count=1924302 1704293 1153380 550913 220009 31712 188297
is_linear=0
shrinkage=0.00720685


Tree=310
num_leaves=8
num_cat=0
split_feature=0 0 3 2 23 4 24
split_gain=5.69394 4.4911 4.05472 2.41622 2.29178 2.20718 1.84771
threshold=-2.2724109888076778 0.5777321755886079 -0.38117267191410059 -1.4025261402130125 -0.10080959647893904 0.83335408568382274 -1.1882072687149046
decision_type=2 2 8 2 10 10 2
left_child=3 2 -2 5 -3 -1 -5
right_child=1 4 -4 6 -6 -7 -8
leaf_value=-9.5660508829956755e-05 1.4922012861695587e-05 8.3462447935516022e-06 -1.1409142834336827e-05 0.00015584496383586784 4.124250468888466e-05 -0.00033852285292971265 -3.9962947461639107e-05
leaf_weight=27469 442825 244725 967125 2687 199798 2091 36377
leaf_count=27469 442825 244725 967125 2687 199798 2091 36377
internal_value=7.72543e-07 3.15807e-06 -3.13926e-06 -6.36919e-05 2.31321e-05 -0.000112851 -2.64903e-05
internal_weight=1.9231e+06 1.85447e+06 1.40995e+06 68624 444523 29560 39064
internal_count=1923097 1854473 1409950 68624 444523 29560 39064
is_linear=0
shrinkage=0.00720685


Tree=311
num_leaves=8
num_cat=0
split_feature=1 25 25 6 9 23 24
split_gain=5.26695 4.66905 5.72029 2.65508 2.04517 2.12779 1.08312
threshold=2.263502955436707 0.055997742339968688 -0.17353048175573346 1.2645606994628908 0.58790332078933727 -0.52457907795906056 -1.1668486595153806
decision_type=2 8 10 8 10 8 2
left_child=1 2 -1 -3 5 -2 -6
right_child=4 3 -4 -5 6 -7 -8
leaf_value=1.1031023390421429e-05 -0.00024137306512361865 1.6543919539748769e-05 -2.4292688780770616e-05 -2.9090366177101686e-05 0.00029752695842101448 -8.2910360079175533e-05 -3.7582232115430907e-06
leaf_weight=405794 5582 840428 576215 71882 853 20807 2259
leaf_count=405794 5582 840428 576215 71882 853 20807 2259
internal_value=-2.78523e-07 1.2096e-06 -9.69591e-06 1.29483e-05 -9.58315e-05 -0.000116438 7.88811e-05
internal_weight=1.92382e+06 1.89432e+06 982009 912310 29501 26389 3112
internal_count=1923820 1894319 982009 912310 29501 26389 3112
is_linear=0
shrinkage=0.00720685


Tree=312
num_leaves=8
num_cat=0
split_feature=8 0 9 18 6 18 15
split_gain=6.00843 4.3055 4.99407 3.956 2.97488 2.71393 1.98917
threshold=-0.57986372709274281 0.48819477856159216 1.3180012106895449 3.3926956653594975 1.3588078022003176 -0.78695037961006153 -1.1176506876945493
decision_type=8 2 10 8 8 10 2
left_child=3 2 -2 4 -1 -3 -5
right_child=1 5 -4 6 -6 -7 -8
leaf_value=-1.1703469675245237e-05 -5.1542421996267282e-06 2.3482728716246017e-06 7.136838815441559e-05 -0.00030705669596048732 -7.5399444597593198e-05 3.812393244937291e-05 -9.5193386168551178e-05
leaf_weight=507567 829214 168822 46795 2913 41172 316806 10967
leaf_count=507567 829214 168822 46795 2913 41172 316806 10967
internal_value=2.89215e-07 8.47521e-06 -1.06642e-06 -1.95223e-05 -1.64828e-05 2.56871e-05 -0.000139677
internal_weight=1.92426e+06 1.36164e+06 876009 562619 548739 485628 13880
internal_count=1924256 1361637 876009 562619 548739 485628 13880
is_linear=0
shrinkage=0.00720685


Tree=313
num_leaves=8
num_cat=0
split_feature=0 25 3 21 24 18 25
split_gain=5.73865 4.34346 4.39583 3.51589 2.81711 4.28623 2.39179
threshold=-1.7345324754714964 0.1320094168186188 -0.40553322434425348 inf -1.2719160318374632 3.9354243278503422 0.051078395918011672
decision_type=2 8 8 8 2 10 8
left_child=4 2 -2 -3 5 -1 -6
right_child=1 3 -4 -5 6 -7 -8
leaf_value=2.3975378430046726e-05 1.4431160021870512e-05 1.6739771417702723e-05 -1.5426744969886809e-05 0.00032502267726992878 -0.0001010915953629515 0.00060138046424976319 -2.8335404213624454e-05
leaf_weight=4752 385515 674367 762911 1926 43965 776 50341
leaf_count=4752 385515 674367 762911 1926 43965 776 50341
internal_value=2.17937e-07 3.12886e-06 -5.40372e-06 1.76182e-05 -5.29857e-05 0.000105123 -6.22549e-05
internal_weight=1.92455e+06 1.82472e+06 1.14843e+06 676293 99834 5528 94306
internal_count=1924553 1824719 1148426 676293 99834 5528 94306
is_linear=0
shrinkage=0.00720685


Tree=314
num_leaves=8
num_cat=0
split_feature=0 19 8 11 24 15 18
split_gain=5.34135 4.2128 3.25353 2.81487 2.65395 3.67649 1.97115
threshold=-1.7345324754714964 -0.43347939848899836 -1.4076593518257139 1.3585845828056338 -1.2719160318374632 1.4995324611663821 2.9168485403060918
decision_type=2 8 8 8 2 2 10
left_child=4 3 -3 -2 5 -1 -6
right_child=1 2 -4 -5 6 -7 -8
leaf_value=2.8761416878805193e-05 2.2285455037414403e-05 -9.8165625034904265e-05 -3.1033919934611259e-06 -5.1822629391531005e-05 -5.089008648700323e-05 0.0005712328963335411 -0.00017739096742450653
leaf_weight=4859 566159 18992 1210270 27933 87325 748 6903
leaf_count=4859 566159 18992 1210270 27933 87325 748 6903
internal_value=2.32906e-07 3.04332e-06 -4.57219e-06 1.88009e-05 -5.10948e-05 0.000101218 -6.01593e-05
internal_weight=1.92319e+06 1.82335e+06 1.22926e+06 594092 99835 5607 94228
internal_count=1923189 1823354 1229262 594092 99835 5607 94228
is_linear=0
shrinkage=0.00720685


Tree=315
num_leaves=8
num_cat=0
split_feature=25 5 25 21 25 9 25
split_gain=5.238 5.28838 5.16725 3.13192 2.98813 2.71405 1.5635
threshold=0.12610607594251635 -0.075681436806917177 -0.18270618468523023 inf 1.6265048980712893 2.3385685682296757 3.2637137174606328
decision_type=8 10 8 8 10 10 10
left_child=1 3 -3 -1 5 -2 -6
right_child=4 2 -4 -5 6 -7 -8
leaf_value=-3.1246808969790087e-05 1.8147784461402627e-05 3.028776185839924e-05 -1.0472561499216018e-05 0.00016321329666205958 -7.2517307754598969e-05 0.00032332316185338972 1.7979082014700947e-05
leaf_weight=432078 688436 234548 518943 4344 29535 1516 14926
leaf_count=432078 688436 234548 518943 4344 29535 1516 14926
internal_value=-6.23285e-09 -9.34742e-06 2.21537e-06 -2.93108e-05 1.51285e-05 1.88188e-05 -4.21365e-05
internal_weight=1.92433e+06 1.18991e+06 753491 436422 734413 689952 44461
internal_count=1924326 1189913 753491 436422 734413 689952 44461
is_linear=0
shrinkage=0.00720685


Tree=316
num_leaves=8
num_cat=0
split_feature=0 0 7 8 18 5 8
split_gain=5.4412 4.2362 3.89671 3.24565 2.59827 1.76943 0.68716
threshold=0.37624670565128332 -4.0809838771820059 -1.3041292428970335 -1.0945202708244322 -0.78695037961006153 -2.5356611013412471 -1.452042758464813
decision_type=2 2 2 8 10 8 10
left_child=1 5 -3 6 -5 -1 -2
right_child=3 2 -4 4 -6 -7 -8
leaf_value=-0.00026010315774978001 -0.00021293545660319553 4.9167843487148954e-05 -1.0463306726049788e-05 -2.0312536531357826e-06 2.7135618656649245e-05 -8.0055287295764806e-05 -6.8214950668649496e-05
leaf_weight=3306 1937 60042 1093241 233098 496566 19887 14157
leaf_count=3306 1937 60042 1093241 233098 496566 19887 14157
internal_value=3.55614e-07 -9.29814e-06 -7.35874e-06 1.5585e-05 1.7818e-05 -0.000105731 -8.56459e-05
internal_weight=1.92223e+06 1.17648e+06 1.15328e+06 745758 729664 23193 16094
internal_count=1922234 1176476 1153283 745758 729664 23193 16094
is_linear=0
shrinkage=0.00720685


Tree=317
num_leaves=8
num_cat=0
split_feature=23 4 19 23 19 2 25
split_gain=5.52497 5.25686 4.86412 3.64759 3.62599 3.24839 2.84224
threshold=-0.77497315406799305 -0.079567931592464433 -0.34830620884895319 -1.7254721522331236 0.70232409238815319 -1.2786010503768919 -0.39698337018489832
decision_type=10 8 8 8 10 2 10
left_child=1 3 5 -1 -4 -2 -3
right_child=2 6 4 -5 -6 -7 -8
leaf_value=-0.00016646883410346186 -3.2386557070372529e-05 4.638109190325416e-05 -1.2347971040024023e-05 -4.7637964583565851e-05 2.2045489120485962e-05 2.5047381112539448e-05 -2.1112996544417689e-05
leaf_weight=14937 55990 48573 783776 131767 199791 591212 97354
leaf_count=14937 55990 48573 783776 131767 199791 591212 97354
internal_value=-4.3932e-07 -2.92737e-05 4.73483e-06 -5.97382e-05 -5.36162e-06 2.00786e-05 1.35294e-06
internal_weight=1.9234e+06 292631 1.63077e+06 146704 983567 647202 145927
internal_count=1923400 292631 1630769 146704 983567 647202 145927
is_linear=0
shrinkage=0.00720685


Tree=318
num_leaves=8
num_cat=0
split_feature=8 23 5 19 25 0 13
split_gain=5.78557 7.28938 4.95122 3.51183 3.4141 2.74783 2.01701
threshold=-0.81626507639884938 -1.1486204266548155 -2.1495827436447139 -0.48501698672771448 0.12610607594251635 -4.0809838771820059 -0.61579588055610646
decision_type=8 10 8 8 8 2 8
left_child=1 6 5 -3 -4 -2 -1
right_child=2 3 4 -5 -6 -7 -8
leaf_value=-0.0002328897150595739 -0.00023219548117071014 1.820943089167645e-05 9.111851947049072e-07 -3.4086289628783784e-05 2.3360460944963656e-05 -3.9063484983159029e-05 -9.8798829716855807e-05
leaf_weight=8053 4025 100660 962175 197651 554701 77184 21083
leaf_count=8053 4025 100660 962175 197651 554701 77184 21083
internal_value=5.30671e-07 -2.7067e-05 6.18544e-06 -1.64399e-05 9.12061e-06 -4.86387e-05 -0.000135868
internal_weight=1.92553e+06 327447 1.59808e+06 298311 1.51688e+06 81209 29136
internal_count=1925532 327447 1598085 298311 1516876 81209 29136
is_linear=0
shrinkage=0.00720685


Tree=319
num_leaves=8
num_cat=0
split_feature=8 23 17 17 25 3 4
split_gain=5.417 7.49472 4.88834 4.09841 3.60354 3.5797 2.46543
threshold=-0.71608507633209217 -1.1486204266548155 -1.1584448814392088 0.9700327217578889 -1.3567070364952085 1.752971947193146 -0.0096519612707197649
decision_type=8 10 2 2 8 8 10
left_child=1 6 -3 5 -5 -2 -1
right_child=3 2 -4 4 -6 -7 -8
leaf_value=-0.0001640042153309739 1.3029656249622134e-05 -9.8186924744321779e-05 -5.5149034231463984e-06 -0.00074509046663353673 -2.3308962094971309e-05 -6.3221617521986383e-05 -3.8401351500545081e-05
leaf_weight=24067 1279540 32281 351076 359 189801 32796 12249
leaf_count=24067 1279540 32281 351076 359 189801 32796 12249
internal_value=1.99028e-07 -2.26928e-05 -1.33187e-05 6.59312e-06 -2.46754e-05 1.1124e-05 -0.000121643
internal_weight=1.92217e+06 419673 383357 1.5025e+06 190160 1.31234e+06 36316
internal_count=1922169 419673 383357 1502496 190160 1312336 36316
is_linear=0
shrinkage=0.00720685


Tree=320
num_leaves=8
num_cat=0
split_feature=0 9 18 23 9 18 18
split_gain=5.27168 5.36122 8.71087 5.26646 3.13495 3.47641 2.13918
threshold=0.48819477856159216 1.3488774299621584 0.0086218346841633337 -0.91861486434936512 0.28267420828342443 -0.10385083034634589 -0.0265522226691246
decision_type=2 10 10 8 8 10 10
left_child=1 3 -3 -1 6 -6 -2
right_child=4 2 -4 -5 5 -7 -8
leaf_value=-5.7650104616006537e-05 4.6836448985574953e-05 -0.00010748485763593622 9.8223416690876978e-05 -6.6003630880185732e-06 -1.1009703295868147e-05 4.9030074498129335e-05 -3.6244090035571269e-07
leaf_weight=115292 210358 13471 51808 1171109 233024 63803 65372
leaf_count=115292 210358 13471 51808 1171109 233024 63803 65372
internal_value=-1.78801e-07 -7.94241e-06 5.5772e-05 -1.11757e-05 1.81493e-05 1.89588e-06 3.56461e-05
internal_weight=1.92424e+06 1.35168e+06 65279 1.2864e+06 572557 296827 275730
internal_count=1924237 1351680 65279 1286401 572557 296827 275730
is_linear=0
shrinkage=0.00720685


Tree=321
num_leaves=8
num_cat=0
split_feature=2 1 5 13 16 9 9
split_gain=5.11142 4.13675 3.86473 4.08303 3.27063 2.90984 2.35956
threshold=0.16466792672872546 1.995536267757416 -0.35407733917236323 -0.72020971775054921 1.163105905056 2.3385685682296757 -4.0542285442352286
decision_type=2 2 10 10 2 10 8
left_child=1 4 5 -4 -1 -2 -3
right_child=2 6 3 -5 -6 -7 -8
leaf_value=-1.1807244945780732e-05 -1.851993600196138e-05 -0.00032655500999440235 -2.6294069274757991e-05 2.6919923689676742e-05 3.5123040283422806e-05 0.00023135269874772024 -6.8681810722505231e-05
leaf_weight=887002 195432 1930 85029 627961 84473 2450 40508
leaf_count=887002 195432 1930 85029 627961 84473 2450 40508
internal_value=3.62424e-07 -1.07691e-05 1.27532e-05 2.05737e-05 -7.72644e-06 -1.5425e-05 -8.0417e-05
internal_weight=1.92478e+06 1.01391e+06 910872 712990 971475 197882 42438
internal_count=1924785 1013913 910872 712990 971475 197882 42438
is_linear=0
shrinkage=0.00720685


Tree=322
num_leaves=8
num_cat=0
split_feature=6 21 15 5 19 17 13
split_gain=5.50568 6.14613 10.0099 5.34054 3.70008 2.72371 1.58153
threshold=1.2645606994628908 inf 0.077790390700101866 -0.65152952075004567 -1.5209261178970335 -0.027622518129646775 -0.88421770930290211
decision_type=8 8 2 8 10 2 10
left_child=1 3 -3 -1 6 -6 -2
right_child=4 2 -4 -5 5 -7 -8
leaf_value=-2.548392953978887e-05 -0.00045082405783464013 0.0002219327116573689 0.0018424694761501523 9.1003761461493868e-06 -6.067506231293368e-05 -2.1762844740914927e-06 -0.00014628516163737494
leaf_weight=275114 1432 1655 224 1476678 89894 76535 2324
leaf_count=275114 1432 1655 224 1476678 89894 76535 2324
internal_value=3.12992e-07 4.11098e-06 0.000415963 3.66898e-06 -3.8823e-05 -3.37738e-05 -0.000262484
internal_weight=1.92386e+06 1.75367e+06 1879 1.75179e+06 170185 166429 3756
internal_count=1923856 1753671 1879 1751792 170185 166429 3756
is_linear=0
shrinkage=0.00720685


Tree=323
num_leaves=8
num_cat=0
split_feature=8 17 5 21 18 6 2
split_gain=5.80839 6.43577 5.51084 6.37849 4.25537 2.9465 1.98762
threshold=-0.57986372709274281 -1.1584448814392088 -1.7894184589385984 inf -0.7787976562976836 1.2435476779937746 -0.24294629693031308
decision_type=10 2 8 8 10 8 2
left_child=1 6 3 -2 -4 -3 -1
right_child=2 5 4 -5 -6 -7 -8
leaf_value=-0.00016317447174818693 -4.930284286023651e-05 -6.6615236630515865e-06 -1.1170597760574845e-05 0.00031259836305147552 1.973705502098817e-05 -6.4101633234781805e-05 -6.5189534473523276e-05
leaf_weight=16952 108310 465540 306536 2589 943436 51516 29409
leaf_count=16952 108310 465540 306536 2589 943436 51516 29409
internal_value=-2.18822e-07 -1.96783e-05 7.83763e-06 -4.08512e-05 1.21574e-05 -1.23846e-05 -0.000101021
internal_weight=1.92429e+06 563417 1.36087e+06 110899 1.24997e+06 517056 46361
internal_count=1924288 563417 1360871 110899 1249972 517056 46361
is_linear=0
shrinkage=0.00720685


Tree=324
num_leaves=8
num_cat=0
split_feature=19 25 0 23 23 11 24
split_gain=5.48689 4.61375 4.30609 4.04455 3.20998 2.63576 1.81702
threshold=-0.43836811184883112 0.17645315080881122 -0.03539846092462539 -1.2161045074462888 2.7332913875579838 1.3378611207008364 -1.2935146689414976
decision_type=8 8 2 10 10 8 2
left_child=3 2 -2 6 -3 -5 -1
right_child=1 4 -4 5 -6 -7 -8
leaf_value=7.1307087141410746e-05 -4.1305702496865507e-05 1.5721875788556531e-05 -7.3299120997118116e-06 2.546067616244594e-05 -8.3179020575070562e-05 -4.2919336347792907e-05 -7.7803405676360926e-05
leaf_weight=4923 281348 387058 622262 549311 17829 30925 30763
leaf_count=4923 281348 387058 622262 549311 17829 30925 30763
internal_value=-5.0101e-07 -8.85004e-06 -1.79087e-05 1.72361e-05 1.13666e-05 2.18161e-05 -5.72311e-05
internal_weight=1.92442e+06 1.3085e+06 903610 615922 404887 580236 35686
internal_count=1924419 1308497 903610 615922 404887 580236 35686
is_linear=0
shrinkage=0.00720685


Tree=325
num_leaves=8
num_cat=0
split_feature=0 17 24 18 10 17 25
split_gain=4.84829 4.21007 4.08588 6.28979 3.87431 2.76263 2.63223
threshold=-1.3111191391944883 0.99512243270874035 -1.4208211898803709 3.9354243278503422 -1.0147689580917356 0.058666164055466659 -1.147901117801666
decision_type=2 2 2 10 8 2 8
left_child=2 4 3 -1 -2 -4 -3
right_child=1 6 5 -5 -6 -7 -8
leaf_value=4.0004527567178764e-05 -2.1208517083882627e-05 -0.00049779292306971988 -6.9582045752866663e-05 0.00066335122882683309 1.1892031938138082e-05 4.9880414463963514e-06 -2.4125148546469247e-05
leaf_weight=5487 212884 610 97320 992 1337825 35113 234917
leaf_count=5487 212884 610 97320 992 1337825 35113 234917
internal_value=-1.53474e-07 3.03592e-06 -4.1165e-05 0.000135532 7.3479e-06 -4.98106e-05 -2.5354e-05
internal_weight=1.92515e+06 1.78624e+06 138912 6479 1.55071e+06 132433 235527
internal_count=1925148 1786236 138912 6479 1550709 132433 235527
is_linear=0
shrinkage=0.00720685


Tree=326
num_leaves=8
num_cat=0
split_feature=0 25 3 9 25 5 3
split_gain=4.99002 4.57928 4.54316 3.3866 2.21579 1.76582 0.761327
threshold=-2.6579675674438472 0.1320094168186188 -0.24802228063344953 -4.0542285442352286 1.6265048980712893 -2.5356611013412471 -0.81189367175102223
decision_type=2 8 8 8 10 8 10
left_child=3 2 -2 6 -3 -5 -1
right_child=1 4 -4 5 -6 -7 -8
leaf_value=-0.0006272092807284741 1.0918898093339342e-05 1.9640432243542643e-05 -1.8211606762129231e-05 -0.00017023816791182159 -3.3688168185623177e-05 -4.0957502045911301e-05 -0.00027927975757307622
leaf_weight=395 452010 652333 722597 6239 43142 45527 1900
leaf_count=395 452010 652333 722597 6239 43142 45527 1900
internal_value=-2.97168e-07 1.67612e-06 -7.00164e-06 -6.85565e-05 1.63323e-05 -5.65421e-05 -0.000339408
internal_weight=1.92414e+06 1.87008e+06 1.17461e+06 54061 695475 51766 2295
internal_count=1924143 1870082 1174607 54061 695475 51766 2295
is_linear=0
shrinkage=0.00720685


Tree=327
num_leaves=8
num_cat=0
split_feature=8 5 2 17 9 2 17
split_gain=5.26523 4.44931 3.84749 3.75192 3.72201 2.2959 1.52006
threshold=-0.90007662773132313 -1.7894184589385984 0.55218830704689037 -0.32941389083862299 -1.5240026116371153 -2.2646412849426265 1.1257169246673586
decision_type=8 8 2 2 10 2 2
left_child=3 4 -3 5 -2 -1 -5
right_child=1 2 -4 6 -6 -7 -8
leaf_value=-0.0002016515068074401 -0.00016629725080557074 9.1185401205337668e-07 2.6421473248175941e-05 6.1748664140687887e-06 -2.5232633512210449e-05 -5.3311490226770417e-05 -5.3302169980724319e-05
leaf_weight=5696 10677 1123470 422598 114417 107719 111243 27725
leaf_count=5696 10677 1123470 422598 114417 107719 111243 27725
internal_value=-8.02599e-08 4.62391e-06 7.88461e-06 -3.03022e-05 -3.79553e-05 -6.05388e-05 -5.42631e-06
internal_weight=1.92354e+06 1.66446e+06 1.54607e+06 259081 118396 116939 142142
internal_count=1923545 1664464 1546068 259081 118396 116939 142142
is_linear=0
shrinkage=0.00720685


Tree=328
num_leaves=8
num_cat=0
split_feature=19 8 23 8 25 5 23
split_gain=5.45005 4.80174 4.37182 4.6523 3.5391 3.2486 1.83555
threshold=-0.3734097927808761 -1.2031681537628172 -1.2161045074462888 -0.50416621565818776 0.18293873965740207 -0.65152952075004567 -0.071966420859098421
decision_type=8 8 10 8 8 8 10
left_child=2 6 3 -1 -3 -4 -2
right_child=1 4 5 -5 -6 -7 -8
leaf_value=-0.00015089686191873997 -0.00011672487562904215 -1.3537983546890498e-05 -1.5237269034640669e-05 6.4771237194487584e-06 1.409990582854001e-05 2.7957513791430767e-05 -3.0677328287828472e-05
leaf_weight=16140 27470 818418 107642 24665 340870 565599 24239
leaf_count=16140 27470 818418 107642 24665 340870 565599 24239
internal_value=8.69071e-07 -8.44236e-06 1.6661e-05 -5.5772e-05 -5.41148e-06 2.10512e-05 -7.63912e-05
internal_weight=1.92504e+06 1.211e+06 714046 40805 1.15929e+06 673241 51709
internal_count=1925043 1210997 714046 40805 1159288 673241 51709
is_linear=0
shrinkage=0.00720685


Tree=329
num_leaves=8
num_cat=0
split_feature=11 25 25 17 1 21 17
split_gain=4.91534 3.89932 5.59265 2.16257 2.02431 1.13172 0.858033
threshold=1.1208600997924807 0.055997742339968688 -0.17353048175573346 -1.0010969042778013 0.56089076399803173 inf -1.2019518017768858
decision_type=10 8 10 2 2 8 2
left_child=1 2 -1 -3 5 -2 -6
right_child=4 3 -4 -5 6 -7 -8
leaf_value=1.5172550286632423e-05 -1.5794061442272583e-05 -2.6422688470432799e-05 -2.1763914866225069e-05 1.8530838451483732e-05 -0.00013768101132059977 0.00023439560330476884 -5.2183974802923994e-05
leaf_weight=361883 128831 59940 517199 764233 6576 945 83648
leaf_count=361883 128831 59940 517199 764233 6576 945 83648
internal_value=-1.41028e-07 3.99968e-06 -6.55862e-06 1.52614e-05 -3.21987e-05 -1.39703e-05 -5.84171e-05
internal_weight=1.92326e+06 1.70326e+06 879082 824173 220000 129776 90224
internal_count=1923255 1703255 879082 824173 220000 129776 90224
is_linear=0
shrinkage=0.00720685


Tree=330
num_leaves=8
num_cat=0
split_feature=11 25 18 25 23 21 13
split_gain=5.05617 4.59971 4.06973 2.19449 1.98669 1.25709 0.833056
threshold=1.1635277271270754 0.12890925258398059 -0.85600939393043507 1.6265048980712893 -0.78986826539039601 inf 0.13578718155622485
decision_type=10 8 10 10 8 8 10
left_child=1 2 -1 -3 6 -6 -2
right_child=4 3 -4 -5 5 -7 -8
leaf_value=-3.5725015732183271e-05 -6.0251888859563694e-05 2.2601667845131606e-05 1.4471846665004211e-06 -3.3171924860391754e-05 -2.6304058427922562e-05 0.00025725544849974105 -0.00014144785128780628
leaf_weight=184874 17734 615539 886541 38959 168695 815 10422
leaf_count=184874 17734 615539 886541 38959 168695 815 10422
internal_value=2.74362e-07 4.22858e-06 -4.96693e-06 1.92817e-05 -3.42514e-05 -2.49391e-05 -9.03114e-05
internal_weight=1.92358e+06 1.72591e+06 1.07142e+06 654498 197666 169510 28156
internal_count=1923579 1725913 1071415 654498 197666 169510 28156
is_linear=0
shrinkage=0.00720685


Tree=331
num_leaves=8
num_cat=0
split_feature=0 11 6 8 19 23 23
split_gain=5.51769 4.51128 3.31603 2.81292 3.97695 2.53111 2.34179
threshold=0.48819477856159216 1.1208600997924807 0.64178076386451732 0.34062592685222631 -0.21820242702960965 -0.72238248586654652 -0.77497315406799305
decision_type=2 10 8 8 8 10 8
left_child=1 2 -1 5 -5 -2 -3
right_child=3 6 -4 4 -6 -7 -8
leaf_value=4.3316348549792901e-06 -4.0059190958062572e-05 -0.000103812016117029 -2.3141222515197183e-05 6.8814792662449427e-05 6.3150634218048965e-06 1.4111858938570486e-05 -3.080505362388707e-05
leaf_weight=856523 52421 26713 311065 112005 100173 308070 156574
leaf_count=856523 52421 26713 311065 112005 100173 308070 156574
internal_value=-2.58406e-07 -8.20568e-06 -2.98759e-06 1.84884e-05 3.93078e-05 6.23439e-06 -4.1446e-05
internal_weight=1.92354e+06 1.35088e+06 1.16759e+06 572669 212178 360491 183287
internal_count=1923544 1350875 1167588 572669 212178 360491 183287
is_linear=0
shrinkage=0.00720685


Tree=332
num_leaves=8
num_cat=0
split_feature=2 23 0 6 12 25 25
split_gain=5.04947 5.69053 5.1723 3.87744 3.56428 3.37609 2.87173
threshold=0.15039012581110003 0.15462619066238406 -1.3796496987342832 0.49942629039287573 -2.8834829330444331 -0.24558018147945401 -3.2519843578338619
decision_type=2 10 2 8 10 8 8
left_child=1 2 -1 5 -5 -2 -3
right_child=3 6 -4 4 -6 -7 -8
leaf_value=-8.1828335950616423e-05 5.8630709645486159e-05 0.00025356667393795155 -1.6202350119476602e-05 -0.00039333989424588614 -1.0260828191734485e-05 1.4129067392464286e-05 1.2433614801126417e-05
leaf_weight=69331 104822 2586 621837 1267 248269 570123 305441
leaf_count=69331 104822 2586 621837 1267 248269 570123 305441
internal_value=-7.26955e-08 -1.13039e-05 -2.27854e-05 1.20662e-05 -1.22075e-05 2.10405e-05 1.44589e-05
internal_weight=1.92368e+06 999195 691168 924481 249536 674945 308027
internal_count=1923676 999195 691168 924481 249536 674945 308027
is_linear=0
shrinkage=0.00720685


Tree=333
num_leaves=8
num_cat=0
split_feature=0 19 25 23 17 5 24
split_gain=5.75293 4.26825 4.16247 3.9228 2.83369 1.91763 1.57696
threshold=-2.1107227802276607 -0.3734097927808761 0.17953269928693774 -1.085238993167877 0.016351055353879932 -2.2356444597244258 -1.1668486595153806
decision_type=2 8 8 10 2 8 2
left_child=4 3 -3 -2 5 -1 -6
right_child=1 2 -4 -5 6 -7 -8
leaf_value=-0.00019688252352059786 -4.6349393972385354e-05 -1.5509965033455856e-05 1.428719093733739e-05 2.0824656063038157e-05 0.00025957132357408078 -7.1729025461909047e-05 -4.4761318866058209e-06
leaf_weight=7299 48578 811173 347939 640172 1253 49362 18599
leaf_count=7299 48578 811173 347939 640172 1253 49362 18599
internal_value=-6.57979e-07 1.8776e-06 -6.56551e-06 1.60867e-05 -6.18944e-05 -8.78546e-05 1.22e-05
internal_weight=1.92438e+06 1.84786e+06 1.15911e+06 688750 76513 56661 19852
internal_count=1924375 1847862 1159112 688750 76513 56661 19852
is_linear=0
shrinkage=0.00720685


Tree=334
num_leaves=8
num_cat=0
split_feature=8 23 25 25 15 19 9
split_gain=5.00708 7.20873 3.76278 4.14606 3.34269 2.53936 1.5043
threshold=-0.81626507639884938 -1.1486204266548155 0.1320094168186188 -0.18717643618583676 -1.0308214426040647 -0.81732189655303944 -0.7831759750843047
decision_type=8 10 8 10 2 8 8
left_child=1 6 3 -2 -3 -4 -1
right_child=2 4 5 -5 -6 -7 -8
leaf_value=-0.00026218118377813697 1.7768030018136865e-05 -7.9704257185860941e-05 6.632719087762236e-05 -1.3085113577859241e-05 -6.1632407239551145e-06 1.5037285435178799e-05 -0.00011291943043549583
leaf_weight=4074 335218 36597 55602 695703 261309 509998 25213
leaf_count=4074 335218 36597 55602 695703 261309 509998 25213
internal_value=-1.2126e-07 -2.58046e-05 5.14232e-06 -3.05276e-06 -1.51979e-05 2.00796e-05 -0.000133691
internal_weight=1.92371e+06 327193 1.59652e+06 1.03092e+06 297906 565600 29287
internal_count=1923714 327193 1596521 1030921 297906 565600 29287
is_linear=0
shrinkage=0.00720685


Tree=335
num_leaves=8
num_cat=0
split_feature=0 19 23 19 23 24 7
split_gain=5.11862 4.29453 3.28132 2.89915 2.65391 2.15625 1.53832
threshold=-2.1107227802276607 -0.34830620884895319 -1.8231983184814451 0.70232409238815319 -1.2546242475509641 -1.0751346945762632 -0.32449607551097864
decision_type=2 8 8 10 8 2 2
left_child=4 2 -2 -3 6 -6 -1
right_child=1 3 -4 -5 5 -7 -8
leaf_value=6.017684610970981e-05 -0.0001403096544802262 -1.253265643347734e-05 1.735621620925235e-05 1.6115541130130726e-05 0.00010006812662273394 -5.8389103719599335e-05 -0.00030568779461759418
leaf_weight=730 6921 892808 718199 230924 4773 67889 3263
leaf_count=730 6921 892808 718199 230924 4773 67889 3263
internal_value=-2.14914e-07 2.17768e-06 1.58511e-05 -6.64549e-06 -5.79218e-05 -4.79789e-05 -0.000238796
internal_weight=1.92551e+06 1.84885e+06 725120 1.12373e+06 76655 72662 3993
internal_count=1925507 1848852 725120 1123732 76655 72662 3993
is_linear=0
shrinkage=0.00720685


Tree=336
num_leaves=8
num_cat=0
split_feature=2 1 23 3 21 9 23
split_gain=4.80742 5.18551 4.3186 3.78565 5.15055 2.87159 1.42071
threshold=0.39060607552528387 1.995536267757416 0.15462619066238406 inf inf -4.0542285442352286 0.17525005340576175
decision_type=2 2 8 8 8 8 10
left_child=1 2 -1 4 -2 -3 -5
right_child=3 5 -4 6 -6 -7 -8
leaf_value=-1.506106000389101e-05 1.5105323108764748e-05 -0.00035347283780699052 1.412521925138232e-05 -0.00074426633419781498 0.00046286697313197646 -7.2460140301907415e-05 -0.00013951635731286144
leaf_weight=815962 673916 1976 388773 452 1336 42379 365
leaf_count=815962 673916 1976 388773 452 1336 42379 365
internal_value=-8.15694e-08 -8.4601e-06 -5.6425e-06 1.53984e-05 1.59919e-05 -8.4987e-05 -0.000474595
internal_weight=1.92516e+06 1.24909e+06 1.20474e+06 676069 675252 44355 817
internal_count=1925159 1249090 1204735 676069 675252 44355 817
is_linear=0
shrinkage=0.00720685


Tree=337
num_leaves=8
num_cat=0
split_feature=6 23 8 8 1 25 11
split_gain=5.07148 4.12215 5.28234 3.51276 3.4265 2.71606 2.45886
threshold=1.2645606994628908 0.042677471414208419 -0.95342412590980519 0.7422199845314027 1.0758036375045779 -3.2519843578338619 2.0962578058242802
decision_type=8 10 8 8 2 8 8
left_child=1 2 -1 4 -2 -3 -5
right_child=3 5 -4 6 -6 -7 -8
leaf_value=-5.0798492853535107e-05 -3.4948646555249137e-05 0.0002023684246315957 3.2124337944238684e-07 6.7269674895015319e-06 -0.00012089603556804199 1.6538620764368416e-05 0.00024895337482964356
leaf_weight=117543 97126 4110 982858 38535 32040 649862 2306
leaf_count=117543 97126 4110 982858 38535 32040 649862 2306
internal_value=-2.65023e-07 3.37697e-06 -5.1393e-06 -3.78482e-05 -5.62691e-05 1.77068e-05 2.04098e-05
internal_weight=1.92438e+06 1.75437e+06 1.1004e+06 170007 129166 653972 40841
internal_count=1924380 1754373 1100401 170007 129166 653972 40841
is_linear=0
shrinkage=0.00720685


end of trees

feature_importances:
LOW_TURNOVER=352
Q_SALES_YOY=321
REV60=182
CORD60=177
CURRENT_RATIO=145
ROE_YOY=142
INTRADAY_REV10=139
LN_TURNOVER=137
AMIHUD_20=119
CORD20=114
EP=94
VOL_CV20=88
CORR60=65
VSTD5=52
MAX_DD60=51
RET_AMT_CORR20=50
CNTD60=47
BP=25
MACD_LINE=19
CORD5=16
VOL_OF_VOL_20=12
UP_DOWN_RATIO20=12
RET_VOL_CORR5=3
VOL_PRICE_DIVERGENCE=2
NEG_SKEW_20=1
CNTD5=1

parameters:
[boosting: gbdt]
[objective: regression]
[metric: l2]
[tree_learner: serial]
[device_type: cpu]
[data_sample_strategy: bagging]
[data: ]
[valid: ]
[num_iterations: 1000]
[learning_rate: 0.00720685]
[num_leaves: 43]
[num_threads: 8]
[seed: 42]
[deterministic: 0]
[force_col_wise: 0]
[force_row_wise: 0]
[histogram_pool_size: -1]
[max_depth: 3]
[min_data_in_leaf: 76]
[min_sum_hessian_in_leaf: 0.001]
[bagging_fraction: 0.712041]
[pos_bagging_fraction: 1]
[neg_bagging_fraction: 1]
[bagging_freq: 1]
[bagging_seed: 400]
[bagging_by_query: 0]
[feature_fraction: 0.587027]
[feature_fraction_bynode: 1]
[feature_fraction_seed: 30056]
[extra_trees: 0]
[extra_seed: 12879]
[early_stopping_round: 0]
[early_stopping_min_delta: 0]
[first_metric_only: 0]
[max_delta_step: 0]
[lambda_l1: 0.0035701]
[lambda_l2: 0.944352]
[linear_lambda: 0]
[min_gain_to_split: 0]
[drop_rate: 0.1]
[max_drop: 50]
[skip_drop: 0.5]
[xgboost_dart_mode: 0]
[uniform_drop: 0]
[drop_seed: 17869]
[top_rate: 0.2]
[other_rate: 0.1]
[min_data_per_group: 100]
[max_cat_threshold: 32]
[cat_l2: 10]
[cat_smooth: 10]
[max_cat_to_onehot: 4]
[top_k: 20]
[monotone_constraints: ]
[monotone_constraints_method: basic]
[monotone_penalty: 0]
[feature_contri: ]
[forcedsplits_filename: ]
[refit_decay_rate: 0.9]
[cegb_tradeoff: 1]
[cegb_penalty_split: 0]
[cegb_penalty_feature_lazy: ]
[cegb_penalty_feature_coupled: ]
[path_smooth: 0]
[interaction_constraints: ]
[verbosity: -1]
[saved_feature_importance_type: 0]
[use_quantized_grad: 0]
[num_grad_quant_bins: 4]
[quant_train_renew_leaf: 0]
[stochastic_rounding: 1]
[linear_tree: 0]
[max_bin: 255]
[max_bin_by_feature: ]
[min_data_in_bin: 3]
[bin_construct_sample_cnt: 200000]
[data_random_seed: 175]
[is_enable_sparse: 1]
[enable_bundle: 1]
[use_missing: 1]
[zero_as_missing: 0]
[feature_pre_filter: 1]
[pre_partition: 0]
[two_round: 0]
[header: 0]
[label_column: ]
[weight_column: ]
[group_column: ]
[ignore_column: ]
[categorical_feature: ]
[forcedbins_filename: ]
[precise_float_parser: 0]
[parser_config_file: ]
[objective_seed: 16083]
[num_class: 1]
[is_unbalance: 0]
[scale_pos_weight: 1]
[sigmoid: 1]
[boost_from_average: 1]
[reg_sqrt: 0]
[alpha: 0.9]
[fair_c: 1]
[poisson_max_delta_step: 0.7]
[tweedie_variance_power: 1.5]
[lambdarank_truncation_level: 30]
[lambdarank_norm: 1]
[label_gain: ]
[lambdarank_position_bias_regularization: 0]
[eval_at: ]
[multi_error_top_k: 1]
[auc_mu_weights: ]
[num_machines: 1]
[local_listen_port: 12400]
[time_out: 120]
[machine_list_filename: ]
[machines: ]
[gpu_platform_id: -1]
[gpu_device_id: -1]
[gpu_use_dp: 0]
[num_gpu: 1]

end of parameters

pandas_categorical:[]
