tree
version=v4
num_class=1
num_tree_per_iteration=1
label_index=0
max_feature_idx=24
objective=regression
feature_names=LOW_TURNOVER LN_TURNOVER CORR20 VOL_CV20 RET_AMT_CORR20 KLOW CONSEC_UP5 CORD60 RET_VOL_CORR5 OBV_CHG_20 CORD5 AMIHUD_20 VOL_OF_VOL_20 CORR60 VOL_PRICE_DIVERGENCE BP EP CNTD10 IMAX60 WVMA30 MAX_DD60 CNTD60 Q_SALES_YOY VSTD5 NEG_SKEW_20
feature_infos=[-6.7753753662109375:3.2431790828704834] [-8.1787328720092773:4.104130744934082] [-4.3742814064025879:3.4006109237670898] [-6.2962665557861328:3.0953469276428223] [-3.5060076713562012:3.8347465991973877] [-3.5479376316070557:5.5407795906066895] [-6.2211079597473145:3.5125076770782471] [-3.6698319911956787:3.9833581447601318] [-3.0033345222473145:3.7929396629333496] [-8.0806341171264648:8.5283880233764648] [-3.8165667057037354:3.0253605842590332] [-2.9619853496551514:6.8340001106262207] [-5.850644588470459:2.971987247467041] [-4.3263959884643555:3.5840051174163818] [-3.0174324512481689:3.3345050811767578] [-4.0958476066589355:6.8480501174926758] [-5.3341851234436035:7.1425585746765137] [-4.0090198516845703:3.6490302085876465] [-3.6006672382354736:4.0376672744750977] [-2.6916267871856689:6.6039714813232422] [-3.1878767013549805:6.150275707244873] [-3.839916467666626:3.6002066135406494] [-3.4108583927154541:6.9909744262695312] [-3.5332076549530029:6.1165041923522949] [-4.2412323951721191:3.7702083587646484]
tree_sizes=1345 1342 1364 1347 1331 1356 1360 1328 1340 1348 1326 1319 1348 1358 1347 1364 1332 1329 1333 1350 1316 1363 1345 1335 1387 1359 1383 1347 1348 1341 1334 1323 1338 1308 1350 1370 1362 1348 1293 1323 1323 1392 1310 1356 1337 1311 1354 1348 1359 1342 1342 1367 1368 1360 1382 1325 1358 1345 1345 1329 1370 1367 1362 1327 1328 1396 1363 1394 1348 1354 1339 1379 1344 1401 1338 1367 1376 1341 1345 1337 1356 1347 1342 1349 1360 1362 1349 1356 1378 1350 1320 1340 1347 1294 1352 1346 1318 1345 1339 1387 1329 1324 1327 1348 1362 1335 1329 1346 1326 1367 1406 1355 1331 1336 1320 1343 1367 1371

Tree=0
num_leaves=12
num_cat=0
split_feature=6 2 6 9 9 15 9 20 15 8 11
split_gain=31.4293 10.6696 7.60207 6.217 4.79978 4.03693 3.83671 3.36762 2.74545 2.29418 2.01311
threshold=-0.77508622407913197 0.28192922472953802 -3.3766808509826656 0.1071562059223652 0.24987572431564334 -0.12759809195995328 -0.031117142178118225 2.1047310829162602 -0.19385650008916852 0.14403904974460605 -0.62869903445243824
decision_type=2 8 2 8 10 2 10 10 2 10 10
left_child=2 5 9 8 -4 -2 -7 10 -3 -1 -6
right_child=1 3 4 -5 7 6 -8 -9 -10 -11 -12
leaf_value=0.0053859883180287452 0.0054863972220539408 0.005469343038821438 0.0054562910013231285 0.0054525224457567288 0.0053900549754816694 0.0055126203097607199 0.0054884240292747783 0.0053416433889694991 0.005489498784652944 0.0052819994121804043 0.0054412105487217227
leaf_weight=28716 801947 322162 275242 292774 29293 463349 292927 14458 434497 7308 75337
leaf_count=28716 801947 322162 275242 292774 29293 463349 292927 14458 434497 7308 75337
internal_value=0.00547905 0.00548589 0.00543763 0.005473 0.00544428 0.00549458 0.00550325 0.00541652 0.00548092 0.00536486 0.00542688
internal_weight=3.03801e+06 2.60766e+06 430354 1.04943e+06 394330 1.55822e+06 756276 119088 756659 36024 104630
internal_count=3038010 2607656 430354 1049433 394330 1558223 756276 119088 756659 36024 104630
is_linear=0
shrinkage=1


Tree=1
num_leaves=12
num_cat=0
split_feature=6 5 9 5 17 8 15 18 15 9 15
split_gain=31.1089 10.2265 9.17671 8.17175 8.13067 7.86237 6.16447 5.30856 5.70258 3.98919 3.50759
threshold=-0.77508622407913197 inf 0.032429335638880737 1.7059140205383303 -2.234832644462585 1.3821335434913637 -0.12759809195995328 2.1349202394485478 1.0000000180025095e-35 0.18370655924081805 0.016845170408487323
decision_type=2 8 8 10 2 10 2 10 2 10 2
left_child=3 2 6 9 5 10 -2 -6 -9 -1 -3
right_child=1 4 -4 -5 7 -7 -8 8 -10 -11 -12
leaf_value=-1.7431403362715106e-05 3.2164300401935105e-06 0.0040106702136322326 -7.6972680726240009e-06 -8.9571652783176065e-05 -5.8503242061543029e-05 0.0061145999018784297 2.2848253611532954e-05 0.0019056509106521206 0.0003251509735810854 -5.4287910962508088e-05 8.9343296458153861e-06
leaf_weight=227676 857567 7.0000000000000027 851249 78262 1150 10.999999999999998 894901 63 2889 124362 24
leaf_count=227676 857567 7 851249 78262 1150 11 894901 63 2889 124362 24
internal_value=8.45377e-09 6.80956e-06 6.39584e-06 -4.12082e-05 0.000266489 0.00252732 1.32419e-05 0.000242423 0.000359902 -3.04539e-05 0.00105163
internal_weight=3.03816e+06 2.60786e+06 2.60372e+06 430300 4144 42 1.75247e+06 4102 2952 352038 31
internal_count=3038161 2607861 2603717 430300 4144 42 1752468 4102 2952 352038 31
is_linear=0
shrinkage=0.00523217


Tree=2
num_leaves=12
num_cat=0
split_feature=6 2 6 15 7 15 10 24 10 12 19
split_gain=30.962 10.5796 7.56714 3.89729 3.21662 3.76933 2.82933 3.18765 2.4497 2.38876 2.08355
threshold=-0.77508622407913197 0.28192922472953802 -3.3766808509826656 -0.12759809195995328 0.59897100925445568 -0.19385650008916852 inf -1.4317475557327268 0.061999490484595306 -1.2772415876388548 -0.81063726544380177
decision_type=2 8 2 2 8 2 8 8 8 8 10
left_child=2 3 8 -2 -3 -6 -7 -8 -1 -4 -11
right_child=1 4 9 -5 5 6 7 -9 -10 10 -12
leaf_value=-0.00018915363417989684 7.4154337958816224e-06 1.4014466225099466e-06 -6.162596923635454e-05 2.3973867255400546e-05 -3.4795095299794167e-05 -5.0677960330414008e-06 0.00049069575748306117 6.098764061468967e-05 -8.8935342672183314e-05 -6.2593951976126132e-05 -2.3170446765465901e-05
leaf_weight=8889 801895 632420 72404 756301 186624 228075 640 1821 27141 42281 279662
leaf_count=8889 801895 632420 72404 756301 186624 228075 640 1821 27141 42281 279662
internal_value=1.77686e-08 6.80353e-06 -4.10971e-05 1.54529e-05 -6.03652e-06 -1.73145e-05 -3.15993e-06 0.000173244 -0.000113688 -3.44624e-05 -2.83507e-05
internal_weight=3.03815e+06 2.60778e+06 430377 1.5582e+06 1.04958e+06 417160 230536 2461 36030 394347 321943
internal_count=3038153 2607776 430377 1558196 1049580 417160 230536 2461 36030 394347 321943
is_linear=0
shrinkage=0.00523217


Tree=3
num_leaves=12
num_cat=0
split_feature=2 5 5 5 17 8 2 16 5 11 15
split_gain=19.3952 11.7649 7.55175 6.32831 4.72747 6.19104 4.72451 6.43565 4.48052 6.53181 12.7272
threshold=0.42209956049919134 1.3462623953819277 1.3462623953819277 1.164570748806 -2.234832644462585 1.0830627679824831 2.038819551467896 -0.0067260614596307269 1.164570748806 1.0515118241310122 -0.0087244226597249491
decision_type=8 10 8 10 2 10 8 2 8 10 2
left_child=3 2 -2 8 5 -4 7 -6 -1 -10 -11
right_child=1 -3 4 -5 6 -7 -8 -9 9 10 -12
leaf_value=1.3100253380532571e-05 -1.2186293087610149e-05 -6.5180697991284274e-05 7.0319704244863179e-05 -1.8951560020655075e-05 0.00034118470920576184 0.00515304993024817 5.3687774662987325e-05 0.0020729769895524051 0.00010229246159589874 0.0062965282735211719 0.0008022980550967927
leaf_weight=1725404 998528 124338 15.000000000000002 184274 1672 10.999999999999998 2746 60 723 10.999999999999998 261
leaf_count=1725404 998528 124338 15 184274 1672 11 2746 60 723 11 261
internal_value=3.69648e-08 -1.71732e-05 -1.12212e-05 1.0192e-05 0.000202502 0.00238082 0.00018905 0.000403014 1.33033e-05 0.000364127 0.00105371
internal_weight=3.03804e+06 1.12737e+06 1.00303e+06 1.91067e+06 4504 26 4478 1732 1.7264e+06 995 272
internal_count=3038043 1127370 1003032 1910673 4504 26 4478 1732 1726399 995 272
is_linear=0
shrinkage=0.00523217


Tree=4
num_leaves=12
num_cat=0
split_feature=1 1 23 1 11 9 9 9 4 1 9
split_gain=59.8397 11.1321 9.59214 9.14427 6.56125 7.83433 5.4204 4.3778 3.32174 3.29948 3.24179
threshold=1.5046263337135317 0.46880398690700537 inf 2.016565322875977 0.40460540354251867 0.013086611870676281 -0.02324680425226688 0.35760773718357092 -0.98648682236671437 -2.4284086227416988 1.8203343749046328
decision_type=2 2 8 2 10 10 8 10 8 2 10
left_child=1 2 6 -2 -4 9 -1 -5 -3 -6 -7
right_child=3 8 4 7 5 10 -8 -9 -10 -11 -12
leaf_value=1.8354996480557243e-05 -5.6527935160382206e-05 -3.4566375517788557e-05 3.4417285729644053e-05 -9.3932045042396958e-05 0.0012276226761256843 0.00027399423496586697 1.2868140209085624e-06 -0.00016982224614784655 -6.1212112488902978e-06 0.00056959873574007774 -0.0004552533533519848
leaf_weight=1299850 129388 142086 2544 48814 309 1809 837733 36386 538195 680 182
leaf_count=1299850 129388 142086 2544 48814 309 1809 837733 36386 538195 680 182
internal_value=-2.56987e-08 6.37585e-06 1.22294e-05 -8.42558e-05 0.000229961 0.000396546 1.16662e-05 -0.000126353 -1.20636e-05 0.000777221 0.000206699
internal_weight=3.03798e+06 2.82339e+06 2.14311e+06 214588 5524 2980 2.13758e+06 85200 680281 989 1991
internal_count=3037976 2823388 2143107 214588 5524 2980 2137583 85200 680281 989 1991
is_linear=0
shrinkage=0.00523217


Tree=5
num_leaves=12
num_cat=0
split_feature=0 0 0 5 11 0 0 9 9 2 9
split_gain=64.9387 16.7119 10.2341 9.30013 6.70983 12.4089 6.02934 6.01291 5.71132 3.82591 3.42373
threshold=-1.8672683238983152 -0.058479420840740197 -4.145399570465087 inf 0.4190333783626557 0.04105059057474137 0.48952910304069525 0.013086611870676281 -0.34491047263145441 0.27305842936038976 -0.084368921816349016
decision_type=2 2 2 8 10 2 2 10 8 8 8
left_child=2 9 -1 6 -5 7 -3 -6 -7 -2 -8
right_child=1 3 -4 4 5 8 10 -9 -10 -11 -12
leaf_value=-0.00018528190393675949 -2.4971736688068291e-06 4.7523243745208015e-06 -8.32275930220851e-05 3.0661179132623709e-05 0.00071277569087245789 0.0062156075052800979 3.0645083231368089e-05 0.00019970582075034827 0.0013545887829761083 -2.6406379317965697e-05 9.617012663328705e-06
leaf_weight=35966 324163 1248564 106987 2500 927 12.999999999999998 550427 1942 15.000000000000002 421627 344929
leaf_count=35966 324163 1248564 106987 2500 927 13 550427 1942 15 421627 344929
internal_value=-5.01892e-08 5.32483e-06 -0.000108911 1.273e-05 0.000229637 0.000400986 1.21834e-05 0.000365988 0.00379936 -1.60152e-05 2.25451e-05
internal_weight=3.03806e+06 2.89511e+06 142953 2.14932e+06 5397 2897 2.14392e+06 2869 28 745790 895356
internal_count=3038060 2895107 142953 2149317 5397 2897 2143920 2869 28 745790 895356
is_linear=0
shrinkage=0.00523217


Tree=6
num_leaves=12
num_cat=0
split_feature=0 0 18 0 0 9 0 7 9 9 13
split_gain=64.225 16.5082 11.7522 10.2109 6.01112 4.86789 6.5506 3.99228 3.43617 2.92335 3.21636
threshold=-1.8672683238983152 -0.058479420840740197 2.6457599401474003 -4.145399570465087 0.48952910304069525 -1.0878906249999998 0.013895982410758735 0.69301977753639232 -0.084368921816349016 0.1959071680903435 1.1924366950988772
decision_type=2 2 10 2 2 10 2 10 8 10 10
left_child=3 7 4 -1 -3 6 -4 -2 -6 10 -7
right_child=1 2 5 -5 8 9 -8 -9 -10 -11 -12
leaf_value=-0.00018454716488670801 -6.8360313768818102e-06 4.7102872282913872e-06 0.00091846574505250584 -8.2588794368579165e-05 3.0590317711293557e-05 0.00015689807519408727 0.0055929858845914027 -3.2126772669325444e-05 9.5199175743044504e-06 6.0682662210715401e-05 0.00047275514904270314
leaf_weight=35950 480542 1248836 50 106964 550393 1662 8.9999999999999982 265244 344719 1679 1909
leaf_count=35950 480542 1248836 50 106964 550393 1662 9 265244 344719 1679 1909
internal_value=3.22094e-08 5.37756e-06 1.27376e-05 -0.000108243 1.21283e-05 0.000258584 0.00174072 -1.5832e-05 2.24768e-05 0.000241386 0.000326076
internal_weight=3.03796e+06 2.89504e+06 2.14926e+06 142914 2.14395e+06 5309 59 745786 895112 5250 3571
internal_count=3037957 2895043 2149257 142914 2143948 5309 59 745786 895112 5250 3571
is_linear=0
shrinkage=0.00523217


Tree=7
num_leaves=12
num_cat=0
split_feature=1 1 5 1 9 18 15 8 9 9 15
split_gain=57.9984 10.724 9.63677 8.98564 5.21558 4.83772 14.4035 5.65915 4.97226 4.32659 4.20161
threshold=1.5046263337135317 0.46880398690700537 inf 2.016565322875977 -0.02324680425226688 2.2480773925781254 -0.0087244226597249491 0.70085081458091747 0.1959071680903435 0.35760773718357092 -0.11236330494284628
decision_type=2 2 8 2 8 10 2 10 10 10 2
left_child=1 2 4 -2 10 -4 7 -7 -8 -5 -1
right_child=3 -3 5 9 -6 6 8 -9 -10 -11 -12
leaf_value=8.0510931094684738e-06 -5.5452432685364538e-05 -1.1816656499143117e-05 -6.0358342149865041e-05 -9.2435738664147391e-05 1.2818096087079246e-06 0.0015016964666827377 0.00040445678283140357 0.0053221193509419571 1.9473040447427259e-05 -0.00016787043300729818 2.6897605315412168e-05
leaf_weight=612152 129381 680299 1211 48823 837696 27 2875 19 1356 36398 687911
leaf_count=612152 129381 680299 1211 48823 837696 27 2875 19 1356 36398 687911
internal_value=-2.0644e-08 6.28149e-06 1.20265e-05 -8.2942e-05 1.14639e-05 0.00023098 0.000313652 0.00319052 0.000281302 -0.000124665 1.80241e-05
internal_weight=3.03815e+06 2.82355e+06 2.14325e+06 214602 2.13776e+06 5488 4277 46 4231 85221 1.30006e+06
internal_count=3038148 2823546 2143247 214602 2137759 5488 4277 46 4231 85221 1300063
is_linear=0
shrinkage=0.00523217


Tree=8
num_leaves=12
num_cat=0
split_feature=0 0 0 23 17 14 0 0 2 2 15
split_gain=63.2138 16.1759 10.1014 9.26986 7.83439 6.79646 11.4677 5.89336 4.78147 3.73584 2.62327
threshold=-1.8672683238983152 -0.058479420840740197 -4.145399570465087 inf -2.234832644462585 -0.48778523504734034 -0.0073504922911524764 0.48952910304069525 2.038819551467896 0.27305842936038976 0.10306609049439432
decision_type=2 2 2 8 2 2 2 2 8 8 2
left_child=2 9 -1 7 5 -5 -7 -3 10 -2 -6
right_child=1 3 -4 4 8 6 -8 -9 -10 -11 -12
leaf_value=-0.00018325547788243366 -2.3352696679819099e-06 4.694069849984347e-06 -8.1877322058641897e-05 -0.00019590934269873375 0.0004543401521700672 0.0010028671425813937 0.0078030064855048572 2.2285311655563218e-05 5.2584304378713928e-05 -2.5960932837358366e-05 6.8682574543802986e-05
leaf_weight=35974 324216 1248496 107022 17 2080 17.000000000000004 10.999999999999998 895348 2683 421572 636
leaf_count=35974 324216 1248496 107022 17 2080 17 11 895348 2683 421572 636
internal_value=-2.33173e-10 5.30373e-06 -0.000107388 1.25892e-05 0.000228204 0.002376 0.00390972 1.20412e-05 0.000209637 -1.56913e-05 0.000364396
internal_weight=3.03807e+06 2.89508e+06 142996 2.14929e+06 5444 45 28 2.14384e+06 5399 745788 2716
internal_count=3038072 2895076 142996 2149288 5444 45 28 2143844 5399 745788 2716
is_linear=0
shrinkage=0.00523217


Tree=9
num_leaves=12
num_cat=0
split_feature=0 0 18 0 0 17 11 15 4 15 18
split_gain=62.6057 16.0157 10.9482 10.0073 5.85797 4.33159 5.59742 4.42702 4.2112 2.35655 2.24025
threshold=-1.8672683238983152 -0.058479420840740197 2.6457599401474003 -4.145399570465087 0.48952910304069525 -1.0258890390396116 1.4167251586914065 0.058812441304326064 -0.98648682236671437 -0.10475412383675574 2.0462948083877568
decision_type=2 2 10 2 2 2 10 2 8 2 10
left_child=3 8 4 10 -3 6 -4 -8 -2 -6 -1
right_child=1 2 5 -5 9 -7 7 -9 -10 -11 -12
leaf_value=-0.00016854612904435105 -3.7916762599428614e-05 4.5948494856963783e-06 0.00034778677325403274 -8.1510679831496379e-05 1.2626381037951152e-05 0.00019453974882914995 0.0022375504543960117 0.00054983799411434191 -8.69479235331637e-06 2.9717153880794771e-05 -0.00030613203472554712
leaf_weight=32335 177087 1248936 457 107026 397334 4674 92 83 568641 497894 3621
leaf_count=32335 177087 1248936 457 107026 397334 4674 92 83 568641 497894 3621
internal_value=-2.10763e-08 5.25685e-06 1.25054e-05 -0.000106897 1.19176e-05 0.00024986 0.000656591 0.00145071 -1.56352e-05 2.21326e-05 -0.000182434
internal_weight=3.03818e+06 2.8952e+06 2.14947e+06 142982 2.14416e+06 5306 632 175 745728 895228 35956
internal_count=3038180 2895198 2149470 142982 2144164 5306 632 175 745728 895228 35956
is_linear=0
shrinkage=0.00523217


Tree=10
num_leaves=12
num_cat=0
split_feature=0 0 0 5 17 10 0 11 15 4 15
split_gain=61.9552 15.8999 9.82236 9.24123 7.72416 13.1595 5.68715 5.54867 5.40504 4.18263 3.76913
threshold=-1.8672683238983152 -0.058479420840740197 -4.145399570465087 inf -2.234832644462585 -1.6776588559150694 0.48952910304069525 0.40460540354251867 -0.0087244226597249491 -0.98648682236671437 0.0085019031539559382
decision_type=2 2 2 8 2 8 2 10 2 8 2
left_child=2 9 -1 6 5 -5 -3 -6 -9 -2 -7
right_child=1 3 -4 4 7 10 -8 8 -10 -11 -12
leaf_value=-0.00018122265212700773 -3.7787102927473398e-05 4.6945345137707151e-06 -8.1204875841045635e-05 0.0084046732788558426 2.5788088547170296e-05 0.004170560131750092 2.1974648941691311e-05 0.0022744000483305112 0.00033722687402415377 -8.6653458544430062e-06 0.00014140806551001553
leaf_weight=35927 177090 1248664 107020 7 2442 6.9999999999999991 895379 39 2871 568759 31
leaf_count=35927 177090 1248664 107020 7 2442 7 895379 39 2871 568759 31
internal_value=-1.64282e-08 5.23323e-06 -0.000106349 1.24561e-05 0.000228675 0.00236126 1.19113e-05 0.000210077 0.000364378 -1.5581e-05 0.00100754
internal_weight=3.03824e+06 2.89529e+06 142947 2.14944e+06 5397 45 2.14404e+06 5352 2910 745849 38
internal_count=3038236 2895289 142947 2149440 5397 45 2144043 5352 2910 745849 38
is_linear=0
shrinkage=0.00523217


Tree=11
num_leaves=12
num_cat=0
split_feature=0 0 0 23 11 0 0 0 4 3 3
split_gain=61.0838 15.7249 9.87995 9.30893 6.19238 8.82464 5.63927 5.62788 4.15572 3.29333 2.42141
threshold=-1.8672683238983152 -0.058479420840740197 -4.145399570465087 inf 0.4190333783626557 0.04105059057474137 0.48952910304069525 0.05326723866164685 -0.98648682236671437 -2.9642988443374629 -1.2335041165351865
decision_type=2 2 2 8 10 2 2 2 8 10 8
left_child=2 8 10 6 -5 9 -3 -7 -2 -6 -1
right_child=1 3 -4 4 5 7 -8 -9 -10 -11 -12
leaf_value=-0.00023918450503945715 -3.7616614152508838e-05 4.6627693866887472e-06 -8.034818166289726e-05 3.8975987508143473e-05 0.00010032365040020331 0.0043346683788522793 2.1870675532663935e-05 0 -8.590178068938698e-06 0.00048124544881011238 -0.00014897864059420745
leaf_weight=12605 177116 1248647 106994 2536 920 24 895264 11.999999999999998 568740 1956 23351
leaf_count=12605 177116 1248647 106994 2536 920 24 895264 12 568740 1956 23351
internal_value=1.69237e-09 5.21502e-06 -0.000105579 1.23983e-05 0.000228387 0.000392983 1.18489e-05 0.00292946 -1.54841e-05 0.000359763 -0.000180631
internal_weight=3.03816e+06 2.89522e+06 142950 2.14936e+06 5448 2912 2.14391e+06 36 745856 2876 35956
internal_count=3038165 2895215 142950 2149359 5448 2912 2143911 36 745856 2876 35956
is_linear=0
shrinkage=0.00523217


Tree=12
num_leaves=12
num_cat=0
split_feature=1 1 23 1 17 6 9 2 9 2 9
split_gain=55.3724 10.1315 8.57799 8.46482 7.63102 5.9629 5.21016 4.6702 4.17163 3.44807 3.21503
threshold=1.5046263337135317 0.46880398690700537 inf 2.016565322875977 -2.234832644462585 0.038097949698567397 -0.02324680425226688 2.038819551467896 0.35760773718357092 0.28192922472953802 -0.60805225372314442
decision_type=2 2 8 2 2 2 8 8 10 8 8
left_child=1 2 6 -2 5 -4 10 -6 -5 -3 -1
right_child=3 9 4 8 7 -7 -8 -9 -10 -11 -12
leaf_value=-4.231018998765896e-06 -5.4358680323781275e-05 1.2315313701083472e-06 0.0011932838339486212 -8.9886407212891553e-05 0.00035210671435875388 0.0057130923525987717 1.0166412908843496e-06 4.6387993562598495e-05 -0.00016396172859797851 -2.2387569303207699e-05 2.0830661990212727e-05
leaf_weight=159708 129436 315076 34 48824 2747 9.9999999999999982 837773 2738 36392 365321 1140037
leaf_count=159708 129436 315076 34 48824 2747 10 837773 2738 36392 365321 1140037
internal_value=-1.83552e-08 6.14033e-06 1.17251e-05 -8.10305e-05 0.000217532 0.00236087 1.11923e-05 0.000199687 -0.000121532 -1.1449e-05 1.77506e-05
internal_weight=3.0381e+06 2.82344e+06 2.14305e+06 214652 5529 44 2.13752e+06 5485 85216 680397 1.29974e+06
internal_count=3038096 2823444 2143047 214652 5529 44 2137518 5485 85216 680397 1299745
is_linear=0
shrinkage=0.00523217


Tree=13
num_leaves=12
num_cat=0
split_feature=1 1 5 1 2 9 9 2 9 9 21
split_gain=54.7075 10.1038 8.88551 8.35577 5.12439 5.11583 4.1774 3.33972 3.24765 3.09029 3.08167
threshold=1.5046263337135317 0.46880398690700537 inf 2.016565322875977 2.038819551467896 -0.02324680425226688 0.35760773718357092 0.28192922472953802 -0.60805225372314442 0.047312246635556228 -2.2800935506820674
decision_type=2 2 8 2 8 8 10 8 8 10 2
left_child=1 2 5 -2 9 8 -5 -3 -1 -4 -6
right_child=3 7 4 6 10 -7 -8 -9 -10 -11 -12
leaf_value=-4.4046350228664939e-06 -5.3995762988793735e-05 1.0582206669082015e-06 0.00052963805470491098 -8.906816976941094e-05 0.0022713122419465511 1.1004736080266628e-06 -0.00016318837267434463 -2.2190238291260553e-05 2.0778794512916595e-05 0.00017217194216260001 4.7142938500219857e-05
leaf_weight=159782 129414 315044 1607 48829 15.999999999999998 837702 36399 365127 1140038 1142 2723
leaf_count=159782 129414 315044 1607 48829 16 837702 36399 365127 1140038 1142 2723
internal_value=2.55083e-08 6.14805e-06 1.17246e-05 -8.05e-05 0.000221971 1.11843e-05 -0.000120735 -1.14208e-05 1.76825e-05 0.000381568 6.14028e-05
internal_weight=3.03782e+06 2.82318e+06 2.14301e+06 214642 5488 2.13752e+06 85228 680171 1.29982e+06 2749 2739
internal_count=3037823 2823181 2143010 214642 5488 2137522 85228 680171 1299820 2749 2739
is_linear=0
shrinkage=0.00523217


Tree=14
num_leaves=12
num_cat=0
split_feature=0 0 18 0 0 17 20 0 7 21 11
split_gain=59.343 15.2559 11.0269 9.60221 5.68153 5.07628 6.07835 9.24361 3.87233 3.16226 2.90664
threshold=-1.8672683238983152 -0.058479420840740197 2.6457599401474003 -4.145399570465087 0.48952910304069525 -2.234832644462585 2.1952862739562993 -0.0073504922911524764 0.69301977753639232 0.68278607726097118 0.72075560688972484
decision_type=2 2 10 2 2 2 10 2 10 2 10
left_child=3 8 4 -1 -3 6 -4 -8 -2 10 -7
right_child=1 2 5 -5 -6 9 7 -9 -10 -11 -12
leaf_value=-0.00017804944543299868 -6.338494259568304e-06 4.4652337831093573e-06 0.00010078533118204067 -7.9155232483952279e-05 2.1737642536210716e-05 0.00019958599460428522 0.00083944194883051851 0.0064769845871049574 -3.1246300690180964e-05 7.6171572066152993e-05 0.00052476902166565822
leaf_weight=35924 480606 1248910 35 107015 895100 1782 20 12.999999999999998 265227 2136 1320
leaf_count=35924 480606 1248910 35 107015 895100 1782 20 13 265227 2136 1320
internal_value=5.28934e-08 5.19132e-06 1.22667e-05 -0.000104017 1.16767e-05 0.000250473 0.0016607 0.00323096 -1.51971e-05 0.000231642 0.000338368
internal_weight=3.03809e+06 2.89515e+06 2.14932e+06 142939 2.14401e+06 5306 68 33 745833 5238 3102
internal_count=3038088 2895149 2149316 142939 2144010 5306 68 33 745833 5238 3102
is_linear=0
shrinkage=0.00523217


Tree=15
num_leaves=12
num_cat=0
split_feature=0 0 0 23 11 0 10 9 7 9 9
split_gain=58.7651 13.0788 12.9889 9.77465 6.3119 11.6017 6.82863 5.45714 4.83037 4.62648 3.401
threshold=-1.4674772620201109 -3.6707224845886226 0.21764375269412997 inf 0.4190333783626557 0.04105059057474137 -0.038057040423154824 0.013086611870676281 0.67128956317901622 -0.084368921816349016 -0.50933894515037526
decision_type=2 2 2 8 10 2 8 10 8 8 10
left_child=1 -1 3 8 -5 7 -7 -6 -2 10 -4
right_child=2 -3 9 4 5 6 -8 -9 -10 -11 -12
leaf_value=-0.00016333546518475326 -6.5747461420873177e-07 -6.3622043941487027e-05 3.6352071682814281e-06 2.6810811003804141e-05 0.00067150134640771427 0.0062776191843389832 0.0011119631224564453 0.00018673787229150321 -2.2860493190456314e-05 6.0081078821928615e-06 2.9188595311566067e-05
leaf_weight=47988 861464 144503 179321 2669 945 12.999999999999998 16.000000000000004 1964 389577 712108 697420
leaf_count=47988 861464 144503 179321 2669 945 13 16 1964 389577 712108 697420
internal_value=-1.02713e-08 -8.84856e-05 5.97462e-06 -6.59457e-06 0.000211347 0.000378636 0.00360937 0.0003447 -7.5722e-06 1.59163e-05 2.39631e-05
internal_weight=3.03799e+06 192491 2.8455e+06 1.25665e+06 5607 2938 29 2909 1.25104e+06 1.58885e+06 876741
internal_count=3037988 192491 2845497 1256648 5607 2938 29 2909 1251041 1588849 876741
is_linear=0
shrinkage=0.00523217


Tree=16
num_leaves=12
num_cat=0
split_feature=1 1 5 1 11 15 10 18 2 2 2
split_gain=53.1293 9.69696 8.68742 8.11931 5.96553 13.2763 8.03352 3.50809 3.31157 2.90547 2.88202
threshold=1.5046263337135317 0.46880398690700537 inf 2.016565322875977 0.4190333783626557 -0.0087244226597249491 -0.038057040423154824 0.28902676701545721 0.28192922472953802 2.038819551467896 0.33518266677856451
decision_type=2 2 8 2 10 2 8 10 8 8 8
left_child=1 2 7 -2 -4 6 -6 10 -3 -7 -1
right_child=3 8 4 -5 5 9 -8 -9 -10 -11 -12
leaf_value=2.0472156246538067e-05 -5.3232624516840004e-05 1.2537245612745439e-06 3.4659676843972228e-05 -0.00011902570928194902 0.00567209532728076 0.00048503172427616012 0.0011149037538917171 1.2452284196216504e-06 -2.1893389749371986e-05 0.00014968134949515296 4.4353840540019726e-06
leaf_weight=1007473 129430 315111 2565 85199 19 1600 25 688992 365255 1285 441298
leaf_count=1007473 129430 315111 2565 85199 19 1600 25 688992 365255 1285 441298
internal_value=4.48066e-09 6.03699e-06 1.15002e-05 -7.93541e-05 0.000219276 0.000380596 0.00319746 1.09657e-05 -1.11717e-05 0.000336065 1.55879e-05
internal_weight=3.03825e+06 2.82362e+06 2.14326e+06 214629 5494 2929 44 2.13776e+06 680366 2885 1.44877e+06
internal_count=3038252 2823623 2143257 214629 5494 2929 44 2137763 680366 2885 1448771
is_linear=0
shrinkage=0.00523217


Tree=17
num_leaves=12
num_cat=0
split_feature=1 1 5 1 17 10 9 9 15 9 15
split_gain=52.4608 9.61617 8.62307 7.95606 7.44907 13.0318 4.98022 4.05847 4.05605 3.76905 3.65002
threshold=1.5046263337135317 0.46880398690700537 inf 2.016565322875977 -2.234832644462585 -1.6776588559150694 -0.02324680425226688 0.35760773718357092 -0.11236330494284628 1.8203343749046328 0.0085019031539559382
decision_type=2 2 8 2 2 8 8 10 2 8 2
left_child=1 2 6 -2 5 -4 8 -5 -1 -6 -7
right_child=3 -3 4 7 9 10 -8 -9 -10 -11 -12
leaf_value=7.5409649005004106e-06 -5.2975177872430523e-05 -1.1116315821488783e-05 0.008325873274135618 -8.6887231317813303e-05 0.00022896261655103818 0.0040790706871934182 9.7960263366240267e-07 -0.00015995672504598966 2.6058762217282157e-05 -0.00046893602775056696 0.00011542302225670666
leaf_weight=612112 129380 680336 7 48807 5223 6.9999999999999991 837694 36391 687862 219 31
leaf_count=612112 129380 680336 7 48807 5223 7 837694 36391 687862 219 31
internal_value=2.68214e-08 6.02087e-06 1.14614e-05 -7.88407e-05 0.000218599 0.00231298 1.09292e-05 -0.000118109 1.734e-05 0.000200634 0.000967092
internal_weight=3.03807e+06 2.82349e+06 2.14316e+06 214578 5487 45 2.13767e+06 85198 1.29997e+06 5442 38
internal_count=3038069 2823491 2143155 214578 5487 45 2137668 85198 1299974 5442 38
is_linear=0
shrinkage=0.00523217


Tree=18
num_leaves=12
num_cat=0
split_feature=6 7 6 18 10 22 20 10 10 7 19
split_gain=27.6103 7.45907 6.73162 3.76572 3.04006 2.91295 2.53358 2.51454 2.27224 2.22281 9.55382
threshold=-0.77508622407913197 0.59897100925445568 -3.3766808509826656 2.6457599401474003 1.898895859718323 inf 0.90873011946678173 0.061999490484595306 1.0946397781372073 1.2513028979301455 1.8876987695693972
decision_type=2 8 2 10 8 8 8 8 8 10 10
left_child=2 8 7 5 -5 -3 -4 -1 -2 10 -6
right_child=1 3 6 4 9 -7 -8 -9 -10 -11 -12
leaf_value=-0.00018376107594853645 1.3297561611900812e-05 -8.0576714339751602e-06 -2.2647198062101152e-05 5.0701188521214794e-05 0.003867799755505167 -7.5591884201209675e-05 -5.0318456824967565e-05 -8.2223163780005863e-05 -7.9594913803693261e-06 0.00021144528466122118 0.00042836750218249787
leaf_weight=8884 1781276 651553 252994 6264 23 17969 141270 27156 149142 1421 278
leaf_count=8884 1781276 651553 252994 6264 23 17969 141270 27156 149142 1421 278
internal_value=5.37476e-09 6.41253e-06 -3.88243e-05 -8.52315e-06 0.000104405 -9.87152e-06 -3.25643e-05 -0.00010728 1.16548e-05 0.000299123 0.00070794
internal_weight=3.03823e+06 2.60793e+06 430304 677508 7986 669522 394264 36040 1.93042e+06 1722 301
internal_count=3038230 2607926 430304 677508 7986 669522 394264 36040 1930418 1722 301
is_linear=0
shrinkage=0.00523217


Tree=19
num_leaves=12
num_cat=0
split_feature=6 9 6 23 14 20 6 15 15 9 13
split_gain=27.2216 8.23881 6.70145 6.29494 11.7159 13.5841 11.1564 5.79042 5.18711 4.37579 3.59072
threshold=-0.77508622407913197 0.044253638014197356 -3.3766808509826656 inf -0.48778523504734034 3.7658448219299321 0.023837861604988578 -0.12759809195995328 0.033621169626712806 0.24232680350542071 0.59489354491233837
decision_type=2 8 2 8 2 10 2 2 2 10 10
left_child=2 3 -1 7 -5 8 -7 -2 -6 -4 -11
right_child=1 -3 9 4 5 6 -8 -9 -10 10 -12
leaf_value=-0.00010687235317734055 2.6192061345904564e-06 -7.4600573518378392e-06 -2.0689377124693922e-05 0.00014817358169130282 0.0022077984517374022 0.0015802770660022 0.0079932420299154254 2.1431865851030094e-05 0.00041686908471508759 -3.4791620831012548e-05 -9.2756274189999716e-05
leaf_weight=36021 876333 812188 273082 2503 58 18.000000000000004 12.999999999999998 916351 186 71702 49503
leaf_count=36021 876333 812188 273082 2503 58 18 13 916351 186 71702 49503
internal_value=4.44089e-09 6.36699e-06 -3.85504e-05 1.26222e-05 0.000261455 0.00128457 0.00448935 1.2236e-05 0.000854449 -3.23064e-05 -5.84731e-05
internal_weight=3.03796e+06 2.60765e+06 430308 1.79546e+06 2778 275 31 1.79268e+06 244 394287 121205
internal_count=3037958 2607650 430308 1795462 2778 275 31 1792684 244 394287 121205
is_linear=0
shrinkage=0.00523217


Tree=20
num_leaves=12
num_cat=0
split_feature=1 1 5 1 17 10 2 2 2 5 4
split_gain=51.8308 9.46445 8.39459 7.85667 7.32996 12.9235 4.85801 3.4047 3.26665 2.58517 1.92028
threshold=1.5046263337135317 0.46880398690700537 inf 2.016565322875977 -2.234832644462585 -1.6776588559150694 2.038819551467896 0.28192922472953802 0.29110938310623174 1.3462623953819277 -1.6958190798759458
decision_type=2 2 8 2 2 8 8 8 8 10 8
left_child=1 2 7 -2 5 -4 -6 -1 -3 -5 -8
right_child=3 8 4 9 6 -7 10 -9 -10 -11 -12
leaf_value=1.5922334626086508e-05 -5.2696242262247587e-05 1.1777790496610941e-06 0.0082809462592090214 -9.7095733294104953e-05 0.00035495700269429654 0.00095335392639182164 0.00018882389033325817 2.2799869623256199e-06 -2.1798844079054997e-05 -0.00015841152284917949 -8.8913819282131619e-05
leaf_weight=1336144 129454 317806 7 57031 2708 38 1287 801276 362573 28218 1442
leaf_count=1336144 129454 317806 7 57031 2708 38 1287 801276 362573 28218 1442
internal_value=-2.41883e-08 5.93527e-06 1.13334e-05 -7.83927e-05 0.000215802 0.00229336 0.000197964 1.08085e-05 -1.10653e-05 -0.000117403 4.17985e-05
internal_weight=3.03798e+06 2.82328e+06 2.1429e+06 214703 5482 45 5437 2.13742e+06 680379 85249 2729
internal_count=3037984 2823281 2142902 214703 5482 45 5437 2137420 680379 85249 2729
is_linear=0
shrinkage=0.00523217


Tree=21
num_leaves=12
num_cat=0
split_feature=9 23 2 20 2 19 15 20 15 20 9
split_gain=20.1956 10.6955 10.043 8.42864 5.65897 5.51424 11.3279 10.9093 4.74936 3.95845 3.07515
threshold=0.31238396465778356 inf 0.28192922472953802 1.6922273039817812 0.50041344761848461 1.55971896648407 -0.0087244226597249491 3.2803738117218022 -0.12759809195995328 1.2522603869438174 -0.02324680425226688
decision_type=10 8 10 10 8 10 2 10 2 8 10
left_child=1 2 8 4 -2 -3 7 -7 -1 10 -4
right_child=3 5 9 -5 -6 6 -8 -9 -10 -11 -12
leaf_value=4.7129569741006771e-06 -8.1003306260081952e-06 -6.7085487274074171e-05 4.0543713144709956e-06 -0.00010534291385545544 -4.9778324601821601e-05 0.0010493908656396011 0.00032367484221953666 0.006822207443782877 2.3139289244678074e-05 -3.2395203079181893e-05 -1.5391265182703608e-05
leaf_weight=802501 203616 1101 588620 41205 158768 27 3516 12.999999999999998 732658 148035 358020
leaf_count=802501 203616 1101 588620 41205 158768 27 3516 13 732658 148035 358020
internal_value=3.69954e-08 5.31724e-06 4.87323e-06 -3.44285e-05 -2.63626e-05 0.000255811 0.000356 0.00308702 1.35075e-05 -7.23463e-06 -3.29915e-06
internal_weight=3.03808e+06 2.63449e+06 2.62983e+06 403589 362384 4657 3556 40 1.53516e+06 1.09468e+06 946640
internal_count=3038080 2634491 2629834 403589 362384 4657 3556 40 1535159 1094675 946640
is_linear=0
shrinkage=0.00523217


Tree=22
num_leaves=12
num_cat=0
split_feature=0 0 0 23 7 18 0 7 9 9 9
split_gain=56.3557 14.3949 9.34014 9.2104 5.42641 4.82038 12.9833 8.30326 4.63714 4.45053 3.37452
threshold=-1.8672683238983152 0.21764375269412997 -4.145399570465087 inf 0.61993142962455761 2.2480773925781254 0.04105059057474137 1.1755155920982363 1.8203343749046328 -0.084368921816349016 -0.50933894515037526
decision_type=2 2 2 8 10 10 2 8 10 8 10
left_child=2 3 -1 4 -2 -5 8 -8 -7 10 -3
right_child=1 9 -4 5 -6 6 7 -9 -10 -11 -12
leaf_value=-0.0001744197401948145 -1.1941114252493137e-06 3.1999254877189758e-06 -7.6904846348431775e-05 -7.1209234945218949e-05 -2.3819154600398344e-05 0.000304239267622719 0.0083428492640118916 0.0018366561310081977 -0.00049903906480264649 5.8405601673832287e-06 2.8653037331612128e-05
leaf_weight=35936 863193 179320 107087 1329 437238 4053 7 20.000000000000004 205 712286 697570
leaf_count=35936 863193 179320 107087 1329 437238 4053 7 20 205 712286 697570
internal_value=-2.76056e-08 4.98058e-06 -0.000101413 -7.88826e-06 -8.80186e-06 0.000203554 0.000288956 0.00383111 0.000265249 1.55572e-05 2.34489e-05
internal_weight=3.03824e+06 2.89522e+06 143023 1.30604e+06 1.30043e+06 5614 4285 27 4258 1.58918e+06 876890
internal_count=3038244 2895221 143023 1306045 1300431 5614 4285 27 4258 1589176 876890
is_linear=0
shrinkage=0.00523217


Tree=23
num_leaves=12
num_cat=0
split_feature=1 1 5 1 9 2 15 20 9 15 2
split_gain=50.3506 9.2297 8.11606 7.77777 4.92868 4.82595 6.34252 6.84852 4.05504 3.69651 3.2812
threshold=1.5046263337135317 0.39955553412437445 inf 2.016565322875977 -0.02324680425226688 2.038819551467896 -1.0000000180025095e-35 3.7658448219299321 0.35760773718357092 -0.11236330494284628 0.27305842936038976
decision_type=2 2 8 2 8 8 2 10 10 2 8
left_child=1 2 4 -2 9 6 7 -4 -5 -1 -3
right_child=3 10 5 8 -6 -7 -8 -9 -10 -11 -12
leaf_value=7.8799228209262389e-06 -5.1715376961072622e-05 1.8375948799160989e-06 0.00096094288140824067 -8.4885603110507646e-05 8.80644532807832e-07 5.6384343597419011e-05 0.0003114595297227844 0.0043282361351693463 -0.00015789640487677952 2.5832243649437363e-05 -2.009181577864489e-05
leaf_weight=589349 129410 349304 106 48813 805527 2737 2630 19 36434 672427 401307
leaf_count=589349 129410 349304 106 48813 805527 2737 2630 19 36434 672427 401307
internal_value=-3.89308e-08 5.83397e-06 1.15269e-05 -7.72892e-05 1.09927e-05 0.000212382 0.000366979 0.00151489 -0.000116101 1.74477e-05 -9.8857e-06
internal_weight=3.03806e+06 2.82341e+06 2.0728e+06 214657 2.0673e+06 5492 2755 125 85247 1.26178e+06 750611
internal_count=3038063 2823406 2072795 214657 2067303 5492 2755 125 85247 1261776 750611
is_linear=0
shrinkage=0.00523217


Tree=24
num_leaves=12
num_cat=0
split_feature=0 0 0 20 8 11 13 8 11 15 13
split_gain=54.9225 12.4222 12.1455 2.82816 2.80238 2.44011 1.80801 3.40668 2.966 1.80423 1.74593
threshold=-1.4674772620201109 -3.6707224845886226 0.21764375269412997 0.03758563473820687 -1.0784339904785154 1.0209875106811526 0.37261570990085607 -1.0784339904785154 0.40460540354251867 0.87479740381240856 -0.16118922829627988
decision_type=2 2 2 10 8 10 8 10 10 2 10
left_child=1 3 4 -1 -2 -4 -6 8 -8 -7 -3
right_child=2 10 5 -5 6 9 7 -9 -10 -11 -12
leaf_value=-0.00010119879213544326 -2.3941125887733062e-05 -2.7161277513039326e-05 1.2695295057292361e-05 -0.00018666648602915685 3.090534595837783e-06 2.5877142701180214e-05 4.4419837425733063e-05 -1.2134145689761331e-05 0.00035415562721401644 7.2793975403535671e-05 -7.0956497585260175e-05
leaf_weight=15904 206455 32103 1346183 32121 600138 217668 2681 446033 1241 25045 112426
leaf_count=15904 206455 32103 1346183 32121 600138 217668 2681 446033 1241 25045 112426
internal_value=4.90131e-08 -8.54693e-05 5.83644e-06 -0.000158383 -6.31858e-06 1.54495e-05 -2.85309e-06 -1.07823e-05 0.000142708 3.0722e-05 -6.12345e-05
internal_weight=3.038e+06 192554 2.84544e+06 48025 1.25655e+06 1.5889e+06 1.05009e+06 449955 3922 242713 144529
internal_count=3037998 192554 2845444 48025 1256548 1588896 1050093 449955 3922 242713 144529
is_linear=0
shrinkage=0.00523217


Tree=25
num_leaves=12
num_cat=0
split_feature=0 0 5 0 11 0 19 2 9 9 9
split_gain=54.4843 13.9532 9.45327 9.14135 5.73218 10.5023 5.58834 4.64525 4.48291 4.33768 3.3223
threshold=-1.8672683238983152 0.21764375269412997 inf -4.145399570465087 0.4190333783626557 0.04105059057474137 1.9662920236587527 0.28192922472953802 -0.34491047263145441 -0.084368921816349016 -0.50933894515037526
decision_type=2 2 8 2 10 2 10 8 8 8 8
left_child=3 2 7 -1 -4 6 -6 -2 -7 10 -3
right_child=1 9 4 -5 5 8 -8 -9 -10 -11 -12
leaf_value=-0.00017183612935921008 1.3688339277228063e-06 3.0989364895068643e-06 2.7400053659423678e-05 -7.5378941406843724e-05 0.0011148046095015099 0.0058395841889877119 0.00026823194038083658 -1.840633071883678e-05 0.0013375995510980275 5.8041732718562931e-06 2.8353450258038767e-05
leaf_weight=35958 645151 179340 2539 107020 232 11.999999999999998 2661 655536 14.000000000000002 712109 697521
leaf_count=35958 645151 179340 2539 107020 232 12 2661 655536 14 712109 697521
internal_value=5.98785e-08 4.98417e-06 -7.68458e-06 -9.96441e-05 0.00020958 0.000367692 0.000336827 -8.59708e-06 0.00360856 1.53985e-05 2.31892e-05
internal_weight=3.03809e+06 2.89512e+06 1.30614e+06 142978 5458 2919 2893 1.30069e+06 26 1.58897e+06 876861
internal_count=3038093 2895115 1306145 142978 5458 2919 2893 1300687 26 1588970 876861
is_linear=0
shrinkage=0.00523217


Tree=26
num_leaves=12
num_cat=0
split_feature=1 1 1 9 15 9 20 7 1 20 7
split_gain=48.9898 8.91303 7.49874 5.02012 4.40857 3.92075 2.62291 2.24775 1.97575 6.06738 1.68933
threshold=1.5046263337135317 0.75975865125656139 2.016565322875977 0.032429335638880737 -0.12002238258719443 0.35760773718357092 -0.81587937474250782 0.69301977753639232 -1.8581899404525755 1.2179000973701479 0.28187511861324316
decision_type=2 2 2 8 2 10 10 10 2 10 8
left_child=1 3 -2 4 -1 -4 -5 -3 9 -6 -10
right_child=2 7 5 6 8 -7 -8 -9 10 -11 -12
leaf_value=5.791360433249198e-06 -5.1084335464052086e-05 -7.7418925830084248e-06 -8.3617472284062264e-05 -1.9089315775139438e-05 4.3239347239229257e-05 -0.00015541681661073955 3.9059874813064042e-06 -3.3319698589982443e-05 2.6971373932548648e-05 0.00032245405202292293 1.1473674768102996e-05
leaf_weight=782190 129423 274616 48819 177297 32166 36419 579936 143144 528260 2282 303348
leaf_count=782190 129423 274616 48819 177297 32166 36419 579936 143144 528260 2282 303348
internal_value=5.18612e-09 5.7991e-06 -7.61927e-05 9.67352e-06 1.47968e-05 -0.000114306 -1.47705e-06 -1.6508e-05 2.29292e-05 6.17696e-05 2.13192e-05
internal_weight=3.0379e+06 2.82324e+06 214661 2.40548e+06 1.64825e+06 85238 757233 417760 866056 34448 831608
internal_count=3037900 2823239 214661 2405479 1648246 85238 757233 417760 866056 34448 831608
is_linear=0
shrinkage=0.00523217


Tree=27
num_leaves=12
num_cat=0
split_feature=0 0 0 23 7 18 0 7 9 9 9
split_gain=53.8394 13.7331 8.94247 8.65698 5.3275 4.59075 12.7326 8.20865 4.51412 4.31108 3.31822
threshold=-1.8672683238983152 0.21764375269412997 -4.145399570465087 inf 0.61993142962455761 2.2480773925781254 0.04105059057474137 1.1755155920982363 1.8203343749046328 -0.084368921816349016 -0.50933894515037526
decision_type=2 2 2 8 10 10 2 8 10 8 10
left_child=2 3 -1 4 -2 -5 8 -8 -7 10 -3
right_child=1 9 -4 5 -6 6 7 -9 -10 -11 -12
leaf_value=-0.00017052476779708724 -1.0550640237415196e-06 2.8856120003450392e-06 -7.5136167738755727e-05 -7.0282074042187965e-05 -2.3473250374948537e-05 0.00029529328698987617 0.0082731304078838656 0.0018064749486883093 -0.00049905299274900306 5.6293309365183181e-06 2.8122470090203261e-05
leaf_weight=35973 863263 179376 107013 1336 437202 4061 7 20.000000000000004 204 712043 697543
leaf_count=35973 863263 179376 107013 1336 437202 4061 7 20 204 712043 697543
internal_value=-3.15913e-08 4.86317e-06 -9.91412e-05 -7.70562e-06 -8.59244e-06 0.000197029 0.000280421 0.00378818 0.000256983 1.5195e-05 2.29611e-05
internal_weight=3.03804e+06 2.89506e+06 142986 1.30609e+06 1.30046e+06 5628 4292 27 4265 1.58896e+06 876919
internal_count=3038041 2895055 142986 1306093 1300465 5628 4292 27 4265 1588962 876919
is_linear=0
shrinkage=0.00523217


Tree=28
num_leaves=12
num_cat=0
split_feature=1 1 1 2 6 7 6 10 2 3 4
split_gain=48.0043 8.84765 7.26844 3.9924 2.73904 2.16984 1.93968 1.85929 2.73552 1.96055 1.84392
threshold=1.5046263337135317 0.75975865125656139 2.016565322875977 0.28192922472953802 -3.3766808509826656 0.69301977753639232 -0.74900144338607777 inf 2.038819551467896 0.46532723307609564 -1.8393127918243406
decision_type=2 2 2 8 2 8 2 8 8 10 8
left_child=1 3 -2 6 -4 -3 -1 9 -9 -5 -10
right_child=2 5 4 7 -6 -7 -8 8 10 -11 -12
leaf_value=-8.7846299807640301e-06 -5.0706437101788899e-05 -7.8620149520225576e-06 -0.00017362235310888194 -3.1156969406005366e-06 -9.8405493523676113e-05 -3.2987176633954568e-05 1.6507569058656994e-05 0.00034276431476378455 0.00022831807149056765 1.5651973839244684e-05 -0.00010761598015612782
leaf_weight=88273 129414 274728 16472 741259 68729 143211 1381054 1073 698 191800 1239
leaf_count=88273 129414 274728 16472 741259 68729 143211 1381054 1073 698 191800 1239
internal_value=1.16747e-08 5.74625e-06 -7.54246e-05 9.60727e-06 -0.000112959 -1.64734e-05 1.49875e-05 1.16112e-06 0.000130966 7.41347e-07 1.30892e-05
internal_weight=3.03795e+06 2.82334e+06 214615 2.4054e+06 85201 417939 1.46933e+06 936069 3010 933059 1937
internal_count=3037950 2823335 214615 2405396 85201 417939 1469327 936069 3010 933059 1937
is_linear=0
shrinkage=0.00523217


Tree=29
num_leaves=12
num_cat=0
split_feature=0 0 23 0 17 21 4 17 16 20 15
split_gain=52.4526 13.5207 8.94414 8.7495 7.20755 8.03606 5.03255 3.13105 2.8241 2.62381 2.46623
threshold=-1.8672683238983152 0.21764375269412997 inf -4.145399570465087 -2.234832644462585 -0.31510606408119196 -0.98648682236671437 -0.83543455600738514 -0.031725261360406869 0.03758563473820687 0.042462205514311797
decision_type=2 2 8 2 2 2 8 2 2 10 2
left_child=3 2 6 9 5 8 -2 10 -4 -1 -6
right_child=1 -3 4 -5 7 -7 -8 -9 -10 -11 -12
leaf_value=-0.00010440070371657387 -2.9173186937536275e-05 1.5067876437157708e-05 0.0032784239578416093 -7.4106121018947547e-05 0.001037955072415032 0.0070035594407329106 -3.4163885712371563e-06 0.00013963017915387768 0.0001973770520408902 -0.00019976839747860744 0.00031163657449366684
leaf_weight=11808 259451 1588984 10.999999999999998 107001 187 6.9999999999999991 1040976 4966 27 24149 422
leaf_count=11808 259451 1588984 11 107001 187 7 1040976 4966 27 24149 422
internal_value=-1.43711e-08 4.81652e-06 -7.65503e-06 -9.78493e-05 0.000200597 0.00226083 -8.55582e-06 0.000183347 0.00118175 -0.000168477 0.000537555
internal_weight=3.03799e+06 2.89503e+06 1.30605e+06 142958 5620 45 1.30043e+06 5575 38 35957 609
internal_count=3037989 2895031 1306047 142958 5620 45 1300427 5575 38 35957 609
is_linear=0
shrinkage=0.00523217


Tree=30
num_leaves=12
num_cat=0
split_feature=0 0 0 5 17 21 0 4 14 17 14
split_gain=52.0876 13.3256 8.61368 7.6737 6.92501 7.81314 5.18635 3.81886 3.76838 3.07164 4.9563
threshold=-1.8672683238983152 -0.058479420840740197 -4.145399570465087 inf -2.234832644462585 -0.33612860739231104 0.48952910304069525 -0.98648682236671437 0.46331730484962469 -1.0086256861686704 -0.48778523504734034
decision_type=2 2 2 8 2 2 2 8 2 2 2
left_child=2 7 -1 6 5 8 -3 -2 -5 10 -6
right_child=1 3 -4 4 9 -7 -8 -9 -10 -11 -12
leaf_value=-0.00016763592629895056 -3.5502381944812522e-05 3.994252745640816e-06 -7.3987238611849038e-05 -4.4190035203917739e-05 0.00023530452626402049 0.0069266639480444047 2.049683825195032e-05 -7.6763033463193218e-06 0.0034039267833395762 0.00015226223908667931 0.0014134763801398349
leaf_weight=35944 177094 1248588 107002 24 322 6.9999999999999991 895262 568808 11.999999999999998 4898 141
leaf_count=35944 177094 1248588 107002 24 322 7 895262 568808 12 4898 141
internal_value=-4.38308e-08 4.76983e-06 -9.75422e-05 1.13829e-05 0.000208285 0.00227313 1.0886e-05 -1.4284e-05 0.00115525 0.000191076 0.000598516
internal_weight=3.0381e+06 2.89516e+06 142946 2.14925e+06 5404 43 2.14385e+06 745902 36 5361 463
internal_count=3038102 2895156 142946 2149254 5404 43 2143850 745902 36 5361 463
is_linear=0
shrinkage=0.00523217


Tree=31
num_leaves=12
num_cat=0
split_feature=9 5 2 11 2 19 9 7 5 5 5
split_gain=19.0529 10.8805 9.30497 7.23045 6.89332 6.02638 8.57572 11.5762 4.25971 3.54787 2.88364
threshold=0.31238396465778356 inf 0.28192922472953802 0.4935669749975205 0.85901224613189708 2.1348814964294438 0.0078489896841347235 1.272161662578583 1.4368218779563906 1.164570748806 1.164570748806
decision_type=10 8 8 10 8 8 10 10 10 8 10
left_child=1 2 9 -3 -2 6 7 -5 -4 -1 -6
right_child=4 3 8 5 10 -7 -8 -9 -10 -11 -12
leaf_value=1.5501470710943025e-05 -2.0109597344380774e-05 7.3850088100990593e-05 -3.8724337926577594e-06 0.0037958465817917696 -5.3410498680372622e-05 0.00037947536884823054 0.00015107536162793108 0.00088818283270611332 -4.150717295291472e-05 -1.2357816927365921e-05 -0.00011556797850689396
leaf_weight=1398114 292190 2460 1004922 60 84435 1698 123 102 89687 137407 27006
leaf_count=1398114 292190 2460 1004922 60 84435 1698 123 102 89687 137407 27006
internal_value=7.30028e-09 5.13608e-06 4.69869e-06 0.000263808 -3.34671e-05 0.000498871 0.0012029 0.00198971 -6.95682e-06 1.30079e-05 -6.84817e-05
internal_weight=3.0382e+06 2.63457e+06 2.63013e+06 4443 403631 1983 285 162 1.09461e+06 1.53552e+06 111441
internal_count=3038204 2634573 2630130 4443 403631 1983 285 162 1094609 1535521 111441
is_linear=0
shrinkage=0.00523217


Tree=32
num_leaves=12
num_cat=0
split_feature=0 0 0 5 11 0 7 7 2 20 18
split_gain=51.5229 11.8177 11.4175 9.21819 5.8271 11.4867 8.33805 4.3691 2.99256 2.78799 2.61607
threshold=-1.4674772620201109 -3.6707224845886226 0.21764375269412997 inf 0.4190333783626557 0.04105059057474137 1.1755155920982363 0.59897100925445568 2.038819551467896 0.03758563473820687 0.31197924911975866
decision_type=2 2 2 8 10 2 8 8 8 10 8
left_child=1 9 3 7 -5 8 -7 -2 -6 -1 -4
right_child=2 -3 10 4 5 6 -8 -9 -10 -11 -12
leaf_value=-9.7241603173768486e-05 -7.8651128721671801e-08 -5.9200731874371602e-05 1.9301205617589138e-05 2.4479474679866269e-05 0.0004857707719364051 0.008208718205730426 0.0017079341128266221 -2.0708475870379393e-05 0.0001460084392034569 -0.00018210201342882192 4.6141448921199223e-06
leaf_weight=15912 824768 144497 1116290 2535 1605 7 20.000000000000004 426358 1289 32078 472775
leaf_count=15912 824768 144497 1116290 2535 1605 7 20 426358 1289 32078 472775
internal_value=8.04533e-09 -8.28368e-05 5.6122e-06 -6.17298e-06 0.000208395 0.000367658 0.00369542 -7.10953e-06 0.000334838 -0.000153985 1.49321e-05
internal_weight=3.03813e+06 192487 2.84565e+06 1.25658e+06 5456 2921 27 1.25113e+06 2894 47990 1.58906e+06
internal_count=3038134 192487 2845647 1256582 5456 2921 27 1251126 2894 47990 1589065
is_linear=0
shrinkage=0.00523217


Tree=33
num_leaves=12
num_cat=0
split_feature=6 2 5 5 11 19 7 5 11 6 7
split_gain=24.5946 8.89109 7.04865 5.31923 5.73489 4.71641 8.16456 3.58048 6.97146 4.07305 3.32561
threshold=-0.77508622407913197 0.28192922472953802 1.5330561399459841 inf 0.4935669749975205 2.2225073575973515 1.272161662578583 inf 1.1171976923942568 0.060625821352005012 0.59897100925445568
decision_type=2 8 10 8 10 10 10 8 10 2 8
left_child=2 7 -1 10 -5 6 -6 -2 -9 -10 -3
right_child=1 3 -4 4 5 -7 -8 8 9 -11 -12
leaf_value=-2.5783931528078988e-05 1.3809342842167329e-05 1.1616816097291291e-06 -7.7967191620711222e-05 1.7004273885220844e-05 0.002302396215019595 0.00030715662299135349 0.00038811389242986242 9.4254712423755347e-05 0.0010956435181753562 0.0049424905463265247 -1.7913363729432701e-05
leaf_weight=340781 1557677 631962 89498 1971 95 1168 172 574 168 6.9999999999999991 414125
leaf_count=340781 1557677 631962 89498 1971 95 1168 172 574 168 7 414125
internal_value=8.85646e-09 6.05587e-06 -3.66401e-05 -5.71601e-06 0.000200673 0.000452165 0.00107937 1.39839e-05 0.000375406 0.0012862 -6.38899e-06
internal_weight=3.0382e+06 2.60792e+06 430279 1.04949e+06 3406 1435 267 1.55843e+06 749 175 1.04609e+06
internal_count=3038198 2607919 430279 1049493 3406 1435 267 1558426 749 175 1046087
is_linear=0
shrinkage=0.00523217


Tree=34
num_leaves=12
num_cat=0
split_feature=0 0 5 0 17 10 9 1 9 9 20
split_gain=51.0017 12.9553 8.95975 8.38049 7.25572 12.7095 4.20066 3.97447 3.69361 3.28901 2.745
threshold=-1.8672683238983152 0.21764375269412997 inf -3.6707224845886226 -2.234832644462585 -1.5884772539138792 -0.084368921816349016 1.2440279722213747 1.8203343749046328 -0.50933894515037526 0.03758563473820687
decision_type=2 2 8 2 2 8 8 2 8 8 10
left_child=3 2 7 10 5 -4 9 -2 -6 -3 -1
right_child=1 6 4 -5 8 -7 -8 -9 -10 -11 -12
leaf_value=-9.6541854122780623e-05 -4.6298826865285202e-06 2.4631483979204274e-06 0.007813777935478057 -6.799028377912912e-05 0.00021448836113588225 0.00082476464128798969 5.344141567431199e-06 -3.0861784972256136e-05 -0.00048103917418711753 2.7590828838820638e-05 -0.00018074848878542544
leaf_weight=15911 1116341 179340 7.9999999999999991 94988 5205 35 712144 184236 216 697483 32078
leaf_count=15911 1116341 179340 8 94988 5205 35 712144 184236 216 697483 32078
internal_value=-1.34694e-08 4.75048e-06 -7.45752e-06 -9.64791e-05 0.000203943 0.00231748 1.47853e-05 -8.34646e-06 0.000186528 2.24523e-05 -0.000152849
internal_weight=3.03798e+06 2.89501e+06 1.30604e+06 142977 5464 43 1.58897e+06 1.30058e+06 5421 876823 47989
internal_count=3037985 2895008 1306041 142977 5464 43 1588967 1300577 5421 876823 47989
is_linear=0
shrinkage=0.00523217


Tree=35
num_leaves=12
num_cat=0
split_feature=1 1 1 18 1 17 10 17 4 11 22
split_gain=45.5641 9.56411 6.5378 6.50022 4.77699 10.5654 16.7155 3.89207 3.5989 2.86583 2.3266
threshold=1.3507304787635805 2.016565322875977 0.0096166892908513563 2.6457599401474003 -2.4284086227416988 -2.234832644462585 -1.1103903651237486 -0.65959560871124256 -0.98648682236671437 1.0209875106811526 0.017217331565916542
decision_type=2 2 2 10 2 2 8 2 8 10 8
left_child=2 -2 3 9 5 6 -5 -7 -4 -1 -3
right_child=1 10 8 4 -6 7 -8 -9 -10 -11 -12
leaf_value=9.3393458052267894e-06 -4.3592693615819991e-05 -0.00013817459914741459 -2.3031772681987445e-05 0.0094955936664102621 0.00011705473793335366 0.00099142599363234154 0.00019062281555687536 0.00022463949678627718 1.1179308196921966e-06 2.8263460391365165e-05 -8.3406458399303671e-05
leaf_weight=1354950 189428 41904 206239 7.9999999999999991 6179 247 13.000000000000002 692 933559 261400 43308
leaf_count=1354950 189428 41904 206239 8 6179 247 13 692 933559 261400 43308
internal_value=-3.45926e-08 -6.43088e-05 6.35328e-06 1.30967e-05 0.000170625 0.000514025 0.00408868 0.000428187 -3.25111e-06 1.24003e-05 -0.00011035
internal_weight=3.03793e+06 274640 2.76329e+06 1.62349e+06 7139 960 21 939 1.1398e+06 1.61635e+06 85212
internal_count=3037927 274640 2763287 1623489 7139 960 21 939 1139798 1616350 85212
is_linear=0
shrinkage=0.00523217


Tree=36
num_leaves=12
num_cat=0
split_feature=6 2 6 7 13 8 4 8 12 8 13
split_gain=24.0322 8.8112 6.00868 2.8165 2.52863 2.12257 1.47148 1.43966 1.33836 1.32315 3.19849
threshold=-0.77508622407913197 0.28192922472953802 -3.3766808509826656 0.59897100925445568 0.61202079057693493 0.28505565226078039 -1.3038295507431028 -1.1853963136672971 0.79051044583320629 inf 2.5259326696395878
decision_type=2 8 2 8 10 10 10 8 10 8 10
left_child=2 7 5 -3 6 -1 -4 -2 9 -5 -11
right_child=1 3 4 8 -6 -7 -8 -9 -10 10 -12
leaf_value=-8.2319025761127914e-05 -6.6647412264002317e-06 1.2477674032920495e-06 -5.3561906393503599e-05 -2.0726266411387533e-05 -4.7736318586874389e-05 -0.00018807462760132837 -1.5379249471298399e-05 1.5128433304247251e-05 8.6154337160169733e-06 1.3707338833237715e-05 0.00046797406121914115
leaf_weight=29690 87892 632286 31661 362215 144246 6319 218377 1470341 51788 2650 505
leaf_count=29690 87892 632286 31661 362215 144246 6319 218377 1470341 51788 2650 505
internal_value=2.75579e-08 6.00563e-06 -3.6199e-05 -5.71333e-06 -3.02873e-05 -0.000100905 -2.02176e-05 1.38987e-05 -1.62661e-05 -1.97951e-05 8.68213e-05
internal_weight=3.03797e+06 2.60768e+06 430293 1.04944e+06 394284 36009 250038 1.55823e+06 417158 365370 3155
internal_count=3037970 2607677 430293 1049444 394284 36009 250038 1558233 417158 365370 3155
is_linear=0
shrinkage=0.00523217


Tree=37
num_leaves=12
num_cat=0
split_feature=1 1 5 1 11 19 20 4 11 5 18
split_gain=44.8842 8.23393 7.43988 6.89144 5.70534 6.41024 7.27257 4.04785 2.80958 2.47179 2.31567
threshold=1.5046263337135317 0.75975865125656139 inf 2.016565322875977 0.4935669749975205 2.2225073575973515 1.4433943629264834 -1.0260524153709409 1.2766418457031252 1.3462623953819277 0.27646441757678991
decision_type=2 2 8 2 10 8 10 10 8 10 10
left_child=1 2 7 -2 -4 6 -6 -1 10 -5 -9
right_child=3 -3 4 9 5 -7 -8 8 -10 -11 -12
leaf_value=-1.0257806970945439e-05 -4.8902352341241226e-05 -1.5917933943785932e-05 3.3437446681655096e-05 -8.9656985358035478e-05 0.0022799171027094492 0.00025946791759095357 0.00060342928335704307 1.3165306685837784e-05 2.8748389970319552e-05 -0.00014963428325598163 8.4699708410567881e-07
leaf_weight=270531 129444 417812 2756 56989 89 2290 350 1286506 224194 28195 618890
leaf_count=270531 129444 417812 2756 56989 89 2290 350 1286506 224194 28195 618890
internal_value=-2.34769e-08 5.52108e-06 9.24501e-06 -7.29652e-05 0.000201709 0.000371263 0.000950344 8.80474e-06 1.12267e-05 -0.00010952 9.16463e-06
internal_weight=3.03805e+06 2.82342e+06 2.40561e+06 214628 5485 2729 439 2.40012e+06 2.12959e+06 85184 1.9054e+06
internal_count=3038046 2823418 2405606 214628 5485 2729 439 2400121 2129590 85184 1905396
is_linear=0
shrinkage=0.00523217


Tree=38
num_leaves=12
num_cat=0
split_feature=1 1 5 9 14 9 20 9 1 16 4
split_gain=44.2934 9.22277 7.41758 6.7078 4.78344 8.09524 12.2481 7.47851 3.98555 3.93152 14.7631
threshold=1.3507304787635805 2.016565322875977 inf 0.032429335638880737 -0.48778523504734034 -0.02324680425226688 3.7658448219299321 -0.35065643489360804 -2.4284086227416988 -0.0067260614596307269 -0.99993887543678273
decision_type=2 2 8 10 2 8 10 10 2 2 10
left_child=2 -2 3 -1 9 6 8 -8 -6 -4 -11
right_child=1 -3 4 -5 5 -7 7 -9 -10 10 -12
leaf_value=1.1620406378613237e-05 -4.3033861732973843e-05 -0.00010859487678857124 0.00011158052752953287 -5.7521563045657067e-06 0.0018010820718200151 0.00018394169749341442 0.0021070008436255743 0.0071872852855321663 0.00031567800533611009 0.00024756111228628431 0.0048171587277314075
leaf_weight=1851951 189405 85197 4642 906069 78 464 23 12.999999999999998 138 121 22
leaf_count=1851951 189405 85197 4642 906069 78 464 23 13 138 121 22
internal_value=-1.2371e-09 -6.33779e-05 6.29603e-06 5.91285e-06 0.000198217 0.000597074 0.00135018 0.00413331 0.000862655 0.000138234 0.000989874
internal_weight=3.03812e+06 274602 2.76352e+06 2.75802e+06 5501 716 252 36 216 4785 143
internal_count=3038123 274602 2763521 2758020 5501 716 252 36 216 4785 143
is_linear=0
shrinkage=0.00523217


Tree=39
num_leaves=12
num_cat=0
split_feature=1 1 5 7 11 15 7 19 7 8 1
split_gain=43.9462 9.10331 7.51152 6.26647 5.58385 12.0123 7.62957 5.44316 9.40281 2.84661 2.7554
threshold=1.3507304787635805 2.016565322875977 inf 0.59897100925445568 0.40460540354251867 -0.0087244226597249491 0.87885975837707531 1.9662920236587527 1.272161662578583 -1.1853963136672971 0.0096166892908513563
decision_type=2 2 8 8 10 2 10 10 10 8 2
left_child=2 -2 3 9 -4 6 -6 8 -7 -1 -5
right_child=1 -3 4 10 5 7 -8 -9 -10 -11 -12
leaf_value=-1.2077318296484474e-05 -4.2888429118984046e-05 -0.00010802540391483043 1.822258364228542e-05 3.2449888574252402e-06 0.007651564057499686 0.0023909636456505112 0.0019148357245214259 0.00024286921686453303 0.00024289233549271714 1.2343069211946648e-05 -1.7078183152495091e-05
leaf_weight=140363 189376 85196 2524 354689 6.9999999999999991 90 39 2688 147 1886711 376348
leaf_count=140363 189376 85196 2524 354689 7 90 39 2688 147 1886711 376348
internal_value=2.82235e-08 -6.31029e-05 6.30079e-06 5.91542e-06 0.000199539 0.000353237 0.00297465 0.000310552 0.0010698 1.06517e-05 -7.21657e-06
internal_weight=3.03818e+06 274572 2.76361e+06 2.75811e+06 5495 2971 46 2925 237 2.02707e+06 731037
internal_count=3038178 274572 2763606 2758111 5495 2971 46 2925 237 2027074 731037
is_linear=0
shrinkage=0.00523217


Tree=40
num_leaves=12
num_cat=0
split_feature=0 0 0 23 17 15 2 11 9 7 9
split_gain=48.3991 11.2687 10.7989 8.12138 6.82946 5.67479 6.313 5.31632 5.55063 4.15547 4.13054
threshold=-1.4674772620201109 -3.6707224845886226 0.2225286737084389 inf -2.234832644462585 0.0085019031539559382 2.2834074497222905 0.40460540354251867 0.013086611870676281 0.59897100925445568 -0.084368921816349016
decision_type=2 2 2 8 2 2 10 10 10 8 8
left_child=1 -1 3 9 5 -5 -7 -6 -9 -2 -4
right_child=2 -3 10 4 7 6 -8 8 -10 -11 -12
leaf_value=-0.00014979224893657425 0 -5.7220875708147934e-05 2.2192214589242128e-05 0.0059250713103322595 3.6114045639999181e-06 7.1864016971749827e-05 0.0052885703446404059 0.00065623865767307275 0.0001702722685370876 -2.0034194041806625e-05 5.1595033513038683e-06
leaf_weight=47972 833680 144472 871706 7.9999999999999991 2608 30 6.9999999999999991 955 1992 429459 705250
leaf_count=47972 833680 144472 871706 8 2608 30 7 955 1992 429459 705250
internal_value=1.94806e-09 -8.03018e-05 5.43291e-06 -5.92985e-06 0.000192856 0.00219831 0.00121301 0.000176001 0.000328226 -6.81196e-06 1.45753e-05
internal_weight=3.03814e+06 192444 2.8457e+06 1.26874e+06 5600 45 37 5555 2947 1.26314e+06 1.57696e+06
internal_count=3038139 192444 2845695 1268739 5600 45 37 5555 2947 1263139 1576956
is_linear=0
shrinkage=0.00523217


Tree=41
num_leaves=12
num_cat=0
split_feature=2 13 15 20 15 20 11 20 11 21 22
split_gain=15.5056 5.80866 5.15404 3.17345 2.8052 2.71477 2.30805 2.32149 2.13384 1.85076 1.65138
threshold=0.42209956049919134 0.7006874978542329 -0.12002238258719443 1.6922273039817812 -0.19385650008916852 0.93163037300109874 1.5272496342658999 1.6922273039817812 0.62310004234313976 -0.84045875072479237 -0.57642123103141774
decision_type=8 8 2 10 2 8 8 8 8 2 10
left_child=2 5 3 -1 10 -2 7 -6 -4 -5 -3
right_child=1 4 8 9 6 -7 -8 -9 -10 -11 -12
leaf_value=3.3313464806928927e-06 -2.017152261856542e-06 -7.4719107322282857e-05 1.4153416433864373e-05 3.0466162394791431e-05 -1.6499787350073823e-05 -3.1729534818234039e-05 2.9783425199378703e-05 -5.8874073726357761e-05 3.4234271831091312e-05 -4.9188738442465118e-05 -3.7486540443236977e-05
leaf_weight=966197 603687 43664 703043 9517 185307 97838 23545 43783 182577 49238 129699
leaf_count=966197 603687 43664 703043 9517 185307 97838 23545 43783 182577 49238 129699
internal_value=-3.09256e-08 -1.54178e-05 9.04923e-06 1.06025e-06 -3.06579e-05 -6.16217e-06 -1.95301e-05 -2.4602e-05 1.82942e-05 -3.62724e-05 -4.68692e-05
internal_weight=3.0381e+06 1.12752e+06 1.91057e+06 1.02495e+06 425998 701525 252635 229090 885620 58755 173363
internal_count=3038095 1127523 1910572 1024952 425998 701525 252635 229090 885620 58755 173363
is_linear=0
shrinkage=0.00523217


Tree=42
num_leaves=12
num_cat=0
split_feature=6 2 5 5 9 8 16 24 5 15 18
split_gain=23.0597 8.52214 6.81362 5.11945 5.02389 4.37542 5.11121 21.5291 3.42071 5.33427 5.79402
threshold=-0.77508622407913197 0.28192922472953802 1.7059140205383303 inf 0.10310701280832292 -0.70631253719329823 -0.0067260614596307269 -2.4213395118713374 inf 0.025054676458239559 2.9570537805557255
decision_type=2 8 10 8 8 10 2 10 8 2 10
left_child=2 8 -1 4 -3 6 -5 -8 -2 10 -10
right_child=1 3 -4 5 -6 -7 7 -9 9 -11 -12
leaf_value=-2.5660737916474708e-05 1.3450783582362685e-05 8.7681498520618619e-07 -7.9638253407842913e-05 8.2982069136204858e-05 -2.4574701562017456e-05 0.00067586418147222438 0.0089388578824096607 0.00048650247586949278 7.2567906583058704e-05 0.00021584950105395644 0.0029788877402712392
leaf_weight=352080 1557606 749995 78277 2864 296117 452 7.9999999999999991 86 35 666 41
leaf_count=352080 1557606 749995 78277 2864 296117 452 8 86 35 666 41
internal_value=2.59201e-09 5.85845e-06 -3.54807e-05 -5.66624e-06 -6.32685e-06 0.000196691 0.000122958 0.00131636 1.36207e-05 0.000368548 0.00167247
internal_weight=3.03823e+06 2.60787e+06 430357 1.04952e+06 1.04611e+06 3410 2958 94 1.55835e+06 742 76
internal_count=3038227 2607870 430357 1049522 1046112 3410 2958 94 1558348 742 76
is_linear=0
shrinkage=0.00523217


Tree=43
num_leaves=12
num_cat=0
split_feature=1 1 23 1 9 9 9 4 9 9 12
split_gain=42.9767 7.96393 7.07326 6.4676 4.80044 3.721 3.71808 3.53075 3.03908 2.98775 2.62546
threshold=1.5046263337135317 0.75975865125656139 inf 2.016565322875977 -0.02324680425226688 0.35760773718357092 1.8203343749046328 1.6988958120346072 0.013086611870676281 -0.60805225372314442 0.96192640066146862
decision_type=2 2 8 2 8 10 8 8 10 8 8
left_child=1 2 4 -2 9 -5 7 8 -4 -1 -11
right_child=3 -3 6 5 -6 -7 -8 -9 -10 10 -12
leaf_value=-5.0756977280326427e-06 -4.8055835626214708e-05 -1.5662886172219959e-05 0.00046647679705740034 -7.6881125386785764e-05 -3.8608112455718682e-07 -0.00014683261663518883 -0.00046797888082273254 -5.4329419744304406e-05 0.0001794169191907897 1.4803490425045964e-05 3.8180760533681412e-05
leaf_weight=182350 129421 417767 1637 48820 962833 36407 220 1010 2677 1105448 149343
leaf_count=182350 129421 417767 1637 48820 962833 36407 220 1010 2677 1105448 149343
internal_value=-3.01629e-09 5.42292e-06 9.08524e-06 -7.13743e-05 8.65363e-06 -0.000106774 0.000195744 0.000223419 0.000288629 1.47105e-05 1.75865e-05
internal_weight=3.03793e+06 2.82328e+06 2.40552e+06 214648 2.39997e+06 85227 5544 5324 4314 1.43714e+06 1.25479e+06
internal_count=3037933 2823285 2405518 214648 2399974 85227 5544 5324 4314 1437141 1254791
is_linear=0
shrinkage=0.00523217


Tree=44
num_leaves=12
num_cat=0
split_feature=9 5 5 20 11 7 9 16 7 13 16
split_gain=17.8348 9.82008 7.73436 7.47081 6.68721 5.6996 5.22075 6.20049 21.5289 4.95823 3.71122
threshold=0.31238396465778356 inf 1.4368218779563906 1.6922273039817812 0.4935669749975205 0.59897100925445568 0.013086611870676281 -0.0067260614596307269 1.4995169043540957 0.59489354491233837 -0.031725261360406869
decision_type=10 8 8 10 10 8 10 2 10 10 2
left_child=1 2 5 9 -3 -1 7 10 -9 -2 -6
right_child=3 4 -4 -5 6 -7 -8 8 -10 -11 -12
leaf_value=1.1858602132764062e-05 -1.1606563930740969e-05 6.8533045617050504e-05 -2.7561372749926593e-05 -9.9123973385096043e-05 0.0012699701472156616 -6.2833959157814069e-06 0.00023170846716546453 0.0089252225870460715 3.7196165683299052e-05 -5.3227493361695258e-05 0.00047894457032000967
leaf_weight=1795633 247738 2468 190318 41218 221 644055 1084 9.9999999999999982 23 114650 640
leaf_count=1795633 247738 2468 190318 41218 221 644055 1084 10 23 114650 640
internal_value=1.61335e-08 4.97835e-06 4.56264e-06 -3.23716e-05 0.000250639 7.06895e-06 0.000477275 0.000773436 0.00296953 -2.47767e-05 0.000684378
internal_weight=3.03806e+06 2.63445e+06 2.63001e+06 403606 4446 2.43969e+06 1978 894 33 362388 861
internal_count=3038058 2634452 2630006 403606 4446 2439688 1978 894 33 362388 861
is_linear=0
shrinkage=0.00523217


Tree=45
num_leaves=12
num_cat=0
split_feature=6 23 14 7 16 6 11 11 11 16 24
split_gain=22.7633 6.60066 10.8398 7.29307 6.80454 5.56561 4.98894 6.14079 4.16926 3.70507 20.8055
threshold=-0.77508622407913197 inf -0.48778523504734034 0.59897100925445568 -0.031725261360406869 -3.3766808509826656 0.74149435758590709 1.4167251586914065 0.4935669749975205 -0.0067260614596307269 -2.308075904846191
decision_type=2 8 2 8 2 2 10 10 10 2 10
left_child=5 3 8 -2 6 -1 -4 -8 -3 -10 -11
right_child=1 2 4 -5 -6 -7 7 -9 9 10 -12
leaf_value=-9.753302487580819e-05 1.0656849986691767e-05 -5.0129114607835084e-06 0.00034019482888255525 -9.3369114514937538e-06 0.00063575087494840716 -2.9563717850502583e-05 0.0063081131376121384 0.0021708645497272657 0.00027473940749931611 0.0088390694414961449 0.00052327125649431294
leaf_weight=36005 1929636 2473 28 673813 284 394196 11.999999999999998 56 1457 7.9999999999999991 85
leaf_count=36005 1929636 2473 28 673813 284 394196 12 56 1457 8 85
internal_value=7.30336e-09 5.82453e-06 0.000208213 5.48184e-06 0.00105181 -3.52544e-05 0.00225167 0.00300788 0.000128045 0.000340697 0.00134909
internal_weight=3.03805e+06 2.60785e+06 4403 2.60345e+06 380 430201 96 68 4023 1550 93
internal_count=3038053 2607852 4403 2603449 380 430201 96 68 4023 1550 93
is_linear=0
shrinkage=0.00523217


Tree=46
num_leaves=12
num_cat=0
split_feature=6 7 23 17 16 6 4 15 15 23 15
split_gain=22.251 6.39663 6.40304 6.91868 7.92695 5.48538 3.25507 3.1128 2.90521 2.65442 2.53
threshold=-0.77508622407913197 0.59897100925445568 inf -2.3643127679824825 -0.031725261360406869 -3.3766808509826656 1.7353367209434511 0.12947058677673343 0.10306609049439432 -0.28293384611606592 -0.10475412383675574
decision_type=2 8 8 2 2 2 8 2 2 8 2
left_child=5 10 7 4 -4 -1 8 -3 -5 -7 -2
right_child=1 2 3 6 -6 9 -8 -9 -10 -11 -12
leaf_value=-9.6700649263942135e-05 4.7441201663500539e-06 -1.7995555534336042e-05 0.0068613555927860784 0.00038310373690262007 0.00029608541281890219 -5.0364726689749134e-05 -7.0084952260749734e-05 5.2295518444825853e-06 -2.8930036388479797e-05 -2.0505075442448015e-05 1.6729618369609849e-05
leaf_weight=36025 990678 421104 8.0000000000000018 2031 11.999999999999998 115263 936 252757 604 278867 939696
leaf_count=36025 990678 421104 8 2031 12 115263 936 252757 604 278867 939696
internal_value=-2.62337e-08 5.72443e-06 -8.10735e-06 0.000212197 0.00319644 -3.48916e-05 0.000194206 -9.28292e-06 0.000288381 -2.92397e-05 1.0579e-05
internal_weight=3.03798e+06 2.60783e+06 677452 3591 20 430155 3571 673861 2635 394130 1.93037e+06
internal_count=3037981 2607826 677452 3591 20 430155 3571 673861 2635 394130 1930374
is_linear=0
shrinkage=0.00523217


Tree=47
num_leaves=12
num_cat=0
split_feature=5 7 5 11 20 13 11 20 3 7 16
split_gain=15.0654 7.7151 6.90713 4.74194 3.39682 2.77496 2.72024 2.70282 2.6991 2.66052 14.8392
threshold=1.4368218779563906 0.59897100925445568 1.4368218779563906 0.4190333783626557 1.6369047760963442 0.53556767106056224 1.0515118241310122 1.6922273039817812 0.37014509737491613 1.272161662578583 -0.0067260614596307269
decision_type=10 8 8 10 8 10 8 8 10 10 2
left_child=1 7 4 -4 -3 -2 -6 8 -1 10 -5
right_child=5 2 3 9 6 -7 -8 -9 -10 -11 -12
leaf_value=4.4816863738419417e-06 -2.5350064687460794e-05 -8.2075923743024607e-06 1.777139303586441e-05 0.0004999155029381928 -6.2706897401384261e-05 -6.1348648123681849e-05 1.2689150356952044e-05 -1.4550193712717436e-05 1.699709198377781e-05 0.00026636945289195871 0.0049945911453811546
leaf_weight=991090 155868 691139 2286 432 57249 94083 16965 126364 900585 1972 20
leaf_count=991090 155868 691139 2286 432 57249 94083 16965 126364 900585 1972 20
internal_value=9.65746e-09 3.4985e-06 -1.05907e-05 0.000189125 -1.18211e-05 -3.89036e-05 -4.54609e-05 8.87518e-06 1.04404e-05 0.000350304 0.000713075
internal_weight=3.03805e+06 2.7881e+06 770063 4710 765353 249951 74214 2.01804e+06 1.89168e+06 2424 452
internal_count=3038053 2788102 770063 4710 765353 249951 74214 2018039 1891675 2424 452
is_linear=0
shrinkage=0.00523217


Tree=48
num_leaves=12
num_cat=0
split_feature=0 0 18 0 0 17 13 14 7 21 11
split_gain=46.4161 13.02 8.61455 6.37599 4.9229 4.44106 3.59214 7.10257 3.35456 2.77189 2.59763
threshold=-2.1333445310592647 -0.058479420840740197 2.6457599401474003 -4.145399570465087 0.48952910304069525 -2.234832644462585 1.6143019795417788 -0.48778523504734034 0.69301977753639232 0.68278607726097118 0.72075560688972484
decision_type=2 2 10 2 2 2 10 2 10 2 10
left_child=3 8 4 -1 -3 6 -4 -8 -2 10 -7
right_child=1 2 5 -5 -6 9 7 -9 -10 -11 -12
leaf_value=-0.0001594435297199197 -6.1811284189764473e-06 3.5209957688671472e-06 0.00060492964532967276 -7.6021246170338816e-05 1.9597894977950761e-05 0.00017205921582740948 -0.00019938146796646936 0.0053826514079826655 -2.8985481017398694e-05 5.7841925968470266e-05 0.00047921141361560439
leaf_weight=35927 494624 1248950 45 83350 895281 1783 10.000000000000002 13.999999999999998 274747 2135 1323
leaf_count=35927 494624 1248950 45 83350 895281 1783 10 14 274747 2135 1323
internal_value=1.00422e-08 4.14438e-06 1.07557e-05 -0.000101157 1.0234e-05 0.000221221 0.00153069 0.00312472 -1.43258e-05 0.000203487 0.000303282
internal_weight=3.03819e+06 2.91891e+06 2.14954e+06 119277 2.14423e+06 5310 69 24 769371 5241 3106
internal_count=3038189 2918912 2149541 119277 2144231 5310 69 24 769371 5241 3106
is_linear=0
shrinkage=0.00523217


Tree=49
num_leaves=12
num_cat=0
split_feature=0 0 23 0 17 21 11 7 0 4 11
split_gain=46.1959 12.3512 7.57155 7.21282 6.77453 7.61048 5.21639 4.77426 4.22639 3.17734 2.31625
threshold=-1.9980757832527158 0.21764375269412997 inf -4.145399570465087 -2.234832644462585 -0.31510606408119196 0.40460540354251867 0.59897100925445568 0.04105059057474137 -0.96072703599929798 1.0209875106811526
decision_type=2 2 8 2 2 2 10 10 2 10 10
left_child=3 2 7 -1 5 9 -6 -2 -8 -4 -3
right_child=1 10 4 -5 6 -7 8 -9 -10 -11 -12
leaf_value=-0.00015931960247079864 -1.048342232199229e-06 1.1497175075212821e-05 0.0033153237778752384 -7.2243388045642188e-05 -9.0631147607727686e-07 0.0068186008831569679 0.0002990403139003103 -2.2028585926356099e-05 0.0023405427720978567 2.2201848938119265e-05 2.9060383549633266e-05
leaf_weight=35973 858768 1346463 10.999999999999998 94606 2642 6.9999999999999991 2919 453918 27 25 242701
leaf_count=35973 858768 1346463 11 94606 2642 7 2919 453918 27 25 242701
internal_value=3.36776e-08 4.35774e-06 -7.48188e-06 -9.62393e-05 0.00018394 0.00222635 0.000167613 -8.30379e-06 0.000318954 0.00112344 1.418e-05
internal_weight=3.03806e+06 2.90748e+06 1.31832e+06 130579 5631 43 5588 1.31269e+06 2946 36 1.58916e+06
internal_count=3038060 2907481 1318317 130579 5631 43 5588 1312686 2946 36 1589164
is_linear=0
shrinkage=0.00523217


Tree=50
num_leaves=12
num_cat=0
split_feature=0 0 0 1 15 9 11 9 7 9 9
split_gain=45.581 10.6305 10.143 6.968 7.87798 4.89597 4.52469 4.06077 3.79301 3.22767 3.10372
threshold=-1.4674772620201109 -3.6707224845886226 0.21764375269412997 -1.92818146944046 1.0000000180025095e-35 -0.14904952794313428 1.1171976923942568 -0.084368921816349016 0.67128956317901622 -0.50933894515037526 2.1549118757247929
decision_type=2 2 2 2 2 10 10 8 8 10 8
left_child=1 -1 3 4 5 6 -2 9 -5 -4 -6
right_child=2 -3 7 8 10 -7 -8 -9 -10 -11 -12
leaf_value=-0.00014542277658571021 0.00089715145564998151 -5.5532204058517272e-05 1.759585518193567e-06 -5.6287281007276848e-07 0.00016871123049993776 0.00067259243843910779 0.004163544786323148 4.741152291345444e-06 -2.0238311375558928e-05 2.6652186108618227e-05 -0.00055044476075551173
leaf_weight=47998 23 144517 179335 861269 5229 100 26 712253 389597 697431 168
leaf_count=47998 23 144517 179335 861269 5229 100 26 712253 389597 697431 168
internal_value=-3.29268e-08 -7.79487e-05 5.23842e-06 -5.87052e-06 0.000179153 0.00136187 0.00270359 1.40226e-05 -6.69168e-06 2.15615e-05 0.000146061
internal_weight=3.03795e+06 192515 2.84543e+06 1.25641e+06 5546 149 49 1.58902e+06 1.25087e+06 876766 5397
internal_count=3037946 192515 2845431 1256412 5546 149 49 1589019 1250866 876766 5397
is_linear=0
shrinkage=0.00523217


Tree=51
num_leaves=12
num_cat=0
split_feature=0 0 0 1 15 17 4 24 15 16 20
split_gain=45.4388 11.7022 7.76401 7.04047 7.76217 6.99627 4.34058 3.97388 2.81055 4.65629 2.52175
threshold=-1.8672683238983152 0.21764375269412997 -4.145399570465087 -1.92818146944046 1.0000000180025095e-35 -2.234832644462585 -0.98648682236671437 1.4483350515365603 0.11185246333479883 -0.0067260614596307269 0.03758563473820687
decision_type=2 2 2 2 2 2 8 10 2 2 10
left_child=2 3 10 4 5 -2 -5 -7 9 -6 -1
right_child=1 -3 -4 6 8 7 -8 -9 -10 -11 -12
leaf_value=-9.4787362265108413e-05 0.0058065355610150242 1.4046711972664595e-05 -6.8680403209083106e-05 -2.703327247650052e-05 0.00018288785853552239 0.00080242420461353449 -3.1145775519542036e-06 0.0044063381131335642 -6.5986586893228733e-05 0.0012607173169375415 -0.00018827106925116895
leaf_weight=11812 7.9999999999999991 1588854 107023 259494 3995 135 1041142 7.9999999999999991 1298 112 24139
leaf_count=11812 8 1588854 107023 259494 3995 135 1041142 8 1298 112 24139
internal_value=1.16608e-08 4.50871e-06 -9.10417e-05 -7.09271e-06 0.000178737 0.00134481 -7.88731e-06 0.00104408 0.000145725 0.000212831 -0.000157583
internal_weight=3.03802e+06 2.89505e+06 142974 1.30619e+06 5556 151 1.30064e+06 143 5405 4107 35951
internal_count=3038020 2895046 142974 1306192 5556 151 1300636 143 5405 4107 35951
is_linear=0
shrinkage=0.00523217


Tree=52
num_leaves=12
num_cat=0
split_feature=0 0 0 1 15 20 0 15 16 10 20
split_gain=45.1615 10.5082 9.94441 6.79768 7.69901 6.04439 8.74219 2.74815 4.61785 2.67745 2.56776
threshold=-1.4674772620201109 -3.6707224845886226 0.21764375269412997 -1.92818146944046 1.0000000180025095e-35 3.7658448219299321 0.020778561942279342 0.11185246333479883 -0.0067260614596307269 1.0946397781372073 0.03758563473820687
decision_type=2 2 2 2 2 10 2 2 2 10 10
left_child=1 10 3 4 5 -2 -7 8 -6 -5 -1
right_child=2 -3 -4 9 7 6 -8 -9 -10 -11 -12
leaf_value=-9.0206044402987794e-05 0.00090163983221654034 -5.530691104359142e-05 1.3925150105976334e-05 -3.2496150945641113e-06 0.00018076776835806543 0.0008448974714746441 0.0078129001985870281 -6.4802476685678906e-05 0.0012541899072628746 -2.4166977777019675e-05 -0.00017169114616524998
leaf_weight=15890 131 144498 1588939 1051805 3980 12.000000000000002 7.9999999999999991 1302 112 199291 32065
leaf_count=15890 131 144498 1588939 1051805 3980 12 8 1302 112 199291 32065
internal_value=-1.93406e-08 -7.75892e-05 5.22663e-06 -5.77143e-06 0.000176993 0.00133828 0.00395046 0.000144049 0.000210698 -6.58227e-06 -0.000144711
internal_weight=3.03803e+06 192453 2.84558e+06 1.25664e+06 5545 151 20 5394 4092 1.2511e+06 47955
internal_count=3038033 192453 2845580 1256641 5545 151 20 5394 4092 1251096 47955
is_linear=0
shrinkage=0.00523217


Tree=53
num_leaves=12
num_cat=0
split_feature=0 0 0 5 11 0 20 2 2 1 18
split_gain=44.3712 11.4279 7.67052 7.60544 5.0597 10.7955 7.50448 4.02639 2.91207 2.5077 2.49941
threshold=-1.8672683238983152 0.21764375269412997 -4.145399570465087 inf 0.4190333783626557 0.04105059057474137 3.0030996799468999 0.27305842936038976 2.038819551467896 1.3507304787635805 0.31197924911975866
decision_type=2 2 2 8 10 2 10 8 8 2 10
left_child=2 3 -1 7 -5 8 -7 -2 -6 -9 -3
right_child=1 10 -4 4 5 6 -8 9 -10 -11 -12
leaf_value=-0.00015614763144354693 1.4866051747456423e-06 1.8115773320153903e-05 -6.7779385270881674e-05 1.644314785510015e-05 0.00045321923895600867 0.00089113292229482243 0.006460209223970669 -1.2907935682280371e-05 0.00011852930081394232 -4.2806015071793548e-05 3.7589255647083047e-06
leaf_weight=35952 640061 1116190 106987 2539 1605 15.000000000000002 11.999999999999998 571827 1294 88753 472691
leaf_count=35952 640061 1116190 106987 2539 1605 15 12 571827 1294 88753 472691
internal_value=-2.30743e-08 4.41988e-06 -9.00125e-05 -7.04535e-06 0.000187705 0.000335974 0.00356192 -7.86443e-06 0.000304213 -1.69262e-05 1.38451e-05
internal_weight=3.03793e+06 2.89499e+06 142939 1.30611e+06 5465 2926 27 1.30064e+06 2899 660580 1.58888e+06
internal_count=3037926 2894987 142939 1306106 5465 2926 27 1300641 2899 660580 1588881
is_linear=0
shrinkage=0.00523217


Tree=54
num_leaves=12
num_cat=0
split_feature=0 0 0 1 18 0 20 10 20 18 19
split_gain=43.7736 10.1234 9.79694 6.73853 3.6484 11.5761 5.68875 2.67493 2.58729 2.47956 2.32348
threshold=-1.4674772620201109 -3.6707224845886226 0.21764375269412997 -1.92818146944046 2.2480773925781254 0.04105059057474137 3.0030996799468999 1.0946397781372073 0.03758563473820687 0.31197924911975866 1.9662920236587527
decision_type=2 2 2 2 10 2 10 10 10 10 10
left_child=1 8 3 4 -2 10 -7 -5 -1 -4 -6
right_child=2 -3 9 7 5 6 -8 -9 -10 -11 -12
leaf_value=-8.7533613910309595e-05 -3.3992694777033265e-05 -5.4501375314112849e-05 1.8045917692800939e-05 -3.234723147780274e-06 0.00063815666944012895 0.0010663720188723701 0.0059658189014064238 -2.4139697973722907e-05 -0.00016932850017306424 3.7465708909749463e-06 0.00019622735312049914
leaf_weight=15887 1604 144557 1116121 1051765 360 14.000000000000002 12.999999999999998 199350 32067 472740 3566
leaf_count=15887 1604 144557 1116121 1051765 360 14 13 199350 32067 472740 3566
internal_value=-7.82226e-09 -7.63642e-05 5.15772e-06 -5.75817e-06 0.000176012 0.000261413 0.00360514 -6.56634e-06 -0.00014225 1.37919e-05 0.000237135
internal_weight=3.03804e+06 192511 2.84553e+06 1.25667e+06 5557 3953 27 1.25112e+06 47954 1.58886e+06 3926
internal_count=3038044 192511 2845533 1256672 5557 3953 27 1251115 47954 1588861 3926
is_linear=0
shrinkage=0.00523217


Tree=55
num_leaves=12
num_cat=0
split_feature=0 0 0 5 0 14 0 20 16 7 15
split_gain=43.4983 11.7491 6.75137 6.13563 4.70084 4.37502 12.5134 6.99145 3.68787 9.36158 3.24214
threshold=-1.9980757832527158 -0.058479420840740197 -4.145399570465087 inf 0.48952910304069525 -0.48778523504734034 0.020778561942279342 3.7658448219299321 -0.0067260614596307269 1.2929725050926211 0.042462205514311797
decision_type=2 2 2 8 2 2 2 10 2 10 2
left_child=2 -2 -1 4 -3 8 10 -8 -5 -10 -7
right_child=1 3 -4 5 -6 6 7 -9 9 -11 -12
leaf_value=-0.00015446949050217202 -1.3506928575163035e-05 3.441962846807584e-06 -7.0208574369599614e-05 0.00010227475088663175 1.9152781173446034e-05 0.0011418428893015776 0.002145520258903042 0.008099649076278791 0.0036039993890590533 0.00026349073730671878 0.00023765747848945835
leaf_weight=35955 758195 1248489 94609 4556 895387 136 22.000000000000004 6.9999999999999991 28 112 545
leaf_count=35955 758195 1248489 94609 4556 895387 136 22 7 28 112 545
internal_value=5.43041e-09 4.20113e-06 -9.34199e-05 1.04483e-05 1.00039e-05 0.000186484 0.000569281 0.00387025 0.000128308 0.000961861 0.000421072
internal_weight=3.03804e+06 2.90748e+06 130564 2.14928e+06 2.14388e+06 5406 710 29 4696 140 681
internal_count=3038041 2907477 130564 2149282 2143876 5406 710 29 4696 140 681
is_linear=0
shrinkage=0.00523217


Tree=56
num_leaves=12
num_cat=0
split_feature=0 0 0 5 11 0 2 3 8 11 3
split_gain=43.0707 11.1208 7.46521 7.44572 4.87063 10.5292 4.11359 3.09563 2.64739 2.32566 2.30851
threshold=-1.8672683238983152 0.21764375269412997 -4.145399570465087 inf 0.4190333783626557 0.04105059057474137 0.27305842936038976 -2.9642988443374629 0.91337946057319652 1.0209875106811526 -1.2335041165351865
decision_type=2 2 2 8 10 2 8 10 10 10 8
left_child=2 3 10 6 -5 7 -2 -6 -7 -3 -1
right_child=1 9 -4 4 5 8 -8 -9 -10 -11 -12
leaf_value=-0.00021109100652661893 1.7028177039149326e-06 1.0982295677716731e-05 -6.6730847348981244e-05 1.7687356676325721e-05 4.9750128807371815e-05 0.00151784952364735 -1.6908522990808272e-05 0.00041737533773313247 0.0050582499289155616 2.8579868146514944e-05 -0.00012301890201907596
leaf_weight=12597 640211 1346290 107016 2536 928 13.000000000000002 660394 1969 13.999999999999998 242744 23347
leaf_count=12597 640211 1346290 107016 2536 928 13 660394 1969 14 242744 23347
internal_value=-3.41752e-09 4.37408e-06 -8.86575e-05 -6.93655e-06 0.000185846 0.000331351 -7.74665e-06 0.000299959 0.00351727 1.36711e-05 -0.000153913
internal_weight=3.03806e+06 2.8951e+06 142960 1.30606e+06 5460 2924 1.3006e+06 2897 27 1.58903e+06 35944
internal_count=3038059 2895099 142960 1306065 5460 2924 1300605 2897 27 1589034 35944
is_linear=0
shrinkage=0.00523217


Tree=57
num_leaves=12
num_cat=0
split_feature=0 0 0 23 14 0 20 2 6 20 16
split_gain=42.6875 10.0748 9.43187 6.74377 4.64062 12.2773 6.92909 4.36317 4.28665 2.52534 2.31105
threshold=-1.4674772620201109 -3.6707224845886226 0.3249137550592423 inf -0.48778523504734034 0.020778561942279342 3.7658448219299321 0.28192922472953802 -0.10955825820565222 0.03758563473820687 -0.0067260614596307269
decision_type=2 2 2 8 2 2 10 8 2 10 2
left_child=1 9 3 7 10 8 -7 -2 -6 -1 -5
right_child=2 -3 -4 4 5 6 -8 -9 -10 -11 -12
leaf_value=-8.7062498825221649e-05 4.0659787609244074e-06 -5.3604202716037672e-05 1.5352168624555862e-05 9.5731933635537678e-05 0.00020020206171193295 0.0021249956532834124 0.0080512135950442688 -1.3646428282741068e-05 0.001194526666318444 -0.00016783346203344711 0.00066793852066774403
leaf_weight=15900 794365 144520 1314393 4711 532 22.000000000000004 6.9999999999999991 731067 153 32112 201
leaf_count=15900 794365 144520 1314393 4711 532 22 7 731067 153 32112 201
internal_value=-3.04728e-08 -7.54291e-05 5.07098e-06 -3.75476e-06 0.000177038 0.000571134 0.00384135 -4.42221e-06 0.000425138 -0.000141104 0.000119465
internal_weight=3.03798e+06 192532 2.84545e+06 1.53106e+06 5626 714 29 1.52543e+06 685 48012 4912
internal_count=3037983 192532 2845451 1531058 5626 714 29 1525432 685 48012 4912
is_linear=0
shrinkage=0.00523217


Tree=58
num_leaves=12
num_cat=0
split_feature=0 0 0 5 14 0 6 7 7 9 16
split_gain=42.1392 9.83625 9.41328 7.03166 4.443 12.5826 5.21758 4.70661 4.15619 3.85528 3.62359
threshold=-1.4674772620201109 -3.6707224845886226 0.3249137550592423 inf -0.48778523504734034 0.04105059057474137 -0.11920946463942526 1.4107168912887575 0.67128956317901622 -0.084368921816349016 -0.0067260614596307269
decision_type=2 2 2 8 2 2 2 8 8 8 2
left_child=1 -1 3 8 10 6 -6 -7 -2 -4 -5
right_child=2 -3 9 4 5 7 -8 -9 -10 -11 -12
leaf_value=-0.00013980513959593708 1.1675335347788664e-06 -5.3349649845214966e-05 2.3046295202330275e-05 9.9749634865113222e-05 0.00020264691989037496 0.0079656705759612936 0.0012678331344342037 0.0019540657309010034 -1.7758693923771355e-05 4.9202972550387298e-06 0.00094583943895297225
leaf_weight=48012 1074748 144559 755189 4618 533 6.9999999999999982 165 8.9999999999999982 450856 559242 142
leaf_count=48012 1074748 144559 755189 4618 533 7 165 9 450856 559242 142
internal_value=-4.85551e-09 -7.49097e-05 5.06411e-06 -3.75291e-06 0.000183413 0.000568278 0.000457312 0.00499793 -4.42515e-06 1.5335e-05 0.000125387
internal_weight=3.03808e+06 192571 2.84551e+06 1.53108e+06 5474 714 698 16 1.5256e+06 1.31443e+06 4760
internal_count=3038080 192571 2845509 1531078 5474 714 698 16 1525604 1314431 4760
is_linear=0
shrinkage=0.00523217


Tree=59
num_leaves=12
num_cat=0
split_feature=0 0 0 5 17 10 7 9 9 9 16
split_gain=41.633 9.59199 9.37249 6.89366 6.29444 12.4333 4.15028 3.72396 3.60507 3.15101 3.02476
threshold=-1.4674772620201109 -3.6707224845886226 0.3249137550592423 inf -2.234832644462585 -1.6776588559150694 0.68170559406280529 -0.084368921816349016 2.1549118757247929 -0.50933894515037526 -0.0067260614596307269
decision_type=2 2 2 8 2 8 8 8 8 10 2
left_child=1 -1 3 6 5 -5 -2 9 10 -4 -6
right_child=2 -3 7 4 8 -7 -8 -9 -10 -11 -12
leaf_value=-0.0001385739666716768 1.1138029477927005e-06 -5.3172334789709632e-05 1.950569880591841e-06 0.0079752575599750207 0.00016965494691940144 0.00079698446990057064 -1.7876289272661475e-05 5.0571439249635041e-06 -0.0005342694290796328 2.8333358436103458e-05 0.00094497864848907794
leaf_weight=47978 1080928 144515 156355 7 5105 38 444619 559260 193 598797 141
leaf_count=47978 1080928 144515 156355 7 5105 38 444619 559260 193 598797 141
internal_value=5.87868e-09 -7.44632e-05 5.04399e-06 -3.75408e-06 0.000181396 0.00210654 -4.42032e-06 1.52926e-05 0.000164866 2.28719e-05 0.000190855
internal_weight=3.03794e+06 192493 2.84544e+06 1.53103e+06 5484 45 1.52555e+06 1.31441e+06 5439 755152 5246
internal_count=3037936 192493 2845443 1531031 5484 45 1525547 1314412 5439 755152 5246
is_linear=0
shrinkage=0.00523217


Tree=60
num_leaves=12
num_cat=0
split_feature=1 1 9 15 9 4 9 20 1 20 15
split_gain=37.4729 7.77708 6.07849 5.14701 3.60907 2.44909 1.94259 1.94128 1.71974 5.07034 11.1381
threshold=1.3507304787635805 2.016565322875977 0.032429335638880737 -0.17288090288639066 0.35760773718357092 -0.98648682236671437 -0.4986680001020431 -0.81587937474250782 -1.8581899404525755 1.2179000973701479 -0.073505010455846773
decision_type=2 2 10 2 10 10 8 8 2 10 2
left_child=2 -2 3 6 -3 -4 -1 -7 9 -5 -11
right_child=1 4 5 8 -6 7 -8 -9 -10 10 -12
leaf_value=-1.4803704371442997e-05 -3.9611068467467038e-05 -7.0386249795748525e-05 -2.2435087956937809e-05 3.866925916027222e-05 -0.00013929332203553108 -1.83251340550619e-05 5.5799990991584182e-06 3.2308670205521834e-06 1.8035700330550983e-05 0.0031355941470657734 0.00024574521261405734
leaf_weight=156172 189459 48826 182406 33426 36370 142215 709046 584052 953956 36 2256
leaf_count=156172 189459 48826 182406 33426 36370 142215 709046 584052 953956 36 2256
internal_value=-1.54207e-09 -5.82887e-05 5.79102e-06 1.12223e-05 -9.98135e-05 -5.29503e-06 1.89979e-06 -9.89069e-07 1.93716e-05 5.50262e-05 0.000293079
internal_weight=3.03822e+06 274655 2.76356e+06 1.85489e+06 85196 908673 865218 726267 989674 35718 2292
internal_count=3038220 274655 2763565 1854892 85196 908673 865218 726267 989674 35718 2292
is_linear=0
shrinkage=0.00523217


Tree=61
num_leaves=12
num_cat=0
split_feature=5 2 5 2 17 16 24 20 15 2 5
split_gain=14.0715 10.1629 4.61739 3.721 7.04221 5.50285 18.8842 3.71614 3.10402 3.09986 2.61779
threshold=1.4368218779563906 0.28192922472953802 1.4368218779563906 2.038819551467896 -2.234832644462585 -0.0067260614596307269 -2.308075904846191 1.6922273039817812 -0.10475412383675574 0.41341905295848852 1.4368218779563906
decision_type=10 8 8 8 2 2 10 8 2 10 8
left_child=1 8 7 5 -5 -4 -7 -3 -1 -2 -10
right_child=9 2 3 4 -6 6 -8 -9 10 -11 -12
leaf_value=5.1496346516309635e-06 -2.0657255640623649e-05 -5.896857882126953e-06 0.00028370940890416274 0.0046101576409530156 1.9666122898288803e-05 0.0087984968734210588 0.00067222174663588742 -3.8085260844488362e-05 1.9444690135549859e-05 -5.765094800393139e-05 0.0003042106411561223
leaf_weight=847100 135354 1081556 1772 7.9999999999999991 2741 7.9999999999999991 57 108007 745920 114585 884
leaf_count=847100 135354 1081556 1772 8 2741 8 57 108007 745920 114585 884
internal_value=-1.13187e-08 3.35994e-06 -8.1806e-06 0.000157491 3.52928e-05 0.000339778 0.00182379 -8.82013e-06 1.20066e-05 -3.76205e-05 1.97833e-05
internal_weight=3.03799e+06 2.78805e+06 1.19415e+06 4586 2749 1837 65 1.18956e+06 1.5939e+06 249939 746804
internal_count=3037992 2788053 1194149 4586 2749 1837 65 1189563 1593904 249939 746804
is_linear=0
shrinkage=0.00523217


Tree=62
num_leaves=12
num_cat=0
split_feature=0 0 0 0 1 10 0 4 3 0 2
split_gain=40.9651 11.7168 5.60544 3.9268 4.76605 5.74319 6.17112 3.37065 2.29308 1.82075 1.70938
threshold=-2.1333445310592647 -0.043188989162445061 -4.145399570465087 0.48952910304069525 -2.4284086227416988 -0.59692499041557301 0.020778561942279342 -0.98648682236671437 -1.2335041165351865 -0.940942883491516 0.38763558864593511
decision_type=2 2 2 2 2 8 2 8 8 2 8
left_child=2 7 8 4 5 6 -3 -2 -1 -9 -6
right_child=1 3 -4 -5 10 -7 -8 9 -10 -11 -12
leaf_value=-0.00020664035277820106 -3.2608982003203021e-05 0.0007534754222592448 -7.1432108058226473e-05 1.864289289301661e-05 8.4458547532410135e-06 0.00017920158229349628 0.0034894547998417739 -2.435650585637587e-05 -0.0001188684733004573 -2.4238200933272079e-06 -4.4537515289171926e-06
leaf_weight=12591 188101 150 83348 895221 793739 1353 26 132828 23369 471654 435439
leaf_count=12591 188101 150 83348 895221 793739 1353 26 132828 23369 471654 435439
internal_value=1.87326e-08 3.90375e-06 -9.5009e-05 1.03051e-05 4.23944e-06 0.000296069 0.00118277 -1.32653e-05 -0.000149629 -7.24464e-06 3.87549e-06
internal_weight=3.03782e+06 2.91851e+06 119308 2.12593e+06 1.23071e+06 1529 176 792583 35960 604482 1.22918e+06
internal_count=3037819 2918511 119308 2125928 1230707 1529 176 792583 35960 604482 1229178
is_linear=0
shrinkage=0.00523217


Tree=63
num_leaves=12
num_cat=0
split_feature=1 1 9 5 7 1 10 9 1 21 4
split_gain=36.4779 7.52026 6.12112 5.71993 6.7656 4.99927 6.17244 3.50516 2.92488 2.74868 2.42668
threshold=1.3507304787635805 2.016565322875977 0.032429335638880737 inf 2.119530558586121 -2.4284086227416988 0.76203814148902904 0.35760773718357092 -0.029899469576776024 -0.160253070294857 -0.98648682236671437
decision_type=2 2 10 8 8 2 8 10 2 2 10
left_child=2 -2 3 8 5 6 -5 -3 -1 -7 -4
right_child=1 7 10 4 -6 9 -8 -9 -10 -11 -12
leaf_value=1.6131337495513804e-05 -3.9136789380803026e-05 -6.9320571165132436e-05 -2.2473591289474621e-05 0.0021050228944929192 -2.6415685119068649e-05 9.4421140319767683e-05 0.00059958424911174947 -0.00013720800100122519 2.6864664696252643e-06 0.00062926082434622884 -1.1254313303901904e-06
leaf_weight=1118173 189427 48829 182394 101 1319 675 292 36408 733802 435 726311
leaf_count=1118173 189427 48829 182394 101 1319 675 292 36408 733802 435 726311
internal_value=-2.15724e-09 -5.75092e-05 5.71319e-06 1.11638e-05 0.000246507 0.000486384 0.000993668 -9.83288e-05 1.08046e-05 0.00030519 -5.41131e-06
internal_weight=3.03817e+06 274664 2.7635e+06 1.8548e+06 2822 1503 393 85237 1.85198e+06 1110 908705
internal_count=3038166 274664 2763502 1854797 2822 1503 393 85237 1851975 1110 908705
is_linear=0
shrinkage=0.00523217


Tree=64
num_leaves=12
num_cat=0
split_feature=0 0 0 5 17 10 0 9 15 9 9
split_gain=40.2332 10.3502 6.94357 5.91835 6.12638 12.305 4.3361 3.5112 3.07012 2.83161 2.70615
threshold=-1.8672683238983152 -0.058479420840740197 -4.145399570465087 inf -2.234832644462585 -1.6776588559150694 0.48952910304069525 1.8203343749046328 0.0085019031539559382 -0.087059419602155672 -0.50933894515037526
decision_type=2 2 2 8 2 8 2 8 2 8 8
left_child=2 -2 -1 6 5 -5 -3 -6 -7 10 -8
right_child=1 3 -4 4 7 8 9 -9 -10 -11 -12
leaf_value=-0.00014862650423692669 -1.255793796714929e-05 3.3245080921216066e-06 -6.4538087327677083e-05 0.0079202325490289101 0.00019404188760832597 0.0036309995020198222 3.7415748467621627e-06 -0.00048429916807049973 1.3107643836104582e-06 6.7455254641286491e-06 3.1965508700977741e-05
leaf_weight=35940 745861 1248557 106989 7 5142 6.9999999999999991 118876 216 31 348175 428341
leaf_count=35940 745861 1248557 106989 7 5142 7 118876 216 31 348175 428341
internal_value=4.2681e-09 4.23503e-06 -8.56891e-05 1.00629e-05 0.000183001 0.00208221 9.62655e-06 0.000166445 0.000779801 1.84134e-05 2.58357e-05
internal_weight=3.03814e+06 2.89521e+06 142929 2.14935e+06 5403 45 2.14395e+06 5358 38 895392 547217
internal_count=3038142 2895213 142929 2149352 5403 45 2143949 5358 38 895392 547217
is_linear=0
shrinkage=0.00523217


Tree=65
num_leaves=12
num_cat=0
split_feature=1 1 1 11 7 22 22 4 15 22 22
split_gain=35.5969 7.36227 4.97578 3.54267 2.6635 2.3074 2.04698 1.73681 1.65996 1.57028 1.38989
threshold=1.3507304787635805 2.016565322875977 0.25752928853034979 1.0209875106811526 0.59897100925445568 0.017217331565916542 1.5933583378791811 -1.3260614871978758 -0.10475412383675574 0.28605619072914129 -0.15589167177677152
decision_type=2 2 2 10 8 8 8 10 2 8 10
left_child=2 9 3 6 -4 -3 7 -1 -5 -2 -6
right_child=1 5 4 8 10 -7 -8 -9 -10 -11 -12
leaf_value=-1.7384084471869293e-05 -5.0141268672902522e-05 -0.00012489878977787992 1.8664094361457055e-06 1.3877306141076929e-05 -2.9688372994731677e-05 -7.0360232254756928e-05 -2.0616205788548908e-05 9.7609537048546147e-06 3.905221883776672e-05 -1.8912831387062565e-05 -6.8278435852115762e-06
leaf_weight=67416 119327 41865 552575 135035 138483 43328 68568 1494594 153192 70065 153760
leaf_count=67416 119327 41865 552575 135035 138483 43328 68568 1494594 153192 70065 153760
internal_value=4.59189e-08 -5.67709e-05 5.69138e-06 1.03499e-05 -4.88849e-06 -9.7172e-05 7.36023e-06 8.58885e-06 2.72606e-05 -3.85928e-05 -1.76634e-05
internal_weight=3.03821e+06 274585 2.76362e+06 1.9188e+06 844818 85193 1.63058e+06 1.56201e+06 288227 189392 292243
internal_count=3038208 274585 2763623 1918805 844818 85193 1630578 1562010 288227 189392 292243
is_linear=0
shrinkage=0.00523217


Tree=66
num_leaves=12
num_cat=0
split_feature=0 0 18 0 0 4 21 11 15 20 11
split_gain=39.3268 11.1515 7.6181 5.55572 4.35672 3.43627 3.38589 2.87295 5.42567 2.3904 2.38975
threshold=-2.1333445310592647 -0.058479420840740197 2.6457599401474003 -4.145399570465087 0.48952910304069525 -0.98648682236671437 0.68278607726097118 0.72075560688972484 0.0085019031539559382 0.03758563473820687 1.1920059323310854
decision_type=2 2 10 2 2 8 2 10 2 10 10
left_child=3 5 4 9 -3 10 7 -4 -9 -1 -2
right_child=1 2 6 -5 -6 -7 -8 8 -10 -11 -12
leaf_value=-8.6382139645932243e-05 -4.0182903953396344e-05 3.1029712038971938e-06 0.00017962402239331143 -6.966196263072609e-05 1.8228090827341402e-05 -7.1094106572196001e-06 4.6654526895588735e-05 0.0015587178709680143 0.00039421681354549575 -0.00017739891063461237 1.6854463725395101e-05
leaf_weight=11811 160734 1248915 1813 83341 895114 585761 2139 120 1232 24137 22963
leaf_count=11811 160734 1248915 1813 83341 895114 585761 2139 120 1232 24137 22963
internal_value=-1.63456e-08 3.78902e-06 9.90835e-06 -9.31329e-05 9.41796e-06 -1.33031e-05 0.00020794 0.000316629 0.00049944 -0.000147521 -3.30485e-05
internal_weight=3.03808e+06 2.91879e+06 2.14933e+06 119289 2.14403e+06 769458 5304 3165 1352 35948 183697
internal_count=3038080 2918791 2149333 119289 2144029 769458 5304 3165 1352 35948 183697
is_linear=0
shrinkage=0.00523217


Tree=67
num_leaves=12
num_cat=0
split_feature=0 0 0 0 7 20 20 15 22 15 22
split_gain=39.1709 11.023 5.43113 3.85822 3.07307 2.42758 2.3848 2.1334 1.68096 1.67815 1.67889
threshold=-2.1333445310592647 -0.058479420840740197 -4.145399570465087 0.48952910304069525 0.69301977753639232 0.03758563473820687 -0.22386991977691648 -0.10475412383675574 -0.24558987468481061 0.12947058677673343 -0.12370861321687697
decision_type=2 2 2 2 10 10 10 2 8 2 10
left_child=2 4 5 6 -2 -1 -3 -5 -4 10 -6
right_child=1 3 8 7 9 -7 -8 -9 -10 -11 -12
leaf_value=-8.5076858956681495e-05 -5.401977074446863e-06 -3.0734795319386597e-06 -0.00010149523441084392 9.1338339649773478e-06 -5.411642770288924e-05 -0.00017680417651863269 1.1361552160546574e-05 2.5392473242832678e-05 -5.2292596756753584e-05 -1.0456216881142539e-05 -2.1408315576359521e-05
leaf_weight=11805 494535 643364 29506 397542 83172 24147 610626 497896 53808 102523 89104
leaf_count=11805 494535 643364 29506 397542 83172 24147 610626 497896 53808 102523 89104
internal_value=-1.47688e-09 3.79603e-06 -9.29426e-05 9.87939e-06 -1.31991e-05 -0.000146711 3.95497e-06 1.81751e-05 -6.97287e-05 -2.7228e-05 -3.72042e-05
internal_weight=3.03803e+06 2.91876e+06 119266 2.14943e+06 769334 35952 1.25399e+06 895438 83314 274799 172276
internal_count=3038028 2918762 119266 2149428 769334 35952 1253990 895438 83314 274799 172276
is_linear=0
shrinkage=0.00523217


Tree=68
num_leaves=12
num_cat=0
split_feature=0 0 5 0 11 15 10 9 0 9 9
split_gain=38.5467 11.021 5.81218 5.33295 4.79494 11.9606 6.24887 5.39252 4.21608 2.84064 2.8397
threshold=-2.1333445310592647 -0.058479420840740197 inf -4.145399570465087 0.4935669749975205 -0.0087244226597249491 -0.61236801743507374 0.013086611870676281 0.48952910304069525 -0.084368921816349016 0.095329329371452345
decision_type=2 2 8 2 10 2 8 10 2 8 10
left_child=3 10 8 -1 -4 6 -6 -7 -3 -10 -2
right_child=1 2 4 -5 5 7 -8 -9 9 -11 -12
leaf_value=-0.00014547082983014292 -5.6154882047966902e-06 3.1976888993405356e-06 2.4724068513590579e-05 -6.9194196239491564e-05 0.005719005253470918 0.00063495970297069179 0.0013556538753752463 0.00013068799333187692 2.5452317008640925e-05 6.2975949001262327e-06 -2.6502169231230918e-05
leaf_weight=35958 488835 1248689 2694 83334 14.999999999999998 859 24 1806 550527 344836 280537
leaf_count=35958 488835 1248689 2694 83334 15 859 24 1806 550527 344836 280537
internal_value=-6.83622e-09 3.76061e-06 9.84348e-06 -9.21941e-05 0.000181303 0.000336928 0.00317272 0.000293739 9.41133e-06 1.80761e-05 -1.32325e-05
internal_weight=3.03811e+06 2.91882e+06 2.14945e+06 119292 5398 2704 39 2665 2.14405e+06 895363 769372
internal_count=3038114 2918822 2149450 119292 5398 2704 39 2665 2144052 895363 769372
is_linear=0
shrinkage=0.00523217


Tree=69
num_leaves=12
num_cat=0
split_feature=5 2 5 22 14 2 16 22 15 2 5
split_gain=13.4107 9.60807 4.07588 3.60744 3.82408 3.37317 5.72084 3.30778 3.26031 2.832 2.62102
threshold=1.4368218779563906 0.38763558864593511 1.4368218779563906 -1.7350513935089109 -1.444696247577667 2.038819551467896 -0.0067260614596307269 -0.79056975245475758 -0.10475412383675574 0.41341905295848852 1.4368218779563906
decision_type=10 8 8 8 2 8 2 10 2 10 8
left_child=1 8 7 4 -4 6 -5 -3 -1 -2 -10
right_child=9 2 3 5 -6 -7 -8 -9 10 -11 -12
leaf_value=4.1403148397602274e-06 -2.0482014142306241e-05 -3.0544502022966279e-05 0.00062998048130158261 0.0002548637915673043 0.0045499377876708985 1.9107065512623211e-05 0.0018614642135056085 -5.6390777738237451e-06 1.8210523239353931e-05 -5.5838676335970603e-05 0.00029265089414876044
leaf_weight=916325 135416 175103 24 1696 8.9999999999999982 2733 62 878833 812519 114582 953
leaf_count=916325 135416 175103 24 1696 9 2733 62 878833 812519 114582 953
internal_value=1.99026e-08 3.3117e-06 -9.10423e-06 0.000147576 0.00184292 0.000134458 0.000313194 -9.77771e-06 1.09094e-05 -3.66905e-05 1.85334e-05
internal_weight=3.03826e+06 2.78826e+06 1.05846e+06 4524 33 4491 1758 1.05394e+06 1.7298e+06 249998 813472
internal_count=3038255 2788257 1058460 4524 33 4491 1758 1053936 1729797 249998 813472
is_linear=0
shrinkage=0.00523217


Tree=70
num_leaves=12
num_cat=0
split_feature=1 1 5 7 11 19 24 11 10 5 1
split_gain=34.5522 8.10294 5.68926 4.96143 4.93704 6.04807 24.5676 3.22314 2.66135 2.20833 1.96342
threshold=1.27062463760376 2.016565322875977 inf 0.59897100925445568 0.4935669749975205 2.2225073575973515 -2.0377118587493892 0.80677983164787304 1.1771836280822756 1.3462623953819277 0.0096166892908513563
decision_type=2 2 8 8 10 8 10 10 8 10 2
left_child=2 -2 3 8 -4 6 -6 -8 -1 -3 -5
right_child=1 9 4 10 5 -7 7 -9 -10 -11 -12
leaf_value=1.14856563606813e-05 -3.5865601603307965e-05 -7.6992315880436633e-05 1.8375779250978319e-05 2.520902118032815e-06 0.0098900790001428592 0.00022398277177209327 -3.8973501919110211e-05 0.00098885495897784196 -1.1958303861169943e-05 -0.00013366260305097542 -1.4804872510104023e-05
leaf_weight=1863056 225432 57005 2769 354617 6.9999999999999991 2283 111 318 142677 28218 361543
leaf_count=1863056 225432 57005 2769 354617 7 2283 111 318 142677 28218 361543
internal_value=-1.87945e-08 -5.23015e-05 5.93605e-06 5.59639e-06 0.000174216 0.000332549 0.000897048 0.00072167 9.81757e-06 -9.57673e-05 -6.22465e-06
internal_weight=3.03804e+06 310655 2.72738e+06 2.72189e+06 5488 2719 436 429 2.00573e+06 85223 716160
internal_count=3038036 310655 2727381 2721893 5488 2719 436 429 2005733 85223 716160
is_linear=0
shrinkage=0.00523217


Tree=71
num_leaves=12
num_cat=0
split_feature=5 2 5 13 2 16 24 18 2 5 18
split_gain=13.3706 9.45716 4.24115 4.16691 3.59517 5.36762 18.5885 3.00451 2.84523 2.77297 2.29024
threshold=1.4368218779563906 0.28192922472953802 1.4368218779563906 0.7006874978542329 2.038819551467896 -0.0067260614596307269 -2.4213395118713374 0.28902676701545721 0.41341905295848852 1.4368218779563906 -1.4403047561645506
decision_type=10 8 8 8 8 2 8 8 10 8 10
left_child=1 7 3 -3 5 -4 -7 10 -2 -9 -1
right_child=8 2 4 -5 -6 6 -8 9 -10 -11 -12
leaf_value=-6.6601515156135235e-06 -2.0433397231936837e-05 -1.4404441976350874e-06 0.00027475960694608136 -2.2099258790709287e-05 3.0829740468636154e-05 0.0087154255731447354 0.00065347259288474281 -2.3865961933947592e-07 -5.5870221905772361e-05 0.00029222908589556586 1.8600029840545655e-05
leaf_weight=108626 135424 784146 1771 405569 2749 7.9999999999999991 57 459258 114603 888 1025063
leaf_count=108626 135424 784146 1771 405569 2749 8 57 459258 114603 888 1025063
internal_value=-2.59793e-08 3.26068e-06 -7.87084e-06 -8.48364e-06 0.000150924 0.000330166 0.00179578 1.16023e-05 -3.66797e-05 3.24755e-07 1.6179e-05
internal_weight=3.03816e+06 2.78814e+06 1.1943e+06 1.18972e+06 4585 1836 65 1.59384e+06 250027 460146 1.13369e+06
internal_count=3038162 2788135 1194300 1189715 4585 1836 65 1593835 250027 460146 1133689
is_linear=0
shrinkage=0.00523217


Tree=72
num_leaves=12
num_cat=0
split_feature=0 0 5 17 8 0 11 9 0 2 9
split_gain=37.7153 10.6527 5.54289 6.03339 7.69207 5.38186 4.427 4.93732 4.15013 2.90164 2.79462
threshold=-2.1333445310592647 -0.058479420840740197 inf -2.234832644462585 1.3821335434913637 -4.145399570465087 0.40460540354251867 0.013086611870676281 0.48952910304069525 0.27305842936038976 -0.087059419602155672
decision_type=2 2 8 2 10 2 10 10 2 8 8
left_child=5 9 8 4 -4 -1 -5 -8 -3 -2 -10
right_child=1 2 3 6 -6 -7 7 -9 10 -11 -12
leaf_value=-0.00014470869203774117 -1.3167503385026582e-06 3.1118712570717734e-06 0.00072895298435935222 -3.1285471554501953e-06 0.0056450378287373265 -6.8086933834684193e-05 0.00061005952234574666 0.00014873050325654225 2.5246493649759208e-05 -2.1834044261461834e-05 6.2826543056329163e-06
leaf_weight=35957 331899 1248527 34 2446 10.999999999999998 83361 942 1969 547277 437612 348222
leaf_count=35957 331899 1248527 34 2446 11 83361 942 1969 547277 437612 348222
internal_value=-7.82082e-09 3.71901e-06 9.69982e-06 0.000177078 0.00206178 -9.11852e-05 0.000160645 0.000298479 9.27763e-06 -1.29858e-05 1.78732e-05
internal_weight=3.03826e+06 2.91894e+06 2.14943e+06 5402 45 119318 5357 2911 2.14403e+06 769511 895499
internal_count=3038257 2918939 2149428 5402 45 119318 5357 2911 2144026 769511 895499
is_linear=0
shrinkage=0.00523217


Tree=73
num_leaves=12
num_cat=0
split_feature=4 13 12 22 7 21 12 10 13 16 22
split_gain=9.64742 4.38872 3.19831 2.77742 2.42443 1.92654 1.38844 1.38443 1.3216 1.25475 1.18669
threshold=-0.99993887543678273 0.71895483136177074 0.76915690302848827 -0.94457611441612233 0.43734672665596014 0.2747409343719483 -3.2227932214736934 1.1771836280822756 0.12821285426616671 0.14491058140993121 -0.75075975060462941
decision_type=8 8 8 10 8 2 10 8 10 2 10
left_child=3 4 6 -1 7 -5 -3 -2 -7 -6 -8
right_child=1 2 -4 5 9 8 10 -9 -10 -11 -12
leaf_value=-5.7234684407645033e-05 1.1558171373420993e-05 -6.1995035986971614e-05 1.9956921296022582e-05 -8.245213314985035e-06 -9.3717787372345519e-06 -1.0793687911005897e-05 -3.2141059938841206e-05 -8.7025047041565709e-06 -4.3328890944642297e-05 8.441378328733602e-06 -9.3905333644792678e-06
leaf_weight=55532 1500829 16849 83299 234478 309438 52104 76824 98332 99768 166463 344221
leaf_count=55532 1500829 16849 83299 234478 309438 52104 76824 98332 99768 166463 344221
internal_value=-2.91797e-08 3.81704e-06 -9.75584e-06 -2.26292e-05 7.22652e-06 -1.76529e-05 -1.54099e-05 1.03118e-05 -3.21722e-05 -3.13931e-06 -1.35436e-05
internal_weight=3.03814e+06 2.59626e+06 521193 441882 2.07506e+06 386350 437894 1.59916e+06 151872 475901 421045
internal_count=3038137 2596255 521193 441882 2075062 386350 437894 1599161 151872 475901 421045
is_linear=0
shrinkage=0.00523217


Tree=74
num_leaves=12
num_cat=0
split_feature=1 1 5 4 15 16 4 19 19 15 20
split_gain=33.7149 6.91569 5.59666 5.31326 2.91211 2.7442 12.867 15.1969 2.38937 11.7059 9.27365
threshold=1.3507304787635805 2.016565322875977 inf -0.99993887543678273 -0.10475412383675574 -0.0067260614596307269 -0.99993887543678273 1.8876987695693972 1.55971896648407 -0.0087244226597249491 3.7658448219299321
decision_type=2 2 8 8 2 2 10 8 10 2 10
left_child=2 -2 3 -1 -5 8 -7 -8 -4 10 -10
right_child=1 -3 5 4 -6 6 7 -9 9 -11 -12
leaf_value=-1.3601390388588693e-05 -3.7653022687922403e-05 -9.4412486347675338e-05 -8.7761762589562219e-05 2.370495701854015e-06 1.3904717578058091e-05 0.00018806334756454949 0.0092311108796668088 0.00080902629963767103 0.001574711748064199 0.00017447219351676328 0.0075521467776692814
leaf_weight=358931 189390 85262 933 1231966 1167099 130 8.9999999999999982 15.000000000000002 39 4365 7.9999999999999991
leaf_count=358931 189390 85262 933 1231966 1167099 130 9 15 39 4365 8
internal_value=1.05684e-08 -5.52765e-05 5.50563e-06 5.17281e-06 7.98201e-06 0.000172245 0.000859375 0.00428425 0.000152111 0.000203029 0.00276912
internal_weight=3.03815e+06 274652 2.7635e+06 2.758e+06 2.39906e+06 5499 154 24 5345 4412 47
internal_count=3038147 274652 2763495 2757996 2399065 5499 154 24 5345 4412 47
is_linear=0
shrinkage=0.00523217


Tree=75
num_leaves=12
num_cat=0
split_feature=5 4 5 17 7 18 18 7 17 7 20
split_gain=13.0644 7.00967 6.21216 8.78707 7.53911 3.50755 2.42765 2.10863 2.07242 2.04999 1.9074
threshold=1.4368218779563906 -0.99993887543678273 1.4368218779563906 -2.234832644462585 1.987158536911011 0.3721072524785996 -0.57243049144744862 0.59897100925445568 0.75612571835517894 0.098419602960348143 inf
decision_type=10 8 8 2 8 8 8 8 2 8 8
left_child=1 2 8 4 -4 6 -3 -2 10 -8 -1
right_child=7 5 3 -5 -6 -7 9 -9 -10 -11 -12
leaf_value=-1.0957662317560966e-05 -2.4734569742562804e-05 4.1991751484943526e-06 0.0071880882563949968 0.00019525973499976161 0.00011701291910378039 -3.0071627278405987e-06 2.3728622085413879e-05 -5.6342154171297992e-05 -4.1549944658866212e-05 7.4785769051773944e-06 -0.00011747940996600117
leaf_weight=288841 159190 805154 7.9999999999999982 3063 7.9999999999999991 728154 499259 90848 88510 370355 4677
leaf_count=288841 159190 805154 8 3063 8 728154 499259 90848 88510 370355 4677
internal_value=7.88642e-09 3.2574e-06 -1.74654e-05 0.000216543 0.00395056 6.5789e-06 1.07472e-05 -3.62222e-05 -1.93542e-05 1.68089e-05 -1.26582e-05
internal_weight=3.03807e+06 2.78803e+06 385107 3079 16 2.40292e+06 1.67477e+06 250038 382028 869614 293518
internal_count=3038067 2788029 385107 3079 16 2402922 1674768 250038 382028 869614 293518
is_linear=0
shrinkage=0.00523217


Tree=76
num_leaves=12
num_cat=0
split_feature=6 2 9 9 20 18 18 18 20 18 6
split_gain=18.4158 7.30919 4.9254 4.46892 3.41014 2.98423 2.7217 2.1286 1.79215 1.66193 1.6352
threshold=-0.77508622407913197 0.28192922472953802 0.18370655924081805 0.10310701280832292 2.1047310829162602 2.9570537805557255 0.28902676701545721 -1.4403047561645506 inf 2.9570537805557255 -3.3766808509826656
decision_type=2 8 10 8 10 10 10 10 8 10 2
left_child=2 6 -1 5 10 8 7 -2 -3 -8 -4
right_child=1 3 4 -5 -6 -7 9 -9 -10 -11 -12
leaf_value=-1.8097239705094742e-05 -5.3590944178947722e-06 1.6955264834217317e-06 -9.8592479653805898e-05 -2.2620161895672368e-05 -0.00011373352867437038 0.00020358089290234359 9.3308661576396025e-07 1.9098843940710195e-05 -7.2770352531284651e-05 0.00024310412019659647 -3.8728315177921054e-05
leaf_weight=270422 107729 741274 13928 297175 22983 1991 437491 1012372 8953 776 122966
leaf_count=270422 107729 741274 13928 297175 22983 1991 437491 1012372 8953 776 122966
internal_value=-2.59315e-10 5.23224e-06 -3.17128e-05 -5.44176e-06 -5.47373e-05 1.34379e-06 1.24205e-05 1.67458e-05 8.05688e-07 1.36436e-06 -4.48257e-05
internal_weight=3.03806e+06 2.60776e+06 430299 1.04939e+06 159877 752218 1.55837e+06 1.1201e+06 750227 438267 136894
internal_count=3038060 2607761 430299 1049393 159877 752218 1558368 1120101 750227 438267 136894
is_linear=0
shrinkage=0.00523217


Tree=77
num_leaves=12
num_cat=0
split_feature=1 9 15 1 18 15 10 15 9 1 9
split_gain=33.0491 6.40333 5.2621 5.06061 4.24415 9.96735 5.47157 3.32991 2.80092 2.75177 1.93666
threshold=1.5046263337135317 0.032429335638880737 -0.17288090288639066 2.2787039279937749 2.9570537805557255 0.0085019031539559382 -0.61236801743507374 0.10306609049439432 0.35760773718357092 0.87010955810546886 -0.4986680001020431
decision_type=2 10 2 2 10 2 8 2 10 2 8
left_child=1 2 10 -2 -4 6 -6 -7 -5 -3 -1
right_child=3 9 4 8 5 7 -8 -9 -10 -11 -12
leaf_value=-1.5330189631836842e-05 -4.8898105787888383e-05 -2.4348743558489045e-06 1.803354002514859e-05 -7.301904745238962e-05 0.0037940066787638428 0.00043661639525126284 0.001022956561364466 2.9028653248110174e-05 -0.00015324994183405302 -2.6756481430523406e-05 4.7165165999326149e-06
leaf_weight=161299 166485 786312 996885 26022 28 828 67 1637 22067 151982 724316
leaf_count=161299 166485 786312 996885 26022 28 828 67 1637 22067 151982 724316
internal_value=3.49002e-08 4.79268e-06 1.0352e-05 -6.25636e-05 1.85809e-05 0.000231324 0.00188463 0.000166408 -0.000109855 -6.3753e-06 1.06444e-06
internal_weight=3.03793e+06 2.82335e+06 1.88506e+06 214574 999445 2560 95 2465 48089 938294 885615
internal_count=3037928 2823354 1885060 214574 999445 2560 95 2465 48089 938294 885615
is_linear=0
shrinkage=0.00523217


Tree=78
num_leaves=12
num_cat=0
split_feature=0 0 18 0 0 17 14 16 2 22 18
split_gain=36.7706 10.2852 7.30477 5.26509 4.11321 3.9932 3.29893 7.74513 2.81421 2.33189 2.04653
threshold=-2.1333445310592647 -0.058479420840740197 2.6457599401474003 -4.145399570465087 0.48952910304069525 -2.234832644462585 -0.48778523504734034 -0.02847970928996801 0.11272908747196199 -0.0056917560286819926 0.30017627775669103
decision_type=2 2 10 2 2 2 2 2 8 8 8
left_child=3 8 4 9 -3 6 -4 -8 -2 -1 -6
right_child=1 2 5 -5 10 -7 7 -9 -10 -11 -12
leaf_value=-0.00018764330026603424 3.370541886833962e-07 2.9311888421633956e-06 -0.00014017754334082452 -6.7181743475145387e-05 2.2682916365679136e-05 0.00018650104003361368 0.0049230095536012082 0.00050673321242724158 -2.0394826757156539e-05 -0.00010308469136991594 5.2415481751697069e-06
leaf_weight=16950 284010 1248926 23 83367 635614 5243 17 29 485558 19021 259490
leaf_count=16950 284010 1248926 23 83367 635614 5243 17 29 485558 19021 259490
internal_value=-9.61315e-09 3.67058e-06 9.54769e-06 -9.00299e-05 9.06712e-06 0.000203318 0.00144502 0.0022383 -1.27427e-05 -0.000142957 1.76276e-05
internal_weight=3.03825e+06 2.91891e+06 2.14934e+06 119338 2.14403e+06 5312 69 46 769568 35971 895104
internal_count=3038248 2918910 2149342 119338 2144030 5312 69 46 769568 35971 895104
is_linear=0
shrinkage=0.00523217


Tree=79
num_leaves=12
num_cat=0
split_feature=6 9 5 5 11 19 20 6 11 9 13
split_gain=17.8558 6.30788 5.83162 4.30485 10.15 7.23321 6.70282 4.45013 3.14445 2.70067 2.3322
threshold=-0.77508622407913197 0.044253638014197356 1.7059140205383303 inf 0.50978761911392223 2.2225073575973515 1.4433943629264834 0.060625821352005012 1.1543872952461245 0.18370655924081805 0.62895712256431591
decision_type=2 10 10 8 10 10 10 2 8 10 10
left_child=2 3 9 8 -5 6 -6 -7 -2 -1 -11
right_child=1 -3 -4 4 5 7 -8 -9 -10 10 -12
leaf_value=-1.1459848779151122e-05 7.8231677473051799e-06 -7.2077952439973919e-06 -7.211779635794572e-05 -4.1825580142383364e-06 0.0028540723154318296 0.00033326142595828064 0.00088464035115250455 0.0036748797621828193 3.0284391724493568e-05 -2.3899400750587282e-05 -7.0529971973884654e-05
leaf_weight=227680 1623136 791299 78254 1763 68 616 162 9.9999999999999982 190707 76647 47677
leaf_count=227680 1623136 791299 78254 1763 68 616 162 10 190707 76647 47677
internal_value=-3.1381e-08 5.12073e-06 -3.12597e-05 1.04918e-05 0.000222431 0.00068946 0.001482 0.000394748 1.01852e-05 -2.21741e-05 -4.17887e-05
internal_weight=3.03802e+06 2.60776e+06 430258 1.81646e+06 2619 856 230 626 1.81384e+06 352004 124324
internal_count=3038019 2607761 430258 1816462 2619 856 230 626 1813843 352004 124324
is_linear=0
shrinkage=0.00523217


Tree=80
num_leaves=12
num_cat=0
split_feature=0 0 18 0 0 4 21 11 2 11 20
split_gain=35.9502 10.1335 5.4296 5.18705 3.92331 3.14381 2.71054 2.74394 5.75086 2.42065 2.30118
threshold=-2.1333445310592647 -0.043188989162445061 2.6457599401474003 -4.145399570465087 0.48952910304069525 -0.98648682236671437 0.68278607726097118 1.3209412693977358 -0.46794585883617396 1.1543872952461245 0.03758563473820687
decision_type=2 2 10 2 2 8 2 10 10 10 10
left_child=3 5 4 10 -3 9 7 -4 -9 -2 -1
right_child=1 2 6 -5 -6 -7 -8 8 -10 -11 -12
leaf_value=-8.1570329721936108e-05 -3.8243344921855854e-05 3.1207843413002127e-06 0.00019257806015686378 -6.6344581878909843e-05 1.7529478053716988e-05 -6.5013357693543913e-06 3.5641288522309553e-05 0.0020657521045120003 0.00041851793213314842 1.7588270369684244e-05 -0.00017089150091145324
leaf_weight=11803 163726 1226018 2150 83332 895185 604548 1999 63 659 24409 24137
leaf_count=11803 163726 1226018 2150 83332 895185 604548 1999 63 659 24409 24137
internal_value=1.1332e-08 3.64998e-06 9.60302e-06 -8.90241e-05 9.20189e-06 -1.23158e-05 0.000184076 0.000287054 0.000566504 -3.09953e-05 -0.000141584
internal_weight=3.03803e+06 2.91876e+06 2.12607e+06 119272 2.1212e+06 792683 4871 2872 722 188135 35940
internal_count=3038029 2918757 2126074 119272 2121203 792683 4871 2872 722 188135 35940
is_linear=0
shrinkage=0.00523217


Tree=81
num_leaves=12
num_cat=0
split_feature=6 9 15 9 23 14 15 20 4 9 4
split_gain=17.6317 6.12788 5.23728 4.82761 3.80523 8.32817 10.0153 3.27304 2.70319 2.31765 2.29904
threshold=-0.77508622407913197 0.044253638014197356 -0.17288090288639066 0.18370655924081805 inf -0.48778523504734034 0.033621169626712806 2.1047310829162602 -1.8393127918243406 -0.4986680001020431 -0.93614354729652394
decision_type=2 10 2 10 8 2 2 10 10 8 10
left_child=3 2 9 -1 -4 8 -7 -5 -6 -2 -3
right_child=1 10 4 7 5 6 -8 -9 -10 -11 -12
leaf_value=-1.7537010837788398e-05 -1.6969553694727471e-05 -2.4648322466908023e-05 1.8206105956537657e-05 -4.4100493070425467e-05 -4.7650045714499195e-05 0.0027716623920740514 0.00048401643727209059 -0.00011160785270515374 0.00031081772951750659 5.1127171613936358e-06 -2.5060458355863147e-06
leaf_weight=270429 160443 161254 965331 136909 1256 70 206 22984 1057 688202 630048
leaf_count=270429 160443 161254 965331 136909 1256 70 206 22984 1057 688202 630048
internal_value=1.17666e-08 5.1321e-06 1.04257e-05 -3.10169e-05 1.87444e-05 0.000219047 0.00107646 -5.38102e-05 0.000115891 9.36926e-07 -7.01931e-06
internal_weight=3.03819e+06 2.60787e+06 1.81656e+06 430322 967920 2589 276 159893 2313 848645 791302
internal_count=3038189 2607867 1816565 430322 967920 2589 276 159893 2313 848645 791302
is_linear=0
shrinkage=0.00523217


Tree=82
num_leaves=12
num_cat=0
split_feature=1 1 9 9 11 10 20 12 7 20 20
split_gain=32.0729 7.42088 5.26328 3.37959 3.29686 2.44362 2.93953 3.10272 2.21973 2.28894 2.20174
threshold=1.27062463760376 2.016565322875977 0.032429335638880737 0.35760773718357092 1.1543872952461245 inf 2.8111296892166142 -1.3608964085578916 0.28187511861324316 1.4433943629264834 -0.93220955133438099
decision_type=2 2 10 10 8 8 8 10 8 8 8
left_child=2 -2 4 -3 8 -6 7 -7 -1 -10 -4
right_child=1 3 10 -5 5 6 -8 -9 9 -11 -12
leaf_value=1.3052771679147223e-05 -3.4667904226843661e-05 -6.3505883523662146e-05 -2.4437733455624618e-05 -0.00013016468924426824 3.002312389666778e-05 0.002102651117409433 -0.00012996983472349393 0.00049898038892359645 3.2086242397999587e-06 -3.6662805683300575e-05 -1.2884607125288414e-06
leaf_weight=1017961 225358 48820 132052 36412 201975 46 112 121 573579 42323 759265
leaf_count=1017961 225358 48820 132052 36412 201975 46 112 121 573579 42323 759265
internal_value=-2.42639e-08 -5.04022e-05 5.71231e-06 -9.19941e-05 1.07765e-05 3.07049e-05 0.000519175 0.000957159 8.30908e-06 4.67406e-07 -4.71904e-06
internal_weight=3.03802e+06 310590 2.72743e+06 85232 1.83612e+06 202254 279 167 1.63386e+06 615902 891317
internal_count=3038024 310590 2727434 85232 1836117 202254 279 167 1633863 615902 891317
is_linear=0
shrinkage=0.00523217


Tree=83
num_leaves=12
num_cat=0
split_feature=6 9 15 9 13 23 15 10 18 13 9
split_gain=17.2375 5.90757 5.21525 4.657 4.08992 3.98655 7.95678 6.37096 4.19012 2.2211 2.08396
threshold=-0.74900144338607777 0.044253638014197356 -0.12759809195995328 0.24232680350542071 0.53556767106056224 inf -0.073505010455846773 -0.61236801743507374 2.1349202394485478 0.41277983784675604 -0.4986680001020431
decision_type=2 10 2 10 10 8 2 8 10 10 8
left_child=3 2 10 -1 -5 9 7 -7 -8 -4 -2
right_child=1 -3 5 4 -6 6 8 -9 -10 -11 -12
leaf_value=-1.8451588298420975e-05 -1.5293425232758179e-05 -6.8150763953283703e-06 2.473123992994157e-05 -2.9002258687376595e-05 -8.5240508768064669e-05 0.0050945584208306255 -7.9656720811845132e-05 0.00071500122679833461 0.00035536788441360159 7.8647013032504808e-06 5.185284634369918e-06
leaf_weight=299826 167659 785896 579627 77345 65376 14.999999999999998 982 23 1570 338858 721013
leaf_count=299826 167659 785896 579627 77345 65376 15 982 23 1570 338858 721013
internal_value=1.62062e-08 5.16247e-06 1.03643e-05 -3.0166e-05 -5.47694e-05 1.90887e-05 0.000224054 0.00256581 0.000187698 1.85095e-05 1.3208e-06
internal_weight=3.03819e+06 2.59564e+06 1.80975e+06 442547 142721 921075 2590 38 2552 918485 888672
internal_count=3038190 2595643 1809747 442547 142721 921075 2590 38 2552 918485 888672
is_linear=0
shrinkage=0.00523217


Tree=84
num_leaves=12
num_cat=0
split_feature=0 0 18 0 0 4 15 12 14 3 18
split_gain=35.0529 9.85628 7.1228 5.05838 4.01642 3.1869 2.24581 2.49565 2.37464 2.23232 2.02459
threshold=-2.1333445310592647 -0.058479420840740197 2.6457599401474003 -4.145399570465087 0.48952910304069525 -1.2069000601768491 0.11185246333479883 -0.53969585895538319 -0.48778523504734034 -1.2335041165351865 0.30017627775669103
decision_type=2 2 10 2 2 8 2 10 2 8 10
left_child=3 5 4 9 -3 -2 7 8 -4 -1 -6
right_child=1 2 6 -5 10 -7 -8 -9 -10 -11 -12
leaf_value=-0.00019591733040611047 -3.6988756066608272e-05 2.8529267847128837e-06 0.00025100128528433727 -6.546395851575496e-05 2.240378576790647e-05 -7.812152911134017e-06 -2.942807062207472e-05 4.4500372746725661e-05 0.00059893214324413188 -0.00010936369848517614 5.0541802471774185e-06
leaf_weight=12614 121786 1248747 2492 83316 635614 647593 947 1180 692 23350 259407
leaf_count=12614 121786 1248747 2492 83316 635614 647593 947 1180 692 23350 259407
internal_value=4.45228e-08 3.63796e-06 9.39132e-06 -8.78695e-05 8.91676e-06 -1.24316e-05 0.000200751 0.000250878 0.000327066 -0.000139749 1.73762e-05
internal_weight=3.03774e+06 2.91846e+06 2.14908e+06 119280 2.14377e+06 769379 5311 4364 3184 35964 895021
internal_count=3037738 2918458 2149079 119280 2143768 769379 5311 4364 3184 35964 895021
is_linear=0
shrinkage=0.00523217


Tree=85
num_leaves=12
num_cat=0
split_feature=5 2 5 13 22 17 8 2 2 19 5
split_gain=12.1964 8.80004 3.92705 3.92847 3.54877 3.4371 4.75709 3.56975 2.58606 2.427 2.36234
threshold=1.4368218779563906 0.28192922472953802 1.4368218779563906 0.7006874978542329 -1.7350513935089109 -2.234832644462585 1.0830627679824831 2.038819551467896 0.41341905295848852 2.0454041957855229 1.4368218779563906
decision_type=10 8 8 8 8 2 10 8 10 10 8
left_child=1 10 3 -3 9 6 -6 -7 -2 -4 -1
right_child=8 2 4 -5 5 7 -8 -9 -10 -11 -12
leaf_value=1.1037819724772842e-05 -1.9516147676536273e-05 -1.3439169293731719e-06 0.00089179592346913105 -2.1402117047191173e-05 -5.590210016719603e-06 0.00030095126177568347 0.0042495628915489849 6.0956650986388151e-07 -5.3306300454693834e-05 0.0041703740147744518 0.00027829512854903011
leaf_weight=1592898 135378 784030 25 405653 15.000000000000002 1807 11.999999999999998 2716 114571 7.9999999999999991 905
leaf_count=1592898 135378 784030 25 405653 15 1807 12 2716 114571 8 905
internal_value=4.44116e-09 3.14361e-06 -7.59438e-06 -8.18397e-06 0.000145241 0.000132397 0.001956 0.000120825 -3.50082e-05 0.00182682 1.11903e-05
internal_weight=3.03802e+06 2.78807e+06 1.19427e+06 1.18968e+06 4583 4550 27 4523 249949 33 1.5938e+06
internal_count=3038018 2788069 1194266 1189683 4583 4550 27 4523 249949 33 1593803
is_linear=0
shrinkage=0.00523217


Tree=86
num_leaves=12
num_cat=0
split_feature=0 0 18 0 0 7 3 18 2 5 8
split_gain=34.6977 9.71859 5.30466 4.92031 3.83794 2.67503 2.22021 1.9599 1.67536 1.51769 1.41875
threshold=-2.1333445310592647 -0.043188989162445061 2.6457599401474003 -4.145399570465087 0.48952910304069525 0.69301977753639232 -1.2335041165351865 0.30017627775669103 0.38763558864593511 inf 0.81322628259658825
decision_type=2 2 10 2 2 8 8 10 8 8 10
left_child=3 5 4 6 8 -2 -1 -6 -3 -7 -4
right_child=1 2 10 -5 7 9 -8 -9 -10 -11 -12
leaf_value=-0.00019474664003532005 -4.9194868972326294e-06 7.5152050922092899e-06 0.00014565057647185472 -6.5380397459110818e-05 2.2192127560329816e-05 -2.5478434286162871e-05 -0.00010838598176175971 5.1249155056365356e-06 -5.2784825852975823e-06 0.00028538716669132975 0.0004046989418577418
leaf_weight=12591 510762 792852 4189 83285 635595 281447 23363 259541 433297 429 677
leaf_count=12591 510762 792852 4189 83285 635595 281447 23363 259541 433297 429 677
internal_value=0 3.57417e-06 9.40376e-06 -8.74833e-05 9.00749e-06 -1.2062e-05 -0.000138657 1.72445e-05 2.99351e-06 -2.50013e-05 0.000181946
internal_weight=3.03803e+06 2.91879e+06 2.12615e+06 119239 2.12128e+06 792638 35954 895136 1.22615e+06 281876 4866
internal_count=3038028 2918789 2126151 119239 2121285 792638 35954 895136 1226149 281876 4866
is_linear=0
shrinkage=0.00523217


Tree=87
num_leaves=12
num_cat=0
split_feature=0 0 0 23 17 21 4 9 9 14 9
split_gain=34.5406 8.20778 7.82139 5.26117 6.17533 7.27833 4.17966 3.35253 3.29422 3.14548 2.99548
threshold=-1.4674772620201109 -3.6707224845886226 0.37598483264446264 inf -2.234832644462585 -0.31510606408119196 -1.2834570407867429 1.8203343749046328 -0.084368921816349016 0.46331730484962469 -0.50933894515037526
decision_type=2 2 2 8 2 2 8 8 8 2 10
left_child=1 -1 3 6 5 9 -2 -6 10 -5 -4
right_child=2 -3 8 4 7 -7 -8 -9 -10 -11 -12
leaf_value=-0.00012707353558840943 -2.9254471224955406e-05 -4.8097167638614643e-05 1.07221564749556e-06 -6.1703764506385405e-05 0.00016728034571676615 0.0065948692737480743 -5.8959867357581765e-07 -0.00049069774317113358 4.5045030490214352e-06 0.0030855302294970567 2.7828432238640132e-05
leaf_weight=48017 153470 144518 144874 24 5375 6.9999999999999991 1503835 219 489353 11.999999999999998 548319
leaf_count=48017 153470 144518 144874 24 5375 7 1503835 219 489353 12 548319
internal_value=2.3998e-08 -6.77982e-05 4.61338e-06 -2.70124e-06 0.000156853 0.00210671 -3.24453e-06 0.000141279 1.49002e-05 0.00103051 2.22377e-05
internal_weight=3.03802e+06 192535 2.84549e+06 1.66294e+06 5637 43 1.6573e+06 5594 1.18255e+06 36 693193
internal_count=3038023 192535 2845488 1662942 5637 43 1657305 5594 1182546 36 693193
is_linear=0
shrinkage=0.00523217


Tree=88
num_leaves=12
num_cat=0
split_feature=5 4 5 15 14 21 10 20 22 3 3
split_gain=12.1119 6.49264 5.81499 3.91756 2.87053 8.57812 2.89138 2.47397 2.36982 2.06355 1.94185
threshold=1.4368218779563906 -0.99993887543678273 1.4368218779563906 -0.10475412383675574 -0.43524633347988123 -2.1797317266464229 -1.0047127008438108 1.6922273039817812 -0.77697324752807606 -2.669129371643066 0.39118275046348577
decision_type=10 8 8 2 2 2 10 8 10 8 8
left_child=1 2 8 7 -4 -6 -7 10 -1 -2 -3
right_child=9 3 4 -5 5 6 -8 -9 -10 -11 -12
leaf_value=-4.7958279625157682e-05 -8.8263508378828907e-05 -4.0083032140206374e-06 0.00016561727517580495 1.3270200869512211e-05 0.0057580287293047608 0.0014767879815823532 0.00013227725964378416 -2.4105612007687293e-05 -1.2835151214646556e-05 -3.0635928717276444e-05 9.7306595492548159e-06
leaf_weight=63000 18378 626709 2873 1157208 7.9999999999999991 64 139 107397 319090 231587 511397
leaf_count=63000 18378 626709 2873 1157208 8 64 139 107397 319090 231587 511397
internal_value=1.33116e-08 3.14187e-06 -1.67999e-05 6.33904e-06 0.000209419 0.000797803 0.000566191 -1.00121e-07 -1.86286e-05 -3.48765e-05 2.16447e-06
internal_weight=3.03785e+06 2.78788e+06 385174 2.40271e+06 3084 211 203 1.2455e+06 382090 249965 1.13811e+06
internal_count=3037850 2787885 385174 2402711 3084 211 203 1245503 382090 249965 1138106
is_linear=0
shrinkage=0.00523217


Tree=89
num_leaves=12
num_cat=0
split_feature=0 0 0 23 11 0 20 4 3 20 2
split_gain=33.9191 8.21636 7.69969 5.28728 4.84843 7.93336 8.69978 4.09169 2.92774 2.45574 2.28639
threshold=-1.4674772620201109 -3.6707224845886226 0.37598483264446264 inf 0.4190333783626557 0.04105059057474137 3.0030996799468999 -1.2834570407867429 -2.9642988443374629 0.03758563473820687 0.27305842936038976
decision_type=2 2 2 8 10 2 10 8 10 10 8
left_child=1 9 3 7 -5 8 -7 -2 -6 -1 -9
right_child=2 -3 -4 4 5 6 -8 10 -10 -11 -12
leaf_value=-7.3200672863859523e-05 -2.8969533816167946e-05 -4.747514041276925e-05 1.4773482174768439e-05 -2.5681047492289909e-06 3.2236169376720427e-05 0.00059443492131155636 0.0061617497449054544 5.1005147568326066e-06 0.00038927756584098176 -0.00015283380212507326 -7.8987308691844934e-06
leaf_weight=15900 153465 144543 1182605 2694 931 20 11.999999999999998 843455 1970 32123 660422
leaf_count=15900 153465 144543 1182605 2694 931 20 12 843455 1970 32123 660422
internal_value=1.92577e-08 -6.71843e-05 4.56738e-06 -2.69013e-06 0.000157402 0.000304552 0.0028515 -3.23427e-06 0.000275031 -0.000126487 -6.07523e-07
internal_weight=3.03814e+06 192566 2.84557e+06 1.66297e+06 5627 2933 32 1.65734e+06 2901 48023 1.50388e+06
internal_count=3038140 192566 2845574 1662969 5627 2933 32 1657342 2901 48023 1503877
is_linear=0
shrinkage=0.00523217


Tree=90
num_leaves=12
num_cat=0
split_feature=6 9 15 9 23 14 15 19 7 23 14
split_gain=16.3228 5.82923 5.09275 4.52707 3.81893 9.02877 9.94207 2.56732 2.10477 2.43171 2.55133
threshold=-0.77508622407913197 0.044253638014197356 -0.12759809195995328 0.18370655924081805 inf -0.48778523504734034 0.042462205514311797 2.4074943065643315 0.61993142962455761 inf 0.48260399699211126
decision_type=2 10 2 10 8 2 2 8 8 8 2
left_child=3 2 -2 -1 -4 7 -7 -6 -3 -10 -11
right_child=1 8 4 -5 5 6 -8 -9 9 10 -12
leaf_value=-1.6831325819933281e-05 1.1458803122429113e-06 -1.470494406940023e-06 1.81048997179239e-05 -5.1954977178070229e-05 0.00039590256182098964 0.0026545932679046236 0.00046619266685605159 4.4944738007024179e-06 -2.1522731485305963e-05 0.00018442391702892775 0.0031230447897535648
leaf_weight=270450 892909 559846 921191 159922 632 80 196 1681 230034 1315 6.9999999999999991
leaf_count=270450 892909 559846 921191 159922 632 80 196 1681 230034 1315 7
internal_value=-3.15515e-08 4.89476e-06 1.00573e-05 -2.98849e-05 1.867e-05 0.00021932 0.00111202 0.000111937 -6.95794e-06 -2.02332e-05 0.000203367
internal_weight=3.03826e+06 2.60789e+06 1.81669e+06 430372 923780 2589 276 2313 791202 231356 1322
internal_count=3038263 2607891 1816689 430372 923780 2589 276 2313 791202 231356 1322
is_linear=0
shrinkage=0.00523217


Tree=91
num_leaves=12
num_cat=0
split_feature=1 1 5 17 16 12 1 2 16 2 3
split_gain=29.9306 6.26533 4.80597 5.67223 4.02803 4.83365 3.91666 3.65135 5.28355 3.22366 2.03374
threshold=1.5760394930839541 0.82131642103195202 inf -2.234832644462585 -0.02847970928996801 -1.1992747187614439 2.2787039279937749 2.038819551467896 -0.0067260614596307269 0.13936106115579608 0.47186428308486944
decision_type=2 2 8 2 2 10 2 8 2 8 10
left_child=1 2 9 4 5 -4 -2 8 -5 -1 -11
right_child=6 -3 3 7 -6 -7 -8 -9 -10 10 -12
leaf_value=1.2536083455119482e-05 -4.962543944481278e-05 -1.5097722279562221e-05 0.0010554365923791309 0.0002415137788036994 0.00050353941681755216 0.0063081575348639292 -0.00010422953896924003 1.1065079550617639e-05 0.0016074641688721234 -3.3535386673738269e-06 1.3494198875215925e-05
leaf_weight=1332293 142724 393607 11.000000000000002 2634 25 8.9999999999999982 48136 2735 79 861851 253931
leaf_count=1332293 142724 393607 11 2634 25 9 48136 2735 79 861851 253931
internal_value=2.75451e-08 4.27982e-06 7.38874e-06 0.000161969 0.00198945 0.00367718 -6.34017e-05 0.000146298 0.000282268 7.04149e-06 4.7998e-07
internal_weight=3.03804e+06 2.84718e+06 2.45357e+06 5493 45 20 190860 5448 2713 2.44808e+06 1.11578e+06
internal_count=3038035 2847175 2453568 5493 45 20 190860 5448 2713 2448075 1115782
is_linear=0
shrinkage=0.00523217


Tree=92
num_leaves=12
num_cat=0
split_feature=1 1 5 11 15 7 9 9 9 15 1
split_gain=29.9061 6.24332 4.81252 4.65398 11.2434 6.06715 4.96819 4.53415 3.83072 3.79757 3.09967
threshold=1.5760394930839541 0.82131642103195202 inf 0.4935669749975205 -0.0087244226597249491 0.87885975837707531 0.013086611870676281 0.24232680350542071 -0.02324680425226688 -0.11236330494284628 2.535804390907288
decision_type=2 2 8 10 2 10 10 10 8 2 2
left_child=1 2 8 -4 5 -5 -6 -2 9 -1 -9
right_child=7 -3 3 4 6 -7 -8 10 -10 -11 -12
leaf_value=3.6988008870899621e-06 -4.1479599086753866e-05 -1.5123263695815357e-05 1.0886843271805134e-05 0.0071788113783677714 0.00060050892127644384 0.0019180336005595988 0.00011770567298812542 -7.8719745365731934e-05 -9.9154820723677897e-07 2.0574603231466596e-05 -0.00016604512947802509
leaf_weight=712149 109708 393737 2766 6.9999999999999991 865 32 1808 67856 986594 749233 13339
leaf_count=712149 109708 393737 2766 7 865 32 1808 67856 986594 749233 13339
internal_value=-3.39071e-08 4.21652e-06 7.32056e-06 0.000162218 0.000316194 0.00306566 0.000274441 -6.34301e-05 6.97353e-06 1.23514e-05 -9.3078e-05
internal_weight=3.03809e+06 2.84719e+06 2.45345e+06 5478 2712 39 2673 190903 2.44798e+06 1.46138e+06 81195
internal_count=3038094 2847191 2453454 5478 2712 39 2673 190903 2447976 1461382 81195
is_linear=0
shrinkage=0.00523217


Tree=93
num_leaves=12
num_cat=0
split_feature=6 2 5 5 14 17 7 16 7 13 5
split_gain=16.0888 6.76647 5.53879 3.42664 5.86138 7.14774 4.53156 4.07815 9.95197 2.58667 2.45751
threshold=-0.74900144338607777 0.28192922472953802 1.5330561399459841 inf -0.48778523504734034 -0.46415136754512781 0.69301977753639232 -0.0067260614596307269 1.2929725050926211 0.7006874978542329 inf
decision_type=2 8 10 8 2 2 10 2 10 10 8
left_child=2 10 -1 9 7 6 -6 -5 -9 -3 -2
right_child=1 3 -4 4 5 -7 -8 8 -10 -11 -12
leaf_value=-1.9709132387668865e-05 1.177518491953975e-05 -5.9349357462334222e-08 -6.5497588375624399e-05 6.6970769328765519e-05 0.0041174874431259461 0.00013052348206761652 0.0013742453706431085 0.0039882324516525283 0.00017106937990726188 -1.7611106125815439e-05 0.00031256041959624358
leaf_weight=351428 1551683 696525 91096 3059 21 129 82 24 75 343146 743
leaf_count=351428 1551683 696525 91096 3059 21 129 82 24 75 343146 743
internal_value=2.30002e-08 4.99501e-06 -2.91369e-05 -5.31078e-06 0.000160729 0.000961672 0.00198163 0.000101296 0.0011406 -5.85314e-06 1.19199e-05
internal_weight=3.03801e+06 2.59549e+06 442524 1.04306e+06 3390 232 103 3158 99 1.03967e+06 1.55243e+06
internal_count=3038011 2595487 442524 1043061 3390 232 103 3158 99 1039671 1552426
is_linear=0
shrinkage=0.00523217


Tree=94
num_leaves=12
num_cat=0
split_feature=0 0 1 15 17 0 4 17 15 17 0
split_gain=32.9872 9.27368 5.09177 6.75274 6.14595 4.80749 3.75708 2.99517 2.39643 2.64523 2.21434
threshold=-2.1333445310592647 0.21764375269412997 -1.92818146944046 1.0000000180025095e-35 -2.234832644462585 -4.145399570465087 -1.2834570407867429 -0.61191526055335987 0.11185246333479883 -0.82208362221717823 -0.98555859923362721
decision_type=2 2 2 2 2 2 8 2 2 2 2
left_child=5 2 3 4 -2 -1 -4 -6 9 -5 -8
right_child=1 -3 6 8 7 -7 10 -9 -10 -11 -12
leaf_value=-0.00013586611877315432 0.0054210735378208566 1.2022695394436398e-05 -3.2727756229033401e-05 0.00055049287690103451 0.0018016517986289106 -6.344012379923508e-05 -2.354416605647742e-05 0.00026544975611758799 -7.462750343930396e-05 0.00013431855043266665 -1.6358622181482791e-06
leaf_weight=35954 7.9999999999999991 1588998 142686 474 63 83327 143814 80 1299 3617 1037775
leaf_count=35954 8 1588998 142686 474 63 83327 143814 80 1299 3617 1037775
internal_value=5.20508e-09 3.49075e-06 -6.70347e-06 0.000151549 0.00123908 -8.52788e-05 -7.36637e-06 0.00095703 0.000120668 0.00018288 -4.30307e-06
internal_weight=3.0381e+06 2.91881e+06 1.32982e+06 5541 151 119281 1.32428e+06 143 5390 4091 1.18159e+06
internal_count=3038095 2918814 1329816 5541 151 119281 1324275 143 5390 4091 1181589
is_linear=0
shrinkage=0.00523217


Tree=95
num_leaves=12
num_cat=0
split_feature=0 0 23 17 8 0 4 15 17 14 0
split_gain=32.3582 9.12273 5.12908 5.5887 7.56476 4.67968 3.82507 2.98567 2.66076 4.90359 2.11741
threshold=-2.1333445310592647 0.21764375269412997 inf -2.234832644462585 1.3821335434913637 -4.145399570465087 -1.2834570407867429 0.0085019031539559382 -0.83543455600738514 -0.48778523504734034 -0.98555859923362721
decision_type=2 2 8 2 10 2 8 2 2 2 2
left_child=5 2 6 4 7 -1 -2 -4 9 -5 -8
right_child=1 -3 3 8 -6 -7 10 -9 -10 -11 -12
leaf_value=-0.0001343814579145209 -3.2931819076924436e-05 1.1910450987753731e-05 0.0034205163701957236 0.00017635834846965281 0.0055162247570279986 -6.2923923289398881e-05 -2.3070485817833947e-05 -0.00015774293596606151 9.543664369645047e-05 0.0012392612493583811 -1.6374872103760648e-06
leaf_weight=35947 142608 1588862 6.9999999999999991 448 10.999999999999998 83364 143665 27 4986 162 1037930
leaf_count=35947 142608 1588862 7 448 11 83364 143665 27 4986 162 1037930
internal_value=-4.55526e-09 3.44762e-06 -6.66294e-06 0.000150749 0.00196483 -8.44611e-05 -7.33424e-06 0.000646294 0.000135605 0.000461802 -4.24413e-06
internal_weight=3.03802e+06 2.91871e+06 1.32984e+06 5641 45 119311 1.3242e+06 34 5596 610 1.1816e+06
internal_count=3038017 2918706 1329844 5641 45 119311 1324203 34 5596 610 1181595
is_linear=0
shrinkage=0.00523217


Tree=96
num_leaves=12
num_cat=0
split_feature=0 0 0 23 17 10 11 0 2 15 3
split_gain=32.473 8.67302 5.31204 4.89417 5.55184 11.9059 4.3061 3.76786 3.36257 2.80879 2.16667
threshold=-1.9980757832527158 0.21764375269412997 -4.145399570465087 inf -2.234832644462585 -1.6776588559150694 0.40460540354251867 0.04105059057474137 0.27305842936038976 0.0085019031539559382 -1.2335041165351865
decision_type=2 2 2 8 2 8 10 2 10 2 8
left_child=2 3 10 8 5 -5 -6 -8 -2 -7 -1
right_child=1 -3 -4 4 6 9 7 -9 -10 -11 -12
leaf_value=-0.00019026516222157987 1.5346356571864397e-06 1.1815435130427935e-05 -6.0166032003543553e-05 0.0076957986721220605 -2.0637445488868979e-05 0.0034052051726745809 0.00025174712131595091 0.0022137375449703301 -1.5214708315995431e-05 -1.5817570459486206e-05 -0.00010498661680955212
leaf_weight=12606 644090 1589189 94592 7 2638 6.9999999999999991 2913 26 668711 31 23364
leaf_count=12606 644090 1589189 94592 7 2638 7 2913 26 668711 31 23364
internal_value=-3.99616e-08 3.58453e-06 -8.07628e-05 -6.33616e-06 0.000147686 0.00195572 0.000132542 0.00027026 -6.99649e-06 0.000677585 -0.000134901
internal_weight=3.03817e+06 2.90761e+06 130562 1.31842e+06 5622 45 5577 2939 1.3128e+06 38 35970
internal_count=3038174 2907612 130562 1318423 5622 45 5577 2939 1312801 38 35970
is_linear=0
shrinkage=0.00523217


Tree=97
num_leaves=12
num_cat=0
split_feature=1 1 9 18 1 14 6 19 9 9 11
split_gain=28.5172 6.716 4.89223 4.72175 6.38423 7.28366 5.86494 5.69507 3.24571 2.77778 3.63688
threshold=1.27062463760376 2.016565322875977 0.032429335638880737 2.9570537805557255 -2.4284086227416988 -0.47537454962730402 0.060625821352005012 1.8876987695693972 0.35760773718357092 -0.60805225372314442 1.1543872952461245
decision_type=2 2 10 10 2 2 2 10 10 8 8
left_child=2 -2 3 9 5 7 -7 -5 -3 -1 -11
right_child=1 8 -4 4 -6 6 -8 -9 -10 10 -12
leaf_value=-7.8008096786916351e-06 -3.2495402694151726e-05 -5.9120642399400503e-05 -4.6080386523116427e-06 0.0031102470265225966 0.0001274725534338546 0.0016844331196712394 0.0064378718087095589 0.00021422370430275025 -0.00012444357680585139 9.6386663181425664e-06 3.5044650495112086e-05
leaf_weight=211805 225351 48837 891480 19 2194 87 6.9999999999999991 253 36405 1448813 172665
leaf_count=211805 225351 48837 891480 19 2194 87 7 253 36405 1448813 172665
internal_value=3.74321e-08 -4.74651e-05 5.44743e-06 1.03308e-05 0.000234842 0.0008738 0.0021224 0.000432041 -8.70294e-05 1.00167e-05 1.23446e-05
internal_weight=3.03792e+06 310593 2.72732e+06 1.83584e+06 2560 366 94 272 85242 1.83328e+06 1.62148e+06
internal_count=3037916 310593 2727323 1835843 2560 366 94 272 85242 1833283 1621478
is_linear=0
shrinkage=0.00523217


Tree=98
num_leaves=12
num_cat=0
split_feature=0 0 23 0 14 0 7 7 9 9 9
split_gain=31.6686 8.89558 4.95084 4.58139 3.91247 10.8265 4.72437 3.83543 3.71236 3.44699 3.04597
threshold=-2.1333445310592647 0.2225286737084389 inf -4.145399570465087 -0.48778523504734034 0.020778561942279342 0.87885975837707531 0.61993142962455761 -0.02324680425226688 -0.084368921816349016 -0.50933894515037526
decision_type=2 2 8 2 2 2 8 10 8 8 8
left_child=3 2 7 -1 -4 8 -7 -2 -6 10 -3
right_child=1 9 4 -5 5 6 -8 -9 -10 -11 -12
leaf_value=-0.000132967323807784 -8.3445232305233231e-07 -4.9972507009710878e-07 9.5147003456132762e-05 -6.2261886806463148e-05 0.00090343707005143025 0.0070930442248594693 0.0021223731066791485 -1.9585061190186886e-05 9.3419238037620412e-05 3.2221095049158974e-06 2.3742680494086181e-05
leaf_weight=35946 885716 178314 4930 83354 236 7 22.000000000000004 450628 455 705241 693286
leaf_count=35946 885716 178314 4930 83354 236 7 22 450628 455 705241 693286
internal_value=-1.80563e-08 3.39683e-06 -6.50387e-06 -8.35738e-05 0.000148028 0.00050825 0.00357959 -7.15795e-06 0.000372299 1.18235e-05 1.87822e-05
internal_weight=3.03814e+06 2.91884e+06 1.34199e+06 119300 5650 720 29 1.33634e+06 691 1.57684e+06 871600
internal_count=3038135 2918835 1341994 119300 5650 720 29 1336344 691 1576841 871600
is_linear=0
shrinkage=0.00523217


Tree=99
num_leaves=12
num_cat=0
split_feature=0 0 0 2 9 9 20 9 15 20 9
split_gain=31.3616 7.5911 7.21556 3.35615 3.1918 2.88243 2.33339 2.10953 1.8814 1.69718 1.6875
threshold=-1.4674772620201109 -3.6707224845886226 0.37598483264446264 0.28192922472953802 -0.084368921816349016 -0.50933894515037526 0.03758563473820687 0.21476666629314425 -0.10475412383675574 -1.0892360210418699 0.1196291819214821
decision_type=2 2 2 8 8 10 10 10 2 10 8
left_child=1 6 3 -2 5 -4 -1 -3 -7 -6 -5
right_child=2 7 4 10 9 8 -8 -9 -10 -11 -12
leaf_value=-6.9714754806936074e-05 4.4002502838318679e-06 -2.8809756932883036e-05 7.2247760357240701e-07 -5.2993851538486578e-06 -1.7572101172030508e-05 1.616997144120159e-05 -0.00014734220115928564 -6.9396689432097536e-05 3.5677073433437307e-05 8.428467532386415e-06 -2.181360602473921e-05
leaf_weight=15907 876425 84522 144811 539578 82677 244622 32089 60036 303584 406944 247034
leaf_count=15907 876425 84522 144811 539578 82677 244622 32089 60036 303584 406944 247034
internal_value=1.16749e-08 -6.46109e-05 4.3847e-06 -2.64075e-06 1.42646e-05 2.14898e-05 -0.000121634 -4.56718e-05 2.69741e-05 4.03636e-06 -1.04867e-05
internal_weight=3.03823e+06 192554 2.84568e+06 1.66304e+06 1.18264e+06 693017 47996 144558 548206 489621 786612
internal_count=3038229 192554 2845675 1663037 1182638 693017 47996 144558 548206 489621 786612
is_linear=0
shrinkage=0.00523217


Tree=100
num_leaves=12
num_cat=0
split_feature=1 1 23 7 14 15 20 8 6 20 8
split_gain=27.7342 6.4424 4.4363 4.26284 3.79927 9.64961 7.44235 7.33869 3.89096 2.99348 2.40875
threshold=1.27062463760376 2.016565322875977 inf 0.59897100925445568 -0.48778523504734034 -0.0087244226597249491 3.0030996799468999 0.91337946057319652 -0.10955825820565222 2.1047310829162602 -1.1853963136672971
decision_type=2 2 8 8 2 2 10 10 2 10 8
left_child=2 -2 3 10 -4 6 -6 -8 -7 -10 -1
right_child=1 -3 4 -5 5 8 7 -9 9 -11 -12
leaf_value=-1.2129264862344149e-05 -3.2159783753924094e-05 -8.5576774369996859e-05 9.9971977511543358e-05 -5.8979591801745683e-06 0.0006712070623191217 0.00016131448692009639 0.001387228931562418 0.0089423444651988374 0.00018027435276408917 0.0016987803783459487 1.0530046940726035e-05
leaf_weight=137878 225371 85217 4898 716174 16.000000000000004 533 6.9999999999999991 7.9999999999999991 60 92 1867804
leaf_count=137878 225371 85217 4898 716174 16 533 7 8 60 92 1867804
internal_value=2.75807e-08 -4.68188e-05 5.36248e-06 5.05909e-06 0.000152281 0.000508245 0.00331234 0.00582511 0.000374686 0.00111063 8.97196e-06
internal_weight=3.03806e+06 310588 2.72747e+06 2.72186e+06 5614 716 31 15 685 152 2.00568e+06
internal_count=3038058 310588 2727470 2721856 5614 716 31 15 685 152 2005682
is_linear=0
shrinkage=0.00523217


Tree=101
num_leaves=12
num_cat=0
split_feature=0 0 0 5 17 10 4 15 17 8 20
split_gain=30.709 7.63599 7.16213 4.85185 5.36801 11.7666 3.85793 2.7337 2.54962 2.72769 2.36313
threshold=-1.4674772620201109 -3.6707224845886226 0.37598483264446264 inf -2.234832644462585 -1.6776588559150694 -1.2834570407867429 0.0085019031539559382 -0.83543455600738514 -1.1712885499000547 0.03758563473820687
decision_type=2 2 2 8 2 8 8 2 2 10 10
left_child=1 10 3 6 5 -5 -2 -7 9 -6 -1
right_child=2 -3 -4 4 8 7 -8 -9 -10 -11 -12
leaf_value=-6.8847219654679604e-05 -2.8167861346256218e-05 -4.4954355770497925e-05 1.4174072939355344e-05 0.0076365843798659669 0.00011188982136312233 0.0033513889233343567 -6.3236724604709943e-07 -2.3271435974386561e-05 9.7337302910477415e-05 0.00082212706127906892 -0.00014699680843076494
leaf_weight=15884 153517 144489 1182584 7 307 6.9999999999999991 1504148 31 4837 291 32105
leaf_count=15884 153517 144489 1182584 7 307 7 1504148 31 4837 291 32105
internal_value=3.93494e-09 -6.39561e-05 4.33034e-06 -2.66859e-06 0.000152739 0.0019305 -3.18294e-06 0.000660225 0.000137456 0.000459787 -0.000121149
internal_weight=3.03821e+06 192478 2.84573e+06 1.66314e+06 5480 45 1.65766e+06 38 5435 598 47989
internal_count=3038207 192478 2845729 1663145 5480 45 1657665 38 5435 598 47989
is_linear=0
shrinkage=0.00523217


Tree=102
num_leaves=12
num_cat=0
split_feature=6 5 7 5 11 14 20 7 22 22 11
split_gain=14.9983 5.29888 5.01975 4.59714 6.53817 5.55177 6.80644 3.78714 2.17121 2.13682 2.04607
threshold=-0.77508622407913197 1.5330561399459841 0.59897100925445568 inf 0.4935669749975205 0.46331730484962469 2.6599752902984624 1.272161662578583 -1.6556360125541685 -0.011498083826154469 1.0209875106811526
decision_type=2 10 8 8 10 2 10 10 10 10 8
left_child=1 9 10 8 -5 7 -7 -6 -4 -1 -2
right_child=2 -3 3 4 5 6 -8 -9 -10 -11 -12
leaf_value=-3.0601477836912081e-05 6.9599320723113112e-06 -6.4410557874150902e-05 -5.3220142189888812e-05 -3.8019954318677232e-06 0.00095923462311623992 9.3487585528912541e-05 0.0046261888119501484 0.00026481985911702433 -6.515203275465769e-06 -4.1450373081759706e-06 2.2937239818189518e-05
leaf_weight=193569 1677906 89548 28455 2098 268 18 18 1111 645495 147208 252505
leaf_count=193569 1677906 89548 28455 2098 268 18 18 1111 645495 147208 252505
internal_value=2.72481e-08 -2.85905e-05 4.74978e-06 -7.50311e-06 0.000181236 0.000455929 0.00245646 0.000401063 -8.48843e-06 -1.91753e-05 9.05025e-06
internal_weight=3.0382e+06 430325 2.60787e+06 677463 3513 1415 36 1379 673950 340777 1.93041e+06
internal_count=3038199 430325 2607874 677463 3513 1415 36 1379 673950 340777 1930411
is_linear=0
shrinkage=0.00523217


Tree=103
num_leaves=12
num_cat=0
split_feature=0 0 0 5 4 2 0 8 9 9 21
split_gain=30.1461 7.44242 6.99851 4.82471 3.75617 3.65635 5.02743 5.66274 3.07765 2.87376 2.84538
threshold=-1.4674772620201109 -3.6707224845886226 0.37598483264446264 inf -1.2834570407867429 2.038819551467896 0.020778561942279342 0.70085081458091747 -0.084368921816349016 -0.50933894515037526 -2.2800935506820674
decision_type=2 2 2 8 8 8 2 10 8 10 2
left_child=1 -1 3 4 -2 6 -5 -8 9 -4 -7
right_child=2 -3 8 5 -6 10 7 -9 -10 -11 -12
leaf_value=-0.00011979841918614621 -2.7776013765917927e-05 -4.4583623705185585e-05 3.9971534526178055e-07 0.00025014863782107314 -6.0641244485605773e-07 0.0021395067322940897 0.00069642083550343532 0.0040209358474880014 3.9941425175477631e-06 2.6609132055842985e-05 3.2602942254042563e-06
leaf_weight=47996 153523 144551 144843 2677 1503971 15.999999999999998 51 19 489528 548266 2733
leaf_count=47996 153523 144551 144843 2677 1503971 16 51 19 489528 548266 2733
internal_value=2.1926e-08 -6.33371e-05 4.30937e-06 -2.60975e-06 -3.12346e-06 0.000152137 0.000287114 0.00166186 1.40395e-05 2.11332e-05 1.69001e-05
internal_weight=3.03817e+06 192547 2.84563e+06 1.66299e+06 1.65749e+06 5496 2747 70 1.18264e+06 693109 2749
internal_count=3038174 192547 2845627 1662990 1657494 5496 2747 70 1182637 693109 2749
is_linear=0
shrinkage=0.00523217


Tree=104
num_leaves=12
num_cat=0
split_feature=0 0 1 15 2 0 21 2 21 1 15
split_gain=29.8966 8.46346 4.54188 6.48327 4.79131 4.41712 4.4117 3.2317 2.98994 2.25937 2.2537
threshold=-2.1333445310592647 0.21764375269412997 -1.92818146944046 -1.0000000180025095e-35 -0.93371030688285817 -4.145399570465087 -0.53458023071289051 0.13936106115579608 -1.4386852383613584 1.3507304787635805 0.11185246333479883
decision_type=2 2 2 2 8 2 2 8 2 2 2
left_child=5 2 3 4 6 -1 -2 -4 -6 -9 -5
right_child=1 -3 7 10 8 -7 -8 9 -10 -11 -12
leaf_value=-0.00012969123821113712 0.0010436274209751886 1.1473382822627694e-05 2.3011189183036483e-06 0.0001729347848821778 0.0031535766081365827 -6.025875393006648e-05 0.0066531619147672102 -1.0417414488804721e-05 0.00058224979145723229 -3.6049159953508575e-05 -7.6719756373139694e-05
leaf_weight=35942 8.9999999999999982 1589037 574051 4100 12.999999999999998 83328 6.9999999999999991 639932 122 110431 1299
leaf_count=35942 9 1589037 574051 4100 13 83328 7 639932 122 110431 1299
internal_value=4.654e-09 3.32257e-06 -6.41541e-06 0.000142926 0.00120854 -8.119e-05 0.0038334 -7.04196e-06 0.000860979 -1.41908e-05 0.000112715
internal_weight=3.03827e+06 2.919e+06 1.32996e+06 5550 151 119270 16 1.32441e+06 135 750363 5399
internal_count=3038271 2919001 1329964 5550 151 119270 16 1324414 135 750363 5399
is_linear=0
shrinkage=0.00523217


Tree=105
num_leaves=12
num_cat=0
split_feature=0 0 5 11 0 7 0 7 2 18 20
split_gain=29.9617 8.43302 5.08686 4.42702 8.90801 7.42692 4.37146 3.72121 2.39285 2.25059 2.24051
threshold=-2.1333445310592647 0.2225286737084389 inf 0.4190333783626557 0.04105059057474137 1.1755155920982363 -4.145399570465087 0.61993142962455761 2.038819551467896 0.31197924911975866 0.03758563473820687
decision_type=2 2 8 10 2 8 2 10 8 10 10
left_child=6 2 7 -4 8 -6 10 -2 -5 -3 -1
right_child=1 9 3 4 5 -7 -8 -9 -10 -11 -12
leaf_value=-7.0318850770754193e-05 -7.7139678129573267e-07 1.5561616637629974e-05 -6.7012743521981928e-06 0.0003974399202055066 0.0074695615298268096 0.0013637269838330281 -6.0493952015773904e-05 -1.9238461114653687e-05 9.386542269826369e-05 1.8832173223161845e-06 -0.00015846749083602523
leaf_weight=11791 885829 1108099 2536 1609 7 20.000000000000004 83321 450764 1289 468736 24146
leaf_count=11791 885829 1108099 2536 1609 7 20 83321 450764 1289 468736 24146
internal_value=-2.96818e-08 3.29127e-06 -6.34824e-06 0.00015299 0.000291665 0.00322211 -8.13174e-05 -7e-06 0.000262784 1.1496e-05 -0.000129571
internal_weight=3.03815e+06 2.91889e+06 1.34205e+06 5461 2925 27 119258 1.33659e+06 2898 1.57684e+06 35937
internal_count=3038147 2918889 1342054 5461 2925 27 119258 1336593 2898 1576835 35937
is_linear=0
shrinkage=0.00523217


Tree=106
num_leaves=12
num_cat=0
split_feature=0 0 0 23 17 10 11 9 7 9 9
split_gain=29.3442 7.97526 4.89379 4.42031 5.31321 11.6293 3.95138 3.88994 3.68593 3.30455 3.01547
threshold=-1.9980757832527158 0.21764375269412997 -4.145399570465087 inf -2.234832644462585 -1.6776588559150694 0.40460540354251867 1.8203343749046328 0.59897100925445568 -0.084368921816349016 -0.5464816391468047
decision_type=2 2 2 8 2 8 10 10 10 8 8
left_child=2 3 -1 8 5 -5 -6 -8 -2 10 -3
right_child=1 9 -4 4 6 -7 7 -9 -10 -11 -12
leaf_value=-0.00012871476555679703 -3.094218868574706e-07 -2.6899439582446039e-06 -5.6965760107911523e-05 0.0075813003104919733 -2.0861602969631618e-05 0.000646249957818803 0.00030612448547685415 -0.00048401198988760256 -1.8742987681206242e-05 2.9784543542664039e-06 2.2669172080617709e-05
leaf_weight=35952 858945 156123 94566 7 2652 38 2762 180 453941 712234 720585
leaf_count=35952 858945 156123 94566 7 2652 38 2762 180 453941 712234 720585
internal_value=1.1671e-08 3.45726e-06 -7.67366e-05 -6.05511e-06 0.000140099 0.00190885 0.000125327 0.000257334 -6.6836e-06 1.13512e-05 1.81523e-05
internal_weight=3.03798e+06 2.90747e+06 130518 1.31852e+06 5639 45 5594 2942 1.31289e+06 1.58894e+06 876708
internal_count=3037985 2907467 130518 1318525 5639 45 5594 2942 1312886 1588942 876708
is_linear=0
shrinkage=0.00523217


Tree=107
num_leaves=12
num_cat=0
split_feature=1 1 2 23 22 6 2 16 21 6 22
split_gain=26.3128 5.33276 4.26899 2.91959 3.31613 3.16599 2.85049 3.85891 2.98728 2.30864 2.19904
threshold=1.3507304787635805 2.016565322875977 0.28192922472953802 inf -1.7350513935089109 1.0000000180025095e-35 2.038819551467896 -0.0067260614596307269 -2.2800935506820674 -0.74900144338607777 0.017217331565916542
decision_type=2 2 8 8 8 2 8 2 2 2 8
left_child=2 -2 9 -4 5 -5 7 -6 -8 -1 -3
right_child=1 10 3 4 6 -7 8 -9 -10 -11 -12
leaf_value=-1.1131873995848983e-05 -3.3390236785656373e-05 -0.00011030534218734176 -3.495660453442896e-06 0.0040621681431185731 0.00021966577103189742 0.00055062393299848032 0.0022489159197181677 0.0013557559741944928 -5.6413303438543523e-06 1.2076689480197082e-05 -5.7079844161074525e-05
leaf_weight=127241 189359 41875 1129646 9.9999999999999982 1803 22 14.999999999999998 85 2717 1501777 43348
leaf_count=127241 189359 41875 1129646 10 1803 22 15 85 2717 1501777 43348
internal_value=-1.70852e-08 -4.88665e-05 4.83666e-06 -2.95623e-06 0.000127829 0.0017778 0.000115776 0.000272055 7.41062e-06 1.02634e-05 -8.32432e-05
internal_weight=3.0379e+06 274582 2.76332e+06 1.1343e+06 4652 32 4620 1888 2732 1.62902e+06 85223
internal_count=3037898 274582 2763316 1134298 4652 32 4620 1888 2732 1629018 85223
is_linear=0
shrinkage=0.00523217


Tree=108
num_leaves=12
num_cat=0
split_feature=1 1 5 4 14 1 21 21 22 5 7
split_gain=25.8912 5.71844 4.06476 4.39125 3.46717 5.79423 5.76051 5.7734 2.20467 2.20309 1.76653
threshold=1.2973983883857729 2.016565322875977 inf -0.99993887543678273 -0.48778523504734034 -2.4284086227416988 -0.15024371445178983 -0.29434776306152338 0.017217331565916542 1.232925593852997 0.30100262165069586
decision_type=2 2 8 8 2 2 2 2 8 10 10
left_child=2 -2 3 -1 10 6 7 -6 -3 -5 -4
right_child=1 8 4 9 5 -7 -8 -9 -10 -11 -12
leaf_value=-1.2478102542843586e-05 -3.1820131152621285e-05 -0.00010963587468126792 -8.4548514891947605e-05 8.7521631408774791e-06 0.0016987411464525332 0.00020476279628461235 0.00022510603162204508 0.0063936360214348169 -5.6331043380880749e-05 -1.0032590388769795e-05 0.00015207134268503946
leaf_weight=353242 213049 41886 1126 2195782 97 529 82 6.9999999999999991 43297 185304 3648
leaf_count=353242 213049 41886 1126 2195782 97 529 82 7 43297 185304 3648
internal_value=-1.74043e-08 -4.63136e-05 5.02171e-06 4.73584e-06 0.00014725 0.000487019 0.00127913 0.00209068 -8.25526e-05 7.28993e-06 9.60867e-05
internal_weight=3.03805e+06 298232 2.73982e+06 2.73433e+06 5489 715 186 104 85183 2.38109e+06 4774
internal_count=3038049 298232 2739817 2734328 5489 715 186 104 85183 2381086 4774
is_linear=0
shrinkage=0.00523217


Tree=109
num_leaves=12
num_cat=0
split_feature=0 0 23 0 4 18 0 20 16 20 18
split_gain=28.816 8.11453 4.58331 4.24945 3.5914 3.4959 9.54518 5.18744 2.40157 2.23636 2.15303
threshold=-2.1333445310592647 0.21764375269412997 inf -4.145399570465087 -1.2834570407867429 2.2480773925781254 0.04105059057474137 3.0030996799468999 -0.0067260614596307269 0.03758563473820687 0.31197924911975866
decision_type=2 2 8 2 8 10 2 10 2 10 8
left_child=3 2 4 9 -2 -4 8 -8 -7 -1 -3
right_child=1 10 5 -5 -6 6 7 -9 -10 -11 -12
leaf_value=-6.8100209254588946e-05 -3.1701181133564006e-05 1.5211014947508298e-05 -8.955914126504697e-05 -5.9160805446280645e-05 -3.9079182131785132e-06 0.00017071784183383436 0.00084536391087029002 0.0055020700372885546 0.00083150650250138152 -0.00015611648661553322 1.8871941041153717e-06
leaf_weight=11807 142658 1116383 1346 83326 1181615 4107 14.000000000000002 12.999999999999998 156 24159 472758
leaf_count=11807 142658 1116383 1346 83326 1181615 4107 14 13 156 24159 472758
internal_value=9.61115e-09 3.26725e-06 -6.26829e-06 -7.96965e-05 -6.90259e-06 0.000142599 0.000215631 0.00325271 0.000195311 -0.000127248 1.12478e-05
internal_weight=3.03834e+06 2.91905e+06 1.32991e+06 119292 1.32427e+06 5636 4290 27 4263 35966 1.58914e+06
internal_count=3038342 2919050 1329909 119292 1324273 5636 4290 27 4263 35966 1589141
is_linear=0
shrinkage=0.00523217


Tree=110
num_leaves=12
num_cat=0
split_feature=0 0 0 9 0 9 20 20 15 20 0
split_gain=28.2378 8.05193 4.20782 3.30696 3.21008 2.99921 2.17469 2.12075 2.09744 2.00643 1.61173
threshold=-2.1333445310592647 0.21764375269412997 -4.145399570465087 -0.084368921816349016 -0.85994181036949147 -0.5464816391468047 0.03758563473820687 -1.0892360210418699 -0.10475412383675574 0.047092169523239143 0.66010424494743358
decision_type=2 2 2 8 2 8 10 10 2 10 2
left_child=2 4 6 5 -2 -3 -1 -5 -7 -6 -10
right_child=1 3 -4 7 9 8 -8 -9 10 -11 -12
leaf_value=-6.7910301143600771e-05 -2.5254042172617628e-05 -2.8346057037337393e-06 -5.8517288152722876e-05 -1.9125644228292383e-05 -9.7218000254012753e-06 1.2798397611604074e-05 -0.00015477002821396283 6.493666368062507e-06 2.1767479574225431e-05 4.2659414765135393e-06 4.3428563361271192e-05
leaf_weight=11787 206676 156148 83339 103485 568566 332209 24137 608637 228053 554447 160329
leaf_count=11787 206676 156148 83339 103485 568566 332209 24137 608637 228053 554447 160329
internal_value=-2.84658e-08 3.19596e-06 -7.89412e-05 1.11464e-05 -6.30349e-06 1.79495e-05 -0.000126296 2.76954e-06 2.24544e-05 -2.81515e-06 3.07116e-05
internal_weight=3.03781e+06 2.91855e+06 119263 1.58886e+06 1.32969e+06 876739 35924 712122 720591 1.12301e+06 388382
internal_count=3037813 2918550 119263 1588861 1329689 876739 35924 712122 720591 1123013 388382
is_linear=0
shrinkage=0.00523217


Tree=111
num_leaves=12
num_cat=0
split_feature=0 0 0 5 11 0 19 10 4 9 9
split_gain=28.139 6.847 6.60775 4.485 4.24165 9.55187 5.36921 4 3.63389 3.00356 2.73507
threshold=-1.4674772620201109 -3.6707224845886226 0.37598483264446264 inf 0.4935669749975205 0.04105059057474137 1.9662920236587527 -0.038057040423154824 -1.2834570407867429 -0.084368921816349016 -0.50933894515037526
decision_type=2 2 2 8 10 2 10 8 8 8 8
left_child=1 -1 3 8 -5 6 -6 -7 -2 10 -4
right_child=2 -3 9 4 5 7 -8 -9 -10 -11 -12
leaf_value=-0.00011536426107523022 -2.7311313598392368e-05 -4.3216833184550501e-05 3.8588699029975031e-07 1.7918066612455348e-06 0.0010500787938633916 0.0053496637228455423 0.00019256497765605311 0.0010184750916572408 -5.8813137363132406e-07 3.685190815908988e-06 2.5957544284349723e-05
leaf_weight=48000 153529 144464 144806 2757 217 12.999999999999998 2484 12.000000000000002 1504029 489565 548307
leaf_count=48000 153529 144464 144806 2757 217 13 2484 12 1504029 489565 548307
internal_value=1.26537e-08 -6.1215e-05 4.15396e-06 -2.56912e-06 0.000146807 0.000293113 0.000262185 0.0034412 -3.06383e-06 1.36084e-05 2.06163e-05
internal_weight=3.03818e+06 192464 2.84572e+06 1.66304e+06 5483 2726 2701 25 1.65756e+06 1.18268e+06 693113
internal_count=3038183 192464 2845719 1663041 5483 2726 2701 25 1657558 1182678 693113
is_linear=0
shrinkage=0.00523217


Tree=112
num_leaves=12
num_cat=0
split_feature=0 0 0 5 17 21 4 14 16 4 17
split_gain=27.7992 7.39975 5.15495 4.77229 5.14425 7.31703 3.32526 2.66881 2.66832 13.0634 2.86374
threshold=-1.8672683238983152 0.2225286737084389 -3.6707224845886226 inf -2.234832644462585 -0.31510606408119196 -1.2834570407867429 0.46331730484962469 -0.0067260614596307269 -0.99993887543678273 -0.82208362221717823
decision_type=2 2 2 8 2 2 8 2 2 10 2
left_child=2 3 -1 6 5 7 -2 -5 10 -10 -6
right_child=1 -3 -4 4 8 -7 -8 -9 9 -11 -12
leaf_value=-0.00011541620966772214 -3.0410818306721241e-05 1.1160069222586862e-05 -4.8868423955264822e-05 -0.00012345997243186677 0.00045020392881629497 0.006403867801069235 -3.4041699047782908e-06 0.0026849651263881448 0.00015087435257074721 0.0043455042996756376 6.9017035361519478e-05
leaf_weight=48013 139684 1576976 94984 25 611 6.9999999999999991 1173220 12.999999999999998 131 23 4644
leaf_count=48013 139684 1576976 94984 25 611 7 1173220 13 131 23 4644
internal_value=-4.97664e-09 3.51195e-06 -7.1219e-05 -5.63587e-06 0.000148791 0.00188909 -6.27813e-06 0.000868831 0.000133755 0.000810848 0.000113582
internal_weight=3.03833e+06 2.89533e+06 142997 1.31836e+06 5454 45 1.3129e+06 38 5409 154 5255
internal_count=3038331 2895334 142997 1318358 5454 45 1312904 38 5409 154 5255
is_linear=0
shrinkage=0.00523217


Tree=113
num_leaves=12
num_cat=0
split_feature=1 1 5 17 8 18 18 15 18 15 24
split_gain=24.7904 5.67388 3.95167 5.1137 7.24941 3.46358 2.95167 2.77381 2.76167 4.29812 2.97452
threshold=1.27062463760376 2.016565322875977 inf -2.234832644462585 1.3821335434913637 0.27646441757678991 -0.57243049144744862 0.0085019031539559382 2.2480773925781254 1.0000000180025095e-35 1.4483350515365603
decision_type=2 2 8 2 10 10 10 2 10 2 10
left_child=2 -2 5 4 7 6 -1 -4 -5 10 -10
right_child=1 -3 3 8 -6 -7 -8 -9 9 -11 -12
leaf_value=2.366544375142126e-06 -3.053085723725432e-05 -8.0658184537381929e-05 0.0032662168200324132 -8.8506475409501977e-05 0.0053560496229166513 -3.2339614033151383e-06 1.591153303037893e-05 -0.00018204599120399232 0.00095154530672906222 0.00016730483737117317 0.004145761557736256
leaf_weight=883892 225336 85237 6.9999999999999991 1219 10.999999999999998 960091 878156 27 92 4126 7.9999999999999991
leaf_count=883892 225336 85237 7 1219 11 960091 878156 27 92 4126 8
internal_value=5.54576e-10 -4.42912e-05 5.04401e-06 0.000145266 0.00188041 4.76085e-06 9.11745e-06 0.000590943 0.000130374 0.000193708 0.00126047
internal_weight=3.0382e+06 310573 2.72763e+06 5490 45 2.72214e+06 1.76205e+06 34 5445 4226 100
internal_count=3038202 310573 2727629 5490 45 2722139 1762048 34 5445 4226 100
is_linear=0
shrinkage=0.00523217


Tree=114
num_leaves=12
num_cat=0
split_feature=1 1 5 17 8 7 17 14 22 8 22
split_gain=24.6031 5.78712 3.98194 5.05847 7.18015 3.90234 2.39836 4.41569 2.33513 2.28542 2.11462
threshold=1.2440279722213747 2.016565322875977 inf -2.234832644462585 1.3821335434913637 0.59897100925445568 -0.83543455600738514 -0.48778523504734034 -0.14513030648231504 -1.1853963136672971 0.017217331565916542
decision_type=2 2 8 2 10 8 2 2 10 8 8
left_child=2 -2 5 4 -4 9 7 -5 -9 -1 -3
right_child=1 10 3 6 -6 -7 -8 8 -10 -11 -12
leaf_value=-1.2072511174147328e-05 -2.9944977915009695e-05 -0.00010672254374701143 0.00058827347265862952 0.00016888337359622082 0.0053307451111052001 -5.7203989997510063e-06 9.2177118956198551e-05 0.001816044358684644 0.00052688854023631975 1.0069378831521325e-05 -5.4523501643904563e-05
leaf_weight=136976 238167 41896 34 439 10.999999999999998 711132 4839 80 80 1861103 43308
leaf_count=136976 238167 41896 34 439 11 711132 4839 80 80 1861103 43308
internal_value=-4.85182e-08 -4.31895e-05 5.09011e-06 0.000145938 0.0018717 4.80469e-06 0.000131106 0.000443448 0.00118504 8.55106e-06 -8.02011e-05
internal_weight=3.03806e+06 323371 2.71469e+06 5483 45 2.70921e+06 5438 599 160 1.99808e+06 85204
internal_count=3038065 323371 2714694 5483 45 2709211 5438 599 160 1998079 85204
is_linear=0
shrinkage=0.00523217


Tree=115
num_leaves=12
num_cat=0
split_feature=0 0 0 5 4 8 0 4 16 4 8
split_gain=27.1519 6.75634 6.41549 4.35778 3.74777 3.09496 6.36835 7.21326 3.02315 14.1144 2.69504
threshold=-1.4674772620201109 -3.6707224845886226 0.44075572490692144 inf -1.2834570407867429 0.82943993806839 0.020778561942279342 1.0941225886344912 -0.0067260614596307269 -0.99993887543678273 0.91337946057319652
decision_type=2 2 2 8 8 10 2 8 2 10 10
left_child=1 -1 3 4 -2 8 10 -8 -5 -10 -7
right_child=2 -3 -4 5 -6 6 7 -9 9 -11 -12
leaf_value=-0.00011391662177929889 -2.6286052181316084e-05 -4.2243987821103197e-05 1.4629049243544301e-05 8.16282191942313e-05 1.2701503354977885e-07 0.0029348652877369914 0.0050800915192575572 -0.00013081406113894968 0.00014233373265768969 0.0046919819378264194 0.00032396953698165339
leaf_weight=47984 161327 144536 1016538 4814 1662311 9.9999999999999982 15.999999999999998 12.000000000000002 121 21 501
leaf_count=47984 161327 144536 1016538 4814 1662311 10 16 12 121 21 501
internal_value=2.21598e-08 -6.01126e-05 4.0908e-06 -1.76539e-06 -2.20918e-06 0.000145338 0.000521813 0.00290448 0.000104117 0.000853957 0.000383287
internal_weight=3.03819e+06 192520 2.84567e+06 1.82913e+06 1.82364e+06 5495 539 28 4956 142 511
internal_count=3038191 192520 2845671 1829133 1823638 5495 539 28 4956 142 511
is_linear=0
shrinkage=0.00523217


Tree=116
num_leaves=12
num_cat=0
split_feature=0 0 0 23 11 0 20 19 13 20 18
split_gain=26.8481 6.7126 6.43806 4.11668 4.44921 7.2209 7.85694 4.46354 2.73602 2.21067 2.14125
threshold=-1.4674772620201109 -3.6707224845886226 0.37598483264446264 inf 0.4190333783626557 0.04105059057474137 3.0030996799468999 1.9662920236587527 0.52770516276359569 0.03758563473820687 0.31197924911975866
decision_type=2 2 2 8 10 2 10 10 8 10 10
left_child=1 9 3 8 -5 7 -7 -6 -2 -1 -4
right_child=2 -3 10 4 5 6 -8 -9 -10 -11 -12
leaf_value=-6.2869055916685301e-05 1.7779276549447622e-06 -4.1994080423034461e-05 1.7880624961722853e-05 -1.4807148250462036e-05 0.00093734169702816279 0.00051331948281712779 0.0058597869683322404 0.00018982375554119836 -1.2384989418804908e-05 -0.00013845390232410294 2.3755240573129654e-06
leaf_weight=15890 1088976 144575 838685 2692 238 19.000000000000004 11.999999999999998 2671 568194 32084 343948
leaf_count=15890 1088976 144575 838685 2692 238 19 12 2671 568194 32084 343948
internal_value=-6.19774e-09 -5.97991e-05 4.0397e-06 -2.59718e-06 0.000138602 0.000279293 0.00274708 0.000251614 -3.07763e-06 -0.000113438 1.33719e-05
internal_weight=3.03798e+06 192549 2.84544e+06 1.6628e+06 5632 2940 31 2909 1.65717e+06 47974 1.18263e+06
internal_count=3037984 192549 2845435 1662802 5632 2940 31 2909 1657170 47974 1182633
is_linear=0
shrinkage=0.00523217


Tree=117
num_leaves=12
num_cat=0
split_feature=0 0 18 0 17 10 0 3 20 0 20
split_gain=26.6707 7.67862 5.72058 3.99587 3.41327 10.8794 3.37766 2.15564 2.04547 1.91725 1.89413
threshold=-2.1333445310592647 -0.058479420840740197 2.6457599401474003 -4.145399570465087 -2.234832644462585 -1.6776588559150694 0.56037086248397838 -1.2335041165351865 -0.33602835237979883 -0.940942883491516 3.2803738117218022
decision_type=2 2 10 2 2 8 2 8 10 2 10
left_child=3 9 6 7 5 -4 8 -1 -3 -2 -9
right_child=1 2 4 -5 -6 -7 -8 10 -10 -11 -12
leaf_value=-0.00017800674803593845 -2.5820167360643102e-05 -3.6693638665309787e-06 0.0066477720853295591 -5.6733341720924202e-05 0.00016430410705856703 0.00050420285570670627 1.6969486939064933e-05 -9.9990123594837093e-05 8.9503183086096109e-06 -6.4008010193055995e-06 0.00022192257108291386
leaf_weight=12595 182525 654482 7.9999999999999991 83374 5233 61 729824 22839 759647 586892 509
leaf_count=12595 182525 654482 8 83374 5233 61 729824 22839 759647 586892 509
internal_value=4.0003e-08 3.17475e-06 8.25268e-06 -7.66332e-05 0.000179891 0.00132791 7.82774e-06 -0.000122767 3.10916e-06 -1.10086e-05 -9.2927e-05
internal_weight=3.03799e+06 2.91867e+06 2.14926e+06 119317 5302 69 2.14395e+06 35943 1.41413e+06 769417 23348
internal_count=3037989 2918672 2149255 119317 5302 69 2143953 35943 1414129 769417 23348
is_linear=0
shrinkage=0.00523217


end of trees

feature_importances:
LOW_TURNOVER=230
OBV_CHG_20=129
LN_TURNOVER=98
KLOW=85
BP=78
CORR20=66
MAX_DD60=66
CORD60=60
AMIHUD_20=59
CNTD10=47
IMAX60=45
RET_AMT_CORR20=44
CONSEC_UP5=37
CORD5=31
VSTD5=31
EP=29
VOL_PRICE_DIVERGENCE=27
RET_VOL_CORR5=25
Q_SALES_YOY=23
CNTD60=20
CORR60=19
WVMA30=18
VOL_CV20=15
VOL_OF_VOL_20=8
NEG_SKEW_20=8

parameters:
[boosting: gbdt]
[objective: regression]
[metric: l2]
[tree_learner: serial]
[device_type: cpu]
[data_sample_strategy: bagging]
[data: ]
[valid: ]
[num_iterations: 1000]
[learning_rate: 0.00523217]
[num_leaves: 12]
[num_threads: 8]
[seed: 42]
[deterministic: 0]
[force_col_wise: 0]
[force_row_wise: 0]
[histogram_pool_size: -1]
[max_depth: 6]
[min_data_in_leaf: 7]
[min_sum_hessian_in_leaf: 0.001]
[bagging_fraction: 0.993677]
[pos_bagging_fraction: 1]
[neg_bagging_fraction: 1]
[bagging_freq: 1]
[bagging_seed: 400]
[bagging_by_query: 0]
[feature_fraction: 0.452778]
[feature_fraction_bynode: 1]
[feature_fraction_seed: 30056]
[extra_trees: 0]
[extra_seed: 12879]
[early_stopping_round: 0]
[early_stopping_min_delta: 0]
[first_metric_only: 0]
[max_delta_step: 0]
[lambda_l1: 0.153507]
[lambda_l2: 1.18198]
[linear_lambda: 0]
[min_gain_to_split: 0]
[drop_rate: 0.1]
[max_drop: 50]
[skip_drop: 0.5]
[xgboost_dart_mode: 0]
[uniform_drop: 0]
[drop_seed: 17869]
[top_rate: 0.2]
[other_rate: 0.1]
[min_data_per_group: 100]
[max_cat_threshold: 32]
[cat_l2: 10]
[cat_smooth: 10]
[max_cat_to_onehot: 4]
[top_k: 20]
[monotone_constraints: ]
[monotone_constraints_method: basic]
[monotone_penalty: 0]
[feature_contri: ]
[forcedsplits_filename: ]
[refit_decay_rate: 0.9]
[cegb_tradeoff: 1]
[cegb_penalty_split: 0]
[cegb_penalty_feature_lazy: ]
[cegb_penalty_feature_coupled: ]
[path_smooth: 0]
[interaction_constraints: ]
[verbosity: -1]
[saved_feature_importance_type: 0]
[use_quantized_grad: 0]
[num_grad_quant_bins: 4]
[quant_train_renew_leaf: 0]
[stochastic_rounding: 1]
[linear_tree: 0]
[max_bin: 255]
[max_bin_by_feature: ]
[min_data_in_bin: 3]
[bin_construct_sample_cnt: 200000]
[data_random_seed: 175]
[is_enable_sparse: 1]
[enable_bundle: 1]
[use_missing: 1]
[zero_as_missing: 0]
[feature_pre_filter: 1]
[pre_partition: 0]
[two_round: 0]
[header: 0]
[label_column: ]
[weight_column: ]
[group_column: ]
[ignore_column: ]
[categorical_feature: ]
[forcedbins_filename: ]
[precise_float_parser: 0]
[parser_config_file: ]
[objective_seed: 16083]
[num_class: 1]
[is_unbalance: 0]
[scale_pos_weight: 1]
[sigmoid: 1]
[boost_from_average: 1]
[reg_sqrt: 0]
[alpha: 0.9]
[fair_c: 1]
[poisson_max_delta_step: 0.7]
[tweedie_variance_power: 1.5]
[lambdarank_truncation_level: 30]
[lambdarank_norm: 1]
[label_gain: ]
[lambdarank_position_bias_regularization: 0]
[eval_at: ]
[multi_error_top_k: 1]
[auc_mu_weights: ]
[num_machines: 1]
[local_listen_port: 12400]
[time_out: 120]
[machine_list_filename: ]
[machines: ]
[gpu_platform_id: -1]
[gpu_device_id: -1]
[gpu_use_dp: 0]
[num_gpu: 1]

end of parameters

pandas_categorical:[]
