tree
version=v4
num_class=1
num_tree_per_iteration=1
label_index=0
max_feature_idx=24
objective=regression
feature_names=LOW_TURNOVER LN_TURNOVER CORR20 VOL_CV20 RET_AMT_CORR20 KLOW CONSEC_UP5 CORD60 RET_VOL_CORR5 OBV_CHG_20 CORD5 AMIHUD_20 VOL_OF_VOL_20 CORR60 VOL_PRICE_DIVERGENCE BP EP CNTD10 IMAX60 WVMA30 MAX_DD60 CNTD60 Q_SALES_YOY VSTD5 NEG_SKEW_20
feature_infos=[-6.923433780670166:3.1525964736938477] [-3.6949644088745117:4.3974018096923828] [-4.7480721473693848:6.8832540512084961] [-7.0154509544372559:3.2472920417785645] [-5.6914105415344238:4.1694917678833008] [-3.8772270679473877:5.9897570610046387] [-6.9871525764465332:3.5859580039978027] [-3.819185733795166:5.1899161338806152] [-4.7814207077026367:5.6237611770629883] [-7.8196268081665039:7.8656368255615234] [-5.4159431457519531:4.9117627143859863] [-2.672635555267334:7.04022216796875] [-6.5980310440063477:3.0051429271697998] [-4.9166388511657715:4.9430527687072754] [-3.6014115810394287:3.5659172534942627] [-4.666435718536377:7.3447833061218262] [-5.3329987525939941:6.7301459312438965] [-3.9528365135192871:4.606715202331543] [-5.4669718742370605:7.1252002716064453] [-2.9637689590454102:7.1235523223876953] [-3.1264281272888184:6.9085478782653809] [-3.8254342079162598:3.818500280380249] [-4.8161578178405762:6.6137723922729492] [-3.2747089862823486:6.280613899230957] [-4.2397036552429199:3.9028182029724121]
tree_sizes=1295 1321 1316 1259 1339 1327 1360 1311 1318 1295 1250 1294 1326 1344 1361 1312 1283 1292 1339 1334 1309 1376 1354 1316 1340 1316 1329 1375 1293 1326 1340 1287 1331 1294 1315 1326 1337 1306 1296 1313 1253 1344 1344 1317 1319 1307 1322 1303 1277 1291 1356 1305 1366 1331 1361 1337 1321 1328 1351 1337 1357 1289 1351 1280 1326 1341 1339 1359 1315 1336 1304 1348 1259 1306

Tree=0
num_leaves=12
num_cat=0
split_feature=6 8 3 17 6 11 3 2 20 12 7
split_gain=45.0314 11.9228 14.4459 9.69074 8.66827 7.25913 11.3935 6.56583 6.7973 6.78534 6.18203
threshold=-1.7562635540962217 inf -1.5169052481651304 2.4226104021072392 -3.2375576496124263 2.3443144559860234 -1.9746408462524412 0.11395283788442613 -0.42282617092132563 0.86501634120941173 -2.6383374929428096
decision_type=2 8 8 2 2 10 10 10 10 10 8
left_child=4 7 3 5 -1 -3 -7 8 -2 -10 -4
right_child=1 2 10 -5 -6 6 -8 -9 9 -11 -12
leaf_value=0.0068214281983302013 0.0069540826113049627 0.0074870162330039651 0.0093759595761618887 0.012523071946108022 0.0068992458092299097 0.0081385744147523878 0.012480765594463442 0.0069515635245441425 0.0069706797501029897 0.0070183555353465548 0.0069950046869794169
leaf_weight=57011 744506 1294 29 9.9999999999999982 125564 139 18 1687433 907575 89825 2912
leaf_count=57011 744506 1294 29 10 125564 139 18 1687433 907575 89825 2912
internal_value=0.00695501 0.00695927 0.00723136 0.00765645 0.00687494 0.00761785 0.00867905 0.00695892 0.00696604 0.00697497 0.00701972
internal_weight=3.61632e+06 3.43374e+06 4402 1461 182575 1451 157 3.42934e+06 1.74191e+06 997400 2941
internal_count=3616316 3433741 4402 1461 182575 1451 157 3429339 1741906 997400 2941
is_linear=0
shrinkage=1


Tree=1
num_leaves=12
num_cat=0
split_feature=5 6 17 21 18 13 6 19 15 15 19
split_gain=57.3791 47.2942 18.461 33.8178 11.0856 9.5225 8.72984 8.50918 10.2372 5.80809 3.93964
threshold=inf -1.7562635540962217 2.6309396028518681 0.1850014925003052 -1.350426137447357 0.86433568596839916 -3.2375576496124263 2.0793765783309941 0.051682103425264365 0.035107454285025604 -1.7223911285400388
decision_type=8 2 2 2 10 10 2 10 2 2 10
left_child=1 6 7 -4 -3 10 -1 -2 9 -9 -6
right_child=2 4 3 -5 5 -7 -8 8 -10 -11 -12
leaf_value=-0.00013683118164860129 0.00010811320811204482 -2.9672620089982989e-05 0.010683538365310967 0.0015702889007482559 0.00011700110192432971 -1.2844362069473e-05 -5.8557011160078072e-05 0.0014280600884523356 0.00062187929963865285 0.0053436613570723764 1.0170821525638525e-05
leaf_weight=56724 1005 253701 11.999999999999998 79 9485 582712 125109 27 3497 18 2584143
leaf_count=56724 1005 253701 12 79 9485 582712 125109 27 3497 18 2584143
internal_value=-2.75002e-09 -7.49882e-07 0.00058151 0.00290233 3.6091e-06 6.26765e-06 -8.29803e-05 0.000534144 0.000654722 0.00310837 1.05619e-05
internal_weight=3.61651e+06 3.61187e+06 4638 91 3.43004e+06 3.17634e+06 181833 4547 3542 45 2.59363e+06
internal_count=3616512 3611874 4638 91 3430041 3176340 181833 4547 3542 45 2593628
is_linear=0
shrinkage=0.00523217


Tree=2
num_leaves=12
num_cat=0
split_feature=6 10 6 4 15 6 2 8 6 2 19
split_gain=44.4451 21.3802 8.88285 8.19232 9.65243 7.40864 6.7784 5.17078 4.86958 4.88639 8.43117
threshold=-1.7562635540962217 inf -3.2375576496124263 -2.1450655460357662 0.12243867665529252 -0.22211131453514096 0.11395283788442613 -2.0658152103424068 -0.73462924361228932 2.1178271770477299 -0.11088989302515982
decision_type=2 8 2 8 2 2 8 10 2 8 10
left_child=2 6 -1 4 -3 7 -2 -6 -8 -10 -11
right_child=1 3 -4 -5 5 -7 8 -9 9 10 -12
leaf_value=-0.00013372726298844668 1.1036306334916654e-05 0.00051601869398760949 -5.4961783698993082e-05 0.00026860938794418611 0.0045802828870419275 0.0012353169863405726 -2.8074287695385445e-05 0.001015761047411213 -1.1185546113772246e-06 0.00035794078037915112 -1.7844915214095558e-06
leaf_weight=57031 1742070 626 125556 2494 36 184 197700 18 1483083 2832 4803
leaf_count=57031 1742070 626 125556 2494 36 184 197700 18 1483083 2832 4803
internal_value=-2.50086e-08 4.20437e-06 -7.95693e-05 0.00042142 0.000860621 0.00175663 3.79559e-06 0.00345387 -3.67474e-06 -4.38293e-07 0.000131576
internal_weight=3.61643e+06 3.43385e+06 182587 3358 864 238 3.43049e+06 54 1.68842e+06 1.49072e+06 7635
internal_count=3616433 3433846 182587 3358 864 238 3430488 54 1688418 1490718 7635
is_linear=0
shrinkage=0.00523217


Tree=3
num_leaves=12
num_cat=0
split_feature=5 11 2 15 19 17 5 17 2 7 7
split_gain=56.9508 42.0942 17.0299 15.5935 19.4044 21.5504 13.8368 12.3548 7.52142 7.29455 6.6243
threshold=inf 2.4709342718124394 0.73253357410430919 0.1308853626251221 3.5100355148315434 2.4226104021072392 1.8844134211540224 2.6309396028518681 1.518016576766968 2.2626868486404423 inf
decision_type=8 10 10 2 10 2 10 2 10 10 8
left_child=2 7 10 4 5 8 -4 -2 -3 -9 -1
right_child=1 3 6 -5 -6 -7 -8 9 -10 -11 -12
leaf_value=5.7374315035399504e-06 0.00035313202521203562 0.0042393036440574105 -1.4730811621858493e-05 0.00051052200110041448 0.0013145409049845603 0.0098922965480760013 -9.3041955412591224e-05 0.00053989805613545504 0.0020876640878195315 0.0041778455165904166 0.0037148825448652216
leaf_weight=2721263 3982 87 823679 163 215 12.999999999999998 66779 27 104 36 11.999999999999998
leaf_count=2721263 3982 87 823679 163 215 13 66779 27 104 36 12
internal_value=0 0.000580028 -7.43132e-07 0.00189464 0.00242823 0.00358371 -2.06047e-05 0.000390183 0.00309195 0.00266989 5.7557e-06
internal_weight=3.61636e+06 4627 3.61173e+06 582 419 204 890458 4045 191 63 2.72128e+06
internal_count=3616360 4627 3611733 582 419 204 890458 4045 191 63 2721275
is_linear=0
shrinkage=0.00523217


Tree=4
num_leaves=12
num_cat=0
split_feature=1 23 11 12 1 9 6 18 6 12 4
split_gain=59.5373 55.5685 43.5381 13.1827 61.0257 154.081 10.267 10.9574 10.2491 6.47003 6.04295
threshold=1.9465330839157107 inf 2.4709342718124394 -2.8875877857208248 -2.0211319923400874 0.46512033045291906 -1.5930896401405332 -1.350426137447357 -2.9317295551300044 1.0790656805038454 -2.1450655460357662
decision_type=2 8 8 10 2 10 2 10 2 10 8
left_child=1 6 10 4 5 -4 -1 -8 -2 -9 -3
right_child=8 2 3 -5 -6 -7 7 9 -10 -11 -12
leaf_value=-4.0256618140470093e-05 -0.00018221763020415368 0.00067868781690392079 0.00045245859306715776 0.0015546394734524268 0.0011566212023310727 0.027758916041309457 -2.8098335780598409e-05 6.1554870112223387e-06 -7.9716539089609874e-05 3.9351646196824934e-05 0.00024720369923267782
leaf_weight=141215 36316 1288 15.000000000000002 498 68 7.9999999999999991 248949 2913699 101148 170125 2902
leaf_count=141215 36316 1288 15 498 68 8 248949 2913699 101148 170125 2902
internal_value=-4.41402e-09 4.21555e-06 0.000567952 0.00189887 0.00372987 0.0108761 3.43962e-06 5.29136e-06 -0.000106803 7.98709e-06 0.000380187
internal_weight=3.61623e+06 3.47877e+06 4779 589 91 23 3.47399e+06 3.33277e+06 137464 3.08382e+06 4190
internal_count=3616231 3478767 4779 589 91 23 3473988 3332773 137464 3083824 4190
is_linear=0
shrinkage=0.00523217


Tree=5
num_leaves=12
num_cat=0
split_feature=0 23 11 1 12 1 9 0 0 19 2
split_gain=61.7114 55.4877 43.2636 13.116 13.0198 60.4791 152.678 12.7909 7.56043 5.86762 5.85297
threshold=-2.8311094045639034 inf 2.4709342718124394 1.4732577204704287 -2.8875877857208248 -2.0211319923400874 0.46512033045291906 -5.2503137588500968 0.42565190792083746 -1.3936972618103025 0.31734596192836767
decision_type=2 8 8 2 10 2 10 2 2 10 10
left_child=7 3 -3 8 5 6 -4 -1 9 -2 -6
right_child=1 2 4 -5 10 -7 -8 -9 -10 -11 -12
leaf_value=-0.00028355223095622052 5.7291355035805413e-05 0.00037930147099168377 0.00045026416939738883 -3.9111264915477283e-05 0.0029131302067094481 0.0011506729503583779 0.027632373393614792 -0.000106931688706085 1.5842492988302563e-05 -1.9389972819414125e-06 0.0013033766991050371
leaf_weight=12985 46809 4214 15.000000000000002 193298 74 68 7.9999999999999991 83167 1182296 2093055 424
leaf_count=12985 46809 4214 15 193298 74 68 8 83167 1182296 2093055 424
internal_value=-1.80254e-08 3.55382e-06 0.000565474 2.78568e-06 0.00189266 0.00371242 0.0108266 -0.000130795 5.22368e-06 -6.42942e-07 0.00155052
internal_weight=3.61641e+06 3.52026e+06 4803 3.51546e+06 589 91 23 96152 3.32216e+06 2.13986e+06 498
internal_count=3616413 3520261 4803 3515458 589 91 23 96152 3322160 2139864 498
is_linear=0
shrinkage=0.00523217


Tree=6
num_leaves=12
num_cat=0
split_feature=0 8 16 7 0 19 0 19 6 11 6
split_gain=61.6155 13.6385 19.8143 42.957 12.4594 10.7626 10.7571 7.36453 7.1834 7.27409 6.75796
threshold=-2.8311094045639034 inf -1.4987331032752989 -0.63066175580024708 -5.2503137588500968 2.001624703407288 0.35064649581909185 -1.3936972618103025 -0.70676761865615834 1.6333786249160769 -1.6741319894790647
decision_type=2 8 2 10 2 10 2 10 2 10 2
left_child=4 6 3 -3 -1 -4 7 -2 -7 -10 -9
right_child=1 2 5 -5 -6 8 -8 10 9 -11 -12
leaf_value=-0.0002814454266084368 6.0516270166286296e-05 0.014790097680507779 3.2261301737081781e-05 9.8791903484781551e-07 -0.00010713659976026948 0.0041843328351906855 1.4291260237253417e-05 -4.2216262458055652e-05 0.00039108660096582183 0.0012617727865350278 -3.348373205251114e-06
leaf_weight=12986 46839 7.0000000000000027 2102 15.999999999999998 83189 13.999999999999998 1424786 130839 1393 325 1913741
leaf_count=12986 46839 7 2102 16 83189 14 1424786 130839 1393 325 1913741
internal_value=-2.47685e-08 3.54492e-06 0.000314458 0.00503815 -0.000130684 0.000284367 3.20353e-06 -4.34963e-06 0.000589636 0.000557019 -5.83607e-06
internal_weight=3.61624e+06 3.52006e+06 3857 23 96175 3834 3.5162e+06 2.09142e+06 1732 1718 2.04458e+06
internal_count=3616237 3520062 3857 23 96175 3834 3516205 2091419 1732 1718 2044580
is_linear=0
shrinkage=0.00523217


Tree=7
num_leaves=12
num_cat=0
split_feature=1 5 3 1 6 6 18 15 15 8 9
split_gain=58.3722 54.2883 11.6979 11.2798 10.2392 10.1962 10.8908 8.34797 7.06996 5.747 4.46294
threshold=1.9465330839157107 inf -1.5619652867317197 -1.0214615464210508 -2.9317295551300044 -1.5930896401405332 -1.350426137447357 0.051682103425264365 0.035107454285025604 -2.0658152103424068 0.079863600432872786
decision_type=2 8 10 2 2 2 8 2 2 8 10
left_child=1 5 3 7 -2 -1 -7 8 -3 10 -5
right_child=4 2 -4 9 -6 6 -8 -9 -10 -11 -12
leaf_value=-4.0107997962150588e-05 -0.00018106334544258363 0.0011268501406957159 0.00013656065312292348 0.0088026650087415816 -7.864519417366947e-05 -2.801260286821952e-05 7.962853420919099e-06 0.00066209875620320126 0.0051250406528079518 0.0017390843390361012 0.0025363473770772605
leaf_weight=141260 36343 32 1249 7.0000000000000009 101185 248948 3084064 3290 20 25 7.9999999999999991
leaf_count=141260 36343 32 1249 7 101185 248948 3084064 3290 20 25 8
internal_value=5.29584e-09 4.18499e-06 0.000570234 0.000730052 -0.000105717 3.43005e-06 5.27554e-06 0.000695937 0.00275945 0.00345906 0.00593964
internal_weight=3.61643e+06 3.4789e+06 4631 3382 137528 3.47427e+06 3.33301e+06 3342 52 40 15
internal_count=3616431 3478903 4631 3382 137528 3474272 3333012 3342 52 40 15
is_linear=0
shrinkage=0.00523217


Tree=8
num_leaves=12
num_cat=0
split_feature=0 23 17 1 15 12 0 19 15 0 15
split_gain=60.077 53.5733 18.0345 12.9711 12.8024 19.2775 12.5239 7.73808 8.58175 7.43479 7.00034
threshold=-2.8311094045639034 inf 2.6309396028518681 1.4732577204704287 0.12243867665529252 -1.9061040878295896 -5.2503137588500968 2.0793765783309941 0.051682103425264365 0.42565190792083746 -1.5593801140785215
decision_type=2 8 2 2 2 10 2 10 2 2 2
left_child=6 3 7 9 -4 -6 -1 10 -9 -2 -3
right_child=1 2 4 -5 5 -7 -8 8 -10 -11 -12
leaf_value=-0.00028003116894920665 -6.4852788514267545e-07 0.0046890943178366029 0.00072103430269183292 -3.8923957649272822e-05 0.011616437395488344 0.0029775692208118321 -0.000105416879013033 0.0027436837375468433 0.00059939468017918018 1.5699264703884134e-05 9.9436757987600476e-05
leaf_weight=13012 2139693 7.9999999999999991 43 193258 7.9999999999999991 40 83139 51 3507 1182367 1144
leaf_count=13012 2139693 8 43 193258 8 40 83139 51 3507 1182367 1144
internal_value=-2.43859e-08 3.49996e-06 0.000555757 2.74531e-06 0.00285031 0.00467828 -0.000129059 0.00051055 0.000631257 5.16964e-06 0.000136779
internal_weight=3.61627e+06 3.52012e+06 4801 3.51532e+06 91 48 96151 4710 3558 3.32206e+06 1152
internal_count=3616270 3520119 4801 3515318 91 48 96151 4710 3558 3322060 1152
is_linear=0
shrinkage=0.00523217


Tree=9
num_leaves=12
num_cat=0
split_feature=0 23 11 15 0 12 0 17 0 0 6
split_gain=59.6488 53.1843 41.5718 15.9779 23.9133 77.4107 12.443 12.0897 11.2894 7.94956 7.92371
threshold=-2.8311094045639034 inf 2.4709342718124394 0.1308853626251221 -0.048794552683830254 -2.8875877857208248 -5.2503137588500968 2.6309396028518681 0.35064649581909185 -0.063385818153619752 -1.5930896401405332
decision_type=2 8 8 2 2 10 2 2 2 2 2
left_child=6 8 7 4 -4 -6 -1 -3 10 -9 -2
right_child=1 2 3 -5 5 -7 -8 9 -10 -11 -12
leaf_value=-0.0002791807932763216 -4.246387909543027e-05 0.00033636047446664236 0.001724522327625166 0.00047788761676439907 0.016537087412472274 0.0027583556793685585 -0.0001050255082758386 0.004304056364078524 1.4116834405331242e-05 0.0005432472728632491 -2.2131685480258909e-06
leaf_weight=12993 143780 4151 328 167 11.999999999999998 80 83170 34 1424617 29 1947141
leaf_count=12993 143780 4151 328 167 12 80 83170 34 1424617 29 1947141
internal_value=-2.25131e-09 3.50951e-06 0.000553758 0.00185722 0.00240088 0.00475117 -0.000128568 0.000371528 2.75765e-06 0.00262729 -4.98137e-06
internal_weight=3.6165e+06 3.52034e+06 4801 587 420 92 96163 4214 3.51554e+06 63 2.09092e+06
internal_count=3616502 3520339 4801 587 420 92 96163 4214 3515538 63 2090921
is_linear=0
shrinkage=0.00523217


Tree=10
num_leaves=12
num_cat=0
split_feature=0 5 11 15 1 7 1 0 17 1 3
split_gain=58.3965 51.9865 39.918 15.3647 41.1762 74.3081 12.7075 12.1278 11.951 10.7613 9.23144
threshold=-2.8311094045639034 inf 2.4709342718124394 0.1308853626251221 -2.0211319923400874 1.4481042027473452 1.4732577204704287 -5.2503137588500968 2.6309396028518681 -1.5578341484069822 -1.7714420557022093
decision_type=2 8 10 2 2 10 2 2 2 2 10
left_child=7 6 8 4 5 -4 -2 -1 -3 -10 -6
right_child=1 2 3 -5 10 -7 -8 -9 9 -11 -12
leaf_value=-0.00027583472034078862 5.1676375520732888e-06 0.00033555386209532562 0.0020059456448192365 0.00047464099645763003 0.0013452620608264832 0.012800630636452258 -3.8457490561577228e-05 -0.00010393363648094256 0.00028677595176282005 0.0046232304224421593 0.0049485490751279967
leaf_weight=12999 3322261 3982 51 166 323 26 193428 83174 30 33 20
leaf_count=12999 3322261 3982 51 166 323 26 193428 83174 30 33 20
internal_value=2.19297e-08 3.49727e-06 0.00055742 0.00183268 0.00236468 0.0057996 2.76721e-06 -0.00012718 0.000371993 0.00261408 0.00157397
internal_weight=3.61649e+06 3.52032e+06 4631 586 420 77 3.51569e+06 96173 4045 63 343
internal_count=3616493 3520320 4631 586 420 77 3515689 96173 4045 63 343
is_linear=0
shrinkage=0.00523217


Tree=11
num_leaves=12
num_cat=0
split_feature=0 23 11 1 0 24 24 1 4 0 3
split_gain=58.1142 51.8826 41.6312 12.6066 11.969 10.7505 30.266 62.5346 8.43607 7.25447 6.15382
threshold=-2.8311094045639034 inf 2.4709342718124394 1.4732577204704287 -5.2503137588500968 -0.13733062148094174 0.26463249325752264 -2.0211319923400874 -2.1450655460357662 0.42565190792083746 -3.5447759628295894
decision_type=2 8 8 2 2 8 10 2 10 2 10
left_child=4 3 -3 9 -1 10 7 -7 -8 -2 -4
right_child=1 2 5 -5 -6 6 8 -9 -10 -11 -12
leaf_value=-0.00027457534765687946 -6.1738763374748618e-07 0.00036532122509091557 0.00045925548935295577 -3.833902721947859e-05 -0.00010379804393220396 0.012902805930192652 0.006079619127891219 0.0021806852827783762 0.0011037200727063462 1.553075981934083e-05 0.0018583488886349006
leaf_weight=12999 2139848 4205 149 193269 83144 21 8.9999999999999982 48 145 1182361 212
leaf_count=12999 2139848 4205 149 193269 83144 21 9 48 145 1182361 212
internal_value=1.46835e-08 3.48114e-06 0.000547635 2.73945e-06 -0.000126899 0.0018556 0.00276167 0.00561773 0.00144379 5.12944e-06 0.00128648
internal_weight=3.61641e+06 3.52027e+06 4789 3.51548e+06 96143 584 223 69 154 3.32221e+06 361
internal_count=3616410 3520267 4789 3515478 96143 584 223 69 154 3322209 361
is_linear=0
shrinkage=0.00523217


Tree=12
num_leaves=12
num_cat=0
split_feature=1 23 17 9 12 18 6 6 19 13 1
split_gain=55.284 51.6663 17.8658 11.3917 12.3022 10.0317 10.3312 9.95835 7.89256 6.54901 4.57505
threshold=1.9465330839157107 inf 2.6309396028518681 0.63041529059410106 -1.994254410266876 -1.350426137447357 -1.5930896401405332 -2.9317295551300044 2.0793765783309941 0.86433568596839916 -1.0214615464210508
decision_type=2 8 2 10 10 10 2 2 10 10 2
left_child=1 5 8 4 -4 -1 -7 -2 -3 -8 -10
right_child=7 2 3 -5 -6 6 9 -9 10 -11 -12
leaf_value=-2.8311721057312275e-05 -0.00017721178845939956 0.00012327257639885663 0.0094010972864556983 0.00058217534523916992 0.0029800434462764112 -3.875170855249811e-05 1.1341263063807851e-05 -7.6181639559898918e-05 0.00060880804058821201 -8.6599152425182985e-06 0.0029543790594660337
leaf_weight=253992 36320 1141 9.9999999999999982 37 42 136198 2539764 101165 3529 544131 22
leaf_count=253992 36320 1141 10 37 42 136198 2539764 101165 3529 544131 22
internal_value=2.62293e-08 4.09329e-06 0.000547562 0.00285691 0.00441146 3.34495e-06 5.8422e-06 -0.000102878 0.000502878 7.81194e-06 0.000624544
internal_weight=3.61635e+06 3.47887e+06 4781 89 52 3.47408e+06 3.22009e+06 137485 4692 3.0839e+06 3551
internal_count=3616351 3478866 4781 89 52 3474085 3220093 137485 4692 3083895 3551
is_linear=0
shrinkage=0.00523217


Tree=13
num_leaves=12
num_cat=0
split_feature=1 23 6 6 20 1 2 21 2 20 22
split_gain=54.9779 51.5906 9.78683 9.60833 8.42834 14.5908 19.5108 20.852 4.20893 7.01299 4.29307
threshold=1.9465330839157107 inf -2.9317295551300044 -1.5930896401405332 0.67421117424964916 -1.0214615464210508 1.2908283472061159 0.17499749362468722 0.010503380093723537 -0.42282617092132563 0.24234182387590411
decision_type=2 8 2 2 8 2 8 2 8 10 10
left_child=1 3 -2 -1 -3 -6 -7 -8 9 -5 -10
right_child=2 4 -4 8 5 6 7 -9 10 -11 -12
leaf_value=-3.8935797830930999e-05 -0.00017628327163457337 2.1779596123448019e-06 -7.6128677599703696e-05 -1.3316815667604288e-06 0.00059521000817429033 -5.2233851931062533e-05 0.01309011267256646 0.0033128982981417711 -5.5306821434737764e-06 2.0901969049830744e-05 1.279926431484251e-05
leaf_weight=141220 36329 671 101112 683083 4045 30 6.9999999999999991 29 1266225 899960 483297
leaf_count=141220 36329 671 101112 683083 4045 30 7 29 1266225 899960 483297
internal_value=2.7089e-08 4.08259e-06 -0.000102609 3.33466e-06 0.000547097 0.000635817 0.00305832 0.00559131 5.12616e-06 1.13076e-05 -4.66659e-07
internal_weight=3.61601e+06 3.47857e+06 137441 3.47378e+06 4782 4111 66 36 3.33256e+06 1.58304e+06 1.74952e+06
internal_count=3616008 3478567 137441 3473785 4782 4111 66 36 3332565 1583043 1749522
is_linear=0
shrinkage=0.00523217


Tree=14
num_leaves=12
num_cat=0
split_feature=0 8 16 7 0 20 18 0 17 19 11
split_gain=56.2757 12.6041 19.7197 42.5416 11.8378 11.23 10.3406 10.8328 9.74836 6.40075 6.0496
threshold=-2.8311094045639034 inf -1.4987331032752989 -0.63066175580024708 -5.2503137588500968 1.0573062896728518 -1.350426137447357 0.35064649581909185 2.4226104021072392 -1.3349074721336363 2.3443144559860234
decision_type=2 8 2 10 2 10 10 2 2 8 10
left_child=4 6 3 -3 -1 -4 -2 9 10 -8 -7
right_child=1 2 5 -5 -6 8 7 -9 -10 -11 -12
leaf_value=-0.00027170339544986869 -2.8998518949740279e-05 0.014719159950508291 -7.9380081942566145e-06 1.4432671570435142e-06 -0.00010191252848438563 0.00043078242321007533 5.3054831715582335e-05 1.7330414379428057e-05 0.0054393404668834243 -3.7730398350762244e-06 0.0014397273251290654
leaf_weight=13007 255273 7.0000000000000027 1936 15.999999999999998 83157 1711 55843 1295040 9.9999999999999982 1910236 180
leaf_count=13007 255273 7 1936 16 83157 1711 55843 1295040 10 1910236 180
internal_value=-1.27352e-08 3.39838e-06 0.000302172 0.00501447 -0.00012489 0.000272181 3.07009e-06 5.5806e-06 0.000557707 -2.15851e-06 0.000528085
internal_weight=3.61642e+06 3.52025e+06 3860 23 96164 3837 3.51639e+06 3.26112e+06 1901 1.96608e+06 1891
internal_count=3616416 3520252 3860 23 96164 3837 3516392 3261119 1901 1966079 1891
is_linear=0
shrinkage=0.00523217


Tree=15
num_leaves=12
num_cat=0
split_feature=0 23 11 12 22 0 0 0 6 11 18
split_gain=56.3332 50.5533 41.2203 13.1223 52.0753 70.3306 11.7379 10.7861 7.59103 6.92926 6.49951
threshold=-2.8311094045639034 inf 2.4709342718124394 -2.8875877857208248 0.32657924294471746 -0.048794552683830254 -5.2503137588500968 0.35064649581909185 -1.5930896401405332 3.0019786357879643 -1.4203901290893552
decision_type=2 8 8 10 10 2 2 2 2 10 8
left_child=6 7 -3 4 9 -6 -1 8 -2 -4 -9
right_child=1 2 3 -5 5 -7 -8 10 -10 -11 -12
leaf_value=-0.00027108391526187929 -4.1566713999750858e-05 0.00035825343892287157 0.0041981146115369584 0.0014949054009389796 0 0.020735191666535483 -0.00010203713420731278 -2.5183608873387692e-05 -2.1576398903700919e-06 0.00061505674468158604 1.7005053490801443e-05
leaf_weight=13012 143684 4214 20 498 8.0000000000000018 8.9999999999999982 83150 108165 1946951 53 1316505
leaf_count=13012 143684 4214 20 498 8 9 83150 108165 1946951 53 1316505
internal_value=1.86579e-08 3.43207e-06 0.000539841 0.00183653 0.00367416 0.0116138 -0.000124923 2.69891e-06 -4.86653e-06 0.00165879 1.38014e-05
internal_weight=3.61627e+06 3.52011e+06 4802 588 90 17 96162 3.5153e+06 2.09064e+06 73 1.42467e+06
internal_count=3616269 3520107 4802 588 90 17 96162 3515305 2090635 73 1424670
is_linear=0
shrinkage=0.00523217


Tree=16
num_leaves=12
num_cat=0
split_feature=1 5 11 15 1 7 18 1 1 4 15
split_gain=53.6184 48.7932 38.1665 15.5477 40.3028 73.1043 9.78101 8.46002 7.88522 5.86197 8.79725
threshold=1.9465330839157107 inf 2.4709342718124394 0.1308853626251221 -2.0211319923400874 1.4481042027473452 -1.350426137447357 2.5260295867919926 1.3203309178352358 -2.1450655460357662 0.12243867665529252
decision_type=2 8 10 2 2 10 10 2 2 8 2
left_child=1 6 9 4 5 -4 -1 -2 -8 10 -3
right_child=7 2 3 -5 -6 -7 8 -9 -10 -11 -12
leaf_value=-2.795676643214961e-05 -7.4204375921787036e-05 0.00036110604342250478 0.0019632560392893838 0.00040230025315435563 0.0015415167531509927 0.01266928540766982 7.9199022534643153e-06 -0.00016348609107580539 -2.5371504139273342e-05 0.00022435076479854779 0.0012977715997183504
leaf_weight=253997 95781 891 51 160 340 26 3012259 41749 208219 2762 399
leaf_count=253997 95781 891 51 160 340 26 3012259 41749 208219 2762 399
internal_value=1.14473e-08 4.01714e-06 0.00054077 0.00179877 0.00233001 0.00572544 3.30161e-06 -0.000101314 5.7672e-06 0.000360962 0.000652364
internal_weight=3.61663e+06 3.4791e+06 4629 577 417 77 3.47448e+06 137530 3.22048e+06 4052 1290
internal_count=3616634 3479104 4629 577 417 77 3474475 137530 3220478 4052 1290
is_linear=0
shrinkage=0.00523217


Tree=17
num_leaves=12
num_cat=0
split_feature=1 5 17 15 1 3 1 1 15 15 1
split_gain=52.8852 47.0847 16.9934 12.445 8.90844 8.59727 7.85227 7.3667 6.81651 8.19374 7.1495
threshold=2.0059845447540288 inf 2.6309396028518681 0.12243867665529252 1.3477758765220644 -1.5169052481651304 -1.7871885895729063 2.5260295867919926 0.051682103425264365 0.035107454285025604 -1.0214615464210508
decision_type=2 8 2 2 2 10 2 2 2 2 2
left_child=1 4 5 -4 -1 8 -5 -2 9 -3 -10
right_child=7 2 3 6 -6 -7 -8 -9 10 -11 -12
leaf_value=5.2217162025424852e-06 -7.7495113809714219e-05 0.00093759013440283302 0.00068081821156366841 0.0094877390085674404 -2.9214072922775486e-05 0.00010175267153753699 0.0034774599696507894 -0.00016292395316087403 0.00056921829661181478 0.0049977256227292923 0.0039647626064865313
leaf_weight=3268341 82127 42 43 6.9999999999999991 219462 1188 40 41701 3283 20 15.999999999999998
leaf_count=3268341 82127 42 43 7 219462 1188 40 41701 3283 20 16
internal_value=-1.17374e-08 3.75564e-06 0.00053046 0.00276944 3.05468e-06 0.000485278 0.00460007 -0.000106272 0.000620519 0.00232902 0.000587344
internal_weight=3.61627e+06 3.49244e+06 4639 90 3.4878e+06 4549 47 123828 3361 62 3299
internal_count=3616270 3492442 4639 90 3487803 4549 47 123828 3361 62 3299
is_linear=0
shrinkage=0.00523217


Tree=18
num_leaves=12
num_cat=0
split_feature=6 10 18 6 20 20 6 19 4 6 20
split_gain=39.2622 19.8724 10.5017 7.81751 7.3215 21.9271 48.1274 5.99869 5.734 6.28598 5.28201
threshold=-1.7562635540962217 inf -1.350426137447357 -3.2375576496124263 0.6577664613723756 0.69173952937126171 0.32925947010517126 -1.266663074493408 -2.1450655460357662 -0.22211131453514096 1.5144118070602419
decision_type=2 8 8 2 8 10 2 10 8 2 8
left_child=3 2 -2 -1 -3 6 -6 -4 9 -7 -9
right_child=1 4 7 -5 5 8 -8 10 -10 -11 -12
leaf_value=-0.0001255723813847395 -2.8802589225484335e-05 7.720079435488334e-06 4.0267321909632942e-05 -5.1675217524283873e-05 -8.8112720465377854e-05 0.0019937579657411586 0.015821293982680361 6.5227400096354695e-06 0.00032612695476376505 0.00067499434663261448 -2.0835305609371773e-05
leaf_weight=57015 253761 921 135272 125585 14.000000000000002 116 6.9999999999999991 2834294 1609 693 207313
leaf_count=57015 253761 921 135272 125585 14 116 7 2834294 1609 693 207313
internal_value=5.5316e-09 3.98106e-06 3.58685e-06 -7.47539e-05 0.000406097 0.000556124 0.00573928 6.1743e-06 0.000507995 0.000867712 4.65777e-06
internal_weight=3.6166e+06 3.434e+06 3.43064e+06 182600 3360 2439 21 3.17688e+06 2418 809 3.04161e+06
internal_count=3616600 3434000 3430640 182600 3360 2439 21 3176879 2418 809 3041607
is_linear=0
shrinkage=0.00523217


Tree=19
num_leaves=12
num_cat=0
split_feature=23 6 13 20 16 6 20 15 9 20 13
split_gain=48.3753 41.2381 8.47818 8.24148 8.5369 7.60094 5.33029 4.37979 3.75915 6.08592 3.44398
threshold=inf -1.7562635540962217 0.91702494025230419 0.38496738672256475 -1.08133327960968 -3.2375576496124263 2.4103373289108281 0.1578939035534859 0.59945368766784679 2.2820429801940922 0.93864995241165172
decision_type=8 2 10 8 2 2 10 2 10 10 8
left_child=1 5 -3 -2 -5 -1 -4 8 9 -6 -7
right_child=3 2 6 4 7 10 -8 -9 -10 -11 -12
leaf_value=-0.00012774616890289531 -1.0427270511277809e-05 6.9488129073238213e-06 -1.1858329497823395e-05 0.0049956581078903226 0.00040663694528817021 -3.8399651504091781e-05 -8.8715230887791599e-05 4.7674808360793591e-05 0.00032307147948903536 0.00090405085980878211 -0.00010099162125853847
leaf_weight=56732 681 2880898 522639 10.999999999999998 1038 92499 25932 367 782 1972 32569
leaf_count=56732 681 2880898 522639 11 1038 92499 25932 367 782 1972 32569
internal_value=-1.01393e-08 -7.11834e-07 3.3588e-06 0.000522065 0.000609197 -7.75041e-05 -1.54931e-05 0.000595987 0.000648811 0.000733011 -5.47065e-05
internal_weight=3.61612e+06 3.61127e+06 3.42947e+06 4851 4170 181800 548571 4159 3792 3010 125068
internal_count=3616120 3611269 3429469 4851 4170 181800 548571 4159 3792 3010 125068
is_linear=0
shrinkage=0.00523217


Tree=20
num_leaves=12
num_cat=0
split_feature=1 5 17 22 20 12 1 1 20 12 1
split_gain=51.7819 47.9682 16.8658 8.89138 16.9306 35.9438 8.78224 7.21981 6.59176 5.42059 5.23423
threshold=2.0059845447540288 inf 2.6309396028518681 0.33574488759040838 3.6999460458755498 -1.0578120946884153 1.3477758765220644 2.5260295867919926 1.0573062896728518 1.3766531348228457 -1.0214615464210508
decision_type=2 8 2 10 10 10 2 2 10 8 2
left_child=1 6 8 -4 5 -5 9 -2 -3 -1 -10
right_child=7 2 3 4 -6 -7 -8 -9 10 -11 -12
leaf_value=4.3208632987343903e-06 -7.6627173568523442e-05 -1.3064271284451269e-05 0.0015363324849014563 0.016492500026442557 0.00091030514185883558 0.00067940347835086529 -2.9012909285073691e-05 -0.00016118112610630711 0.00055481820948864746 5.7917983792817374e-05 0.0032382992392364397
leaf_weight=3215743 82079 613 61 7.0000000000000009 15 7.9999999999999991 219407 41742 3912 52502 19
leaf_count=3215743 82079 613 61 7 15 8 219407 41742 3912 52502 19
internal_value=9.54128e-09 3.73792e-06 0.00053559 0.00275381 0.00505152 0.00877413 3.03069e-06 -0.000105139 0.000490285 5.18213e-06 0.000568962
internal_weight=3.61611e+06 3.49229e+06 4635 91 30 15 3.48765e+06 123821 4544 3.26824e+06 3931
internal_count=3616108 3492287 4635 91 30 15 3487652 123821 4544 3268245 3931
is_linear=0
shrinkage=0.00523217


Tree=21
num_leaves=12
num_cat=0
split_feature=23 3 3 20 2 2 20 20 20 15 19
split_gain=47.4735 16.6771 10.9303 9.3555 8.69913 7.68555 6.44913 5.96321 5.67003 5.65915 4.98796
threshold=inf -2.0537233352661128 -1.5619652867317197 2.4103373289108281 2.1178271770477299 0.11395283788442613 -0.42282617092132563 0.97910496592521679 0.39746159315109258 -1.5593801140785215 -0.6392017900943755
decision_type=8 10 10 8 10 8 10 8 8 2 8
left_child=1 7 -2 4 5 6 -3 -1 -7 -4 -6
right_child=2 3 9 -5 10 8 -8 -9 -10 -11 -12
leaf_value=-3.5054109861096572e-05 0.000676414430566807 -1.0918921670646178e-06 0.0038398971744475238 -4.6577374320934951e-05 0.00041279214253036548 7.1087419110737246e-07 1.940620613954732e-05 -0.00011011139901381353 -2.1268625094916222e-05 0.00010026580574371687 9.3150810998098512e-05
leaf_weight=117542 3437 734594 9.9999999999999982 106379 2043 1186524 981495 38485 440585 1413 3890
leaf_count=117542 3437 734594 10 106379 2043 1186524 981495 38485 440585 1413 3890
internal_value=3.38009e-08 -6.61472e-07 0.000516741 1.72745e-06 3.26201e-06 2.9065e-06 1.06313e-05 -5.35733e-05 -5.2402e-06 0.000130275 0.000203413
internal_weight=3.6164e+06 3.61154e+06 4860 3.45551e+06 3.34913e+06 3.3432e+06 1.71609e+06 156027 1.62711e+06 1423 5933
internal_count=3616397 3611537 4860 3455510 3349131 3343198 1716089 156027 1627109 1423 5933
is_linear=0
shrinkage=0.00523217


Tree=22
num_leaves=12
num_cat=0
split_feature=0 23 1 0 18 0 6 6 0 22 12
split_gain=53.4652 46.7618 11.5287 11.3672 9.63473 7.67211 6.40384 5.69995 4.97141 8.33396 5.01952
threshold=-2.8311094045639034 inf 1.4732577204704287 -5.2503137588500968 -1.3723340630531309 0.42565190792083746 -0.055509384721517556 -2.334589838981628 -0.11258016154170035 0.70004877448081981 -1.2364246845245359
decision_type=2 8 2 2 8 2 2 2 2 10 8
left_child=3 2 4 -1 -2 -6 8 -5 9 -3 -11
right_child=1 6 -4 7 5 -7 -8 -9 -10 10 -12
leaf_value=-0.00026573136837051259 -2.7579106525311211e-05 0.00095432169173419938 -3.6690320259444204e-05 -0.00015315885349567168 1.2876026265978523e-06 1.8591452166584857e-05 0.00034111555807219698 -6.4407369566880999e-05 0.00068010012401108026 0.0071209178858068645 0.0011660523845646838
leaf_weight=12990 232885 51 193325 32645 2012533 1076816 2572 50522 2152 10.999999999999998 7.0000000000000027
leaf_count=12990 232885 51 193325 32645 2012533 1076816 2572 50522 2152 11 7
internal_value=-3.33768e-08 3.29125e-06 2.58683e-06 -0.000121757 4.87267e-06 7.31926e-06 0.000519678 -9.92557e-05 0.000725807 0.00210442 0.00506156
internal_weight=3.61651e+06 3.52035e+06 3.51556e+06 96157 3.32223e+06 3.08935e+06 4793 83167 2221 69 18
internal_count=3616509 3520352 3515559 96157 3322234 3089349 4793 83167 2221 69 18
is_linear=0
shrinkage=0.00523217


Tree=23
num_leaves=12
num_cat=0
split_feature=1 5 3 1 22 18 1 15 1 15 3
split_gain=50.7798 46.3617 10.7742 10.5074 10.3992 9.49174 8.66985 7.83833 6.94092 6.77681 4.09103
threshold=2.0059845447540288 inf -1.5619652867317197 -1.0214615464210508 0.70004877448081981 -1.350426137447357 1.3203309178352358 0.051682103425264365 2.5260295867919926 0.035107454285025604 0.44316732883453375
decision_type=2 8 10 2 10 8 2 2 2 2 8
left_child=1 5 3 7 -5 -1 -7 9 -2 -3 -8
right_child=8 2 -4 4 -6 6 10 -9 -10 -11 -12
leaf_value=-2.7755859386101366e-05 -7.6157434295337454e-05 0.0010496967587215846 0.0001101805803695144 0.0014059231252354998 0.0071773141244588804 7.7451148605599344e-06 -3.7501054431740479e-05 0.00061383719655384601 -0.00015905346601757843 0.0049607198014370709 1.8545567512339507e-05
leaf_weight=254629 82114 32 1250 28 11.999999999999998 3011925 176613 3298 41748 20 44649
leaf_count=254629 82114 32 1250 28 12 3011925 176613 3298 41748 20 44649
internal_value=3.32376e-09 3.69587e-06 0.000526284 0.000679386 0.00331315 3.00024e-06 5.42268e-06 0.000646541 -0.000104105 0.00264586 -2.61876e-05
internal_weight=3.61632e+06 3.49246e+06 4640 3390 40 3.48782e+06 3.23319e+06 3350 123862 52 221262
internal_count=3616318 3492456 4640 3390 40 3487816 3233187 3350 123862 52 221262
is_linear=0
shrinkage=0.00523217


Tree=24
num_leaves=12
num_cat=0
split_feature=0 8 0 3 0 6 19 11 3 6 6
split_gain=52.5408 11.7163 11.2097 10.4836 9.66603 7.56325 7.08944 6.56256 11.5741 5.8913 5.61477
threshold=-2.8311094045639034 inf -5.2503137588500968 -1.5169052481651304 0.35064649581909185 -0.70676761865615834 -1.3936972618103025 2.3443144559860234 -1.9746408462524412 -1.6741319894790647 -2.334589838981628
decision_type=2 8 2 8 2 2 10 10 10 2 2
left_child=2 4 -1 5 6 -3 -2 -7 -9 -8 -4
right_child=1 3 10 -5 -6 7 9 8 -10 -11 -12
leaf_value=-0.00026353985392157698 5.9474926949374991e-05 0.0041057120880373743 -0.00015179529378275884 7.9517328020487377e-05 1.3488113774409963e-05 0.00047500351192300853 -3.9605840984787402e-05 0.001065550106447175 0.0054390710457615692 -3.3179413504045111e-06 -6.3712406193729533e-05
leaf_weight=13005 46818 15.999999999999998 32651 2407 1424571 1275 130856 138 18 1913934 50517
leaf_count=13005 46818 16 32651 2407 1424571 1275 130856 138 18 1913934 50517
internal_value=-3.63078e-09 3.2927e-06 -0.00012066 0.000291576 2.97639e-06 0.000643415 -4.18265e-06 0.000600786 0.0016124 -5.64059e-06 -9.83043e-05
internal_weight=3.61621e+06 3.52003e+06 96173 3854 3.51618e+06 1447 2.09161e+06 1431 156 2.04479e+06 83168
internal_count=3616206 3520033 96173 3854 3516179 1447 2091608 1431 156 2044790 83168
is_linear=0
shrinkage=0.00523217


Tree=25
num_leaves=12
num_cat=0
split_feature=0 23 11 19 9 2 0 0 19 6 6
split_gain=52.0691 46.5711 39.7348 11.9605 16.6732 85.2995 11.1616 10.3745 7.33589 6.99823 5.61893
threshold=-2.8311094045639034 inf 2.4709342718124394 3.5100355148315434 0.35326784849166876 1.518016576766968 -5.2503137588500968 0.35064649581909185 -1.3936972618103025 -1.5930896401405332 -2.334589838981628
decision_type=2 8 8 10 8 10 2 2 10 2 2
left_child=6 7 -3 4 -4 -6 -1 8 -2 -10 -8
right_child=1 2 3 -5 5 -7 10 -9 9 -11 -12
leaf_value=-0.00026277600019468568 5.9902470393023426e-05 0.00033962094125106912 0.0017040904762409329 0.00097795036627092331 0.013060839422523677 0.0013913981465792208 -0.00015135174290877449 1.3433554525391486e-05 -4.1893416129566176e-05 -3.7193218142561329e-06 -6.3238891422087289e-05
leaf_weight=12997 46786 4201 226 274 22 68 32658 1424736 141231 1902714 50507
leaf_count=12997 46786 4201 226 274 22 68 32658 1424736 141231 1902714 50507
internal_value=-3.30229e-08 3.24808e-06 0.000518689 0.00178912 0.00248369 0.00438507 -0.000120153 2.54522e-06 -4.87429e-06 -6.35746e-06 -9.78512e-05
internal_weight=3.61642e+06 3.52026e+06 4791 590 316 90 96162 3.51547e+06 2.09073e+06 2.04394e+06 83165
internal_count=3616420 3520258 4791 590 316 90 96162 3515467 2090731 2043945 83165
is_linear=0
shrinkage=0.00523217


Tree=26
num_leaves=12
num_cat=0
split_feature=1 10 15 20 3 1 1 12 1 15 3
split_gain=49.5228 21.2948 10.5076 19.196 8.79875 8.72927 6.90927 5.23398 4.49342 7.71353 4.12992
threshold=2.0059845447540288 inf -1.6162199974060056 0.27578569948673254 -1.5619652867317197 1.3477758765220644 2.5260295867919926 1.4479542374610903 -1.6806299090385435 0.12243867665529252 1.0157642960548403
decision_type=2 8 2 10 10 2 2 8 2 2 8
left_child=1 5 3 -3 8 7 -2 -1 -4 -10 -7
right_child=6 2 4 -5 -6 10 -8 -9 9 -11 -12
leaf_value=4.6205404104511288e-06 -7.4966853554380415e-05 7.7757760578513942e-05 0.00044767949366404175 0.0103783599491025 8.7285265411674045e-05 -3.3603381803749502e-05 -0.00015767891140179972 6.5006490996022967e-05 0.00064068287798574374 0.001954763618538836 7.7440261840367778e-05
leaf_weight=3229887 82108 13.000000000000002 1260 6.9999999999999991 1440 209682 41741 39779 469 167 9583
leaf_count=3229887 82108 13 1260 7 1440 209682 41741 39779 469 167 9583
internal_value=-3.30073e-08 3.6131e-06 0.000420122 0.00409884 0.000396383 3.21208e-06 -0.000102851 5.35547e-06 0.000630517 0.000989979 -2.87462e-05
internal_weight=3.61614e+06 3.49229e+06 3356 20 3336 3.48893e+06 123849 3.26967e+06 1896 636 219265
internal_count=3616136 3492287 3356 20 3336 3488931 123849 3269666 1896 636 219265
is_linear=0
shrinkage=0.00523217


Tree=27
num_leaves=12
num_cat=0
split_feature=0 23 0 0 19 19 18 18 19 0 22
split_gain=50.9084 46.0242 10.864 10.1674 8.8629 7.25171 6.13455 5.56639 5.83281 5.45149 11.1172
threshold=-2.8311094045639034 inf -5.2503137588500968 0.35064649581909185 2.0793765783309941 -1.3936972618103025 -1.4203901290893552 -1.2907881140708921 2.001624703407288 -0.11258016154170035 0.70004877448081981
decision_type=2 8 2 2 10 10 10 10 10 2 10
left_child=2 3 -1 5 -3 -2 -5 -7 -9 10 -6
right_child=1 4 -4 6 9 7 -8 8 -10 -11 -12
leaf_value=-0.00025960696886898321 5.9583580709257653e-05 0.00011427923714051158 -9.6799614459771617e-05 -2.4560685364697234e-05 0.00089522681654277138 -3.7780278619942609e-05 1.6426543195345876e-05 -1.7140663606379981e-06 -4.2042641779367112e-05 0.00061327901697551767 0.0059168787837070146
leaf_weight=12979 46800 1152 83182 108164 52 142889 1316478 1797148 103855 3578 14.999999999999998
leaf_count=12979 46800 1152 83182 108164 52 142889 1316478 1797148 103855 3578 15
internal_value=-1.07687e-08 3.23366e-06 -0.000118785 2.53447e-06 0.000515318 -4.81059e-06 1.33141e-05 -6.28548e-06 -3.91773e-06 0.000641767 0.00211434
internal_weight=3.61629e+06 3.52013e+06 96161 3.51533e+06 4797 2.09069e+06 1.42464e+06 2.04389e+06 1.901e+06 3645 67
internal_count=3616292 3520131 96161 3515334 4797 2090692 1424642 2043892 1901003 3645 67
is_linear=0
shrinkage=0.00523217


Tree=28
num_leaves=12
num_cat=0
split_feature=1 10 6 6 1 4 7 12 2 14 3
split_gain=48.4316 20.4579 8.92998 7.62422 12.6855 7.2598 25.7797 7.02787 7.4774 12.8826 14.383
threshold=1.9465330839157107 inf -2.9317295551300044 -1.5930896401405332 -2.1492768526077266 -1.4871240258216856 1.4481042027473452 1.3766531348228457 1.3988899588584902 -1.2381536364555357 -1.0000000180025095e-35
decision_type=2 8 2 2 2 10 10 8 10 2 10
left_child=1 3 -2 4 5 -1 -7 8 -3 -10 -11
right_child=2 7 -4 -5 -6 6 -8 -9 9 10 -12
leaf_value=0.00013281012036604187 -0.00016668648982976365 0.00017107382750533863 -7.1012133731756209e-05 5.0370986976950213e-06 -3.5353629828996288e-05 0.00098480803522261475 0.0095453428343727862 0.0052666138452510088 0.0006199937622185526 0 0.010185151987758326
leaf_weight=36 36321 1800 101144 3333379 141816 38 11.999999999999998 6.9999999999999991 1521 7 6.9999999999999982
leaf_count=36 36321 1800 101144 3333379 141816 38 12 7 1521 7 7
internal_value=2.503e-08 3.83171e-06 -9.62983e-05 3.43793e-06 -3.41218e-05 0.00196093 0.00322802 0.000412929 0.000400638 0.000668972 0.00547466
internal_weight=3.61609e+06 3.47862e+06 137465 3.47528e+06 141902 86 50 3342 3335 1535 14
internal_count=3616088 3478623 137465 3475281 141902 86 50 3342 3335 1535 14
is_linear=0
shrinkage=0.00523217


Tree=29
num_leaves=12
num_cat=0
split_feature=0 23 17 21 0 0 6 20 16 6 15
split_gain=50.0435 45.006 16.7912 31.8051 10.6595 10.071 6.80789 6.49264 14.2261 5.43632 4.14412
threshold=-2.8311094045639034 inf 2.6309396028518681 0.1850014925003052 -5.2503137588500968 0.35064649581909185 -1.5930896401405332 0.38496738672256475 -0.97435998916625965 -2.334589838981628 0.051682103425264365
decision_type=2 8 2 2 2 2 2 8 2 2 2
left_child=4 5 7 -4 -1 6 -2 -3 -9 -6 -10
right_child=1 2 3 -5 9 -7 -8 8 10 -11 -12
leaf_value=-0.00025709588547844495 -3.9495518191408925e-05 -1.3866326950043124e-05 0.010273273242304098 0.0014300105279592412 -0.000148540851628467 1.3289334729214545e-05 -2.1834522624687114e-06 0.0074472118810126027 0.001632236969132081 -6.1867622108707196e-05 0.00050416881683967082
leaf_weight=13000 143758 660 11.999999999999998 78 32668 1424563 1946884 6.9999999999999991 91 50473 3951
leaf_count=13000 143758 660 12 78 32668 1424563 1946884 7 91 50473 3951
internal_value=3.52321e-08 3.25221e-06 0.000509534 0.00273581 -0.000117738 2.56063e-06 -4.74953e-06 0.000466139 0.00054456 -9.59348e-05 0.000530234
internal_weight=3.61614e+06 3.52e+06 4799 90 96141 3.5152e+06 2.09064e+06 4709 4049 83141 4042
internal_count=3616145 3520004 4799 90 96141 3515205 2090642 4709 4049 83141 4042
is_linear=0
shrinkage=0.00523217


Tree=30
num_leaves=12
num_cat=0
split_feature=0 5 17 21 1 0 3 0 3 6 1
split_gain=49.9803 43.2737 15.6622 32.0215 10.8385 10.6137 7.97198 6.74778 5.74651 5.51156 4.7147
threshold=-2.8311094045639034 inf 2.6309396028518681 0.1850014925003052 1.4732577204704287 -5.2503137588500968 -1.5619652867317197 0.49354580044746404 1.3880044221878054 -2.334589838981628 -0.43222092092037195
decision_type=2 8 2 2 2 2 10 2 10 2 2
left_child=5 4 6 -4 7 -1 -3 10 -6 -7 -2
right_child=1 2 3 -5 8 9 -8 -9 -10 -11 -12
leaf_value=-0.00025665197974703019 -1.5163599817301878e-05 0.00060016712553230458 0.010224341698860462 0.0013459912650811182 -3.8467726572441368e-05 -0.0001488848877959073 0.00010780153875488933 1.6287078353436385e-05 0.00024221278034659103 -6.1631423444693826e-05 3.5868949374549885e-06
leaf_weight=13013 455829 3296 11.999999999999998 77 191333 32672 1245 980295 2016 50513 1886070
leaf_count=13013 455829 3296 12 77 191333 32672 1245 980295 2016 50513 1886070
internal_value=-4.0456e-09 3.21123e-06 0.000508643 0.0026703 2.54517e-06 -0.000117668 0.000465416 4.76169e-06 -3.55355e-05 -9.59126e-05 -6.23785e-08
internal_weight=3.61637e+06 3.52017e+06 4630 89 3.51554e+06 96198 4541 3.32219e+06 193349 83185 2.3419e+06
internal_count=3616371 3520173 4630 89 3515543 96198 4541 3322194 193349 83185 2341899
is_linear=0
shrinkage=0.00523217


Tree=31
num_leaves=12
num_cat=0
split_feature=5 11 2 5 19 9 2 2 21 7 19
split_gain=43.8849 37.3721 14.7957 12.171 11.1783 13.9822 75.6478 121.972 6.57345 6.31594 5.79207
threshold=inf 2.4709342718124394 0.73253357410430919 1.8844134211540224 3.5100355148315434 0.35326784849166876 1.518016576766968 1.2908283472061159 1.6345052719116213 inf -1.1945859193801878
decision_type=8 10 10 8 10 10 10 10 2 8 10
left_child=2 -2 9 10 5 -3 7 -7 -8 -1 -4
right_child=1 4 3 -5 -6 6 8 -9 -10 -11 -12
leaf_value=5.3559031466977832e-06 0.00032950202348202884 0.001700089306486228 5.9994970399438839e-05 -8.71176049683818e-05 0.00095792822872668053 0.0020032554190883346 0.0032295427187703099 0.027189618365556726 -2.117582267419136e-06 0.0036271384847679153 -1.6299400940534561e-05
leaf_weight=2721212 4045 224 28201 66808 273 13.000000000000002 29 7.9999999999999991 39 11.999999999999998 795503
leaf_count=2721212 4045 224 28201 66808 273 13 29 8 39 12 795503
internal_value=-3.1071e-08 0.000508911 -6.8403e-07 -1.91962e-05 0.0017428 0.00241863 0.00417219 0.0125718 0.00139611 5.37375e-06 -1.36863e-05
internal_weight=3.61637e+06 4631 3.61174e+06 890512 586 313 89 21 68 2.72122e+06 823704
internal_count=3616367 4631 3611736 890512 586 313 89 21 68 2721224 823704
is_linear=0
shrinkage=0.00523217


Tree=32
num_leaves=12
num_cat=0
split_feature=0 5 11 0 1 12 1 21 18 0 2
split_gain=49.2483 42.4662 35.1213 10.6945 10.6346 10.6259 60.4833 149.286 9.4629 7.23294 5.98232
threshold=-2.8311094045639034 inf 2.4709342718124394 -5.2503137588500968 1.4732577204704287 -2.8875877857208248 -2.0211319923400874 1.0000000180025095e-35 -1.3723340630531309 0.42565190792083746 0.31734596192836767
decision_type=2 8 10 2 2 10 2 2 10 2 10
left_child=3 4 -3 -1 8 6 7 -4 -2 -10 -7
right_child=1 2 5 -5 -6 10 -8 -9 9 -11 -12
leaf_value=-0.00025635918513044239 -2.7415598262201969e-05 0.00033050247320806365 0.0010252361731336449 -9.4964481172519181e-05 -3.517846087435497e-05 0.0027575120653726736 0.00074747060948762755 0.028637422048649792 1.3099369027524752e-06 1.8111190303523126e-05 0.0011420560404116868
leaf_weight=13005 232940 4042 16.000000000000004 83167 193313 75 66 6.9999999999999991 2012561 1076819 419
leaf_count=13005 232940 4042 16 83167 193313 75 66 7 2012561 1076819 419
internal_value=1.3994e-08 3.20559e-06 0.000504171 -0.000116801 2.54614e-06 0.00170375 0.00336818 0.0104512 4.74144e-06 7.16636e-06 0.00139494
internal_weight=3.61643e+06 3.52026e+06 4625 96172 3.51563e+06 583 89 23 3.32232e+06 3.08938e+06 494
internal_count=3616430 3520258 4625 96172 3515633 583 89 23 3322320 3089380 494
is_linear=0
shrinkage=0.00523217


Tree=33
num_leaves=12
num_cat=0
split_feature=5 6 11 12 19 2 2 6 19 12 20
split_gain=42.1481 37.5028 35.1975 10.1266 33.0849 83.9812 120.355 7.01148 6.56084 7.25932 6.17257
threshold=inf -1.7562635540962217 2.4709342718124394 -2.8875877857208248 3.5100355148315434 1.518016576766968 1.2908283472061159 -3.2375576496124263 -1.7223911285400388 inf 2.4103373289108281
decision_type=8 2 10 10 10 10 10 2 10 8 8
left_child=1 7 -2 4 5 6 -4 -1 9 -3 -10
right_child=2 8 3 -5 -6 -7 -8 -9 10 -11 -12
leaf_value=-0.00012213424831572324 0.00032511309882423767 0.00011360288366045553 0.00043700603033494889 0.0013958276704020185 0.00029964288469557518 0.0011822572839609992 0.030183727807371344 -5.1985106575456208e-05 3.9491736091076212e-06 0.0037354617839160235 -3.9294409516768166e-05
leaf_weight=56732 4037 13638 6.9999999999999982 494 48 28 7 125090 3323504 13.999999999999998 92884
leaf_count=56732 4037 13638 7 494 48 28 7 125090 3323504 14 92884
internal_value=-1.13639e-08 -6.50564e-07 0.000499298 0.00169892 0.00331409 0.00663808 0.0165552 -7.38781e-05 3.23092e-06 0.000117699 2.77323e-06
internal_weight=3.61648e+06 3.61186e+06 4621 584 90 42 14 181822 3.43004e+06 13652 3.41639e+06
internal_count=3616483 3611862 4621 584 90 42 14 181822 3430040 13652 3416388
is_linear=0
shrinkage=0.00523217


Tree=34
num_leaves=12
num_cat=0
split_feature=0 5 17 1 0 9 10 3 0 3 6
split_gain=48.429 41.7872 14.5199 10.5412 10.5253 9.06793 11.0266 7.91993 6.59503 5.56297 5.25696
threshold=-2.8311094045639034 inf 2.6309396028518681 1.4732577204704287 -5.2503137588500968 0.63041529059410106 1.3514844775199892 -1.5619652867317197 0.49354580044746404 1.3880044221878054 -2.334589838981628
decision_type=2 8 2 2 2 10 8 10 2 10 2
left_child=4 3 7 8 -1 6 -4 -3 -2 -5 -6
right_child=1 2 5 9 10 -7 -8 -9 -10 -11 -12
leaf_value=-0.00025434354903669347 -9.5405016177754157e-08 0.00059224274505382136 0.0092797811378783276 -3.7948318043635885e-05 -0.0001459702436818533 0.00050209254556782311 0.0027560926249325123 0.00010184906551492947 1.606800785794976e-05 0.00023875610152279675 -6.073294697397283e-05
leaf_weight=13001 2341832 3299 7.9999999999999991 191321 32646 36 45 1247 980294 2008 50510
leaf_count=13001 2341832 3299 8 191321 32646 36 45 1247 980294 2008 50510
internal_value=-2.14896e-08 3.14291e-06 0.00049955 2.48802e-06 -0.00011587 0.00258104 0.00393658 0.000457962 4.67386e-06 -3.50687e-05 -9.42073e-05
internal_weight=3.61625e+06 3.52009e+06 4635 3.51546e+06 96157 89 53 4546 3.32213e+06 193329 83156
internal_count=3616247 3520090 4635 3515455 96157 89 53 4546 3322126 193329 83156
is_linear=0
shrinkage=0.00523217


Tree=35
num_leaves=12
num_cat=0
split_feature=1 10 11 18 17 21 22 17 1 1 11
split_gain=46.1506 19.6139 12.7732 9.61139 9.36434 12.0001 26.9491 7.75262 7.46795 7.14547 5.30552
threshold=1.9465330839157107 inf 2.3443144559860234 -1.350426137447357 1.256743371486664 2.0494662523269658 0.6288849711418153 2.6309396028518681 2.5260295867919926 1.186980187892914 1.3594949841499331
decision_type=2 8 8 8 2 2 10 2 2 2 10
left_child=1 3 7 -1 -4 6 -6 -3 -2 10 -5
right_child=8 2 4 9 5 -7 -8 -9 -10 -11 -12
leaf_value=-2.7638671663825217e-05 -6.85151546909668e-05 0.00028853269449408191 0.0009787550681028042 5.9558239222853984e-06 0.010260496700623184 0.00040239766704070189 0.00084107307842553366 0.0040419814283669617 -0.0001524026814682762 -1.9742085113995274e-05 3.0413885373605948e-05
leaf_weight=253950 95747 3071 214 2679953 14.999999999999998 23 18 13.999999999999998 41752 274401 267014
leaf_count=253950 95747 3071 214 2679953 15 23 18 14 41752 274401 267014
internal_value=2.08428e-08 3.73719e-06 0.000403529 3.35087e-06 0.00149316 0.00338403 0.00535287 0.000307368 -9.39948e-05 5.79413e-06 8.17216e-06
internal_weight=3.61617e+06 3.47867e+06 3355 3.47532e+06 270 56 33 3085 137499 3.22137e+06 2.94697e+06
internal_count=3616172 3478673 3355 3475318 270 56 33 3085 137499 3221368 2946967
is_linear=0
shrinkage=0.00523217


Tree=36
num_leaves=12
num_cat=0
split_feature=6 2 8 13 6 3 4 13 3 12 12
split_gain=34.5795 9.90719 8.25517 7.60935 7.03935 6.75605 5.95429 4.686 4.53479 3.89302 3.67204
threshold=-1.7562635540962217 2.1178271770477299 -2.0658152103424068 0.86433568596839916 -4.6275835037231436 -1.8327757120132444 -2.1450655460357662 1.8150422573089602 0.65896105766296398 1.4479542374610903 -2.7149709463119502
decision_type=2 8 10 10 2 10 8 10 10 10 10
left_child=4 3 6 9 -1 -4 7 -3 -5 -2 -9
right_child=1 2 5 8 -6 -7 -8 10 -10 -11 -12
leaf_value=-0.0001832419477145588 6.1902875428893445e-06 0.00018870064839761829 -3.8741402875988843e-05 -2.1214947726793321e-05 -6.0796247457552359e-05 0.00023025288208886031 0.00020776578215510257 0.00024578188624608047 1.3006085528585389e-05 6.4199258893894292e-05 0.0012869010750917427
leaf_weight=13921 2780200 236 5095 472783 168736 5119 994 120 136614 32038 451
leaf_count=13921 2780200 236 5095 472783 168736 5119 994 120 136614 32038 451
internal_value=1.4183e-08 3.74604e-06 0.00015372 3.21913e-06 -7.01338e-05 9.60042e-05 0.000480322 0.000814248 -1.3542e-05 6.85146e-06 0.00107047
internal_weight=3.61631e+06 3.43365e+06 12015 3.42164e+06 182657 10214 1801 807 609397 2.81224e+06 571
internal_count=3616307 3433650 12015 3421635 182657 10214 1801 807 609397 2812238 571
is_linear=0
shrinkage=0.00523217


Tree=37
num_leaves=12
num_cat=0
split_feature=1 5 11 19 12 1 18 13 1 12 4
split_gain=45.1385 40.2322 35.1068 11.3921 32.5512 75.8739 9.19287 7.5586 7.26801 5.73904 5.51774
threshold=1.9465330839157107 inf 2.4709342718124394 3.5100355148315434 -2.8875877857208248 -2.0211319923400874 -1.350426137447357 0.91702494025230419 2.5260295867919926 -0.34653049707412714 -2.1450655460357662
decision_type=2 8 10 10 10 2 8 10 2 10 8
left_child=1 6 10 4 5 -4 -1 -8 -2 -6 -3
right_child=8 2 3 -5 9 -7 7 -9 -10 -11 -12
leaf_value=-2.7263940888877941e-05 -6.7831826185718073e-05 0.00059932870530921586 0.016029064945435868 0.00088972253798169057 0.0014515044237342681 0.0013989614695319949 8.9269720441077528e-06 -1.2945896875741213e-05 -0.00015059454327365175 0.0043400222076810571 0.00018425779652958468
leaf_weight=254005 95791 1292 13.999999999999998 271 253 28 2705363 514784 41736 20 2757
leaf_count=254005 95791 1292 14 271 253 28 2705363 514784 41736 20 2757
internal_value=1.40701e-08 3.68969e-06 0.00049077 0.00168676 0.00236403 0.00659953 3.03946e-06 5.43005e-06 -9.29552e-05 0.00168384 0.000317038
internal_weight=3.61631e+06 3.47879e+06 4635 586 315 42 3.47415e+06 3.22015e+06 137527 273 4049
internal_count=3616314 3478787 4635 586 315 42 3474152 3220147 137527 273 4049
is_linear=0
shrinkage=0.00523217


Tree=38
num_leaves=12
num_cat=0
split_feature=1 5 3 1 22 1 1 1 9 1 3
split_gain=44.7101 40.9652 9.91512 10.216 10.1282 7.69573 6.35001 4.11706 8.45698 5.11494 4.03224
threshold=2.0059845447540288 inf -1.5619652867317197 -1.0214615464210508 0.70004877448081981 1.3477758765220644 2.5260295867919926 -2.1492768526077266 0.54712507128715526 -1.6806299090385435 1.0157642960548403
decision_type=2 8 10 2 10 2 2 2 10 2 8
left_child=1 5 3 7 -5 -1 -2 8 -3 -9 -7
right_child=6 2 -4 4 -6 10 -8 9 -10 -11 -12
leaf_value=4.8465362000490196e-06 -7.0940927045675856e-05 0.00089987950194696513 9.6135018402798586e-05 0.0013584036442246704 0.0070520972048800827 -3.1959869878034184e-05 -0.00015023525035221137 0.0003979018842878827 0.0039031243031392802 0.00086917490811172211 7.7624694048028861e-05
leaf_weight=3268487 82132 341 1248 28 11.999999999999998 209869 41736 2048 27 921 9608
leaf_count=3268487 82132 341 1248 28 12 209869 41736 2048 27 921 9608
internal_value=2.04263e-08 3.48523e-06 0.000495515 0.000642786 0.00323939 2.83241e-06 -9.7666e-05 0.000610284 0.00113419 0.000544651 -2.71586e-05
internal_weight=3.61646e+06 3.49259e+06 4625 3377 40 3.48796e+06 123868 3337 368 2969 219477
internal_count=3616457 3492589 4625 3377 40 3487964 123868 3337 368 2969 219477
is_linear=0
shrinkage=0.00523217


Tree=39
num_leaves=12
num_cat=0
split_feature=1 5 11 15 1 12 12 1 1 12 13
split_gain=44.4232 40.2885 34.8796 15.4109 38.7561 85.0078 7.53357 7.46634 6.17618 5.1987 5.13316
threshold=2.0059845447540288 inf 2.4709342718124394 0.1308853626251221 -2.0211319923400874 -2.8875877857208248 -0.34653049707412714 1.3477758765220644 2.5260295867919926 1.5537733435630801 0.87484353780746471
decision_type=2 8 10 2 2 10 10 2 2 8 8
left_child=1 7 -3 4 5 -4 -6 9 -2 10 -1
right_child=8 2 3 -5 6 -7 -8 -9 -10 -11 -12
leaf_value=7.0641083548118187e-06 -7.1001420853225025e-05 0.00031739840970591171 0.016690678657848016 0.00031584843978447915 0.0012145279508193121 0.002792123656398643 0.00411631340780766 -2.6744521325189489e-05 -0.00014918148564161017 7.7804384440175131e-05 -1.0872685256127556e-05
leaf_weight=2721912 82151 4044 13.999999999999998 165 320 63 26 219442 41767 26474 520230
leaf_count=2721912 82151 4044 14 165 320 63 26 219442 41767 26474 520230
internal_value=-7.29545e-09 3.4465e-06 0.000491026 0.00168077 0.00220892 0.00554354 0.00144817 2.79862e-06 -9.73599e-05 4.78229e-06 4.18574e-06
internal_weight=3.61661e+06 3.49269e+06 4632 588 423 77 346 3.48806e+06 123918 3.26862e+06 3.24214e+06
internal_count=3616608 3492690 4632 588 423 77 346 3488058 123918 3268616 3242142
is_linear=0
shrinkage=0.00523217


Tree=40
num_leaves=12
num_cat=0
split_feature=0 23 11 15 1 7 17 20 0 1 1
split_gain=45.8143 38.9283 38.2372 15.4609 37.8753 69.1514 11.1362 10.7591 10.2267 10.1641 9.98221
threshold=-2.8311094045639034 inf 2.4709342718124394 0.1308853626251221 -2.0211319923400874 1.4481042027473452 2.6309396028518681 1.8430477380752566 -5.2503137588500968 -1.5578341484069822 1.4732577204704287
decision_type=2 8 8 2 2 10 2 10 2 2 2
left_child=8 10 6 4 5 -4 -3 -6 -1 -8 -2
right_child=1 2 3 -5 7 -7 9 -9 -10 -11 -12
leaf_value=-0.00024906003433152119 4.6194817954774213e-06 0.00026551100957398105 0.0018580456691628638 0.00036106282443799633 0.0043098732800177517 0.012306329381614004 0.00016671273127132064 0.0011923434665863054 -9.1257939394981085e-05 0.0044150407573271249 -3.4058929127271938e-05
leaf_weight=13010 3322118 4144 50 166 33 26 29 313 83148 33 193288
leaf_count=13010 3322118 4144 50 166 33 26 29 313 83148 33 193288
internal_value=5.72722e-08 3.13542e-06 0.00047424 0.00172293 0.00225423 0.00557659 0.000299047 0.00150565 -0.000112619 0.00248092 2.49258e-06
internal_weight=3.61636e+06 3.5202e+06 4794 588 422 76 4206 346 96158 62 3.51541e+06
internal_count=3616358 3520200 4794 588 422 76 4206 346 96158 62 3515406
is_linear=0
shrinkage=0.00523217


Tree=41
num_leaves=12
num_cat=0
split_feature=2 20 14 13 11 20 19 2 19 13 22
split_gain=12.2164 9.69841 6.19009 10.1965 15.0095 16.7006 5.95386 5.73015 5.92322 4.2055 4.12846
threshold=0.49242021143436437 0.72732234001159679 -2.2688183784484859 2.2211642265319829 3.5342688560485844 3.3389630317687993 -1.7223911285400388 2.1178271770477299 -0.48513601720333094 -1.0016154646873472 0.2907195389270783
decision_type=10 8 2 10 10 10 10 8 8 10 10
left_child=6 7 3 -3 -5 -6 -1 10 9 -9 -2
right_child=1 2 -4 4 5 -7 -8 8 -10 -11 -12
leaf_value=0.00012428367003909736 -1.2320026735449501e-05 -7.1057371040036307e-06 -4.1852523160204094e-05 0.00043979788584820758 0.00080326651020426432 0.0069015759488040814 6.4618048797964881e-06 0.0041582569418068616 4.6839589631407139e-05 0.00038515254881085862 1.2744355669149458e-05
leaf_weight=11800 717483 2866 296476 1168 31 20 2340473 6.9999999999999991 4212 1838 240079
leaf_count=11800 717483 2866 296476 1168 31 20 2340473 7 4212 1838 240079
internal_value=3.29732e-09 -1.3114e-05 -3.90629e-05 0.000163153 0.000563727 0.00331231 7.05325e-06 -5.01942e-06 0.000155383 0.000402556 -6.03506e-06
internal_weight=3.61645e+06 1.26418e+06 300561 4085 1219 51 2.35227e+06 963619 6057 1845 957562
internal_count=3616453 1264180 300561 4085 1219 51 2352273 963619 6057 1845 957562
is_linear=0
shrinkage=0.00523217


Tree=42
num_leaves=12
num_cat=0
split_feature=5 6 3 18 6 12 15 15 2 18 9
split_gain=39.9261 35.2812 9.80692 9.66349 6.77693 6.6407 5.50174 8.05707 5.30722 4.75065 4.46872
threshold=inf -1.7562635540962217 -1.5619652867317197 -1.350426137447357 -3.2375576496124263 1.0790656805038454 0.051682103425264365 0.035107454285025604 0.10420705005526544 -0.55266803503036488 0.59945368766784679
decision_type=8 2 10 8 2 10 2 2 10 8 10
left_child=1 4 6 -3 -1 8 7 -2 9 -5 -8
right_child=2 3 -4 5 -6 -7 10 -9 -10 -11 -12
leaf_value=-0.00011907328697651165 0.00076277995916360791 -2.7929425922381568e-05 8.8853937743198249e-05 2.4471138709933883e-05 -5.0118748512883772e-05 3.7193078237335462e-05 0.00070230545695349259 0.0048142060846034481 -3.0936236319227151e-06 4.4258057572541028e-06 0.00023217118387152126
leaf_weight=56746 40 253764 1254 475180 125154 172496 2615 20 1512976 1015455 711
leaf_count=56746 40 253764 1254 475180 125154 172496 2615 20 1512976 1015455 711
internal_value=-2.21678e-09 -6.25636e-07 0.00048497 3.14007e-06 -7.1635e-05 5.62272e-06 0.000631352 0.0021933 3.80936e-06 1.08163e-05 0.000602164
internal_weight=3.61641e+06 3.61177e+06 4640 3.42987e+06 181900 3.17611e+06 3386 60 3.00361e+06 1.49064e+06 3326
internal_count=3616411 3611771 4640 3429871 181900 3176107 3386 60 3003611 1490635 3326
is_linear=0
shrinkage=0.00523217


Tree=43
num_leaves=12
num_cat=0
split_feature=1 23 6 6 6 12 13 9 1 4 9
split_gain=43.0889 39.5234 8.25154 7.8692 5.99059 5.89116 5.75537 4.70141 5.26488 9.92459 5.01937
threshold=1.9465330839157107 inf -2.9317295551300044 -1.5930896401405332 -0.055509384721517556 1.4479542374610903 0.91702494025230419 0.59945368766784679 -1.1827325224876402 -2.1450655460357662 0.50421270728111278
decision_type=2 8 2 2 2 8 10 10 2 10 10
left_child=1 3 -2 -1 7 6 -5 8 10 -10 -3
right_child=2 4 -4 5 -6 -7 -8 -9 9 -11 -12
leaf_value=-3.5313366030826666e-05 -0.00015853558103167025 0.00067880878321985045 -6.6553903844052687e-05 6.7207432849573892e-06 0.00030590261349411286 6.6609808335023712e-05 -1.2501433992962723e-05 0.00024311126020300518 0.0042647592033277868 0.0004496162567381177 0.0020149581086949483
leaf_weight=141228 36310 1535 101122 2788065 2559 41369 503383 525 33 43 81
leaf_count=141228 36310 1535 101122 2788065 2559 41369 503383 525 33 43 81
internal_value=3.8672e-09 3.59385e-06 -9.08628e-05 2.93964e-06 0.000479176 4.56086e-06 3.78072e-06 0.000678548 0.000812919 0.00215654 0.000747702
internal_weight=3.61625e+06 3.47882e+06 137432 3.47404e+06 4776 3.33282e+06 3.29145e+06 2217 1692 76 1616
internal_count=3616253 3478821 137432 3474045 4776 3332817 3291448 2217 1692 76 1616
is_linear=0
shrinkage=0.00523217


Tree=44
num_leaves=12
num_cat=0
split_feature=5 11 13 12 24 7 24 5 7 12 24
split_gain=39.0046 34.4275 14.7797 9.58877 19.9388 57.5703 131.118 9.29335 7.54531 6.18117 16.3148
threshold=inf 2.4709342718124394 0.92790034413337719 -2.8875877857208248 -0.045788111165165894 1.4481042027473452 0.23105899989604953 1.4445834159851076 inf -0.34653049707412714 -1.0089073777198789
decision_type=8 10 10 10 10 10 8 10 8 10 8
left_child=2 -2 8 4 -3 -6 -7 -4 -1 -5 -11
right_child=1 3 7 9 5 6 -8 -9 -10 10 -12
leaf_value=4.0455421694781167e-06 0.00030751562021939273 0.00037227775429463848 -1.7572204627963415e-05 0.0012151360415025264 0.00057590631947183858 0.026888960462609263 0.00090796909603410776 -8.6201987918890774e-05 0.0043020698405585823 0.0075144786989874476 -0.00011866110520629628
leaf_weight=3022215 4053 39 529341 467 30 7.9999999999999991 13.000000000000002 60162 9.9999999999999982 13.999999999999998 15.000000000000002
leaf_count=3022215 4053 39 529341 467 30 8 13 60162 10 14 15
internal_value=3.09997e-09 0.000479399 -6.12583e-07 0.00166383 0.00323635 0.00535309 0.0117471 -2.45778e-05 4.06171e-06 0.00136986 0.00368966
internal_weight=3.61637e+06 4639 3.61173e+06 586 90 51 21 589503 3.02222e+06 496 29
internal_count=3616367 4639 3611728 586 90 51 21 589503 3022225 496 29
is_linear=0
shrinkage=0.00523217


Tree=45
num_leaves=12
num_cat=0
split_feature=23 11 6 19 12 24 24 6 19 4 11
split_gain=38.6419 37.4697 34.4364 11.7667 36.7242 45.6712 113.482 6.53329 6.33222 5.19665 6.01615
threshold=inf 2.4709342718124394 -1.7562635540962217 3.5100355148315434 -2.8875877857208248 0.26463249325752264 -0.13733062148094174 -2.9317295551300044 -1.7223911285400388 -2.1450655460357662 1.7658326625823977
decision_type=8 8 2 10 10 10 8 2 10 8 10
left_child=2 9 7 4 5 6 -3 -1 -4 -2 -11
right_child=1 3 8 -5 -6 -7 -8 -9 -10 10 -12
leaf_value=-0.00010998215714190475 0.00057220399464869031 0.00060055780042331567 0.00011565844129729109 0.0008968608247440687 0.0016641176538064594 0.0011347383586284801 0.023899578865245245 -4.5666296256951886e-05 2.6621686216629652e-06 0.00010181250796296272 0.00093691477755326923
leaf_weight=70983 1299 11.999999999999998 13630 270 271 21 10.000000000000002 110802 3416055 2716 258
leaf_count=70983 1299 12 13630 270 271 21 10 110802 3416055 2716 258
internal_value=1.91542e-08 0.000466338 -6.07919e-07 0.00170836 0.00239761 0.00683397 0.0119043 -7.07852e-05 3.1115e-06 0.000295975 0.000174873
internal_weight=3.61633e+06 4857 3.61147e+06 584 314 43 22 181785 3.42968e+06 4273 2974
internal_count=3616327 4857 3611470 584 314 43 22 181785 3429685 4273 2974
is_linear=0
shrinkage=0.00523217


Tree=46
num_leaves=12
num_cat=0
split_feature=23 6 17 15 7 20 20 13 13 20 16
split_gain=38.2235 33.9459 15.9921 12.0819 8.58868 8.64225 17.2453 7.54182 6.76804 6.1048 8.60143
threshold=inf -1.7562635540962217 2.6309396028518681 0.12243867665529252 1.4481042027473452 3.088010430335999 3.6999460458755498 0.86433568596839916 0.93864995241165172 0.34692119061946874 -1.08133327960968
decision_type=8 2 2 2 10 8 10 8 10 8 2
left_child=1 8 9 -4 -5 -6 -7 -3 -1 -2 -11
right_child=2 7 3 4 5 6 -8 -9 -10 10 -12
leaf_value=-4.9828651321994776e-05 -3.3830271362114629e-05 6.6796232334420651e-06 0.0005810083121380598 0.00066845110455336241 0.0013839092907794311 0.012811359292292036 0.0034647755400024076 -1.3543922196327012e-05 -0.0001201020341766499 0.0048978316786014104 0.00048456069630142302
leaf_weight=128864 687 2814318 43 12.999999999999998 10.000000000000002 8.9999999999999964 15 615128 52975 10.999999999999998 4082
leaf_count=128864 687 2814318 43 13 10 9 15 615128 52975 11 4082
internal_value=-1.66777e-08 -6.41655e-07 0.00046315 0.00263593 0.00443893 0.00578686 0.00743846 3.05196e-06 -7.03064e-05 0.00042143 0.000498028
internal_weight=3.61616e+06 3.61128e+06 4870 90 47 34 24 3.42945e+06 181839 4780 4093
internal_count=3616155 3611285 4870 90 47 34 24 3429446 181839 4780 4093
is_linear=0
shrinkage=0.00523217


Tree=47
num_leaves=12
num_cat=0
split_feature=5 11 3 13 18 22 22 13 24 22 3
split_gain=37.6857 34.6241 14.8117 9.79607 9.33781 8.41848 40.1051 40.314 60.3733 8.58899 8.46444
threshold=inf 2.4709342718124394 -2.0537233352661128 0.91702494025230419 -1.4203901290893552 0.15587764978408816 0.34535038471221929 1.6496478915214541 -1.4456848502159116 -1.0203602313995359 -3.2996683120727535
decision_type=8 10 8 10 10 10 10 10 10 10 10
left_child=2 -2 -1 4 -4 9 7 10 -9 -3 -7
right_child=1 5 3 -5 -6 6 -8 8 -10 -11 -12
leaf_value=-5.0526255317969515e-05 0.00029924649989368089 0.0031660588540302062 -3.007523414768659e-05 -1.8544349204655119e-05 7.965330475810782e-06 0.00052281089605045353 0.00082478666002625141 0.0020336132149234324 0.017684050227238804 0.00086311542143665588 0.0052058399126548088
leaf_weight=155675 4050 51 188939 552634 2714388 27 136 13.000000000000002 13.999999999999998 326 17
leaf_count=155675 4050 51 188939 552634 2714388 27 136 13 14 326 17
internal_value=2.31429e-09 0.000471477 -6.02555e-07 1.64606e-06 5.48949e-06 0.0016615 0.00251253 0.00566783 0.0105785 0.0011857 0.00243879
internal_weight=3.61627e+06 4634 3.61164e+06 3.45596e+06 2.90333e+06 584 207 71 27 377 44
internal_count=3616270 4634 3611636 3455961 2903327 584 207 71 27 377 44
is_linear=0
shrinkage=0.00523217


Tree=48
num_leaves=12
num_cat=0
split_feature=0 5 11 17 19 17 0 0 0 14 0
split_gain=44.3409 36.836 34.2398 10.5642 10.3368 16.0005 68.0646 9.97423 9.23973 8.6339 7.48265
threshold=-2.8311094045639034 inf 2.4709342718124394 2.6309396028518681 3.5100355148315434 1.5276672244071963 -0.048794552683830254 -5.2503137588500968 0.35064649581909185 -0.44471327960491175 -0.063385818153619752
decision_type=2 8 10 2 10 2 2 2 2 2 2
left_child=7 8 3 -3 5 9 -7 -1 -2 -4 -5
right_child=1 2 4 10 -6 6 -8 -9 -10 -11 -12
leaf_value=-0.00024551711472866575 -4.5746468717412348e-06 0.00026403684318280243 0.0013025287626198738 0.0040313101999924156 0.00089726031872077144 0.0013561168893126904 0.013936780974087036 -8.9720045982715467e-05 1.2702708981560619e-05 0.0041317575484371974 0.00039045930412569431
leaf_weight=13018 2090911 3987 217 34 271 45 14.999999999999998 83178 1424718 34 29
leaf_count=13018 2090911 3987 217 34 271 45 15 83178 1424718 34 29
internal_value=1.26964e-08 3.04148e-06 0.000469264 0.000298246 0.00165495 0.00230671 0.0047229 -0.000110815 2.42682e-06 0.00170653 0.00240593
internal_weight=3.61646e+06 3.52026e+06 4632 4050 582 311 60 96196 3.51563e+06 251 63
internal_count=3616457 3520261 4632 4050 582 311 60 96196 3515629 251 63
is_linear=0
shrinkage=0.00523217


Tree=49
num_leaves=12
num_cat=0
split_feature=0 23 11 17 0 24 24 17 0 4 0
split_gain=44.1315 37.3478 35.2233 10.4628 9.93754 9.45292 27.283 93.8302 9.14266 8.34014 7.40641
threshold=-2.8311094045639034 inf 2.4709342718124394 2.6309396028518681 -5.2503137588500968 -0.13733062148094174 0.26463249325752264 1.5276672244071963 0.35064649581909185 -2.1450655460357662 -0.063385818153619752
decision_type=2 8 8 2 2 8 10 2 2 10 2
left_child=4 8 3 -3 -1 -4 7 -7 -2 -8 -5
right_child=1 2 5 10 -6 6 9 -9 -10 -11 -12
leaf_value=-0.00024518127441664476 -4.531624823294066e-06 0.00026288012219677847 0.0011287019283038407 0.0040109262767137948 -8.9519995716661163e-05 0.0028086698977606889 0.0058640027641206688 0.020845824314879774 1.2655271213506716e-05 0.00092741154385395108 0.00038849636711040425
leaf_weight=12990 2090755 4143 366 34 83130 62 8.9999999999999982 7.9999999999999991 1424641 147 29
leaf_count=12990 2090755 4143 366 34 83130 62 9 8 1424641 147 29
internal_value=4.26747e-08 3.06319e-06 0.000464312 0.000295653 -0.000110568 0.00165826 0.00250198 0.00519326 2.43327e-06 0.00125928 0.00239384
internal_weight=3.61631e+06 3.52019e+06 4798 4206 96120 592 226 70 3.5154e+06 156 63
internal_count=3616314 3520194 4798 4206 96120 592 226 70 3515396 156 63
is_linear=0
shrinkage=0.00523217


Tree=50
num_leaves=12
num_cat=0
split_feature=0 1 18 1 11 15 0 18 0 19 6
split_gain=43.4933 9.86856 10.0527 25.6647 31.3874 16.5314 9.81787 9.03923 6.56072 5.08837 4.97691
threshold=-2.8311094045639034 1.4732577204704287 2.6586002111434941 -1.0068958997726438 2.4709342718124394 0.1308853626251221 -5.2503137588500968 -1.3723340630531309 0.42565190792083746 -1.7223911285400388 -0.99721914529800404
decision_type=2 2 10 2 10 2 2 10 2 10 2
left_child=6 2 7 4 -4 -6 -1 -2 9 -9 -8
right_child=1 -3 3 -5 5 -7 10 8 -10 -11 -12
leaf_value=-0.00024349528156659815 -2.6812328160196879e-05 -3.3363236010896575e-05 0.00030997302099550325 -5.400254362671337e-05 0.002253836536111861 0.00027077624902625851 -0.00011676775737990502 0.00013225638448114571 1.7394913863367304e-05 8.5344901896358457e-07 -3.00956779024949e-05
leaf_weight=13009 233196 193425 3334 5489 384 166 56403 8099 1076218 1999752 26776
leaf_count=13009 233196 193425 3334 5489 384 166 56403 8099 1076218 1999752 26776
internal_value=-3.19662e-08 2.96733e-06 5.08e-06 0.00017618 0.000501606 0.00165863 -0.0001098 4.59625e-06 6.97142e-06 1.38396e-06 -8.88778e-05
internal_weight=3.61625e+06 3.52006e+06 3.32664e+06 9373 3884 550 96188 3.31726e+06 3.08407e+06 2.00785e+06 83179
internal_count=3616251 3520063 3326638 9373 3884 550 96188 3317265 3084069 2007851 83179
is_linear=0
shrinkage=0.00523217


Tree=51
num_leaves=12
num_cat=0
split_feature=0 10 0 1 15 20 20 1 4 0 1
split_gain=42.9756 16.6926 9.79856 9.76794 7.97569 21.6982 7.12411 7.5879 12.208 5.72853 6.24658
threshold=-2.8311094045639034 inf -5.2503137588500968 1.4075441956520083 -1.6162199974060056 0.53299644589424144 1.0573062896728518 -1.637203514575958 -1.9399672150611875 0.49354580044746404 -2.3427000045776363
decision_type=2 8 2 2 2 10 8 2 10 2 2
left_child=2 3 -1 9 5 -3 -6 -8 -9 10 -2
right_child=1 4 -4 -5 6 -7 7 8 -10 -11 -12
leaf_value=-0.00024292191134060449 0.001275364047533424 0 -8.8320912638187863e-05 -3.1125222944984398e-05 -3.698262952738956e-05 0.010316329110302388 0.00033185495513781983 0.0016316708320503717 7.7628410347066367e-05 1.5416652406661781e-05 2.6767577187440385e-07
leaf_weight=12983 104 18.000000000000004 83162 220897 945 6.9999999999999991 1833 351 230 980173 2315493
leaf_count=12983 104 18 83162 220897 945 7 1833 351 230 980173 2315493
internal_value=-7.055e-08 2.9102e-06 -0.000109209 2.55647e-06 0.000370147 0.00325136 0.000347328 0.000498049 0.00101926 4.81422e-06 3.25942e-07
internal_weight=3.6162e+06 3.52005e+06 96145 3.51667e+06 3384 25 3359 2414 581 3.29577e+06 2.3156e+06
internal_count=3616196 3520051 96145 3516667 3384 25 3359 2414 581 3295770 2315597
is_linear=0
shrinkage=0.00523217


Tree=52
num_leaves=12
num_cat=0
split_feature=0 10 0 1 18 15 20 20 18 0 1
split_gain=42.5781 16.9893 9.70757 9.66939 9.03257 7.59325 21.7817 7.27945 8.6494 6.06886 6.42365
threshold=-2.8311094045639034 inf -5.2503137588500968 1.4075441956520083 -1.350426137447357 -1.6162199974060056 0.53299644589424144 1.0573062896728518 -0.84497377276420582 0.49354580044746404 -2.3427000045776363
decision_type=2 8 2 2 8 2 10 8 10 2 2
left_child=2 3 -1 4 -2 6 -3 -7 -9 10 -6
right_child=1 5 -4 -5 9 7 -8 8 -10 -11 -12
leaf_value=-0.00024164917897877386 -2.5686952038253372e-05 1.5528885064032332e-05 -8.7814962004741448e-05 -3.088840172766387e-05 0.0013209137632902662 -3.7338338931394575e-05 0.010270150133232778 0.0058857768564399612 0.00048450244287987523 1.8873255710056008e-05 2.5460217518145375e-06
leaf_weight=12992 245145 19.000000000000004 83173 220913 100 946 6.9999999999999991 6.9999999999999991 2404 884416 2166284
leaf_count=12992 245145 19 83173 220913 100 946 7 7 2404 884416 2166284
internal_value=1.09706e-08 2.97849e-06 -0.000108609 2.6217e-06 4.86799e-06 0.000373519 0.00313247 0.000350817 0.000503394 7.32349e-06 2.60797e-06
internal_weight=3.61641e+06 3.52024e+06 96165 3.51686e+06 3.29594e+06 3383 26 3357 2411 3.0508e+06 2.16638e+06
internal_count=3616406 3520241 96165 3516858 3295945 3383 26 3357 2411 3050800 2166384
is_linear=0
shrinkage=0.00523217


Tree=53
num_leaves=12
num_cat=0
split_feature=0 23 11 0 1 2 2 1 18 0 10
split_gain=42.1532 36.5848 35.2032 9.50489 9.24554 9.06821 64.4063 42.5868 8.85271 6.55702 5.24667
threshold=-2.8311094045639034 inf 2.4709342718124394 -5.2503137588500968 1.4732577204704287 1.5585395693778994 1.4528406858444216 -2.0211319923400874 -1.3723340630531309 0.42565190792083746 1.7997974753379824
decision_type=2 8 8 2 2 10 8 2 8 2 8
left_child=3 4 -3 -1 8 6 10 -8 -2 -10 -4
right_child=1 2 5 -5 -6 -7 7 -9 9 -11 -12
leaf_value=-0.00023963600733826175 -2.6742968209269038e-05 0.00029163306824717415 0.0022952523640200821 -8.7505849304839154e-05 -3.2862307483688676e-05 0.001082218916546984 0.016364426884273874 0.0025756323455330514 1.1314480955439349e-06 1.7129561252589951e-05 0.00068846432574777702
leaf_weight=13011 232908 4213 114 83128 193282 334 13.000000000000002 11.999999999999998 2012343 1076647 114
leaf_count=13011 232908 4213 114 83128 193282 334 13 12 2012343 1076647 114
internal_value=-1.32916e-08 2.93877e-06 0.000459356 -0.000108105 2.31515e-06 0.00165876 0.00240816 0.0101916 4.36217e-06 6.70775e-06 0.00150306
internal_weight=3.61612e+06 3.51998e+06 4800 96139 3.51518e+06 587 253 25 3.3219e+06 3.08899e+06 228
internal_count=3616119 3519980 4800 96139 3515180 587 253 25 3321898 3088990 228
is_linear=0
shrinkage=0.00523217


Tree=54
num_leaves=12
num_cat=0
split_feature=0 10 1 0 18 12 20 20 0 1 3
split_gain=41.52 16.315 9.44032 9.42679 8.93851 6.92644 6.33325 18.2485 5.94131 6.09132 5.83558
threshold=-2.8311094045639034 inf 1.4075441956520083 -5.2503137588500968 -1.350426137447357 1.3766531348228457 0.67421117424964916 0.72732234001159679 0.49354580044746404 -2.3427000045776363 1.3880044221878054
decision_type=2 8 2 2 10 8 10 10 2 2 10
left_child=3 2 4 -1 -2 6 -3 -8 9 -6 -4
right_child=1 5 10 -5 8 -7 7 -9 -10 -11 -12
leaf_value=-0.00023823090493927049 -2.5550402173017204e-05 -1.9554483854226636e-05 -3.3260634854313288e-05 -8.670431227295683e-05 0.001280077387167997 0.0051829436210872699 0.0071660805399213585 0.00045977332568650643 1.8717229593290625e-05 2.5622165468745695e-06 0.00022975981337146727
leaf_weight=13005 245138 907 218645 83188 101 6.9999999999999991 9.9999999999999982 2467 884266 2166320 2332
leaf_count=13005 245138 907 218645 83188 101 7 10 2467 884266 2166320 2332
internal_value=4.47473e-08 2.97562e-06 2.62556e-06 -0.000107201 4.84547e-06 0.00036566 0.000353652 0.000490577 7.2882e-06 2.62284e-06 -3.04801e-05
internal_weight=3.61639e+06 3.52019e+06 3.5168e+06 96193 3.29582e+06 3391 3384 2477 3.05069e+06 2.16642e+06 220977
internal_count=3616386 3520193 3516802 96193 3295825 3391 3384 2477 3050687 2166421 220977
is_linear=0
shrinkage=0.00523217


Tree=55
num_leaves=12
num_cat=0
split_feature=0 5 0 1 19 1 12 0 15 19 12
split_gain=41.4342 34.3494 9.20091 9.01606 8.0703 13.7054 6.80206 5.95324 5.63008 5.615 6.93917
threshold=-2.8311094045639034 inf -5.2503137588500968 1.4732577204704287 2.0793765783309941 -1.0214615464210508 -1.2364246845245359 0.49354580044746404 0.051682103425264365 -1.7223911285400388 -3.8752672672271724
decision_type=2 8 2 2 10 2 10 2 2 10 10
left_child=2 3 -1 7 -3 8 -7 9 -6 10 -2
right_child=1 4 -4 -5 5 6 -8 -9 -10 -11 -12
leaf_value=-0.0002366818285946019 0.0042500056005271205 3.7665765889084676e-05 -8.6921270418519124e-05 -3.240589145047948e-05 0.0023782411442123991 0.00687457458474786 0.0018431122867521414 1.5170376150497787e-05 0.00051235097208947105 -6.9719459935097294e-07 0.00012336271628393558
leaf_weight=12994 9.9999999999999982 1007 83153 193382 44 11.999999999999998 21 980271 3551 2332550 9241
leaf_count=12994 10 1007 83153 193382 44 12 21 980271 3551 2332550 9241
internal_value=-1.02077e-08 2.91659e-06 -0.000107172 2.32282e-06 0.000452982 0.000567988 0.00387068 4.34467e-06 0.000536186 -1.86596e-07 0.000128453
internal_weight=3.61624e+06 3.52009e+06 96147 3.51545e+06 4635 3628 33 3.32207e+06 3595 2.3418e+06 9251
internal_count=3616236 3520089 96147 3515454 4635 3628 33 3322072 3595 2341801 9251
is_linear=0
shrinkage=0.00523217


Tree=56
num_leaves=12
num_cat=0
split_feature=0 23 11 24 24 22 0 0 3 3 6
split_gain=40.6817 35.7003 34.1453 9.46463 26.7033 52.386 9.22987 8.67067 6.91483 6.01204 5.91609
threshold=-2.8311094045639034 inf 2.4709342718124394 -0.13733062148094174 0.26463249325752264 0.32657924294471746 -5.2503137588500968 0.35064649581909185 1.0157642960548403 -3.5447759628295894 -1.5930896401405332
decision_type=2 8 8 8 10 10 2 2 10 10 2
left_child=6 7 -3 9 5 -5 -1 8 10 -4 -2
right_child=1 2 3 4 -6 -7 -8 -9 -10 -11 -12
leaf_value=-0.00023588323572869803 -3.9987998802857752e-05 0.00028814288766985203 0.00028772089576975545 0.0026214592554369589 0.0012417406129498264 0.013449088573700047 -8.5881573432671301e-05 1.2251502132535938e-05 2.8719962548148599e-05 0.0016609791033469733 -4.6546965307947816e-06
leaf_weight=12992 139860 4207 150 55 155 14.999999999999998 83183 1424697 158640 215 1792105
leaf_count=12992 139860 4207 150 55 155 15 83183 1424697 158640 215 1792105
internal_value=1.21419e-08 2.91309e-06 0.000453921 0.0016317 0.0024779 0.00513774 -0.000106156 2.29726e-06 -4.48593e-06 0.00110157 -7.21301e-06
internal_weight=3.61627e+06 3.5201e+06 4797 590 225 70 96175 3.5153e+06 2.0906e+06 365 1.93196e+06
internal_count=3616274 3520099 4797 590 225 70 96175 3515302 2090605 365 1931965
is_linear=0
shrinkage=0.00523217


Tree=57
num_leaves=12
num_cat=0
split_feature=0 23 0 0 19 19 15 15 15 6 0
split_gain=40.3111 34.9437 9.07094 8.58922 7.5387 7.02167 6.97414 6.17882 6.04695 5.69828 5.68946
threshold=-2.8311094045639034 inf -5.2503137588500968 0.35064649581909185 2.0793765783309941 -1.3936972618103025 0.051682103425264365 -1.5593801140785215 0.035107454285025604 -1.5930896401405332 -0.11258016154170035
decision_type=2 8 2 2 10 10 2 2 2 2 2
left_child=2 3 -1 5 7 -2 8 -3 -6 -7 -8
right_child=1 4 -4 -5 6 9 10 -9 -10 -11 -12
leaf_value=-0.00023426702600190421 5.8889951424243329e-05 0.0041389183336434411 -8.5594330356485231e-05 1.2172437516060095e-05 0.0010388850015302924 -3.8001291946416726e-05 0.0020871738287620563 4.3405417143973852e-05 0.0048286097080721185 -3.5565446066527541e-06 0.00050920504977252051
leaf_weight=12999 46783 8.9999999999999982 83166 1424682 33 141250 63 1148 18 1902483 3528
leaf_count=12999 46783 9 83166 1424682 33 141250 63 1148 18 1902483 3528
internal_value=-1.27087e-08 2.87449e-06 -0.000105702 2.26507e-06 0.000448985 -4.48639e-06 0.000565873 8.01483e-05 0.0024709 -5.93756e-06 0.00053779
internal_weight=3.61616e+06 3.52e+06 96165 3.5152e+06 4799 2.09052e+06 3642 1157 51 2.04373e+06 3591
internal_count=3616162 3519997 96165 3515198 4799 2090516 3642 1157 51 2043733 3591
is_linear=0
shrinkage=0.00523217


Tree=58
num_leaves=12
num_cat=0
split_feature=0 5 3 1 12 0 1 0 3 19 12
split_gain=40.2062 34.0373 9.06896 9.66505 9.61537 8.96948 8.87249 5.78965 5.47575 5.45588 6.14973
threshold=-2.8311094045639034 inf -1.5619652867317197 -1.0214615464210508 -1.2364246845245359 -5.2503137588500968 1.4732577204704287 0.49354580044746404 1.3880044221878054 -1.7223911285400388 -3.8752672672271724
decision_type=2 8 10 2 10 2 2 2 10 10 10
left_child=5 6 3 -3 -5 -1 7 9 -8 10 -2
right_child=1 2 -4 4 -6 -7 8 -9 -10 -11 -12
leaf_value=-0.00023340257077524262 0.0038440047612257177 0.00055968011773561803 6.9851753448062857e-05 0.0068305172675513269 0.0012850568571275776 -8.5598945640752148e-05 -3.5071167678661581e-05 1.4919574167512352e-05 0.00023912069563325535 -7.2838085371554991e-07 0.00012160014370149095
leaf_weight=13006 10.999999999999998 3348 1256 11.999999999999998 28 83178 191394 980171 2013 2332810 9236
leaf_count=13006 11 3348 1256 12 28 83178 191394 980171 2013 2332810 9236
internal_value=-5.48298e-08 2.82866e-06 0.00045041 0.00059118 0.00311649 -0.000105596 2.23704e-06 4.24277e-06 -3.22118e-05 -2.25229e-07 0.000126606
internal_weight=3.61646e+06 3.52028e+06 4644 3388 40 96184 3.51564e+06 3.32223e+06 193407 2.34206e+06 9247
internal_count=3616463 3520279 4644 3388 40 96184 3515635 3322228 193407 2342057 9247
is_linear=0
shrinkage=0.00523217


Tree=59
num_leaves=12
num_cat=0
split_feature=0 5 17 21 0 0 19 19 6 6 7
split_gain=39.3551 33.6192 14.9625 29.6452 8.87738 8.39013 7.03246 6.38192 5.68346 4.8538 4.63265
threshold=-2.8311094045639034 inf 2.6309396028518681 0.1850014925003052 -5.2503137588500968 0.35064649581909185 -1.3936972618103025 2.0793765783309941 -1.5930896401405332 -2.334589838981628 inf
decision_type=2 8 2 2 2 2 10 10 2 2 8
left_child=4 5 7 -4 -1 6 10 -3 -8 -6 -2
right_child=1 2 3 -5 9 -7 8 -9 -10 -11 -12
leaf_value=-0.0002316836766628756 5.8037353470482227e-05 3.5528793916293359e-05 0.0098192112520565696 0.0012924729590392001 -0.00013425464684075917 1.2109210701301618e-05 -3.7836687478973443e-05 0.00050951523252321714 -3.4307786318561804e-06 -5.2342231007408482e-05 0.0027764123816199611
leaf_weight=12982 46790 1001 11.999999999999998 79 32642 1424523 141195 3546 1902863 50487 15.999999999999998
leaf_count=12982 46790 1001 12 79 32642 1424523 141195 3546 1902863 50487 16
internal_value=5.14833e-08 2.90388e-06 0.000448016 0.00253708 -0.000104407 2.31625e-06 -4.3554e-06 0.000405382 -5.80781e-06 -8.45176e-05 5.90538e-05
internal_weight=3.61614e+06 3.52002e+06 4638 91 96111 3.51539e+06 2.09086e+06 4547 2.04406e+06 83129 46806
internal_count=3616136 3520025 4638 91 96111 3515387 2090864 4547 2044058 83129 46806
is_linear=0
shrinkage=0.00523217


Tree=60
num_leaves=12
num_cat=0
split_feature=1 1 1 12 4 14 1 19 20 15 20
split_gain=38.112 6.70259 5.41679 4.96637 4.53144 9.86488 4.20026 3.58303 4.34203 8.2644 2.92445
threshold=2.0059845447540288 1.3477758765220644 2.5260295867919926 1.5537733435630801 -2.1450655460357662 -2.2688183784484859 -0.37687975168228144 -1.2111684679985044 1.3115063905715945 0.65873518586158764 -0.46136477589607233
decision_type=2 2 2 8 8 2 2 10 8 2 10
left_child=1 3 -2 4 5 6 -1 8 -5 -10 -6
right_child=2 -3 -4 7 10 -7 -8 -9 9 -11 -12
leaf_value=0.00077172445250760051 -6.551390334384525e-05 -2.4799219633785979e-05 -0.00013874959847343305 0.00016148073844619125 -2.0596166613876386e-06 5.5171825169078599e-05 7.5590711212105647e-05 4.6429959923761429e-05 0.00060799264126748173 0.0047142903152541911 8.1333552755111077e-06
leaf_weight=825 82130 219517 41742 4851 1264088 8060 337 21312 297 12.999999999999998 1973230
leaf_count=825 82130 219517 41742 4851 1264088 8060 337 21312 297 13 1973230
internal_value=-1.04645e-08 3.18816e-06 -9.02002e-05 5.06549e-06 4.48322e-06 0.000120295 0.000570806 7.64392e-05 0.000200165 0.000800026 4.15302e-06
internal_weight=3.6164e+06 3.49253e+06 123872 3.27301e+06 3.24654e+06 9222 1162 26473 5161 310 3.23732e+06
internal_count=3616402 3492530 123872 3273013 3246540 9222 1162 26473 5161 310 3237318
is_linear=0
shrinkage=0.00523217


Tree=61
num_leaves=12
num_cat=0
split_feature=5 11 3 15 24 21 17 17 3 21 2
split_gain=33.5349 31.5485 13.8347 13.707 14.1242 26.6481 44.9396 10.1104 8.56663 19.286 8.37788
threshold=inf 2.4709342718124394 -2.0537233352661128 0.1308853626251221 -0.60325682163238514 0.73272663354873668 2.0046067237854008 2.6309396028518681 -1.7714420557022093 0.73272663354873668 2.1178271770477299
decision_type=8 10 8 2 10 2 2 2 10 2 8
left_child=2 7 -1 4 8 6 -6 -2 -3 -10 -4
right_child=1 3 10 -5 5 -7 -8 -9 9 -11 -12
leaf_value=-4.8829799751082941e-05 0.00024669574033331999 0.00084603328372524148 1.2376479852248171e-06 0.00028787046813869889 0.0037281176749161841 0.00099653405821473586 0.015461962597681414 0.0023420150937040357 0.00046142744757942875 0.010679866856829864 0.00018743392990322656
leaf_weight=155659 3988 208 3449283 164 94 89 8.9999999999999982 63 14.000000000000002 6.9999999999999991 6627
leaf_count=155659 3988 208 3449283 164 94 89 9 63 14 7 6627
internal_value=-6.96286e-09 0.00044465 -5.78115e-07 0.00157952 0.00207856 0.00312534 0.0049249 0.000280153 0.00118588 0.00429137 1.59499e-06
internal_weight=3.6162e+06 4636 3.61157e+06 585 421 192 103 4051 229 21 3.45591e+06
internal_count=3616205 4636 3611569 585 421 192 103 4051 229 21 3455910
is_linear=0
shrinkage=0.00523217


Tree=62
num_leaves=12
num_cat=0
split_feature=0 23 0 1 3 0 3 1 3 1 1
split_gain=38.8335 33.0078 8.78244 8.67765 8.53451 5.70701 5.36418 4.8356 4.90386 4.57397 6.25743
threshold=-2.8311094045639034 inf -5.2503137588500968 1.4732577204704287 -1.5619652867317197 0.49354580044746404 1.3880044221878054 -0.41430443525314326 1.0157642960548403 -1.6806299090385435 -2.0211319923400874
decision_type=2 8 2 2 10 2 10 2 10 2 2
left_child=2 3 -1 5 9 7 -5 -2 -9 10 -3
right_child=1 4 -4 6 -6 -7 -8 8 -10 -11 -12
leaf_value=-0.00023024263405177739 -1.5168001724568638e-05 0.00083603159310226196 -8.3962378289297639e-05 -3.4682740386688018e-05 8.7126009061008609e-05 1.4808570076724348e-05 0.00023710281602542897 9.7729528985245873e-07 3.1426259127970573e-05 0.00087404796954414503 0.00026623835465602197
leaf_weight=13001 473226 785 83166 191266 1371 980248 2007 1710135 158196 1005 1631
leaf_count=13001 473226 785 83166 191266 1371 980248 2007 1710135 158196 1005 1631
internal_value=-1.61009e-08 2.81782e-06 -0.000103749 2.22593e-06 0.000436711 4.20911e-06 -3.18549e-05 -2.27819e-07 3.55593e-06 0.000576498 0.000452025
internal_weight=3.61604e+06 3.51987e+06 96167 3.51508e+06 4792 3.3218e+06 193273 2.34156e+06 1.86833e+06 3421 2416
internal_count=3616037 3519870 96167 3515078 4792 3321805 193273 2341557 1868331 3421 2416
is_linear=0
shrinkage=0.00523217


Tree=63
num_leaves=12
num_cat=0
split_feature=1 23 3 1 1 4 20 1 1 9 1
split_gain=37.0378 33.4059 8.77405 6.27874 5.63533 15.7077 6.46079 5.4065 3.97708 7.79776 4.62807
threshold=2.0059845447540288 inf -1.5619652867317197 1.3477758765220644 -1.1827325224876402 -2.1450655460357662 3.088010430335999 2.5260295867919926 -2.1492768526077266 0.54712507128715526 -1.6806299090385435
decision_type=2 8 10 2 2 10 8 2 2 10 2
left_child=1 3 4 -1 8 6 -6 -2 9 -3 -10
right_child=7 2 -4 -5 5 -7 -8 -9 10 -11 -12
leaf_value=4.3827403055524853e-06 -6.4256256738635413e-05 0.00083702400107279616 8.6066414571519921e-05 -2.4530300217735695e-05 0.0027255875889287333 9.9093705608707295e-05 0.0078411314032262279 -0.00013744305366387185 0.00034402708461505764 0.0037215798934615804 0.0007940723708443801
leaf_weight=3268581 82117 338 1374 219408 22 53 10.999999999999998 41709 2053 27 909
leaf_count=3268581 82117 338 1374 219408 22 53 11 41709 2053 27 909
internal_value=1.06367e-08 3.16352e-06 0.000439892 2.56376e-06 0.00058202 0.0019004 0.00466644 -8.89157e-05 0.000547037 0.00106392 0.000482673
internal_weight=3.6166e+06 3.49278e+06 4787 3.48799e+06 3413 86 33 123826 3327 365 2962
internal_count=3616602 3492776 4787 3487989 3413 86 33 123826 3327 365 2962
is_linear=0
shrinkage=0.00523217


Tree=64
num_leaves=12
num_cat=0
split_feature=0 23 17 15 12 0 1 0 8 15 1
split_gain=38.2581 32.5048 14.6288 11.1592 16.796 8.57957 8.44656 5.62651 5.22931 5.14328 4.81476
threshold=-2.8311094045639034 inf 2.6309396028518681 0.12243867665529252 -1.9061040878295896 -5.2503137588500968 1.4732577204704287 0.49354580044746404 -2.0658152103424068 -1.5593801140785215 -0.41430443525314326
decision_type=2 8 2 2 10 2 2 2 10 2 2
left_child=5 6 9 -4 -5 -1 7 10 -6 -3 -2
right_child=1 2 3 4 8 -7 -8 -9 -10 -11 -12
leaf_value=-0.00022795347993306373 -1.5107419829684593e-05 0.0041174295433754372 0.00051585193127927224 0.010674367440872575 0.004355461564050817 -8.3383637132261972e-05 -3.1376192711865372e-05 1.4729806129503791e-05 0.00052392902211926314 0.00038403149149726141 3.575494829278851e-06
leaf_weight=13004 473244 8.9999999999999982 43 7.9999999999999991 21 83144 193258 980300 19 4699 1868674
leaf_count=13004 473244 9 43 8 21 83144 193258 980300 19 4699 1868674
internal_value=2.42368e-08 2.83693e-06 0.000433098 0.0024994 0.00420489 -0.000102948 2.24921e-06 4.20549e-06 0.00262226 0.000392371 -1.99525e-07
internal_weight=3.61642e+06 3.52028e+06 4799 91 48 96148 3.51548e+06 3.32222e+06 40 4708 2.34192e+06
internal_count=3616423 3520275 4799 91 48 96148 3515476 3322218 40 4708 2341918
is_linear=0
shrinkage=0.00523217


Tree=65
num_leaves=12
num_cat=0
split_feature=1 1 11 1 12 3 7 3 4 1 7
split_gain=36.1339 6.42469 5.58801 5.2735 5.06354 4.11782 5.23105 4.06634 3.4895 5.34718 3.11302
threshold=2.0059845447540288 1.3203309178352358 1.6333786249160769 2.5260295867919926 1.5537733435630801 0.52563667297363292 -2.6383374929428096 0.45850668847560888 -2.1450655460357662 -0.99376755952835072 inf
decision_type=2 2 8 2 8 10 10 8 8 2 8
left_child=1 2 4 -2 8 -6 -7 -3 9 -1 -9
right_child=3 7 -4 -5 5 6 -8 10 -10 -11 -12
leaf_value=0.00039943758512382292 -6.3461931212577515e-05 -3.4307970571768417e-05 3.0069422188576755e-05 -0.00013573200568033593 2.5459633819659519e-05 0.0017882739661488037 0.0001560209654643297 1.99306997494217e-05 2.2416172172584915e-06 4.8158006330308967e-05 0.0032481807908272763
leaf_weight=1445 82108 186653 226802 41731 15282 53 9120 46167 3000481 6648 6.9999999999999991
leaf_count=1445 82108 186653 226802 41731 15282 53 9120 46167 3000481 6648 7
internal_value=6.79287e-09 3.12122e-06 5.01791e-06 -8.78229e-05 3.14435e-06 7.81274e-05 0.000165769 -2.34309e-05 2.53456e-06 0.000111027 2.05206e-05
internal_weight=3.6165e+06 3.49266e+06 3.25983e+06 123839 3.03303e+06 24455 9173 232827 3.00857e+06 8093 46174
internal_count=3616497 3492658 3259831 123839 3033029 24455 9173 232827 3008574 8093 46174
is_linear=0
shrinkage=0.00523217


Tree=66
num_leaves=12
num_cat=0
split_feature=0 10 11 18 0 0 15 20 7 11 21
split_gain=37.3062 14.8493 11.7854 8.98251 8.40562 8.1803 8.1105 21.524 7.79941 24.0334 24.4579
threshold=-2.8311094045639034 inf 2.2262463569641118 -1.350426137447357 -5.2503137588500968 0.35064649581909185 -1.6162199974060056 0.53299644589424144 1.7762390375137331 3.5342688560485844 2.1318812370300297
decision_type=2 8 8 10 2 2 2 10 8 8 2
left_child=4 3 6 -2 -1 -5 7 -3 -4 -10 -11
right_child=1 2 8 5 -6 -7 -8 -9 9 10 -12
leaf_value=-0.00022543467644657451 -2.742100511447235e-05 4.5087647624123939e-06 0.00060482520103420363 -1.9511221796373545e-06 -8.2316609482070447e-05 1.4984934630257271e-05 0.00022868119931885602 0.010197697960813348 0.00096805752502141429 0.010527659698981054 0.0012080994657717524
leaf_weight=12998 255838 19.000000000000004 166 1965881 83210 1295006 3063 6.9999999999999991 92 15.999999999999998 15.000000000000002
leaf_count=12998 255838 19 166 1965881 83210 1295006 3063 7 92 16 15
internal_value=-1.25964e-08 2.76542e-06 0.000349441 2.43208e-06 -0.000101663 4.7745e-06 0.000254307 0.00310248 0.00135834 0.00235338 0.00625315
internal_weight=3.61631e+06 3.5201e+06 3378 3.51672e+06 96208 3.26089e+06 3089 26 289 123 31
internal_count=3616311 3520103 3378 3516725 96208 3260887 3089 26 289 123 31
is_linear=0
shrinkage=0.00523217


Tree=67
num_leaves=12
num_cat=0
split_feature=0 0 0 6 2 15 15 14 2 20 12
split_gain=37.0364 9.21516 6.84879 5.33346 4.55842 8.49338 7.35221 10.837 4.8626 6.78842 4.94768
threshold=-2.6071698665618892 -5.2503137588500968 0.35064649581909185 -2.334589838981628 2.1178271770477299 0.1488556042313576 0.12243867665529252 -1.6035686731338499 0.010503380093723537 0.17842046171426776 0.86501634120941173
decision_type=2 2 2 2 8 2 2 2 10 10 10
left_child=1 -1 4 -3 8 6 -6 -8 9 -2 -11
right_child=2 3 -4 -5 5 -7 7 -9 -10 10 -12
leaf_value=-0.00022553834963338771 -6.1599276437187469e-06 -0.00012759675085297775 1.1834762375075396e-05 -4.7099585793219824e-05 0.00016542341435895206 -4.7119746949916288e-05 0.0013753440285069337 4.9625021556113563e-05 -1.0217068287558001e-05 1.9495808031276552e-05 0.00010770277198285807
leaf_weight=12998 494568 35940 1424845 60542 6019 5997 352 326 1240252 315978 18428
leaf_count=12998 494568 35940 1424845 60542 6019 5997 352 326 1240252 315978 18428
internal_value=3.72411e-08 -9.47282e-05 2.99605e-06 -7.70947e-05 -3.0527e-06 9.57869e-05 0.000223862 0.000740282 -3.65949e-06 6.15053e-06 2.43594e-05
internal_weight=3.61624e+06 109480 3.50676e+06 96482 2.08192e+06 12694 6697 678 2.06923e+06 828974 334406
internal_count=3616245 109480 3506765 96482 2081920 12694 6697 678 2069226 828974 334406
is_linear=0
shrinkage=0.00523217


Tree=68
num_leaves=12
num_cat=0
split_feature=0 5 11 15 1 12 0 1 12 0 1
split_gain=36.6852 31.4601 31.1049 13.7344 36.4909 80.448 8.23062 8.11224 7.32634 5.48902 4.82
threshold=-2.8311094045639034 inf 2.4709342718124394 0.1308853626251221 -2.0211319923400874 -2.8875877857208248 -5.2503137588500968 1.4732577204704287 -0.34653049707412714 0.49354580044746404 -0.41430443525314326
decision_type=2 8 10 2 2 10 2 2 10 2 2
left_child=6 7 -3 4 5 -4 -1 9 -6 10 -2
right_child=1 2 3 -5 8 -7 -8 -9 -10 -11 -12
leaf_value=-0.00022324149311172292 -1.5150070543015837e-05 0.00027049490293231017 0.016139689783806019 0.00027625212064080117 0.0010854916367806313 0.0026223783500134074 -8.1649401174027893e-05 -3.0750202358924446e-05 0.0039453820865674397 1.4509310543207178e-05 3.5412092056969801e-06
leaf_weight=13005 473365 4045 13.999999999999998 165 315 63 83175 193326 26 980305 1868565
leaf_count=13005 473365 4045 14 165 315 63 83175 193326 26 980305 1868565
internal_value=9.94146e-09 2.76473e-06 0.000433812 0.00156273 0.00206642 0.00529719 -0.000100806 2.19691e-06 0.00131877 4.1144e-06 -2.36448e-07
internal_weight=3.61637e+06 3.52019e+06 4628 583 418 77 96180 3.51556e+06 341 3.32224e+06 2.34193e+06
internal_count=3616369 3520189 4628 583 418 77 96180 3515561 341 3322235 2341930
is_linear=0
shrinkage=0.00523217


Tree=69
num_leaves=12
num_cat=0
split_feature=5 3 3 2 2 20 5 3 15 15 20
split_gain=31.8913 13.1709 8.70405 8.24509 7.95021 7.46506 6.53308 5.3022 5.074 7.68528 4.77151
threshold=inf -2.0537233352661128 -1.5619652867317197 2.1178271770477299 0.49242021143436437 0.74474981427192699 1.4445834159851076 0.26567080616950994 0.051682103425264365 0.035107454285025604 -0.42282617092132563
decision_type=8 8 10 8 8 8 8 8 2 2 10
left_child=1 6 8 4 10 -6 -1 -5 9 -2 -3
right_child=2 3 -4 7 5 -7 -8 -9 -10 -11 -12
leaf_value=-3.0974987243919283e-05 0.00067602025300887204 -2.038387413347833e-06 6.0526776152278417e-05 0.00011623949801752394 -2.8689135642201649e-06 -3.50220805010786e-05 -0.00011675651641329427 0.00050127019967900895 0.00054326026663286081 0.0046294171218822242 1.3174632132817739e-05
leaf_weight=125530 40 971821 1256 5423 876473 255264 30156 1197 3327 20 1346004
leaf_count=125530 40 971821 1256 5423 876473 255264 30156 1197 3327 20 1346004
internal_value=3.60388e-08 -5.20875e-07 0.000433332 1.59946e-06 1.24518e-06 -1.01218e-05 -4.75966e-05 0.000186057 0.000571273 0.00207092 6.79575e-06
internal_weight=3.61651e+06 3.61187e+06 4643 3.45618e+06 3.44956e+06 1.13174e+06 155686 6620 3387 60 2.31782e+06
internal_count=3616511 3611868 4643 3456182 3449562 1131737 155686 6620 3387 60 2317825
is_linear=0
shrinkage=0.00523217


Tree=70
num_leaves=12
num_cat=0
split_feature=1 5 11 19 12 1 19 1 12 12 1
split_gain=34.736 30.4888 31.2619 10.1666 30.2891 70.9544 5.87562 6.50264 6.27055 5.4451 5.06893
threshold=2.0059845447540288 inf 2.4709342718124394 3.5100355148315434 -2.8875877857208248 -2.0211319923400874 -1.2878067493438718 1.186980187892914 1.4479542374610903 -0.34653049707412714 2.5260295867919926
decision_type=2 8 10 10 10 2 10 2 8 10 2
left_child=1 6 -3 4 5 -4 8 -8 -1 -6 -2
right_child=10 2 3 -5 9 -7 7 -9 -10 -11 -12
leaf_value=2.7903258016589838e-05 -6.2211291271675634e-05 0.0002631573644705279 0.015400371453211756 0.00080790719203710341 0.0013122550257020111 0.0012570311687979947 3.3760889713195903e-06 -2.2484124156334804e-05 0.00019087901108137586 0.0041224143320183178 -0.00013306371009354033
leaf_weight=131564 82092 4048 13.999999999999998 273 251 28 3057997 291564 6798 20 41740
leaf_count=131564 82092 4048 14 273 251 28 3057997 291564 6798 20 41740
internal_value=1.54534e-08 3.06905e-06 0.000427133 0.00155568 0.00219983 0.00628257 2.50527e-06 1.12483e-06 3.59179e-05 0.0015396 -8.6101e-05
internal_weight=3.61639e+06 3.49256e+06 4634 586 313 42 3.48792e+06 3.34956e+06 138362 271 123832
internal_count=3616389 3492557 4634 586 313 42 3487923 3349561 138362 271 123832
is_linear=0
shrinkage=0.00523217


Tree=71
num_leaves=12
num_cat=0
split_feature=23 13 18 5 19 5 19 18 14 22 14
split_gain=31.123 13.3925 8.53115 8.26185 7.63083 5.56022 3.88862 3.30852 3.04221 9.0552 11.5322
threshold=inf 0.92790034413337719 -1.4203901290893552 1.4445834159851076 2.0793765783309941 2.4148401021957402 -1.266663074493408 -2.3399409055709834 -0.44471327960491175 -0.99940064549446095 -0.43324579298496241
decision_type=8 8 8 10 10 8 10 10 2 10 2
left_child=1 2 7 -3 -2 6 -4 -1 -6 10 -10
right_child=4 3 5 -5 8 -7 -8 -9 9 -11 -12
leaf_value=4.9067382470132649e-05 5.7839600589276994e-05 -1.6766866005467581e-05 3.6919705652090339e-05 -8.150675488244105e-05 0.00049598396030802806 -3.6297992870834074e-05 6.1385329923598492e-06 -3.5776534517150625e-05 0.0080177540748406894 0.00070900245618612265 0.0012850922288953582
leaf_weight=13525 1211 529335 117380 60099 3393 81881 2630412 178955 10.000000000000002 222 21
leaf_count=13525 1211 529335 117380 60099 3393 81881 2630412 178955 10 222 21
internal_value=7.78636e-09 -5.54941e-07 3.89446e-06 -2.33693e-05 0.000418507 6.18743e-06 7.45375e-06 -2.98104e-05 0.000538023 0.00109372 0.00369659
internal_weight=3.61644e+06 3.61159e+06 3.02215e+06 589434 4857 2.82967e+06 2.74779e+06 192480 3646 253 31
internal_count=3616444 3611587 3022153 589434 4857 2829673 2747792 192480 3646 253 31
is_linear=0
shrinkage=0.00523217


Tree=72
num_leaves=12
num_cat=0
split_feature=0 5 11 17 17 0 2 0 0 0 14
split_gain=35.7711 28.7376 31.3406 9.90693 8.90612 22.5011 24.178 8.18394 7.88786 7.1434 6.86185
threshold=-2.8311094045639034 inf 2.4709342718124394 2.6309396028518681 1.256743371486664 -0.055856745690107339 1.518016576766968 -5.2503137588500968 0.35064649581909185 -0.063385818153619752 -0.44471327960491175
decision_type=2 8 10 2 2 2 10 2 2 2 2
left_child=7 8 3 -3 10 -6 -7 -1 -2 -5 -4
right_child=1 2 4 9 5 6 -8 -9 -10 -11 -12
leaf_value=-0.00022169101173607033 -4.30377534705978e-06 0.00021693387706877426 0.00084760558528381759 0.0038784516835774414 0.00087864517977557599 0.0096200151095158174 0.0028282194174212463 -8.047197123685778e-05 1.1659015942664284e-05 0.00032397040781531096 0.0029303712015345553
leaf_weight=12999 2090938 3982 359 34 102 19 58 83164 1424909 29 49
leaf_count=12999 2090938 3982 359 34 102 19 58 83164 1424909 29 49
internal_value=-1.10316e-08 2.70832e-06 0.000414504 0.000250093 0.00154331 0.00251855 0.00463449 -9.95723e-05 2.16543e-06 0.00229087 0.00110745
internal_weight=3.61664e+06 3.52048e+06 4632 4045 587 179 77 96163 3.51585e+06 63 408
internal_count=3616642 3520479 4632 4045 587 179 77 96163 3515847 63 408
is_linear=0
shrinkage=0.00523217


Tree=73
num_leaves=12
num_cat=0
split_feature=10 13 12 13 19 7 14 19 4 10 12
split_gain=13.3644 12.2172 6.0923 5.7852 13.5768 13.7083 5.2421 4.41318 4.28542 4.27831 4.0821
threshold=inf 0.92790034413337719 1.5537733435630801 1.6496478915214541 1.4468505978584292 1.3752587437629702 -2.2688183784484859 -1.7223911285400388 -1.4580049514770506 1.0353242158889773 -0.85142979025840748
decision_type=8 10 8 10 8 10 2 8 10 10 8
left_child=1 7 3 -2 5 -5 8 -1 -6 -9 -3
right_child=2 10 -4 4 6 -7 -8 9 -10 -11 -12
leaf_value=0.00010407047467882961 0.00011075239743456197 -4.4863832048451772e-05 0.0045860299352579346 0.010067695548289651 0.00096048819565423805 0 0.00015219855083274748 5.9722225998070205e-06 0.0001354187361373092 -1.2427460937323962e-05 -1.3774664233572758e-05
leaf_weight=12000 1872 157821 7.9999999999999991 6.9999999999999982 684 7 715 2611472 234 398756 432887
leaf_count=12000 1872 157821 8 7 684 7 715 2611472 234 398756 432887
internal_value=-4.78278e-09 -3.19316e-07 0.000321857 0.000310398 0.000536588 0.00546869 0.000489888 3.93409e-06 0.000751495 3.5346e-06 -2.20823e-05
internal_weight=3.61646e+06 3.61294e+06 3527 3519 1647 14 1633 3.02223e+06 918 3.01023e+06 590708
internal_count=3616463 3612936 3527 3519 1647 14 1633 3022228 918 3010228 590708
is_linear=0
shrinkage=0.00523217


end of trees

feature_importances:
LOW_TURNOVER=114
LN_TURNOVER=108
CONSEC_UP5=57
BP=45
VOL_OF_VOL_20=44
WVMA30=43
VOL_CV20=42
AMIHUD_20=39
MAX_DD60=38
KLOW=34
CORR20=30
CNTD10=28
IMAX60=27
VSTD5=26
CORR60=19
CORD60=18
RET_AMT_CORR20=16
Q_SALES_YOY=14
OBV_CHG_20=13
CORD5=13
NEG_SKEW_20=13
CNTD60=11
VOL_PRICE_DIVERGENCE=9
RET_VOL_CORR5=8
EP=5

parameters:
[boosting: gbdt]
[objective: regression]
[metric: l2]
[tree_learner: serial]
[device_type: cpu]
[data_sample_strategy: bagging]
[data: ]
[valid: ]
[num_iterations: 1000]
[learning_rate: 0.00523217]
[num_leaves: 12]
[num_threads: 8]
[seed: 42]
[deterministic: 0]
[force_col_wise: 0]
[force_row_wise: 0]
[histogram_pool_size: -1]
[max_depth: 6]
[min_data_in_leaf: 7]
[min_sum_hessian_in_leaf: 0.001]
[bagging_fraction: 0.993677]
[pos_bagging_fraction: 1]
[neg_bagging_fraction: 1]
[bagging_freq: 1]
[bagging_seed: 400]
[bagging_by_query: 0]
[feature_fraction: 0.452778]
[feature_fraction_bynode: 1]
[feature_fraction_seed: 30056]
[extra_trees: 0]
[extra_seed: 12879]
[early_stopping_round: 0]
[early_stopping_min_delta: 0]
[first_metric_only: 0]
[max_delta_step: 0]
[lambda_l1: 0.153507]
[lambda_l2: 1.18198]
[linear_lambda: 0]
[min_gain_to_split: 0]
[drop_rate: 0.1]
[max_drop: 50]
[skip_drop: 0.5]
[xgboost_dart_mode: 0]
[uniform_drop: 0]
[drop_seed: 17869]
[top_rate: 0.2]
[other_rate: 0.1]
[min_data_per_group: 100]
[max_cat_threshold: 32]
[cat_l2: 10]
[cat_smooth: 10]
[max_cat_to_onehot: 4]
[top_k: 20]
[monotone_constraints: ]
[monotone_constraints_method: basic]
[monotone_penalty: 0]
[feature_contri: ]
[forcedsplits_filename: ]
[refit_decay_rate: 0.9]
[cegb_tradeoff: 1]
[cegb_penalty_split: 0]
[cegb_penalty_feature_lazy: ]
[cegb_penalty_feature_coupled: ]
[path_smooth: 0]
[interaction_constraints: ]
[verbosity: -1]
[saved_feature_importance_type: 0]
[use_quantized_grad: 0]
[num_grad_quant_bins: 4]
[quant_train_renew_leaf: 0]
[stochastic_rounding: 1]
[linear_tree: 0]
[max_bin: 255]
[max_bin_by_feature: ]
[min_data_in_bin: 3]
[bin_construct_sample_cnt: 200000]
[data_random_seed: 175]
[is_enable_sparse: 1]
[enable_bundle: 1]
[use_missing: 1]
[zero_as_missing: 0]
[feature_pre_filter: 1]
[pre_partition: 0]
[two_round: 0]
[header: 0]
[label_column: ]
[weight_column: ]
[group_column: ]
[ignore_column: ]
[categorical_feature: ]
[forcedbins_filename: ]
[precise_float_parser: 0]
[parser_config_file: ]
[objective_seed: 16083]
[num_class: 1]
[is_unbalance: 0]
[scale_pos_weight: 1]
[sigmoid: 1]
[boost_from_average: 1]
[reg_sqrt: 0]
[alpha: 0.9]
[fair_c: 1]
[poisson_max_delta_step: 0.7]
[tweedie_variance_power: 1.5]
[lambdarank_truncation_level: 30]
[lambdarank_norm: 1]
[label_gain: ]
[lambdarank_position_bias_regularization: 0]
[eval_at: ]
[multi_error_top_k: 1]
[auc_mu_weights: ]
[num_machines: 1]
[local_listen_port: 12400]
[time_out: 120]
[machine_list_filename: ]
[machines: ]
[gpu_platform_id: -1]
[gpu_device_id: -1]
[gpu_use_dp: 0]
[num_gpu: 1]

end of parameters

pandas_categorical:[]
