tree
version=v4
num_class=1
num_tree_per_iteration=1
label_index=0
max_feature_idx=25
objective=regression
feature_names=LOW_TURNOVER LN_TURNOVER INTRADAY_REV10 CORD20 RET_AMT_CORR20 VOL_CV20 CORD60 MACD_LINE AMIHUD_20 REV60 RET_VOL_CORR5 CORD5 CORR60 VOL_OF_VOL_20 VOL_PRICE_DIVERGENCE BP UP_DOWN_RATIO20 EP MAX_DD60 CURRENT_RATIO NEG_SKEW_20 VSTD5 CNTD5 Q_SALES_YOY CNTD60 ROE_YOY
feature_infos=[-6.923433780670166:3.4952042102813721] [-3.8376359939575195:4.3369989395141602] [-6.4350228309631348:5.015845775604248] [-3.7721872329711914:3.4779374599456787] [-3.494281530380249:3.8704771995544434] [-6.8476901054382324:2.9359192848205566] [-3.693152904510498:3.9066565036773682] [-7.7455668449401855:8.0335893630981445] [-2.8929362297058105:6.831667423248291] [-5.8082356452941895:4.3005280494689941] [-3.5873293876647949:3.7797005176544189] [-3.7829880714416504:3.6696500778198242] [-4.3556089401245117:3.4887442588806152] [-6.2235026359558105:3.1600229740142822] [-3.4996576309204102:3.5414550304412842] [-4.666435718536377:7.3492598533630371] [-3.6478931903839111:7.3347616195678711] [-5.3664474487304688:7.2269930839538574] [-3.4542796611785889:6.5255436897277832] [-2.4181034564971924:6.9607062339782715] [-3.9375545978546143:3.7102079391479492] [-3.9230892658233643:6.5327377319335938] [-3.8951807022094727:4.0809216499328613] [-4.8054814338684082:7.0048236846923828] [-3.8429083824157715:3.5329337120056152] [-7.7171740531921387:7.1223926544189453]
tree_sizes=939 981 945 946 951 971 964 971 954 946 949 949 950 977 978 972 969 970 947 966 964 952 947 946 950 965 961 963 969 969 970 966 969 962 956 969 962 967 950 971 960 941 962 984 954 967 949 966 954 964 950 967 955 967 966 966 975 966 972 976 962 972 962 983 971 953 970 979 951 956 968 960 975 966 967 954 958 975 976 971 956 965 965 947 967 981 960 970 937 956 967 963 967 985 963 972 979 974 940 969 969 975 966 965 958 976 968 947 948 947 964 944 956 964 976 973 952 965 944 970 956 967 945 979 963 962 951 971 978 990 948 981 959 952 977 947 963 982 975 959 947 967 982 952 971 973 966 978 961 980 953 986 946 975 950 947 939 973 966 978 982 991 972 950 976 968 952 955 963 974 967 976 975 951 962 958 972 967 967 959 978 975 967 962 961 986 955 971 943 988 954 960 943 967 987 958 956 976 967 970 959 984 979 966 985 961 977 931 937 977 943 954 973 950 979 981 973 971 958 980 973 978 964 952 954 971 949 981 976 962 967 971 948 947 979 957 975 981 975 979 979 955 981 979 974 969 978 955 969 969 972 960 967 968 955 980 935 964 919 977 979 976 962 981 974 976 940 974 952 969 976 980 944 955 977 984 941 975 965 972 976 980 975 971 962 978 966 966 960 965 978 962 975 963 967 966 974 981 948 952 960 957 973 958 932 977 970 944 966 978 963 979 966 941 979 962 985 977 981 979 974 981 971 978 972 981 975 982 969 978 964 945 972 985 976 962 972 975 944 978 953 959 976 970 982 960 965 971 975 958 969 976 966 974 965 952 962 971 980 978 975 971 984 981 972 963 955 939 955 962 971 976 949 971 971 973 976 936 975 941 975 980 976 979 956 978 974 976 975

Tree=0
num_leaves=8
num_cat=0
split_feature=1 2 1 2 25 1 2
split_gain=120.444 28.3945 22.5426 10.7289 8.82731 6.36855 6.01232
threshold=1.6841329336166384 -1.9753684401512144 0.49760246276855474 -0.70574870705604542 0.0056673062499612578 2.482263565063477 -0.40951055288314814
decision_type=2 2 2 2 10 2 2
left_child=2 5 4 -4 -1 -2 -3
right_child=1 6 3 -5 -6 -7 -8
leaf_value=0.003475029937199157 0.0031551890034472261 0.0032683878337293375 0.0033889977681605854 0.0034598641022592583 0.0035076959285503654 0.0029558274711165913 0.0033829042562867088
leaf_weight=797986 25785 49396 156864 379170 930886 12296 45981
leaf_count=797986 25785 49396 156864 379170 930886 12296 45981
internal_value=0.00346756 0.00325717 0.00347996 0.00343913 0.00349262 0.00309081 0.00332359
internal_weight=2.39836e+06 133458 2.26491e+06 536034 1.72887e+06 38081 95377
internal_count=2398364 133458 2264906 536034 1728872 38081 95377
is_linear=0
shrinkage=1


Tree=1
num_leaves=8
num_cat=0
split_feature=7 15 18 3 6 18 23
split_gain=41.5849 20.4003 16.3103 12.0639 9.06964 7.55589 2.59803
threshold=1.0049847960472109 -0.1243816241621971 1.3895010948181155 0.28469417989254003 0.45067478716373449 3.3161724805831914 -0.14724591374397275
decision_type=2 2 10 10 8 10 10
left_child=1 4 6 -3 -1 -4 -2
right_child=2 3 5 -5 -6 -7 -8
leaf_value=1.521959643138549e-06 -0.00010711512220556142 4.8646946232817654e-05 -0.00020843247160399686 1.4149554151770017e-07 -4.1439337609687433e-05 -0.00053679874752489496 -4.0504876084054664e-05
leaf_weight=720524 57936 686435 33110 435138 395223 4089 64024
leaf_count=720524 57936 686435 33110 435138 395223 4089 64024
internal_value=1.15661e-07 8.12284e-06 -0.000112442 2.98283e-05 -1.36959e-05 -0.000244541 -7.21483e-05
internal_weight=2.39648e+06 2.23732e+06 159159 1.12157e+06 1.11575e+06 37199 121960
internal_count=2396479 2237320 159159 1121573 1115747 37199 121960
is_linear=0
shrinkage=0.00720685


Tree=2
num_leaves=8
num_cat=0
split_feature=1 1 1 21 7 9 9
split_gain=114.976 19.8637 18.0555 16.5729 10.5857 9.9866 9.1205
threshold=1.5631529688835146 2.3535360097885136 0.067899227142333998 inf 0.85475915670394909 2.248711466789246 -0.91974884271621693
decision_type=2 2 2 8 2 10 8
left_child=2 6 3 -1 -4 -3 -2
right_child=1 5 4 -5 -6 -7 -8
leaf_value=2.9004152578463599e-05 -0.00022233755123049411 -0.0003393177561072171 -3.3578187887528253e-06 0.00060014492682964097 -8.5746490387651373e-05 0.00099431019953549749 -9.3772687172470601e-05
leaf_weight=1353481 45294 37908 787817 2643 90279 293 78043
leaf_count=1353481 45294 37908 787817 2643 90279 293 78043
internal_value=2.07311e-07 -0.000185467 1.36319e-05 3.01177e-05 -1.18285e-05 -0.000329064 -0.000140988
internal_weight=2.39576e+06 161538 2.23422e+06 1.35612e+06 878096 38201 123337
internal_count=2395758 161538 2234220 1356124 878096 38201 123337
is_linear=0
shrinkage=0.00720685


Tree=3
num_leaves=8
num_cat=0
split_feature=1 1 1 21 7 7 7
split_gain=117.581 19.1544 18.2194 17.5951 9.14642 7.04662 4.94637
threshold=1.5631529688835146 2.3535360097885136 0.27472716569900518 inf 0.96121117472648632 0.3759771883487702 0.23576608300209048
decision_type=2 2 2 8 2 2 2
left_child=2 5 3 -1 -4 -2 -3
right_child=1 6 4 -5 -6 -7 -8
leaf_value=2.6078391118824214e-05 -0.0001023357127524083 -0.0002286162255354861 -8.9911844798881891e-06 0.00061130277787929828 -9.8721086739628425e-05 -0.00021523355897636094 -0.0003953934877462161
leaf_weight=1544933 77675 15453 622070 2672 65184 45559 22983
leaf_count=1544933 77675 15453 622070 2672 65184 45559 22983
internal_value=-2.0061e-07 -0.000187887 1.33767e-05 2.70892e-05 -1.7502e-05 -0.000144075 -0.000328349
internal_weight=2.39653e+06 161670 2.23486e+06 1.5476e+06 687254 123234 38436
internal_count=2396529 161670 2234859 1547605 687254 123234 38436
is_linear=0
shrinkage=0.00720685


Tree=4
num_leaves=8
num_cat=0
split_feature=1 1 1 21 7 7 7
split_gain=116.063 21.0748 18.2297 14.3078 9.48137 5.90195 5.78689
threshold=1.6405774354934695 0.47248008847236639 2.3535360097885136 inf 0.82445603609085094 0.38494610786437994 0.35976268351078039
decision_type=2 2 2 8 2 2 2
left_child=1 3 6 -1 -3 -4 -2
right_child=2 4 5 -5 -6 -7 -8
leaf_value=2.4084397144358037e-05 -0.00010748634371031593 -1.5319832032459881e-05 -0.00024569604917103736 0.00054652993655657613 -0.00010697826331942237 -0.00042423938796089656 -0.00021776836475908407
leaf_weight=1705375 64261 477954 19587 2726 66809 18903 40161
leaf_count=1705375 64261 477954 19587 2726 66809 18903 40161
internal_value=-1.63592e-07 1.24703e-05 -0.000199323 2.49185e-05 -2.65609e-05 -0.00033339 -0.000149903
internal_weight=2.39578e+06 2.25286e+06 142912 1.7081e+06 544763 38490 104422
internal_count=2395776 2252864 142912 1708101 544763 38490 104422
is_linear=0
shrinkage=0.00720685


Tree=5
num_leaves=8
num_cat=0
split_feature=1 2 2 1 19 1 1
split_gain=112.331 32.2224 19.315 10.9896 10.3219 7.74258 3.39751
threshold=1.6006519198417666 -1.4311876893043516 -0.36503681540489191 0.92697444558143627 -0.34230117499828333 2.3535360097885136 2.159645795822144
decision_type=2 2 2 2 8 2 2
left_child=2 5 3 -1 -4 -2 -3
right_child=1 6 4 -5 -6 -7 -8
leaf_value=-8.3050859719894145e-06 -0.00026267873706636911 -7.9057082835917134e-05 4.7525108120644521e-05 -8.8204635939238726e-05 1.0781089982556996e-05 -0.00043767652111288626 -0.00017260178524480915
leaf_weight=435150 37415 65337 633670 112530 1063505 20240 29171
leaf_count=435150 37415 65337 633670 112530 1063505 20240 29171
internal_value=-3.53221e-07 -0.000189848 1.24914e-05 -2.4722e-05 2.45001e-05 -0.000324119 -0.000107932
internal_weight=2.39702e+06 152163 2.24486e+06 547680 1.69718e+06 57655 94508
internal_count=2397018 152163 2244855 547680 1697175 57655 94508
is_linear=0
shrinkage=0.00720685


Tree=6
num_leaves=8
num_cat=0
split_feature=0 0 2 1 0 9 9
split_gain=112.798 28.6403 23.7888 15.6177 9.70913 7.47162 4.5364
threshold=-2.1014424562454219 0.38026486337184912 -1.3369857072830198 1.2253659367561343 -4.2782008647918692 1.5167080760002138 -0.40606540441513056
decision_type=2 2 2 2 2 8 8
left_child=2 3 4 -2 -1 -3 -4
right_child=1 5 6 -5 -6 -7 -8
leaf_value=-0.00049120994959370807 -1.0338169981724921e-06 4.6767812802236528e-05 -0.00020391166498959535 -7.4479089115929632e-05 -0.00027664358843163792 -5.83516991270072e-05 -6.648393058435684e-05
leaf_weight=17873 1246757 845842 24107 171001 28309 36639 25859
leaf_count=17873 1246757 845842 24107 171001 28309 36639 25859
internal_value=6.18711e-08 1.01707e-05 -0.00024178 -9.89238e-06 -0.000359692 4.24034e-05 -0.000132792
internal_weight=2.39639e+06 2.30024e+06 96148 1.41776e+06 46182 882481 49966
internal_count=2396387 2300239 96148 1417758 46182 882481 49966
is_linear=0
shrinkage=0.00720685


Tree=7
num_leaves=8
num_cat=0
split_feature=0 0 2 2 0 2 19
split_gain=113.104 28.2132 23.8107 16.668 6.59732 5.83699 5.75812
threshold=-2.1014424562454219 0.44204692542552954 -1.9753684401512144 -0.59127080440521229 -4.2782008647918692 0.013928093481808903 -0.45748423039913172
decision_type=2 2 2 2 2 2 8
left_child=2 3 4 -2 -1 -4 -3
right_child=1 6 5 -5 -6 -7 -8
leaf_value=-0.00051885121753291071 -5.1455340994632285e-05 7.5674042749896973e-05 -0.0002064961401212298 5.6848394699664783e-06 -0.00031171236504973882 -5.6538464794612744e-05 3.3107476528800055e-05
leaf_weight=13900 339643 244662 43671 1208909 18790 19504 507315
leaf_count=13900 339643 244662 43671 1208909 18790 19504 507315
internal_value=6.32497e-07 1.07395e-05 -0.000241909 -6.84769e-06 -0.000399802 -0.000160202 4.6957e-05
internal_weight=2.39639e+06 2.30053e+06 95865 1.54855e+06 32690 63175 751977
internal_count=2396394 2300529 95865 1548552 32690 63175 751977
is_linear=0
shrinkage=0.00720685


Tree=8
num_leaves=8
num_cat=0
split_feature=0 0 0 21 23 23 25
split_gain=113.824 26.9766 18.2871 12.9155 4.11862 4.0347 3.36031
threshold=-2.1014424562454219 0.44204692542552954 -4.2782008647918692 inf -0.70756071805953968 0.060374865308403976 0.20237516611814502
decision_type=2 2 2 8 8 8 8
left_child=2 3 5 -2 -4 -1 -3
right_child=1 6 4 -5 -6 -7 -8
leaf_value=-0.00047610622753872436 -8.0001634915508788e-06 3.5570191204592354e-05 -0.0003078471969805189 0.00047820032063676586 -0.00015416345021075235 -0.00030379531969795581 6.8865485311750014e-05
leaf_weight=15297 1545363 528456 10776 2842 56816 13122 224248
leaf_count=15297 1545363 528456 10776 2842 56816 13122 224248
internal_value=-4.59965e-08 1.00989e-05 -0.000243167 -7.10735e-06 -0.000178669 -0.000396558 4.54897e-05
internal_weight=2.39692e+06 2.30091e+06 96011 1.5482e+06 67592 28419 752704
internal_count=2396920 2300909 96011 1548205 67592 28419 752704
is_linear=0
shrinkage=0.00720685


Tree=9
num_leaves=8
num_cat=0
split_feature=1 2 7 21 1 9 1
split_gain=111.474 29.3776 18.2383 19.5164 7.71576 4.04946 3.1868
threshold=1.6006519198417666 -1.3369857072830198 1.1039938330650332 inf 2.3535360097885136 -0.76447647809982289 0.92697444558143627
decision_type=2 2 2 8 2 8 2
left_child=2 4 3 -1 -2 -3 -4
right_child=1 5 6 -5 -6 -7 -8
leaf_value=1.6722219379147935e-05 -0.00025241571911930526 -0.00017309013893423747 -5.6081062960508498e-05 0.00066137616912975055 -0.0004229144289802009 -7.2062881952277366e-05 -0.00014980553187312199
leaf_weight=2124705 40210 31416 93169 2441 20985 59901 23620
leaf_count=2124705 40210 31416 93169 2441 20985 59901 23620
internal_value=-1.66353e-07 -0.000188705 1.2648e-05 1.74623e-05 -0.000310889 -0.000106821 -7.50377e-05
internal_weight=2.39645e+06 152512 2.24394e+06 2.12715e+06 61195 91317 116789
internal_count=2396447 152512 2243935 2127146 61195 91317 116789
is_linear=0
shrinkage=0.00720685


Tree=10
num_leaves=8
num_cat=0
split_feature=0 0 2 21 0 15 7
split_gain=105.617 26.7522 24.8731 14.6754 8.70431 4.93058 4.79079
threshold=-1.9501627683639524 0.42858764529228216 -1.5980249643325803 inf -4.2782008647918692 -0.1243816241621971 -1.1931450963020322
decision_type=2 2 2 8 2 2 2
left_child=2 3 4 -2 -1 -3 -4
right_child=1 5 6 -5 -6 -7 -8
leaf_value=-0.0004885316571957034 -8.5038760212493946e-06 2.349882055821701e-05 0.00025798126397955421 0.00051151365782970532 -0.00027665858929149293 6.0112478191769646e-05 -0.00014189521080389266
leaf_weight=16254 1507374 334035 1596 2823 26493 446229 60981
leaf_count=16254 1507374 334035 1596 2823 26493 446229 60981
internal_value=-8.86872e-08 1.01724e-05 -0.000223232 -7.53147e-06 -0.00035723 4.44381e-05 -0.000131692
internal_weight=2.39578e+06 2.29046e+06 105324 1.5102e+06 42747 780264 62577
internal_count=2395785 2290461 105324 1510197 42747 780264 62577
is_linear=0
shrinkage=0.00720685


Tree=11
num_leaves=8
num_cat=0
split_feature=9 18 21 15 25 9 18
split_gain=49.3995 31.8568 19.9937 15.2341 11.3196 10.9849 4.97048
threshold=-0.76447647809982289 -0.4533273577690124 inf -0.13184385001659391 0.089783508330583586 -3.3638281822204585 -1.0245444774627683
decision_type=8 8 8 2 10 8 10
left_child=1 6 3 -2 -4 -3 -1
right_child=2 5 4 -5 -6 -7 -8
leaf_value=0.00015727504283668509 -7.4217093030724154e-06 -0.00024577508424411998 0.00044374792048055417 3.2058818523260351e-05 0.0017466406144035877 -9.3685649962310801e-05 2.1592560201494364e-05
leaf_weight=23711 974893 27089 1581 1059080 443 275686 34321
leaf_count=23711 974893 27089 1581 1059080 443 275686 34321
internal_value=7.48403e-08 -7.76466e-05 1.38482e-05 1.31356e-05 0.000729611 -0.000107294 7.70325e-05
internal_weight=2.3968e+06 360807 2.036e+06 2.03397e+06 2024 302775 58032
internal_count=2396804 360807 2035997 2033973 2024 302775 58032
is_linear=0
shrinkage=0.00720685


Tree=12
num_leaves=8
num_cat=0
split_feature=0 0 0 21 7 19 19
split_gain=107.201 25.8101 18.2617 17.3547 5.69208 5.33293 4.9762
threshold=-2.1014424562454219 0.44204692542552954 -4.2782008647918692 inf -1.1332641839981077 -0.56024855375289906 -0.47834391891956324
decision_type=2 2 2 8 2 10 8
left_child=2 3 5 -2 -4 -1 -3
right_child=1 6 4 -5 -6 -7 -8
leaf_value=-0.00024380923249521448 -8.0106359691595399e-06 7.2259563584989658e-05 0.00026289369822425607 0.00055888022945051294 -0.0001816140825323672 -0.00045654166162143156 3.2108951542748328e-05
leaf_weight=8947 1545324 231743 1530 2809 66202 19405 520270
leaf_count=8947 1545324 231743 1530 2809 66202 19405 520270
internal_value=-8.19687e-09 9.84393e-06 -0.000235855 -6.98169e-06 -0.000171569 -0.000389421 4.4482e-05
internal_weight=2.39623e+06 2.30015e+06 96084 1.54813e+06 67732 28352 752013
internal_count=2396230 2300146 96084 1548133 67732 28352 752013
is_linear=0
shrinkage=0.00720685


Tree=13
num_leaves=8
num_cat=0
split_feature=9 18 15 18 12 25 18
split_gain=49.8219 29.9334 16.0741 13.4106 7.97724 6.83766 2.56923
threshold=-0.76447647809982289 -0.7758258283138274 -0.13184385001659391 3.0491762161254887 0.49991890788078314 0.17696668207645419 -1.6346937417984007
decision_type=8 8 2 8 8 10 10
left_child=1 6 5 -3 -4 -2 -1
right_child=2 3 4 -5 -6 -7 -8
leaf_value=0.00026576619583540428 -2.0268554637425461e-05 -8.9427907426922173e-05 4.6810783653895533e-05 -0.00030380043463891672 4.2834489035792125e-06 2.0599795735893028e-05 9.3440092666206373e-05
leaf_weight=5256 662027 307800 726074 15941 334695 313233 30975
leaf_count=5256 662027 307800 726074 15941 334695 313233 30975
internal_value=1.57918e-07 -7.79993e-05 1.39762e-05 -9.99845e-05 3.33926e-05 -7.14247e-06 0.000118446
internal_weight=2.396e+06 359972 2.03603e+06 323741 1.06077e+06 975260 36231
internal_count=2396001 359972 2036029 323741 1060769 975260 36231
is_linear=0
shrinkage=0.00720685


Tree=14
num_leaves=8
num_cat=0
split_feature=1 2 2 1 19 1 9
split_gain=102.456 30.0978 17.7451 9.47751 9.24162 8.01044 4.85629
threshold=1.5631529688835146 -1.4311876893043516 -0.36503681540489191 0.85466128587722789 -0.33765973150730128 2.3535360097885136 -0.65437334775924672
decision_type=2 2 2 2 8 2 8
left_child=2 5 3 -1 -4 -2 -3
right_child=1 6 4 -5 -6 -7 -8
leaf_value=-7.4104630015182219e-06 -0.00024432300975924036 -0.00016511925139941282 4.5277957468013186e-05 -7.9407230777567284e-05 1.0546358094169115e-05 -0.0004205171118266916 -6.1960924057163954e-05
leaf_weight=419481 39835 37620 639370 122753 1053674 20203 64073
leaf_count=419481 39835 37620 639370 122753 1053674 20203 64073
internal_value=-5.02837e-07 -0.000175667 1.21711e-05 -2.37095e-05 2.36626e-05 -0.000303619 -0.000100124
internal_weight=2.39701e+06 161731 2.23528e+06 542234 1.69304e+06 60038 101693
internal_count=2397009 161731 2235278 542234 1693044 60038 101693
is_linear=0
shrinkage=0.00720685


Tree=15
num_leaves=8
num_cat=0
split_feature=1 2 2 15 1 9 1
split_gain=102.871 26.3538 18.8001 16.1674 10.6417 5.2336 5.11623
threshold=1.6841329336166384 -1.6645821332931516 -0.36503681540489191 -0.13184385001659391 0.92697444558143627 -1.5814045071601865 2.247455477714539
decision_type=2 2 2 2 2 8 2
left_child=2 6 4 -4 -1 -3 -2
right_child=1 5 3 -5 -6 -7 -8
leaf_value=-8.1316334068737658e-06 -0.00026134143462600994 -0.00023345481442294227 -2.557217008784937e-07 4.4197217768792288e-05 -8.4037433168446596e-05 -9.3169495910383086e-05 -0.00041325738889556873
leaf_weight=434231 24208 17198 801577 904381 123131 70171 21976
leaf_count=434231 24208 17198 801577 904381 123131 70171 21976
internal_value=-3.11436e-08 -0.000194394 1.14378e-05 2.33102e-05 -2.49007e-05 -0.000120786 -0.000333636
internal_weight=2.39687e+06 133553 2.26332e+06 1.70596e+06 557362 87369 46184
internal_count=2396873 133553 2263320 1705958 557362 87369 46184
is_linear=0
shrinkage=0.00720685


Tree=16
num_leaves=8
num_cat=0
split_feature=0 1 2 0 2 0 9
split_gain=101.827 28.2288 20.4807 16.1564 10.6979 6.94892 5.17768
threshold=-2.2573887109756465 0.9082603156566621 -1.9753684401512144 0.54521718621253978 -0.7626221477985381 -4.2782008647918692 0.48924836516380316
decision_type=2 2 2 2 2 2 8
left_child=2 3 5 -2 -3 -1 -4
right_child=1 4 6 -5 -6 -7 -8
leaf_value=-0.00050961837700554244 6.5466347687708754e-06 -0.00011078326817215846 -0.00020227492907875827 5.2341835158793866e-05 -2.3253212380147454e-05 -0.00029209471268123863 -4.7049878445780929e-05
leaf_weight=14025 1434380 110971 41101 554922 209323 16737 15323
leaf_count=14025 1434380 110971 41101 554922 209323 16737 15323
internal_value=8.46173e-08 9.21145e-06 -0.000241686 1.93214e-05 -5.35797e-05 -0.000391281 -0.000160123
internal_weight=2.39678e+06 2.3096e+06 87186 1.9893e+06 320294 30762 56424
internal_count=2396782 2309596 87186 1989302 320294 30762 56424
is_linear=0
shrinkage=0.00720685


Tree=17
num_leaves=8
num_cat=0
split_feature=0 0 2 2 0 15 2
split_gain=100.017 26.144 21.1245 15.5116 7.06962 4.74052 3.78287
threshold=-2.2573887109756465 0.43296931684017187 -1.5980249643325803 -0.59127080440521229 -4.2782008647918692 -0.1243816241621971 0.21505067497491839
decision_type=2 2 2 2 2 2 2
left_child=2 3 4 -2 -1 -3 -4
right_child=1 5 6 -5 -6 -7 -8
leaf_value=-0.00048177207878123061 -5.0718862209086311e-05 2.2860222987942586e-05 -0.00018122942901031166 4.3363525290734028e-06 -0.00028226335860690973 5.89960736139384e-05 -4.1313456225821779e-05
leaf_weight=16209 341700 329479 35434 1196544 21427 440860 14004
leaf_count=16209 341700 329479 35434 1196544 21427 440860 14004
internal_value=2.25684e-07 9.26933e-06 -0.000239545 -7.89342e-06 -0.000368198 4.35406e-05 -0.000141598
internal_weight=2.39566e+06 2.30858e+06 87074 1.53824e+06 37636 770339 49438
internal_count=2395657 2308583 87074 1538244 37636 770339 49438
is_linear=0
shrinkage=0.00720685


Tree=18
num_leaves=8
num_cat=0
split_feature=1 0 0 21 9 9 19
split_gain=98.398 26.6402 21.6564 17.2886 6.8789 6.60283 4.80076
threshold=1.5631529688835146 -4.2782008647918692 0.44204692542552954 inf -0.16232241690158841 1.4739825129508974 -0.56024855375289906
decision_type=2 2 2 8 8 8 10
left_child=2 6 3 -1 -3 -4 -2
right_child=1 4 5 -5 -6 -7 -8
leaf_value=-4.0240093497178857e-06 -0.00023368709119120392 -0.00017191356870760037 4.9292381064826254e-05 0.00056160747830738555 -6.6689709958188699e-05 -5.1136632467738826e-05 -0.00043572859936094556
leaf_weight=1479979 8928 78249 716420 2811 54919 35695 19372
leaf_count=1479979 8928 78249 716420 2811 54919 35695 19372
internal_value=6.13261e-07 -0.000171196 1.30263e-05 -2.95134e-06 -0.00012852 4.4526e-05 -0.000372
internal_weight=2.39637e+06 161468 2.2349e+06 1.48279e+06 133168 752115 28300
internal_count=2396373 161468 2234905 1482790 133168 752115 28300
is_linear=0
shrinkage=0.00720685


Tree=19
num_leaves=8
num_cat=0
split_feature=0 0 0 7 9 9 9
split_gain=99.7073 25.4728 18.5838 13.6995 8.82249 6.85177 4.15733
threshold=-1.9501627683639524 0.39331853389739996 -4.2782008647918692 0.85475915670394909 -0.16232241690158841 1.4739825129508974 0.76343685388565075
decision_type=2 2 2 2 8 8 8
left_child=2 3 6 -2 -4 -3 -1
right_child=1 5 4 -5 -6 -7 -8
leaf_value=-0.00041664354508623739 -9.4512698192827728e-07 4.595485607670093e-05 -0.00021757339268785899 -7.6285116840713664e-05 -5.8418533884963821e-05 -5.13117244498681e-05 -0.00019789544044876718
leaf_weight=22847 1296683 815245 48358 138771 28904 39434 5627
leaf_count=22847 1296683 815245 48358 138771 28904 39434 5627
internal_value=3.27936e-07 1.03178e-05 -0.000216041 -8.2286e-06 -0.000158035 4.1467e-05 -0.000373424
internal_weight=2.39587e+06 2.29013e+06 105736 1.43545e+06 77262 854679 28474
internal_count=2395869 2290133 105736 1435454 77262 854679 28474
is_linear=0
shrinkage=0.00720685


Tree=20
num_leaves=8
num_cat=0
split_feature=1 1 7 15 7 1 1
split_gain=95.8716 19.043 12.9831 11.788 6.43479 6.28289 3.76602
threshold=1.7280904650688174 0.87177971005439769 0.35976268351078039 -0.1243816241621971 0.74546504020690929 2.482263565063477 2.247455477714539
decision_type=2 2 2 2 2 2 2
left_child=1 3 6 -1 -3 -4 -2
right_child=2 4 5 -5 -6 -7 -8
leaf_value=6.4609743876540678e-07 -9.3002270129041167e-05 -2.7968799661055835e-05 -0.00023069946794408044 3.595691979271761e-05 -0.00011993304770748895 -0.00040491355615841253 -0.00020357798194071608
leaf_weight=933057 46723 256017 38155 1036530 46730 14975 24330
leaf_count=933057 46723 256017 38155 1036530 46730 14975 24330
internal_value=3.93438e-07 1.10495e-05 -0.000194593 1.92291e-05 -4.21642e-05 -0.00027981 -0.000130868
internal_weight=2.39652e+06 2.27233e+06 124183 1.96959e+06 302747 53130 71053
internal_count=2396517 2272334 124183 1969587 302747 53130 71053
is_linear=0
shrinkage=0.00720685


Tree=21
num_leaves=8
num_cat=0
split_feature=1 2 2 15 21 1 9
split_gain=95.3146 25.8662 16.2952 15.1544 11.0719 7.2759 4.46526
threshold=1.6006519198417666 -1.3369857072830198 -0.36503681540489191 -0.14650723338127133 inf 2.3535360097885136 -0.91974884271621693
decision_type=2 2 2 2 8 2 8
left_child=2 5 4 -4 -1 -2 -3
right_child=1 6 3 -5 -6 -7 -8
leaf_value=-2.4238479538781026e-05 -0.0002323477451808502 -0.00017372351013129463 -5.2180197426320658e-07 4.2679611227018329e-05 0.00057522908402423182 -0.00039782982088669422 -6.4054714263609826e-05
leaf_weight=545043 40226 27755 782408 914840 1604 21013 63178
leaf_count=545043 40226 27755 782408 914840 1604 21013 63178
internal_value=-9.45268e-08 -0.00017464 1.17425e-05 2.27643e-05 -2.24785e-05 -0.000289135 -9.75301e-05
internal_weight=2.39607e+06 152172 2.2439e+06 1.69725e+06 546647 61239 90933
internal_count=2396067 152172 2243895 1697248 546647 61239 90933
is_linear=0
shrinkage=0.00720685


Tree=22
num_leaves=8
num_cat=0
split_feature=0 0 21 0 9 9 9
split_gain=94.849 25.8552 14.2764 14.191 7.30359 7.06543 4.59912
threshold=-2.2573887109756465 0.41074593365192419 inf -4.2782008647918692 1.1373500823974612 0.49748091399669653 -0.78484335541725148
decision_type=2 2 8 2 8 8 8
left_child=3 2 -2 6 -3 -5 -1
right_child=1 4 -4 5 -6 -7 -8
leaf_value=-0.0004426121191497292 -1.0240125634308346e-05 4.8415624706399061e-05 0.0005008628915429711 -0.00021211130722375337 -2.2751646879717641e-05 -2.3024214392212345e-05 -0.00025684024995372524
leaf_weight=16660 1488834 734333 2843 45477 83403 13256 11852
leaf_count=16660 1488834 734333 2843 45477 83403 13256 11852
internal_value=-2.23692e-07 8.58841e-06 -9.26568e-06 -0.000233482 4.1157e-05 -0.000169436 -0.000365402
internal_weight=2.39666e+06 2.30941e+06 1.49168e+06 87245 817736 58733 28512
internal_count=2396658 2309413 1491677 87245 817736 58733 28512
is_linear=0
shrinkage=0.00720685


Tree=23
num_leaves=8
num_cat=0
split_feature=1 2 7 21 1 9 23
split_gain=95.0522 27.0845 15.9204 19.0358 6.62561 4.34177 2.49237
threshold=1.5631529688835146 -1.5980249643325803 1.3078627586364748 inf 2.247455477714539 -0.91974884271621693 -1.4262086153030393
decision_type=2 2 2 8 2 8 10
left_child=2 4 3 -1 -2 -3 -4
right_child=1 5 6 -5 -6 -7 -8
leaf_value=1.5024274569130331e-05 -0.0002332011498327727 -0.00017128212592959396 -0.00031283555812051023 0.00064376706230583893 -0.00039490642960798345 -7.2226402797784448e-05 -7.4967304779789272e-05
leaf_weight=2140317 31506 33350 2347 2503 22611 73941 89698
leaf_count=2140317 31506 33350 2347 2503 22611 73941 89698
internal_value=-4.25846e-07 -0.000169322 1.17724e-05 1.5759e-05 -0.000300771 -0.000103018 -8.1036e-05
internal_weight=2.39627e+06 161408 2.23486e+06 2.14282e+06 54117 107291 92045
internal_count=2396273 161408 2234865 2142820 54117 107291 92045
is_linear=0
shrinkage=0.00720685


Tree=24
num_leaves=8
num_cat=0
split_feature=0 0 2 21 0 9 9
split_gain=92.2886 22.6012 20.4895 15.067 8.67561 6.34931 5.27305
threshold=-1.9501627683639524 0.367358148097992 -1.5980249643325803 inf -4.2782008647918692 1.4344539046287539 -0.37088926136493677
decision_type=2 2 2 8 2 8 8
left_child=2 3 4 -2 -1 -3 -4
right_child=1 5 6 -5 -6 -7 -8
leaf_value=-0.00046137532782112033 -9.9811095257675226e-06 4.1705595449408931e-05 -0.00019235722451908156 0.00051781572236354856 -0.00024993962359799379 -4.5643799705953744e-05 -6.0009820369654886e-05
leaf_weight=16229 1377622 865512 30934 2814 26615 45492 31620
leaf_count=16229 1377622 865512 30934 2814 26615 45492 31620
internal_value=-1.08894e-07 9.48209e-06 -0.000208623 -8.90483e-06 -0.000330039 3.73436e-05 -0.00012546
internal_weight=2.39684e+06 2.29144e+06 105398 1.38044e+06 42844 911004 62554
internal_count=2396838 2291440 105398 1380436 42844 911004 62554
is_linear=0
shrinkage=0.00720685


Tree=25
num_leaves=8
num_cat=0
split_feature=0 0 2 2 0 9 9
split_gain=90.2154 25.0684 17.2412 13.8819 6.56259 6.29484 4.40783
threshold=-2.2573887109756465 0.41074593365192419 -1.6645821332931516 -0.70574870705604542 -4.2782008647918692 1.4739825129508974 -0.2413939759135246
decision_type=2 2 2 2 2 8 8
left_child=2 3 4 -2 -1 -3 -4
right_child=1 5 6 -5 -6 -7 -8
leaf_value=-0.00045744806294727722 -5.3229747200442166e-05 4.5665181380561067e-05 -0.0002026071369224459 2.38634723127224e-06 -0.00026208853736143037 -4.9524835727805382e-05 -6.7665138553521517e-05
leaf_weight=15779 289139 779683 27639 1202633 20594 37832 23067
leaf_count=15779 289139 779683 27639 1202633 20594 37832 23067
internal_value=5.97787e-07 9.18455e-06 -0.000227116 -8.39331e-06 -0.000346848 4.126e-05 -0.000141223
internal_weight=2.39637e+06 2.30929e+06 87079 1.49177e+06 36373 817515 50706
internal_count=2396366 2309287 87079 1491772 36373 817515 50706
is_linear=0
shrinkage=0.00720685


Tree=26
num_leaves=8
num_cat=0
split_feature=2 2 9 18 25 21 23
split_gain=59.0561 16.6386 15.4346 15.0609 9.97168 6.77296 4.62115
threshold=-1.1461461186408994 -2.6493028402328487 -0.70714393258094776 -0.72438782453536976 0.017155314795672897 inf -0.22782776504755017
decision_type=2 2 10 8 10 8 8
left_child=1 5 3 -2 -4 -1 -3
right_child=2 6 4 -5 -6 -7 -8
leaf_value=-0.00024111523057775711 0.00010282362471215291 -0.00012092041911947396 2.7167871710925643e-06 -5.3208099933241637e-05 3.6204395323184372e-05 0.00038342384176803774 -4.8331526498475048e-05
leaf_weight=46189 36412 76273 888588 273182 961659 919 113099
leaf_count=46189 36412 76273 888588 273182 961659 919 113099
internal_value=4.02793e-07 -0.00010772 1.22412e-05 -3.48565e-05 2.01219e-05 -0.000228924 -7.75686e-05
internal_weight=2.39632e+06 236480 2.15984e+06 309594 1.85025e+06 47108 189372
internal_count=2396321 236480 2159841 309594 1850247 47108 189372
is_linear=0
shrinkage=0.00720685


Tree=27
num_leaves=8
num_cat=0
split_feature=0 0 0 7 9 9 25
split_gain=85.6592 22.6827 17.3321 14.3529 7.3526 5.84361 4.2135
threshold=-2.1014424562454219 0.44204692542552954 -4.2782008647918692 1.0049847960472109 -0.16232241690158841 1.4739825129508974 0.25311696529388433
decision_type=2 2 2 2 8 8 8
left_child=2 3 6 -2 -4 -3 -1
right_child=1 5 4 -5 -6 -7 -8
leaf_value=-0.00042102717933482946 3.0185498488847959e-07 4.6707369970840922e-05 -0.00020486892717405883 -8.2395080921145638e-05 -4.9086463597952525e-05 -4.7755564323502214e-05 -0.00023370272010843403
leaf_weight=19053 1430735 717080 42595 117995 24957 35706 9279
leaf_count=19053 1430735 717080 42595 117995 24957 35706 9279
internal_value=9.82131e-07 9.775e-06 -0.000210072 -5.99871e-06 -0.000147317 4.22267e-05 -0.000359687
internal_weight=2.3974e+06 2.30152e+06 95884 1.54873e+06 67552 752786 28332
internal_count=2397400 2301516 95884 1548730 67552 752786 28332
is_linear=0
shrinkage=0.00720685


Tree=28
num_leaves=8
num_cat=0
split_feature=0 0 2 2 9 0 9
split_gain=89.3959 24.7471 17.3315 13.3602 7.36675 7.21678 4.21143
threshold=-2.2573887109756465 0.36299231648445135 -1.6645821332931516 -0.59127080440521229 1.4344539046287539 -4.2782008647918692 0.29865469038486486
decision_type=2 2 2 2 8 2 8
left_child=2 3 5 -2 -3 -1 -4
right_child=1 4 6 -5 -6 -7 -8
leaf_value=-0.0004599008257826551 -5.0867062435251311e-05 4.2590107439071593e-05 -0.00018463726567570258 2.0292080763209756e-06 -5.1193281222436271e-05 -0.00025612725233191088 -4.4066223542610049e-05
leaf_weight=16020 323333 873373 34495 1064419 45782 20693 16302
leaf_count=16020 323333 873373 34495 1064419 45782 20693 16302
internal_value=3.38324e-07 8.91504e-06 -0.000225755 -1.02951e-05 3.79188e-05 -0.000345056 -0.000139527
internal_weight=2.39442e+06 2.30691e+06 87510 1.38775e+06 919155 36713 50797
internal_count=2394417 2306907 87510 1387752 919155 36713 50797
is_linear=0
shrinkage=0.00720685


Tree=29
num_leaves=8
num_cat=0
split_feature=1 0 0 1 9 9 19
split_gain=86.7222 22.3158 20.6924 10.2947 6.82092 6.01075 5.08907
threshold=1.6006519198417666 -4.2782008647918692 0.43296931684017187 -1.9565966129302976 -0.40606540441513056 1.3981303572654726 -0.56024855375289906
decision_type=2 2 2 2 8 8 10
left_child=2 6 3 -1 -3 -4 -2
right_child=1 4 5 -5 -6 -7 -8
leaf_value=0.00037876228380906353 -0.00020714611920261106 -0.00017636902338594057 4.6273701573167185e-05 -5.6668022049486562e-06 -6.9415906486961407e-05 -4.0692977152574658e-05 -0.0004157090346294748
leaf_weight=3626 8884 64580 728161 1469399 59514 43757 19254
leaf_count=3626 8884 64580 728161 1469399 59514 43757 19254
internal_value=-1.69081e-07 -0.000166629 1.11188e-05 -4.72023e-06 -0.000125077 4.13438e-05 -0.00034987
internal_weight=2.39718e+06 152232 2.24494e+06 1.47302e+06 124094 771918 28138
internal_count=2397175 152232 2244943 1473025 124094 771918 28138
is_linear=0
shrinkage=0.00720685


Tree=30
num_leaves=8
num_cat=0
split_feature=1 2 1 15 2 1 2
split_gain=83.7735 22.383 17.6951 12.316 8.08428 4.97657 4.91068
threshold=1.6841329336166384 -1.9753684401512144 0.82110118865966808 -0.1243816241621971 -0.45603743195533747 2.6371937990188603 -0.43234744668006891
decision_type=2 2 2 2 2 2 2
left_child=2 5 3 -1 -4 -2 -3
right_child=1 6 4 -5 -6 -7 -8
leaf_value=-7.0679894287659294e-07 -0.00027840693072979784 -0.0001671879734850209 -8.1593933565669272e-05 3.5654997855155243e-05 -8.4390114572748668e-06 -0.00047478820628973965 -6.3838500289065188e-05
leaf_weight=915386 29335 48756 135288 1026145 186784 8691 46805
leaf_count=915386 29335 48756 135288 1026145 186784 8691 46805
internal_value=-4.53398e-08 -0.000175419 1.03044e-05 1.85113e-05 -3.91683e-05 -0.000323302 -0.00011657
internal_weight=2.39719e+06 133587 2.2636e+06 1.94153e+06 322072 38026 95561
internal_count=2397190 133587 2263603 1941531 322072 38026 95561
is_linear=0
shrinkage=0.00720685


Tree=31
num_leaves=8
num_cat=0
split_feature=0 1 0 0 7 7 23
split_gain=84.8435 23.3664 15.2742 14.5824 6.55854 4.11992 3.98419
threshold=-2.1014424562454219 0.9082603156566621 -4.2782008647918692 0.55570355057716381 0.88689804077148449 -1.0804066658020017 0.060374865308403976
decision_type=2 2 2 2 2 2 8
left_child=2 3 6 -2 -3 -4 -1
right_child=1 4 5 -5 -6 -7 -8
leaf_value=-0.00042980215360248172 5.799439843427255e-06 -3.6454110240161462e-05 0.0002064618665420575 4.9761443298987376e-05 -0.00013336677912697376 -0.00016022452918274338 -0.00025822001433756697
leaf_weight=15274 1452778 269043 1630 536656 41920 65879 13035
leaf_count=15274 1452778 269043 1630 536656 41920 65879 13035
internal_value=-1.74741e-07 8.57742e-06 -0.000210295 1.76584e-05 -4.95191e-05 -0.000151368 -0.000350809
internal_weight=2.39622e+06 2.3004e+06 95818 1.98943e+06 310963 67509 28309
internal_count=2396215 2300397 95818 1989434 310963 67509 28309
is_linear=0
shrinkage=0.00720685


Tree=32
num_leaves=8
num_cat=0
split_feature=0 0 2 2 0 2 15
split_gain=82.4064 21.8122 18.9653 13.906 7.15466 4.63129 3.71502
threshold=-2.1014424562454219 0.50817531347274791 -1.5980249643325803 -0.59127080440521229 -4.2782008647918692 -0.27386277914047236 -0.13184385001659391
decision_type=2 2 2 2 2 2 2
left_child=2 3 4 -2 -1 -4 -3
right_child=1 6 5 -5 -6 -7 -8
leaf_value=-0.00044181655861606442 -4.4917885366839911e-05 2.437914901955761e-05 -0.00018023014864695678 5.9061945366783954e-06 -0.00024631378258507 -4.8258350834743667e-05 6.0065434543856669e-05
leaf_weight=16396 354459 260671 30603 1324127 23902 25173 361831
leaf_count=16396 354459 260671 30603 1324127 23902 25173 361831
internal_value=5.20488e-08 8.68612e-06 -0.000206742 -4.82609e-06 -0.000325867 -0.000120671 4.5122e-05
internal_weight=2.39716e+06 2.30109e+06 96074 1.67859e+06 40298 55776 622502
internal_count=2397162 2301088 96074 1678586 40298 55776 622502
is_linear=0
shrinkage=0.00720685


Tree=33
num_leaves=8
num_cat=0
split_feature=0 1 2 0 2 0 9
split_gain=84.6065 22.7159 18.5203 12.8048 8.32182 5.19038 3.16362
threshold=-2.2573887109756465 0.9082603156566621 -1.2181448340415952 0.56690368056297313 -0.67104282975196827 -4.2782008647918692 2.248711466789246
decision_type=2 2 2 2 2 2 10
left_child=2 3 5 -2 -3 -1 -4
right_child=1 4 6 -5 -6 -7 -8
leaf_value=-0.00041373872902422264 6.821714442545811e-06 -9.5257986693891467e-05 -0.00011466569901100223 4.8493906023938055e-05 -1.9305779293578604e-05 -0.0002570192303345998 0.00077438514297767749
leaf_weight=18498 1472177 119874 41277 517636 199821 27017 208
leaf_count=18498 1472177 119874 41277 517636 199821 27017 208
internal_value=2.91654e-07 8.60279e-06 -0.000220334 1.76625e-05 -4.77854e-05 -0.00032072 -0.00011019
internal_weight=2.39651e+06 2.30951e+06 87000 1.98981e+06 319695 45515 41485
internal_count=2396508 2309508 87000 1989813 319695 45515 41485
is_linear=0
shrinkage=0.00720685


Tree=34
num_leaves=8
num_cat=0
split_feature=1 0 0 21 7 19 19
split_gain=80.2465 20.7002 19.1657 16.088 6.42746 5.87512 5.28135
threshold=1.6006519198417666 -4.2782008647918692 0.48863726854324346 inf 0.32740803062915808 -0.47834391891956324 -0.56024855375289906
decision_type=2 2 2 8 2 8 10
left_child=2 6 3 -1 -3 -4 -2
right_child=1 4 5 -5 -6 -7 -8
leaf_value=-3.430648609085515e-06 -0.00019057108685690015 -7.6252333069624711e-05 7.5888227067715449e-05 0.00054034431112518074 -0.00018176875191380719 2.9371846272365946e-05 -0.00040252566690706992
leaf_weight=1580953 8918 72795 204241 2830 50988 455643 19386
leaf_count=1580953 8918 72795 204241 2830 50988 455643 19386
internal_value=2.78025e-07 -0.000159924 1.11374e-05 -2.45866e-06 -0.000119717 4.37693e-05 -0.000335753
internal_weight=2.39575e+06 152087 2.24367e+06 1.58378e+06 123783 659884 28304
internal_count=2395754 152087 2243667 1583783 123783 659884 28304
is_linear=0
shrinkage=0.00720685


Tree=35
num_leaves=8
num_cat=0
split_feature=1 2 1 15 2 9 23
split_gain=76.7923 18.3185 18.2679 11.3499 7.4516 4.75347 3.90454
threshold=1.7775537967681887 -1.4311876893043516 0.7125459909439088 -0.13911824673414228 -0.70574870705604542 2.248711466789246 0.060374865308403976
decision_type=2 2 2 2 2 10 8
left_child=2 6 3 -1 -4 -3 -2
right_child=1 5 4 -5 -6 -7 -8
leaf_value=-4.0242740920692439e-07 -0.0003457624221124831 -0.00011008848329562785 -7.8638282093424088e-05 3.5164726656542315e-05 -1.2878251728259012e-05 0.00058569054748198893 -0.00021408592882858236
leaf_weight=861290 27365 66403 133336 1015349 272221 513 20442
leaf_count=861290 27365 66403 133336 1015349 272221 513 20442
internal_value=2.16393e-07 -0.000181723 9.36233e-06 1.88411e-05 -3.44985e-05 -0.000104746 -0.000289464
internal_weight=2.39692e+06 114723 2.2822e+06 1.87664e+06 405557 66916 47807
internal_count=2396919 114723 2282196 1876639 405557 66916 47807
is_linear=0
shrinkage=0.00720685


Tree=36
num_leaves=8
num_cat=0
split_feature=0 0 0 1 9 9 9
split_gain=79.0117 20.284 15.3175 14.2044 5.82516 5.75684 4.32631
threshold=-1.9501627683639524 0.39331853389739996 -3.7301558256149288 -2.052476048469543 0.76343685388565075 1.5167080760002138 0.50571599602699291
decision_type=2 2 2 2 8 8 8
left_child=2 3 4 -2 -1 -3 -4
right_child=1 5 6 -5 -6 -7 -8
leaf_value=-0.00035057580372289531 0.00057021509873796019 4.0326694457267726e-05 -0.0001584610705994112 -8.7995712749101896e-06 -0.00012752961320944769 -5.3332976767909201e-05 -2.0510031966995469e-05
leaf_weight=31151 2203 819364 51680 1433414 7559 35564 15305
leaf_count=31151 2203 819364 51680 1433414 7559 35564 15305
internal_value=-2.5034e-07 8.63932e-06 -0.000192899 -7.91066e-06 -0.000307026 3.64305e-05 -0.000126943
internal_weight=2.39624e+06 2.29054e+06 105695 1.43562e+06 38710 854928 66985
internal_count=2396240 2290545 105695 1435617 38710 854928 66985
is_linear=0
shrinkage=0.00720685


Tree=37
num_leaves=8
num_cat=0
split_feature=0 0 2 2 9 9 0
split_gain=76.1932 21.2403 16.1175 12.5503 6.10348 4.99209 4.23175
threshold=-2.2573887109756465 0.367358148097992 -1.9753684401512144 -0.70574870705604542 1.4739825129508974 0.4730925858020783 -4.2782008647918692
decision_type=2 2 2 2 8 8 2
left_child=2 3 6 -2 -3 -4 -1
right_child=1 4 5 -5 -6 -7 -8
leaf_value=-0.00043475620832515352 -5.3638138886896935e-05 3.8285332908989977e-05 -0.00017918876919154373 2.9952624439266273e-07 -5.1352738602232854e-05 -2.7602165119640001e-05 -0.00026516713505836604
leaf_weight=14012 280203 869303 40912 1118190 41328 15582 16830
leaf_count=14012 280203 869303 40912 1118190 41328 15582 16830
internal_value=-7.72848e-07 7.13051e-06 -0.000209723 -1.05082e-05 3.42171e-05 -0.00013738 -0.000342226
internal_weight=2.39636e+06 2.30902e+06 87336 1.39839e+06 910631 56494 30842
internal_count=2396360 2309024 87336 1398393 910631 56494 30842
is_linear=0
shrinkage=0.00720685


Tree=38
num_leaves=8
num_cat=0
split_feature=0 1 0 21 3 25 17
split_gain=75.784 21.1187 15.3844 13.896 6.10646 4.52279 3.1508
threshold=-2.1014424562454219 0.87177971005439769 -4.2782008647918692 inf -0.084962297230958925 0.25311696529388433 0.21629349887371066
decision_type=2 2 2 8 8 8 2
left_child=2 3 5 -2 -3 -1 -4
right_child=1 4 6 -5 -6 -7 -8
leaf_value=-0.00040355710998784779 1.6465768958263928e-05 4.5332187120737285e-06 -0.00016464664427459579 0.00052626825640596816 -6.4373592388256384e-05 -0.00020899122101689996 -4.2551218362216804e-05
leaf_weight=19013 1967086 92851 53613 2780 238041 9218 13806
leaf_count=19013 1967086 92851 53613 2780 238041 9218 13806
internal_value=-2.68527e-08 8.23661e-06 -0.000198794 1.71855e-05 -4.50377e-05 -0.000340037 -0.000139645
internal_weight=2.39641e+06 2.30076e+06 95650 1.96987e+06 330892 28231 67419
internal_count=2396408 2300758 95650 1969866 330892 28231 67419
is_linear=0
shrinkage=0.00720685


Tree=39
num_leaves=8
num_cat=0
split_feature=0 0 2 2 19 0 2
split_gain=75.0109 22.3817 16.2867 12.5295 5.30471 5.00121 2.90735
threshold=-2.2573887109756465 0.43296931684017187 -1.5980249643325803 -0.70574870705604542 -0.47834391891956324 -4.2782008647918692 0.32224084436893469
decision_type=2 2 2 2 8 2 2
left_child=2 3 5 -2 -3 -1 -4
right_child=1 4 6 -5 -6 -7 -8
leaf_value=-0.00041625931469168969 -5.0920163474976591e-05 6.7422271375049364e-05 -0.00015468692480567799 1.4297729533970834e-06 2.6433834140929037e-05 -0.000248637235842424 -2.8093263199329959e-05
leaf_weight=16291 293390 236867 36521 1245666 533070 21394 12700
leaf_count=16291 293390 236867 36521 1245666 533070 21394 12700
internal_value=-5.02846e-07 7.32042e-06 -0.000208356 -8.5497e-06 3.90438e-05 -0.000321109 -0.000122025
internal_weight=2.3959e+06 2.30899e+06 86906 1.53906e+06 769937 37685 49221
internal_count=2395899 2308993 86906 1539056 769937 37685 49221
is_linear=0
shrinkage=0.00720685


Tree=40
num_leaves=8
num_cat=0
split_feature=1 0 0 21 15 23 25
split_gain=76.8407 21.1671 16.5516 15.152 4.56129 4.14129 3.69636
threshold=1.5631529688835146 -4.2782008647918692 0.44204692542552954 inf -0.10966406762599944 -0.70756071805953968 0.25311696529388433
decision_type=2 2 2 8 2 8 8
left_child=2 6 3 -1 -4 -3 -2
right_child=1 5 4 -5 -6 -7 -8
leaf_value=-4.2498114623687226e-06 -0.00038804666317653801 -0.00020916469247749095 1.8050030036358737e-05 0.00052443461552531187 5.3855651980363352e-05 -9.6953295409162211e-05 -0.00021292764940443768
leaf_weight=1479120 19076 20117 327186 2820 424601 113282 9326
leaf_count=1479120 19076 20117 327186 2820 424601 113282 9326
internal_value=-2.56097e-07 -0.000151914 1.07293e-05 -3.24342e-06 3.82727e-05 -0.000113877 -0.000330555
internal_weight=2.39553e+06 161801 2.23373e+06 1.48194e+06 751787 133399 28402
internal_count=2395528 161801 2233727 1481940 751787 133399 28402
is_linear=0
shrinkage=0.00720685


Tree=41
num_leaves=8
num_cat=0
split_feature=1 7 21 1 9 9 23
split_gain=72.2703 13.7637 13.1236 12.429 7.59602 4.37661 2.54737
threshold=1.5244383215904238 1.3942345976829531 inf 2.159645795822144 2.248711466789246 -0.91974884271621693 -1.4262086153030393
decision_type=2 2 8 2 10 8 10
left_child=1 2 -1 5 -5 -2 -3
right_child=3 6 -4 4 -6 -7 -8
leaf_value=1.3830127608554879e-05 -0.00016032342783729188 -0.00033376885367757684 0.00053217473308746687 -0.00023619763056076325 0.00076677674157644396 -6.639285246175308e-05 -7.3490249461752839e-05
leaf_weight=2139052 39575 2000 2539 57030 394 73836 81799
leaf_count=2139052 39575 2000 2539 57030 394 73836 81799
internal_value=-6.64561e-08 1.08995e-05 1.44449e-05 -0.000142915 -0.000229303 -9.91714e-05 -7.97062e-05
internal_weight=2.39622e+06 2.22539e+06 2.14159e+06 170835 57424 113411 83799
internal_count=2396225 2225390 2141591 170835 57424 113411 83799
is_linear=0
shrinkage=0.00720685


Tree=42
num_leaves=8
num_cat=0
split_feature=9 18 15 18 11 19 18
split_gain=38.3947 28.1791 14.1813 10.414 8.00604 6.61595 4.78593
threshold=-0.76447647809982289 -0.4533273577690124 -0.13184385001659391 3.0491762161254887 inf -0.30719164013862604 -1.1729790568351743
decision_type=8 10 2 10 8 8 10
left_child=1 6 5 -3 -4 -2 -1
right_child=2 3 4 -5 -6 -7 -8
leaf_value=0.00017694018150035297 1.577147813046823e-05 -8.6046970746450491e-05 3.0124860135335503e-05 -0.00027431886228210218 0.00065124709521901321 -2.2560606060234907e-05 3.4301214877547527e-05
leaf_weight=17529 388357 286287 1059196 16118 1078 587854 40319
leaf_count=17529 388357 286287 1059196 16118 1078 587854 40319
internal_value=3.76467e-07 -6.82051e-05 1.25085e-05 -9.60827e-05 3.0757e-05 -7.31128e-06 7.75261e-05
internal_weight=2.39674e+06 360253 2.03648e+06 302405 1.06027e+06 976211 57848
internal_count=2396738 360253 2036485 302405 1060274 976211 57848
is_linear=0
shrinkage=0.00720685


Tree=43
num_leaves=8
num_cat=0
split_feature=1 15 1 16 5 17 12
split_gain=71.3657 13.8177 12.1547 8.24523 5.51321 4.09419 3.13898
threshold=1.5631529688835146 -0.13911824673414228 2.3535360097885136 0.30461786687374121 0.62566965818405162 0.024862408638000492 -0.63349372148513783
decision_type=2 2 2 2 8 2 10
left_child=1 4 5 -3 -1 -2 -4
right_child=2 3 6 -5 -6 -7 -8
leaf_value=-1.7784620209081241e-05 -0.00013885553790525158 4.0902916658055805e-05 -3.3630176021074061e-05 -8.1152015729335402e-07 1.885080406700979e-05 -4.7822956190215992e-05 -0.00027792093825039027
leaf_weight=799686 86369 785877 2962 358313 290980 36510 35246
leaf_count=799686 86369 785877 2962 358313 290980 36510 35246
internal_value=-2.16021e-07 1.03438e-05 -0.000146719 2.78397e-05 -8.01058e-06 -0.000111809 -0.000258985
internal_weight=2.39594e+06 2.23486e+06 161087 1.14419e+06 1.09067e+06 122879 38208
internal_count=2395943 2234856 161087 1144190 1090666 122879 38208
is_linear=0
shrinkage=0.00720685


Tree=44
num_leaves=8
num_cat=0
split_feature=0 0 0 21 9 9 19
split_gain=73.4039 19.5405 15.1521 13.3479 6.71588 6.59985 5.00862
threshold=-1.9501627683639524 0.41074593365192419 -4.2782008647918692 inf 1.4739825129508974 -0.16232241690158841 -0.56024855375289906
decision_type=2 2 2 8 8 8 10
left_child=2 3 6 -2 -3 -4 -1
right_child=1 4 5 -5 -6 -7 -8
leaf_value=-0.00018753584560433703 -8.4045225539516624e-06 4.1036458638163829e-05 -0.00018539937245750377 0.00048878032933641216 -5.7103349439724842e-05 -4.751494842954999e-05 -0.00039375357422763077
leaf_weight=8937 1469643 779846 48247 2809 37979 28790 19411
leaf_count=8937 1469643 779846 48247 2809 37979 28790 19411
internal_value=-3.24653e-07 8.23269e-06 -0.000186295 -7.45571e-06 3.64788e-05 -0.000133871 -0.000328751
internal_weight=2.39566e+06 2.29028e+06 105385 1.47245e+06 817825 77037 28348
internal_count=2395662 2290277 105385 1472452 817825 77037 28348
is_linear=0
shrinkage=0.00720685


Tree=45
num_leaves=8
num_cat=0
split_feature=2 15 2 2 25 21 2
split_gain=50.0762 14.153 13.1993 10.8518 7.70279 5.27872 3.49525
threshold=-1.1461461186408994 -0.1243816241621971 -3.1011034250259395 -0.051582816988229745 0.011431879829615356 inf -1.9753684401512144
decision_type=2 2 2 2 10 8 2
left_child=2 4 5 -3 -2 -1 -4
right_child=1 3 6 -5 -6 -7 -8
leaf_value=-0.00026142074534315964 -2.8180166293097918e-05 -2.2393749828263329e-06 -0.00012257144969005161 4.5719193176919347e-05 1.0683428584560327e-05 0.00033355236145614955 -5.9067454752950197e-05
leaf_weight=27664 494741 370015 66014 725595 570122 796 141542
leaf_count=27664 494741 370015 66014 725595 570122 796 141542
internal_value=4.48756e-07 1.13373e-05 -9.92239e-05 2.95224e-05 -7.37279e-06 -0.000244768 -7.92657e-05
internal_weight=2.39649e+06 2.16047e+06 236016 1.09561e+06 1.06486e+06 28460 207556
internal_count=2396489 2160473 236016 1095610 1064863 28460 207556
is_linear=0
shrinkage=0.00720685


Tree=46
num_leaves=8
num_cat=0
split_feature=0 0 21 0 19 19 23
split_gain=71.5018 18.6375 13.782 13.0044 5.35527 4.8828 3.32566
threshold=-2.1014424562454219 0.44204692542552954 inf -3.7301558256149288 -0.7682150900363921 -0.45748423039913172 -0.5937528908252715
decision_type=2 2 8 2 10 8 8
left_child=3 2 -2 4 -1 -3 -5
right_child=1 5 -4 6 -6 -7 -8
leaf_value=-0.0001281351713048883 -7.6021472948518816e-06 6.3459823724681052e-05 0.00049920130187993859 -0.00023408763737979698 -0.00033792941110750464 2.42734529709256e-05 -9.6568445164376459e-05
leaf_weight=7949 1545507 245080 2791 11413 30866 506436 45744
leaf_count=7949 1545507 245080 2791 11413 30866 506436 45744
internal_value=-4.37682e-07 7.60511e-06 -6.68825e-06 -0.000193169 -0.00029497 3.70528e-05 -0.000124032
internal_weight=2.39579e+06 2.29981e+06 1.5483e+06 95972 38815 751516 57157
internal_count=2395786 2299814 1548298 95972 38815 751516 57157
is_linear=0
shrinkage=0.00720685


Tree=47
num_leaves=8
num_cat=0
split_feature=0 0 2 1 9 0 9
split_gain=69.0736 19.0316 18.0071 13.5633 6.45859 6.38236 5.89145
threshold=-1.9501627683639524 0.35839070379734045 -1.9753684401512144 -1.9565966129302976 1.4739825129508974 -4.2782008647918692 -0.40606540441513056
decision_type=2 2 2 2 8 2 8
left_child=2 3 5 -2 -3 -1 -4
right_child=1 4 6 -5 -6 -7 -8
leaf_value=-0.0004322442980743821 0.00048880689101221816 3.7705664135715178e-05 -0.00017979083154834118 -9.7636891220348143e-06 -5.3752333370249818e-05 -0.00023352716750709159 -4.8489739861919278e-05
leaf_weight=14119 2839 887795 35435 1358670 42000 20719 35564
leaf_count=14119 2839 887795 35435 1358670 42000 20719 35564
internal_value=1.26056e-07 8.44052e-06 -0.000179875 -8.72372e-06 3.35743e-05 -0.000314073 -0.000114023
internal_weight=2.39714e+06 2.2913e+06 105837 1.36151e+06 929795 34838 70999
internal_count=2397141 2291304 105837 1361509 929795 34838 70999
is_linear=0
shrinkage=0.00720685


Tree=48
num_leaves=8
num_cat=0
split_feature=1 2 0 21 0 19 0
split_gain=67.8571 21.1507 15.7939 13.5138 7.94526 5.67694 4.58019
threshold=1.6006519198417666 -1.9753684401512144 0.49359661340713507 inf -4.2782008647918692 -0.47834391891956324 -4.2782008647918692
decision_type=2 2 2 8 2 8 2
left_child=2 4 3 -1 -2 -4 -3
right_child=1 6 5 -5 -6 -7 -8
leaf_value=-3.1861039257119897e-06 -0.00042822081687533006 -0.00021579386639320787 7.1661341411338969e-05 0.00049677537504074073 -0.00021580730572782155 2.5582898801304576e-05 -7.7971080979136444e-05
leaf_weight=1592087 13786 14381 201155 2812 27188 448509 96969
leaf_count=1592087 13786 14381 201155 2812 27188 448509 96969
internal_value=-9.24986e-08 -0.00014729 9.89687e-06 -2.3043e-06 -0.000287284 3.98503e-05 -9.5773e-05
internal_weight=2.39689e+06 152324 2.24456e+06 1.5949e+06 40974 649664 111350
internal_count=2396887 152324 2244563 1594899 40974 649664 111350
is_linear=0
shrinkage=0.00720685


Tree=49
num_leaves=8
num_cat=0
split_feature=0 1 0 0 4 7 25
split_gain=70.9589 18.9724 12.0527 11.6622 6.27923 4.98444 4.18767
threshold=-2.1014424562454219 0.9082603156566621 -4.2782008647918692 0.57264313101768505 0.11598023772239686 -1.0804066658020017 0.25311696529388433
decision_type=2 2 2 2 8 2 8
left_child=2 3 6 -2 -3 -4 -1
right_child=1 4 5 -5 -6 -7 -8
leaf_value=-0.00037715900423200002 5.9547657554760822e-06 -6.3937200171550838e-05 0.00025439765850054019 4.5982689067023745e-05 9.0494258449615385e-06 -0.00014928063848771827 -0.00019059388946469016
leaf_weight=19182 1481808 227780 1627 507532 83725 65983 9274
leaf_count=19182 1481808 227780 1627 507532 83725 65983 9274
internal_value=-3.46995e-08 7.97775e-06 -0.000191937 1.6167e-05 -4.43201e-05 -0.000139563 -0.000316365
internal_weight=2.39691e+06 2.30084e+06 96066 1.98934e+06 311505 67610 28456
internal_count=2396911 2300845 96066 1989340 311505 67610 28456
is_linear=0
shrinkage=0.00720685


Tree=50
num_leaves=8
num_cat=0
split_feature=0 1 0 21 7 9 19
split_gain=67.9211 20.6106 11.5973 11.4976 7.00993 5.55772 3.9311
threshold=-2.2573887109756465 0.88969656825065624 -4.2782008647918692 inf 0.49501961469650274 -0.12927545607089994 -0.56024855375289906
decision_type=2 2 2 8 2 8 10
left_child=2 3 6 -2 -3 -4 -1
right_child=1 4 5 -5 -6 -7 -8
leaf_value=-0.00019146982374941974 1.5581405223937947e-05 -2.6395065876934977e-05 -0.00019182956113508032 0.0004807265570609436 -0.00010367928175398532 -4.5758948156093018e-05 -0.00037466788945739052
leaf_weight=8862 1974407 248850 38000 2763 80733 21010 19433
leaf_count=8862 1974407 248850 38000 2763 80733 21010 19433
internal_value=-3.158e-08 7.43636e-06 -0.000197346 1.62317e-05 -4.53265e-05 -0.000139824 -0.000317299
internal_weight=2.39406e+06 2.30675e+06 87305 1.97717e+06 329583 59010 28295
internal_count=2394058 2306753 87305 1977170 329583 59010 28295
is_linear=0
shrinkage=0.00720685


Tree=51
num_leaves=8
num_cat=0
split_feature=0 1 0 0 7 9 23
split_gain=65.1645 18.1536 10.9968 10.945 6.46488 5.42637 4.20045
threshold=-2.1014424562454219 0.9082603156566621 0.57264313101768505 -4.2782008647918692 0.65904274582862865 0.48924836516380316 0.18925084918737414
decision_type=2 2 2 2 2 8 8
left_child=3 2 -2 6 -3 -5 -1
right_child=1 4 -4 5 -6 -7 -8
leaf_value=-0.00037332581635145582 6.4312476746406164e-06 -2.7081296369596755e-05 4.5286181622961997e-05 -0.00016846686623730512 -0.00011135591333185378 -1.4764630798620301e-05 -0.00019454823307287012
leaf_weight=17067 1480560 253546 508181 52176 58114 15467 11383
leaf_count=17067 1480560 253546 508181 52176 58114 15467 11383
internal_value=6.64482e-07 8.34534e-06 1.63598e-05 -0.000183208 -4.2796e-05 -0.000133323 -0.000301806
internal_weight=2.39649e+06 2.3004e+06 1.98874e+06 96093 311660 67643 28450
internal_count=2396494 2300401 1988741 96093 311660 67643 28450
is_linear=0
shrinkage=0.00720685


Tree=52
num_leaves=8
num_cat=0
split_feature=0 1 2 0 7 0 9
split_gain=65.3623 18.308 16.0389 11.7839 5.7258 5.28941 3.4912
threshold=-2.1014424562454219 1.044569253921509 -1.0827426314353941 0.66053268313407909 0.65904274582862865 -4.2782008647918692 2.248711466789246
decision_type=2 2 2 2 2 2 10
left_child=2 3 5 -2 -3 -1 -4
right_child=1 4 6 -5 -6 -7 -8
leaf_value=-0.0003642713572835227 6.5825215842822598e-06 -3.4028428126670766e-05 -8.7588878162947635e-05 5.127237269463393e-05 -0.00012198724664816298 -0.00021395724284486469 0.00074692159396105493
leaf_weight=19307 1680123 197462 43596 374819 47730 32865 261
leaf_count=19307 1680123 197462 43596 374819 47730 32865 261
internal_value=1.96853e-08 7.7106e-06 -0.000184195 1.47339e-05 -5.11513e-05 -0.000269589 -8.2606e-05
internal_weight=2.39616e+06 2.30013e+06 96029 2.05494e+06 245192 52172 43857
internal_count=2396163 2300134 96029 2054942 245192 52172 43857
is_linear=0
shrinkage=0.00720685


Tree=53
num_leaves=8
num_cat=0
split_feature=1 0 0 1 9 9 19
split_gain=66.1616 17.7692 13.3945 12.1465 6.72221 5.57834 3.64127
threshold=1.7280904650688174 0.43296931684017187 -4.7395145893096915 -2.052476048469543 -1.0572271943092344 1.1801682710647585 -0.56634193658828724
decision_type=2 2 2 2 8 8 10
left_child=1 3 6 -1 -4 -3 -2
right_child=2 5 4 -5 -6 -7 -8
leaf_value=0.00050147627729269493 -0.00018884633121809671 4.2841300691694612e-05 -0.00020617301472025258 -6.8020287034358305e-06 -8.611047117410734e-05 -2.3599303134642993e-05 -0.00040019969725885786
leaf_weight=2445 6154 698379 38029 1498298 66714 72441 13591
leaf_count=2445 6154 698379 38029 1498298 66714 72441 13591
internal_value=-3.93345e-07 8.47214e-06 -0.000162163 -5.97361e-06 -0.000129703 3.65972e-05 -0.00033434
internal_weight=2.39605e+06 2.27156e+06 124488 1.50074e+06 104743 770820 19745
internal_count=2396051 2271563 124488 1500743 104743 770820 19745
is_linear=0
shrinkage=0.00720685


Tree=54
num_leaves=8
num_cat=0
split_feature=0 0 1 2 0 0 7
split_gain=61.849 17.8139 15.9521 14.6193 5.87307 5.87062 2.73219
threshold=-2.1014424562454219 0.21335391700267795 -1.9565966129302976 -1.3369857072830198 -4.2782008647918692 0.69706729054451 -1.1931450963020322
decision_type=2 2 2 2 2 2 2
left_child=3 2 -2 4 -1 -3 -5
right_child=1 5 -4 6 -6 -7 -8
leaf_value=-0.00037393934781063749 0.00057215054814966238 1.6933253082721699e-05 -1.5350410498648457e-05 0.00022516867714921643 -0.00020687400590108058 5.2445486858650099e-05 -0.00010225386010408012
leaf_weight=17815 2405 921086 1048849 1360 28292 327835 48391
leaf_count=17815 2405 921086 1048849 1360 28292 327835 48391
internal_value=3.79709e-07 7.85454e-06 -1.40058e-05 -0.000178982 -0.000271432 2.62551e-05 -9.32988e-05
internal_weight=2.39603e+06 2.30018e+06 1.05125e+06 95858 46107 1.24892e+06 49751
internal_count=2396033 2300175 1051254 95858 46107 1248921 49751
is_linear=0
shrinkage=0.00720685


Tree=55
num_leaves=8
num_cat=0
split_feature=0 0 2 2 9 0 9
split_gain=61.1749 17.5795 14.829 10.5802 6.11109 5.28522 3.45679
threshold=-2.1014424562454219 0.41074593365192419 -1.3369857072830198 -0.59127080440521229 1.3981303572654726 -4.2782008647918692 -0.2413939759135246
decision_type=2 2 2 2 8 2 8
left_child=2 3 5 -2 -3 -1 -4
right_child=1 4 6 -5 -6 -7 -8
leaf_value=-0.00036812787472153744 -4.2729678808916605e-05 3.9498338920670663e-05 -0.00014861727142827187 3.4379002946814953e-06 -4.6509775725809547e-05 -0.00020978064396451164 -2.79936042721569e-05
leaf_weight=17845 332245 772094 26020 1150858 45431 28345 23471
leaf_count=17845 332245 772094 26020 1150858 45431 28345 23471
internal_value=4.60224e-07 7.88619e-06 -0.000178093 -6.90457e-06 3.47187e-05 -0.000270963 -9.14139e-05
internal_weight=2.39631e+06 2.30063e+06 95681 1.4831e+06 817525 46190 49491
internal_count=2396309 2300628 95681 1483103 817525 46190 49491
is_linear=0
shrinkage=0.00720685


Tree=56
num_leaves=8
num_cat=0
split_feature=0 2 15 2 0 9 18
split_gain=63.4192 19.9531 14.6793 12.9346 12.0841 3.72384 3.20271
threshold=-2.6863689422607417 -0.34381052851676935 -0.13184385001659391 -1.9753684401512144 -0.83504250645637501 0.46519780158996588 -0.03717853128910064
decision_type=2 2 2 2 2 8 10
left_child=3 4 -3 6 -2 -5 -1
right_child=1 2 -4 5 -6 -7 -8
leaf_value=-0.00017506576020497513 -0.00010070973012901224 -2.6091295926559918e-06 3.9622538683254376e-05 -0.00018007970130396483 -1.4174404895387338e-05 -2.7469661899497757e-05 -0.00038070422571765783
leaf_weight=4830 100115 813295 901144 30050 514751 11477 21267
leaf_count=4830 100115 813295 901144 30050 514751 11477 21267
internal_value=6.40458e-07 6.95685e-06 1.95887e-05 -0.000216924 -2.82646e-05 -0.000137904 -0.000342654
internal_weight=2.39693e+06 2.3293e+06 1.71444e+06 67624 614866 41527 26097
internal_count=2396929 2329305 1714439 67624 614866 41527 26097
is_linear=0
shrinkage=0.00720685


Tree=57
num_leaves=8
num_cat=0
split_feature=1 2 2 25 1 1 9
split_gain=60.3203 19.0395 13.6139 8.50199 7.21305 5.09731 3.22252
threshold=1.6006519198417666 -1.3369857072830198 -0.27386277914047236 0.017155314795672897 0.92697444558143627 2.482263565063477 2.248711466789246
decision_type=2 2 2 10 2 2 10
left_child=2 5 4 -4 -1 -2 -3
right_child=1 6 3 -5 -6 -7 -8
leaf_value=-6.8891335663743562e-06 -0.00019720790593250246 -7.5933391325862956e-05 3.4646816258813935e-06 3.6563512111941397e-05 -6.8755762035884753e-05 -0.00034629139383391576 0.00044009372734310075
leaf_weight=508858 45305 90693 773711 841432 121192 16165 632
leaf_count=508858 45305 90693 773711 841432 121192 16165 632
internal_value=1.94771e-07 -0.000138361 9.62415e-06 2.0708e-05 -1.87895e-05 -0.000236418 -7.23575e-05
internal_weight=2.39799e+06 152795 2.24519e+06 1.61514e+06 630050 61470 91325
internal_count=2397988 152795 2245193 1615143 630050 61470 91325
is_linear=0
shrinkage=0.00720685


Tree=58
num_leaves=8
num_cat=0
split_feature=0 2 0 2 19 7 18
split_gain=59.3373 19.7639 12.2711 11.0605 9.46232 3.09052 3.02002
threshold=-2.6863689422607417 -0.37604355812072748 -0.79549652338027943 -1.9753684401512144 -0.33765973150730128 -1.4483847618103025 -0.027980968356132504
decision_type=2 2 2 2 8 2 10
left_child=3 2 -2 6 -3 -5 -1
right_child=1 4 -4 5 -6 -7 -8
leaf_value=-0.0001632394787738179 -0.00010146916232732251 4.0265190839029565e-05 -1.4615281728382077e-05 0.00037288474420464987 5.5829635859621067e-06 -0.00014435067426101452 -0.00036263661637250171
leaf_weight=4842 102412 653740 482725 608 1089499 40997 21366
leaf_count=4842 102412 653740 482725 608 1089499 40997 21366
internal_value=3.04076e-07 6.42451e-06 -2.98168e-05 -0.000209839 1.85893e-05 -0.000136783 -0.000325806
internal_weight=2.39619e+06 2.32838e+06 585137 67813 1.74324e+06 41605 26208
internal_count=2396189 2328376 585137 67813 1743239 41605 26208
is_linear=0
shrinkage=0.00720685


Tree=59
num_leaves=8
num_cat=0
split_feature=1 0 0 7 7 19 19
split_gain=59.8905 21.1356 13.7148 7.89016 7.18731 5.35398 4.71707
threshold=1.3341605067253115 -3.7301558256149288 0.57264313101768505 1.3078627586364748 0.53268766403198253 -0.47834391891956324 -0.54279524087905873
decision_type=2 2 2 2 2 8 10
left_child=2 6 3 -1 -3 -4 -2
right_child=1 4 5 -5 -6 -7 -8
leaf_value=5.1051771729998238e-06 -0.0001495934142119667 -5.2734924971537522e-05 7.9261889781960824e-05 -7.0177841817267372e-05 -0.00015259187345905144 2.8733303808611776e-05 -0.00032061486025352926
leaf_weight=1584898 12362 137295 158135 75763 51473 349951 26003
leaf_count=1584898 12362 137295 158135 75763 51473 349951 26003
internal_value=3.42792e-08 -0.000111307 1.16951e-05 1.67055e-06 -7.99645e-05 4.44598e-05 -0.000265514
internal_weight=2.39588e+06 227133 2.16875e+06 1.66066e+06 188768 508086 38365
internal_count=2395880 227133 2168747 1660661 188768 508086 38365
is_linear=0
shrinkage=0.00720685


Tree=60
num_leaves=8
num_cat=0
split_feature=2 15 2 2 7 23 21
split_gain=44.2458 12.914 10.5033 10.1947 7.20059 4.80667 3.98616
threshold=-1.1461461186408994 -0.1243816241621971 -2.6493028402328487 0.098740730434656157 1.1039938330650332 -0.10087016597390173 inf
decision_type=2 2 2 2 2 8 8
left_child=2 4 6 -3 -2 -4 -1
right_child=1 3 5 -5 -6 -7 -8
leaf_value=-0.00019905613691270906 -2.9493637144227414e-06 2.8407517579816923e-06 -0.00010711342071338281 4.7166952415512432e-05 -8.4107411294671714e-05 -3.4389958138694048e-05 0.00027727412346062648
leaf_weight=46309 1005607 480263 91342 614068 60177 97695 930
leaf_count=46309 1005607 480263 91342 614068 60177 97695 930
internal_value=8.20871e-08 1.03239e-05 -9.35512e-05 2.77138e-05 -7.53186e-06 -6.95302e-05 -0.000189673
internal_weight=2.39639e+06 2.16012e+06 236276 1.09433e+06 1.06578e+06 189037 47239
internal_count=2396391 2160115 236276 1094331 1065784 189037 47239
is_linear=0
shrinkage=0.00720685


Tree=61
num_leaves=8
num_cat=0
split_feature=0 0 1 0 9 9 23
split_gain=61.4781 16.8105 16.1787 10.0144 7.64883 5.20746 3.5977
threshold=-2.1014424562454219 0.22184066474437716 -1.9565966129302976 -4.2782008647918692 1.3981303572654726 -0.38227523863315577 0.18925084918737414
decision_type=2 2 2 2 8 8 8
left_child=3 2 -2 6 -3 -5 -1
right_child=1 4 -4 5 -6 -7 -8
leaf_value=-0.00035686664025755873 0.00057875573134469793 3.047119457173859e-05 -1.4123612449586036e-05 -0.00018501526914981511 -5.0868783679477894e-05 -5.7047497423402962e-05 -0.00019178110330030898
leaf_weight=17190 2395 1166689 1065895 38463 63302 28949 11414
leaf_count=17190 2395 1166689 1065895 38463 63302 28949 11414
internal_value=6.55952e-07 8.12025e-06 -1.27939e-05 -0.000178011 2.62849e-05 -0.000130064 -0.000291001
internal_weight=2.3943e+06 2.29828e+06 1.06829e+06 96016 1.22999e+06 67412 28604
internal_count=2394297 2298281 1068290 96016 1229991 67412 28604
is_linear=0
shrinkage=0.00720685


Tree=62
num_leaves=8
num_cat=0
split_feature=2 15 2 2 25 21 23
split_gain=43.9359 13.3871 10.901 9.54897 7.11254 5.27008 4.65651
threshold=-1.1461461186408994 -0.1172564998269081 -2.6493028402328487 0.098740730434656157 0.011431879829615356 inf -0.18455987423658368
decision_type=2 2 2 2 8 8 8
left_child=2 4 5 -3 -2 -1 -4
right_child=1 3 6 -5 -6 -7 -8
leaf_value=-0.00020196296373601412 -2.8614957746395047e-05 3.8744565254179122e-06 -0.00010985368882211902 4.6920959285877375e-05 8.7300614657969241e-06 0.000339761595293571 -3.763656975606171e-05
leaf_weight=46391 476348 476862 81549 610079 596662 951 107516
leaf_count=46391 476348 476862 81549 610079 596662 951 107516
internal_value=5.96243e-11 1.02092e-05 -9.3276e-05 2.80357e-05 -7.84873e-06 -0.000191074 -6.87864e-05
internal_weight=2.39636e+06 2.15995e+06 236407 1.08694e+06 1.07301e+06 47342 189065
internal_count=2396358 2159951 236407 1086941 1073010 47342 189065
is_linear=0
shrinkage=0.00720685


Tree=63
num_leaves=8
num_cat=0
split_feature=1 2 15 2 25 1 2
split_gain=56.6807 19.6679 11.9844 12.794 6.17305 4.13805 3.29918
threshold=1.5631529688835146 -1.5980249643325803 -0.13184385001659391 -0.13569776713848111 0.011431879829615356 2.3535360097885136 -0.34381052851676935
decision_type=2 2 2 2 8 2 2
left_child=2 5 4 -4 -1 -2 -3
right_child=1 6 3 -5 -6 -7 -8
leaf_value=-2.6793887959082479e-05 -0.00019694093490903923 -0.00011609443985984965 -9.9586304926817471e-06 4.2005765871833775e-05 7.5567994477860767e-06 -0.00032951970395142494 -3.6120415373854683e-05
leaf_weight=492528 35366 51211 360268 776435 606081 18697 56190
leaf_count=492528 35366 51211 360268 776435 606081 18697 56190
internal_value=-2.88472e-07 -0.000130689 9.13082e-06 2.55361e-05 -7.84328e-06 -0.000242797 -7.42546e-05
internal_weight=2.39678e+06 161464 2.23531e+06 1.1367e+06 1.09861e+06 54063 107401
internal_count=2396776 161464 2235312 1136703 1098609 54063 107401
is_linear=0
shrinkage=0.00720685


Tree=64
num_leaves=8
num_cat=0
split_feature=0 0 1 2 9 0 9
split_gain=55.6434 15.2419 15.0239 14.1603 6.99079 5.36835 3.81569
threshold=-1.9501627683639524 0.21764994412660602 -1.9565966129302976 -1.1461461186408994 1.0587497949600222 -4.2782008647918692 2.248711466789246
decision_type=2 2 2 2 8 2 10
left_child=3 2 -2 5 -3 -1 -5
right_child=1 4 -4 6 -6 -7 -8
leaf_value=-0.00034050516063256189 0.00055621489463376927 3.0738616276231147e-05 -1.3937325518853674e-05 -8.0433184026083672e-05 -2.3543405754604654e-05 -0.00019021170201916196 0.00074164680073371674
leaf_weight=18945 2405 1101417 1049153 51077 138749 35447 294
leaf_count=18945 2405 1101417 1049153 51077 138749 35447 294
internal_value=9.24882e-08 7.55117e-06 -1.26328e-05 -0.000161524 2.46655e-05 -0.000242565 -7.57143e-05
internal_weight=2.39749e+06 2.29172e+06 1.05156e+06 105763 1.24017e+06 54392 51371
internal_count=2397487 2291724 1051558 105763 1240166 54392 51371
is_linear=0
shrinkage=0.00720685


Tree=65
num_leaves=8
num_cat=0
split_feature=1 0 0 21 19 9 9
split_gain=58.5949 20.7827 13.0302 7.90522 5.77196 5.19533 4.86091
threshold=1.3622125983238222 -3.7301558256149288 0.49359661340713507 inf -0.45748423039913172 0.64873421192169201 0.29865469038486486
decision_type=2 2 2 8 8 8 8
left_child=2 5 3 -1 -4 -2 -3
right_child=1 6 4 -5 -6 -7 -8
leaf_value=-1.482255368248798e-06 -0.00030718447801987586 -0.00010550800700453213 6.8451750420578906e-05 0.0003833182970972884 2.2728905015588631e-05 -9.9464434227485073e-05 -2.4266914078328472e-05
leaf_weight=1525797 30725 124514 213401 2777 437167 7854 55217
leaf_count=1525797 30725 124514 213401 2777 437167 7854 55217
internal_value=-5.63031e-07 -0.000113129 1.0714e-05 -7.82925e-07 3.77271e-05 -0.0002649 -8.05495e-05
internal_weight=2.39745e+06 218310 2.17914e+06 1.52857e+06 650568 38579 179731
internal_count=2397452 218310 2179142 1528574 650568 38579 179731
is_linear=0
shrinkage=0.00720685


Tree=66
num_leaves=8
num_cat=0
split_feature=1 7 2 1 9 23 17
split_gain=54.3797 15.7598 13.4595 10.0976 4.43876 3.31548 2.4075
threshold=1.7775537967681887 1.1039938330650332 -1.9753684401512144 0.78933665156364452 0.75221103429794323 0.060374865308403976 0.25489379465579992
decision_type=2 2 2 2 8 8 2
left_child=1 3 5 -1 -4 -2 -3
right_child=2 6 4 -5 -6 -7 -8
leaf_value=1.8815528973573086e-05 -0.00033168231255859448 -9.0042450196755136e-05 -0.00013221448466254631 -2.4806321557165443e-05 -7.1238776926924008e-06 -0.00018888103006002495 -1.4626485168578083e-05
leaf_weight=1836172 20114 92545 60328 324289 19495 14566 28837
leaf_count=1836172 20114 92545 60328 324289 19495 14566 28837
internal_value=8.79027e-08 7.77844e-06 -0.00015317 1.22678e-05 -0.000101665 -0.000271712 -7.21262e-05
internal_weight=2.39635e+06 2.28184e+06 114503 2.16046e+06 79823 34680 121382
internal_count=2396346 2281843 114503 2160461 79823 34680 121382
is_linear=0
shrinkage=0.00720685


Tree=67
num_leaves=8
num_cat=0
split_feature=0 0 2 2 0 18 19
split_gain=56.0233 17.5354 11.552 10.9256 5.7645 3.73823 2.6945
threshold=-2.6863689422607417 0.21764994412660602 -1.9753684401512144 -0.70574870705604542 0.68213847279548656 -0.027980968356132504 -0.56024855375289906
decision_type=2 2 2 2 2 10 10
left_child=2 3 5 -2 -3 -1 -4
right_child=1 4 6 -5 -6 -7 -8
leaf_value=-0.00014367666450983398 -5.6487039890951182e-05 1.4806060045740417e-05 -4.1811192179565423e-05 -2.5381979301606445e-06 4.9449501579562715e-05 -0.00036431880275530768 -0.00016794714323779738
leaf_weight=4912 254575 892401 12636 832768 346262 21255 28955
leaf_count=4912 254575 892401 12636 832768 346262 21255 28955
internal_value=5.62749e-11 5.95075e-06 -0.000204273 -1.51691e-05 2.44905e-05 -0.000322908 -0.000129627
internal_weight=2.39376e+06 2.32601e+06 67758 1.08734e+06 1.23866e+06 26167 41591
internal_count=2393764 2326006 67758 1087343 1238663 26167 41591
is_linear=0
shrinkage=0.00720685


Tree=68
num_leaves=8
num_cat=0
split_feature=0 0 21 2 9 9 18
split_gain=54.2788 17.2573 11.9156 11.0641 6.97442 3.32128 3.15658
threshold=-2.6863689422607417 0.20899429917335513 inf -1.9753684401512144 1.4344539046287539 1.3981303572654726 -0.03717853128910064
decision_type=2 2 8 2 8 10 10
left_child=3 2 -2 6 -3 -5 -1
right_child=1 4 -4 5 -6 -7 -8
leaf_value=-0.00015191450215632388 -1.6554425018247777e-05 2.7827837104608927e-05 0.00045529686777987069 -0.00013881909241890189 -5.2129278186062682e-05 0.00025531583144683276 -0.00035518537087020314
leaf_weight=4881 1067677 1197945 2786 40361 59473 1141 21268
leaf_count=4881 1067677 1197945 2786 40361 59473 1141 21268
internal_value=9.2847e-08 5.94101e-06 -1.5326e-05 -0.00020114 2.4046e-05 -0.000127977 -0.00031725
internal_weight=2.39553e+06 2.32788e+06 1.07046e+06 67651 1.25742e+06 41502 26149
internal_count=2395532 2327881 1070463 67651 1257418 41502 26149
is_linear=0
shrinkage=0.00720685


Tree=69
num_leaves=8
num_cat=0
split_feature=7 15 21 18 19 18 23
split_gain=27.8488 12.1934 14.7552 11.5743 7.65343 5.78396 2.39648
threshold=1.1039938330650332 -0.16921102255582807 inf 3.3161724805831914 -0.35569505393505091 0.7888411581516267 -1.4262086153030393
decision_type=2 2 8 10 8 10 10
left_child=1 4 -3 5 -1 -2 -5
right_child=3 2 -4 6 -6 -7 -8
leaf_value=1.4599556029874831e-05 -5.1360980377734069e-05 2.1401131274188999e-05 0.00061691682744505921 4.0569438492752996e-05 -2.5512061123560456e-05 -0.00014861528479552145 -0.0005470001466478607
leaf_weight=386109 86823 1180583 2164 402 686044 50084 3477
leaf_count=386109 86823 1180583 2164 402 686044 50084 3477
internal_value=3.95365e-07 6.53513e-06 2.24912e-05 -9.79414e-05 -1.10668e-05 -8.694e-05 -0.000486106
internal_weight=2.39569e+06 2.2549e+06 1.18275e+06 140786 1.07215e+06 136907 3879
internal_count=2395686 2254900 1182747 140786 1072153 136907 3879
is_linear=0
shrinkage=0.00720685


Tree=70
num_leaves=8
num_cat=0
split_feature=0 1 2 0 2 9 18
split_gain=52.0395 18.2805 9.6131 9.52865 8.35518 3.53661 2.94582
threshold=-2.6863689422607417 0.9082603156566621 -1.9753684401512144 0.55570355057716381 -0.4695065021514892 0.81020331382751476 -0.027980968356132504
decision_type=2 2 2 2 2 8 10
left_child=2 3 6 -2 -3 -4 -1
right_child=1 4 5 -5 -6 -7 -8
leaf_value=-0.00014726015005387048 4.3323324299604106e-06 -8.271964069581371e-05 -0.00016580822001674748 3.9900492523792171e-05 -1.0882255591651752e-05 -7.6184922402185622e-06 -0.00034311641627726881
leaf_weight=4921 1451148 153228 31798 535583 186368 9544 21109
leaf_count=4921 1451148 153228 31798 535583 186368 9544 21109
internal_value=-1.50199e-07 5.56832e-06 -0.000197606 1.39208e-05 -4.3296e-05 -0.000129291 -0.000306097
internal_weight=2.3937e+06 2.32633e+06 67372 1.98673e+06 339596 41342 26030
internal_count=2393699 2326327 67372 1986731 339596 41342 26030
is_linear=0
shrinkage=0.00720685


Tree=71
num_leaves=8
num_cat=0
split_feature=0 7 0 9 0 10 18
split_gain=53.4351 16.5424 13.8482 9.14712 4.71489 3.7064 3.67639
threshold=-2.2573887109756465 1.3078627586364748 0.49359661340713507 -0.40606540441513056 -5.2207963466644278 0.2291936278343201 3.3161724805831914
decision_type=2 2 2 8 2 8 10
left_child=3 2 -2 4 -1 -5 -3
right_child=1 6 -4 5 -6 -7 -8
leaf_value=-0.00040853201165627048 -2.0520457516438123e-07 -7.7802310397891809e-05 3.9657569162865936e-05 -0.00012332994882777022 -0.00020793803655219588 5.6917470505603063e-05 -0.00042811591650377886
leaf_weight=7033 1572308 98813 635615 27324 45242 7565 1580
leaf_count=7033 1572308 98813 635615 27324 45242 7565 1580
internal_value=5.4217e-07 7.1565e-06 1.12705e-05 -0.000174619 -0.000234933 -8.42456e-05 -8.33198e-05
internal_weight=2.39548e+06 2.30832e+06 2.20792e+06 87164 52275 34889 100393
internal_count=2395480 2308316 2207923 87164 52275 34889 100393
is_linear=0
shrinkage=0.00720685


Tree=72
num_leaves=8
num_cat=0
split_feature=1 9 7 25 1 10 17
split_gain=51.0614 14.1116 11.2764 8.49057 6.96637 6.88063 2.15277
threshold=1.2788370251655581 -0.91974884271621693 1.4946500658988955 0.017155314795672897 2.6371937990188603 -0.21139832586050031 0.23586045205593112
decision_type=2 8 2 10 2 8 2
left_child=2 4 3 -1 -2 -3 -4
right_child=1 5 6 -5 -6 -7 -8
leaf_value=-7.5028380271873757e-07 -0.0001479713825041659 -9.3058261226971128e-05 -9.9760465539386019e-05 2.8415870805333883e-05 -0.00034806122842470519 5.9277139526541981e-06 -6.8836626505481418e-06
leaf_weight=986069 77712 101156 54283 1093053 10227 57038 17029
leaf_count=986069 77712 101156 54283 1093053 10227 57038 17029
internal_value=2.72422e-07 -9.80549e-05 1.15268e-05 1.45832e-05 -0.000171245 -5.73682e-05 -7.75826e-05
internal_weight=2.39657e+06 246133 2.15043e+06 2.07912e+06 87939 158194 71312
internal_count=2396567 246133 2150434 2079122 87939 158194 71312
is_linear=0
shrinkage=0.00720685


Tree=73
num_leaves=8
num_cat=0
split_feature=1 0 0 7 9 9 19
split_gain=50.4857 13.8495 13.6335 9.71184 5.45459 4.70104 3.9389
threshold=1.6841329336166384 0.52327942848205578 -4.2782008647918692 0.96121117472648632 1.4344539046287539 0.63950493931770336 -0.65095332264900196
decision_type=2 2 2 2 8 8 10
left_child=1 3 6 -1 -3 -4 -2
right_child=2 4 5 -5 -6 -7 -8
leaf_value=2.1565543339230546e-06 -0.00013572439738145225 4.3041072710215436e-05 -0.00012472877083129252 -6.398609551340275e-05 -5.231320522352902e-05 -9.379184952785781e-06 -0.000328900604628091
leaf_weight=1545231 7472 560857 81631 124596 32990 23673 20612
leaf_count=1545231 7472 560857 81631 124596 32990 23673 20612
internal_value=-1.7683e-07 7.85181e-06 -0.000136427 -2.77877e-06 3.77437e-05 -9.8798e-05 -0.000277512
internal_weight=2.39706e+06 2.26367e+06 133388 1.66983e+06 593847 105304 28084
internal_count=2397062 2263674 133388 1669827 593847 105304 28084
is_linear=0
shrinkage=0.00720685


Tree=74
num_leaves=8
num_cat=0
split_feature=1 7 19 9 1 8 18
split_gain=49.225 14.3588 8.98688 7.92318 6.7127 5.04938 2.88012
threshold=1.7775537967681887 1.0049847960472109 -0.35569505393505091 0.63950493931770336 2.6371937990188603 1.1904942989349367 1.4325076341629031
decision_type=2 2 8 8 2 10 10
left_child=1 2 -1 4 -2 -5 -3
right_child=3 6 -4 5 -6 -7 -8
leaf_value=3.1214116635451585e-05 -0.00014974590939712608 -4.9517531663571221e-05 5.8326800323724172e-07 -5.5711391893672721e-05 -0.00031707136761251913 0.00042640482657292406 -0.00013851122822934608
leaf_weight=784533 74326 115157 1359696 24005 14960 1183 22594
leaf_count=784533 74326 115157 1359696 24005 14960 1183 22594
internal_value=-1.07168e-07 7.20847e-06 1.17905e-05 -0.00014594 -0.000177785 -3.30518e-05 -6.41154e-05
internal_weight=2.39645e+06 2.28198e+06 2.14423e+06 114474 89286 25188 137751
internal_count=2396454 2281980 2144229 114474 89286 25188 137751
is_linear=0
shrinkage=0.00720685


Tree=75
num_leaves=8
num_cat=0
split_feature=1 2 2 15 21 2 1
split_gain=50.1312 16.3326 11.8824 11.7717 6.37178 4.00594 3.35576
threshold=1.6006519198417666 -1.9753684401512144 -0.35423469543457026 -0.13184385001659391 inf -0.40951055288314814 2.8717339038848881
decision_type=2 2 2 2 8 2 2
left_child=2 6 4 -4 -1 -3 -2
right_child=1 5 3 -5 -6 -7 -8
leaf_value=-2.144816675640324e-05 -0.00022573127529095207 -0.00012350341479714719 -1.9956624394461429e-06 3.6141024022448078e-05 0.00042802673014256725 -3.7051951854616572e-05 -0.00043013663893232411
leaf_weight=555300 36324 56672 791224 896910 1642 54721 4714
leaf_count=555300 36324 56672 791224 896910 1642 54721 4714
internal_value=1.56232e-07 -0.000126317 8.74325e-06 1.82665e-05 -2.01222e-05 -8.10357e-05 -0.000249221
internal_weight=2.39751e+06 152431 2.24508e+06 1.68813e+06 556942 111393 41038
internal_count=2397507 152431 2245076 1688134 556942 111393 41038
is_linear=0
shrinkage=0.00720685


Tree=76
num_leaves=8
num_cat=0
split_feature=9 18 15 21 18 18 18
split_gain=30.4489 24.0689 10.846 13.6597 8.30141 7.8302 4.07229
threshold=-0.74454328417778004 -0.49204435944557184 -0.13184385001659391 inf 3.3161724805831914 0.22346507012844088 -1.0501505732536314
decision_type=8 10 2 8 8 10 10
left_child=1 6 5 -4 -3 -2 -1
right_child=2 4 3 -5 -6 -7 -8
leaf_value=0.00014829345415810365 -2.0516212366778441e-05 -7.8344031422531671e-05 2.6033056548020233e-05 0.00068189070554934203 -0.000290360495160768 2.3198340350279749e-05 2.5001062594667056e-05
leaf_weight=23479 655182 301852 1054414 1651 9906 315205 34156
leaf_count=23479 655182 301852 1054414 1651 9906 315205 34156
internal_value=1.07443e-07 -6.00688e-05 1.10767e-05 2.7059e-05 -8.50817e-05 -6.31664e-06 7.52292e-05
internal_weight=2.39584e+06 369393 2.02645e+06 1.05606e+06 311758 970387 57635
internal_count=2395845 369393 2026452 1056065 311758 970387 57635
is_linear=0
shrinkage=0.00720685


Tree=77
num_leaves=8
num_cat=0
split_feature=1 2 7 25 2 1 18
split_gain=49.1632 16.4788 12.741 8.83351 3.99679 3.50713 2.18466
threshold=1.5631529688835146 -1.9753684401512144 1.1039938330650332 0.017155314795672897 -0.42095419764518732 2.482263565063477 1.4325076341629031
decision_type=2 2 2 10 2 2 10
left_child=2 5 3 -1 -3 -2 -4
right_child=1 4 6 -5 -6 -7 -8
leaf_value=-2.8449803792939238e-06 -0.00020197084573508547 -0.00012009985579130519 -5.1429403723030103e-05 2.6624087574356605e-05 -3.6501644989740784e-05 -0.00034657718822066289 -0.00013722245555511793
leaf_weight=1004526 29839 59469 97377 1114422 59349 12308 18316
leaf_count=1004526 29839 59469 97377 1114422 59349 12308 18316
internal_value=-1.29646e-07 -0.000121775 8.63269e-06 1.26537e-05 -7.83438e-05 -0.000244207 -6.5013e-05
internal_weight=2.39561e+06 160965 2.23464e+06 2.11895e+06 118818 42147 115693
internal_count=2395606 160965 2234641 2118948 118818 42147 115693
is_linear=0
shrinkage=0.00720685


Tree=78
num_leaves=8
num_cat=0
split_feature=0 0 2 2 25 2 23
split_gain=49.0391 15.8714 10.4768 9.50156 5.29889 2.56368 2.42653
threshold=-2.6863689422607417 0.25200857222080236 -1.5980249643325803 -0.70574870705604542 0.008600876200944187 0.32224084436893469 0.054282352328300483
decision_type=2 2 2 2 8 2 8
left_child=2 3 6 -2 -3 -4 -1
right_child=1 4 5 -5 -6 -7 -8
leaf_value=-0.00034156157859749261 -5.1179424737594941e-05 7.2471320256973894e-06 -0.00014211617493105249 -2.0305957610098487e-06 3.8185045996272439e-05 -2.0361869268997687e-06 -0.000214162725623893
leaf_weight=18006 264319 517453 27172 899633 647142 9045 13669
leaf_count=18006 264319 517453 27172 899633 647142 9045 13669
internal_value=6.19122e-08 5.62869e-06 -0.000190863 -1.31917e-05 2.44387e-05 -0.000107134 -0.000286593
internal_weight=2.39644e+06 2.32855e+06 67892 1.16395e+06 1.1646e+06 36217 31675
internal_count=2396439 2328547 67892 1163952 1164595 36217 31675
is_linear=0
shrinkage=0.00720685


Tree=79
num_leaves=8
num_cat=0
split_feature=1 2 7 25 23 25 7
split_gain=47.33 14.776 13.4628 9.24153 3.87415 2.49855 2.17662
threshold=1.6841329336166384 -1.4311876893043516 1.1039938330650332 0.017155314795672897 0.10287203267216684 -0.70723387598991383 -1.1931450963020322
decision_type=2 2 2 10 8 10 2
left_child=2 4 3 -1 -2 -4 -3
right_child=1 6 5 -5 -6 -7 -8
leaf_value=-4.2803716592467521e-06 -0.00027700679903009962 0.00010430728119249151 -0.00022872048440560129 2.5683770697172013e-05 -0.00015160118324279937 -6.0486619366835682e-05 -7.8830711287351747e-05
leaf_weight=1016504 31333 3524 4776 1127665 21635 114357 77033
leaf_count=1016504 31333 3524 4776 1127665 21635 114357 77033
internal_value=-4.43422e-07 -0.000132294 7.33526e-06 1.14784e-05 -0.000225788 -6.7233e-05 -7.08178e-05
internal_weight=2.39683e+06 133525 2.2633e+06 2.14417e+06 52968 119133 80557
internal_count=2396827 133525 2263302 2144169 52968 119133 80557
is_linear=0
shrinkage=0.00720685


Tree=80
num_leaves=8
num_cat=0
split_feature=0 0 2 21 9 0 9
split_gain=45.7733 14.4642 10.2919 9.85174 6.87739 3.67735 3.52352
threshold=-2.2573887109756465 0.22184066474437716 -0.99378636479377735 inf 1.1373500823974612 -4.2782008647918692 2.248711466789246
decision_type=2 2 2 8 8 2 10
left_child=2 3 5 -2 -3 -1 -4
right_child=1 4 6 -5 -6 -7 -8
leaf_value=-0.00030573644221068363 -1.4707796741382144e-05 2.8055941700836096e-05 -7.6468083487363927e-05 0.00041372090942118659 -3.0204931748352272e-05 -0.00017976320864097163 0.00081462239850976185
leaf_weight=19911 1075753 1114464 36422 2794 116207 30451 231
leaf_count=19911 1075753 1114464 36422 2794 116207 30451 231
internal_value=-4.45095e-07 5.66929e-06 -0.000162708 -1.35976e-05 2.25546e-05 -0.000229573 -7.08306e-05
internal_weight=2.39623e+06 2.30922e+06 87015 1.07855e+06 1.23067e+06 50362 36653
internal_count=2396233 2309218 87015 1078547 1230671 50362 36653
is_linear=0
shrinkage=0.00720685


Tree=81
num_leaves=8
num_cat=0
split_feature=2 15 2 2 25 23 21
split_gain=36.9795 12.7694 10.3241 7.14468 6.7739 4.99588 3.35596
threshold=-1.3369857072830198 -0.13911824673414228 -0.021792810410261151 -3.1011034250259395 0.011431879829615356 -0.084216374903917299 inf
decision_type=2 2 2 2 8 8 8
left_child=3 4 -3 6 -2 -5 -1
right_child=1 2 -4 5 -6 -7 -8
leaf_value=-0.00021477901213680682 -2.9620438143808609e-05 -3.3760139689822692e-06 4.1823561712151262e-05 -0.0001186042232792588 6.7408844303556028e-06 -3.820531121311957e-05 0.00025557556300228966
leaf_weight=27850 479442 414593 715305 79389 598017 81205 810
leaf_count=27850 479442 414593 715305 79389 598017 81205 810
internal_value=2.24184e-08 8.31166e-06 2.52385e-05 -9.66582e-05 -9.43897e-06 -7.79508e-05 -0.000201477
internal_weight=2.39661e+06 2.20736e+06 1.1299e+06 189254 1.07746e+06 160594 28660
internal_count=2396611 2207357 1129898 189254 1077459 160594 28660
is_linear=0
shrinkage=0.00720685


Tree=82
num_leaves=8
num_cat=0
split_feature=1 0 0 1 9 9 19
split_gain=47.176 12.3134 11.8658 7.62235 5.49504 4.93603 4.05344
threshold=1.6841329336166384 0.49359661340713507 -4.2782008647918692 -2.052476048469543 1.3981303572654726 0.78638091683387767 -0.7682150900363921
decision_type=2 2 2 2 8 8 10
left_child=1 3 6 -1 -3 -4 -2
right_child=2 4 5 -5 -6 -7 -8
leaf_value=0.00035457793497754186 -9.5423168379530151e-05 3.9314751997359941e-05 -0.00012148935860634624 -3.7668427595579328e-06 -4.9582075634275204e-05 1.2544560264670325e-06 -0.00030803044742345087
leaf_weight=3088 5897 611979 84291 1609175 38379 21320 22185
leaf_count=3088 5897 611979 84291 1609175 38379 21320 22185
internal_value=-1.75252e-07 7.59765e-06 -0.000131723 -3.08027e-06 3.40687e-05 -9.67107e-05 -0.00026339
internal_weight=2.39631e+06 2.26262e+06 133693 1.61226e+06 650358 105611 28082
internal_count=2396314 2262621 133693 1612263 650358 105611 28082
is_linear=0
shrinkage=0.00720685


Tree=83
num_leaves=8
num_cat=0
split_feature=0 7 21 9 0 10 17
split_gain=48.628 13.7361 12.7216 9.29615 5.82753 4.48698 2.36791
threshold=-1.9501627683639524 1.3942345976829531 inf -0.44093410670757288 -3.7301558256149288 0.11896197497844697 0.26394817233085638
decision_type=2 2 8 8 2 8 2
left_child=3 2 -2 4 -1 -5 -3
right_child=1 6 -4 5 -6 -7 -8
leaf_value=-0.00029536797403540538 9.5021804101652342e-06 -0.00010054609848775984 0.00051764316402431326 -0.00011389528387283173 -0.0001515373419003577 5.4574095658412001e-05 -1.2038125430179878e-05
leaf_weight=24643 2197570 69905 2561 33742 36024 10851 20248
leaf_count=24643 2197570 69905 2561 33742 36024 10851 20248
internal_value=-4.39879e-07 6.52117e-06 1.00939e-05 -0.0001519 -0.000209966 -7.29001e-05 -8.06682e-05
internal_weight=2.39554e+06 2.29028e+06 2.20013e+06 105260 60667 44593 90153
internal_count=2395544 2290284 2200131 105260 60667 44593 90153
is_linear=0
shrinkage=0.00720685


Tree=84
num_leaves=8
num_cat=0
split_feature=1 2 7 25 18 7 18
split_gain=46.2448 14.444 12.9243 8.9404 3.59979 2.55095 2.30604
threshold=1.7280904650688174 -1.380439221858978 1.0049847960472109 0.017155314795672897 -0.046767350286245339 0.6787792742252351 3.3161724805831914
decision_type=2 2 2 10 10 2 10
left_child=2 4 3 -1 -2 -3 -4
right_child=1 5 6 -5 -6 -7 -8
leaf_value=-4.0306535166432128e-06 -0.00011123250323667364 -5.0539929263155606e-05 -5.797367537684e-05 2.5499184278361987e-05 -0.00025812562407357851 -0.0001650986301476991 -0.00036532983617224712
leaf_weight=1012813 10987 60319 135138 1122886 41047 12125 1279
leaf_count=1012813 10987 60319 135138 1122886 41047 12125 1279
internal_value=-2.5875e-07 -0.000135512 7.15114e-06 1.14952e-05 -0.000227112 -6.9716e-05 -6.0858e-05
internal_weight=2.39659e+06 124478 2.27212e+06 2.1357e+06 52034 72444 136417
internal_count=2396594 124478 2272116 2135699 52034 72444 136417
is_linear=0
shrinkage=0.00720685


Tree=85
num_leaves=8
num_cat=0
split_feature=9 18 3 18 25 18 18
split_gain=27.9683 22.8942 11.8288 10.7539 9.31899 8.09676 4.11822
threshold=-0.76447647809982289 -0.46855615079402918 0.091674555093050017 -0.018792320042848584 0.017155314795672897 3.0491762161254887 -1.0371860265731809
decision_type=8 8 8 8 10 8 10
left_child=1 6 3 -2 -4 -3 -1
right_child=2 5 4 -5 -6 -7 -8
leaf_value=0.0001491131829121467 8.7813253563700934e-06 -7.4763967801267338e-05 -3.1133958181683806e-05 5.5644813097304518e-05 1.3856848026612603e-05 -0.00024169600743705055 2.3754398187170749e-05
leaf_weight=22859 671133 287400 470206 409509 486542 15927 33644
leaf_count=22859 671133 287400 470206 409509 486542 15927 33644
internal_value=-1.44269e-07 -5.87192e-05 1.02009e-05 2.65403e-05 -8.25444e-06 -8.353e-05 7.4472e-05
internal_weight=2.39722e+06 359830 2.03739e+06 1.08064e+06 956748 303327 56503
internal_count=2397220 359830 2037390 1080642 956748 303327 56503
is_linear=0
shrinkage=0.00720685


Tree=86
num_leaves=8
num_cat=0
split_feature=1 1 15 21 9 12 9
split_gain=44.1362 11.7829 10.0485 9.50627 6.95582 5.95487 4.53617
threshold=1.3622125983238222 2.159645795822144 -0.1243816241621971 inf 2.248711466789246 -1.5171174407005308 -0.91974884271621693
decision_type=2 2 2 8 10 10 8
left_child=2 6 5 -4 -3 -1 -2
right_child=1 4 3 -5 -6 -7 -8
leaf_value=-5.7933295250469475e-05 -0.00012104768852534494 -0.00019314525168896162 2.3667964367544265e-05 0.00046716859494572399 0.00077891886719785961 -6.9261100807566329e-07 -3.9583534074454024e-05
leaf_weight=104640 52906 57053 1105713 2515 384 964153 107923
leaf_count=104640 52906 57053 1105713 2515 384 964153 107923
internal_value=-3.2596e-07 -9.80275e-05 9.46953e-06 2.46749e-05 -0.000186633 -6.29682e-06 -6.63825e-05
internal_weight=2.39529e+06 218266 2.17702e+06 1.10823e+06 57437 1.06879e+06 160829
internal_count=2395287 218266 2177021 1108228 57437 1068793 160829
is_linear=0
shrinkage=0.00720685


Tree=87
num_leaves=8
num_cat=0
split_feature=0 1 0 2 2 19 6
split_gain=43.7701 17.7547 9.03199 8.82148 6.66214 2.97983 2.23676
threshold=-3.3171809911727901 0.9082603156566621 0.57264313101768505 -0.40951055288314814 -2.1804189682006831 -0.69514313340187062 -0.68897846341133107
decision_type=2 2 2 2 2 10 10
left_child=4 2 -2 -3 6 -6 -1
right_child=1 3 -4 -5 5 -7 -8
leaf_value=-0.00058805122386897937 4.171529014070586e-06 -7.8906625535247102e-05 3.9394178902108923e-05 -7.4670211504747481e-06 -1.7475360325959199e-05 -0.00018782142423443766 -0.00029818247765599128
leaf_weight=1505 1480587 173128 507807 186467 6987 22545 17090
leaf_count=1505 1480587 173128 507807 186467 6987 22545 17090
internal_value=3.29267e-07 4.7392e-06 1.31669e-05 -4.1862e-05 -0.000214815 -0.000147522 -0.000321673
internal_weight=2.39612e+06 2.34799e+06 1.98839e+06 359595 48127 29532 18595
internal_count=2396116 2347989 1988394 359595 48127 29532 18595
is_linear=0
shrinkage=0.00720685


Tree=88
num_leaves=8
num_cat=0
split_feature=2 13 21 2 21 12 18
split_gain=32.7735 8.96736 8.76853 7.77403 5.2048 3.88522 2.81643
threshold=-1.1461461186408994 0.95202666521072399 inf -2.6493028402328487 inf 0.67068681120872509 -0.82066431641578663
decision_type=2 8 8 2 8 10 10
left_child=3 2 -2 4 -1 -3 -5
right_child=1 5 -4 6 -6 -7 -8
leaf_value=-0.00017366917608424657 3.4633842643940616e-06 3.7931602591732833e-05 0.00054091543778829053 1.5569881883387814e-05 0.00037116287758213746 0.00011564951428201428 -7.0053042077661656e-05
leaf_weight=46483 1937903 179493 1577 22666 928 41050 166657
leaf_count=46483 1937903 179493 1577 22666 928 41050 166657
internal_value=2.97566e-08 8.85237e-06 3.90067e-06 -8.04697e-05 -0.000162997 5.23979e-05 -5.9802e-05
internal_weight=2.39676e+06 2.16002e+06 1.93948e+06 236734 47411 220543 189323
internal_count=2396757 2160023 1939480 236734 47411 220543 189323
is_linear=0
shrinkage=0.00720685


Tree=89
num_leaves=8
num_cat=0
split_feature=0 0 21 0 23 15 0
split_gain=42.1906 15.9594 8.66965 4.96908 4.28622 3.26142 2.92755
threshold=-3.3171809911727901 0.21764994412660602 inf 0.66053268313407909 0.060374865308403976 -1.1523637771606443 -5.2207963466644278
decision_type=2 2 8 2 8 2 2
left_child=4 2 -2 -3 6 -6 -1
right_child=1 3 -4 -5 5 -7 -8
leaf_value=-0.00042365882565032902 -1.6698674601838612e-05 1.2455535400696852e-05 0.00038634411633735148 4.388012257997254e-05 -0.00035243385326580397 -0.00010318717694697716 -0.00023550777419481853
leaf_weight=5465 1105317 864597 2778 374586 3182 19042 20105
leaf_count=5465 1105317 864597 2778 374586 3182 19042 20105
internal_value=-1.31669e-07 4.18453e-06 -1.56879e-05 2.19548e-05 -0.000212107 -0.000138889 -0.000275736
internal_weight=2.39507e+06 2.34728e+06 1.1081e+06 1.23918e+06 47794 22224 25570
internal_count=2395072 2347278 1108095 1239183 47794 22224 25570
is_linear=0
shrinkage=0.00720685


Tree=90
num_leaves=8
num_cat=0
split_feature=0 0 2 7 9 2 0
split_gain=43.1047 12.6546 12.2058 8.74663 5.07589 4.11377 3.754
threshold=-1.9501627683639524 0.48863726854324346 -1.9753684401512144 1.3942345976829531 1.5167080760002138 0.084582366049289717 -4.2782008647918692
decision_type=2 2 2 2 8 2 2
left_child=2 3 6 -2 -3 -4 -1
right_child=1 4 5 -5 -6 -7 -8
leaf_value=-0.00034393420120150777 -4.8816631927931689e-07 3.754718147158169e-05 -0.00012327544496037836 -7.9114517193646188e-05 -5.9194777481303516e-05 -2.6082101621483359e-06 -0.00019121976658786831
leaf_weight=14040 1554365 629361 50370 77130 29488 20707 20683
leaf_count=14040 1554365 629361 50370 77130 29488 20707 20683
internal_value=-9.92042e-09 6.55977e-06 -0.000142229 -4.20534e-06 3.32172e-05 -8.81221e-05 -0.000252977
internal_weight=2.39614e+06 2.29034e+06 105800 1.6315e+06 658849 71077 34723
internal_count=2396144 2290344 105800 1631495 658849 71077 34723
is_linear=0
shrinkage=0.00720685


Tree=91
num_leaves=8
num_cat=0
split_feature=0 7 2 0 0 7 17
split_gain=42.7009 13.566 11.7415 11.3601 3.70326 3.25911 2.67509
threshold=-2.1014424562454219 1.1039938330650332 -0.99378636479377735 0.57264313101768505 -5.2207963466644278 -1.3503723740577696 0.18882767111063006
decision_type=2 2 2 2 2 2 2
left_child=2 3 4 -2 -1 -4 -3
right_child=1 6 5 -5 -6 -7 -8
leaf_value=-0.00036531789633810344 1.2823942504645835e-06 -8.6643624443558809e-05 0.00033966254446004071 4.0564750382369536e-05 -0.00019485554706617059 -6.8524702814854677e-05 -1.014947267786754e-05
leaf_weight=7721 1681849 92810 1041 494872 46455 40717 31910
leaf_count=7721 1681849 92810 1041 494872 46455 40717 31910
internal_value=-1.85047e-07 6.02484e-06 -0.000149158 1.02132e-05 -0.000219156 -5.83408e-05 -6.70728e-05
internal_weight=2.39738e+06 2.30144e+06 95934 2.17672e+06 54176 41758 124720
internal_count=2397375 2301441 95934 2176721 54176 41758 124720
is_linear=0
shrinkage=0.00720685


Tree=92
num_leaves=8
num_cat=0
split_feature=0 2 0 2 8 18 7
split_gain=41.5379 15.2716 9.09987 8.1288 7.78493 3.35243 2.84348
threshold=-2.6863689422607417 -0.36503681540489191 -0.69216737151145924 -1.5980249643325803 1.4578467011451723 -0.046767350286245339 -1.5724725127220152
decision_type=2 2 2 2 8 10 2
left_child=3 2 -2 5 -3 -1 -5
right_child=1 4 -4 6 -6 -7 -8
leaf_value=-0.0001124047796757421 -8.3326103663447517e-05 1.1680673565129733e-05 -1.2174043000684846e-05 0.00043927580614904139 6.7039465124406661e-05 -0.00029708906705980378 -0.0001091347477511314
leaf_weight=6399 115951 1591002 479120 497 143869 25283 35562
leaf_count=6399 115951 1591002 479120 497 143869 25283 35562
internal_value=3.50682e-07 5.46548e-06 -2.60383e-05 -0.000175569 1.62715e-05 -0.000259793 -0.000101564
internal_weight=2.39768e+06 2.32994e+06 595071 67741 1.73487e+06 31682 36059
internal_count=2397683 2329942 595071 67741 1734871 31682 36059
is_linear=0
shrinkage=0.00720685


Tree=93
num_leaves=8
num_cat=0
split_feature=2 15 2 2 19 12 7
split_gain=33.2494 11.9611 8.66456 8.61987 6.71176 2.96133 2.22926
threshold=-1.1461461186408994 -0.1172564998269081 0.098740730434656157 -2.6493028402328487 -0.31142783164978022 -0.72766891121864308 0.74546504020690929
decision_type=2 2 2 2 8 8 2
left_child=3 4 -3 5 -2 -1 -5
right_child=1 2 -4 6 -6 -7 -8
leaf_value=8.8795516882376255e-06 1.3797381442543115e-05 2.5334273222636834e-06 4.3536375455031693e-05 -4.4149133138375393e-05 -2.3040164824418192e-05 -0.00018679305232229665 -9.9173479738486344e-05
leaf_weight=4433 426358 477353 609391 136277 646289 42788 53163
leaf_count=4433 426358 477353 609391 136277 646289 42788 53163
internal_value=-2.12941e-07 8.67471e-06 2.55258e-05 -8.13073e-05 -8.39788e-06 -0.000168423 -5.95913e-05
internal_weight=2.39605e+06 2.15939e+06 1.08674e+06 236661 1.07265e+06 47221 189440
internal_count=2396052 2159391 1086744 236661 1072647 47221 189440
is_linear=0
shrinkage=0.00720685


Tree=94
num_leaves=8
num_cat=0
split_feature=0 1 2 0 2 19 0
split_gain=40.544 16.4603 9.19604 8.24048 6.5061 2.94483 2.05046
threshold=-3.3171809911727901 0.87177971005439769 -1.1132309436798093 0.65345531702041637 -2.6493028402328487 -0.6874745488166808 -5.2207963466644278
decision_type=2 2 2 2 2 10 2
left_child=4 3 -3 -2 6 -6 -1
right_child=1 2 -4 -5 5 -7 -8
leaf_value=-0.00046716487349571153 5.212148909234949e-06 -9.7834752657653933e-05 -1.7815752515792797e-05 4.239779050219679e-05 -3.3231029610266591e-05 -0.00019126535947525751 -0.00027942548954105171
leaf_weight=4387 1584428 102173 276355 384669 8051 25600 9739
leaf_count=4387 1584428 102173 276355 384669 8051 25600 9739
internal_value=-1.20199e-07 4.10958e-06 -3.94149e-05 1.24765e-05 -0.000207956 -0.000153458 -0.000337759
internal_weight=2.3954e+06 2.34762e+06 378528 1.9691e+06 47777 33651 14126
internal_count=2395402 2347625 378528 1969097 47777 33651 14126
is_linear=0
shrinkage=0.00720685


Tree=95
num_leaves=8
num_cat=0
split_feature=1 2 0 0 2 1 9
split_gain=42.536 17.4214 9.86241 6.56668 6.37751 5.1545 3.46388
threshold=1.3341605067253115 -1.7318790555000303 0.66053268313407909 -4.2782008647918692 -0.27386277914047236 -0.26254703104495997 -0.89560362696647633
decision_type=2 2 2 2 2 2 8
left_child=2 3 4 -2 -1 -4 -3
right_child=1 6 5 -5 -6 -7 -8
leaf_value=-1.8301086023071377e-05 -0.00032702824810317552 -0.00010676732056007133 4.8362058924803122e-05 -0.0001547349500712328 1.1510031421233415e-05 -9.922019725045073e-05 -3.474618525293579e-05
leaf_weight=528264 15452 49170 362551 44819 1265863 12722 117739
leaf_count=528264 15452 49170 362551 44819 1265863 12722 117739
internal_value=-6.50949e-08 -9.38886e-05 9.76015e-06 -0.000198912 2.73241e-06 4.33586e-05 -5.59636e-05
internal_weight=2.39658e+06 227180 2.1694e+06 60271 1.79413e+06 375273 166909
internal_count=2396580 227180 2169400 60271 1794127 375273 166909
is_linear=0
shrinkage=0.00720685


Tree=96
num_leaves=8
num_cat=0
split_feature=9 18 15 18 4 18 18
split_gain=25.8681 24.8717 9.35165 7.7783 7.76522 6.24405 4.41866
threshold=-0.76447647809982289 -0.4533273577690124 -0.13184385001659391 0.23357009142637256 -0.30618925392627711 3.3161724805831914 -1.0245444774627683
decision_type=8 10 2 10 8 8 10
left_child=1 6 3 -2 -4 -3 -1
right_child=2 5 4 -5 -6 -7 -8
leaf_value=0.00015665053458656302 -1.9666795918921527e-05 -7.5965227383698142e-05 -2.3349470806305158e-07 2.3934199855590669e-05 4.0154465014752686e-05 -0.00026103502193500672 2.8652420900450147e-05
leaf_weight=23706 662671 293172 392194 312833 669028 9784 34242
leaf_count=23706 662671 293172 392194 312833 669028 9784 34242
internal_value=4.57694e-07 -5.57773e-05 1.04225e-05 -5.68442e-06 2.52283e-05 -8.1943e-05 8.10174e-05
internal_weight=2.39763e+06 360904 2.03673e+06 975504 1.06122e+06 302956 57948
internal_count=2397630 360904 2036726 975504 1061222 302956 57948
is_linear=0
shrinkage=0.00720685


Tree=97
num_leaves=8
num_cat=0
split_feature=0 2 0 19 2 17 0
split_gain=39.1932 16.2606 11.0868 8.41624 7.24894 2.71893 2.07267
threshold=-3.3171809911727901 -0.36503681540489191 -0.83504250645637501 -0.34230117499828333 -2.6493028402328487 -0.49919074773788447 -5.2207963466644278
decision_type=2 2 2 8 2 2 2
left_child=4 2 -2 -3 6 -6 -1
right_child=1 3 -4 -5 5 -7 -8
leaf_value=-0.00047124733989300653 -9.2647004401631616e-05 3.5834161239005006e-05 -1.3433159269884582e-05 3.0128894075770278e-06 -0.00023600611956399318 -9.9954793052315209e-05 -0.00028259130720557441
leaf_weight=4390 112577 645354 496481 1093125 11642 22143 9757
leaf_count=4390 112577 645354 496481 1093125 11642 22143 9757
internal_value=-1.95418e-07 3.97006e-06 -2.8075e-05 1.51968e-05 -0.000204202 -0.000146843 -0.000341163
internal_weight=2.39547e+06 2.34754e+06 609058 1.73848e+06 47932 33785 14147
internal_count=2395469 2347537 609058 1738479 47932 33785 14147
is_linear=0
shrinkage=0.00720685


Tree=98
num_leaves=8
num_cat=0
split_feature=7 21 8 6 18 18 23
split_gain=19.5619 11.3837 11.9655 10.5355 8.86569 3.97603 2.12115
threshold=1.0498710274696352 inf 0.48762010037899023 0.24465908855199817 3.3161724805831914 0.7888411581516267 -1.4262086153030393
decision_type=2 8 10 8 10 10 10
left_child=1 3 -3 -1 5 -2 -6
right_child=4 2 -4 -5 6 -7 -8
leaf_value=1.815622333198526e-05 -4.2177359238848609e-05 -2.8094139017254572e-05 0.00097089777344800819 -1.3509917211619546e-05 7.8589431703232003e-05 -0.00012045140566750183 -0.0004722672700274061
leaf_weight=1304836 93509 1196 1298 937970 404 52705 3554
leaf_count=1304836 93509 1196 1298 937970 404 52705 3554
internal_value=1.28105e-07 5.45428e-06 0.000491991 4.91303e-06 -7.95056e-05 -7.03932e-05 -0.000416029
internal_weight=2.39547e+06 2.2453e+06 2494 2.24281e+06 150172 146214 3958
internal_count=2395472 2245300 2494 2242806 150172 146214 3958
is_linear=0
shrinkage=0.00720685


Tree=99
num_leaves=8
num_cat=0
split_feature=0 2 15 0 2 25 25
split_gain=39.4242 15.3165 11.4417 11.2304 7.00468 2.35162 2.06137
threshold=-3.3171809911727901 -0.36503681540489191 -0.13911824673414228 -0.83504250645637501 -1.6645821332931516 0.008600876200944187 0.25311696529388433
decision_type=2 2 2 2 2 8 8
left_child=4 3 -3 -2 6 -6 -1
right_child=1 2 -4 -5 5 -7 -8
leaf_value=-0.0003367193671693389 -9.140295754382112e-05 -3.9578681549619094e-06 3.3077524190444904e-05 -1.1654645801937869e-05 -0.0002038467591885486 -5.9404788495865154e-05 -0.00019175344453602517
leaf_weight=16385 112489 819913 918744 496637 9814 14512 7402
leaf_count=16385 112489 819913 918744 496637 9814 14512 7402
internal_value=5.31983e-07 4.71703e-06 1.56124e-05 -2.63822e-05 -0.000203682 -0.000117685 -0.00029162
internal_weight=2.3959e+06 2.34778e+06 1.73866e+06 609126 48113 24326 23787
internal_count=2395896 2347783 1738657 609126 48113 24326 23787
is_linear=0
shrinkage=0.00720685


Tree=100
num_leaves=8
num_cat=0
split_feature=0 1 15 2 2 7 18
split_gain=38.7548 13.6867 8.3198 8.31789 7.11425 3.48196 2.41778
threshold=-2.6863689422607417 0.9082603156566621 -0.1243816241621971 -1.9753684401512144 -0.49373877048492426 -1.5724725127220152 -0.027980968356132504
decision_type=2 2 2 2 2 2 10
left_child=3 2 -2 6 -3 -5 -1
right_child=1 4 -4 5 -6 -7 -8
leaf_value=-0.00012614435208401105 -3.1618356779730521e-06 -7.4293583132312824e-05 2.6353935676067052e-05 0.00047660217601590445 -7.8350064399695094e-06 -0.00011409544613509351 -0.00030420831089795868
leaf_weight=4875 945441 149908 1043446 524 189310 41068 21170
leaf_count=4875 945441 149908 1043446 524 189310 41068 21170
internal_value=1.6609e-07 5.10673e-06 1.23233e-05 -0.000169891 -3.72047e-05 -0.000106642 -0.000270886
internal_weight=2.39574e+06 2.3281e+06 1.98889e+06 67637 339218 41592 26045
internal_count=2395742 2328105 1988887 67637 339218 41592 26045
is_linear=0
shrinkage=0.00720685


Tree=101
num_leaves=8
num_cat=0
split_feature=1 2 0 25 0 19 9
split_gain=36.5192 16.1963 8.8693 7.24455 5.9578 4.7599 3.78996
threshold=1.2788370251655581 -1.5980249643325803 0.54521718621253978 0.017155314795672897 -4.2782008647918692 -0.47834391891956324 -0.91974884271621693
decision_type=2 2 2 8 2 8 8
left_child=2 4 3 -1 -2 -4 -3
right_child=1 6 5 -5 -6 -7 -8
leaf_value=-1.5435772503316399e-05 -0.00029756978371744144 -0.00010077806216421384 6.5601181257764465e-05 1.5326293644326918e-05 -0.00013975443404625059 2.0029413739860512e-05 -2.6206126488054784e-05
leaf_weight=754650 16257 48889 172846 840455 52720 382422 128275
leaf_count=754650 16257 48889 172846 840455 52720 382422 128275
internal_value=-1.09913e-07 -8.32633e-05 9.4082e-06 7.72631e-07 -0.000176953 3.42153e-05 -4.67851e-05
internal_weight=2.39651e+06 246141 2.15037e+06 1.5951e+06 68977 555268 177164
internal_count=2396514 246141 2150373 1595105 68977 555268 177164
is_linear=0
shrinkage=0.00720685


Tree=102
num_leaves=8
num_cat=0
split_feature=0 0 7 19 0 4 19
split_gain=37.5652 13.2287 9.23022 5.28613 5.1041 4.19661 2.41182
threshold=-2.6863689422607417 0.44204692542552954 1.3942345976829531 -0.45748423039913172 -5.2207963466644278 -2.0546886920928951 -0.56634193658828724
decision_type=2 2 2 8 2 10 10
left_child=4 2 -2 -3 6 -6 -1
right_child=1 3 -4 -5 5 -7 -8
leaf_value=-0.00014655498355365724 -3.359881604696757e-06 5.6878751435513334e-05 -8.3468999339109261e-05 1.6102063069408941e-05 7.9001003845516433e-05 -0.00015863059207280316 -0.00038948515485498931
leaf_weight=3030 1498051 244870 78623 507021 4160 53397 7103
leaf_count=3030 1498051 244870 78623 507021 4160 53397 7103
internal_value=-3.57567e-07 4.50753e-06 -7.3547e-06 2.9382e-05 -0.000167717 -0.000141454 -0.000316866
internal_weight=2.39626e+06 2.32856e+06 1.57667e+06 751891 67690 57557 10133
internal_count=2396255 2328565 1576674 751891 67690 57557 10133
is_linear=0
shrinkage=0.00720685


Tree=103
num_leaves=8
num_cat=0
split_feature=2 15 2 2 19 18 10
split_gain=30.9495 10.1454 9.15143 7.78397 6.69013 3.9137 2.92761
threshold=-1.1461461186408994 -0.1172564998269081 -0.028942207805812355 -2.860851407051086 -0.31142783164978022 -0.82066431641578663 inf
decision_type=2 2 2 2 8 10 8
left_child=3 4 -3 6 -2 -5 -1
right_child=1 2 -4 5 -6 -7 -8
leaf_value=-0.00018337004215304812 1.5153102627278822e-05 -4.1147215355547071e-06 3.9671525923838808e-05 2.76248736695088e-05 -2.1619196146077818e-05 -7.1769176795946708e-05 0.00021538761803570366
leaf_weight=36769 426323 382943 703094 23308 646887 175480 981
leaf_count=36769 426323 382943 703094 23308 646887 175480 981
internal_value=1.29738e-07 8.70305e-06 2.42322e-05 -7.81317e-05 -7.01171e-06 -6.0115e-05 -0.000173002
internal_weight=2.39578e+06 2.15925e+06 1.08604e+06 236538 1.07321e+06 198788 37750
internal_count=2395785 2159247 1086037 236538 1073210 198788 37750
is_linear=0
shrinkage=0.00720685


Tree=104
num_leaves=8
num_cat=0
split_feature=1 2 0 21 0 19 23
split_gain=36.2331 14.306 9.05874 8.02899 5.97312 4.86458 3.89283
threshold=1.3622125983238222 -1.5980249643325803 0.65345531702041637 inf -4.2782008647918692 -0.47834391891956324 -0.70756071805953968
decision_type=2 2 2 8 2 8 8
left_child=2 4 3 -1 -2 -4 -3
right_child=1 6 5 -5 -6 -7 -8
leaf_value=1.3057302372009778e-06 -0.00029853477588020057 -0.00013997234498441146 7.850626770004957e-05 0.00038773755579169937 -0.00013862501843822514 2.3190219109136881e-05 -3.6092424088384079e-05
leaf_weight=1791374 16202 21847 120014 2796 48315 264679 131597
leaf_count=1791374 16202 21847 120014 2796 48315 264679 131597
internal_value=-1.49893e-07 -8.8744e-05 8.71258e-06 1.90816e-06 -0.000178787 4.04476e-05 -5.08835e-05
internal_weight=2.39682e+06 217961 2.17886e+06 1.79417e+06 64517 384693 153444
internal_count=2396824 217961 2178863 1794170 64517 384693 153444
is_linear=0
shrinkage=0.00720685


Tree=105
num_leaves=8
num_cat=0
split_feature=0 1 0 2 2 19 18
split_gain=37.7643 15.6961 8.11065 7.62976 5.81451 2.5969 2.15559
threshold=-3.3171809911727901 1.0653277039527895 0.66053268313407909 -0.67104282975196827 -2.6493028402328487 -0.56024855375289906 0.087786376476287856
decision_type=2 2 2 2 2 10 10
left_child=4 2 -2 -3 6 -6 -1
right_child=1 3 -4 -5 5 -7 -8
leaf_value=-0.00012974643498866458 4.5661466950388219e-06 -8.9608961462176665e-05 4.1589863840588495e-05 -1.3955493095306969e-05 -5.4092087094007641e-05 -0.00019069026687252238 -0.00036386592480265454
leaf_weight=2480 1689781 119697 375632 164245 10449 23465 11627
leaf_count=2480 1689781 119697 375632 164245 10449 23465 11627
internal_value=3.03312e-07 4.39276e-06 1.12996e-05 -4.58478e-05 -0.000199762 -0.000148607 -0.000322721
internal_weight=2.39738e+06 2.34936e+06 2.06541e+06 283942 48021 33914 14107
internal_count=2397376 2349355 2065413 283942 48021 33914 14107
is_linear=0
shrinkage=0.00720685


Tree=106
num_leaves=8
num_cat=0
split_feature=1 0 0 2 1 9 2
split_gain=35.7229 14.3931 9.39314 7.15938 6.84557 4.54338 4.27428
threshold=1.2788370251655581 -4.2782008647918692 0.50817531347274791 -0.99378636479377735 -2.052476048469543 1.4344539046287539 -3.1011034250259395
decision_type=2 2 2 2 2 8 2
left_child=2 6 4 -3 -1 -4 -2
right_child=1 3 5 -5 -6 -7 -8
leaf_value=0.00033012587041457447 -0.00038257243490610562 -0.00011459207496263094 3.8035631576618021e-05 -2.9500481726475959e-05 -5.7993961630464998e-07 -4.7461312546667649e-05 -0.00018174060330691718
leaf_weight=3257 7478 83209 587978 134161 1525337 34157 20867
leaf_count=3257 7478 83209 587978 134161 1525337 34157 20867
internal_value=3.28376e-07 -8.19927e-05 9.73338e-06 -6.20739e-05 1.24887e-07 3.33415e-05 -0.000234736
internal_weight=2.39644e+06 245715 2.15073e+06 217370 1.52859e+06 622135 28345
internal_count=2396444 245715 2150729 217370 1528594 622135 28345
is_linear=0
shrinkage=0.00720685


Tree=107
num_leaves=8
num_cat=0
split_feature=1 2 21 8 0 0 2
split_gain=36.5124 12.5354 10.9471 11.3987 10.0124 3.92486 2.50845
threshold=1.6006519198417666 -1.5980249643325803 inf 0.48762010037899023 0.49359661340713507 -4.2782008647918692 -0.49373877048492426
decision_type=2 2 8 10 2 2 2
left_child=2 5 4 -4 -1 -2 -3
right_child=1 6 3 -5 -6 -7 -8
leaf_value=-2.7171569392695964e-06 -0.00029113044749291351 -0.0001028368197549886 -1.3904860022586056e-05 0.00090735162103296955 3.0846028303935092e-05 -0.00015616969008160102 -2.9850979190394059e-05
leaf_weight=1590814 16250 42169 1360 1431 650368 35976 58237
leaf_count=1590814 16250 42169 1360 1431 650368 35976 58237
internal_value=2.47973e-07 -0.00010761 7.58437e-06 0.000458579 7.02253e-06 -0.000198167 -6.05049e-05
internal_weight=2.3966e+06 152632 2.24397e+06 2791 2.24118e+06 52226 100406
internal_count=2396605 152632 2243973 2791 2241182 52226 100406
is_linear=0
shrinkage=0.00720685


Tree=108
num_leaves=8
num_cat=0
split_feature=7 21 8 19 18 18 23
split_gain=21.2201 13.1639 14.1351 9.99836 9.13345 4.89875 1.97154
threshold=0.96121117472648632 inf 0.51790279150009166 -0.35569505393505091 3.3161724805831914 0.7888411581516267 -1.4262086153030393
decision_type=2 8 10 8 10 10 10
left_child=1 3 -3 -1 5 -2 -6
right_child=4 2 -4 -5 6 -7 -8
leaf_value=2.5793734644093668e-05 -4.0503458484579439e-05 -2.6926344230835103e-05 0.0010790690709214484 -5.9666161933076165e-06 4.9931187879699117e-05 -0.00012302189861954733 -0.00046172487132714531
leaf_weight=808744 107857 1172 1229 1416486 436 57174 3779
leaf_count=808744 107857 1172 1229 1416486 436 57174 3779
internal_value=2.41392e-07 6.15205e-06 0.000539391 5.57645e-06 -7.75547e-05 -6.90922e-05 -0.000408794
internal_weight=2.39688e+06 2.22763e+06 2401 2.22523e+06 169246 165031 4215
internal_count=2396877 2227631 2401 2225230 169246 165031 4215
is_linear=0
shrinkage=0.00720685


Tree=109
num_leaves=8
num_cat=0
split_feature=1 21 8 1 7 23 13
split_gain=34.7484 9.76192 10.4145 8.29829 8.27902 4.43642 2.98137
threshold=1.3622125983238222 inf 0.48762010037899023 2.159645795822144 1.1039938330650332 -0.70756071805953968 0.65875661373138439
decision_type=2 8 10 2 2 8 8
left_child=1 4 -3 5 -1 -2 -5
right_child=3 2 -4 6 -6 -7 -8
leaf_value=1.1231736390437809e-05 -0.00015126360368869864 -2.0013661508852537e-05 0.00086151285044360111 -0.00017644838109853565 -5.3113309204455969e-05 -4.4510244214665186e-05 1.5193171074846035e-05
leaf_weight=2066427 23721 1349 1437 52897 109353 136949 4581
leaf_count=2066427 23721 1349 1437 52897 109353 136949 4581
internal_value=-1.39731e-07 8.54378e-06 0.0004348 -8.68586e-05 7.99777e-06 -6.02721e-05 -0.000161174
internal_weight=2.39671e+06 2.17857e+06 2786 218148 2.17578e+06 160670 57478
internal_count=2396714 2178566 2786 218148 2175780 160670 57478
is_linear=0
shrinkage=0.00720685


Tree=110
num_leaves=8
num_cat=0
split_feature=2 15 2 19 2 18 21
split_gain=28.3614 10.7 9.10349 6.84295 6.16001 3.08933 2.6594
threshold=-1.1461461186408994 -0.1172564998269081 0.098740730434656157 -0.31142783164978022 -2.6493028402328487 -1.1729790568351743 inf
decision_type=2 2 2 8 2 10 8
left_child=4 3 -3 -2 6 -6 -1
right_child=1 2 -4 -5 5 -7 -8
leaf_value=-0.00015651127788272076 1.4142038730392851e-05 2.1305180768392678e-07 4.2251142715371929e-05 -2.3064315404583305e-05 5.3183862631221651e-05 -6.4598907929728884e-05 0.00023482301855033954
leaf_weight=46321 425651 477079 609215 646998 12374 176987 919
leaf_count=46321 425651 477079 609215 646998 12374 176987 919
internal_value=-3.63247e-07 7.84584e-06 2.37889e-05 -8.29998e-06 -7.52696e-05 -5.69019e-05 -0.000148893
internal_weight=2.39554e+06 2.15894e+06 1.08629e+06 1.07265e+06 236601 189361 47240
internal_count=2395544 2158943 1086294 1072649 236601 189361 47240
is_linear=0
shrinkage=0.00720685


Tree=111
num_leaves=8
num_cat=0
split_feature=1 2 7 21 0 9 25
split_gain=34.0243 12.7151 10.1617 11.4086 5.69039 3.53229 1.63116
threshold=1.5244383215904238 -1.4311876893043516 1.3078627586364748 inf -4.2782008647918692 2.248711466789246 -0.70723387598991383
decision_type=2 2 2 8 2 10 10
left_child=2 4 3 -1 -2 -3 -4
right_child=1 5 6 -5 -6 -7 -8
leaf_value=1.0505887761491495e-05 -0.0002912523111424609 -5.4036421038801015e-05 -0.00022507379048401492 0.0004963825917792948 -0.00013714938511332758 0.00043902783044229667 -6.0639462594774254e-05
leaf_weight=2131182 17199 108090 3248 2512 45044 759 88258
leaf_count=2131182 17199 108090 3248 2512 45044 759 88258
internal_value=3.58648e-07 -9.75765e-05 7.88877e-06 1.10781e-05 -0.000179735 -5.05943e-05 -6.64786e-05
internal_weight=2.39629e+06 171092 2.2252e+06 2.13369e+06 62243 108849 91506
internal_count=2396292 171092 2225200 2133694 62243 108849 91506
is_linear=0
shrinkage=0.00720685


Tree=112
num_leaves=8
num_cat=0
split_feature=0 7 0 9 0 7 18
split_gain=33.0335 12.2054 10.2547 7.08586 5.17871 3.11464 2.99453
threshold=-2.2573887109756465 1.3078627586364748 0.69706729054451 0.48924836516380316 -5.2207963466644278 -1.1332641839981077 3.3161724805831914
decision_type=2 2 2 8 2 2 10
left_child=3 2 -2 4 -1 -5 -3
right_child=1 6 -4 5 -6 -7 -8
leaf_value=-0.00034580452675955195 2.1343668604826575e-06 -6.789458526057977e-05 4.6173629228726266e-05 0.00041330666372977394 -0.00014992036010058908 -3.612754126510043e-05 -0.00038615407048873159
leaf_weight=7945 1888390 98447 321354 836 59577 18583 1559
leaf_count=7945 1888390 98447 321354 836 59577 18583 1559
internal_value=-1.76498e-07 5.01446e-06 8.53884e-06 -0.000138083 -0.000172974 -1.67586e-05 -7.28598e-05
internal_weight=2.39669e+06 2.30975e+06 2.20974e+06 86941 67522 19419 100006
internal_count=2396691 2309750 2209744 86941 67522 19419 100006
is_linear=0
shrinkage=0.00720685


Tree=113
num_leaves=8
num_cat=0
split_feature=1 25 1 19 21 17 12
split_gain=33.5605 9.1909 7.79256 6.45142 5.9209 3.68626 2.82279
threshold=1.3622125983238222 0.017155314795672897 2.3535360097885136 -0.37859816849231714 inf 0.18882767111063006 0.69942820072174083
decision_type=2 10 2 8 8 2 10
left_child=1 3 5 -1 -3 -2 -4
right_child=2 4 6 -5 -6 -7 -8
leaf_value=1.9243272581345857e-05 -8.2699488154936641e-05 2.273369976082381e-05 -0.00010160829330120588 -1.8914369033621047e-05 0.0005488860088003314 -5.285654301272766e-06 -0.0002280651217209033
leaf_weight=342771 138175 1135621 15185 700336 1111 41557 23151
leaf_count=342771 138175 1135621 15185 700336 1111 41557 23151
internal_value=5.44998e-07 9.07262e-06 -8.46979e-05 -6.37552e-06 2.32484e-05 -6.48004e-05 -0.00017798
internal_weight=2.39791e+06 2.17984e+06 218068 1.04311e+06 1.13673e+06 179732 38336
internal_count=2397907 2179839 218068 1043107 1136732 179732 38336
is_linear=0
shrinkage=0.00720685


Tree=114
num_leaves=8
num_cat=0
split_feature=0 2 15 0 2 18 17
split_gain=35.1649 14.8189 10.6316 9.76974 4.95163 2.43469 2.29777
threshold=-3.3171809911727901 -0.36503681540489191 -0.1243816241621971 -0.87655451893806446 -1.9753684401512144 -0.03717853128910064 -0.49168288707733149
decision_type=2 2 2 2 2 10 2
left_child=4 3 -3 -2 5 -1 -6
right_child=1 2 -4 -5 6 -7 -8
leaf_value=-0.00011468080253841812 -8.9011367114441676e-05 -3.9791087958402935e-06 3.1687025554540678e-05 -1.3345601747999989e-05 -0.00022122801305417158 -0.00031509660914755386 -8.2233015024050889e-05
leaf_weight=3880 107696 834042 905223 500587 9374 16736 18120
leaf_count=3880 107696 834042 905223 500587 9374 16736 18120
internal_value=-7.71754e-08 3.87559e-06 1.45838e-05 -2.67423e-05 -0.000192951 -0.000277386 -0.00012963
internal_weight=2.39566e+06 2.34755e+06 1.73926e+06 608283 48110 20616 27494
internal_count=2395658 2347548 1739265 608283 48110 20616 27494
is_linear=0
shrinkage=0.00720685


Tree=115
num_leaves=8
num_cat=0
split_feature=1 2 7 25 2 1 15
split_gain=33.3865 13.5668 8.65508 7.82962 4.60014 3.16638 2.03778
threshold=1.2788370251655581 -2.3100854158401485 1.4946500658988955 0.011431879829615356 -0.028942207805812355 2.247455477714539 -1.1767302751541135
decision_type=2 2 2 8 2 2 2
left_child=2 5 3 -1 -3 -2 -4
right_child=1 4 6 -5 -6 -7 -8
leaf_value=-3.7461154023428457e-06 -0.00014932153608008354 -8.1853712315892716e-05 -0.00020350361636294276 2.4332237689674587e-05 -1.1099248580071498e-05 -0.00027971453255682836 -5.8216998155912517e-05
leaf_weight=947320 25000 130052 5428 1132375 75395 15783 65692
leaf_count=947320 25000 130052 5428 1132375 75395 15783 65692
internal_value=-2.31639e-07 -7.97236e-05 8.86879e-06 1.15423e-05 -5.58885e-05 -0.000199789 -6.93084e-05
internal_weight=2.39704e+06 246230 2.15082e+06 2.0797e+06 205447 40783 71120
internal_count=2397045 246230 2150815 2079695 205447 40783 71120
is_linear=0
shrinkage=0.00720685


Tree=116
num_leaves=8
num_cat=0
split_feature=0 0 0 21 7 23 12
split_gain=33.7197 10.4238 9.76934 8.69262 5.06577 3.31731 3.05964
threshold=-1.5920301675796507 0.53417828679084789 -3.7301558256149288 inf -1.1931450963020322 0.060374865308403976 -1.8667441606521604
decision_type=2 2 2 8 2 8 10
left_child=2 3 5 -2 -4 -1 -3
right_child=1 6 4 -5 -6 -7 -8
leaf_value=-0.00026879318069347686 -2.8275623645085862e-06 -3.1482703796000267e-05 0.00026313767592001916 0.00039763689965881461 -7.9564297552126262e-05 -0.00013521315564879821 3.7672368894838451e-05
leaf_weight=20809 1682515 35413 2294 2819 94078 18024 538448
leaf_count=20809 1682515 35413 2294 2819 94078 18024 538448
internal_value=2.59488e-07 6.87572e-06 -0.000110293 -2.15748e-06 -7.1404e-05 -0.000206799 3.34047e-05
internal_weight=2.3944e+06 2.2592e+06 135205 1.68533e+06 96372 38833 573861
internal_count=2394400 2259195 135205 1685334 96372 38833 573861
is_linear=0
shrinkage=0.00720685


Tree=117
num_leaves=8
num_cat=0
split_feature=1 2 25 21 6 0 9
split_gain=32.9295 11.3754 9.30827 8.27769 6.47574 4.44809 3.39149
threshold=1.5244383215904238 -1.9753684401512144 0.017155314795672897 inf 0.15598835051059726 -4.2782008647918692 -0.91974884271621693
decision_type=2 2 10 8 8 2 8
left_child=2 5 4 -4 -1 -2 -3
right_child=1 6 3 -5 -6 -7 -8
leaf_value=7.167447146904842e-06 -0.00030357088278396558 -0.00011718991705707921 2.0146857793250445e-05 0.00064003360206469804 -2.8572005601508756e-05 -0.00014762502052216323 -3.7355137359434683e-05
leaf_weight=590928 13943 40470 1158535 1119 474966 29825 87165
leaf_count=590928 13943 40470 1158535 1119 474966 29825 87165
internal_value=-7.97924e-07 -9.70514e-05 6.61517e-06 2.07456e-05 -8.75816e-06 -0.00019731 -6.26697e-05
internal_weight=2.39695e+06 171403 2.22555e+06 1.15965e+06 1.06589e+06 43768 127635
internal_count=2396951 171403 2225548 1159654 1065894 43768 127635
is_linear=0
shrinkage=0.00720685


Tree=118
num_leaves=8
num_cat=0
split_feature=1 7 21 7 18 21 23
split_gain=31.8307 10.0984 10.3885 7.07455 4.77042 2.592 2.49199
threshold=1.6841329336166384 1.3078627586364748 inf 0.33565944433212286 3.3161724805831914 -0.9051118493080138 -0.8672649860382079
decision_type=2 2 8 2 10 8 10
left_child=1 2 -1 5 -5 -2 -3
right_child=3 6 -4 4 -6 -7 -8
leaf_value=8.7257633775679491e-06 7.3746640677627983e-05 -0.00018188885487518134 0.00047713888626627505 -0.00014954325091084264 -0.00039876742149496514 -7.5321134226774504e-05 -5.4828204277813033e-05
leaf_weight=2165157 6652 8839 2461 54303 4305 67795 86177
leaf_count=2165157 6652 8839 2461 54303 4305 67795 86177
internal_value=-3.00224e-07 6.07011e-06 9.25779e-06 -0.000108629 -0.000167856 -6.20005e-05 -6.66502e-05
internal_weight=2.39569e+06 2.26263e+06 2.16762e+06 133055 58608 74447 95016
internal_count=2395689 2262634 2167618 133055 58608 74447 95016
is_linear=0
shrinkage=0.00720685


Tree=119
num_leaves=8
num_cat=0
split_feature=1 2 7 25 1 9 17
split_gain=31.5297 13.2124 8.26105 7.49798 3.46892 3.42368 2.09914
threshold=1.3622125983238222 -1.380439221858978 1.3942345976829531 0.017155314795672897 2.482263565063477 -0.70714393258094776 0.24583988636732104
decision_type=2 2 2 8 2 8 2
left_child=2 4 3 -1 -2 -3 -4
right_child=1 5 6 -5 -6 -7 -8
leaf_value=-3.8026168762217829e-06 -0.00013495303777207892 -9.231743650253757e-05 -8.4360211478225501e-05 2.3521680239116643e-05 -0.00025491841149249733 -1.7611533371330624e-05 2.1445322570144538e-06
leaf_weight=971737 58626 47642 60988 1126001 15921 96198 19142
leaf_count=971737 58626 47642 60988 1126001 15921 96198 19142
internal_value=-1.57296e-07 -8.27117e-05 8.12092e-06 1.08642e-05 -0.000160577 -4.23559e-05 -6.36953e-05
internal_weight=2.39626e+06 218387 2.17787e+06 2.09774e+06 74547 143840 80130
internal_count=2396255 218387 2177868 2097738 74547 143840 80130
is_linear=0
shrinkage=0.00720685


Tree=120
num_leaves=8
num_cat=0
split_feature=1 0 0 21 17 1 22
split_gain=30.5557 11.7703 8.11016 8.29173 4.39494 3.04029 2.49614
threshold=1.2788370251655581 -3.7301558256149288 0.57264313101768505 inf 0.21629349887371066 -0.24315753579139707 0.9773484766483308
decision_type=2 2 2 8 2 2 2
left_child=2 6 3 -1 -3 -4 -2
right_child=1 4 5 -5 -6 -7 -8
leaf_value=1.3998895582606167e-07 -0.00014918166053836456 -7.2311684245673623e-05 3.7665755297037702e-05 0.00039182496790943021 7.6948500341044786e-06 -4.5580384517207246e-05 -0.00027072867581102804
leaf_weight=1639093 25034 161897 484520 2811 45734 23910 13518
leaf_count=1639093 25034 161897 484520 2811 45734 23910 13518
internal_value=-1.07932e-07 -7.61623e-05 8.59924e-06 8.10809e-07 -5.46889e-05 3.37508e-05 -0.000191808
internal_weight=2.39652e+06 246183 2.15033e+06 1.6419e+06 207631 508430 38552
internal_count=2396517 246183 2150334 1641904 207631 508430 38552
is_linear=0
shrinkage=0.00720685


Tree=121
num_leaves=8
num_cat=0
split_feature=2 15 21 25 2 18 12
split_gain=25.7079 10.4442 7.70137 6.26042 6.18589 3.26422 2.79547
threshold=-1.1461461186408994 -0.1172564998269081 inf 0.011431879829615356 -2.860851407051086 -1.1909100413322447 -0.57521668076515187
decision_type=2 2 8 8 2 10 8
left_child=4 3 -3 -2 6 -6 -1
right_child=1 2 -4 -5 5 -7 -8
leaf_value=2.4481578940012065e-05 -2.7824957471260039e-05 2.2644379155201456e-05 0.00056652102764831046 7.1976177937513394e-06 5.718678567516088e-05 -6.3125401743617963e-05 -0.00017769272075510904
leaf_weight=3971 477164 1085779 1353 596461 12498 186157 33643
leaf_count=3971 477164 1085779 1353 596461 12498 186157 33643
internal_value=-2.28461e-07 7.57599e-06 2.33218e-05 -8.36787e-06 -7.16026e-05 -5.55558e-05 -0.000156348
internal_weight=2.39703e+06 2.16076e+06 1.08713e+06 1.07362e+06 236269 198655 37614
internal_count=2397026 2160757 1087132 1073625 236269 198655 37614
is_linear=0
shrinkage=0.00720685


Tree=122
num_leaves=8
num_cat=0
split_feature=0 7 21 2 18 9 18
split_gain=30.204 11.5367 9.71193 6.60916 3.9913 3.0586 2.67611
threshold=-2.6863689422607417 1.3078627586364748 inf -1.9753684401512144 3.3161724805831914 0.44922697544097906 -0.027980968356132504
decision_type=2 2 8 2 10 8 10
left_child=3 2 -2 6 -3 -5 -1
right_child=1 4 -4 5 -6 -7 -8
leaf_value=-8.7885848959786927e-05 7.2957496935829501e-06 -6.4531658662772865e-05 0.00045162240984251127 -0.00013198091768024993 -0.00040958473557364046 5.6776497647046613e-06 -0.00027457704588110059
leaf_weight=4909 2223643 100386 2557 29963 1771 11639 21290
leaf_count=4909 2223643 100386 2557 29963 1771 11639 21290
internal_value=3.46365e-09 4.3698e-06 7.8063e-06 -0.000149939 -7.05175e-05 -9.34683e-05 -0.000239601
internal_weight=2.39616e+06 2.32836e+06 2.2262e+06 67801 102157 41602 26199
internal_count=2396158 2328357 2226200 67801 102157 41602 26199
is_linear=0
shrinkage=0.00720685


Tree=123
num_leaves=8
num_cat=0
split_feature=0 0 2 9 9 18 9
split_gain=30.9129 10.0033 8.49389 6.91566 6.33676 3.22076 2.86358
threshold=-2.1014424562454219 0.26528623700141912 -0.96716311573982228 -0.70714393258094776 1.0244084596633913 -0.0092249186709523184 2.248711466789246
decision_type=2 2 2 8 8 10 10
left_child=2 3 5 -2 -3 -1 -4
right_child=1 4 6 -5 -6 -7 -8
leaf_value=-8.8925085670570118e-05 -4.4582760803976352e-05 2.6690157678288249e-05 -5.3389080007233782e-05 -8.8701015231649018e-07 -2.5193435177645812e-05 -0.00021731336678920034 0.00071883094678490249
leaf_weight=13458 235920 996160 40842 928590 139368 41300 250
leaf_count=13458 235920 996160 40842 928590 139368 41300 250
internal_value=-1.82608e-07 5.10198e-06 -0.000126992 -9.73946e-06 2.03222e-05 -0.000185762 -4.86739e-05
internal_weight=2.39589e+06 2.30004e+06 95850 1.16451e+06 1.13553e+06 54758 41092
internal_count=2395888 2300038 95850 1164510 1135528 54758 41092
is_linear=0
shrinkage=0.00720685


Tree=124
num_leaves=8
num_cat=0
split_feature=1 15 21 9 12 3 18
split_gain=29.0963 8.59811 9.47872 7.9794 6.03818 4.69025 3.66911
threshold=1.3622125983238222 -0.1243816241621971 inf -1.1222331523895261 -1.6318122148513792 0.11204230412840845 3.3161724805831914
decision_type=2 2 8 8 10 10 10
left_child=1 4 -3 6 -1 -5 -2
right_child=3 2 -4 5 -6 -7 -8
leaf_value=-6.3217482796638647e-05 -0.00012580854229611598 2.1048718842030716e-05 0.00046505108134101153 1.5586503831482922e-05 -1.4044570326061635e-06 -7.4591421637903863e-05 -0.00030593195462736355
leaf_weight=89588 64027 1107922 2502 41714 979297 106270 6467
leaf_count=89588 64027 1107922 2502 41714 979297 106270 6467
internal_value=5.61288e-08 8.00499e-06 2.20496e-05 -7.9233e-05 -6.58536e-06 -4.91718e-05 -0.000142337
internal_weight=2.39779e+06 2.17931e+06 1.11042e+06 218478 1.06888e+06 147984 70494
internal_count=2397787 2179309 1110424 218478 1068885 147984 70494
is_linear=0
shrinkage=0.00720685


Tree=125
num_leaves=8
num_cat=0
split_feature=1 7 0 0 7 23 19
split_gain=29.3337 10.9141 9.35841 6.25296 3.35435 3.00339 2.00837
threshold=1.8836454749107363 1.3942345976829531 0.57264313101768505 -5.2207963466644278 0.34308385848999029 -1.4262086153030393 -0.56634193658828724
decision_type=2 2 2 2 2 10 10
left_child=1 2 -1 6 -5 -3 -2
right_child=3 5 -4 4 -6 -7 -8
leaf_value=4.4181911525128639e-07 -0.00013879140713906783 -0.00032937491144493088 3.5936154107937487e-05 -6.3314587459594341e-05 -0.00015416947345570393 -6.5516418958656424e-05 -0.00036033775143088661
leaf_weight=1712377 3049 2298 498018 47658 37887 88451 7030
leaf_count=1712377 3049 2298 498018 47658 37887 88451 7030
internal_value=1.19143e-07 5.25875e-06 8.43897e-06 -0.000123562 -0.000103555 -7.22016e-05 -0.00029334
internal_weight=2.39677e+06 2.30114e+06 2.2104e+06 95624 85545 90749 10079
internal_count=2396768 2301144 2210395 95624 85545 90749 10079
is_linear=0
shrinkage=0.00720685


Tree=126
num_leaves=8
num_cat=0
split_feature=0 9 21 9 0 0 12
split_gain=28.8024 11.0387 8.67888 4.94742 4.79177 3.20899 2.44341
threshold=-2.6863689422607417 -0.68880966305732716 inf 0.45714735984802252 -1.0171745419502256 -5.2207963466644278 -0.69533798098564137
decision_type=2 8 8 8 2 2 10
left_child=3 4 -3 5 -2 -1 -5
right_child=1 2 -4 6 -6 -7 -8
leaf_value=-0.00031205573534508408 -9.2785271216152117e-05 1.1206074411829663e-05 0.00049763472892404303 0.00017919625594718549 -2.0390005947182298e-05 -0.00015510777387815148 -7.0938313516971828e-05
leaf_weight=7979 56233 1965204 1906 2412 305275 44556 12724
leaf_count=7979 56233 1965204 1906 2412 305275 44556 12724
internal_value=6.91588e-07 4.95096e-06 1.16776e-05 -0.000145875 -3.16515e-05 -0.000178951 -3.10677e-05
internal_weight=2.39629e+06 2.32862e+06 1.96711e+06 67671 361508 52535 15136
internal_count=2396289 2328618 1967110 67671 361508 52535 15136
is_linear=0
shrinkage=0.00720685


Tree=127
num_leaves=8
num_cat=0
split_feature=0 0 2 2 19 0 7
split_gain=28.0738 10.0495 7.99652 7.0549 4.92865 3.43476 2.92524
threshold=-1.9501627683639524 0.57264313101768505 -0.96716311573982228 -0.333060473203659 -0.46242707967758173 -4.2782008647918692 -1.1931450963020322
decision_type=2 2 2 2 8 2 2
left_child=2 3 5 -2 -3 -1 -4
right_child=1 4 6 -5 -6 -7 -8
leaf_value=-0.00024618337028770856 -2.415054447745387e-05 6.6849731964413339e-05 0.00027241294776944813 7.3541727997584917e-06 1.8903584660874136e-05 -0.00013019016781733305 -5.3642585128731132e-05
leaf_weight=20088 522242 164802 1475 1259545 343371 39024 45041
leaf_count=20088 522242 164802 1475 1259545 343371 39024 45041
internal_value=8.84169e-07 6.18285e-06 -0.000113987 -1.87986e-06 3.44528e-05 -0.000169612 -4.32976e-05
internal_weight=2.39559e+06 2.28996e+06 105628 1.78179e+06 508173 59112 46516
internal_count=2395588 2289960 105628 1781787 508173 59112 46516
is_linear=0
shrinkage=0.00720685


Tree=128
num_leaves=8
num_cat=0
split_feature=1 2 15 2 7 23 21
split_gain=27.7439 10.4986 8.15241 9.3926 5.27099 3.73968 3.0621
threshold=1.3622125983238222 -1.3369857072830198 -0.13911824673414228 -0.11978618428111075 1.4946500658988955 -0.17940394580364225 -1.022640526294708
decision_type=2 2 2 2 2 8 8
left_child=2 5 4 -4 -1 -2 -3
right_child=1 6 3 -5 -6 -7 -8
leaf_value=-2.6143673000377356e-06 -0.00020173411335036074 8.4504783468101704e-05 -8.6504475374840719e-06 3.5911533041344397e-05 -7.6717636834058446e-05 -0.00010046229783503196 -4.9243925640256402e-05
leaf_weight=998920 33709 9532 362000 764452 52473 43233 131936
leaf_count=998920 33709 9532 362000 764452 52473 43233 131936
internal_value=3.541e-07 -7.70811e-05 8.11991e-06 2.15909e-05 -6.31281e-06 -0.000144833 -4.02314e-05
internal_weight=2.39626e+06 218410 2.17784e+06 1.12645e+06 1.05139e+06 76942 141468
internal_count=2396255 218410 2177845 1126452 1051393 76942 141468
is_linear=0
shrinkage=0.00720685


Tree=129
num_leaves=8
num_cat=0
split_feature=1 2 15 2 6 23 9
split_gain=29.9241 12.9997 7.72301 9.35996 4.73037 4.62729 3.05203
threshold=1.3622125983238222 -0.99378636479377735 -0.094855837523937211 0.098740730434656157 0.48058620095252996 -0.17940394580364225 -1.5165228247642515
decision_type=2 2 2 2 8 8 8
left_child=2 5 4 -4 -1 -2 -3
right_child=1 6 3 -5 -6 -7 -8
leaf_value=4.4492280644536368e-06 -0.00020144083004816569 -0.00011313174368428054 -1.8070619825059421e-06 4.0841923492163462e-05 -2.7418983259826885e-05 -0.00010016036391998639 -1.6135119674759439e-05
leaf_weight=742823 41434 20152 495066 580842 358756 53931 102772
leaf_count=742823 41434 20152 495066 580842 358756 53931 102772
internal_value=-5.80368e-07 -8.10244e-05 7.48401e-06 2.12175e-05 -5.92942e-06 -0.000144166 -3.20376e-05
internal_weight=2.39578e+06 218289 2.17749e+06 1.07591e+06 1.10158e+06 95365 122924
internal_count=2395776 218289 2177487 1075908 1101579 95365 122924
is_linear=0
shrinkage=0.00720685


Tree=130
num_leaves=8
num_cat=0
split_feature=1 2 21 0 1 0 2
split_gain=27.9507 12.9127 10.5102 8.13298 5.8338 5.23222 2.93684
threshold=1.2253659367561343 -1.3369857072830198 inf 0.54521718621253978 -1.9565966129302976 -4.2782008647918692 0.084582366049289717
decision_type=2 2 8 2 2 2 2
left_child=2 5 3 -1 -4 -2 -3
right_child=1 6 4 -5 -6 -7 -8
leaf_value=-2.7419837626163576e-07 -0.00025224799725231316 -5.9842446465863554e-05 0.00064080977889502584 3.1822715830912701e-05 -0.00011612509041087649 -0.00011358808205844276 -8.0305445485510193e-07
leaf_weight=1573502 17827 103720 2094 554528 707 68253 75701
leaf_count=1573502 17827 103720 2094 554528 707 68253 75701
internal_value=-1.76383e-08 -6.97459e-05 8.67051e-06 8.0897e-06 0.000449768 -0.000142307 -3.49329e-05
internal_weight=2.39633e+06 265501 2.13083e+06 2.12803e+06 2801 86080 179421
internal_count=2396332 265501 2130831 2128030 2801 86080 179421
is_linear=0
shrinkage=0.00720685


Tree=131
num_leaves=8
num_cat=0
split_feature=2 8 2 17 7 23 9
split_gain=22.5031 7.42399 7.31727 7.09158 5.84711 4.57213 2.84036
threshold=-0.70574870705604542 1.270885229110718 -2.1804189682006831 0.23586045205593112 -0.055234653875231736 -0.18985222280025479 -3.3638281822204585
decision_type=2 8 2 2 2 8 8
left_child=2 3 6 -2 -3 -4 -1
right_child=1 4 5 -5 -6 -7 -8
leaf_value=-0.00022526381504137387 -5.6904896625419443e-06 9.1938614143729954e-06 -6.5436113551215334e-05 2.4319394217914882e-05 8.8425294670488322e-05 -1.1381144611091249e-05 -9.5653536667789283e-05
leaf_weight=10119 1162315 90094 142586 631017 104478 188998 66476
leaf_count=10119 1162315 90094 142586 631017 104478 188998 66476
internal_value=-5.51345e-07 9.45657e-06 -4.92916e-05 4.86904e-06 5.17386e-05 -3.46258e-05 -0.000112779
internal_weight=2.39608e+06 1.9879e+06 408179 1.79333e+06 194572 331584 76595
internal_count=2396083 1987904 408179 1793332 194572 331584 76595
is_linear=0
shrinkage=0.00720685


Tree=132
num_leaves=8
num_cat=0
split_feature=9 15 21 13 20 9 7
split_gain=19.2522 8.26304 9.28731 5.3462 5.05745 4.94906 1.16446
threshold=-0.70714393258094776 -0.13911824673414228 inf 0.97296303510665905 -1.5878396630287168 -3.3638281822204585 1.7674379348754885
decision_type=8 2 8 8 8 10 2
left_child=3 4 -3 5 -2 -1 -5
right_child=1 2 -4 6 -6 -7 -8
leaf_value=-0.00014768590408164897 -7.0205782827130765e-05 2.1670851729419216e-05 0.00056148894827144104 8.6504056287623865e-05 -2.4123681170820778e-06 -4.5599506675557205e-05 -0.00011197010345364786
leaf_weight=26581 61072 1054187 1657 17840 890733 342091 1679
leaf_count=26581 61072 1054187 1657 17840 890733 342091 1679
internal_value=-3.46518e-07 8.63676e-06 2.25185e-05 -4.68063e-05 -6.76238e-06 -5.29603e-05 6.94256e-05
internal_weight=2.39584e+06 2.00765e+06 1.05584e+06 388191 951805 368672 19519
internal_count=2395840 2007649 1055844 388191 951805 368672 19519
is_linear=0
shrinkage=0.00720685


Tree=133
num_leaves=8
num_cat=0
split_feature=9 17 21 25 25 9 25
split_gain=18.5546 10.2805 10.231 8.60015 7.79526 3.93015 1.59032
threshold=-0.76447647809982289 0.27369283139705664 inf 0.089783508330583586 0.014354820828884842 -3.3638281822204585 -0.13283002376556394
decision_type=8 2 8 10 10 8 8
left_child=1 5 4 -4 -2 -1 -3
right_child=2 6 3 -5 -6 -7 -8
leaf_value=-0.00015475065838527072 -7.1023354094106303e-06 0.00010403815843154097 0.00026568724604486912 0.001389729178170168 2.1144297953652862e-05 -6.0241303618861655e-05 1.1059104035876026e-05
leaf_weight=25105 981848 11095 1554 457 1050224 254821 68784
leaf_count=25105 981848 11095 1554 457 1050224 254821 68784
internal_value=-4.33768e-07 -4.81394e-05 8.00479e-06 0.000521671 7.4962e-06 -6.87179e-05 2.39751e-05
internal_weight=2.39389e+06 359805 2.03408e+06 2011 2.03207e+06 279926 79879
internal_count=2393888 359805 2034083 2011 2032072 279926 79879
is_linear=0
shrinkage=0.00720685


Tree=134
num_leaves=8
num_cat=0
split_feature=1 2 8 19 7 23 2
split_gain=26.1393 12.0042 7.92814 7.24281 5.77775 3.6574 3.08988
threshold=1.3622125983238222 -1.5980249643325803 1.270885229110718 -0.23987191170454022 -0.071638546884059892 -0.17940394580364225 -0.044363776221871369
decision_type=2 2 10 8 2 8 2
left_child=2 5 3 -1 -4 -2 -3
right_child=1 6 4 -5 -6 -7 -8
leaf_value=1.7662659196206465e-05 -0.00021808285528003541 -6.8003126468453229e-05 5.1758682050210238e-06 -1.0036214922492475e-05 8.0971549983176563e-05 -0.00010887046930138778 -2.6510050457625085e-06
leaf_weight=946485 28645 88440 89497 1017320 125461 35881 65337
leaf_count=946485 28645 88440 89497 1017320 125461 35881 65337
internal_value=3.28844e-07 -7.48554e-05 7.86203e-06 3.31366e-06 4.94146e-05 -0.000157356 -4.02366e-05
internal_weight=2.39707e+06 218303 2.17876e+06 1.9638e+06 214958 64526 153777
internal_count=2397066 218303 2178763 1963805 214958 64526 153777
is_linear=0
shrinkage=0.00720685


Tree=135
num_leaves=8
num_cat=0
split_feature=1 9 21 8 25 4 1
split_gain=27.978 8.0768 7.6911 10.1648 7.06036 5.22097 4.57564
threshold=1.2788370251655581 -1.0572271943092344 inf 0.48762010037899023 0.011431879829615356 0.094733200967311873 2.6371937990188603
decision_type=2 8 8 10 8 8 2
left_child=2 6 4 -4 -1 -3 -2
right_child=1 5 3 -5 -6 -7 -8
leaf_value=-6.9673648019816223e-06 -0.00011289140547166951 -6.8931297977172038e-05 -5.722092377176918e-05 0.00080551980902827459 1.9254730977567222e-05 2.2982223370365506e-05 -0.00028051410179010791
leaf_weight=987191 70042 122581 1391 1446 1159963 43484 9620
leaf_count=987191 70042 122581 1391 1446 1159963 43484 9620
internal_value=-6.31908e-07 -7.34814e-05 7.69423e-06 0.000382625 7.19866e-06 -4.48637e-05 -0.000133137
internal_weight=2.39572e+06 245727 2.14999e+06 2837 2.14715e+06 166065 79662
internal_count=2395718 245727 2149991 2837 2147154 166065 79662
is_linear=0
shrinkage=0.00720685


Tree=136
num_leaves=8
num_cat=0
split_feature=0 7 0 25 18 2 15
split_gain=27.9626 12.206 9.06448 4.35924 4.12465 3.31197 2.14283
threshold=-3.3171809911727901 1.1039938330650332 0.65345531702041637 0.25746649503707891 3.3161724805831914 -2.6493028402328487 -1.0003780722618101
decision_type=2 2 2 8 10 2 2
left_child=3 2 -2 5 -3 -1 -5
right_child=1 4 -4 6 -6 -7 -8
leaf_value=-0.00032980720868352738 9.9707806942194365e-07 -5.838903731304309e-05 3.9874951271871697e-05 -0.00024185074962803616 -0.00036017564874500483 -0.00017158112574779252 -3.0400537659493265e-05
leaf_weight=9906 1842215 129124 374859 3116 2395 22445 12364
leaf_count=9906 1842215 129124 374859 3116 2395 22445 12364
internal_value=5.56521e-08 3.5689e-06 7.57051e-06 -0.000172447 -6.38874e-05 -0.00022004 -7.29776e-05
internal_weight=2.39642e+06 2.34859e+06 2.21707e+06 47831 131519 32351 15480
internal_count=2396424 2348593 2217074 47831 131519 32351 15480
is_linear=0
shrinkage=0.00720685


Tree=137
num_leaves=8
num_cat=0
split_feature=9 18 18 9 4 18 18
split_gain=18.5498 20.9709 9.20347 11.9804 7.48654 6.85003 2.55877
threshold=-0.76447647809982289 -0.7758258283138274 -0.23360456526279447 0.45714735984802252 -0.12123744562268256 3.3161724805831914 -1.6346937417984007
decision_type=8 10 10 10 10 10 10
left_child=1 6 3 -2 -4 -3 -1
right_child=2 5 4 -5 -6 -7 -8
leaf_value=0.00026246845066544915 9.1169150111840182e-06 -6.0370259546046364e-05 3.3710285802941012e-06 -4.3683438917028368e-05 4.4001788704216142e-05 -0.00025339009700143454 9.1473275895108906e-05
leaf_weight=5330 778711 314280 448535 312874 496008 9848 30867
leaf_count=5330 778711 314280 448535 312874 496008 9848 30867
internal_value=-1.98906e-07 -4.78623e-05 8.23589e-06 -6.01691e-06 2.47075e-05 -6.62356e-05 0.000116659
internal_weight=2.39645e+06 360325 2.03613e+06 1.09158e+06 944543 324128 36197
internal_count=2396453 360325 2036128 1091585 944543 324128 36197
is_linear=0
shrinkage=0.00720685


Tree=138
num_leaves=8
num_cat=0
split_feature=0 1 23 25 25 0 25
split_gain=25.5729 11.7678 7.58059 7.36178 3.46103 2.47571 1.83622
threshold=-3.3171809911727901 0.87177971005439769 -0.780513435602188 0.011431879829615356 0.25746649503707891 -4.7395145893096915 0.55747935175895702
decision_type=2 2 8 8 8 2 10
left_child=4 3 -3 -2 5 -1 -6
right_child=1 2 -4 -5 6 -7 -8
leaf_value=-0.00028110568186207616 -3.6951696819163874e-06 -0.00011660593237521951 -2.0168470142512114e-05 2.4250387655051817e-05 -2.6669239290662506e-05 -0.00015345494445289902 -0.00020282980956493472
leaf_weight=13334 910594 48561 330190 1059017 11263 19348 4226
leaf_count=13334 910594 48561 330190 1059017 11263 19348 4226
internal_value=8.84229e-07 4.25601e-06 -3.25334e-05 1.13305e-05 -0.000163488 -0.000205543 -7.47438e-05
internal_weight=2.39653e+06 2.34836e+06 378751 1.96961e+06 48171 32682 15489
internal_count=2396533 2348362 378751 1969611 48171 32682 15489
is_linear=0
shrinkage=0.00720685


Tree=139
num_leaves=8
num_cat=0
split_feature=0 7 0 9 0 19 18
split_gain=26.3096 11.1056 9.40031 4.68593 3.89038 3.47679 2.98277
threshold=-2.6863689422607417 1.3942345976829531 0.57264313101768505 0.84735971689224254 -5.2207963466644278 -1.4769880771636961 3.3161724805831914
decision_type=2 2 2 8 2 8 10
left_child=3 2 -2 4 -1 -5 -3
right_child=1 6 -4 5 -6 -7 -8
leaf_value=-0.00031296851481484354 -4.3842284449891461e-07 -6.7065875856222844e-05 3.5072862082613627e-05 0.00099179509721949999 -0.00014310967431915066 -2.8468556430151876e-05 -0.00037164421476087404
leaf_weight=8233 1737021 92041 498216 175 46914 12372 1700
leaf_count=8233 1737021 92041 498216 175 46914 12372 1700
internal_value=1.82966e-07 4.2539e-06 7.47675e-06 -0.000139873 -0.000168474 -1.41627e-05 -7.25934e-05
internal_weight=2.39667e+06 2.32898e+06 2.23524e+06 67694 55147 12547 93741
internal_count=2396672 2328978 2235237 67694 55147 12547 93741
is_linear=0
shrinkage=0.00720685


Tree=140
num_leaves=8
num_cat=0
split_feature=1 2 21 0 5 0 25
split_gain=24.8742 11.2521 7.93867 7.63729 5.30211 4.66477 2.93516
threshold=1.2788370251655581 -1.3369857072830198 inf 0.44204692542552954 -1.1585122942924497 -4.2782008647918692 0.014354820828884842
decision_type=2 2 8 2 10 2 8
left_child=2 5 3 -1 -4 -2 -3
right_child=1 6 4 -5 -6 -7 -8
leaf_value=-2.4790157761928456e-06 -0.00024040186315897244 -6.8881420719599953e-05 0.00056593648779727204 2.6027013490618541e-05 -0.00018825324863654851 -0.00010866888614202903 -7.2426530318520632e-06
leaf_weight=1393705 17799 70626 2129 751300 626 64773 92912
leaf_count=1393705 17799 70626 2129 751300 626 64773 92912
internal_value=1.38056e-07 -6.84892e-05 8.00204e-06 7.50538e-06 0.000394552 -0.000137068 -3.38626e-05
internal_weight=2.39387e+06 246110 2.14776e+06 2.145e+06 2755 82572 163538
internal_count=2393870 246110 2147760 2145005 2755 82572 163538
is_linear=0
shrinkage=0.00720685


Tree=141
num_leaves=8
num_cat=0
split_feature=0 2 15 23 2 18 7
split_gain=27.0105 10.8208 10.0123 6.36248 4.92792 2.45593 2.4148
threshold=-2.6863689422607417 -0.333060473203659 -0.10184058547019957 -0.7193942368030547 -1.6645821332931516 -0.12555280327796933 -1.5724725127220152
decision_type=2 2 2 8 2 10 2
left_child=4 3 -3 -2 5 -1 -6
right_child=1 2 -4 -5 6 -7 -8
leaf_value=-7.4063329332402304e-05 -7.5630581868583812e-05 -4.4283024638264312e-06 3.0503679198874124e-05 -1.1887609470172103e-05 0.00040682495137934506 -0.00024040723777566801 -9.3036944796738696e-05
leaf_weight=5656 96149 836598 868658 527688 508 24961 36645
leaf_count=5656 96149 836598 868658 527688 508 24961 36645
internal_value=-1.56335e-07 3.9705e-06 1.33661e-05 -2.17121e-05 -0.000141984 -0.000209682 -8.61914e-05
internal_weight=2.39686e+06 2.32909e+06 1.70526e+06 623837 67770 30617 37153
internal_count=2396863 2329093 1705256 623837 67770 30617 37153
is_linear=0
shrinkage=0.00720685


Tree=142
num_leaves=8
num_cat=0
split_feature=1 2 2 25 23 23 17
split_gain=26.2417 9.14154 7.19255 6.43082 4.93718 3.27909 1.81454
threshold=1.7280904650688174 -0.27386277914047236 -1.2181448340415952 0.017155314795672897 -0.70756071805953968 -0.1636889651417732 -0.45136280357837671
decision_type=2 2 2 10 8 8 2
left_child=1 4 5 -3 -1 -2 -4
right_child=2 3 6 -5 -6 -7 -8
leaf_value=-6.3447569847554632e-05 -0.00022219629399091305 -3.5880287977343947e-07 -9.4661181957738313e-05 2.8334505319586244e-05 -8.8322783005260309e-06 -0.00011231889740544468 -1.9158537778087167e-05
leaf_weight=102070 25562 779138 28998 846407 544974 31490 38460
leaf_count=102070 25562 779138 28998 846407 544974 31490 38460
internal_value=-1.19148e-07 5.46222e-06 -0.000101991 1.45815e-05 -1.74479e-05 -0.000161552 -5.16159e-05
internal_weight=2.3971e+06 2.27259e+06 124510 1.62554e+06 647044 57052 67458
internal_count=2397099 2272589 124510 1625545 647044 57052 67458
is_linear=0
shrinkage=0.00720685


Tree=143
num_leaves=8
num_cat=0
split_feature=9 21 3 5 23 13 9
split_gain=16.5892 9.29452 7.93496 5.68469 5.38034 4.07552 1.4904
threshold=-0.76447647809982289 inf 0.102032158523798 -1.3070352077484129 -0.79336136579513539 1.0198126435279848 -2.0970844030380245
decision_type=8 8 8 10 8 10 10
left_child=4 2 -2 -3 6 -6 -1
right_child=1 3 -4 -5 5 -7 -8
leaf_value=-0.00019381505728522614 2.0771495764088756e-05 0.00079127223669417173 -7.7654413311357933e-06 -2.6010722812365097e-05 -4.0223495337171255e-05 8.8790946845791695e-05 -9.6089288141568556e-05
leaf_weight=10821 1086922 1265 947024 679 303804 13272 32322
leaf_count=10821 1086922 1265 947024 679 303804 13272 32322
internal_value=-1.58508e-08 7.96061e-06 7.48442e-06 0.000505925 -4.50973e-05 -3.48229e-05 -0.000120605
internal_weight=2.39611e+06 2.03589e+06 2.03395e+06 1944 360219 317076 43143
internal_count=2396109 2035890 2033946 1944 360219 317076 43143
is_linear=0
shrinkage=0.00720685


Tree=144
num_leaves=8
num_cat=0
split_feature=15 12 21 13 13 19 12
split_gain=10.9999 8.76209 8.31952 7.77219 7.07187 5.89601 4.94237
threshold=-0.16921102255582807 0.49991890788078314 inf -0.047099864110350602 0.87722578644752514 -0.31142783164978022 0.57978105545043956
decision_type=2 8 8 8 8 8 10
left_child=4 3 -3 -2 5 -1 -6
right_child=1 2 -4 -5 6 -7 -8
leaf_value=-3.6186855638444284e-07 6.7595564345141425e-05 -1.371128859886325e-05 0.00044598236429322627 1.623971136267987e-05 9.6635677747763814e-06 -3.5441356692454417e-05 0.00011407225756449031
leaf_weight=409977 204935 414336 2054 604635 96131 633206 31187
leaf_count=409977 204935 414336 2054 604635 96131 633206 31187
internal_value=3.35436e-07 1.54224e-05 -1.14426e-05 2.92401e-05 -1.54663e-05 -2.1655e-05 3.52397e-05
internal_weight=2.39646e+06 1.22596e+06 416390 809570 1.1705e+06 1.04318e+06 127318
internal_count=2396461 1225960 416390 809570 1170501 1043183 127318
is_linear=0
shrinkage=0.00720685


Tree=145
num_leaves=8
num_cat=0
split_feature=9 3 12 25 23 13 12
split_gain=17.1468 8.63049 6.15244 5.79093 5.62853 4.6528 2.05048
threshold=-0.76447647809982289 0.45207387208938604 -1.765445291996002 0.060760958120226867 -0.79336136579513539 0.97296303510665905 -3.0024029016494747
decision_type=8 8 8 10 8 8 10
left_child=4 2 -2 -3 6 -6 -1
right_child=1 3 -4 -5 5 -7 -8
leaf_value=0.00093454536962582556 -3.8002417817851883e-05 -3.226892468617861e-05 2.2358491537955878e-05 1.0533841156375543e-05 -4.1902135430742927e-05 8.4989755553209077e-05 -0.0001257698827206736
leaf_weight=94 94177 372682 1276114 293427 301416 15794 42924
leaf_count=94 94177 372682 1276114 293427 301416 15794 42924
internal_value=-2.41862e-07 7.86576e-06 1.821e-05 -1.34139e-05 -4.60749e-05 -3.55838e-05 -0.000123432
internal_weight=2.39663e+06 2.0364e+06 1.37029e+06 666109 360228 317210 43018
internal_count=2396628 2036400 1370291 666109 360228 317210 43018
is_linear=0
shrinkage=0.00720685


Tree=146
num_leaves=8
num_cat=0
split_feature=0 0 1 19 17 19 25
split_gain=24.5383 9.76434 7.6944 4.54156 4.14451 3.15787 2.01533
threshold=-2.6863689422607417 0.39331853389739996 -1.9565966129302976 -0.47834391891956324 0.18882767111063006 0.038920627906918533 -0.81919312477111805
decision_type=2 2 2 8 2 10 8
left_child=4 2 -2 -3 5 -1 -6
right_child=1 3 -4 -5 6 -7 -8
leaf_value=-0.00012650396577952418 0.00035082155527817969 4.7983805545206783e-05 -8.4334734699632942e-06 1.1913366131844009e-05 0.0011138005704460275 -0.00024505852737316997 -2.6922246375450099e-05
leaf_weight=37959 3102 261179 1471636 592782 80 16853 12918
leaf_count=37959 3102 261179 1471636 592782 80 16853 12918
internal_value=-3.83013e-07 3.55221e-06 -7.67757e-06 2.29454e-05 -0.000135523 -0.00016296 -1.98189e-05
internal_weight=2.39651e+06 2.3287e+06 1.47474e+06 853961 67810 54812 12998
internal_count=2396509 2328699 1474738 853961 67810 54812 12998
is_linear=0
shrinkage=0.00720685


Tree=147
num_leaves=8
num_cat=0
split_feature=0 7 25 9 10 0 17
split_gain=24.1038 9.17418 8.04789 7.31511 4.48235 4.01245 2.01955
threshold=-1.8197679519653318 1.1039938330650332 0.011431879829615356 -0.40606540441513056 -0.073234692215919481 -5.2207963466644278 0.22622525691986087
decision_type=2 2 10 8 8 2 2
left_child=3 2 -2 5 -5 -1 -3
right_child=1 6 -4 4 -6 -7 -8
leaf_value=-0.00031483602797904202 -6.8168452760611219e-06 -7.2904634333192939e-05 2.106974910853994e-05 -7.9850745376251961e-05 7.2283501696131293e-05 -0.00013231058017540521 -5.0933033731226185e-06
leaf_weight=6992 1007763 92014 1151866 34146 14258 59387 30331
leaf_count=6992 1007763 92014 1151866 34146 14258 59387 30331
internal_value=-5.08338e-07 4.61744e-06 8.05682e-06 -0.000102412 -3.50366e-05 -0.000151541 -5.60937e-05
internal_weight=2.39676e+06 2.28197e+06 2.15963e+06 114783 48404 66379 122345
internal_count=2396757 2281974 2159629 114783 48404 66379 122345
is_linear=0
shrinkage=0.00720685


Tree=148
num_leaves=8
num_cat=0
split_feature=2 15 2 21 23 10 24
split_gain=19.9076 9.08363 7.19892 5.42431 5.26263 4.95925 2.59602
threshold=-0.70574870705604542 -0.13911824673414228 -3.1011034250259395 inf -0.18985222280025479 1.7198277711868288 -1.3811839222908018
decision_type=2 2 2 8 8 10 2
left_child=2 5 6 -3 -4 -2 -1
right_child=1 3 4 -5 -6 -7 -8
leaf_value=0.00023017016544195923 -2.0038168764439257e-06 2.3847736111411155e-05 -6.8195336292270446e-05 0.00050827465796420099 -1.3986913732543468e-05 -6.7693440945938173e-05 -0.0001681270610573005
leaf_weight=876 885773 1037274 163081 1201 216507 64004 27692
leaf_count=876 885773 1037274 163081 1201 216507 64004 27692
internal_value=2.65423e-07 9.67679e-06 -4.55801e-05 2.44085e-05 -3.72765e-05 -6.43063e-06 -0.000155906
internal_weight=2.39641e+06 1.98825e+06 408156 1.03848e+06 379588 949777 28568
internal_count=2396408 1988252 408156 1038475 379588 949777 28568
is_linear=0
shrinkage=0.00720685


Tree=149
num_leaves=8
num_cat=0
split_feature=2 25 2 15 9 7 4
split_gain=19.5678 8.7953 6.59816 6.29434 4.85312 2.9339 2.5799
threshold=-0.70574870705604542 0.014354820828884842 -2.6493028402328487 0.58323723077774059 0.83526870608329784 0.62247583270072948 -1.9158673882484434
decision_type=2 10 2 2 8 2 10
left_child=2 3 6 -2 -3 -4 -1
right_child=1 4 5 -5 -6 -7 -8
leaf_value=6.0157245978810529e-05 -1.7171288369919251e-05 3.0676061939923401e-05 -2.2272899876832802e-05 2.6224001001605586e-05 -1.0929744679467547e-05 -6.8122674881883013e-05 -0.00014091690467458426
leaf_weight=3586 716245 868119 260337 229140 174960 100460 43624
leaf_count=3586 716245 868119 260337 229140 174960 100460 43624
internal_value=-6.07297e-08 9.26761e-06 -4.55233e-05 -6.65321e-06 2.36973e-05 -3.50395e-05 -0.000125642
internal_weight=2.39647e+06 1.98846e+06 408007 945385 1.04308e+06 360797 47210
internal_count=2396471 1988464 408007 945385 1043079 360797 47210
is_linear=0
shrinkage=0.00720685


Tree=150
num_leaves=8
num_cat=0
split_feature=1 2 8 19 21 9 12
split_gain=23.6765 9.43825 7.34774 6.99738 2.96118 2.75962 2.55521
threshold=1.3622125983238222 -1.7318790555000303 1.270885229110718 -0.35121034085750574 inf -0.91974884271621693 -0.61908194422721852
decision_type=2 2 8 8 8 8 8
left_child=2 6 3 -1 -4 -3 -2
right_child=1 5 4 -5 -6 -7 -8
leaf_value=2.0287065691929683e-05 9.168326357094399e-06 -8.9646349622488216e-05 4.586026525970702e-05 -7.7409585348930876e-06 0.00053305663761934986 -2.3491668856973739e-05 -0.00016367906188232711
leaf_weight=747144 4840 46087 214095 1214933 649 113181 53987
leaf_count=747144 4840 46087 214095 1214933 649 113181 53987
internal_value=1.39793e-07 -7.14492e-05 7.31231e-06 2.93189e-06 4.73351e-05 -4.26353e-05 -0.000149458
internal_weight=2.39492e+06 218095 2.17682e+06 1.96208e+06 214744 159268 58827
internal_count=2394916 218095 2176821 1962077 214744 159268 58827
is_linear=0
shrinkage=0.00720685


Tree=151
num_leaves=8
num_cat=0
split_feature=1 9 15 12 12 4 23
split_gain=22.5034 7.25207 6.71007 5.99418 5.90697 5.77923 3.7406
threshold=1.2253659367561343 -1.4131191372871397 -0.1243816241621971 -1.4533972740173338 0.49991890788078314 0.061951857060194022 0.060374865308403976
decision_type=2 8 2 10 8 8 8
left_child=2 6 3 -1 -4 -3 -2
right_child=1 5 4 -5 -6 -7 -8
leaf_value=-5.4441820471009373e-05 -0.00017447908227935052 -6.350037082340326e-05 3.2574003494810063e-05 1.4773829326072842e-06 -3.2826447338379427e-06 2.4339409972313597e-05 -6.3140728627908654e-05
leaf_weight=111570 37735 148059 742303 925096 351675 52766 26810
leaf_count=111570 37735 148059 742303 925096 351675 52766 26810
internal_value=8.02734e-07 -6.17798e-05 8.59738e-06 -4.54088e-06 2.10474e-05 -4.04207e-05 -0.000128235
internal_weight=2.39601e+06 265370 2.13064e+06 1.03667e+06 1.09398e+06 200825 64545
internal_count=2396014 265370 2130644 1036666 1093978 200825 64545
is_linear=0
shrinkage=0.00720685


Tree=152
num_leaves=8
num_cat=0
split_feature=0 0 21 9 9 25 12
split_gain=22.455 9.96163 7.4932 4.86556 3.84747 3.37265 2.39081
threshold=-3.3171809911727901 0.44204692542552954 inf 1.1373500823974612 0.75221103429794323 -0.01167851500213146 -0.040055092424154275
decision_type=2 2 8 8 8 8 10
left_child=4 2 -2 -3 5 -1 -6
right_child=1 3 -4 -5 6 -7 -8
leaf_value=-0.00026572167379959464 -7.5915826421247203e-06 3.112212203582626e-05 0.00036086107942794369 -2.8887027805898419e-05 0.00015801085883477501 -0.00012923580740703758 -9.6192353164751475e-05
leaf_weight=16017 1594026 674194 2871 78328 2702 22784 6647
leaf_count=16017 1594026 674194 2871 78328 2702 22784 6647
internal_value=1.00712e-07 3.25819e-06 -6.92893e-06 2.48759e-05 -0.000153961 -0.000185583 -2.27126e-05
internal_weight=2.39757e+06 2.34942e+06 1.5969e+06 752522 48150 38801 9349
internal_count=2397569 2349419 1596897 752522 48150 38801 9349
is_linear=0
shrinkage=0.00720685


Tree=153
num_leaves=8
num_cat=0
split_feature=1 0 25 23 9 15 25
split_gain=21.8011 10.8863 6.8068 6.52928 5.94622 5.11137 3.26502
threshold=1.044569253921509 -3.7301558256149288 0.017155314795672897 -0.780513435602188 1.0244084596633913 0.61214795708656322 0.25746649503707891
decision_type=2 2 10 8 8 2 8
left_child=2 6 5 -3 -4 -1 -2
right_child=1 3 4 -5 -6 -7 -8
leaf_value=-1.4019717149182359e-05 -0.00021288245929418576 -0.00012583675305267688 2.715203507238364e-05 -2.5906503233279214e-05 -2.8621517740223661e-05 2.462979072968247e-05 -7.1125534781462475e-05
leaf_weight=749017 26210 38989 963250 263237 110691 233007 12449
leaf_count=749017 26210 38989 963250 263237 110691 233007 12449
internal_value=1.35756e-08 -5.3365e-05 8.86393e-06 -3.87986e-05 2.14034e-05 -4.84922e-06 -0.000167237
internal_weight=2.39685e+06 340885 2.05596e+06 302226 1.07394e+06 982024 38659
internal_count=2396850 340885 2055965 302226 1073941 982024 38659
is_linear=0
shrinkage=0.00720685


Tree=154
num_leaves=8
num_cat=0
split_feature=1 2 7 21 23 18 23
split_gain=21.6036 10.577 7.4132 8.17509 3.33195 3.26452 1.79312
threshold=1.2788370251655581 -1.5980249643325803 1.4946500658988955 inf -0.70756071805953968 -1.1088253855705259 -1.4262086153030393
decision_type=2 2 2 8 8 10 10
left_child=2 5 3 -1 -3 -2 -4
right_child=1 4 6 -5 -6 -7 -8
leaf_value=9.1652010367259317e-06 3.5247208928577248e-05 -0.00011174281136855924 -0.00030468584254583205 0.00041707880077111368 -2.2022335440093447e-05 -0.0001541882263600916 -5.9675807136299359e-05
leaf_weight=2078138 5104 25037 1586 2554 152091 63514 69569
leaf_count=2078138 5104 25037 1586 2554 152091 63514 69569
internal_value=-1.18271e-07 -6.41334e-05 7.19242e-06 9.66611e-06 -3.4705e-05 -0.000140097 -6.51413e-05
internal_weight=2.39759e+06 245746 2.15185e+06 2.08069e+06 177128 68618 71155
internal_count=2397593 245746 2151847 2080692 177128 68618 71155
is_linear=0
shrinkage=0.00720685


Tree=155
num_leaves=8
num_cat=0
split_feature=1 0 0 21 7 1 9
split_gain=22.2688 10.0589 6.94957 6.27153 4.66728 4.25468 1.86869
threshold=1.2509582042694094 -4.2782008647918692 0.68213847279548656 inf 0.3759771883487702 -0.24315753579139707 0.86093452572822582
decision_type=2 2 2 8 2 2 8
left_child=2 6 3 -1 -3 -4 -2
right_child=1 4 5 -5 -6 -7 -8
leaf_value=1.3944593397338422e-06 -0.00021927880137881172 -2.3640044244066785e-05 4.1371865423137498e-05 0.00034147072835366581 -9.2090731115199693e-05 -0.00011483786954222418 -7.0520960264055428e-05
leaf_weight=1792598 23100 148672 337283 2820 79351 9305 5416
leaf_count=1792598 23100 148672 337283 2820 79351 9305 5416
internal_value=3.2737e-08 -6.34203e-05 7.63228e-06 1.9288e-06 -4.7461e-05 3.71777e-05 -0.00019103
internal_weight=2.39854e+06 256539 2.14201e+06 1.79542e+06 228023 346588 28516
internal_count=2398545 256539 2142006 1795418 228023 346588 28516
is_linear=0
shrinkage=0.00720685


Tree=156
num_leaves=8
num_cat=0
split_feature=9 21 8 17 8 7 13
split_gain=16.0326 10.8143 12.0932 8.9666 8.23009 4.98405 1.94287
threshold=-0.74454328417778004 inf 0.51790279150009166 0.26394817233085638 1.270885229110718 0.54575112462043773 0.97296303510665905
decision_type=8 8 10 2 8 2 10
left_child=3 4 -3 5 -2 -1 -5
right_child=1 2 -4 6 -6 -7 -8
leaf_value=-3.5369424673601209e-05 3.3443836153411553e-06 8.2516225070905829e-06 0.0011347839368630575 1.3377517551597603e-05 5.134036414136871e-05 -9.5986466717063785e-05 0.0001501981162946564
leaf_weight=160101 1818132 1048 937 77619 206651 125817 5792
leaf_count=160101 1818132 1048 937 77619 206651 125817 5792
internal_value=8.06367e-07 8.7643e-06 0.00054032 -4.28643e-05 8.24293e-06 -6.2044e-05 2.28801e-05
internal_weight=2.3961e+06 2.02677e+06 1985 369329 2.02478e+06 285918 83411
internal_count=2396097 2026768 1985 369329 2024783 285918 83411
is_linear=0
shrinkage=0.00720685


Tree=157
num_leaves=8
num_cat=0
split_feature=1 2 8 13 23 23 23
split_gain=22.2001 10.6736 7.09719 6.59824 4.29825 2.8676 2.75539
threshold=1.2788370251655581 -2.1804189682006831 1.4578467011451723 0.99569448828697216 -0.70756071805953968 -0.10680082067847251 -0.1636889651417732
decision_type=2 2 8 8 8 8 8
left_child=2 5 3 -1 -3 -2 -4
right_child=1 4 6 -5 -6 -7 -8
leaf_value=-7.5222433968621417e-07 -0.00022484585771602919 -0.00012389154906147643 7.8690172123165568e-05 4.719958666034386e-05 -2.900545400865956e-05 -0.00010968511445335744 2.2056832953268517e-05
leaf_weight=1809125 21796 28971 90133 162422 172038 23177 88369
leaf_count=1809125 21796 28971 90133 162422 172038 23177 88369
internal_value=-2.81906e-07 -6.51377e-05 7.1381e-06 3.1982e-06 -4.26818e-05 -0.000165501 5.06537e-05
internal_weight=2.39603e+06 245982 2.15005e+06 1.97155e+06 201009 44973 178502
internal_count=2396031 245982 2150049 1971547 201009 44973 178502
is_linear=0
shrinkage=0.00720685


Tree=158
num_leaves=8
num_cat=0
split_feature=0 2 1 13 2 4 25
split_gain=21.7863 11.7015 7.83927 6.82631 3.76056 1.87451 1.6487
threshold=-3.7301558256149288 -0.34381052851676935 0.9082603156566621 0.95202666521072399 -2.6493028402328487 -1.4266441464424131 0.19871374964714053
decision_type=2 2 2 8 2 10 8
left_child=4 2 -2 -3 6 -6 -1
right_child=1 3 -4 -5 5 -7 -8
leaf_value=-0.00033396248208464069 -7.3368540762636922e-06 7.5108684480802499e-06 -6.2836657617122262e-05 5.4094189508562882e-05 1.3115543194098626e-05 -0.00014858160997714226 -0.00015883929086110557
leaf_weight=8083 447182 1540122 187656 182776 4488 21852 4271
leaf_count=8083 447182 1540122 187656 182776 4488 21852 4271
internal_value=-7.68655e-08 2.7069e-06 -2.37425e-05 1.24528e-05 -0.000169696 -0.00012103 -0.000273438
internal_weight=2.39643e+06 2.35774e+06 634838 1.7229e+06 38694 26340 12354
internal_count=2396430 2357736 634838 1722898 38694 26340 12354
is_linear=0
shrinkage=0.00720685


Tree=159
num_leaves=8
num_cat=0
split_feature=1 2 8 15 7 23 17
split_gain=21.2652 9.66979 6.80834 6.06917 5.61078 3.61848 3.10825
threshold=1.2788370251655581 -1.3369857072830198 1.270885229110718 0.062070634216070182 -0.055234653875231736 -0.17940394580364225 0.18882767111063006
decision_type=2 2 8 2 2 8 2
left_child=2 5 3 -1 -4 -2 -3
right_child=1 6 4 -5 -6 -7 -8
leaf_value=-8.1281658339699548e-06 -0.00018135268462109996 -4.9526931434826606e-05 3.8517241594624647e-06 1.7734020772254054e-05 7.8217051723936102e-05 -8.5158876600071326e-05 2.3751365634908357e-05
leaf_weight=1130210 36253 123823 94086 808380 119785 46196 39704
leaf_count=1130210 36253 123823 94086 808380 119785 46196 39704
internal_value=-3.40795e-07 -6.38207e-05 6.91349e-06 2.6562e-06 4.55026e-05 -0.000127457 -3.17349e-05
internal_weight=2.39844e+06 245976 2.15246e+06 1.93859e+06 213871 82449 163527
internal_count=2398437 245976 2152461 1938590 213871 82449 163527
is_linear=0
shrinkage=0.00720685


Tree=160
num_leaves=8
num_cat=0
split_feature=1 9 25 19 9 23 17
split_gain=22.2422 7.28424 7.26034 5.80936 5.14266 4.30644 3.9088
threshold=1.201336205005646 -1.4131191372871397 0.017155314795672897 -0.38369950652122492 1.5167080760002138 -0.93219909071922291 0.20681849122047427
decision_type=2 8 10 8 8 8 2
left_child=2 6 3 -1 -4 -3 -2
right_child=1 5 4 -5 -6 -7 -8
leaf_value=1.8393858438777577e-05 -0.00015046188016435501 -0.00014329458225066275 2.3220636543726886e-05 -1.8398797973693164e-05 -6.1383633832331786e-05 -3.0076036205812943e-05 4.7682751551189382e-06
leaf_weight=330586 56283 19214 1069424 684211 38664 189910 9908
leaf_count=330586 56283 19214 1069424 684211 38664 189910 9908
internal_value=-3.8992e-07 -6.13351e-05 7.51402e-06 -6.41298e-06 2.02685e-05 -4.04791e-05 -0.000127226
internal_weight=2.3982e+06 275315 2.12288e+06 1.0148e+06 1.10809e+06 209124 66191
internal_count=2398200 275315 2122885 1014797 1108088 209124 66191
is_linear=0
shrinkage=0.00720685


Tree=161
num_leaves=8
num_cat=0
split_feature=2 15 2 23 19 7 18
split_gain=17.9372 8.43296 7.69924 6.34376 5.87422 3.35323 3.10554
threshold=-1.1461461186408994 -0.1243816241621971 0.098740730434656157 -0.17940394580364225 -0.31142783164978022 0.74546504020690929 -0.76723346114158619
decision_type=2 2 2 8 8 2 10
left_child=3 4 -3 5 -2 -1 -5
right_child=1 2 -4 6 -6 -7 -8
leaf_value=-7.3600160235757795e-05 1.2885445059004297e-05 -1.123423702370241e-06 3.7395020889818558e-05 6.198547245849733e-05 -2.1707002173318895e-05 -0.00016125160458217052 -4.0355765488427795e-05
leaf_weight=70319 422582 480174 614383 17776 642784 33457 115181
leaf_count=70319 422582 480174 614383 17776 642784 33457 115181
internal_value=-7.90183e-08 6.44822e-06 2.04973e-05 -5.96327e-05 -7.98574e-06 -0.00010186 -2.66725e-05
internal_weight=2.39666e+06 2.15992e+06 1.09456e+06 236733 1.06537e+06 103776 132957
internal_count=2396656 2159923 1094557 236733 1065366 103776 132957
is_linear=0
shrinkage=0.00720685


Tree=162
num_leaves=8
num_cat=0
split_feature=0 2 15 0 19 2 19
split_gain=20.732 10.5734 8.91678 6.27557 3.8875 3.23245 1.96117
threshold=-3.3171809911727901 -0.35423469543457026 -0.1243816241621971 -0.87655451893806446 -0.77908954024314869 -2.6493028402328487 -0.93417778611183155
decision_type=2 2 2 2 10 2 10
left_child=4 3 -3 -2 6 -6 -1
right_child=1 2 -4 -5 5 -7 -8
leaf_value=-6.9033908526852018e-05 -7.1850311690749692e-05 -4.4685691690546372e-06 2.8275319613606997e-05 -1.1539339649764767e-05 -0.00028025969046158774 -0.00013653653067311849 0.00018966235750525294
leaf_weight=7524 108693 829828 900906 510359 11646 26919 1907
leaf_count=7524 108693 829828 900906 510359 11646 26919 1907
internal_value=4.04085e-07 3.43278e-06 1.25757e-05 -2.21289e-05 -0.000147871 -0.000179945 -1.67076e-05
internal_weight=2.39778e+06 2.34979e+06 1.73073e+06 619052 47996 38565 9431
internal_count=2397782 2349786 1730734 619052 47996 38565 9431
is_linear=0
shrinkage=0.00720685


Tree=163
num_leaves=8
num_cat=0
split_feature=1 2 21 8 19 1 17
split_gain=20.4976 10.8634 6.55892 11.0125 6.34181 3.56694 3.32392
threshold=1.044569253921509 -1.1839505434036253 inf 0.48762010037899023 -0.35121034085750574 2.247455477714539 0.21629349887371066
decision_type=2 2 8 10 8 2 2
left_child=2 5 4 -4 -1 -2 -3
right_child=1 6 3 -5 -6 -7 -8
leaf_value=2.4236079425578608e-05 -8.7522823273594527e-05 -3.9705892564505887e-05 -0.00010416799789717098 0.00080785937145728742 -1.970861834453913e-06 -0.00018269085398605296 2.367907404768577e-05
leaf_weight=763616 83371 172283 1351 1399 1289400 27108 57248
leaf_count=763616 83371 172283 1351 1399 1289400 27108 57248
internal_value=-3.25004e-07 -5.2159e-05 8.24799e-06 0.000359914 7.77676e-06 -0.000110876 -2.38967e-05
internal_weight=2.39578e+06 340010 2.05577e+06 2750 2.05302e+06 110479 229531
internal_count=2395776 340010 2055766 2750 2053016 110479 229531
is_linear=0
shrinkage=0.00720685


Tree=164
num_leaves=8
num_cat=0
split_feature=0 2 25 23 2 17 23
split_gain=20.2282 9.27087 6.51829 5.2435 5.18381 1.98284 1.82333
threshold=-2.9496417045593257 -0.35423469543457026 0.017155314795672897 -0.66291296482086171 -1.6645821332931516 -0.58186951279640187 0.054282352328300483
decision_type=2 2 10 8 2 2 8
left_child=4 3 -3 -2 6 -6 -1
right_child=1 2 -4 -5 5 -7 -8
leaf_value=-0.00025515993555698618 -6.6484304597754851e-05 -2.3871168460526303e-06 2.5640542927634073e-05 -1.0788111634997391e-05 -0.00015802654678601015 -3.103330473820092e-05 -0.00013649810046832103
leaf_weight=15676 106273 828752 897908 504871 9021 21860 11789
leaf_count=15676 106273 828752 897908 504871 9021 21860 11789
internal_value=3.41648e-07 3.64971e-06 1.2188e-05 -2.04734e-05 -0.000132203 -6.81353e-05 -0.000204233
internal_weight=2.39615e+06 2.3378e+06 1.72666e+06 611144 58346 30881 27465
internal_count=2396150 2337804 1726660 611144 58346 30881 27465
is_linear=0
shrinkage=0.00720685


Tree=165
num_leaves=8
num_cat=0
split_feature=0 7 25 18 25 0 7
split_gain=21.0183 10.0764 7.31805 4.212 3.41173 2.20422 2.09624
threshold=-2.9496417045593257 1.1039938330650332 0.011431879829615356 3.3161724805831914 -0.01463242247700691 -5.2207963466644278 -2.4310249090194698
decision_type=2 2 8 10 8 2 2
left_child=4 2 -2 -3 5 -1 -6
right_child=1 3 -4 -5 6 -7 -8
leaf_value=-0.00036095086170672493 -7.9225395837498411e-06 -5.3510553418632075e-05 1.8429807282268139e-05 -0.00036905085494578165 0.00080783340515828289 -0.00017246910504807648 -9.5437115734050776e-05
leaf_weight=3904 1000197 127016 1208814 2235 133 18488 35933
leaf_count=3904 1000197 127016 1208814 2235 133 18488 35933
internal_value=-4.95416e-07 2.87911e-06 6.49797e-06 -5.89697e-05 -0.000135471 -0.000205346 -9.20844e-05
internal_weight=2.39672e+06 2.33826e+06 2.20901e+06 129251 58458 22392 36066
internal_count=2396720 2338262 2209011 129251 58458 22392 36066
is_linear=0
shrinkage=0.00720685


Tree=166
num_leaves=8
num_cat=0
split_feature=0 7 21 18 25 0 15
split_gain=18.8599 9.66974 7.98646 3.42253 3.16245 2.25868 1.94753
threshold=-3.3171809911727901 1.1039938330650332 inf 3.3161724805831914 0.25311696529388433 -4.7395145893096915 -0.98467293381690968
decision_type=2 2 8 10 8 2 2
left_child=4 2 -2 -3 5 -1 -6
right_child=1 3 -4 -5 6 -7 -8
leaf_value=-0.00025545092030377075 5.9513737702031793e-06 -5.2289922623611137e-05 0.00041295296131949472 -0.00032759892726483037 -0.00021332339193446044 -0.00013253656850788367 -1.6159687741861354e-05
leaf_weight=13093 2215034 128601 2506 2388 3295 19095 12363
leaf_count=13093 2215034 128601 2506 2388 3295 19095 12363
internal_value=-2.84589e-08 2.85733e-06 6.41151e-06 -5.73115e-05 -0.000141676 -0.000182541 -5.76619e-05
internal_weight=2.39638e+06 2.34853e+06 2.21754e+06 130989 47846 32188 15658
internal_count=2396375 2348529 2217540 130989 47846 32188 15658
is_linear=0
shrinkage=0.00720685


Tree=167
num_leaves=8
num_cat=0
split_feature=0 7 0 18 19 7 18
split_gain=19.8706 9.86594 7.57975 3.18191 3.14848 3.37717 3.0575
threshold=-3.3171809911727901 1.3942345976829531 0.68926915526390087 3.3161724805831914 -0.54279524087905873 -1.1931450963020322 2.5119965076446538
decision_type=2 2 2 10 10 2 8
left_child=4 2 -2 -3 6 -6 -1
right_child=1 3 -4 -5 5 -7 -8
leaf_value=-0.0001441621126872532 1.8531749655971298e-07 -6.3018059728506631e-05 3.7540528007949086e-05 -0.00035701084893143367 0.00053226315301707833 -0.00019304709282860636 6.3565334394384448e-05
leaf_weight=9106 1922640 93844 330644 1951 336 32313 6175
leaf_count=9106 1922640 93844 330644 1951 336 32313 6175
internal_value=-3.4249e-07 2.62148e-06 5.6668e-06 -6.90094e-05 -0.000145606 -0.000185567 -6.02197e-05
internal_weight=2.39701e+06 2.34908e+06 2.25328e+06 95795 47930 32649 15281
internal_count=2397009 2349079 2253284 95795 47930 32649 15281
is_linear=0
shrinkage=0.00720685


Tree=168
num_leaves=8
num_cat=0
split_feature=0 7 2 8 7 17 17
split_gain=18.9357 8.453 7.51629 7.41255 2.82607 2.53222 1.94155
threshold=-1.9501627683639524 1.3942345976829531 -0.99378636479377735 1.3138138651847842 -1.1931450963020322 0.22622525691986087 0.26394817233085638
decision_type=2 2 2 8 2 2 2
left_child=2 3 5 -2 -4 -1 -3
right_child=1 6 4 -5 -6 -7 -8
leaf_value=-0.00017081753195808324 2.6262878517168951e-06 -8.2407461878704919e-05 0.00028449516096202876 4.7814005397097821e-05 -3.716725712073599e-05 -4.3145082617603908e-05 -2.4398953860634836e-06
leaf_weight=48458 1991574 69713 1463 208262 45835 9682 20380
leaf_count=48458 1991574 69713 1463 208262 45835 9682 20380
internal_value=-2.45844e-07 4.10215e-06 -9.46761e-05 6.90431e-06 -2.72117e-05 -0.000149558 -6.43184e-05
internal_weight=2.39537e+06 2.28993e+06 105438 2.19984e+06 47298 58140 90093
internal_count=2395367 2289929 105438 2199836 47298 58140 90093
is_linear=0
shrinkage=0.00720685


Tree=169
num_leaves=8
num_cat=0
split_feature=0 2 19 1 19 2 13
split_gain=18.8306 10.5359 7.49496 6.50267 4.12886 2.97365 1.91509
threshold=-3.3171809911727901 -0.28273944556713099 -0.34230117499828333 0.87177971005439769 -0.54279524087905873 -2.6493028402328487 -3.5807029008865352
decision_type=2 2 8 2 10 2 10
left_child=4 3 -3 -2 6 -6 -1
right_child=1 2 -4 -5 5 -7 -8
leaf_value=0.00014167346865868921 -6.9333154916995177e-06 3.2490810992675809e-05 8.1442756955935265e-07 -5.5992044251126325e-05 -0.00029508112371313169 -0.00014342767547718139 -7.9183590850396757e-05
leaf_weight=2421 489461 616798 1045702 196734 9497 22944 12902
leaf_count=2421 489461 616798 1045702 196734 9497 22944 12902
internal_value=-1.2078e-07 2.76014e-06 1.25666e-05 -2.09987e-05 -0.000141782 -0.000187832 -4.42804e-05
internal_weight=2.39646e+06 2.3487e+06 1.6625e+06 686195 47764 32441 15323
internal_count=2396459 2348695 1662500 686195 47764 32441 15323
is_linear=0
shrinkage=0.00720685


Tree=170
num_leaves=8
num_cat=0
split_feature=15 21 16 18 15 19 19
split_gain=9.20515 8.1644 9.51073 7.33283 6.51764 6.16606 2.23443
threshold=-0.16921102255582807 inf 0.59062501788139354 3.0491762161254887 0.10622823983430864 -0.31142783164978022 -0.52101391553878773
decision_type=2 8 2 10 2 8 10
left_child=3 2 -2 5 -3 -1 -5
right_child=1 4 -4 6 -6 -7 -8
leaf_value=7.6369553463031289e-06 2.3236372526700205e-05 0.00076777977212669007 -2.5838686817424994e-05 -3.5460983540188389e-05 3.8439015953884504e-05 -2.6343186820991614e-05 -0.00026520819132374299
leaf_weight=459483 963059 1337 260611 3057 1214 699770 7835
leaf_count=459483 963059 1337 260611 3057 1214 699770 7835
internal_value=-1.64253e-07 1.36338e-05 1.27846e-05 -1.46236e-05 0.000420845 -1.28748e-05 -0.000200737
internal_weight=2.39637e+06 1.22622e+06 1.22367e+06 1.17014e+06 2551 1.15925e+06 10892
internal_count=2396366 1226221 1223670 1170145 2551 1159253 10892
is_linear=0
shrinkage=0.00720685


Tree=171
num_leaves=8
num_cat=0
split_feature=1 2 8 13 23 11 13
split_gain=17.5311 9.8703 6.63816 6.04621 4.56719 2.95761 2.91383
threshold=1.044569253921509 -1.1461461186408994 1.270885229110718 0.97296303510665905 -0.25708775222301478 0.17485917359590533 -0.28242577612400049
decision_type=2 2 8 10 8 8 10
left_child=2 4 3 -1 -2 -3 -4
right_child=1 5 6 -5 -6 -7 -8
leaf_value=-5.5573582680907833e-07 -0.00015985766074074845 1.0391317540248342e-05 9.6782328003002928e-05 4.464773815857644e-05 -6.6216568436426108e-05 -4.2362624381591032e-05 3.2052287856684734e-05
leaf_weight=1678732 44257 94564 46404 169171 69598 132590 162983
leaf_count=1678732 44257 94564 46404 169171 69598 132590 162983
internal_value=7.31895e-09 -4.78515e-05 7.94026e-06 3.58254e-06 -0.000102617 -2.04011e-05 4.63981e-05
internal_weight=2.3983e+06 341009 2.05729e+06 1.8479e+06 113855 227154 209387
internal_count=2398299 341009 2057290 1847903 113855 227154 209387
is_linear=0
shrinkage=0.00720685


Tree=172
num_leaves=8
num_cat=0
split_feature=1 2 19 15 2 9 23
split_gain=18.4677 7.45717 7.19169 6.15395 5.38781 3.61472 2.35862
threshold=1.5631529688835146 -1.9753684401512144 -0.35569505393505091 -0.16921102255582807 0.0071533282753080138 2.248711466789246 0.060374865308403976
decision_type=2 2 8 2 2 10 8
left_child=2 6 4 -4 -1 -3 -2
right_child=1 5 3 -5 -6 -7 -8
leaf_value=1.0373788215514828e-06 -0.00020186855618062454 -4.8185916197597363e-05 -2.015503484322021e-05 9.908301294969953e-06 3.8506575710091409e-05 0.00045540891650428612 -9.2942700582150946e-05
leaf_weight=346741 24675 118506 669680 749384 468823 744 17760
leaf_count=346741 24675 118506 669680 749384 468823 744 17760
internal_value=1.40638e-07 -7.42376e-05 5.52227e-06 -4.27907e-06 2.25764e-05 -4.50402e-05 -0.000156284
internal_weight=2.39631e+06 161685 2.23463e+06 1.41906e+06 815564 119250 42435
internal_count=2396313 161685 2234628 1419064 815564 119250 42435
is_linear=0
shrinkage=0.00720685


Tree=173
num_leaves=8
num_cat=0
split_feature=1 2 0 21 9 0 9
split_gain=19.9594 8.5159 6.5327 6.32142 5.19224 4.055 2.66239
threshold=1.2788370251655581 -0.99378636479377735 0.46019251644611364 inf 1.4739825129508974 -4.7395145893096915 0.39524881541728979
decision_type=2 2 2 8 8 2 8
left_child=2 5 3 -1 -4 -2 -3
right_child=1 6 4 -5 -6 -7 -8
leaf_value=-1.9467476646828136e-06 -0.00022379693039479266 -4.8191599060583779e-05 2.9749635996880533e-05 0.00033888431966239819 -6.0988859448451791e-05 -9.2778039402086057e-05 1.6676193267604544e-05
leaf_weight=1432547 14236 91624 680917 2831 34408 88818 51240
leaf_count=1432547 14236 91624 680917 2831 34408 88818 51240
internal_value=5.59802e-07 -6.09457e-05 7.59257e-06 -1.27429e-06 2.53849e-05 -0.000110879 -2.49258e-05
internal_weight=2.39662e+06 245918 2.1507e+06 1.43538e+06 715325 103054 142864
internal_count=2396621 245918 2150703 1435378 715325 103054 142864
is_linear=0
shrinkage=0.00720685


Tree=174
num_leaves=8
num_cat=0
split_feature=1 2 25 21 6 21 18
split_gain=18.2905 8.22134 7.09778 5.59132 4.72611 3.04003 2.5571
threshold=1.2788370251655581 -1.9753684401512144 0.017155314795672897 inf 0.12691871076822284 -1.2927485108375547 -0.75841018557548512
decision_type=2 2 8 8 8 8 10
left_child=2 6 4 -4 -1 -3 -2
right_child=1 5 3 -5 -6 -7 -8
leaf_value=7.1866007693909621e-06 2.1855315161553596e-05 0.00016208184156306566 1.8750504536653703e-05 0.00052462277980052751 -2.417238426122375e-05 -4.1062321345381796e-05 -0.00015448952031862356
leaf_weight=552446 4690 3904 1141883 1135 455363 189540 47731
leaf_count=552446 4690 3904 1141883 1135 455363 189540 47731
internal_value=2.28739e-07 -5.86564e-05 6.96004e-06 1.92533e-05 -6.98246e-06 -3.69617e-05 -0.000138712
internal_weight=2.39669e+06 245865 2.15083e+06 1.14302e+06 1.00781e+06 193444 52421
internal_count=2396692 245865 2150827 1143018 1007809 193444 52421
is_linear=0
shrinkage=0.00720685


Tree=175
num_leaves=8
num_cat=0
split_feature=0 1 0 4 17 7 22
split_gain=19.0416 9.36565 5.68312 5.66339 2.5143 2.0423 1.48652
threshold=-3.7301558256149288 0.87177971005439769 0.66053268313407909 0.24102853983640674 0.18882767111063006 -1.1931450963020322 -0.11675648763775824
decision_type=2 2 2 8 2 2 2
left_child=4 2 -2 -3 5 -1 -6
right_child=1 3 -4 -5 6 -7 -8
leaf_value=0.00039447744377677581 3.0797242353082936e-06 -4.4852377187274419e-05 3.4265319960658864e-05 2.0380584578340729e-05 0.00013852913722530008 -0.00019064697507519058 -9.9212470553456021e-05
leaf_weight=312 1593144 297992 374936 90001 1910 31747 4789
leaf_count=312 1593144 297992 374936 90001 1910 31747 4789
internal_value=3.45355e-08 2.64101e-06 9.02087e-06 -2.97205e-05 -0.000158407 -0.00018494 -3.14144e-05
internal_weight=2.39483e+06 2.35607e+06 1.96808e+06 387993 38758 32059 6699
internal_count=2394831 2356073 1968080 387993 38758 32059 6699
is_linear=0
shrinkage=0.00720685


Tree=176
num_leaves=8
num_cat=0
split_feature=7 19 25 17 17 8 17
split_gain=12.1944 8.07214 7.19963 4.71526 2.75933 3.18053 2.02808
threshold=1.1039938330650332 -0.35569505393505091 0.017155314795672897 4.8196761608123788 0.26394817233085638 -0.91731548309326161 1.8854702711105349
decision_type=2 8 8 2 2 8 2
left_child=1 3 -3 -1 5 -2 -6
right_child=4 2 -4 -5 6 -7 -8
leaf_value=2.2803908217575594e-05 -0.00019569622823493475 -2.389818010417606e-05 8.4282711285817589e-06 -0.00024988303757037602 2.225185676465061e-05 -6.9130963238251786e-05 -0.00012918369552520517
leaf_weight=814139 11518 671164 766502 3306 25262 98515 5613
leaf_count=814139 11518 671164 766502 3306 25262 98515 5613
internal_value=-4.45709e-07 3.61839e-06 -6.66309e-06 2.17008e-05 -6.54879e-05 -8.23813e-05 -5.28103e-06
internal_weight=2.39602e+06 2.25511e+06 1.43767e+06 817445 140908 110033 30875
internal_count=2396019 2255111 1437666 817445 140908 110033 30875
is_linear=0
shrinkage=0.00720685


Tree=177
num_leaves=8
num_cat=0
split_feature=0 2 15 23 25 2 15
split_gain=17.3462 10.2885 7.50438 5.70887 3.14501 2.51862 1.59544
threshold=-3.7301558256149288 -0.34381052851676935 -0.17638228833675382 -0.780513435602188 0.25746649503707891 -2.6493028402328487 -0.56377208232879628
decision_type=2 2 2 8 8 2 2
left_child=4 3 -3 -2 5 -1 -6
right_child=1 2 -4 -5 6 -7 -8
leaf_value=-0.00029538743260475609 -7.6822017135555714e-05 -4.9303158120056914e-06 2.5295018019001446e-05 -1.37329281522801e-05 -0.00013574308340280437 -0.00014586571815783007 2.7240367774243887e-05
leaf_weight=8792 86222 778044 944627 547751 6453 17507 6037
leaf_count=8792 86222 778044 944627 547751 6453 17507 6037
internal_value=2.06433e-08 2.50875e-06 1.16437e-05 -2.23134e-05 -0.000151141 -0.000195862 -5.69674e-05
internal_weight=2.39543e+06 2.35664e+06 1.72267e+06 633973 38789 26299 12490
internal_count=2395433 2356644 1722671 633973 38789 26299 12490
is_linear=0
shrinkage=0.00720685


Tree=178
num_leaves=8
num_cat=0
split_feature=0 0 2 13 19 19 11
split_gain=16.8819 7.71034 6.30893 5.77998 3.68144 2.69774 2.13314
threshold=-2.2573887109756465 0.55570355057716381 -0.96716311573982228 0.94210061430931102 -0.47834391891956324 -1.3722611665725706 1.9079732894897463
decision_type=2 2 2 8 8 8 10
left_child=2 3 5 -2 -3 -1 -4
right_child=1 4 6 -5 -6 -7 -8
leaf_value=0.00026278583410114571 -7.0340729237989311e-06 5.5782536281375633e-05 -3.2157586754611414e-05 4.3773886208033799e-05 1.5033323919779506e-05 -0.00015649640603339902 0.00042592870017588521
leaf_weight=809 1647370 167242 35503 125125 369714 50311 535
leaf_count=809 1647370 167242 35503 125125 369714 50311 535
internal_value=8.45293e-08 3.80039e-06 -9.83745e-05 -3.44737e-06 2.77253e-05 -0.000149856 -2.53454e-05
internal_weight=2.39661e+06 2.30945e+06 87158 1.7725e+06 536956 51120 36038
internal_count=2396609 2309451 87158 1772495 536956 51120 36038
is_linear=0
shrinkage=0.00720685


Tree=179
num_leaves=8
num_cat=0
split_feature=9 18 18 21 9 18 9
split_gain=12.7114 19.1038 9.79562 12.1368 11.5718 5.5207 2.25868
threshold=-0.76447647809982289 -0.82066431641578663 -0.22486788034439084 inf 0.46519780158996588 3.3161724805831914 -1.6477690339088438
decision_type=8 8 10 8 10 8 10
left_child=1 6 4 -4 -2 -3 -1
right_child=2 5 3 -5 -6 -7 -8
leaf_value=0.00026966265229504794 6.9265295196431256e-06 -5.1127889426637328e-05 2.2886667464074592e-05 0.00063060865999293168 -4.5011202240124705e-05 -0.00022295596020605228 0.00010005529326674402
leaf_weight=4749 789856 316927 933814 1709 310349 10018 28867
leaf_count=4749 789856 316927 933814 1709 310349 10018 28867
internal_value=-1.32008e-07 -3.95725e-05 6.85356e-06 2.39975e-05 -7.72422e-06 -5.63936e-05 0.000124024
internal_weight=2.39629e+06 360561 2.03573e+06 935523 1.1002e+06 326945 33616
internal_count=2396289 360561 2035728 935523 1100205 326945 33616
is_linear=0
shrinkage=0.00720685


Tree=180
num_leaves=8
num_cat=0
split_feature=2 25 2 19 9 10 8
split_gain=15.4511 8.1679 5.64539 5.27677 4.63398 2.88222 2.25075
threshold=-0.70574870705604542 0.014354820828884842 -3.1011034250259395 -0.37859816849231714 1.0081212520599367 -2.0491511821746822 -0.96237280964851368
decision_type=2 10 2 8 8 10 8
left_child=2 3 6 -2 -3 -4 -1
right_child=1 4 5 -5 -6 -7 -8
leaf_value=-0.00027678034116377921 1.7132470436306082e-05 2.7158756811839719e-05 0.0001260967717647854 -1.9371613668966515e-05 -1.9702694021420661e-05 -3.610218912855986e-05 -0.00010903235789577134
leaf_weight=5044 302579 919021 5777 642180 124440 374267 23561
leaf_count=5044 302579 919021 5777 642180 124440 374267 23561
internal_value=-6.24632e-07 7.67093e-06 -4.09854e-05 -7.68038e-06 2.15702e-05 -3.36362e-05 -0.000138621
internal_weight=2.39687e+06 1.98822e+06 408649 944759 1.04346e+06 380044 28605
internal_count=2396869 1988220 408649 944759 1043461 380044 28605
is_linear=0
shrinkage=0.00720685


Tree=181
num_leaves=8
num_cat=0
split_feature=0 0 7 19 25 19 0
split_gain=17.2544 8.7379 6.34731 4.29051 3.51716 2.11326 1.82482
threshold=-3.3171809911727901 0.53417828679084789 1.3942345976829531 -0.47834391891956324 -0.01167851500213146 -0.54279524087905873 -5.2207963466644278
decision_type=2 2 2 8 8 10 2
left_child=4 2 -2 -3 6 -6 -1
right_child=1 3 -4 -5 5 -7 -8
leaf_value=-0.00035090303567496674 -2.0976720805198019e-06 5.6510614728783339e-05 -6.5925733874209479e-05 1.3949917692353513e-05 -8.1506082355129401e-06 -0.00013391938004149028 -0.00017583268032806735
leaf_weight=3917 1689962 178604 84989 395318 11192 18262 14713
leaf_count=3917 1689962 178604 84989 395318 11192 18262 14713
internal_value=-1.64167e-08 2.75013e-06 -5.15396e-06 2.71949e-05 -0.000135158 -8.61321e-05 -0.000212659
internal_weight=2.39696e+06 2.34887e+06 1.77495e+06 573922 48084 29454 18630
internal_count=2396957 2348873 1774951 573922 48084 29454 18630
is_linear=0
shrinkage=0.00720685


Tree=182
num_leaves=8
num_cat=0
split_feature=0 1 9 2 2 9 18
split_gain=18.1631 9.48832 5.81442 5.2203 2.78237 1.63824 1.34318
threshold=-3.7301558256149288 0.92697444558143627 1.0415073633193972 -0.67104282975196827 -1.9753684401512144 1.5618605017662051 3.3161724805831914
decision_type=2 2 10 2 2 10 10
left_child=4 2 -2 -3 6 -6 -1
right_child=1 3 -4 -5 5 -7 -8
leaf_value=-0.00020271239426015642 1.2909565365159238e-05 -6.4913583356210051e-05 -2.6591737625448755e-05 -8.891917101335351e-06 -0.00010669935320624172 0.00039988766243984796 -0.00043608215548889722
leaf_weight=16370 1782189 145553 217119 212552 20806 336 1390
leaf_count=16370 1782189 145553 217119 212552 20806 336 1390
internal_value=-4.81215e-08 2.5007e-06 8.61982e-06 -3.16623e-05 -0.000154501 -9.86297e-05 -0.000221001
internal_weight=2.39632e+06 2.35741e+06 1.99931e+06 358105 38902 21142 17760
internal_count=2396315 2357413 1999308 358105 38902 21142 17760
is_linear=0
shrinkage=0.00720685


Tree=183
num_leaves=8
num_cat=0
split_feature=1 2 25 19 21 23 9
split_gain=17.1724 7.3244 6.32314 5.83208 4.87873 4.51556 2.73842
threshold=1.2253659367561343 -0.42095419764518732 0.017155314795672897 -0.38369950652122492 inf -0.10087016597390173 1.3645493984222414
decision_type=2 2 8 8 8 8 10
left_child=2 5 3 -1 -4 -2 -3
right_child=1 6 4 -5 -6 -7 -8
leaf_value=1.8433373500532387e-05 -0.00012970890346038796 -2.0750810167286116e-05 1.8029519899693957e-05 -1.8599726985432193e-05 0.00048932853819346823 -5.083231650110758e-05 0.00011645951062432646
leaf_weight=329734 70340 105739 1131113 668967 1141 81237 8135
leaf_count=329734 70340 105739 1131113 668967 1141 81237 8135
internal_value=3.65826e-08 -5.46241e-05 6.84564e-06 -6.37274e-06 1.85049e-05 -8.74361e-05 -1.09476e-05
internal_weight=2.39641e+06 265451 2.13096e+06 998701 1.13225e+06 151577 113874
internal_count=2396406 265451 2130955 998701 1132254 151577 113874
is_linear=0
shrinkage=0.00720685


Tree=184
num_leaves=8
num_cat=0
split_feature=0 0 1 19 19 18 7
split_gain=18.2252 9.22141 8.13457 3.92967 3.66143 3.51252 2.21985
threshold=-3.7301558256149288 0.33724786341190344 -2.052476048469543 -0.53158211708068837 -0.74748829007148732 3.0491762161254887 0.74546504020690929
decision_type=2 2 2 8 10 10 2
left_child=4 2 -2 -3 5 -1 -6
right_child=1 3 -4 -5 6 -7 -8
leaf_value=-5.5442734948552038e-05 0.00045244746614277621 4.348992610263735e-05 -1.0642823516930269e-05 1.043331278287103e-05 -0.00015112952558460802 0.00061592580030715781 -0.00028451788493328022
leaf_weight=7785 1972 251743 1378862 723813 21163 426 9344
leaf_count=7785 1972 251743 1378862 723813 21163 426 9344
internal_value=-5.46205e-07 2.00212e-06 -9.98115e-06 1.89637e-05 -0.000155635 -2.05411e-05 -0.000191993
internal_weight=2.39511e+06 2.35639e+06 1.38083e+06 975556 38718 8211 30507
internal_count=2395108 2356390 1380834 975556 38718 8211 30507
is_linear=0
shrinkage=0.00720685


Tree=185
num_leaves=8
num_cat=0
split_feature=2 19 23 7 18 8 2
split_gain=13.8993 7.4959 5.8488 4.35866 4.2886 4.11807 2.97556
threshold=-0.68878677487373341 -0.16148427128791806 -0.18455987423658368 -0.083936583250761018 -0.24981831759214398 -0.57158538699150074 -3.1011034250259395
decision_type=2 8 8 2 10 10 2
left_child=2 4 5 -3 -2 -1 -4
right_child=1 3 6 -5 -6 -7 -8
leaf_value=-0.00011716288268623032 7.3519695726858157e-06 -2.3167515345029617e-05 -0.00011043701683974234 8.0383953324954368e-06 3.6550629551284646e-05 -4.4219373304202395e-05 -7.1680962443096485e-06
leaf_weight=60143 544019 441118 15512 491485 502678 121229 220153
leaf_count=60143 544019 441118 15512 491485 502678 121229 220153
internal_value=1.69118e-07 8.13621e-06 -3.76434e-05 -6.72187e-06 2.13747e-05 -6.84081e-05 -1.3966e-05
internal_weight=2.39634e+06 1.9793e+06 417037 932603 1.0467e+06 181372 235665
internal_count=2396337 1979300 417037 932603 1046697 181372 235665
is_linear=0
shrinkage=0.00720685


Tree=186
num_leaves=8
num_cat=0
split_feature=1 7 11 2 18 18 7
split_gain=16.2986 8.38899 6.6774 4.56548 2.03393 1.521 1.2417
threshold=2.0032916069030766 1.3078627586364748 2.064728975296021 -1.6645821332931516 1.4325076341629031 -0.046767350286245339 -0.87582707405090321
decision_type=2 2 8 2 10 10 2
left_child=1 2 -1 5 -3 -2 -5
right_child=3 4 -4 6 -6 -7 -8
leaf_value=5.7792593503870449e-06 -6.5897422824598979e-05 -4.4667291902191848e-05 0.00020190851251261822 9.9291634515686556e-05 -0.00012614343862620613 -0.00019312298804473858 -6.5540801820883519e-05
leaf_weight=2209455 6025 80664 9052 2511 19825 25738 43127
leaf_count=2209455 6025 80664 9052 2511 19825 25738 43127
internal_value=2.28555e-07 3.6623e-06 6.57961e-06 -0.000102648 -6.07426e-05 -0.000168994 -5.64693e-05
internal_weight=2.3964e+06 2.319e+06 2.21851e+06 77401 100489 31763 45638
internal_count=2396397 2318996 2218507 77401 100489 31763 45638
is_linear=0
shrinkage=0.00720685


Tree=187
num_leaves=8
num_cat=0
split_feature=0 2 15 0 2 17 0
split_gain=16.1697 9.50724 8.90495 5.05485 2.59464 1.93104 1.84542
threshold=-3.7301558256149288 -0.333060473203659 -0.094855837523937211 -0.87655451893806446 -2.6493028402328487 -0.49919074773788447 -5.2207963466644278
decision_type=2 2 2 2 2 2 2
left_child=4 3 -3 -2 6 -6 -1
right_child=1 2 -4 -5 5 -7 -8
leaf_value=-0.00035021007352319241 -6.3897237220779439e-05 -5.0081065516276312e-06 2.7849753123149677e-05 -1.1427502487403702e-05 -0.00019021252545191249 -6.0369128867898527e-05 -0.00016642687380665532
leaf_weight=4411 116382 849183 864529 528031 9105 17166 7967
leaf_count=4411 116382 849183 864529 528031 9105 17166 7967
internal_value=2.97784e-07 2.69427e-06 1.15679e-05 -2.09037e-05 -0.000145917 -0.000105376 -0.000231943
internal_weight=2.39677e+06 2.35812e+06 1.71371e+06 644413 38649 26271 12378
internal_count=2396774 2358125 1713712 644413 38649 26271 12378
is_linear=0
shrinkage=0.00720685


Tree=188
num_leaves=8
num_cat=0
split_feature=1 2 21 9 7 1 21
split_gain=15.8603 8.10184 6.80333 5.71236 5.67106 3.46944 3.13486
threshold=1.044569253921509 -1.1461461186408994 inf 1.6707509756088259 1.2276396155357363 2.8717339038848881 -0.92423057556152333
decision_type=2 2 8 10 2 2 8
left_child=2 5 3 -1 -4 -2 -3
right_child=1 6 4 -5 -6 -7 -8
leaf_value=9.1963831617820892e-06 -8.5190047166225531e-05 6.0031283994587289e-05 0.00047898963855411825 -7.098025903156222e-05 -0.0005406285083136707 -0.0002582286361614357 -2.9293240182785572e-05
leaf_weight=2006105 107389 22670 2482 47240 319 6375 204287
leaf_count=2006105 107389 22670 2482 47240 319 6375 204287
internal_value=2.89421e-07 -4.52519e-05 7.83604e-06 7.35177e-06 0.000362715 -9.48889e-05 -2.03706e-05
internal_weight=2.39687e+06 340721 2.05615e+06 2.05334e+06 2801 113764 226957
internal_count=2396867 340721 2056146 2053345 2801 113764 226957
is_linear=0
shrinkage=0.00720685


Tree=189
num_leaves=8
num_cat=0
split_feature=2 0 19 18 23 23 23
split_gain=14.5918 10.7185 7.23505 5.00757 4.40477 4.26761 3.13443
threshold=-0.70574870705604542 -1.6976040005683897 -0.35569505393505091 -0.25760702788829798 1.2950605750083926 -0.18985222280025479 0.028934780508279804
decision_type=2 2 8 10 10 8 8
left_child=1 6 3 -2 -4 -3 -1
right_child=2 5 4 -5 -6 -7 -8
leaf_value=-0.00015901735006106115 8.0969825547897191e-06 -5.0932148591439466e-05 1.4000125860206844e-06 4.6247708589948944e-05 -5.4628475705047808e-05 1.1604798567977116e-06 -6.5790653279806423e-05
leaf_weight=41098 367877 144173 1195055 347488 77610 188441 34424
leaf_count=41098 367877 144173 1195055 347488 77610 188441 34424
internal_value=2.32821e-07 -3.90181e-05 8.29093e-06 2.66287e-05 -2.01675e-06 -2.14193e-05 -0.000116525
internal_weight=2.39617e+06 408136 1.98803e+06 715365 1.27266e+06 332614 75522
internal_count=2396166 408136 1988030 715365 1272665 332614 75522
is_linear=0
shrinkage=0.00720685


Tree=190
num_leaves=8
num_cat=0
split_feature=0 7 8 18 19 9 18
split_gain=16.6603 9.10532 7.44259 4.19575 3.19113 3.23463 3.15337
threshold=-3.7301558256149288 1.3942345976829531 1.1904942989349367 3.3161724805831914 -0.54279524087905873 -2.7730346918106075 2.5119965076446538
decision_type=2 2 8 10 10 8 8
left_child=4 2 -2 -3 6 -6 -1
right_child=1 3 -4 -5 5 -7 -8
leaf_value=-0.0001534278303341024 3.8036413685265144e-07 -5.9424169535640849e-05 4.30015620105467e-05 -0.00038451780462293644 -0.0003458879159684683 -0.00015189065636379067 7.7827779196948269e-05
leaf_weight=7153 2019843 94707 237854 2107 5720 20342 5354
leaf_count=7153 2019843 94707 237854 2107 5720 20342 5354
internal_value=-4.9796e-07 1.93582e-06 4.87064e-06 -6.65033e-05 -0.000149069 -0.00019448 -5.44314e-05
internal_weight=2.39308e+06 2.35451e+06 2.2577e+06 96814 38569 26062 12507
internal_count=2393080 2354511 2257697 96814 38569 26062 12507
is_linear=0
shrinkage=0.00720685


Tree=191
num_leaves=8
num_cat=0
split_feature=0 25 15 2 21 2 4
split_gain=15.3412 7.73866 5.73715 5.72353 5.67773 2.94584 2.43106
threshold=-1.9501627683639524 0.017155314795672897 0.58323723077774059 0.042367141693830497 inf -2.6493028402328487 -1.3747807145118711
decision_type=2 8 2 2 8 2 8
left_child=3 2 -2 5 -3 -1 -5
right_child=1 4 -4 6 -6 -7 -8
leaf_value=-0.00018270161043989548 -1.9649976866580815e-05 1.5700694130469915e-05 1.9619769415936491e-05 0.00028600670526902439 0.00052861798898768005 -8.6211205937523224e-05 -2.4377507895632522e-06
leaf_weight=22403 817764 1219966 253011 1641 1121 61693 20040
leaf_count=22403 817764 1219966 253011 1641 1121 61693 20040
internal_value=-1.45471e-07 3.77091e-06 -1.0371e-05 -8.50009e-05 1.6172e-05 -0.000111918 1.94045e-05
internal_weight=2.39764e+06 2.29186e+06 1.07078e+06 105777 1.22109e+06 84096 21681
internal_count=2397639 2291862 1070775 105777 1221087 84096 21681
is_linear=0
shrinkage=0.00720685


Tree=192
num_leaves=8
num_cat=0
split_feature=0 0 21 2 12 7 4
split_gain=15.7317 7.76035 6.4232 5.02679 3.24151 2.70991 2.3092
threshold=-2.2573887109756465 0.43296931684017187 inf -0.91622054576873768 -1.8667441606521604 -1.4483847618103025 -2.0546886920928951
decision_type=2 2 8 2 8 2 10
left_child=3 2 -2 6 -3 -5 -1
right_child=1 4 -4 5 -6 -7 -8
leaf_value=3.7033829913935232e-05 -6.4469431493800355e-06 -3.6906006480767646e-05 0.00033636994202375462 0.00039252983395249687 2.5898879072353957e-05 -3.7905227893375466e-05 -0.00015309551190378115
leaf_weight=3561 1535730 45350 2843 776 725382 34176 48478
leaf_count=3561 1535730 45350 2843 776 725382 34176 48478
internal_value=-4.66351e-08 3.5373e-06 -5.81326e-06 -9.51868e-05 2.22034e-05 -2.83377e-05 -0.000140084
internal_weight=2.3963e+06 2.3093e+06 1.53857e+06 86991 770732 34952 52039
internal_count=2396296 2309305 1538573 86991 770732 34952 52039
is_linear=0
shrinkage=0.00720685


Tree=193
num_leaves=8
num_cat=0
split_feature=0 0 9 9 19 9 18
split_gain=15.0217 8.54076 5.7921 5.68072 3.33034 3.20614 2.65817
threshold=-3.7301558256149288 0.38026486337184912 -0.70714393258094776 1.5167080760002138 -0.54279524087905873 -2.7730346918106075 2.5119965076446538
decision_type=2 2 8 8 10 8 8
left_child=4 2 -2 -3 6 -6 -1
right_child=1 3 -4 -5 5 -7 -8
leaf_value=-0.00013427607750967781 -3.6947116301510811e-05 2.4003243424495192e-05 -1.0624083024090164e-06 -6.7687017451875981e-05 -0.00033682506602209563 -0.00014452068321408503 7.8255381561875129e-05
leaf_weight=7205 291044 846036 1184029 36613 5785 20329 5307
leaf_count=7205 291044 846036 1184029 36613 5785 20329 5307
internal_value=1.58099e-07 2.46766e-06 -8.14279e-06 2.01998e-05 -0.000140813 -0.000187133 -4.41291e-05
internal_weight=2.39635e+06 2.35772e+06 1.47507e+06 882649 38626 26114 12512
internal_count=2396348 2357722 1475073 882649 38626 26114 12512
is_linear=0
shrinkage=0.00720685


Tree=194
num_leaves=8
num_cat=0
split_feature=2 25 15 23 17 8 4
split_gain=13.3687 7.85934 5.78799 5.48442 4.06069 3.00386 2.15931
threshold=-1.1839505434036253 0.017155314795672897 0.58323723077774059 -0.09546909853816031 2.7159967422485356 -0.57158538699150074 -2.0546886920928951
decision_type=2 8 2 8 2 10 10
left_child=3 2 -2 5 -3 -1 -5
right_child=1 4 -4 6 -6 -7 -8
leaf_value=-0.00014079160211853686 -1.9454239267268478e-05 1.9846225626149982e-05 2.0837498358500948e-05 0.0001210978900798059 -7.1798589277323287e-05 -6.1945529314570545e-05 -2.5472777689541507e-05
leaf_weight=38620 763276 1136557 244491 5479 25678 71680 110248
leaf_count=38620 763276 1136557 244491 5479 25678 71680 110248
internal_value=-4.44185e-07 5.04989e-06 -9.67916e-06 -5.31907e-05 1.78214e-05 -8.95536e-05 -1.85324e-05
internal_weight=2.39603e+06 2.17e+06 1.00777e+06 226027 1.16224e+06 110300 115727
internal_count=2396029 2170002 1007767 226027 1162235 110300 115727
is_linear=0
shrinkage=0.00720685


Tree=195
num_leaves=8
num_cat=0
split_feature=0 7 0 19 7 23 7
split_gain=14.2862 9.04589 7.46329 3.81107 3.09307 2.97423 2.46874
threshold=-3.7301558256149288 1.3078627586364748 0.69706729054451 -0.77908954024314869 1.6198551654815676 -0.88280844688415516 0.79481542110443126
decision_type=2 2 2 10 2 10 2
left_child=3 2 -2 4 -1 -3 -5
right_child=1 5 -4 6 -6 -7 -8
leaf_value=-4.7381884063390811e-05 -4.1090645230871398e-07 -0.00018128317085404686 3.712627991441536e-05 -0.00013252076121673554 0.00040134576401858841 -5.0871985893908105e-05 -0.00027450678451963246
leaf_weight=6853 1931444 10034 320796 21841 902 95810 8976
leaf_count=6853 1931444 10034 320796 21841 902 95810 8976
internal_value=-3.74724e-07 1.87568e-06 4.93567e-06 -0.00013795 4.84975e-06 -6.32367e-05 -0.000173885
internal_weight=2.39666e+06 2.35808e+06 2.25224e+06 38572 7755 105844 30817
internal_count=2396656 2358084 2252240 38572 7755 105844 30817
is_linear=0
shrinkage=0.00720685


Tree=196
num_leaves=8
num_cat=0
split_feature=1 9 8 15 21 21 23
split_gain=15.446 6.65719 6.54216 5.51029 4.84494 3.06851 2.92595
threshold=1.044569253921509 -1.5814045071601865 1.5733286142349245 -0.1243816241621971 -0.92423057556152333 inf -0.089827626943588243
decision_type=2 8 8 2 8 8 8
left_child=2 6 3 -1 -3 -4 -2
right_child=1 4 5 -5 -6 -7 -8
leaf_value=-9.0350853999548918e-06 -0.00015935116990530772 6.8013750241605563e-05 5.0138857020502742e-05 1.5542090651338125e-05 -3.8875985696542607e-05 0.00061174930925309067 -6.3045972922781853e-05
leaf_weight=918964 32175 24142 157202 978105 251002 506 33395
leaf_count=918964 32175 24142 157202 978105 251002 506 33395
internal_value=-1.07569e-07 -4.50486e-05 7.34435e-06 3.63659e-06 -2.94968e-05 5.19446e-05 -0.000110305
internal_weight=2.39549e+06 340714 2.05478e+06 1.89707e+06 275144 157708 65570
internal_count=2395491 340714 2054777 1897069 275144 157708 65570
is_linear=0
shrinkage=0.00720685


Tree=197
num_leaves=8
num_cat=0
split_feature=0 0 1 9 9 23 12
split_gain=15.8764 7.80408 8.74141 6.70274 3.03186 2.549 1.67212
threshold=-3.3171809911727901 0.21764994412660602 -1.9565966129302976 1.0244084596633913 -0.82795056700706471 0.060374865308403976 -0.6797051429748534
decision_type=2 2 2 8 8 8 10
left_child=4 2 -2 -3 5 -1 -6
right_child=1 3 -4 -5 6 -7 -8
leaf_value=-0.00023968771887615642 0.00041934615888432271 2.1163647886476202e-05 -1.2319437056630792e-05 -3.0177767932211404e-05 0.00011691698408710392 -9.3749824071068016e-05 -8.8839380528328921e-05
leaf_weight=15807 2441 1091185 1104782 150256 2287 10249 19843
leaf_count=15807 2441 1091185 1104782 150256 2287 10249 19843
internal_value=-1.13724e-07 2.54304e-06 -1.13674e-05 1.49496e-05 -0.000129607 -0.00018229 -6.75705e-05
internal_weight=2.39685e+06 2.34866e+06 1.10722e+06 1.24144e+06 48186 26056 22130
internal_count=2396850 2348664 1107223 1241441 48186 26056 22130
is_linear=0
shrinkage=0.00720685


Tree=198
num_leaves=8
num_cat=0
split_feature=0 13 25 25 8 25 17
split_gain=13.6162 8.22608 7.37166 3.09287 2.22301 1.56406 1.55793
threshold=-3.7301558256149288 0.95202666521072399 0.011431879829615356 0.25311696529388433 -1.2648846507072447 0.55747935175895702 0.12613844871520999
decision_type=2 8 10 8 8 10 2
left_child=3 2 -2 6 -3 -5 -1
right_child=1 4 -4 5 -6 -7 -8
leaf_value=-0.00020381987550487505 -1.5578857295533942e-05 0.0001937606657360778 1.1287496707947743e-05 6.5027888497472833e-06 4.041555982581747e-05 -0.00017556728459697357 -5.8390437943904694e-05
leaf_weight=21475 1010078 5018 1117073 9413 226850 3312 4657
leaf_count=21475 1010078 5018 1117073 9413 226850 3312 4657
internal_value=7.69104e-07 2.97323e-06 -1.46999e-06 -0.00013304 4.37351e-05 -4.0893e-05 -0.000177907
internal_weight=2.39788e+06 2.35902e+06 2.12715e+06 38857 231868 12725 26132
internal_count=2397876 2359019 2127151 38857 231868 12725 26132
is_linear=0
shrinkage=0.00720685


Tree=199
num_leaves=8
num_cat=0
split_feature=0 6 23 23 19 9 15
split_gain=13.8706 8.11562 6.90185 5.8739 2.99754 2.95834 2.25052
threshold=-3.7301558256149288 0.25488629937171942 -0.780513435602188 1.2950605750083926 -0.54279524087905873 -2.7730346918106075 -1.0504429340362547
decision_type=2 8 8 10 10 8 2
left_child=4 3 -3 -2 6 -6 -1
right_child=1 2 -4 -5 5 -7 -8
leaf_value=-0.00027666778390740619 1.7647146800634893e-05 -6.0625243337957114e-05 -5.6313314726775802e-06 -4.45448057819401e-05 -0.00032160931345809546 -0.00013771877337564415 -2.4935774851978441e-06
leaf_weight=1821 1282172 137623 854329 84046 5835 20545 10613
leaf_count=1821 1282172 137623 854329 84046 5835 20545 10613
internal_value=2.04909e-07 2.42911e-06 -1.32612e-05 1.38212e-05 -0.000134924 -0.000178405 -4.26673e-05
internal_weight=2.39698e+06 2.35817e+06 991952 1.36622e+06 38814 26380 12434
internal_count=2396984 2358170 991952 1366218 38814 26380 12434
is_linear=0
shrinkage=0.00720685


Tree=200
num_leaves=8
num_cat=0
split_feature=0 0 6 9 2 11 4
split_gain=14.3674 7.66243 4.99712 4.26545 3.81467 2.26824 1.4056
threshold=-3.3171809911727901 0.50817531347274791 0.24465908855199817 1.5167080760002138 -2.6493028402328487 1.9079732894897463 -2.0546886920928951
decision_type=2 2 8 8 2 10 10
left_child=4 2 -2 -3 6 -6 -1
right_child=1 3 -4 -5 5 -7 -8
leaf_value=2.6793344121912792e-05 6.113422567519454e-06 2.8288099326677712e-05 -1.8470790775778976e-05 -6.2814069016650073e-05 -9.0495221783148169e-05 0.00032701599382935887 -0.00024370759022677722
leaf_weight=1080 925235 594455 801386 27947 33090 689 13043
leaf_count=1080 925235 594455 801386 27947 33090 689 13043
internal_value=-1.77623e-09 2.51789e-06 -5.29697e-06 2.41973e-05 -0.00012356 -8.19695e-05 -0.00022302
internal_weight=2.39692e+06 2.34902e+06 1.72662e+06 622402 47902 33779 14123
internal_count=2396925 2349023 1726621 622402 47902 33779 14123
is_linear=0
shrinkage=0.00720685


Tree=201
num_leaves=8
num_cat=0
split_feature=2 15 2 12 23 8 12
split_gain=12.8931 7.08107 6.356 5.70975 4.81928 3.10907 1.99876
threshold=-1.1461461186408994 -0.1172564998269081 0.10544663295149805 -1.6318122148513792 -0.09546909853816031 -0.55089548230171193 0.75793913006782543
decision_type=2 2 2 8 8 10 8
left_child=4 3 -3 -2 5 -1 -6
right_child=1 2 -4 -5 6 -7 -8
leaf_value=-0.00013333538008775719 -6.3507545058185625e-05 -8.7514466765112156e-07 3.418779890792439e-05 -2.5279740756469687e-06 2.3226358579859615e-06 -5.5539096935422062e-05 -5.9788239001626565e-05
leaf_weight=41770 86759 482640 605261 987298 80144 73870 40512
leaf_count=41770 86759 482640 605261 987298 80144 73870 40512
internal_value=1.48427e-07 5.67279e-06 1.86323e-05 -7.45379e-06 -5.03957e-05 -8.36408e-05 -1.85321e-05
internal_weight=2.39825e+06 2.16196e+06 1.0879e+06 1.07406e+06 236296 115640 120656
internal_count=2398254 2161958 1087901 1074057 236296 115640 120656
is_linear=0
shrinkage=0.00720685


Tree=202
num_leaves=8
num_cat=0
split_feature=1 7 13 6 23 12 10
split_gain=13.8705 6.08103 5.82582 5.63884 3.78235 3.72476 3.49755
threshold=1.2253659367561343 0.50635787844657909 0.97296303510665905 0.24465908855199817 -0.10680082067847251 0.35483641922473913 0.077799007296562209
decision_type=2 2 8 8 8 10 8
left_child=2 6 3 -1 -3 -4 -2
right_child=1 4 5 -5 -6 -7 -8
leaf_value=1.3132353435842957e-05 -4.6023839881623094e-05 -0.00015552100690865842 2.2676707004970842e-05 -1.1909314491558818e-05 -5.509408271877434e-05 8.9365235314753125e-05 2.2723333398507026e-05
leaf_weight=1132937 133716 36467 140119 794605 41816 63085 53941
leaf_count=1132937 133716 36467 140119 794605 41816 63085 53941
internal_value=5.53359e-07 -4.85215e-05 6.67846e-06 2.80923e-06 -0.000101878 4.33807e-05 -2.62627e-05
internal_weight=2.39669e+06 265940 2.13075e+06 1.92754e+06 78283 203204 187657
internal_count=2396686 265940 2130746 1927542 78283 203204 187657
is_linear=0
shrinkage=0.00720685


Tree=203
num_leaves=8
num_cat=0
split_feature=0 6 23 12 2 23 4
split_gain=13.1584 7.12766 6.60259 5.77801 3.90006 2.92099 1.45568
threshold=-2.6863689422607417 0.28443865478038793 -0.780513435602188 -1.6318122148513792 0.32224084436893469 0.016846534796059135 -1.4266441464424131
decision_type=2 8 8 10 2 8 8
left_child=4 3 -3 -2 5 -1 -6
right_child=1 2 -4 -5 6 -7 -8
leaf_value=-0.00016806157536720879 -2.9817801467207043e-05 -5.9064170424418795e-05 -4.0168940514226433e-06 1.8954613516240891e-05 0.00038923303648598145 -6.6427544762834241e-05 1.7177038612031316e-05
leaf_weight=30791 140409 131433 814452 1243037 583 28088 8452
leaf_count=30791 140409 131433 814452 1243037 583 28088 8452
internal_value=6.97287e-07 3.58038e-06 -1.16659e-05 1.40046e-05 -9.81862e-05 -0.00011958 4.12257e-05
internal_weight=2.39724e+06 2.32933e+06 945885 1.38345e+06 67914 58879 9035
internal_count=2397245 2329331 945885 1383446 67914 58879 9035
is_linear=0
shrinkage=0.00720685


Tree=204
num_leaves=8
num_cat=0
split_feature=1 2 25 9 15 23 9
split_gain=14.374 6.80461 6.52835 4.96018 4.91327 3.27349 2.40006
threshold=1.3622125983238222 -0.7626221477985381 0.017155314795672897 1.5167080760002138 0.61214795708656322 -0.17940394580364225 1.3645493984222414
decision_type=2 2 10 8 2 8 10
left_child=2 5 4 -4 -1 -2 -3
right_child=1 6 3 -5 -6 -7 -8
leaf_value=-1.6526669206742027e-05 -0.00014204854224656688 -2.4762517909059207e-05 1.988867784119283e-05 -6.1556715288260458e-05 2.0646010708159974e-05 -6.2301588968505475e-05 0.00011518877268228347
leaf_weight=802582 46839 102449 1095725 40264 239872 62295 6785
leaf_count=802582 46839 102449 1095725 40264 239872 62295 6785
internal_value=-5.37215e-07 -5.62807e-05 5.05055e-06 1.70019e-05 -7.97308e-06 -9.65292e-05 -1.60684e-05
internal_weight=2.39681e+06 218368 2.17844e+06 1.13599e+06 1.04245e+06 109134 109234
internal_count=2396811 218368 2178443 1135989 1042454 109134 109234
is_linear=0
shrinkage=0.00720685


Tree=205
num_leaves=8
num_cat=0
split_feature=0 0 25 0 20 3 23
split_gain=12.6913 8.0767 6.24561 3.61789 3.22468 2.74852 1.10591
threshold=-2.1014424562454219 0.55570355057716381 0.014354820828884842 -5.2207963466644278 1.1741961836814883 1.8019210100173952 0.10287203267216684
decision_type=2 2 8 2 8 10 8
left_child=3 2 -2 6 -5 -3 -1
right_child=1 5 -4 4 -6 -7 -8
leaf_value=-0.0002769844105988638 -1.8679157578339834e-05 2.6765551742714639e-05 8.5016659829103909e-06 -7.8173092043344028e-05 9.6721667062242545e-05 0.00030296160559254397 -0.00012517159396970741
leaf_weight=5671 823545 535233 940516 79793 5878 1877 4452
leaf_count=5671 823545 535233 940516 79793 5878 1877 4452
internal_value=-1.20953e-07 3.26252e-06 -4.18758e-06 -8.13985e-05 -6.61721e-05 2.77313e-05 -0.000210239
internal_weight=2.39696e+06 2.30117e+06 1.76406e+06 95794 85671 537110 10123
internal_count=2396965 2301171 1764061 95794 85671 537110 10123
is_linear=0
shrinkage=0.00720685


Tree=206
num_leaves=8
num_cat=0
split_feature=2 1 13 15 12 21 12
split_gain=12.7978 8.37395 6.45862 5.65993 3.8449 2.66019 2.35578
threshold=-0.70574870705604542 1.6006519198417666 0.94210061430931102 -0.14650723338127133 0.65185940265655529 -1.4944184422492979 0.45413596928119665
decision_type=2 2 8 2 10 10 10
left_child=1 5 3 -2 -4 -1 -3
right_child=2 6 4 -5 -6 -7 -8
leaf_value=0.00018876765593147694 -1.0339486525264348e-05 -4.6810944095611219e-05 3.009129012449053e-05 1.5422626209496569e-05 0.00010785187252401583 -2.1997211970656119e-05 -0.00012688206303261993
leaf_weight=3140 855143 28684 174497 918881 40736 319025 57039
leaf_count=3140 855143 28684 174497 918881 40736 319025 57039
internal_value=-1.27713e-08 -3.67868e-05 7.52757e-06 3.00435e-06 4.48091e-05 -1.99424e-05 -0.00010009
internal_weight=2.39714e+06 407888 1.98926e+06 1.77402e+06 215233 322165 85723
internal_count=2397145 407888 1989257 1774024 215233 322165 85723
is_linear=0
shrinkage=0.00720685


Tree=207
num_leaves=8
num_cat=0
split_feature=1 8 19 9 1 18 21
split_gain=12.9305 7.26517 6.7032 4.69821 4.03885 3.35515 3.15576
threshold=2.0032916069030766 1.270885229110718 -0.35569505393505091 2.248711466789246 2.8717339038848881 3.3161724805831914 inf
decision_type=2 8 8 10 2 10 8
left_child=1 2 -1 5 -5 -2 -3
right_child=3 6 -4 4 -6 -7 -8
leaf_value=1.5309535179539975e-05 -8.2950646980122332e-05 4.0517732681450035e-05 -1.1324677117226376e-05 0.00025694425075744644 0.0018204212838755732 -0.00026447917671152923 0.00053479717295144998
leaf_weight=784846 71060 221274 1309914 381 110 5713 672
leaf_count=784846 71060 221274 1309914 381 110 5713 672
internal_value=-2.50155e-07 2.80862e-06 -1.34559e-06 -9.19646e-05 0.000610089 -9.64624e-05 4.20167e-05
internal_weight=2.39397e+06 2.31671e+06 2.09476e+06 77264 491 76773 221946
internal_count=2393970 2316706 2094760 77264 491 76773 221946
is_linear=0
shrinkage=0.00720685


Tree=208
num_leaves=8
num_cat=0
split_feature=1 2 21 6 20 0 9
split_gain=14.4618 6.8516 6.76902 6.32386 4.1266 2.97234 2.6977
threshold=1.3622125983238222 -0.91622054576873768 inf 0.12691871076822284 -2.1370458602905269 -4.2782008647918692 2.248711466789246
decision_type=2 2 8 8 10 2 10
left_child=2 5 3 -1 -4 -2 -3
right_child=1 6 4 -5 -6 -7 -8
leaf_value=1.626130854779775e-05 -0.00017818603456599977 -2.1985498620402438e-05 0.0010270683531417206 -8.4165197867145301e-06 0.00024433604093401757 -8.0290159215446754e-05 0.00038267387530295749
leaf_weight=1186018 20223 117409 408 989140 2430 79201 861
leaf_count=1186018 20223 117409 408 989140 2430 79201 861
internal_value=-9.98172e-08 -5.61072e-05 5.49822e-06 5.0392e-06 0.000357177 -0.000100204 -1.90363e-05
internal_weight=2.39569e+06 217694 2.178e+06 2.17516e+06 2838 99424 118270
internal_count=2395690 217694 2177996 2175158 2838 99424 118270
is_linear=0
shrinkage=0.00720685


Tree=209
num_leaves=8
num_cat=0
split_feature=2 0 15 10 12 23 23
split_gain=13.7822 11.6752 7.82402 5.70957 5.07811 3.68779 2.74221
threshold=-0.36503681540489191 -1.5920301675796507 -0.13911824673414228 1.4530579447746279 0.49991890788078314 -0.780513435602188 -0.10087016597390173
decision_type=2 2 2 10 8 8 8
left_child=1 6 3 -2 -4 -3 -1
right_child=2 5 4 -5 -6 -7 -8
leaf_value=-0.00014586965586067206 1.3820143751194579e-06 -6.3038248856856375e-05 3.6293219649817892e-05 -5.6635711544171195e-05 -1.601584326239525e-07 -8.6690773584816551e-06 -6.6986999964273601e-05
leaf_weight=42804 728659 74929 633645 100215 289006 479142 49206
leaf_count=42804 728659 74929 633645 100215 289006 479142 49206
internal_value=-5.6491e-08 -2.85063e-05 1.04377e-05 -5.63264e-06 2.48748e-05 -1.60218e-05 -0.000103685
internal_weight=2.39761e+06 646081 1.75152e+06 828874 922651 554071 92010
internal_count=2397606 646081 1751525 828874 922651 554071 92010
is_linear=0
shrinkage=0.00720685


Tree=210
num_leaves=8
num_cat=0
split_feature=1 7 21 2 19 23 23
split_gain=14.3885 8.04364 7.84187 3.38821 2.97537 2.61235 2.19131
threshold=2.0032916069030766 1.3078627586364748 inf -2.6493028402328487 -1.3722611665725706 -0.8672649860382079 -0.93219909071922291
decision_type=2 2 8 2 8 10 8
left_child=1 2 -1 4 -2 -3 -5
right_child=3 5 -4 6 -6 -7 -8
leaf_value=5.786184265783257e-06 0.00060007893696368772 -0.00017393321136970543 0.00040701378576571488 -0.00020769369069874788 -0.00019502536317225343 -4.7843013464202906e-05 -5.6573916310497472e-05
leaf_weight=2215618 247 9415 2532 5489 17507 91173 54087
leaf_count=2215618 247 9415 2532 5489 17507 91173 54087
internal_value=1.60748e-07 3.38594e-06 6.24437e-06 -9.65451e-05 -0.000183931 -5.96468e-05 -7.05008e-05
internal_weight=2.39607e+06 2.31874e+06 2.21815e+06 77330 17754 100588 59576
internal_count=2396068 2318738 2218150 77330 17754 100588 59576
is_linear=0
shrinkage=0.00720685


Tree=211
num_leaves=8
num_cat=0
split_feature=1 0 23 8 19 21 19
split_gain=13.6812 6.80201 5.9212 5.71807 5.17857 3.41347 2.76091
threshold=1.0242428779602053 -4.2782008647918692 -0.780513435602188 1.270885229110718 -0.34676700830459589 inf -0.56024855375289906
decision_type=2 2 8 8 8 8 10
left_child=3 6 -3 4 -1 -5 -2
right_child=1 2 -4 5 -6 -7 -8
leaf_value=1.8015766978003372e-05 -4.4491471610739994e-05 -0.00011295506083223455 -2.0590506433952735e-05 4.0906243250006893e-05 -6.8256898400208617e-06 0.00055886928251122571 -0.00019745468142893591
leaf_weight=711244 8972 41376 279958 208672 1125703 662 19346
leaf_count=711244 8972 41376 279958 208672 1125703 662 19346
internal_value=-2.59264e-07 -4.19206e-05 -3.2484e-05 6.8595e-06 2.79262e-06 4.25469e-05 -0.000148995
internal_weight=2.39593e+06 349652 321334 2.04628e+06 1.83695e+06 209334 28318
internal_count=2395933 349652 321334 2046281 1836947 209334 28318
is_linear=0
shrinkage=0.00720685


Tree=212
num_leaves=8
num_cat=0
split_feature=2 15 2 8 12 7 8
split_gain=11.8594 7.2861 5.57923 5.50781 4.05416 3.35149 1.96727
threshold=-0.35423469543457026 0.1693692281842232 -3.1011034250259395 1.5160297751426699 0.41801059246063238 0.5595863163471223 -1.0000398159027097
decision_type=2 2 2 8 8 2 8
left_child=2 3 6 -2 -3 -4 -1
right_child=1 4 5 -5 -6 -7 -8
leaf_value=-0.00026110711933475823 -6.5183897967069811e-06 4.1688457076361031e-05 -1.1918269089755193e-05 5.4792979864592101e-05 4.1834420030302616e-06 -4.9827596485925569e-05 -9.8544805259603922e-05
leaf_weight=4610 999837 427632 463680 82369 230327 163956 23977
leaf_count=4610 999837 427632 463680 82369 230327 163956 23977
internal_value=-1.9857e-07 9.64673e-06 -2.63062e-05 -1.85178e-06 2.85594e-05 -2.18213e-05 -0.000124769
internal_weight=2.39639e+06 1.74016e+06 656223 1.08221e+06 657959 627636 28587
internal_count=2396388 1740165 656223 1082206 657959 627636 28587
is_linear=0
shrinkage=0.00720685


Tree=213
num_leaves=8
num_cat=0
split_feature=1 23 21 8 13 18 7
split_gain=12.5778 6.76655 6.3679 10.4833 5.42318 5.30341 2.45063
threshold=0.9082603156566621 -0.79336136579513539 inf 0.48762010037899023 0.93220990896224987 3.0491762161254887 1.1636593341827395
decision_type=2 8 8 10 8 10 2
left_child=2 6 4 -4 -1 -3 -2
right_child=1 5 3 -5 -6 -7 -8
leaf_value=2.6916939458065528e-06 -9.5925687869264411e-05 -1.9676656506514637e-05 -0.00011648758564445905 0.00077396895063963514 3.9874812691040737e-05 -0.00016236013851828485 -0.00025233535907284867
leaf_weight=1756421 45416 342300 1300 1454 230460 14086 5876
leaf_count=1756421 45416 342300 1300 1454 230460 14086 5876
internal_value=1.23843e-08 -3.64556e-05 7.48474e-06 0.000353732 7.00463e-06 -2.53166e-05 -0.000113849
internal_weight=2.39731e+06 407678 1.98964e+06 2754 1.98688e+06 356386 51292
internal_count=2397313 407678 1989635 2754 1986881 356386 51292
is_linear=0
shrinkage=0.00720685


Tree=214
num_leaves=8
num_cat=0
split_feature=2 13 6 23 12 12 18
split_gain=11.6921 6.74242 5.91519 5.89378 4.261 2.81977 2.10146
threshold=-1.1461461186408994 0.95202666521072399 0.098021008074283614 -0.09546909853816031 0.78784760832786571 0.79752054810523998 -1.1548257470130918
decision_type=2 8 8 8 10 8 10
left_child=3 2 -2 6 -3 -5 -1
right_child=1 4 -4 5 -6 -7 -8
leaf_value=5.3982983391250104e-05 1.2997970856369752e-05 2.9888997740075512e-05 -1.2202190073299173e-05 1.0916369264149701e-05 0.00011935662660458496 -6.3808706538261812e-05 -9.1697302872037156e-05
leaf_weight=5394 1015554 188724 923917 82295 32394 38497 110152
leaf_count=5394 1015554 188724 923917 82295 32394 38497 110152
internal_value=2.75702e-08 5.29194e-06 9.93211e-07 -4.80987e-05 4.29967e-05 -1.2899e-05 -8.48959e-05
internal_weight=2.39693e+06 2.16059e+06 1.93947e+06 236338 221118 120792 115546
internal_count=2396927 2160589 1939471 236338 221118 120792 115546
is_linear=0
shrinkage=0.00720685


Tree=215
num_leaves=8
num_cat=0
split_feature=1 2 25 19 23 25 4
split_gain=12.5207 7.63232 5.95598 4.86756 3.98216 3.42475 2.63269
threshold=0.9082603156566621 -1.1461461186408994 0.011431879829615356 -0.38369950652122492 -0.79336136579513539 4.1405611038208017 0.094733200967311873
decision_type=2 2 8 8 8 10 8
left_child=2 4 3 -1 -2 -4 -3
right_child=1 6 5 -5 -6 -7 -8
leaf_value=1.764510195962049e-05 -0.00018251769891000288 -3.0222255404266092e-05 2.0170462474710907e-05 -1.7581857567276092e-05 -6.6424014328924914e-05 -0.00014206973393534421 1.7350335503282723e-05
leaf_weight=305084 17891 194303 1063446 613225 107879 6800 87684
leaf_count=305084 17891 194303 1063446 613225 107879 6800 87684
internal_value=1.26519e-07 -3.62528e-05 7.5862e-06 -5.87859e-06 -8.294e-05 1.91395e-05 -1.54294e-05
internal_weight=2.39631e+06 407757 1.98856e+06 918309 125770 1.07025e+06 281987
internal_count=2396312 407757 1988555 918309 125770 1070246 281987
is_linear=0
shrinkage=0.00720685


Tree=216
num_leaves=8
num_cat=0
split_feature=1 0 25 23 17 25 2
split_gain=13.1778 7.39895 5.80252 5.75575 4.90297 3.97293 2.48464
threshold=1.044569253921509 -4.2782008647918692 0.017155314795672897 -0.780513435602188 2.7159967422485356 -2.1065216064453121 -3.1011034250259395
decision_type=2 2 8 8 2 8 2
left_child=2 6 5 -3 -4 -1 -2
right_child=1 3 4 -5 -6 -7 -8
leaf_value=5.7672072978545149e-05 -0.00026585179856637996 -0.00011222545149950234 2.029431778237918e-05 -1.9786870503261017e-05 -8.322390043587411e-05 -9.6337202907372696e-06 -0.00011283387833376142
leaf_weight=47933 7479 40143 1065339 272272 24305 916211 20961
leaf_count=47933 7479 40143 1065339 272272 24305 916211 20961
internal_value=-2.96921e-07 -4.17961e-05 6.59046e-06 -3.16649e-05 1.79852e-05 -6.28749e-06 -0.000153082
internal_weight=2.39464e+06 340855 2.05379e+06 312415 1.08964e+06 964144 28440
internal_count=2394643 340855 2053788 312415 1089644 964144 28440
is_linear=0
shrinkage=0.00720685


Tree=217
num_leaves=8
num_cat=0
split_feature=2 15 10 23 2 2 3
split_gain=11.3477 6.73264 5.77492 4.76604 4.22342 3.2435 2.25147
threshold=-0.49373877048492426 -0.1243816241621971 1.4530579447746279 -0.780513435602188 0.10544663295149805 -2.6493028402328487 0.041034651920199401
decision_type=2 2 10 8 2 2 8
left_child=3 2 -2 6 -3 -5 -1
right_child=1 4 -4 5 -6 -7 -8
leaf_value=-1.5725067946623428e-05 8.8914550316923674e-07 1.7828626532415216e-06 -5.605309306411612e-05 -8.2760042476508463e-05 3.31715736662282e-05 -1.4729522268425241e-05 -0.00010610850175698338
leaf_weight=19345 789838 350890 104776 39781 609165 428165 55059
leaf_count=19345 789838 350890 104776 39781 609165 428165 55059
internal_value=-3.49651e-08 8.44453e-06 -5.77988e-06 -2.90322e-05 2.16994e-05 -2.05131e-05 -8.26097e-05
internal_weight=2.39702e+06 1.85467e+06 894614 542350 960055 467946 74404
internal_count=2397019 1854669 894614 542350 960055 467946 74404
is_linear=0
shrinkage=0.00720685


Tree=218
num_leaves=8
num_cat=0
split_feature=1 2 13 21 12 0 21
split_gain=12.7395 6.99877 5.7034 5.28697 3.53054 3.45645 3.10522
threshold=1.0653277039527895 -1.1839505434036253 0.99569448828697216 inf 0.48105709254741674 -2.9496417045593257 -0.93432238698005665
decision_type=2 2 8 8 10 2 8
left_child=2 5 3 -1 -4 -2 -3
right_child=1 6 4 -5 -6 -7 -8
leaf_value=2.1225365366211479e-06 -0.00014942757787412433 6.368801166402961e-05 2.6486470208575723e-05 0.00031812412229141905 9.9773849442709567e-05 -6.1809142031879873e-05 -2.7463781693640757e-05
leaf_weight=1879777 34007 21485 136173 2753 45565 74875 201011
leaf_count=1879777 34007 21485 136173 2753 45565 74875 201011
internal_value=-3.51791e-07 -4.1831e-05 6.30689e-06 2.58483e-06 4.48615e-05 -8.91762e-05 -1.86615e-05
internal_weight=2.39565e+06 331378 2.06427e+06 1.88253e+06 181738 108882 222496
internal_count=2395646 331378 2064268 1882530 181738 108882 222496
is_linear=0
shrinkage=0.00720685


Tree=219
num_leaves=8
num_cat=0
split_feature=2 13 25 23 12 8 12
split_gain=11.6132 7.04305 6.58173 4.6919 4.13181 2.738 1.87097
threshold=-1.1461461186408994 0.92324110865592968 0.014354820828884842 -0.084216374903917299 1.2742290496826174 -0.53085449337959278 0.79752054810523998
decision_type=2 8 8 8 10 8 8
left_child=3 2 -2 5 -3 -1 -5
right_child=1 4 -4 6 -6 -7 -8
leaf_value=-0.00012587845354937845 -1.4154179791798122e-05 3.4954507572983275e-05 1.2656052831556643e-05 2.9684315241566679e-06 0.00018260200458846058 -5.3841733383456247e-05 -5.8443619419913998e-05
leaf_weight=43678 887411 237008 1024806 81442 10270 73562 37689
leaf_count=43678 887411 237008 1024806 81442 10270 73562 37689
internal_value=-3.54986e-07 4.89442e-06 2.14095e-07 -4.83137e-05 4.10874e-05 -8.06802e-05 -1.64603e-05
internal_weight=2.39587e+06 2.1595e+06 1.91222e+06 236371 247278 117240 119131
internal_count=2395866 2159495 1912217 236371 247278 117240 119131
is_linear=0
shrinkage=0.00720685


Tree=220
num_leaves=8
num_cat=0
split_feature=1 7 8 7 25 18 10
split_gain=11.7847 5.88462 5.6051 5.06945 4.66192 3.36369 3.30491
threshold=1.044569253921509 0.65904274582862865 1.270885229110718 -0.071638546884059892 0.011431879829615356 -1.1088253855705259 -0.025135018862783905
decision_type=2 2 10 2 8 10 8
left_child=2 6 4 -4 -1 -3 -2
right_child=1 5 3 -5 -6 -7 -8
leaf_value=-9.6186695081849351e-06 -4.0571968042074203e-05 0.00011471313747701619 4.5612016904894761e-07 7.2285196762579201e-05 1.3360905582998452e-05 -0.00010656812053637155 1.3765054518449193e-05
leaf_weight=846860 180355 3756 87913 121652 999966 70951 85792
leaf_count=846860 180355 3756 87913 121652 999966 70951 85792
internal_value=3.26176e-07 -3.89217e-05 6.83168e-06 4.2153e-05 2.82363e-06 -9.54412e-05 -2.30564e-05
internal_weight=2.39724e+06 340854 2.05639e+06 209565 1.84683e+06 74707 266147
internal_count=2397245 340854 2056391 209565 1846826 74707 266147
is_linear=0
shrinkage=0.00720685


Tree=221
num_leaves=8
num_cat=0
split_feature=1 2 25 25 25 18 17
split_gain=11.7612 5.98689 5.60677 5.09198 4.21267 2.73882 2.65168
threshold=1.2788370251655581 -1.0223371982574461 0.011431879829615356 -2.1065216064453121 4.1405611038208017 -1.209337532520294 0.024862408638000492
decision_type=2 2 10 8 8 10 2
left_child=2 5 3 -1 -4 -2 -3
right_child=1 6 4 -5 -6 -7 -8
leaf_value=6.4267288491926718e-05 4.0696207932022333e-05 -3.8170218634890285e-05 1.7991916959688834e-05 -1.0169484680397022e-05 -0.00015239753728619909 -9.9990615611029136e-05 2.7960887592903791e-05
leaf_weight=50227 7784 98113 1130508 960215 7586 93597 46377
leaf_count=50227 7784 98113 1130508 960215 7586 93597 46377
internal_value=4.83008e-07 -4.6733e-05 5.88627e-06 -6.4693e-06 1.6856e-05 -8.91882e-05 -1.69439e-05
internal_weight=2.39441e+06 245871 2.14854e+06 1.01044e+06 1.13809e+06 101381 144490
internal_count=2394407 245871 2148536 1010442 1138094 101381 144490
is_linear=0
shrinkage=0.00720685


Tree=222
num_leaves=8
num_cat=0
split_feature=0 7 0 23 7 23 4
split_gain=11.5299 7.75626 6.51248 2.98113 2.7179 2.49753 1.53206
threshold=-3.7301558256149288 1.0498710274696352 0.71321782469749462 0.18925084918737414 0.6787792742252351 -0.83615311980247486 1.1136001944541933
decision_type=2 2 2 8 2 10 10
left_child=3 2 -2 4 -1 -3 -5
right_child=1 5 -4 6 -6 -7 -8
leaf_value=-0.00011704918711555077 6.9655209832484424e-07 -0.00013571369962813861 3.6810130060960396e-05 -3.089891404497123e-05 -0.00028014115496811308 -3.8799738503187259e-05 -0.00039185123289424027
leaf_weight=14997 1917057 15507 299933 14872 8216 126268 636
leaf_count=14997 1917057 15507 299933 14872 8216 126268 636
internal_value=2.52523e-07 2.27749e-06 5.58232e-06 -0.000123099 -0.000174784 -4.9401e-05 -4.57266e-05
internal_weight=2.39749e+06 2.35876e+06 2.21699e+06 38721 23213 141775 15508
internal_count=2397486 2358765 2216990 38721 23213 141775 15508
is_linear=0
shrinkage=0.00720685


Tree=223
num_leaves=8
num_cat=0
split_feature=0 7 0 9 7 6 0
split_gain=10.8424 8.27689 6.25857 2.13211 1.60138 1.5985 1.43401
threshold=-3.7301558256149288 1.3942345976829531 0.72088652849197399 0.44922697544097906 1.7674379348754885 1.1178109645843508 -5.2207963466644278
decision_type=2 2 2 8 2 10 2
left_child=3 2 -2 6 -5 -3 -1
right_child=1 5 -4 4 -6 -7 -8
leaf_value=-0.00023076609970425972 7.8144255086695768e-08 -4.9189410385250609e-05 3.5743529599082653e-05 -3.3874579910936398e-05 0.00063703603856776129 -0.00012400385761945218 -0.00011817955145456031
leaf_weight=7980 1966480 78609 293716 8381 188 18284 22308
leaf_count=7980 1966480 78609 293716 8381 188 18284 22308
internal_value=-5.16788e-08 1.91675e-06 4.71294e-06 -0.000119455 -1.90835e-05 -6.33085e-05 -0.00014785
internal_weight=2.39595e+06 2.35709e+06 2.2602e+06 38857 8569 96893 30288
internal_count=2395946 2357089 2260196 38857 8569 96893 30288
is_linear=0
shrinkage=0.00720685


Tree=224
num_leaves=8
num_cat=0
split_feature=1 2 8 19 21 21 18
split_gain=11.7958 6.15212 5.71867 5.91101 3.45312 3.32148 1.83442
threshold=1.2788370251655581 -2.1804189682006831 1.270885229110718 -0.34676700830459589 -0.85977691411972035 inf -0.78411826491355885
decision_type=2 2 8 8 8 8 10
left_child=2 6 3 -1 -3 -4 -2
right_child=1 4 5 -5 -6 -7 -8
leaf_value=1.7563136180825962e-05 2.6827910477568728e-05 5.2963136547179204e-05 3.9393949535793025e-05 -8.3068759913384641e-06 -4.0806299325659584e-05 0.00055459258991131014 -0.0001374679496097877
leaf_weight=746322 3861 23032 212786 1190449 178271 651 41067
leaf_count=746322 3861 23032 212786 1190449 178271 651 41067
internal_value=1.5286e-07 -4.70963e-05 5.56363e-06 1.66195e-06 -3.00774e-05 4.09679e-05 -0.000123348
internal_weight=2.39644e+06 246231 2.15021e+06 1.93677e+06 201303 213437 44928
internal_count=2396439 246231 2150208 1936771 201303 213437 44928
is_linear=0
shrinkage=0.00720685


Tree=225
num_leaves=8
num_cat=0
split_feature=0 2 15 0 25 2 19
split_gain=11.5173 6.98746 7.78195 3.68788 3.48863 2.37214 2.19123
threshold=-3.3171809911727901 -0.28273944556713099 -0.094855837523937211 -0.87655451893806446 0.25311696529388433 -3.1011034250259395 -1.2774898409843443
decision_type=2 2 2 2 8 2 8
left_child=4 3 -3 -2 5 -1 -6
right_child=1 2 -4 -5 6 -7 -8
leaf_value=-0.00026935422793331141 -5.4608374047336571e-05 -5.3902849966277481e-06 2.5787104636621405e-05 -9.5722077996441682e-06 0.00059088719510443576 -0.00012041569005307186 -3.4144306108469027e-05
leaf_weight=7132 113069 824175 839215 573107 296 25120 15385
leaf_count=7132 113069 824175 839215 573107 296 25120 15385
internal_value=1.00804e-07 2.35697e-06 1.03393e-05 -1.69934e-05 -0.000110489 -0.000153359 -2.23095e-05
internal_weight=2.3975e+06 2.34957e+06 1.66339e+06 686176 47933 32252 15681
internal_count=2397499 2349566 1663390 686176 47933 32252 15681
is_linear=0
shrinkage=0.00720685


Tree=226
num_leaves=8
num_cat=0
split_feature=1 2 7 21 18 17 17
split_gain=11.8944 5.88653 5.49434 5.26975 3.25463 2.69262 1.4586
threshold=1.3622125983238222 -1.5980249643325803 1.4946500658988955 inf -1.1241179704666135 0.1709205433726311 0.22622525691986087
decision_type=2 2 2 8 10 2 2
left_child=2 4 3 -1 -2 -3 -4
right_child=1 5 6 -5 -6 -7 -8
leaf_value=6.3487431251067646e-06 6.9474734250064604e-05 -4.4059639796560559e-05 -7.4989632302127008e-05 0.00033462147086145443 -0.00012347028358109487 2.6097719206186066e-05 4.7199726320910497e-07
leaf_weight=2102451 4913 116115 55432 2542 59810 37617 17504
leaf_count=2102451 4913 116115 55432 2542 59810 37617 17504
internal_value=-4.70487e-07 -5.1167e-05 4.61459e-06 6.74533e-06 -0.000108823 -2.68925e-05 -5.68794e-05
internal_weight=2.39638e+06 218455 2.17793e+06 2.10499e+06 64723 153732 72936
internal_count=2396384 218455 2177929 2104993 64723 153732 72936
is_linear=0
shrinkage=0.00720685


Tree=227
num_leaves=8
num_cat=0
split_feature=1 2 25 17 25 23 21
split_gain=11.3457 5.7448 5.33863 4.44478 4.05745 3.63572 3.22375
threshold=1.0653277039527895 -1.3369857072830198 0.0056673062499612578 2.7159967422485356 -2.1065216064453121 -0.10680082067847251 -0.92423057556152333
decision_type=2 2 8 2 10 8 8
left_child=2 5 4 -4 -1 -2 -3
right_child=1 6 3 -5 -6 -7 -8
leaf_value=5.7678709247446186e-05 -0.00013211729960334689 6.1160583161767428e-05 1.8696301550104614e-05 -7.826345945840232e-05 -1.0241876100429734e-05 -4.3944941081277282e-05 -2.8895614992417716e-05
leaf_weight=48160 46402 22883 1103305 25114 887344 50974 211050
leaf_count=48160 46402 22883 1103305 25114 887344 50974 211050
internal_value=-2.99619e-07 -3.94483e-05 5.98468e-06 1.65383e-05 -6.74522e-06 -8.59623e-05 -2.00861e-05
internal_weight=2.39523e+06 331309 2.06392e+06 1.12842e+06 935504 97376 233933
internal_count=2395232 331309 2063923 1128419 935504 97376 233933
is_linear=0
shrinkage=0.00720685


Tree=228
num_leaves=8
num_cat=0
split_feature=9 17 19 0 25 0 23
split_gain=10.7828 7.58633 6.56137 6.32757 5.27213 3.93156 1.60648
threshold=-0.76447647809982289 0.27369283139705664 -0.35569505393505091 -3.3171809911727901 0.017155314795672897 0.77447018027305614 4.3582592010498056
decision_type=8 2 8 2 8 2 10
left_child=1 3 5 -1 -4 -2 -3
right_child=2 6 4 -5 -6 -7 -8
leaf_value=-0.00016739006954527157 1.6839073715942133e-05 2.9604988178451904e-05 -1.8758127004054658e-05 -4.3986426665954387e-05 1.0216545494744666e-05 6.635159206022546e-05 -0.00022086802982141312
leaf_weight=23556 632703 78294 624764 257337 682447 95925 1352
leaf_count=23556 632703 78294 624764 257337 682447 95925 1352
internal_value=-4.05455e-07 -3.67324e-05 6.02791e-06 -5.43358e-05 -3.6315e-06 2.33576e-05 2.53503e-05
internal_weight=2.39638e+06 360539 2.03584e+06 280893 1.30721e+06 728628 79646
internal_count=2396378 360539 2035839 280893 1307211 728628 79646
is_linear=0
shrinkage=0.00720685


Tree=229
num_leaves=8
num_cat=0
split_feature=0 13 6 12 25 15 17
split_gain=10.5447 7.4411 7.1094 4.60417 3.00953 2.01248 1.72744
threshold=-3.7301558256149288 0.93220990896224987 0.25488629937171942 1.160317659378052 0.25311696529388433 -0.46667242050170893 0.18882767111063006
decision_type=2 8 8 10 8 2 2
left_child=4 2 -2 -3 6 -6 -1
right_child=1 3 -4 -5 5 -7 -8
leaf_value=-0.00018620227499732518 9.3442445301351464e-06 3.1586170183111376e-05 -1.7380882742879122e-05 0.00016254629150872134 -0.00010163246892649015 8.4608399856311257e-05 -2.178796500836401e-05
leaf_weight=22272 1196811 236014 910157 14818 7388 5088 3901
leaf_count=22272 1196811 236014 910157 14818 7388 5088 3901
internal_value=2.81593e-07 2.21713e-06 -2.20033e-06 3.93234e-05 -0.000117793 -2.56764e-05 -0.0001617
internal_weight=2.39645e+06 2.3578e+06 2.10697e+06 250832 38649 12476 26173
internal_count=2396449 2357800 2106968 250832 38649 12476 26173
is_linear=0
shrinkage=0.00720685


Tree=230
num_leaves=8
num_cat=0
split_feature=1 25 19 7 9 5 9
split_gain=11.4717 6.23201 6.10403 3.95378 3.70129 5.1482 3.17542
threshold=1.7280904650688174 0.014354820828884842 -0.38369950652122492 0.96121117472648632 2.248711466789246 -3.673286914825439 -3.3638281822204585
decision_type=2 8 8 2 10 10 8
left_child=1 2 -1 -3 6 -6 -2
right_child=4 3 -4 -5 5 -7 -8
leaf_value=1.5649997219296331e-05 -0.00018295441017033805 1.7839528885337614e-05 -2.1306228388025443e-05 -3.9973101526953563e-05 0.001497826784672479 0.00010503376647007375 -5.8647460818070337e-05
leaf_weight=345747 11801 1156526 706390 64887 179 590 111671
leaf_count=345747 11801 1156526 706390 64887 179 590 111671
internal_value=9.01918e-09 3.69401e-06 -9.16187e-06 1.47682e-05 -6.74239e-05 0.000430707 -7.05298e-05
internal_weight=2.39779e+06 2.27355e+06 1.05214e+06 1.22141e+06 124241 769 123472
internal_count=2397791 2273550 1052137 1221413 124241 769 123472
is_linear=0
shrinkage=0.00720685


Tree=231
num_leaves=8
num_cat=0
split_feature=0 2 15 23 23 9 15
split_gain=11.2582 7.06509 7.5643 5.78155 2.92011 2.4757 1.44105
threshold=-3.7301558256149288 -0.28273944556713099 -0.094855837523937211 -0.70756071805953968 0.18925084918737414 -2.7730346918106075 -1.1767302751541135
decision_type=2 2 2 8 8 8 2
left_child=4 3 -3 -2 5 -1 -6
right_child=1 2 -4 -5 6 -7 -8
leaf_value=-0.00030149740440407876 -6.4250208444528243e-05 -4.3373601334198805e-06 2.6386425586324843e-05 -7.1908231632334763e-06 -0.00021715698491709556 -0.00012920889322707991 -1.5666483212690258e-05
leaf_weight=5760 109544 824403 840582 583591 2142 17482 13201
leaf_count=5760 109544 824403 840582 583591 2142 17482 13201
internal_value=1.12706e-06 3.1251e-06 1.11738e-05 -1.62087e-05 -0.00012098 -0.000171918 -4.38094e-05
internal_weight=2.3967e+06 2.35812e+06 1.66498e+06 693135 38585 23242 15343
internal_count=2396705 2358120 1664985 693135 38585 23242 15343
is_linear=0
shrinkage=0.00720685


Tree=232
num_leaves=8
num_cat=0
split_feature=1 21 8 6 9 18 18
split_gain=10.1646 5.46905 9.69229 5.25631 4.9087 4.80858 2.75568
threshold=1.044569253921509 inf 0.48762010037899023 0.12691871076822284 -1.0888200402259824 0.69563671946525585 3.3161724805831914
decision_type=2 8 10 10 8 8 10
left_child=1 3 -3 -1 6 -6 -2
right_child=4 2 -4 -5 5 -7 -8
leaf_value=1.5940667053945608e-05 -6.8972227206635697e-05 -0.0001131883985675569 0.00074018891777309333 -7.262246151189549e-06 -4.7062132285930919e-05 1.7504855149483279e-05 -0.00021575747132998206
leaf_weight=1140119 89661 1342 1424 913299 138894 105345 7174
leaf_count=1140119 89661 1342 1424 913299 138894 105345 7174
internal_value=8.11341e-09 6.05216e-06 0.000326243 5.62069e-06 -3.64286e-05 -1.92131e-05 -7.9849e-05
internal_weight=2.39726e+06 2.05618e+06 2766 2.05342e+06 341074 244239 96835
internal_count=2397258 2056184 2766 2053418 341074 244239 96835
is_linear=0
shrinkage=0.00720685


Tree=233
num_leaves=8
num_cat=0
split_feature=7 21 8 25 18 19 18
split_gain=8.54724 8.0048 10.3234 6.81036 4.63638 3.44703 2.97378
threshold=0.96121117472648632 inf 0.48762010037899023 0.014354820828884842 3.3161724805831914 -0.52101391553878773 -1.343137204647064
decision_type=2 8 10 8 10 8 10
left_child=1 3 -3 -1 6 -6 -2
right_child=4 2 -4 -5 5 -7 -8
leaf_value=-1.0782344090132685e-05 0.00010039553761131819 -7.0332685380439757e-05 0.00086645460315408116 1.453192141420307e-05 0.00016303446432669189 -0.00038059106168050538 -5.0203174900601435e-05
leaf_weight=1013502 7117 1178 1268 1212187 733 3476 157478
leaf_count=1013502 7117 1178 1268 1212187 733 3476 157478
internal_value=-2.88241e-07 3.45761e-06 0.000415432 3.00467e-06 -4.97316e-05 -0.000285897 -4.36907e-05
internal_weight=2.39694e+06 2.22814e+06 2446 2.22569e+06 168804 4209 164595
internal_count=2396939 2228135 2446 2225689 168804 4209 164595
is_linear=0
shrinkage=0.00720685


Tree=234
num_leaves=8
num_cat=0
split_feature=1 23 9 18 19 18 9
split_gain=10.8566 6.67413 5.58592 7.20455 4.51993 4.33221 2.0052
threshold=0.85466128587722789 -0.780513435602188 1.1156125664711001 0.64575171470642101 -0.56024855375289906 3.0491762161254887 -1.1561979055404661
decision_type=2 8 10 10 8 10 8
left_child=2 6 4 -4 -1 -3 -2
right_child=1 5 3 -5 -6 -7 -8
leaf_value=3.3593907549823746e-05 -0.00017824369622406971 -1.6705947901621907e-05 -6.5584657250016945e-05 2.8789209535217412e-05 5.3391393027423243e-06 -0.00014432424737467306 -8.0143653326258363e-05
leaf_weight=371557 14611 365273 114090 66503 1409913 14358 41748
leaf_count=371557 14611 365273 114090 66503 1409913 14358 41748
internal_value=1.32075e-07 -3.23976e-05 7.36052e-06 -3.08316e-05 1.12322e-05 -2.1533e-05 -0.000105579
internal_weight=2.39805e+06 435990 1.96206e+06 180593 1.78147e+06 379631 56359
internal_count=2398053 435990 1962063 180593 1781470 379631 56359
is_linear=0
shrinkage=0.00720685


Tree=235
num_leaves=8
num_cat=0
split_feature=9 18 18 9 21 18 9
split_gain=9.34457 18.0448 11.0439 12.6405 9.23668 3.78902 3.07773
threshold=-0.70714393258094776 -0.7758258283138274 -0.22486788034439084 0.30586847662925726 inf 3.3161724805831914 -1.6477690339088438
decision_type=8 8 10 10 8 8 10
left_child=1 6 3 -2 -4 -3 -1
right_child=2 5 4 -5 -6 -7 -8
leaf_value=0.00027438755799595772 1.0160850384009147e-05 -4.5593510003320292e-05 2.3332179861126453e-05 -4.0106884429125821e-05 0.00055900554712580203 -0.00018795367779850938 8.5950583190838112e-05
leaf_weight=5137 660464 336878 917737 428319 1674 9998 36392
leaf_count=5137 660464 336878 917737 428319 1674 9998 36392
internal_value=-3.41957e-07 -3.27004e-05 5.91649e-06 -9.61409e-06 2.43081e-05 -4.96973e-05 0.000109266
internal_weight=2.3966e+06 388405 2.00819e+06 1.08878e+06 919411 346876 41529
internal_count=2396599 388405 2008194 1088783 919411 346876 41529
is_linear=0
shrinkage=0.00720685


Tree=236
num_leaves=8
num_cat=0
split_feature=1 8 13 2 18 13 21
split_gain=10.4746 5.45281 5.01266 4.36868 2.67825 2.1658 1.99789
threshold=1.5631529688835146 1.4578467011451723 0.97296303510665905 -1.2181448340415952 -1.1088253855705259 1.0000000180025095e-35 -0.85977691411972035
decision_type=2 10 8 2 10 10 8
left_child=1 2 -1 4 -2 -3 -5
right_child=3 5 -4 6 -6 -7 -8
leaf_value=-2.8691329477655733e-06 4.7178299202439512e-05 7.9053019083212851e-05 3.6651674730145445e-05 6.7067038534716379e-05 -0.00011370106466272182 2.5206978267406578e-05 -3.6217294048385368e-05
leaf_weight=1869882 5880 56137 183002 11028 62437 125613 82418
leaf_count=1869882 5880 56137 183002 11028 62437 125613 82418
internal_value=-5.02419e-08 4.00364e-06 6.53907e-07 -5.60514e-05 -9.98534e-05 4.18388e-05 -2.40274e-05
internal_weight=2.3964e+06 2.23463e+06 2.05288e+06 161763 68317 181750 93446
internal_count=2396397 2234634 2052884 161763 68317 181750 93446
is_linear=0
shrinkage=0.00720685


Tree=237
num_leaves=8
num_cat=0
split_feature=2 19 7 2 18 11 18
split_gain=11.4507 6.09136 5.68607 5.02854 4.5039 3.48214 2.32557
threshold=-0.35423469543457026 -0.16622477769851682 -0.071638546884059892 -2.6493028402328487 -0.24981831759214398 1.0000000180025095e-35 -0.75841018557548512
decision_type=2 8 2 2 10 10 10
left_child=3 4 -3 6 -2 -5 -1
right_child=1 2 -4 5 -6 -7 -8
leaf_value=7.7666395948719922e-05 7.0524913661134745e-06 -2.307014187026741e-05 1.4706525637279474e-05 8.0957664862857976e-06 3.9101681493050974e-05 -3.0674427083077025e-05 -0.00011186663551549027
leaf_weight=3642 473666 421777 406291 165134 438654 443365 43680
leaf_count=3642 473666 421777 406291 165134 438654 443365 43680
internal_value=-5.39132e-08 9.61703e-06 -4.53502e-06 -2.57182e-05 2.24622e-05 -2.0153e-05 -9.7278e-05
internal_weight=2.39621e+06 1.74039e+06 828068 655821 912320 608499 47322
internal_count=2396209 1740388 828068 655821 912320 608499 47322
is_linear=0
shrinkage=0.00720685


Tree=238
num_leaves=8
num_cat=0
split_feature=2 1 15 11 16 23 23
split_gain=9.72805 7.52891 6.80714 5.29499 4.15602 3.75799 2.47663
threshold=-0.39795148372650141 1.7280904650688174 -0.1243816241621971 -1.4412102103233335 0.53282436728477489 -0.780513435602188 -0.1636889651417732
decision_type=2 2 2 10 2 8 8
left_child=1 5 3 -2 -4 -1 -3
right_child=2 6 4 -5 -6 -7 -8
leaf_value=-6.2941301427923196e-05 -5.4077994082178408e-05 -0.00013367783121404113 2.9560210685201915e-05 6.1834763553719589e-07 -9.4196468510055822e-06 -7.159860540000827e-06 -5.4157900875595832e-05
leaf_weight=72581 104725 35847 746886 752119 175433 462097 47039
leaf_count=72581 104725 35847 746886 752119 175433 462097 47039
internal_value=4.40793e-09 -2.46398e-05 8.55868e-06 -6.06676e-06 2.21459e-05 -1.47322e-05 -8.85506e-05
internal_weight=2.39673e+06 617564 1.77916e+06 856844 922319 534678 82886
internal_count=2396727 617564 1779163 856844 922319 534678 82886
is_linear=0
shrinkage=0.00720685


Tree=239
num_leaves=8
num_cat=0
split_feature=2 1 15 10 23 2 23
split_gain=9.9164 7.60083 6.88874 5.74447 4.2772 3.96855 3.12798
threshold=-0.36503681540489191 1.6841329336166384 0.20798531174659732 1.547348737716675 -0.67248383164405812 0.3440778255462647 0.054282352328300483
decision_type=2 2 2 10 8 2 8
left_child=1 4 3 -2 -1 -4 -3
right_child=2 6 5 -5 -6 -7 -8
leaf_value=-5.8738017290753016e-05 3.2300340244911082e-06 -0.00012533412009760805 1.0920028511212036e-05 -5.1223532539571984e-05 -5.5910844168676869e-06 4.7131515802417772e-05 -3.9294413036395383e-05
leaf_weight=94786 1005396 48620 342563 111810 461962 290492 40006
leaf_count=94786 1005396 48620 342563 111810 461962 290492 40006
internal_value=-3.60703e-07 -2.45074e-05 8.5429e-06 -2.2197e-06 -1.46394e-05 2.75366e-05 -8.64967e-05
internal_weight=2.39564e+06 645374 1.75026e+06 1.11721e+06 556748 633055 88626
internal_count=2395635 645374 1750261 1117206 556748 633055 88626
is_linear=0
shrinkage=0.00720685


Tree=240
num_leaves=8
num_cat=0
split_feature=9 17 8 7 3 0 3
split_gain=10.7014 8.97983 6.02062 5.51997 5.30972 5.24718 1.34545
threshold=-0.70714393258094776 0.22622525691986087 1.270885229110718 -0.027546192519366738 0.34406387805938726 -1.1853085756301878 -0.52845171093940724
decision_type=8 2 8 2 8 2 10
left_child=1 5 4 -4 -2 -1 -3
right_child=2 6 3 -5 -6 -7 -8
leaf_value=-0.00010956325309172574 1.1958125196369086e-05 -3.5894392903237708e-05 6.2237306625537002e-06 8.0875834253594619e-05 -1.3597037215755251e-05 -3.7582281870268757e-05 3.8138899554754124e-05
leaf_weight=68668 1127496 15182 102936 102845 675150 224790 79553
leaf_count=68668 1127496 15182 102936 102845 675150 224790 79553
internal_value=-9.24243e-08 -3.47318e-05 6.60274e-06 4.35336e-05 2.38686e-06 -5.44259e-05 2.6274e-05
internal_weight=2.39662e+06 388193 2.00843e+06 205781 1.80265e+06 293458 94735
internal_count=2396620 388193 2008427 205781 1802646 293458 94735
is_linear=0
shrinkage=0.00720685


Tree=241
num_leaves=8
num_cat=0
split_feature=0 7 8 19 7 17 7
split_gain=10.0238 7.52322 6.78542 3.02178 2.89878 2.58667 2.02308
threshold=-3.3171809911727901 1.4946500658988955 1.3138138651847842 -0.7682150900363921 0.79481542110443126 0.26394817233085638 1.7674379348754885
decision_type=2 2 8 10 2 2 2
left_child=3 2 -2 6 -5 -3 -1
right_child=1 5 -4 4 -6 -7 -8
leaf_value=-2.4146958854913162e-05 6.5569360618566633e-08 -8.4723214339675452e-05 4.3000266382655329e-05 -9.3229732777219652e-05 -0.00023269902802709722 1.0433318614746071e-05 0.00032789949775966154
leaf_weight=8822 2050059 68418 210846 27600 10758 18945 937
leaf_count=8822 2050059 68418 210846 27600 10758 18945 937
internal_value=-5.76035e-07 1.53386e-06 4.06957e-06 -0.000103544 -0.000132351 -6.4088e-05 9.68023e-06
internal_weight=2.39638e+06 2.34827e+06 2.2609e+06 48117 38358 87363 9759
internal_count=2396385 2348268 2260905 48117 38358 87363 9759
is_linear=0
shrinkage=0.00720685


Tree=242
num_leaves=8
num_cat=0
split_feature=2 23 13 11 18 2 3
split_gain=9.94776 5.05126 4.85559 4.49486 4.3998 3.65492 2.67156
threshold=-0.333060473203659 -0.67248383164405812 0.92324110865592968 -1.4412102103233335 0.24469356238842013 -2.6493028402328487 -0.09578267857432364
decision_type=2 8 8 8 10 2 8
left_child=1 6 3 -2 -4 -3 -1
right_child=2 5 4 -5 -6 -7 -8
leaf_value=-6.0269415499807715e-06 -2.9395222929385715e-05 -8.2920463450781738e-05 3.0157954526457773e-05 9.1897839642900507e-06 0.00013577600932140009 -9.593257707670375e-06 -8.653019542706258e-05
leaf_weight=28347 177599 37866 181150 1339441 23097 521905 87509
leaf_count=28347 177599 37866 181150 1339441 23097 521905 87509
internal_value=-8.42632e-08 -2.35187e-05 9.11405e-06 4.67263e-06 4.21023e-05 -1.45537e-05 -6.68335e-05
internal_weight=2.39691e+06 675627 1.72129e+06 1.51704e+06 204247 559771 115856
internal_count=2396914 675627 1721287 1517040 204247 559771 115856
is_linear=0
shrinkage=0.00720685


Tree=243
num_leaves=8
num_cat=0
split_feature=1 0 18 2 1 23 23
split_gain=10.1337 5.41862 6.19888 5.04548 4.38435 2.71574 1.69877
threshold=1.4546272754669192 0.72088652849197399 -0.22486788034439084 -1.380439221858978 -0.31985688209533686 0.32841788232326513 -0.95002859830856312
decision_type=2 2 8 2 2 8 8
left_child=1 2 -1 5 -3 -2 -5
right_child=3 4 -4 6 -6 -7 -8
leaf_value=-1.4631088573966395e-05 -0.00013064543429851193 3.7583858215952998e-05 1.1412710795090296e-05 -0.00011171894743368222 -0.00010970559659733498 -3.26538229910852e-05 -1.4937080144023897e-05
leaf_weight=890669 47579 288539 1016303 10292 10892 21252 111059
leaf_count=890669 47579 288539 1016303 10292 10892 21252 111059
internal_value=-6.26833e-07 3.72403e-06 -7.51276e-07 -5.11034e-05 3.22257e-05 -0.000100391 -2.31463e-05
internal_weight=2.39658e+06 2.2064e+06 1.90697e+06 190182 299431 68831 121351
internal_count=2396585 2206403 1906972 190182 299431 68831 121351
is_linear=0
shrinkage=0.00720685


Tree=244
num_leaves=8
num_cat=0
split_feature=2 1 15 10 12 21 23
split_gain=9.78339 7.36051 6.94297 5.23173 5.21644 3.69411 3.32586
threshold=-0.36503681540489191 1.2253659367561343 -0.13184385001659391 1.6275193095207217 0.5521083176136018 -1.4944184422492979 -0.17423389106988904
decision_type=2 2 2 10 8 10 8
left_child=1 5 3 -2 -4 -1 -3
right_child=2 6 4 -5 -6 -7 -8
leaf_value=0.00019968925899751833 -8.6647046009669726e-07 -0.00010623044400080362 3.3271476952066438e-05 -6.4547961692740325e-05 -4.6523128855166109e-06 -1.2407404663624593e-05 -3.885309602209965e-05
leaf_weight=4302 761954 66049 649439 73465 265352 485333 89772
leaf_count=4302 761954 66049 649439 73465 265352 485333 89772
internal_value=-2.90524e-07 -2.42727e-05 8.5538e-06 -6.46659e-06 2.2271e-05 -1.05435e-05 -6.74135e-05
internal_weight=2.39567e+06 645456 1.75021e+06 835419 914791 489635 155821
internal_count=2395666 645456 1750210 835419 914791 489635 155821
is_linear=0
shrinkage=0.00720685


Tree=245
num_leaves=8
num_cat=0
split_feature=0 7 0 18 23 7 25
split_gain=10.2119 7.03712 5.73961 3.3297 2.77181 3.14403 2.50786
threshold=-3.3171809911727901 1.3942345976829531 0.72088652849197399 3.3161724805831914 0.060374865308403976 0.27202279865741735 -0.0087285637855529768
decision_type=2 2 2 10 8 2 8
left_child=4 2 -2 -3 5 -1 -6
right_child=1 3 -4 -5 6 -7 -8
leaf_value=-6.2761718508734773e-05 3.0064865587389309e-08 -5.2372510401435661e-05 3.4211228233131418e-05 -0.00034962993109593544 -0.00018165841433300528 -0.00022327852545483409 -2.4331701264003036e-06
leaf_weight=11062 1958674 93837 293368 1998 5324 14844 17005
leaf_count=11062 1958674 93837 293368 1998 5324 14844 17005
internal_value=-2.23564e-07 1.90894e-06 4.48279e-06 -5.85735e-05 -0.000104023 -0.000154743 -4.51736e-05
internal_weight=2.39611e+06 2.34788e+06 2.25204e+06 95835 48235 25906 22329
internal_count=2396112 2347877 2252042 95835 48235 25906 22329
is_linear=0
shrinkage=0.00720685


Tree=246
num_leaves=8
num_cat=0
split_feature=9 3 12 25 1 13 23
split_gain=8.87335 5.86543 6.06614 5.22049 4.46446 3.61531 2.61569
threshold=-0.76447647809982289 0.102032158523798 -1.7187790870666502 0.063542772084474577 1.2509582042694094 1.0920519232749941 -0.10680082067847251
decision_type=8 8 10 10 2 10 8
left_child=4 2 -2 -3 5 -1 -6
right_child=1 3 -4 -5 6 -7 -8
leaf_value=-2.2443994682920562e-05 -4.0439412592780339e-05 -2.2238848069754314e-05 2.2339490696345367e-05 1.1819229687251039e-05 -0.00011175105657915164 0.00011746703836782696 -3.83153105141658e-05
leaf_weight=249553 86878 529235 1001199 418679 48432 9975 52505
leaf_count=249553 86878 529235 1001199 418679 48432 9975 52505
internal_value=7.44457e-08 5.90956e-06 1.73268e-05 -7.1959e-06 -3.28835e-05 -1.7066e-05 -7.35525e-05
internal_weight=2.39646e+06 2.03599e+06 1.08808e+06 947914 360465 259528 100937
internal_count=2396456 2035991 1088077 947914 360465 259528 100937
is_linear=0
shrinkage=0.00720685


Tree=247
num_leaves=8
num_cat=0
split_feature=0 7 8 19 18 18 7
split_gain=9.69729 7.05857 6.16174 3.32638 3.33079 3.13525 3.09035
threshold=-3.7301558256149288 1.3078627586364748 1.270885229110718 -0.54279524087905873 2.5119965076446538 3.3161724805831914 -1.1931450963020322
decision_type=2 2 8 10 8 10 2
left_child=3 2 -2 4 -1 -3 -5
right_child=1 5 -4 6 -6 -7 -8
leaf_value=-0.00011696853896160277 9.6357979093579791e-07 -4.9611725111825655e-05 4.1131048290323796e-05 0.00071026304584680957 0.00012136842583186393 -0.00032149740319230562 -0.00016559213066536692
leaf_weight=7164 2032825 103329 219803 210 5296 2250 26128
leaf_count=7164 2032825 103329 219803 210 5296 2250 26128
internal_value=3.24308e-07 2.18364e-06 4.883e-06 -0.000112686 -1.56622e-05 -5.5409e-05 -0.000158583
internal_weight=2.397e+06 2.35821e+06 2.25263e+06 38798 12460 105579 26338
internal_count=2397005 2358207 2252628 38798 12460 105579 26338
is_linear=0
shrinkage=0.00720685


Tree=248
num_leaves=8
num_cat=0
split_feature=0 0 23 9 23 9 15
split_gain=8.83746 5.94093 5.62095 3.85323 2.00547 2.44631 2.37804
threshold=-3.7301558256149288 0.57264313101768505 -0.68372100591659535 1.5167080760002138 0.072555184364318862 -2.7730346918106075 -1.1523637771606443
decision_type=2 2 8 8 8 8 2
left_child=4 2 -2 -3 5 -1 -6
right_child=1 3 -4 -5 6 -7 -8
leaf_value=-0.00028888734014224173 -3.301863334105913e-05 2.7872278484526286e-05 1.1157963916956079e-06 -6.5434469112023868e-05 -0.00025570349818710531 -0.00011037895346412355 -1.7164418740984704e-05
leaf_weight=5339 298834 483437 1551103 24134 2534 15756 15108
leaf_count=5339 298834 483437 1551103 24134 2534 15756 15108
internal_value=-1.7971e-07 1.59441e-06 -4.39819e-06 2.34356e-05 -0.000108149 -0.00015557 -5.14402e-05
internal_weight=2.39624e+06 2.35751e+06 1.84994e+06 507571 38737 21095 17642
internal_count=2396245 2357508 1849937 507571 38737 21095 17642
is_linear=0
shrinkage=0.00720685


Tree=249
num_leaves=8
num_cat=0
split_feature=1 6 13 23 17 25 25
split_gain=9.39568 5.77209 5.59099 5.33245 3.56546 3.16145 2.04325
threshold=1.7280904650688174 0.25488629937171942 0.89505422115325939 1.2950605750083926 0.13477934896945956 -0.98763933777809132 0.12408416345715524
decision_type=2 8 8 10 2 8 8
left_child=1 3 -3 -1 6 -6 -2
right_child=4 2 -4 -5 5 -7 -8
leaf_value=1.6303676543917584e-05 -0.00010848385721370613 -1.6502786051617817e-05 4.2947543457207141e-05 -4.3739713734125217e-05 0.0009866631093611571 6.2678022906025733e-06 -4.1288139882948291e-05
leaf_weight=1256033 58405 843464 91028 81826 171 26481 39336
leaf_count=1256033 58405 843464 91028 81826 171 26481 39336
internal_value=-3.06983e-07 3.03158e-06 -1.07117e-05 1.26313e-05 -6.12939e-05 1.25937e-05 -8.14418e-05
internal_weight=2.39674e+06 2.27235e+06 934492 1.33786e+06 124393 26652 97741
internal_count=2396744 2272351 934492 1337859 124393 26652 97741
is_linear=0
shrinkage=0.00720685


Tree=250
num_leaves=8
num_cat=0
split_feature=1 23 9 18 0 17 7
split_gain=9.18534 6.00414 5.72752 7.87782 4.98979 4.65966 2.29492
threshold=0.87177971005439769 -0.79336136579513539 1.0244084596633913 0.64575171470642101 0.72088652849197399 0.25489379465579992 1.1636593341827395
decision_type=2 8 8 8 2 2 2
left_child=2 6 4 -4 -1 -3 -2
right_child=1 5 3 -5 -6 -7 -8
leaf_value=6.4286566220342357e-06 -8.4471569819044513e-05 -3.3714731249889149e-05 -5.8870974139746594e-05 2.6651978833333627e-05 4.1343005412283381e-05 2.6747118435465035e-05 -0.0002330503789244426
leaf_weight=1484161 47425 286931 146991 90310 248147 86059 6093
leaf_count=1484161 47425 286931 146991 90310 248147 86059 6093
internal_value=3.15265e-07 -3.00072e-05 6.88145e-06 -2.63233e-05 1.143e-05 -1.97644e-05 -0.000101391
internal_weight=2.39612e+06 426508 1.96961e+06 237301 1.73231e+06 372990 53518
internal_count=2396117 426508 1969609 237301 1732308 372990 53518
is_linear=0
shrinkage=0.00720685


Tree=251
num_leaves=8
num_cat=0
split_feature=9 18 18 9 21 23 9
split_gain=8.56486 16.3832 11.7823 14.6232 8.42763 4.37688 2.27062
threshold=-0.74454328417778004 -0.7758258283138274 0.048497045412659652 0.46519780158996588 inf -0.79336136579513539 -1.6477690339088438
decision_type=8 8 10 10 8 8 10
left_child=1 6 3 -2 -4 -3 -1
right_child=2 5 4 -5 -6 -7 -8
leaf_value=0.0002518119662439966 9.2600114281430857e-06 -0.00011856145942274059 2.9642326578790156e-05 -4.2661217088977989e-05 0.00054240930249049521 -3.8084654798070539e-05 8.8300752051588937e-05
leaf_weight=5094 957445 39901 668363 399206 1668 291749 32896
leaf_count=5094 957445 39901 668363 399206 1668 291749 32896
internal_value=3.74828e-07 -3.15285e-05 6.19359e-06 -6.01825e-06 3.09196e-05 -4.77673e-05 0.000110232
internal_weight=2.39632e+06 369640 2.02668e+06 1.35665e+06 670031 331650 37990
internal_count=2396322 369640 2026682 1356651 670031 331650 37990
is_linear=0
shrinkage=0.00720685


Tree=252
num_leaves=8
num_cat=0
split_feature=2 0 13 25 0 6 2
split_gain=8.77916 7.76077 5.29597 5.42233 3.00175 2.31481 1.73987
threshold=-0.35423469543457026 -2.2573887109756465 0.99569448828697216 0.017155314795672897 0.80547991394996654 1.3202064037323 -3.770081520080566
decision_type=2 2 8 10 2 10 2
left_child=1 6 3 -2 -3 -4 -1
right_child=2 4 5 -5 -6 -7 -8
leaf_value=-0.00022190820686806087 -9.382532488329991e-06 -1.7951598968239588e-05 4.3177872424668258e-05 1.7281304296867404e-05 6.1119841663903702e-05 0.00019159434130984051 -8.6774275732168604e-05
leaf_weight=5409 764614 565580 148951 821951 26085 5665 58129
leaf_count=5409 764614 565580 148951 821951 26085 5665 58129
internal_value=-1.06834e-07 -2.25936e-05 8.3549e-06 4.43118e-06 -1.44654e-05 4.8617e-05 -9.82818e-05
internal_weight=2.39638e+06 655203 1.74118e+06 1.58656e+06 591665 154616 63538
internal_count=2396384 655203 1741181 1586565 591665 154616 63538
is_linear=0
shrinkage=0.00720685


Tree=253
num_leaves=8
num_cat=0
split_feature=2 15 0 11 12 11 9
split_gain=8.95554 7.33946 7.13759 5.49641 4.30456 2.43075 2.27656
threshold=-0.28273944556713099 -0.17638228833675382 -1.8197679519653318 -1.4412102103233335 0.66112786531448375 2.064728975296021 2.248711466789246
decision_type=2 2 2 10 8 8 8
left_child=2 3 6 -2 -3 -4 -1
right_child=1 4 5 -5 -6 -7 -8
leaf_value=-9.7325931178285705e-05 -5.8879506756509371e-05 3.1274421392924731e-05 -1.4929885491675449e-05 -5.1044549274094236e-07 -5.1871016958007652e-06 0.00012602047503481752 2.7745544161573508e-05
leaf_weight=74389 95935 692948 635168 661980 222061 6418 8413
leaf_count=74389 95935 692948 635168 661980 222061 6418 8413
internal_value=-4.78692e-07 8.68723e-06 -2.16468e-05 -7.89875e-06 2.24257e-05 -1.35197e-05 -8.46177e-05
internal_weight=2.39731e+06 1.67292e+06 724388 757915 915009 641586 82802
internal_count=2397312 1672924 724388 757915 915009 641586 82802
is_linear=0
shrinkage=0.00720685


Tree=254
num_leaves=8
num_cat=0
split_feature=9 18 18 9 21 18 9
split_gain=8.19535 17.2914 11.543 11.8014 8.90541 4.38846 3.06381
threshold=-0.74454328417778004 -0.7758258283138274 -0.22486788034439084 0.41805844008922582 inf 3.3161724805831914 -1.9858974218368528
decision_type=8 8 8 8 8 8 10
left_child=1 6 3 -2 -4 -3 -1
right_child=2 5 4 -5 -6 -7 -8
leaf_value=0.00034839805268188276 5.4070092666929115e-06 -4.3866546693748664e-05 2.2099005473058746e-05 -4.6081361211261519e-05 0.00055524904201246605 -0.00019779375831115162 9.5870564703734297e-05
leaf_weight=2684 707057 321430 974778 343551 1629 9916 35398
leaf_count=2684 707057 321430 974778 343551 1629 9916 35398
internal_value=-5.39948e-07 -3.17582e-05 5.14965e-06 -1.14298e-05 2.29891e-05 -4.84737e-05 0.000113677
internal_weight=2.39644e+06 369428 2.02702e+06 1.05061e+06 976407 331346 38082
internal_count=2396443 369428 2027015 1050608 976407 331346 38082
is_linear=0
shrinkage=0.00720685


Tree=255
num_leaves=8
num_cat=0
split_feature=2 15 1 25 21 2 23
split_gain=8.95809 7.25487 6.53446 6.00318 4.12477 3.55281 3.05683
threshold=-0.35423469543457026 0.53081604838371288 1.2509582042694094 0.10264293104410173 -1.4944184422492979 0.39714622497558599 -0.6321573257446288
decision_type=2 2 2 8 10 2 8
left_child=2 3 4 -2 -1 -3 -4
right_child=1 5 6 -5 -6 -7 -8
leaf_value=0.00020714627142279601 -1.3775834983894692e-05 1.655177953108243e-05 -0.00013154932868530067 1.7388000233902948e-05 -1.2609077332844093e-05 5.8649729559321816e-05 -4.8971263520307567e-05
leaf_weight=4475 745280 255061 28691 564008 499558 175950 123526
leaf_count=4475 745280 255061 28691 564008 499558 175950 123526
internal_value=-4.64888e-07 8.09134e-06 -2.3155e-05 -3.51224e-07 -1.06576e-05 3.37374e-05 -6.45371e-05
internal_weight=2.39655e+06 1.7403e+06 656250 1.30929e+06 504033 431011 152217
internal_count=2396549 1740299 656250 1309288 504033 431011 152217
is_linear=0
shrinkage=0.00720685


Tree=256
num_leaves=8
num_cat=0
split_feature=0 7 21 23 19 7 23
split_gain=8.44132 6.53726 7.24118 2.79735 2.72334 2.36312 1.19784
threshold=-4.2782008647918692 1.4946500658988955 inf -0.8672649860382079 -0.56024855375289906 0.79481542110443126 -1.0082460045814512
decision_type=2 2 8 10 10 2 8
left_child=4 2 -2 -3 6 -6 -1
right_child=1 3 -4 -5 5 -7 -8
leaf_value=0.00027935447113295702 3.7619039547629934e-06 -0.00018233540637423913 0.0003817112031184941 -4.5447766994865637e-05 -0.00012002739785384229 -0.0002948070364113884 -4.257510755307012e-05
leaf_weight=646 2274267 8573 2635 81085 13726 5682 8324
leaf_count=646 2274267 8573 2635 81085 13726 5682 8324
internal_value=3.40915e-07 1.82257e-06 4.19946e-06 -5.85389e-05 -0.000123215 -0.00017121 -1.93606e-05
internal_weight=2.39494e+06 2.36656e+06 2.2769e+06 89658 28378 19408 8970
internal_count=2394938 2366560 2276902 89658 28378 19408 8970
is_linear=0
shrinkage=0.00720685


Tree=257
num_leaves=8
num_cat=0
split_feature=0 8 17 7 17 12 22
split_gain=9.23775 6.5202 7.1197 4.51417 2.38153 1.72055 1.11303
threshold=-3.7301558256149288 1.270885229110718 0.26394817233085638 -0.019476874731481072 0.18039481341838839 -0.56115800142288197 0.86922529339790355
decision_type=2 8 2 2 2 10 2
left_child=4 2 -2 -3 5 -1 -6
right_child=1 3 -4 -5 6 -7 -8
leaf_value=5.5985017643611961e-05 -1.1099489926766982e-05 5.4314095939922709e-06 1.7042008005721534e-05 7.0145171407038506e-05 8.2505557418500515e-05 -0.0001509016869247936 -0.00010784656159696324
leaf_weight=2245 1442912 108369 690333 115822 4298 29704 2536
leaf_count=2245 1442912 108369 690333 115822 4298 29704 2536
internal_value=7.77999e-08 1.89279e-06 -1.99269e-06 3.88642e-05 -0.000110243 -0.000136362 1.18597e-05
internal_weight=2.39622e+06 2.35744e+06 2.13324e+06 224191 38783 31949 6834
internal_count=2396219 2357436 2133245 224191 38783 31949 6834
is_linear=0
shrinkage=0.00720685


Tree=258
num_leaves=8
num_cat=0
split_feature=7 21 8 8 18 4 23
split_gain=7.28509 6.79109 9.61646 5.50427 4.88989 2.47797 1.63696
threshold=1.3942345976829531 inf 0.48762010037899023 1.270885229110718 3.3161724805831914 inf -1.4774606227874754
decision_type=2 8 10 8 10 8 10
left_child=1 3 -3 -1 5 -2 -6
right_child=4 2 -4 -5 6 -7 -8
leaf_value=-1.2776181272839617e-06 -5.1652082601977131e-05 -6.8480035998128681e-05 0.00080789103842090581 3.6536888885462628e-05 0.00018158455044694404 0.00081175343672946598 -0.00038635024153590037
leaf_weight=2069411 99985 1297 1303 221308 289 172 2933
leaf_count=2069411 99985 1297 1303 221308 289 172 2933
internal_value=1.25833e-07 2.79357e-06 0.000370841 2.37567e-06 -5.90535e-05 -5.01615e-05 -0.000335363
internal_weight=2.3967e+06 2.29332e+06 2600 2.29072e+06 103379 100157 3222
internal_count=2396698 2293319 2600 2290719 103379 100157 3222
is_linear=0
shrinkage=0.00720685


Tree=259
num_leaves=8
num_cat=0
split_feature=2 19 8 7 21 25 2
split_gain=9.2487 6.45754 5.65884 3.83879 3.69977 2.70075 2.14794
threshold=-0.36503681540489191 -0.34230117499828333 1.5160297751426699 0.53268766403198253 -1.4944184422492979 4.1405611038208017 -3.770081520080566
decision_type=2 8 8 2 10 10 2
left_child=3 5 -3 4 -1 -2 -5
right_child=1 2 -4 6 -6 -7 -8
leaf_value=0.00021365844905458245 2.7077691596602956e-05 -7.8004466721053919e-06 4.9006653210591064e-05 -0.00017358663160501101 -1.4432814940114467e-05 -0.00017996550645710374 -4.6335596072307475e-05
leaf_weight=3723 646029 1000428 100199 7159 452878 3288 182638
leaf_count=3723 646029 1000428 100199 7159 452878 3288 182638
internal_value=-6.00278e-07 8.00468e-06 -2.62877e-06 -2.38958e-05 -1.25725e-05 2.6029e-05 -5.11364e-05
internal_weight=2.39634e+06 1.74994e+06 1.10063e+06 646398 456601 649317 189797
internal_count=2396342 1749944 1100627 646398 456601 649317 189797
is_linear=0
shrinkage=0.00720685


Tree=260
num_leaves=8
num_cat=0
split_feature=9 18 18 9 20 9 18
split_gain=8.24134 16.1305 11.5614 11.3016 6.5268 4.65617 2.91309
threshold=-0.70714393258094776 -0.4533273577690124 -0.22486788034439084 0.46519780158996588 -1.0179252028465269 -1.9858974218368528 3.3161724805831914
decision_type=8 8 10 10 10 10 8
left_child=1 5 3 -2 -4 -1 -3
right_child=2 6 4 -5 -6 -7 -8
leaf_value=0.00031139703282382313 4.3588246527159077e-06 -4.7947944715873571e-05 -2.2743411453870658e-05 -4.7057480463477929e-05 3.2213942575232219e-05 5.6148090326482058e-05 -0.00017256360768570613
leaf_weight=3944 778178 311647 130858 310686 788737 62859 10057
leaf_count=3944 778178 311647 130858 310686 788737 62859 10057
internal_value=-2.9896e-07 -3.0683e-05 5.57838e-06 -1.03118e-05 2.43935e-05 7.12224e-05 -5.18442e-05
internal_weight=2.39697e+06 388507 2.00846e+06 1.08886e+06 919595 66803 321704
internal_count=2396966 388507 2008459 1088864 919595 66803 321704
is_linear=0
shrinkage=0.00720685


Tree=261
num_leaves=8
num_cat=0
split_feature=2 0 13 6 10 12 17
split_gain=8.23952 6.77092 5.07981 4.31907 4.23296 2.94603 2.44602
threshold=-0.35423469543457026 -1.5920301675796507 0.95202666521072399 0.19560424238443377 -2.0491511821746822 0.57075884938240062 0.18882767111063006
decision_type=2 2 8 8 10 10 2
left_child=1 6 3 -2 -3 -4 -1
right_child=2 4 5 -5 -6 -7 -8
leaf_value=-9.7228380438983686e-05 1.4513667953100809e-05 0.00016991880909127946 2.9227028497825742e-05 -9.8628904294248513e-06 -1.4085822538767876e-05 9.9014584717282403e-05 -4.8154839798238186e-06
leaf_weight=73587 911312 6569 144806 644505 557875 40123 18646
leaf_count=73587 911312 6569 144806 644505 557875 40123 18646
internal_value=4.54026e-07 -2.12988e-05 8.66005e-06 4.41554e-06 -1.19441e-05 4.4369e-05 -7.85465e-05
internal_weight=2.39742e+06 656677 1.74075e+06 1.55582e+06 564444 184929 92233
internal_count=2397423 656677 1740746 1555817 564444 184929 92233
is_linear=0
shrinkage=0.00720685


Tree=262
num_leaves=8
num_cat=0
split_feature=1 23 9 6 0 7 16
split_gain=8.46499 5.8125 4.9602 5.0814 4.30864 2.42428 1.47147
threshold=0.9082603156566621 -0.780513435602188 1.4739825129508974 0.12691871076822284 -4.2782008647918692 -0.81677347421646107 1.7700738310813906
decision_type=2 8 10 8 2 2 2
left_child=2 5 3 -1 -3 -2 -4
right_child=1 4 6 -5 -6 -7 -8
leaf_value=1.940841296596947e-05 7.1222361356604297e-05 -0.00011157692923662449 -5.6223358388272693e-05 -4.1806364515300779e-06 -1.2275783251559824e-05 -0.00011428463199199034 0.00011985287269593756
leaf_weight=1049922 3956 24370 74112 865109 329969 48603 2549
leaf_count=1049922 3956 24370 74112 865109 329969 48603 2549
internal_value=3.57107e-07 -2.95964e-05 6.47657e-06 8.75213e-06 -1.91057e-05 -0.00010032 -5.0367e-05
internal_weight=2.39859e+06 406898 1.99169e+06 1.91503e+06 354339 52559 76661
internal_count=2398590 406898 1991692 1915031 354339 52559 76661
is_linear=0
shrinkage=0.00720685


Tree=263
num_leaves=8
num_cat=0
split_feature=2 0 23 25 25 10 23
split_gain=7.87744 8.00058 4.64097 4.49413 3.87565 3.46922 2.63336
threshold=-0.11978618428111075 -1.5920301675796507 -0.70756071805953968 0.014354820828884842 -0.81919312477111805 1.4530579447746279 -0.10087016597390173
decision_type=2 2 8 8 8 10 8
left_child=1 6 -3 4 -2 -5 -1
right_child=3 2 -4 5 -6 -7 -8
leaf_value=-0.00011702930808515378 4.6646340705385468e-05 -4.8973425727121321e-05 -1.2529760670679335e-06 2.7885405507311359e-05 -8.6820410768539485e-06 -1.7779001181517537e-05 -4.2839144213154975e-05
leaf_weight=46125 73596 125434 677942 704425 617248 98491 53877
leaf_count=46125 73596 125434 677942 704425 617248 98491 53877
internal_value=5.28729e-07 -1.62708e-05 -8.70382e-06 1.06885e-05 -2.78778e-06 2.22839e-05 -7.70597e-05
internal_weight=2.39714e+06 903378 803376 1.49376e+06 690844 802916 100002
internal_count=2397138 903378 803376 1493760 690844 802916 100002
is_linear=0
shrinkage=0.00720685


Tree=264
num_leaves=8
num_cat=0
split_feature=2 15 23 10 1 1 18
split_gain=7.89139 7.37065 6.0917 5.40705 4.17413 3.89346 3.22229
threshold=-0.24747025221586225 -0.10184058547019957 -0.70756071805953968 1.4530579447746279 2.0788921117782597 0.65491139888763439 -0.24981831759214398
decision_type=2 2 8 10 2 2 10
left_child=2 3 5 -2 -4 -1 -3
right_child=1 6 4 -5 -6 -7 -8
leaf_value=-3.3507149590500858e-05 6.4917637599076271e-07 1.2511286827675981e-05 -5.302599231881448e-06 -5.5679489162125587e-05 -7.9544044522468119e-05 -0.0001177412295847341 4.1509971875197878e-05
leaf_weight=73609 706967 493787 597617 101176 42104 46509 333401
leaf_count=73609 706967 493787 597617 101176 42104 46509 333401
internal_value=1.59527e-07 9.0764e-06 -1.90314e-05 -6.40295e-06 -1.0189e-05 -6.6123e-05 2.41994e-05
internal_weight=2.39517e+06 1.63533e+06 759839 808143 639721 120118 827188
internal_count=2395170 1635331 759839 808143 639721 120118 827188
is_linear=0
shrinkage=0.00720685


Tree=265
num_leaves=8
num_cat=0
split_feature=1 17 15 12 0 3 17
split_gain=8.06858 5.37362 4.53753 5.65571 4.48679 3.91325 1.93984
threshold=0.9082603156566621 0.18882767111063006 0.53081604838371288 -1.8153480291366575 -3.7301558256149288 1.0000000180025095e-35 1.9812146425247195
decision_type=2 2 2 10 2 10 2
left_child=2 4 3 -1 -2 -4 -3
right_child=1 6 5 -5 -6 -7 -8
leaf_value=-5.683486164641583e-05 -0.00012501373497505523 2.6273521856490479e-05 4.3861252442801857e-05 3.0836430616983637e-06 -3.4914398283584917e-05 3.4854677393263973e-06 -8.345068429400538e-05
leaf_weight=86891 32063 91796 262441 1401517 274214 237513 9207
leaf_count=86891 32063 91796 262441 1401517 274214 237513 9207
internal_value=-9.05263e-08 -2.93141e-05 5.8954e-06 -4.14325e-07 -4.4347e-05 2.468e-05 1.62706e-05
internal_weight=2.39564e+06 407280 1.98836e+06 1.48841e+06 306277 499954 101003
internal_count=2395642 407280 1988362 1488408 306277 499954 101003
is_linear=0
shrinkage=0.00720685


Tree=266
num_leaves=8
num_cat=0
split_feature=7 13 1 6 18 4 13
split_gain=8.02802 5.94129 5.98077 4.63407 3.85384 3.44118 1.19316
threshold=1.3942345976829531 0.99569448828697216 2.0032916069030766 1.3422122001647951 3.3161724805831914 inf -0.98958590626716603
decision_type=2 8 2 10 10 8 10
left_child=1 2 -1 -3 5 -2 -6
right_child=4 3 -4 -5 6 -7 -8
leaf_value=1.4880187019293003e-06 -5.608455987829678e-05 3.372321589760611e-05 -6.9757584030250542e-05 0.00020840023689005046 -0.00022599546182000538 0.0009332367306343378 -0.00054408361358929363
leaf_weight=2036712 99840 183892 63092 8241 2344 182 830
leaf_count=2036712 99840 183892 63092 8241 2344 182 830
internal_value=5.74746e-08 2.85722e-06 -6.52689e-07 4.12166e-05 -6.21228e-05 -5.42753e-05 -0.000309321
internal_weight=2.39513e+06 2.29194e+06 2.0998e+06 192133 103196 100022 3174
internal_count=2395133 2291937 2099804 192133 103196 100022 3174
is_linear=0
shrinkage=0.00720685


Tree=267
num_leaves=8
num_cat=0
split_feature=2 15 1 11 2 23 11
split_gain=8.86593 7.08091 6.70467 5.66469 3.65484 3.52907 2.95457
threshold=-0.35423469543457026 0.20798531174659732 1.2253659367561343 -1.5383957624435423 0.1803117319941521 -0.1636889651417732 2.064728975296021
decision_type=2 2 2 8 2 8 8
left_child=2 3 6 -2 -3 -4 -1
right_child=1 4 5 -5 -6 -7 -8
leaf_value=-1.2294738939461023e-05 -5.169040523652656e-05 5.6694748877236344e-06 -0.00010392124538036045 2.1776623234429895e-06 4.1104964465133251e-05 -3.482082316430571e-05 0.00016418153385829571
leaf_weight=494272 112862 251753 67443 997608 378412 89110 4976
leaf_count=494272 112862 251753 67443 997608 378412 89110 4976
internal_value=-8.55894e-07 7.65267e-06 -2.34394e-05 -3.2972e-06 2.69484e-05 -6.45899e-05 -1.05354e-05
internal_weight=2.39644e+06 1.74064e+06 655801 1.11047e+06 630165 156553 499248
internal_count=2396436 1740635 655801 1110470 630165 156553 499248
is_linear=0
shrinkage=0.00720685


Tree=268
num_leaves=8
num_cat=0
split_feature=1 13 6 9 15 12 0
split_gain=7.82964 5.54807 5.53166 4.23735 4.17057 3.86271 2.1738
threshold=2.0032916069030766 0.97296303510665905 0.25488629937171942 2.248711466789246 0.1693692281842232 0.57075884938240062 -5.2207963466644278
decision_type=2 8 8 10 2 10 2
left_child=1 2 -1 6 -5 -3 -2
right_child=3 5 -4 4 -6 -7 -8
leaf_value=9.0138366194116673e-06 -0.0001742733495791765 2.0917153705381911e-05 -1.4606429536086179e-05 -0.0001834036875983328 0.0011588877407194911 9.4195338795496271e-05 -6.0615766782523979e-05
leaf_weight=1210772 10057 163913 896085 207 285 48393 66744
leaf_count=1210772 10057 163913 896085 207 285 48393 66744
internal_value=1.28013e-07 2.50617e-06 -1.03229e-06 -7.1227e-05 0.000594822 3.76206e-05 -7.55014e-05
internal_weight=2.39646e+06 2.31916e+06 2.10686e+06 77293 492 212306 76801
internal_count=2396456 2319163 2106857 77293 492 212306 76801
is_linear=0
shrinkage=0.00720685


Tree=269
num_leaves=8
num_cat=0
split_feature=7 19 17 17 17 8 17
split_gain=7.66115 5.87347 5.57836 4.51073 2.08963 2.17851 2.08749
threshold=1.1636593341827395 -0.35569505393505091 0.39870703220367437 4.8196761608123788 0.26394817233085638 -1.0000398159027097 1.8017789721488955
decision_type=2 8 2 2 2 8 2
left_child=1 3 -3 -1 5 -2 -6
right_child=4 2 -4 -5 6 -7 -8
leaf_value=1.9471508831990252e-05 -0.0001823719249021158 -1.4949034435654103e-05 1.6076251515583673e-05 -0.00024767652558616449 3.1366916234492686e-05 -5.9031311666866866e-05 -0.00012366079840901085
leaf_weight=817753 8070 1014765 427931 3295 22983 94879 5612
leaf_count=817753 8070 1014765 427931 3295 22983 94879 5612
internal_value=-9.58745e-08 3.01108e-06 -5.74632e-06 1.83991e-05 -5.35634e-05 -6.87016e-05 9.37495e-07
internal_weight=2.39529e+06 2.26374e+06 1.4427e+06 821048 131544 102949 28595
internal_count=2395288 2263744 1442696 821048 131544 102949 28595
is_linear=0
shrinkage=0.00720685


Tree=270
num_leaves=8
num_cat=0
split_feature=1 9 2 13 18 23 18
split_gain=7.88661 5.90522 5.39508 4.68608 4.4003 3.86658 3.01052
threshold=0.87177971005439769 1.6124103069305422 -0.70574870705604542 0.99569448828697216 1.6636593341827395 -0.13000071793794629 0.11837057769298555
decision_type=2 10 2 8 10 8 8
left_child=1 3 5 -1 -3 -2 -4
right_child=2 4 6 -5 -6 -7 -8
leaf_value=4.7357524349351808e-06 -9.4768798373788356e-05 -9.8598583100118774e-05 -4.3494469739732565e-05 4.4269761955300584e-05 7.6572825437692574e-05 -2.7408333124101196e-05 1.0638011214242644e-05
leaf_weight=1745745 81592 43949 77603 170976 8967 96736 170803
leaf_count=1745745 81592 43949 77603 170976 8967 96736 170803
internal_value=1.03327e-07 6.18888e-06 -2.79851e-05 8.26231e-06 -6.89132e-05 -5.82289e-05 -6.27318e-06
internal_weight=2.39637e+06 1.96964e+06 426734 1.91672e+06 52916 178328 248406
internal_count=2396371 1969637 426734 1916721 52916 178328 248406
is_linear=0
shrinkage=0.00720685


Tree=271
num_leaves=8
num_cat=0
split_feature=2 1 19 23 18 25 25
split_gain=7.6544 6.31668 6.23807 4.34007 4.01118 3.60707 2.6777
threshold=-0.28273944556713099 1.9395976662635805 -0.16148427128791806 -0.70756071805953968 -0.22486788034439084 0.066354837268590941 -0.0057516640517860642
decision_type=2 2 8 8 10 8 8
left_child=1 3 4 -1 -2 -4 -3
right_child=2 6 5 -5 -6 -7 -8
leaf_value=-5.6306451551188489e-05 6.5617045376093335e-06 -0.00014500533644763548 -2.0677075335939308e-05 -5.6645477629006349e-06 3.734460666719278e-05 1.0300975198316105e-05 -4.9537879243937481e-05
leaf_weight=104370 468887 26149 438269 556831 413969 352040 36648
leaf_count=104370 468887 26149 438269 556831 413969 352040 36648
internal_value=-6.41551e-07 -2.02189e-05 7.82977e-06 -1.36584e-05 2.09958e-05 -6.878e-06 -8.9293e-05
internal_weight=2.39716e+06 723998 1.67316e+06 661201 882856 790309 62797
internal_count=2397163 723998 1673165 661201 882856 790309 62797
is_linear=0
shrinkage=0.00720685


Tree=272
num_leaves=8
num_cat=0
split_feature=0 8 17 19 15 21 6
split_gain=7.862 5.92253 6.47655 3.13636 3.63048 1.97757 1.966
threshold=-3.3171809911727901 1.4578467011451723 0.23586045205593112 -0.65817278623580922 -1.0504429340362547 inf 0.62081804871559154
decision_type=2 8 2 10 2 8 10
left_child=3 2 -2 4 -1 -3 -5
right_child=1 5 -4 6 -6 -7 -8
leaf_value=-0.00028747345242743385 -1.0013095731124708e-05 3.9858854780022422e-05 1.6409404583323171e-05 -0.00017769908089848699 6.1342638268349303e-05 0.00046540589400366098 -7.0957167906419568e-05
leaf_weight=1822 1436567 186135 724978 18106 10340 568 17751
leaf_count=1822 1436567 186135 724978 18106 10340 568 17751
internal_value=3.4595e-07 2.2127e-06 -1.15103e-06 -9.09403e-05 9.06581e-06 4.1156e-05 -0.00012486
internal_weight=2.39627e+06 2.34825e+06 2.16154e+06 48019 12162 186703 35857
internal_count=2396267 2348248 2161545 48019 12162 186703 35857
is_linear=0
shrinkage=0.00720685


Tree=273
num_leaves=8
num_cat=0
split_feature=9 18 18 9 21 18 9
split_gain=7.64567 16.2741 11.3699 10.8854 8.48562 4.59039 2.8264
threshold=-0.76447647809982289 -0.7758258283138274 -0.23360456526279447 0.46519780158996588 inf 3.3161724805831914 -1.9858974218368528
decision_type=8 10 8 8 8 10 10
left_child=1 6 3 -2 -4 -3 -1
right_child=2 5 4 -5 -6 -7 -8
leaf_value=0.00034221664226952218 4.036408570268177e-06 -4.1815538634397398e-05 2.2201349524495907e-05 -4.6976019486879218e-05 0.00053347176347077845 -0.00019906896359821663 9.6540910532171966e-05
leaf_weight=2621 737073 314060 989265 308067 1688 9946 33667
leaf_count=2621 737073 314060 989265 308067 1688 9946 33667
internal_value=1.67855e-07 -3.04337e-05 5.58294e-06 -1.10001e-05 2.30728e-05 -4.66434e-05 0.000114295
internal_weight=2.39639e+06 360294 2.03609e+06 1.04514e+06 990953 324006 36288
internal_count=2396387 360294 2036093 1045140 990953 324006 36288
is_linear=0
shrinkage=0.00720685


Tree=274
num_leaves=8
num_cat=0
split_feature=2 15 7 23 10 12 8
split_gain=8.30688 7.41202 5.7899 5.31443 3.95875 3.16035 2.61094
threshold=-0.11978618428111075 0.22775608301162723 -0.071638546884059892 -0.70756071805953968 -1.8957412242889402 0.49991890788078314 0.73218020796775829
decision_type=2 2 2 8 10 8 8
left_child=3 2 -2 6 -5 -3 -1
right_child=1 5 -4 4 -6 -7 -8
leaf_value=-7.2446865609200085e-05 -1.7214862665966031e-05 4.4185542175007775e-05 1.818501920788473e-05 0.00011010057704372431 -1.1865133575183377e-05 5.8893561868153793e-06 6.7490640892953502e-06
leaf_weight=115500 533052 362356 436453 14082 746115 161944 26600
leaf_count=115500 533052 362356 436453 14082 746115 161944 26600
internal_value=9.80051e-08 1.05269e-05 -1.27847e-06 -1.71677e-05 -9.60566e-06 3.23568e-05 -5.76219e-05
internal_weight=2.3961e+06 1.4938e+06 969505 902297 760197 524300 142100
internal_count=2396102 1493805 969505 902297 760197 524300 142100
is_linear=0
shrinkage=0.00720685


Tree=275
num_leaves=8
num_cat=0
split_feature=9 19 2 12 0 19 25
split_gain=7.53631 5.95259 5.79026 4.73926 4.37292 1.8927 1.59465
threshold=-0.70714393258094776 -0.34230117499828333 0.077627014368772521 -1.7187790870666502 -1.3207669258117674 -0.1141863279044628 0.011431879829615356
decision_type=8 8 2 10 2 8 8
left_child=4 2 -2 -3 5 -1 -6
right_child=1 3 -4 -5 6 -7 -8
leaf_value=-4.73697517623993e-05 -4.8343242071108085e-07 -5.6946376199386096e-05 4.0038641124027191e-05 3.5636563164857941e-09 -3.5502788534080113e-05 -0.00012019661414540048 -2.6282348010346945e-06
leaf_weight=44423 329160 81092 412880 1184104 135238 31809 176863
leaf_count=44423 329160 81092 412880 1184104 135238 31809 176863
internal_value=2.35522e-07 5.85796e-06 2.20635e-05 -3.64663e-06 -2.88259e-05 -7.77594e-05 -1.68734e-05
internal_weight=2.39557e+06 2.00724e+06 742040 1.2652e+06 388333 76232 312101
internal_count=2395569 2007236 742040 1265196 388333 76232 312101
is_linear=0
shrinkage=0.00720685


Tree=276
num_leaves=8
num_cat=0
split_feature=0 7 21 23 25 9 12
split_gain=8.12079 6.64152 7.26357 3.01408 2.45253 1.43444 1.43406
threshold=-3.7301558256149288 1.4946500658988955 inf -1.0305939912796018 0.25311696529388433 -2.7730346918106075 0.76797509193420421
decision_type=2 2 8 10 8 8 10
left_child=4 2 -2 -3 5 -1 -6
right_child=1 3 -4 -5 6 -7 -8
leaf_value=-0.00024309928971123098 3.3210227108956235e-06 -0.0002228139639387978 0.00038497714984592733 -4.9069638836191155e-05 4.9504947575304388e-05 -0.00011512633879103332 -0.00010466890065724699
leaf_weight=5887 2267283 5532 2592 82733 6789 20039 5818
leaf_count=5887 2267283 5532 2592 82733 6789 20039 5818
internal_value=-3.23803e-07 1.372e-06 3.75701e-06 -5.99616e-05 -0.000104101 -0.000144194 -2.16452e-05
internal_weight=2.39667e+06 2.35814e+06 2.26988e+06 88265 38533 25926 12607
internal_count=2396673 2358140 2269875 88265 38533 25926 12607
is_linear=0
shrinkage=0.00720685


Tree=277
num_leaves=8
num_cat=0
split_feature=9 18 18 9 3 18 9
split_gain=6.76677 16.0163 10.9555 11.1102 7.0316 4.27079 3.11759
threshold=-0.74454328417778004 -0.7758258283138274 -0.22486788034439084 0.30586847662925726 0.27463939785957342 3.3161724805831914 -1.7989779710769651
decision_type=8 10 8 8 8 10 10
left_child=1 6 3 -2 -4 -3 -1
right_child=2 5 4 -5 -6 -7 -8
leaf_value=0.00030940517901287566 8.2712039337798999e-06 -3.9995201225634062e-05 3.8234335552159741e-05 -3.941598124140186e-05 -1.1837920991696963e-06 -0.00019160747808713574 9.0340028141559821e-05
leaf_weight=3745 621401 322485 582568 428888 394017 9947 34031
leaf_count=3745 621401 322485 582568 428888 394017 9947 34031
internal_value=-2.20326e-07 -2.85528e-05 4.95459e-06 -1.1202e-05 2.23305e-05 -4.45323e-05 0.000112065
internal_weight=2.39708e+06 370208 2.02687e+06 1.05029e+06 976585 332432 37776
internal_count=2397082 370208 2026874 1050289 976585 332432 37776
is_linear=0
shrinkage=0.00720685


Tree=278
num_leaves=8
num_cat=0
split_feature=0 7 19 23 9 19 23
split_gain=8.21758 5.80063 6.01584 3.26534 2.73823 4.38437 2.08718
threshold=-3.3171809911727901 1.3078627586364748 -0.35569505393505091 -0.88280844688415516 0.75221103429794323 -1.4769880771636961 0.048358708620071418
decision_type=2 2 8 10 8 8 10
left_child=4 2 -2 -3 6 -6 -1
right_child=1 3 -4 -5 5 -7 -8
leaf_value=-0.00015946155747354791 1.9930711547491748e-05 -0.00017635307808622439 -4.5920945455159257e-06 -3.7697559025359622e-05 0.0012194146589604034 -3.0645022406332987e-06 -4.8461759887112315e-05
leaf_weight=24950 816235 9726 1429550 94803 154 9188 13594
leaf_count=24950 816235 9726 1429550 94803 154 9188 13594
internal_value=-2.60906e-08 1.87813e-06 4.32076e-06 -5.06006e-05 -9.34868e-05 1.72062e-05 -0.000120316
internal_weight=2.3982e+06 2.35031e+06 2.24578e+06 104529 47886 9342 38544
internal_count=2398200 2350314 2245785 104529 47886 9342 38544
is_linear=0
shrinkage=0.00720685


Tree=279
num_leaves=8
num_cat=0
split_feature=0 25 6 7 25 6 15
split_gain=7.51359 5.85667 4.79933 4.71136 2.22936 1.45952 1.45548
threshold=-4.2782008647918692 0.011431879829615356 0.1073286682367325 1.0498710274696352 0.25311696529388433 0.5198194980621339 -0.54120486974716175
decision_type=2 8 8 2 8 10 2
left_child=4 2 -2 -3 5 -1 -6
right_child=1 3 -4 -5 6 -7 -8
leaf_value=-0.00023178681334390367 3.0344595498559493e-06 1.4452938582704755e-05 -2.7310433672206637e-05 -4.8531402342572887e-05 -0.00010699693235062245 -0.00010501202235991336 7.4447922179063107e-05
leaf_weight=8533 565688 1217780 519135 64974 5112 10554 4167
leaf_count=8533 565688 1217780 519135 64974 5112 10554 4167
internal_value=-5.58165e-07 8.38787e-07 -1.14869e-05 1.12626e-05 -0.000117152 -0.000161698 -2.55119e-05
internal_weight=2.39594e+06 2.36758e+06 1.08482e+06 1.28275e+06 28366 19087 9279
internal_count=2395943 2367577 1084823 1282754 28366 19087 9279
is_linear=0
shrinkage=0.00720685


Tree=280
num_leaves=8
num_cat=0
split_feature=2 15 10 23 12 10 12
split_gain=7.94466 6.7313 5.14663 4.90955 4.30981 3.76575 2.69674
threshold=-0.28273944556713099 -0.13911824673414228 1.4530579447746279 -0.780513435602188 0.61540672183036815 -1.8957412242889402 0.57978105545043956
decision_type=2 2 10 8 8 10 10
left_child=3 2 -2 6 -3 -5 -1
right_child=1 4 -4 5 -6 -7 -8
leaf_value=-3.6757375963054106e-05 2.1985486971339056e-07 3.1767306581995775e-05 -5.5523887289816568e-05 0.00010721013335749528 -4.5219297057185206e-06 -1.5200999123242753e-05 -0.00011392133434209707
leaf_weight=59271 693711 649534 98201 13336 230225 612356 39005
leaf_count=59271 693711 649534 98201 13336 230225 612356 39005
internal_value=-8.6835e-08 8.55003e-06 -6.69267e-06 -2.00297e-05 2.22707e-05 -1.25917e-05 -6.73842e-05
internal_weight=2.39564e+06 1.67167e+06 791912 723968 879759 625692 98276
internal_count=2395639 1671671 791912 723968 879759 625692 98276
is_linear=0
shrinkage=0.00720685


Tree=281
num_leaves=8
num_cat=0
split_feature=1 23 18 23 25 18 25
split_gain=7.26148 5.5605 4.8171 4.76548 4.76712 2.12034 1.92041
threshold=0.9082603156566621 -0.780513435602188 3.0491762161254887 1.2327008247375491 0.063542772084474577 3.8026243448257451 0.0028708910103887324
decision_type=2 8 10 8 10 10 8
left_child=3 5 -3 4 -1 -2 -5
right_child=1 2 -4 6 -6 -7 -8
leaf_value=-1.2651246314403204e-06 -0.00010512063315472919 -1.1838244490686711e-05 -0.00014814573446660518 -7.9633423111011018e-05 2.2068033516850803e-05 0.00015408228293437427 -1.8822377442038233e-05
leaf_weight=1024487 50723 340828 14019 35600 817807 1693 111298
leaf_count=1024487 50723 340828 14019 35600 817807 1693 111298
internal_value=2.66354e-07 -2.74588e-05 -1.72238e-05 5.94276e-06 9.09262e-06 -9.67454e-05 -3.35602e-05
internal_weight=2.39646e+06 407263 354847 1.98919e+06 1.84229e+06 52416 146898
internal_count=2396455 407263 354847 1989192 1842294 52416 146898
is_linear=0
shrinkage=0.00720685


Tree=282
num_leaves=8
num_cat=0
split_feature=1 2 0 18 1 18 17
split_gain=7.33338 4.93562 4.37802 5.95068 4.43117 2.97515 2.52067
threshold=0.9082603156566621 -1.1461461186408994 0.75504878163337719 -0.22486788034439084 -0.31985688209533686 -1.209337532520294 0.21629349887371066
decision_type=2 2 2 10 2 10 2
left_child=2 5 3 -1 -4 -2 -3
right_child=1 6 4 -5 -6 -7 -8
leaf_value=-1.1430862731987954e-05 6.625009512145242e-05 -2.3683837149833196e-05 3.860112510487405e-05 1.5328473970511937e-05 -0.00013014451536193391 -7.4609501998002537e-05 2.5611476376203834e-05
leaf_weight=883353 8340 209094 254135 844039 8347 117487 72575
leaf_count=883353 8340 209094 254135 844039 8347 117487 72575
internal_value=1.07323e-07 -2.77462e-05 5.81133e-06 1.64428e-06 3.32344e-05 -6.52725e-05 -1.09822e-05
internal_weight=2.39737e+06 407496 1.98987e+06 1.72739e+06 262482 125827 281669
internal_count=2397370 407496 1989874 1727392 262482 125827 281669
is_linear=0
shrinkage=0.00720685


Tree=283
num_leaves=8
num_cat=0
split_feature=1 23 9 18 6 18 9
split_gain=7.41449 5.54066 5.13554 6.72658 5.35723 3.96912 2.12752
threshold=0.96544271707534801 -0.780513435602188 1.1373500823974612 0.85130876302719127 0.12691871076822284 3.0491762161254887 2.248711466789246
decision_type=2 8 10 10 8 10 10
left_child=2 6 4 -4 -1 -3 -2
right_child=1 5 3 -5 -6 -7 -8
leaf_value=2.0521990945372599e-05 -0.00010566240092642969 -1.3466658466725006e-05 -6.0979456504604057e-05 3.5557377469747955e-05 -4.1232036859294047e-06 -0.00013911902116171758 0.00035825310897632444
leaf_weight=981545 48555 315419 123232 53878 859032 13620 518
leaf_count=981545 48555 315419 123232 53878 859032 13620 518
internal_value=-3.53994e-08 -2.93225e-05 5.45297e-06 -3.16122e-05 9.0196e-06 -1.86683e-05 -0.000100758
internal_weight=2.3958e+06 378112 2.01769e+06 177110 1.84058e+06 329039 49073
internal_count=2395799 378112 2017687 177110 1840577 329039 49073
is_linear=0
shrinkage=0.00720685


Tree=284
num_leaves=8
num_cat=0
split_feature=0 8 19 7 19 20 7
split_gain=6.94132 5.67414 5.76416 4.72231 2.9782 2.31207 2.19066
threshold=-3.7301558256149288 1.270885229110718 -0.16622477769851682 -0.055234653875231736 -0.7682150900363921 1.5089262723922732 0.51901769638061535
decision_type=2 8 8 2 10 10 2
left_child=4 2 -2 -3 5 -1 -6
right_child=1 3 -4 -5 6 -7 -8
leaf_value=8.422693305626012e-06 8.8315037486811666e-06 -1.8338193990280843e-06 -1.4942663925479571e-05 6.4868496430565427e-05 -7.7643354356025739e-05 0.00076796480837906269 -0.0002014802284939764
leaf_weight=7698 1153817 97182 979206 127385 18324 213 12470
leaf_count=7698 1153817 97182 979206 127385 18324 213 12470
internal_value=-2.63655e-08 1.54526e-06 -2.08248e-06 3.60029e-05 -9.57549e-05 2.89655e-05 -0.000127796
internal_weight=2.3963e+06 2.35759e+06 2.13302e+06 224567 38705 7911 30794
internal_count=2396295 2357590 2133023 224567 38705 7911 30794
is_linear=0
shrinkage=0.00720685


Tree=285
num_leaves=8
num_cat=0
split_feature=2 15 0 10 12 10 12
split_gain=7.27109 6.97948 6.32333 4.87968 3.51322 3.44731 2.30756
threshold=-0.333060473203659 0.17910713702440265 -1.6976040005683897 1.5238646268844607 0.44503460824489599 -2.0491511821746822 -0.74352815747261036
decision_type=2 2 2 10 10 10 10
left_child=2 3 6 -2 -3 -4 -1
right_child=1 4 5 -5 -6 -7 -8
leaf_value=6.0295952466296119e-05 2.0364381777232272e-06 3.8762673906383374e-05 0.00014975410314042203 -4.7835526616540745e-05 3.1506105383255036e-06 -1.3316885772506305e-05 -8.7172310877267598e-05
leaf_weight=5911 964151 426700 6811 113940 217080 581950 81319
leaf_count=5911 964151 426700 6811 113940 217080 581950 81319
internal_value=1.14687e-07 7.97797e-06 -1.99145e-05 -3.23438e-06 2.67545e-05 -1.14301e-05 -7.71785e-05
internal_weight=2.39786e+06 1.72187e+06 675991 1.07809e+06 643780 588761 87230
internal_count=2397862 1721871 675991 1078091 643780 588761 87230
is_linear=0
shrinkage=0.00720685


Tree=286
num_leaves=8
num_cat=0
split_feature=0 0 25 19 19 18 25
split_gain=7.17917 5.80335 5.4839 3.65034 2.85253 2.82582 1.77749
threshold=-4.2782008647918692 0.69706729054451 0.011431879829615356 -0.47834391891956324 -0.77908954024314869 2.8408670425415044 -0.017620352096855637
decision_type=2 2 8 10 8 8 8
left_child=4 2 -2 -3 5 -1 -6
right_child=1 3 -4 -5 6 -7 -8
leaf_value=-2.1676223412645389e-05 -1.6570868917848978e-05 6.4610142671646761e-05 7.1358486645956656e-06 1.269189757892587e-05 -0.00021405329326556409 0.00052795223156573538 -9.0828718975065741e-05
leaf_weight=2017 937556 102382 1103071 224726 9759 639 16136
leaf_count=2017 937556 102382 1103071 224726 9759 639 16136
internal_value=-6.08563e-07 7.61248e-07 -3.75608e-06 2.89421e-05 -0.000114204 0.000110688 -0.000137275
internal_weight=2.39629e+06 2.36774e+06 2.04063e+06 327108 28551 2656 25895
internal_count=2396286 2367735 2040627 327108 28551 2656 25895
is_linear=0
shrinkage=0.00720685


Tree=287
num_leaves=8
num_cat=0
split_feature=7 19 10 2 18 18 23
split_gain=7.3774 5.6094 5.16505 4.59167 4.18437 2.55089 2.16879
threshold=1.0498710274696352 -0.35569505393505091 -2.0491511821746822 0.020957026630640033 3.3161724805831914 -1.5232186317443845 -1.4262086153030393
decision_type=2 8 10 2 10 10 10
left_child=1 3 -3 -1 5 -2 -6
right_child=4 2 -4 -5 6 -7 -8
leaf_value=-1.1105034779989185e-06 0.00013833990992572089 0.00016201133405678749 -6.3907768234444663e-06 3.3409772375404585e-05 0.00020995031476137976 -4.7600299744919307e-05 -0.0003401196262686229
leaf_weight=353676 3937 9522 1420726 460974 416 142539 3492
leaf_count=353676 3937 9522 1420726 460974 416 142539 3492
internal_value=5.46525e-08 3.32824e-06 -5.2695e-06 1.8423e-05 -4.88122e-05 -4.26015e-05 -0.000281522
internal_weight=2.39528e+06 2.2449e+06 1.43025e+06 814650 150384 146476 3908
internal_count=2395282 2244898 1430248 814650 150384 146476 3908
is_linear=0
shrinkage=0.00720685


Tree=288
num_leaves=8
num_cat=0
split_feature=7 25 21 25 15 23 1
split_gain=8.1721 5.65325 6.9418 4.77515 2.49117 3.03097 1.48371
threshold=1.0498710274696352 0.011431879829615356 inf -2.6028699874877925 -1.1298479437828062 -0.13568776100873944 2.0032916069030766
decision_type=2 8 8 10 2 8 2
left_child=1 3 -3 -1 6 -6 -2
right_child=4 2 -4 -5 5 -7 -8
leaf_value=6.1929212503914133e-05 -0.00010212463228007942 1.2968045758900023e-05 0.00061129910367726875 -1.2948561749114062e-05 -7.7731882555648061e-05 -9.0875693780643446e-06 -0.00027569211941875545
leaf_weight=46354 12982 1229520 1007 967492 63545 70448 3186
leaf_count=46354 12982 1229520 1007 967492 63545 70448 3186
internal_value=-3.67734e-07 3.07602e-06 1.34582e-05 -9.525e-06 -5.18395e-05 -4.1642e-05 -0.000136343
internal_weight=2.39453e+06 2.24437e+06 1.23053e+06 1.01385e+06 150161 133993 16168
internal_count=2394534 2244373 1230527 1013846 150161 133993 16168
is_linear=0
shrinkage=0.00720685


Tree=289
num_leaves=8
num_cat=0
split_feature=0 9 17 9 17 19 9
split_gain=6.73807 5.51909 5.24963 6.34608 4.31274 3.3282 1.6665
threshold=0.35009403526782995 1.0587497949600222 0.21629349887371066 -0.65437334775924672 4.8196761608123788 -0.53158211708068837 1.6124103069305422
decision_type=2 8 2 8 2 8 8
left_child=2 5 3 -1 -4 -2 -3
right_child=1 6 4 -5 -6 -7 -8
leaf_value=-5.0590137034185907e-05 4.5607672762798696e-05 -1.5369931923432576e-05 1.317759758588431e-05 -8.482982905464601e-06 -0.00017325883367208232 1.2850030516020552e-05 -7.7608286035934555e-05
leaf_weight=247942 217796 81611 450343 742963 6537 618764 30770
leaf_count=247942 217796 81611 450343 742963 6537 618764 30770
internal_value=8.2408e-08 1.50082e-05 -9.70057e-06 -1.9019e-05 1.05097e-05 2.13785e-05 -3.24116e-05
internal_weight=2.39673e+06 948941 1.44778e+06 990905 456880 836560 112381
internal_count=2396726 948941 1447785 990905 456880 836560 112381
is_linear=0
shrinkage=0.00720685


Tree=290
num_leaves=8
num_cat=0
split_feature=0 6 12 10 17 19 7
split_gain=7.48189 5.2106 5.94138 4.88642 2.57653 2.16422 1.69622
threshold=-3.3171809911727901 0.078347034752368941 -1.6318122148513792 -2.0491511821746822 -0.58186951279640187 0.052983161062002189 -2.4310249090194698
decision_type=2 8 8 10 2 10 2
left_child=4 2 -2 -3 6 -6 -1
right_child=1 3 -4 -5 5 -7 -8
leaf_value=0.00088060551689400396 -3.2667377733269831e-05 0.00015591318258884298 1.8381458738817331e-05 -1.0121926945192012e-05 -1.0540609245936653e-05 -0.00013428630727251132 -0.00017204192362668981
leaf_weight=79 133271 9280 1062208 1143249 21477 11152 15096
leaf_count=79 133271 9280 1062208 1143249 21477 11152 15096
internal_value=3.31984e-07 2.14923e-06 1.26905e-05 -8.78489e-06 -8.89241e-05 -5.28381e-05 -0.000166506
internal_weight=2.39581e+06 2.34801e+06 1.19548e+06 1.15253e+06 47804 32629 15175
internal_count=2395812 2348008 1195479 1152529 47804 32629 15175
is_linear=0
shrinkage=0.00720685


Tree=291
num_leaves=8
num_cat=0
split_feature=0 13 6 12 19 2 5
split_gain=7.71862 5.8362 5.40653 4.20876 2.87719 1.86256 1.08268
threshold=-4.2782008647918692 0.99569448828697216 0.24465908855199817 0.70863294601440441 -0.54279524087905873 -2.6493028402328487 1.4452874064445498
decision_type=2 8 8 10 10 2 10
left_child=4 2 -2 -3 6 -6 -1
right_child=1 3 -4 -5 5 -7 -8
leaf_value=-2.3352888268233456e-05 8.0238334048848417e-06 2.3510086617064653e-05 -1.4899643990844008e-05 0.00011056138195124784 -0.00026623296295715486 -0.0001166518723999437 0.00064169109880732897
leaf_weight=9088 1230428 159876 944634 35197 6671 12296 128
leaf_count=9088 1230428 159876 944634 35197 6671 12296 128
internal_value=4.50304e-08 1.4549e-06 -1.93187e-06 3.92173e-05 -0.000118517 -0.000169274 -1.40486e-05
internal_weight=2.39832e+06 2.37014e+06 2.17506e+06 195073 28183 18967 9216
internal_count=2398318 2370135 2175062 195073 28183 18967 9216
is_linear=0
shrinkage=0.00720685


Tree=292
num_leaves=8
num_cat=0
split_feature=9 18 18 9 5 18 9
split_gain=6.91253 15.5364 12.7302 10.8534 6.94903 4.01623 3.97492
threshold=-0.70714393258094776 -0.49204435944557184 -0.22486788034439084 0.30586847662925726 0.6111418902873994 3.3161724805831914 -1.9858974218368528
decision_type=8 10 8 8 8 10 10
left_child=1 6 3 -2 -4 -3 -1
right_child=2 5 4 -5 -6 -7 -8
leaf_value=0.00030478700098395754 7.5056489298290671e-06 -4.3254835855269543e-05 1.2896619960767193e-05 -3.9752397638222162e-05 5.6919073915317384e-05 -0.00018996659803977476 6.1530464696281199e-05
leaf_weight=3706 613740 315161 713297 428727 252045 9998 59364
leaf_count=3706 613740 315161 713297 428727 252045 9998 59364
internal_value=1.50155e-07 -2.76876e-05 5.53286e-06 -1.19298e-05 2.43907e-05 -4.77666e-05 7.5829e-05
internal_weight=2.39604e+06 388229 2.00781e+06 1.04247e+06 965342 325159 63070
internal_count=2396038 388229 2007809 1042467 965342 325159 63070
is_linear=0
shrinkage=0.00720685


Tree=293
num_leaves=8
num_cat=0
split_feature=9 18 18 9 21 18 9
split_gain=6.7145 15.5106 10.2597 10.7628 9.96841 3.5927 2.59454
threshold=-0.76447647809982289 -0.81164574623107899 -0.24981831759214398 0.30586847662925726 inf 3.3161724805831914 -1.9858974218368528
decision_type=8 10 8 8 8 10 10
left_child=1 6 3 -2 -4 -3 -1
right_child=2 5 4 -5 -6 -7 -8
leaf_value=0.00034100040974594377 8.3764020982755921e-06 -3.9758515497031903e-05 2.050191624406438e-05 -3.9114317540190179e-05 0.00057219675117758267 -0.00017978795236382625 9.9851327313351298e-05
leaf_weight=2500 609517 316175 1005409 417715 1703 9811 31616
leaf_count=2500 609517 316175 1005409 417715 1703 9811 31616
internal_value=1.24464e-08 -2.86721e-05 5.08996e-06 -1.09353e-05 2.14354e-05 -4.39735e-05 0.000117532
internal_weight=2.39445e+06 360102 2.03434e+06 1.02723e+06 1.00711e+06 325986 34116
internal_count=2394446 360102 2034344 1027232 1007112 325986 34116
is_linear=0
shrinkage=0.00720685


Tree=294
num_leaves=8
num_cat=0
split_feature=1 9 0 23 0 5 4
split_gain=6.93005 5.34073 4.89742 4.79842 3.59704 1.88164 1.82024
threshold=0.9082603156566621 1.5618605017662051 0.75504878163337719 -0.780513435602188 -4.2782008647918692 -1.2694627642631529 0.20615719258785251
decision_type=2 10 2 8 2 10 8
left_child=1 2 -1 6 -5 -3 -2
right_child=3 5 -4 4 -6 -7 -8
leaf_value=3.5129303860652459e-06 -0.00011217710110266023 7.8855525720859888e-05 3.7779348332036072e-05 -0.00010134092045755015 -1.0987464984138841e-05 -7.1777806857197294e-05 -6.7562863303480604e-06
leaf_weight=1678712 42143 4660 248728 24590 329871 56736 10659
leaf_count=1678712 42143 4660 248728 24590 329871 56736 10659
internal_value=2.8083e-07 5.82709e-06 7.9349e-06 -2.68038e-05 -1.72559e-05 -6.03432e-05 -9.08971e-05
internal_weight=2.3961e+06 1.98884e+06 1.92744e+06 407263 354461 61396 52802
internal_count=2396099 1988836 1927440 407263 354461 61396 52802
is_linear=0
shrinkage=0.00720685


Tree=295
num_leaves=8
num_cat=0
split_feature=0 13 8 19 25 19 25
split_gain=6.40832 5.7979 5.24743 2.65636 2.24101 2.09366 2.01392
threshold=-3.7301558256149288 0.93220990896224987 1.270885229110718 -0.7682150900363921 -0.017620352096855637 -0.50443676114082325 0.50179681181907665
decision_type=2 8 8 8 8 10 10
left_child=3 2 -2 6 -5 -3 -1
right_child=1 5 -4 4 -6 -7 -8
leaf_value=2.6028198259395038e-05 -5.4851602780577589e-06 6.5797551002013744e-05 3.4216051268845139e-05 -0.00018531514838207087 -6.6157817559041513e-05 2.0776592090826532e-05 0.00052346310450213725
leaf_weight=3297 1916912 77872 190057 13193 21656 172488 484
leaf_count=3297 1916912 77872 190057 13193 21656 172488 484
internal_value=4.83289e-07 1.99211e-06 -1.90393e-06 -9.15872e-05 -0.000111272 3.47802e-05 8.98257e-05
internal_weight=2.39596e+06 2.35733e+06 2.10697e+06 38630 34849 250360 3781
internal_count=2395959 2357329 2106969 38630 34849 250360 3781
is_linear=0
shrinkage=0.00720685


Tree=296
num_leaves=8
num_cat=0
split_feature=1 12 6 23 15 7 8
split_gain=7.03252 4.83174 4.82961 4.41483 2.9913 2.85909 2.06709
threshold=0.9082603156566621 -1.8667441606521604 0.15598835051059726 -0.79336136579513539 0.43956857919692999 0.6787792742252351 0.28228309750556951
decision_type=2 10 8 8 2 2 10
left_child=1 4 -3 6 -1 -5 -2
right_child=3 2 -4 5 -6 -7 -8
leaf_value=-6.3850069663249785e-05 -0.00011410474390975472 1.8636951178668526e-05 -4.5520094220682102e-06 -7.8475590446883355e-06 3.228402426205133e-05 -5.8710431114812955e-05 -3.4136922808441009e-06
leaf_weight=78142 39848 1050797 838909 284199 21418 71928 11233
leaf_count=78142 39848 1050797 838909 284199 21418 71928 11233
internal_value=1.78727e-07 5.76442e-06 8.34252e-06 -2.7108e-05 -4.31687e-05 -1.81207e-05 -8.97642e-05
internal_weight=2.39647e+06 1.98927e+06 1.88971e+06 407208 99560 356127 51081
internal_count=2396474 1989266 1889706 407208 99560 356127 51081
is_linear=0
shrinkage=0.00720685


Tree=297
num_leaves=8
num_cat=0
split_feature=9 18 18 9 4 23 9
split_gain=6.81621 14.6656 12.0267 12.1718 5.94571 3.42403 2.38529
threshold=-0.70714393258094776 -0.82066431641578663 -0.22486788034439084 0.46519780158996588 -0.14147310703992841 -0.79336136579513539 -1.2704237103462217
decision_type=8 8 8 8 8 8 10
left_child=1 6 3 -2 -4 -3 -1
right_child=2 5 4 -5 -6 -7 -8
leaf_value=0.00019700092259043533 4.7952676919497021e-06 -0.00010300125900824756 4.6159621906121115e-06 -4.9038883485072658e-05 4.0495919144994814e-05 -3.361966880608742e-05 7.0791065596605764e-05
leaf_weight=10824 731158 41978 443256 310889 522811 308055 27640
leaf_count=10824 731158 41978 443256 310889 522811 308055 27640
internal_value=3.70053e-07 -2.72623e-05 5.71593e-06 -1.12659e-05 2.40333e-05 -4.19406e-05 0.000106312
internal_weight=2.39661e+06 388497 2.00811e+06 1.04205e+06 966067 350033 38464
internal_count=2396611 388497 2008114 1042047 966067 350033 38464
is_linear=0
shrinkage=0.00720685


Tree=298
num_leaves=8
num_cat=0
split_feature=0 13 21 12 17 25 22
split_gain=6.48376 5.70786 4.99203 3.80063 2.32121 2.02413 1.07392
threshold=-3.3171809911727901 0.97296303510665905 inf 0.48105709254741674 0.18882767111063006 0.25746649503707891 0.59469941258430492
decision_type=2 8 8 10 2 8 2
left_child=4 2 -2 -3 5 -1 -6
right_child=1 3 -4 -5 6 -7 -8
leaf_value=-0.00014066842109814183 -2.4075622667116374e-06 1.8691523084772367e-05 0.00029805214540027151 8.7394814966293747e-05 9.9844459239050476e-05 -2.8109540812125688e-05 -6.1325824744557194e-05
leaf_weight=27416 2132749 156028 2875 57135 4562 11901 4055
leaf_count=27416 2132749 156028 2875 57135 4562 11901 4055
internal_value=-1.46919e-07 1.54645e-06 -2.00294e-06 3.71068e-05 -8.31216e-05 -0.0001066 2.39993e-05
internal_weight=2.39672e+06 2.34879e+06 2.13562e+06 213163 47934 39317 8617
internal_count=2396721 2348787 2135624 213163 47934 39317 8617
is_linear=0
shrinkage=0.00720685


Tree=299
num_leaves=8
num_cat=0
split_feature=7 21 25 25 23 25 15
split_gain=6.40853 6.54923 5.80951 5.41271 2.13181 2.03926 1.88292
threshold=1.0049847960472109 inf 0.089783508330583586 0.011431879829615356 -0.1636889651417732 -0.14716754108667371 -1.1523637771606443
decision_type=2 8 10 8 8 8 2
left_child=1 3 -3 -1 5 -2 -6
right_child=4 2 -4 -5 6 -7 -8
leaf_value=-9.2246497126131372e-06 -2.8118581847476776e-05 0.00017293392321058232 0.00097562707254192588 1.3315239129788865e-05 -0.00011665114507485999 -0.00010582984938602319 -8.3925917205391817e-06
leaf_weight=1008746 30479 1908 620 1225732 9336 41315 78511
leaf_count=1008746 30479 1908 620 1225732 9336 41315 78511
internal_value=4.06337e-07 3.55455e-06 0.000370098 3.13969e-06 -4.37083e-05 -7.28399e-05 -1.98993e-05
internal_weight=2.39665e+06 2.23701e+06 2528 2.23448e+06 159641 71794 87847
internal_count=2396647 2237006 2528 2234478 159641 71794 87847
is_linear=0
shrinkage=0.00720685


Tree=300
num_leaves=8
num_cat=0
split_feature=1 13 8 12 7 8 25
split_gain=6.55099 5.23617 5.1112 3.60907 2.40964 3.05448 2.2592
threshold=2.0788921117782597 0.92324110865592968 1.5733286142349245 0.70863294601440441 -0.87582707405090321 2.6655817031860356 -0.0057516640517860642
decision_type=2 8 8 10 2 10 8
left_child=1 2 -1 -3 5 -2 -6
right_child=4 3 -4 -5 6 -7 -8
leaf_value=-5.0367097699530346e-06 0.00010634778793351371 2.0032765844802377e-05 4.0216553787645653e-05 9.1037958475619893e-05 -0.00012948367572341088 0.0015479608326894848 -4.3027164578832238e-05
leaf_weight=1931801 2323 212725 138956 45054 26714 78 38074
leaf_count=1931801 2323 212725 138956 45054 26714 78 38074
internal_value=-2.1135e-07 1.81301e-06 -2.00001e-06 3.24433e-05 -7.03681e-05 0.000153782 -7.86775e-05
internal_weight=2.39572e+06 2.32854e+06 2.07076e+06 257779 67189 2401 64788
internal_count=2395725 2328536 2070757 257779 67189 2401 64788
is_linear=0
shrinkage=0.00720685


Tree=301
num_leaves=8
num_cat=0
split_feature=7 19 21 18 18 18 19
split_gain=6.42268 5.25683 5.38795 4.78696 4.20539 2.45737 2.39553
threshold=1.0498710274696352 -0.35569505393505091 inf -0.25760702788829798 3.3161724805831914 -1.7310122251510618 -0.73764064908027638
decision_type=2 8 8 10 10 10 8
left_child=1 3 -3 -1 5 -2 -6
right_child=4 2 -4 -5 6 -7 -8
leaf_value=-3.3125051906765976e-07 0.00018093453025487132 -6.3171226899185019e-06 0.00032921968164622103 3.4593506466431611e-05 0.0004167432186331486 -4.3729714075912584e-05 -0.00032190800399989783
leaf_weight=406208 2573 1428486 2489 409149 242 143749 3745
leaf_count=406208 2573 1428486 2489 409149 242 143749 3745
internal_value=-4.63073e-07 2.58873e-06 -5.73326e-06 1.71941e-05 -4.60715e-05 -3.97778e-05 -0.000276979
internal_weight=2.39664e+06 2.24633e+06 1.43098e+06 815357 150309 146322 3987
internal_count=2396641 2246332 1430975 815357 150309 146322 3987
is_linear=0
shrinkage=0.00720685


Tree=302
num_leaves=8
num_cat=0
split_feature=9 19 12 2 13 1 5
split_gain=6.60529 5.03231 4.7684 4.69154 3.23433 2.57379 1.77329
threshold=-0.70714393258094776 -0.35569505393505091 -1.7187790870666502 0.04963307827711106 1.0920519232749941 2.6371937990188603 -2.6541259288787837
decision_type=8 8 10 2 10 2 10
left_child=4 3 -3 -2 5 -1 -6
right_child=1 2 -4 -5 6 -7 -8
leaf_value=-2.7937412287551264e-05 -1.0176803899506373e-06 -5.6437688812565819e-05 1.68836097222009e-07 3.6204963237984256e-05 -0.00051915384463772354 -0.00013956642734872738 9.7579934001147523e-05
leaf_weight=364873 306537 82582 1206219 412575 246 11052 12476
leaf_count=364873 306537 82582 1206219 412575 246 11052 12476
internal_value=-1.99778e-07 5.06405e-06 -3.45834e-06 2.0338e-05 -2.73949e-05 -3.12197e-05 8.56147e-05
internal_weight=2.39656e+06 2.00791e+06 1.2888e+06 719112 388647 375925 12722
internal_count=2396560 2007913 1288801 719112 388647 375925 12722
is_linear=0
shrinkage=0.00720685


Tree=303
num_leaves=8
num_cat=0
split_feature=2 15 10 1 12 21 2
split_gain=6.07341 6.61794 5.10681 4.91038 3.98027 3.24739 1.9428
threshold=-0.12783582508563993 -0.094855837523937211 1.7198277711868288 0.87177971005439769 0.5521083176136018 inf -2.1804189682006831
decision_type=2 2 10 2 8 8 2
left_child=3 2 -2 5 -3 -1 -5
right_child=1 4 -4 6 -6 -7 -8
leaf_value=-4.9959320555792967e-06 -7.9641767986139998e-07 3.4450759934164381e-05 -7.057552711507222e-05 -7.9186022424714738e-05 -2.2041976604341959e-06 0.00030867116971923178 -3.1060316482866488e-05
leaf_weight=634737 691562 537022 59131 55622 215649 1718 201056
leaf_count=634737 691562 537022 59131 55622 215649 1718 201056
internal_value=4.74549e-09 8.84775e-06 -6.29293e-06 -1.48802e-05 2.39487e-05 -4.14874e-06 -4.14895e-05
internal_weight=2.3965e+06 1.50336e+06 750693 893133 752671 636455 256678
internal_count=2396497 1503364 750693 893133 752671 636455 256678
is_linear=0
shrinkage=0.00720685


Tree=304
num_leaves=8
num_cat=0
split_feature=7 10 19 4 19 1 17
split_gain=6.21743 6.00698 6.15539 4.31006 4.05775 2.708 2.54377
threshold=1.3942345976829531 -2.0491511821746822 -0.17091973870992658 inf -0.52101391553878773 -1.9565966129302976 0.26394817233085638
decision_type=2 10 8 8 8 2 2
left_child=1 5 -3 6 -5 -1 -2
right_child=3 2 -4 4 -6 -7 -8
leaf_value=0.00051968694585194201 -7.5187893704449892e-05 1.2755403254607953e-05 -1.0950634799269526e-05 0.002314583562688139 9.704920561005715e-05 0.00012492909834051899 1.2728304084989061e-05
leaf_weight=971 81487 1189948 1089992 76 97 12681 21630
leaf_count=971 81487 1189948 1089992 76 97 12681 21630
internal_value=-1.38613e-07 2.32458e-06 1.42203e-06 -5.48345e-05 0.00107865 0.000153042 -5.67462e-05
internal_weight=2.39688e+06 2.29359e+06 2.27994e+06 103290 173 13652 103117
internal_count=2396882 2293592 2279940 103290 173 13652 103117
is_linear=0
shrinkage=0.00720685


Tree=305
num_leaves=8
num_cat=0
split_feature=2 15 10 23 1 1 16
split_gain=6.07492 6.00457 5.62046 5.04166 4.46942 3.45757 3.37461
threshold=-0.28273944556713099 0.20798531174659732 1.4991078376770022 -0.780513435602188 2.6371937990188603 0.65491139888763439 0.57847657799720775
decision_type=2 2 10 8 2 2 2
left_child=3 2 -2 5 -5 -1 -3
right_child=1 6 -4 4 -6 -7 -8
leaf_value=-3.0444599554997668e-05 3.3220442622813309e-06 3.3710840214979312e-05 -4.9054563015342398e-05 -6.9093473275510952e-06 -0.00014169333199218304 -0.00011762855112728853 -1.1041004901251232e-05
leaf_weight=59339 947251 498831 119877 613459 13049 39257 106137
leaf_count=59339 947251 498831 119877 613459 13049 39257 106137
internal_value=1.66096e-07 7.72108e-06 -2.56175e-06 -1.72557e-05 -9.7169e-06 -6.51588e-05 2.58594e-05
internal_weight=2.3972e+06 1.6721e+06 1.06713e+06 725104 626508 98596 604968
internal_count=2397200 1672096 1067128 725104 626508 98596 604968
is_linear=0
shrinkage=0.00720685


Tree=306
num_leaves=8
num_cat=0
split_feature=0 25 18 0 1 0 0
split_gain=6.42371 5.60316 5.61574 4.91899 3.76814 2.69143 0.954825
threshold=0.68213847279548656 0.011431879829615356 3.0491762161254887 -2.9496417045593257 -0.35698720812797541 1.5359975099563601 0.8163515329360963
decision_type=2 8 10 2 2 2 2
left_child=1 3 -3 -1 5 -2 -6
right_child=4 2 -4 -5 6 -7 -8
leaf_value=-0.00011838244731938236 3.8119530893706674e-05 8.1246995441367632e-06 -0.00015322685886396659 -1.474342376921848e-05 -3.432549550316463e-05 -8.8690387028361189e-05 -0.00014402475431465447
leaf_weight=24419 319611 1097709 11318 916297 12347 8935 6186
leaf_count=24419 319611 1097709 11318 916297 12347 8935 6186
internal_value=3.58729e-07 -4.49622e-06 6.4779e-06 -1.74338e-05 2.90306e-05 3.46705e-05 -7.09481e-05
internal_weight=2.39682e+06 2.04974e+06 1.10903e+06 940716 347079 328546 18533
internal_count=2396822 2049743 1109027 940716 347079 328546 18533
is_linear=0
shrinkage=0.00720685


Tree=307
num_leaves=8
num_cat=0
split_feature=1 10 6 9 1 1 12
split_gain=6.39139 5.30717 4.91932 4.4463 3.44643 2.80355 2.1955
threshold=2.0032916069030766 -2.0491511821746822 0.12691871076822284 2.248711466789246 2.8717339038848881 -1.9565966129302976 -0.66428133845329274
decision_type=2 10 8 10 2 2 10
left_child=1 5 -3 6 -5 -1 -2
right_child=3 2 -4 4 -6 -7 -8
leaf_value=0.00050220575744276176 5.7169620575420886e-05 1.092639370270259e-05 -1.016229314491163e-05 0.00028411604767444957 0.0017112253609605276 0.00011781659676185683 -8.0976903095030295e-05
leaf_weight=1081 6531 1230392 1077737 376 114 11080 70093
leaf_count=1081 6531 1230392 1077737 376 114 11080 70093
internal_value=-2.74586e-07 1.87062e-06 1.07942e-06 -6.48213e-05 0.000618843 0.000152024 -6.92012e-05
internal_weight=2.3974e+06 2.32029e+06 2.30813e+06 77114 490 12161 76624
internal_count=2397404 2320290 2308129 77114 490 12161 76624
is_linear=0
shrinkage=0.00720685


Tree=308
num_leaves=8
num_cat=0
split_feature=0 0 18 19 19 18 6
split_gain=6.66751 5.43135 5.41955 4.48888 2.60968 2.59637 2.289
threshold=-3.7301558256149288 0.66792312264442455 -0.22486788034439084 -0.47834391891956324 -0.7682150900363921 2.8408670425415044 0.64196726679801952
decision_type=2 2 8 8 10 10 10
left_child=4 2 -2 -3 5 -1 -6
right_child=1 3 -4 -5 6 -7 -8
leaf_value=-1.2996287617276869e-05 -1.6647261464454717e-05 6.4624797456280681e-05 7.320224527662702e-06 1.0083689477606464e-05 -0.00018385551156685322 0.00049653134110071097 -5.9551166570555478e-05
leaf_weight=7345 868961 113933 1123647 251132 15916 558 14898
leaf_count=7345 868961 113933 1123647 251132 15916 558 14898
internal_value=9.67849e-09 1.55019e-06 -3.1318e-06 2.71056e-05 -9.37971e-05 2.30312e-05 -0.000123761
internal_weight=2.39639e+06 2.35767e+06 1.99261e+06 365065 38717 7903 30814
internal_count=2396390 2357673 1992608 365065 38717 7903 30814
is_linear=0
shrinkage=0.00720685


Tree=309
num_leaves=8
num_cat=0
split_feature=2 15 23 11 10 2 3
split_gain=6.43169 6.83791 5.50124 5.16478 3.76982 3.263 2.22283
threshold=-0.27386277914047236 0.1693692281842232 -0.70756071805953968 -1.4186945557594297 -1.8957412242889402 0.39714622497558599 0.091674555093050017
decision_type=2 2 8 8 10 2 8
left_child=2 3 6 -2 -4 -3 -1
right_child=1 5 4 -5 -6 -7 -8
leaf_value=-1.6402242415587695e-05 -4.5033623993557177e-05 1.2320901395848122e-05 0.0001116732318363594 2.9927192676980105e-06 -1.1509754401851802e-05 4.5393880521798938e-05 -8.4334072589973782e-05
leaf_weight=36502 133519 350573 13184 901830 604581 277653 79529
leaf_count=36502 133519 350573 13184 901830 604581 277653 79529
internal_value=3.4087e-07 8.18072e-06 -1.74326e-05 -3.20079e-06 -8.88064e-06 2.6938e-05 -6.2964e-05
internal_weight=2.39737e+06 1.66358e+06 733796 1.03535e+06 617765 628226 116031
internal_count=2397371 1663575 733796 1035349 617765 628226 116031
is_linear=0
shrinkage=0.00720685


Tree=310
num_leaves=8
num_cat=0
split_feature=0 8 23 7 2 4 20
split_gain=5.98911 6.02537 5.70659 3.8089 1.91689 1.55994 1.00997
threshold=-4.2782008647918692 1.3138138651847842 -0.780513435602188 -0.067528285086154924 -2.6493028402328487 -1.196222126483917 0.20671506971120837
decision_type=2 8 8 2 2 8 10
left_child=4 2 -2 -3 6 -6 -1
right_child=1 3 -4 -5 5 -7 -8
leaf_value=-0.00014630542816078913 -3.306032933588018e-05 1.288690994853474e-06 1.8117830542647979e-06 6.2819240123020503e-05 8.1757075247182031e-05 -9.1636979124426598e-05 -0.00032153872601132767
leaf_weight=7924 280233 89366 1871127 125823 3287 14938 2179
leaf_count=7924 280233 89366 1871127 125823 3287 14938 2179
internal_value=-3.40618e-07 9.06302e-07 -2.73061e-06 3.72664e-05 -0.000104507 -6.03602e-05 -0.000184129
internal_weight=2.39488e+06 2.36655e+06 2.15136e+06 215189 28328 18225 10103
internal_count=2394877 2366549 2151360 215189 28328 18225 10103
is_linear=0
shrinkage=0.00720685


Tree=311
num_leaves=8
num_cat=0
split_feature=25 1 17 17 15 9 9
split_gain=5.71105 4.89159 4.39743 4.43265 4.05886 2.04682 0.769006
threshold=0.011431879829615356 1.9395976662635805 2.7159967422485356 0.44402231276035314 0.58323723077774059 2.248711466789246 0.11829331517219545
decision_type=8 2 2 2 2 10 10
left_child=1 4 3 -2 -1 -3 -4
right_child=2 5 6 -5 -6 -7 -8
leaf_value=-1.6972716391375325e-05 3.852935108519968e-06 -9.8061526946167509e-05 -3.650724187169396e-05 3.3789682646373719e-05 1.6296459481608934e-05 0.00042415682919510594 -0.00011385967629143528
leaf_weight=809407 915805 37371 11776 357041 249071 393 15418
leaf_count=809407 915805 37371 11776 357041 249071 393 15418
internal_value=9.63129e-08 -1.20197e-05 1.0313e-05 1.22504e-05 -9.1441e-06 -9.26158e-05 -8.03666e-05
internal_weight=2.39628e+06 1.09624e+06 1.30004e+06 1.27285e+06 1.05848e+06 37764 27194
internal_count=2396282 1096242 1300040 1272846 1058478 37764 27194
is_linear=0
shrinkage=0.00720685


Tree=312
num_leaves=8
num_cat=0
split_feature=2 15 0 12 21 12 9
split_gain=6.13092 6.16206 5.85323 4.77698 4.32194 4.2739 2.26917
threshold=-0.11978618428111075 -0.094855837523937211 -1.5920301675796507 -1.4533972740173338 -1.4944184422492979 0.46299979090690618 2.248711466789246
decision_type=2 2 2 8 10 8 8
left_child=2 3 6 -2 -4 -3 -1
right_child=1 5 4 -5 -6 -7 -8
leaf_value=-7.8048405742017223e-05 -5.7317634906653355e-05 3.5927329747061596e-05 0.00017547689679717646 1.0788874315114249e-06 -9.5140984496823891e-06 -8.270541538089385e-07 3.672928539041816e-05
leaf_weight=89580 81695 504433 6613 664878 796131 243712 9938
leaf_count=89580 81695 504433 6613 664878 796131 243712 9938
internal_value=3.81982e-07 9.33693e-06 -1.44531e-05 -5.31128e-06 -7.98991e-06 2.39544e-05 -6.65861e-05
internal_weight=2.39698e+06 1.49472e+06 902262 746573 802744 748145 99518
internal_count=2396980 1494718 902262 746573 802744 748145 99518
is_linear=0
shrinkage=0.00720685


Tree=313
num_leaves=8
num_cat=0
split_feature=0 8 6 21 25 12 2
split_gain=6.00872 5.41017 4.93922 3.44113 2.20096 1.4431 1.29043
threshold=-3.7301558256149288 1.270885229110718 0.23545943200588229 inf -0.01463242247700691 0.40018606185913091 -3.4005621671676631
decision_type=2 8 8 8 8 10 2
left_child=4 2 -2 -3 6 -6 -1
right_child=1 3 -4 -5 5 -7 -8
leaf_value=-0.00030185195572912606 7.7759869221285266e-06 3.372539885143523e-05 -1.4313985110986962e-05 0.00055101033396840686 3.9277452979369045e-05 -8.3103009635896295e-05 -0.0001264888076717259
leaf_weight=2652 1196090 223690 938015 669 7191 16453 12243
leaf_count=2652 1196090 223690 938015 669 7191 16453 12243
internal_value=1.47192e-07 1.60582e-06 -1.93333e-06 3.52703e-05 -8.91137e-05 -4.58815e-05 -0.00015773
internal_weight=2.397e+06 2.35846e+06 2.1341e+06 224359 38539 23644 14895
internal_count=2397003 2358464 2134105 224359 38539 23644 14895
is_linear=0
shrinkage=0.00720685


Tree=314
num_leaves=8
num_cat=0
split_feature=2 15 10 1 4 0 10
split_gain=6.00236 5.1715 5.32632 4.62925 3.52476 2.48202 2.22239
threshold=-0.35423469543457026 0.53081604838371288 1.4530579447746279 0.92697444558143627 -0.16205327957868573 -5.2207963466644278 -2.0491511821746822
decision_type=2 2 10 2 10 2 10
left_child=3 2 -2 6 -3 -5 -1
right_child=1 4 -4 5 -6 -7 -8
leaf_value=0.00015458928621514729 5.3637603634485019e-06 2.9726296584040529e-06 -3.9766708808935393e-05 -0.00016550518266992355 4.5287652910347676e-05 -4.0908401949487592e-05 -6.7289516481012088e-06
leaf_weight=4480 1155169 167168 153922 8654 263256 204899 437442
leaf_count=4480 1155169 167168 153922 8654 263256 204899 437442
internal_value=1.7906e-07 7.18263e-06 5.7307e-08 -1.84071e-05 2.88535e-05 -4.59584e-05 -5.0932e-06
internal_weight=2.39499e+06 1.73952e+06 1.30909e+06 655475 430424 213553 441922
internal_count=2394990 1739515 1309091 655475 430424 213553 441922
is_linear=0
shrinkage=0.00720685


Tree=315
num_leaves=8
num_cat=0
split_feature=2 7 8 21 20 17 7
split_gain=5.99497 5.43859 6.66862 4.08554 5.11858 3.71565 3.68496
threshold=-0.11978618428111075 -0.031591234728693955 1.026981055736542 -1.4944184422492979 -2.5809189081192012 0.44402231276035314 0.5595863163471223
decision_type=2 2 8 10 8 2 2
left_child=3 5 -3 4 -1 -2 -5
right_child=1 2 -4 6 -6 -7 -8
leaf_value=0.0012415059747710095 -1.2308992540290047e-05 1.5161841092086244e-05 8.2962415137956491e-05 -8.3604838972909111e-06 0.00012039781737779423 2.0974307415895741e-05 -4.2803006789919901e-05
leaf_weight=217 633182 532562 87762 684105 7199 240333 211129
leaf_count=217 633182 532562 87762 684105 7199 240333 211129
internal_value=-4.24072e-07 8.43643e-06 2.47543e-05 -1.50878e-05 0.00015336 -3.15161e-06 -1.64834e-05
internal_weight=2.39649e+06 1.49384e+06 620324 902650 7416 873515 895234
internal_count=2396489 1493839 620324 902650 7416 873515 895234
is_linear=0
shrinkage=0.00720685


Tree=316
num_leaves=8
num_cat=0
split_feature=19 0 18 8 17 7 3
split_gain=5.97459 4.60723 5.75873 4.47524 5.04656 3.80716 1.70284
threshold=-0.17091973870992658 0.69706729054451 -0.24981831759214398 1.4578467011451723 0.22622525691986087 0.0077119532506912955 1.8019210100173952
decision_type=8 2 8 8 2 2 10
left_child=1 2 -1 4 -2 -5 -3
right_child=3 6 -4 5 -6 -7 -8
leaf_value=-1.3464463239805568e-05 -2.8204642026979581e-05 4.3251420433660559e-05 2.0446176139793378e-05 -8.6007911575374872e-06 4.9232599600485083e-06 7.3282674990474221e-05 0.00044487481671646897
leaf_weight=459991 651876 187442 598558 61341 376936 56798 549
leaf_count=459991 651876 187442 598558 61341 376936 56798 549
internal_value=6.27178e-07 1.15492e-05 5.71033e-06 -1.12432e-05 -1.60672e-05 3.07666e-05 4.44267e-05
internal_weight=2.39349e+06 1.24654e+06 1.05855e+06 1.14695e+06 1.02881e+06 118139 187991
internal_count=2393491 1246540 1058549 1146951 1028812 118139 187991
is_linear=0
shrinkage=0.00720685


Tree=317
num_leaves=8
num_cat=0
split_feature=2 15 1 12 12 23 21
split_gain=5.63271 6.08911 4.80512 4.3136 3.75026 3.55071 2.05625
threshold=-0.12783582508563993 -0.10184058547019957 0.85466128587722789 -1.9230754971504209 0.49052213132381445 -0.79336136579513539 -1.4944184422492979
decision_type=2 2 2 8 8 8 10
left_child=2 3 6 -2 -3 -4 -1
right_child=1 4 5 -5 -6 -7 -8
leaf_value=0.00013576982093768428 -7.712800305519539e-05 3.3641421388939813e-05 -0.00010871262907190581 -1.9640595056066504e-06 -8.9447360982478992e-07 -3.008693760252228e-05 -4.8886877942573437e-06
leaf_weight=5444 42026 520431 34352 703044 237987 226694 626234
leaf_count=5444 42026 520431 34352 703044 237987 226694 626234
internal_value=-8.53517e-08 8.42896e-06 -1.44248e-05 -6.20384e-06 2.28042e-05 -4.0434e-05 -3.67621e-06
internal_weight=2.39621e+06 1.50349e+06 892724 745070 758418 261046 631678
internal_count=2396212 1503488 892724 745070 758418 261046 631678
is_linear=0
shrinkage=0.00720685


Tree=318
num_leaves=8
num_cat=0
split_feature=25 0 25 19 11 19 19
split_gain=5.74988 5.08987 4.85731 4.77639 3.30261 1.37785 1.31206
threshold=0.017155314795672897 -2.9496417045593257 4.1405611038208017 -0.38369950652122492 1.9079732894897463 -0.77908954024314869 -0.956866294145584
decision_type=8 2 10 8 8 8 10
left_child=1 5 4 -3 -2 -1 -4
right_child=2 3 6 -5 -6 -7 -8
leaf_value=4.9683627692954558e-05 1.0473319813598677e-05 1.1984725521277138e-05 -0.00051174946910207948 -2.0175337891719425e-05 0.00014009247869571723 -0.00013135944100010969 -0.00013583834924210802
leaf_weight=2417 1262085 355776 511 736176 10292 22526 8381
leaf_count=2417 1262085 355776 511 736176 10292 22526 8381
internal_value=-7.00875e-08 -1.20223e-05 1.03488e-05 -9.69703e-06 1.15219e-05 -0.000113814 -0.000157496
internal_weight=2.39816e+06 1.1169e+06 1.28127e+06 1.09195e+06 1.27238e+06 24943 8892
internal_count=2398164 1116895 1281269 1091952 1272377 24943 8892
is_linear=0
shrinkage=0.00720685


Tree=319
num_leaves=8
num_cat=0
split_feature=2 25 18 15 23 3 18
split_gain=5.67547 5.26165 4.31533 4.1434 4.00572 2.54287 2.07672
threshold=-1.1461461186408994 0.011431879829615356 -0.26525601744651789 0.58323723077774059 -0.084216374903917299 1.0196338891983034 -1.6346937417984007
decision_type=2 8 10 2 8 8 8
left_child=4 3 -3 -2 5 -1 -6
right_child=1 2 -4 -5 6 -7 -8
leaf_value=-3.7968406759494711e-05 -1.7549488872745133e-05 -2.2052441270625955e-07 2.7432959939398571e-05 1.68949577195175e-05 0.0003615355232757751 -0.00010726450846881791 -7.1330795271652878e-06
leaf_weight=73250 745938 594322 578265 239666 798 44043 118354
leaf_count=73250 745938 594322 578265 239666 798 44043 118354
internal_value=-5.7219e-07 3.10018e-06 1.34169e-05 -9.17371e-06 -3.40923e-05 -6.39897e-05 -4.66092e-06
internal_weight=2.39464e+06 2.15819e+06 1.17259e+06 985604 236445 117293 119152
internal_count=2394636 2158191 1172587 985604 236445 117293 119152
is_linear=0
shrinkage=0.00720685


Tree=320
num_leaves=8
num_cat=0
split_feature=0 23 17 9 19 9 15
split_gain=5.76909 5.50271 4.35926 4.25012 3.57487 3.37615 1.29288
threshold=0.50817531347274791 -0.68372100591659535 4.8196761608123788 1.4739825129508974 -0.47834391891956324 -0.89560362696647633 0.70779302716255199
decision_type=2 8 2 8 8 8 2
left_child=1 5 -3 4 -2 -1 -5
right_child=3 2 -4 6 -6 -7 -8
leaf_value=-9.5627679305382559e-05 4.9508428802854377e-05 -2.59155664847478e-07 -0.0001951039187569946 -8.2157662067037403e-05 1.1270305748595083e-05 -2.5350808248824842e-05 5.1735677299777724e-05
leaf_weight=41527 184524 1481626 5987 26661 407255 244827 4357
leaf_count=41527 184524 1481626 5987 26661 407255 244827 4357
internal_value=1.26376e-08 -6.61237e-06 -1.04346e-06 1.88832e-05 2.31935e-05 -3.55427e-05 -6.33483e-05
internal_weight=2.39676e+06 1.77397e+06 1.48761e+06 622797 591779 286354 31018
internal_count=2396764 1773967 1487613 622797 591779 286354 31018
is_linear=0
shrinkage=0.00720685


Tree=321
num_leaves=8
num_cat=0
split_feature=2 19 7 1 18 10 2
split_gain=6.19643 5.21088 5.70714 4.78097 4.58912 2.33489 2.2501
threshold=-0.24747025221586225 -0.23987191170454022 -0.071638546884059892 0.92697444558143627 -0.22486788034439084 0.025350858457386497 -1.9753684401512144
decision_type=2 8 2 2 10 8 2
left_child=3 4 -3 5 -2 -1 -5
right_child=1 2 -4 6 -6 -7 -8
leaf_value=-1.5545173702145831e-05 4.6207576801509333e-06 -2.1948996688117656e-05 1.4737420997641096e-05 -8.1083607994059351e-05 4.0229942980423127e-05 1.7206522063820987e-05 -3.0772006958393581e-05
leaf_weight=370497 397730 459071 423338 64393 356428 162701 163155
leaf_count=370497 397730 459071 423338 64393 356428 162701 163155
internal_value=-3.59625e-07 7.54e-06 -4.34857e-06 -1.73538e-05 2.14503e-05 -5.5512e-06 -4.50099e-05
internal_weight=2.39731e+06 1.63657e+06 882409 760746 754158 533198 227548
internal_count=2397313 1636567 882409 760746 754158 533198 227548
is_linear=0
shrinkage=0.00720685


Tree=322
num_leaves=8
num_cat=0
split_feature=13 6 21 23 6 20 16
split_gain=5.80188 5.81927 5.19496 4.9933 3.39814 4.16956 1.99023
threshold=0.94210061430931102 0.25488629937171942 -1.3674235343933103 1.2950605750083926 1.3422122001647951 -0.18333774805068967 0.24236262589693072
decision_type=8 8 10 10 10 10 2
left_child=1 3 -3 -1 6 -6 -2
right_child=4 2 -4 -5 5 -7 -8
leaf_value=1.0252434525856555e-05 4.2090182687348158e-05 0.000116852295509361 -1.9567661235583026e-05 -5.0042028386676899e-05 2.2744851806171206e-05 0.00031524376277253192 -2.9218160316203529e-06
leaf_weight=1139919 158200 14729 921842 76100 5306 4840 75304
leaf_count=1139919 158200 14729 921842 76100 5306 4840 75304
internal_value=-1.47245e-07 -3.92009e-06 -1.74221e-05 6.47907e-06 3.31847e-05 0.000162296 2.7574e-05
internal_weight=2.39624e+06 2.15259e+06 936571 1.21602e+06 243650 10146 233504
internal_count=2396240 2152590 936571 1216019 243650 10146 233504
is_linear=0
shrinkage=0.00720685


Tree=323
num_leaves=8
num_cat=0
split_feature=2 15 0 18 16 19 18
split_gain=6.0107 5.96227 4.98507 4.25923 3.30334 2.79592 2.25972
threshold=-0.27386277914047236 0.22775608301162723 -2.1014424562454219 -0.22486788034439084 0.83637672662734996 -1.2774898409843443 -1.6346937417984007
decision_type=2 2 2 10 2 8 10
left_child=2 3 5 -2 -3 -1 -4
right_child=1 4 6 -5 -6 -7 -8
leaf_value=0.00023704588963809818 -1.8383397448385547e-05 3.190350905110091e-05 7.0204146182427336e-05 1.0403535682539446e-05 -2.1610955054926004e-05 -8.1536377682621655e-05 -1.3507181908705118e-05
leaf_weight=1460 493102 520368 17194 582059 67704 69328 645041
leaf_count=1460 493102 520368 17194 582059 67704 69328 645041
internal_value=-2.85043e-07 7.2924e-06 -1.74783e-05 -2.79902e-06 2.57424e-05 -7.49622e-05 -1.13336e-05
internal_weight=2.39626e+06 1.66323e+06 733023 1.07516e+06 588072 70788 662235
internal_count=2396256 1663233 733023 1075161 588072 70788 662235
is_linear=0
shrinkage=0.00720685


Tree=324
num_leaves=8
num_cat=0
split_feature=17 0 19 17 12 23 12
split_gain=5.81096 6.01491 5.27985 4.32921 7.27068 3.06652 2.52486
threshold=0.21629349887371066 -1.9501627683639524 -0.30297559499740595 2.7159967422485356 -3.0024029016494747 -0.6034068465232848 -0.7602190077304839
decision_type=2 2 8 2 10 8 10
left_child=1 6 -3 5 -5 -2 -1
right_child=3 2 -4 4 -6 -7 -8
leaf_value=7.2973320807880512e-05 -1.3569147266279381e-05 1.0714659234832662e-05 -1.6542802100746704e-05 0.0016057832451369467 -5.7288476173996268e-05 2.6043940189147789e-05 -7.7882453186965816e-05
leaf_weight=6215 120443 655817 844238 136 45667 645252 78981
leaf_count=6215 120443 655817 844238 136 45667 645252 78981
internal_value=5.72927e-08 -7.97154e-06 -4.62595e-06 1.57415e-05 -5.23169e-05 1.98128e-05 -6.68766e-05
internal_weight=2.39675e+06 1.58525e+06 1.50006e+06 811498 45803 765695 85196
internal_count=2396749 1585251 1500055 811498 45803 765695 85196
is_linear=0
shrinkage=0.00720685


Tree=325
num_leaves=8
num_cat=0
split_feature=25 0 10 18 19 1 16
split_gain=5.82154 5.51796 4.82962 5.35433 4.40249 4.20706 1.39925
threshold=0.017155314795672897 -2.9496417045593257 -1.8957412242889402 3.0491762161254887 -0.38369950652122492 -1.9565966129302976 0.1573479771614075
decision_type=8 2 10 10 8 2 2
left_child=1 6 5 -4 -3 -2 -1
right_child=2 4 3 -5 -6 -7 -8
leaf_value=-4.5500820401381793e-05 0.00079162961414214552 1.1884765916475854e-05 1.1087232232465633e-05 -0.00015028222878001989 -1.9008466005042028e-05 0.00012266621174884207 -0.00015845237130687913
leaf_weight=8900 507 355161 1258486 10770 736243 12651 15833
leaf_count=8900 507 355161 1258486 10770 736243 12651 15833
internal_value=6.6737e-07 -1.13676e-05 1.11419e-05 9.71784e-06 -8.95527e-06 0.000148499 -0.000117812
internal_weight=2.39855e+06 1.11614e+06 1.28241e+06 1.26926e+06 1.0914e+06 13158 24733
internal_count=2398551 1116137 1282414 1269256 1091404 13158 24733
is_linear=0
shrinkage=0.00720685


Tree=326
num_leaves=8
num_cat=0
split_feature=13 9 18 18 19 9 5
split_gain=5.63577 5.41466 11.1199 11.1123 2.08893 2.34299 1.02614
threshold=0.92324110865592968 -0.70714393258094776 -0.22486788034439084 -0.46112148463726038 -0.50443676114082325 0.29132038354873663 0.54085275530815136
decision_type=8 8 8 8 10 8 8
left_child=1 3 -3 -1 6 -6 -2
right_child=4 2 -4 -5 5 -7 -8
leaf_value=6.4871847276924723e-05 3.7346739011278175e-05 -1.685465897839257e-05 1.9282960136805635e-05 -4.5765557370527031e-05 4.5257679702765253e-05 -6.8467427580547585e-06 8.8442368962475228e-05
leaf_weight=55610 42380 869175 900400 309939 85755 93909 39394
leaf_count=55610 42380 869175 900400 309939 85755 93909 39394
internal_value=1.83962e-07 -3.68327e-06 1.53297e-06 -2.89344e-05 3.1767e-05 1.80231e-05 6.19627e-05
internal_weight=2.39656e+06 2.13512e+06 1.76958e+06 365549 261438 179664 81774
internal_count=2396562 2135124 1769575 365549 261438 179664 81774
is_linear=0
shrinkage=0.00720685


Tree=327
num_leaves=8
num_cat=0
split_feature=9 18 18 9 20 18 9
split_gain=5.52612 13.9588 12.666 13.4582 7.11674 3.45605 2.6362
threshold=-0.68880966305732716 -0.73299348354339589 -0.018792320042848584 0.46519780158996588 -0.93851706385612477 3.3161724805831914 -1.4131191372871397
decision_type=8 10 10 10 10 8 10
left_child=1 6 3 -2 -4 -3 -1
right_child=2 5 4 -5 -6 -7 -8
leaf_value=0.00020215640956191999 6.1105760249004975e-06 -3.6551081171586972e-05 -2.3191560426676896e-05 -4.5089671034863141e-05 3.8797475206917322e-05 -0.00017335428018173889 6.5592493552847725e-05
leaf_weight=9131 905373 341183 114524 377959 600927 9868 37467
leaf_count=9131 905373 341183 114524 377959 600927 9868 37467
internal_value=-3.04203e-07 -2.48403e-05 4.57714e-06 -8.96861e-06 2.88747e-05 -4.03971e-05 9.23567e-05
internal_weight=2.39643e+06 397649 1.99878e+06 1.28333e+06 715451 351051 46598
internal_count=2396432 397649 1998783 1283332 715451 351051 46598
is_linear=0
shrinkage=0.00720685


Tree=328
num_leaves=8
num_cat=0
split_feature=17 8 19 17 12 19 18
split_gain=5.54734 6.63611 6.02579 4.39728 8.43931 3.04914 2.48907
threshold=0.22622525691986087 1.4578467011451723 -0.35569505393505091 2.9906315803527836 -3.0024029016494747 1.4953488111495974 3.8026243448257451
decision_type=2 8 8 2 10 10 10
left_child=1 2 -1 5 -5 -2 -3
right_child=3 6 -4 4 -6 -7 -8
leaf_value=5.6507679931919694e-06 2.2480495158125909e-05 3.8310793973935369e-05 -2.4191937052293923e-05 0.0023068821956609979 -6.7062072670382179e-05 -3.9274605582192178e-05 0.00034236853060185814
leaf_weight=582673 721002 127114 885454 77 36464 44063 1413
leaf_count=582673 721002 127114 885454 77 36464 44063 1413
internal_value=-2.34324e-07 -8.00065e-06 -1.23479e-05 1.52347e-05 -6.19995e-05 1.89237e-05 4.16562e-05
internal_weight=2.39826e+06 1.59665e+06 1.46813e+06 801606 36541 765065 128527
internal_count=2398260 1596654 1468127 801606 36541 765065 128527
is_linear=0
shrinkage=0.00720685


Tree=329
num_leaves=8
num_cat=0
split_feature=13 0 25 1 18 7 25
split_gain=5.86561 4.96741 4.62123 3.47059 2.53694 3.03775 1.54251
threshold=0.97296303510665905 0.70498254895210277 0.011431879829615356 -0.31056447327136988 0.32552365958690649 0.88689804077148449 -0.81919312477111805
decision_type=8 2 10 2 10 2 10
left_child=1 2 -1 -3 6 -6 -2
right_child=4 3 -4 -5 5 -7 -8
leaf_value=-1.9294830562733371e-05 9.6500831505147981e-05 3.2134464159350367e-05 3.0110437884976383e-06 -0.00010719545268209032 0.00013493599395992631 -0.00015281712101318629 2.1206937615345343e-05
leaf_weight=924764 15350 237094 1008465 9663 20392 2101 178010
leaf_count=924764 15350 237094 1008465 9663 20392 2101 178010
internal_value=-2.23975e-07 -3.77233e-06 -7.65901e-06 2.66778e-05 3.5612e-05 0.000108051 2.71848e-05
internal_weight=2.39584e+06 2.17999e+06 1.93323e+06 246757 215853 22493 193360
internal_count=2395839 2179986 1933229 246757 215853 22493 193360
is_linear=0
shrinkage=0.00720685


Tree=330
num_leaves=8
num_cat=0
split_feature=0 1 15 23 12 15 25
split_gain=5.46162 4.86988 4.59051 4.46907 2.71545 2.48405 2.31303
threshold=0.37593910098075872 -2.052476048469543 0.10622823983430864 -0.67248383164405812 -1.8667441606521604 3.582632422447205 0.19483407586812976
decision_type=2 2 2 8 8 2 10
left_child=1 2 -1 -3 5 -2 -6
right_child=4 3 -4 -5 6 -7 -8
leaf_value=0.00063627817190039344 -3.9182067989835989e-05 -3.6172461464236634e-05 -3.1194487907011701e-05 -2.6007892077186669e-06 1.0072464770558566e-05 0.00073539936371778579 3.6024019604615931e-05
leaf_weight=1182 51243 246393 977 1254722 584061 215 256816
leaf_count=1182 51243 246393 977 1254722 584061 215 256816
internal_value=7.64602e-07 -7.61923e-06 0.000334337 -8.11128e-06 1.48885e-05 -3.59318e-05 1.79985e-05
internal_weight=2.39561e+06 1.50327e+06 2159 1.50112e+06 892335 51458 840877
internal_count=2395609 1503274 2159 1501115 892335 51458 840877
is_linear=0
shrinkage=0.00720685


Tree=331
num_leaves=8
num_cat=0
split_feature=8 19 23 0 21 10 13
split_gain=5.78615 5.36034 5.36234 4.02319 3.71183 5.06708 2.2237
threshold=1.1904942989349367 -0.34676700830459589 -0.6034068465232848 0.72088652849197399 inf 0.83299979567527782 -0.28242577612400049
decision_type=8 8 8 2 8 10 10
left_child=1 3 -3 -1 6 -6 -2
right_child=4 2 -4 -5 5 -7 -8
leaf_value=5.0725134374252839e-06 6.9556426448649379e-05 -4.2200362664361293e-05 -5.2404971325429162e-06 5.275745790956901e-05 0.00030429052309757814 0.0020383430880645988 1.951092345378174e-05
leaf_weight=713987 61640 251331 1080007 105471 623 101 183092
leaf_count=713987 61640 251331 1080007 105471 623 101 183092
internal_value=4.9145e-07 -3.29176e-06 -1.22179e-05 1.121e-05 3.36416e-05 0.000548571 3.21161e-05
internal_weight=2.39625e+06 2.1508e+06 1.33134e+06 819458 245456 724 244732
internal_count=2396252 2150796 1331338 819458 245456 724 244732
is_linear=0
shrinkage=0.00720685


Tree=332
num_leaves=8
num_cat=0
split_feature=2 25 19 25 0 1 6
split_gain=5.51133 5.08486 4.66258 3.80855 3.1654 2.35718 1.5634
threshold=-1.9753684401512144 0.014354820828884842 -0.38369950652122492 4.1405611038208017 -1.0672763586044309 -1.9565966129302976 -0.80890235304832447
decision_type=2 8 8 10 2 2 10
left_child=4 2 -2 -3 6 -6 -1
right_child=1 3 -4 -5 5 -7 -8
leaf_value=-0.00025220023288154722 1.2780621719472179e-05 1.3569314697903999e-05 -1.9464147212542366e-05 -0.00014011031870218968 0.00037090250686852994 -1.718606544817764e-05 -8.3121002431648964e-05
leaf_weight=3026 345346 1232087 715424 8432 827 44637 46211
leaf_count=3026 345346 1232087 715424 8432 827 44637 46211
internal_value=4.01061e-07 2.61837e-06 -8.96646e-06 1.25246e-05 -5.34801e-05 -1.01185e-05 -9.35174e-05
internal_weight=2.39599e+06 2.30129e+06 1.06077e+06 1.24052e+06 94701 45464 49237
internal_count=2395990 2301289 1060770 1240519 94701 45464 49237
is_linear=0
shrinkage=0.00720685


Tree=333
num_leaves=8
num_cat=0
split_feature=2 18 0 0 19 23 0
split_gain=5.44948 5.38084 4.87333 4.50945 4.19948 2.92288 2.48354
threshold=-0.4695065021514892 -0.018792320042848584 0.41074593365192419 -0.87655451893806446 -0.30297559499740595 -0.10087016597390173 0.80547991394996654
decision_type=2 10 2 2 8 8 2
left_child=3 2 -2 5 -3 -1 -5
right_child=1 4 -4 6 -6 -7 -8
leaf_value=-9.068940942151397e-05 -1.8196617183396424e-05 4.3143414168621135e-05 1.1705279780865004e-05 -1.2036504548408131e-05 7.1836429654284437e-06 -2.4327937817586331e-05 6.9492560837215785e-05
leaf_weight=65017 589759 280604 544398 401370 422874 73381 20391
leaf_count=65017 589759 280604 544398 401370 422874 73381 20391
internal_value=-1.29667e-07 5.86883e-06 -3.84362e-06 -1.98081e-05 2.15274e-05 -5.5504e-05 -8.09459e-06
internal_weight=2.39779e+06 1.83764e+06 1.13416e+06 560159 703478 138398 421761
internal_count=2397794 1837635 1134157 560159 703478 138398 421761
is_linear=0
shrinkage=0.00720685


Tree=334
num_leaves=8
num_cat=0
split_feature=9 18 18 9 8 9 18
split_gain=5.5758 13.7795 11.9116 10.8512 6.26488 3.83458 2.95253
threshold=-0.76447647809982289 -0.49204435944557184 -0.22486788034439084 0.37892781198024755 0.91302078962326061 -1.9858974218368528 3.3161724805831914
decision_type=8 10 8 8 8 10 10
left_child=1 5 3 -2 -4 -1 -3
right_child=2 6 4 -5 -6 -7 -8
leaf_value=0.00029989224268371845 4.7864987201939462e-06 -4.1067392484257603e-05 1.5538425021623676e-05 -4.3595825118744595e-05 6.9591204914892148e-05 6.2517517765047238e-05 -0.00016845311221183026
leaf_weight=3797 681895 295309 854234 372173 128066 51011 9762
leaf_count=3797 681895 295309 854234 372173 128066 51011 9762
internal_value=-9.1624e-08 -2.62423e-05 4.52987e-06 -1.22965e-05 2.25856e-05 7.89678e-05 -4.51442e-05
internal_weight=2.39625e+06 359879 2.03637e+06 1.05407e+06 982300 54808 305071
internal_count=2396247 359879 2036368 1054068 982300 54808 305071
is_linear=0
shrinkage=0.00720685


Tree=335
num_leaves=8
num_cat=0
split_feature=7 19 21 0 15 23 0
split_gain=5.70955 5.60472 5.08552 4.08984 1.95172 2.23517 1.8549
threshold=1.0498710274696352 -0.23987191170454022 inf 0.72088652849197399 -1.1298479437828062 -0.09546909853816031 -2.9496417045593257
decision_type=2 8 8 2 2 8 2
left_child=1 3 -3 -1 6 -6 -2
right_child=4 2 -4 -5 5 -7 -8
leaf_value=9.5902189575201123e-06 -0.0003184921640006745 -7.9976562459409131e-06 0.00032873756530064392 5.0097000335323252e-05 -6.3121066473199294e-05 -4.2766565779561363e-06 -8.7859528508813726e-05
leaf_weight=891076 2081 1202715 2333 151468 67007 67101 13949
leaf_count=891076 2081 1202715 2333 151468 67007 67101 13949
internal_value=3.65649e-07 3.23997e-06 -7.34545e-06 1.54754e-05 -4.2663e-05 -3.36787e-05 -0.000117819
internal_weight=2.39773e+06 2.24759e+06 1.20505e+06 1.04254e+06 150138 134108 16030
internal_count=2397730 2247592 1205048 1042544 150138 134108 16030
is_linear=0
shrinkage=0.00720685


Tree=336
num_leaves=8
num_cat=0
split_feature=2 0 13 7 23 9 19
split_gain=5.80378 5.32141 4.54916 4.40949 3.60673 1.99401 1.9274
threshold=-0.35423469543457026 -2.4462906122207637 0.92324110865592968 -0.071638546884059892 -0.70756071805953968 0.37892781198024755 -1.2774898409843443
decision_type=2 2 8 2 8 8 8
left_child=1 6 3 -2 -3 -4 -1
right_child=2 4 5 -5 -6 -7 -8
leaf_value=0.00020264158542887865 -9.8468924092820412e-06 -5.3261856575696736e-05 6.139510622636957e-05 1.4588206251511565e-05 -4.774376640806258e-06 1.6585027681759206e-05 -9.1060515377682709e-05
leaf_weight=1184 786623 94655 99154 748618 503603 107501 56349
leaf_count=1184 786623 94655 99154 748618 503603 107501 56349
internal_value=-5.3856e-07 -1.88125e-05 6.34124e-06 2.0682e-06 -1.24461e-05 3.80854e-05 -8.50126e-05
internal_weight=2.39769e+06 655791 1.7419e+06 1.53524e+06 598258 206655 57533
internal_count=2397687 655791 1741896 1535241 598258 206655 57533
is_linear=0
shrinkage=0.00720685


Tree=337
num_leaves=8
num_cat=0
split_feature=25 0 25 6 10 13 23
split_gain=5.24228 4.07323 3.84383 3.84253 3.65124 1.67486 1.32191
threshold=0.011431879829615356 -2.9496417045593257 4.1405611038208017 0.12691871076822284 -2.0491511821746822 -3.8274985551834102 -2.1052016019821163
decision_type=8 2 10 8 10 8 10
left_child=1 5 4 -3 -2 -1 -4
right_child=2 3 6 -5 -6 -7 -8
leaf_value=9.5122326006983929e-05 0.00016041288869299422 3.4594159298597303e-06 0.00064874523033476737 -2.3884913559698993e-05 9.9956797090762294e-06 -0.00012153154275973818 -0.00015014855884985212
leaf_weight=2020 8436 569986 108 501985 1282762 22350 8679
leaf_count=2020 8436 569986 108 501985 1282762 22350 8679
internal_value=1.67226e-07 -1.144e-05 9.95619e-06 -9.34543e-06 1.09786e-05 -0.000103569 -0.000140258
internal_weight=2.39633e+06 1.09634e+06 1.29998e+06 1.07197e+06 1.2912e+06 24370 8787
internal_count=2396326 1096341 1299985 1071971 1291198 24370 8787
is_linear=0
shrinkage=0.00720685


Tree=338
num_leaves=8
num_cat=0
split_feature=7 19 8 17 4 17 12
split_gain=5.45664 5.25871 4.38048 3.65484 1.87727 1.88193 1.60843
threshold=1.3942345976829531 -0.17091973870992658 1.5160297751426699 4.8196761608123788 inf 0.26394817233085638 0.13466093689203265
decision_type=2 8 8 2 8 2 10
left_child=1 3 -3 -1 5 -2 -6
right_child=4 2 -4 -5 6 -7 -8
leaf_value=1.4485684768602447e-05 -6.7333420186626338e-05 -1.2942054781227974e-05 3.4973701894876448e-05 -0.00019067775614556426 0.0014744335227911563 8.2300717589133213e-06 9.0177233577609498e-05
leaf_weight=1191202 81718 987851 110144 4526 76 21654 101
leaf_count=1191202 81718 987851 110144 4526 76 21654 101
internal_value=9.41912e-07 3.25214e-06 -8.1354e-06 1.37089e-05 -5.02316e-05 -5.15045e-05 0.000689362
internal_weight=2.39727e+06 2.29372e+06 1.098e+06 1.19573e+06 103549 103372 177
internal_count=2397272 2293723 1097995 1195728 103549 103372 177
is_linear=0
shrinkage=0.00720685


Tree=339
num_leaves=8
num_cat=0
split_feature=8 13 12 12 13 0 15
split_gain=5.52624 4.90186 5.16314 4.21219 2.85933 2.32532 2.07124
threshold=1.1904942989349367 0.97296303510665905 0.96463266015052807 0.68995618820190441 -0.29590620100498194 0.86425894498825084 -0.74844741821289051
decision_type=8 8 8 10 10 2 2
left_child=1 2 -1 -3 6 -6 -2
right_child=4 3 -4 -5 5 -7 -8
leaf_value=-1.9828676454232373e-06 -2.1542213676094726e-05 1.4434983685313949e-05 -3.4200257293018506e-05 9.9981867912777824e-05 6.2939460784132933e-06 7.3232523373296111e-05 9.3107365647119314e-05
leaf_weight=1661001 9721 146259 305947 37574 151426 32790 51745
leaf_count=1661001 9721 146259 305947 37574 151426 32790 51745
internal_value=3.08731e-08 -3.66794e-06 -6.99412e-06 3.19206e-05 3.24115e-05 1.82093e-05 7.49748e-05
internal_weight=2.39646e+06 2.15078e+06 1.96695e+06 183833 245682 184216 61466
internal_count=2396463 2150781 1966948 183833 245682 184216 61466
is_linear=0
shrinkage=0.00720685


Tree=340
num_leaves=8
num_cat=0
split_feature=7 19 18 12 18 4 19
split_gain=5.58742 5.53058 4.56764 4.19745 4.12897 2.90269 1.74801
threshold=1.1039938330650332 -0.35569505393505091 -0.22486788034439084 -1.8667441606521604 3.3161724805831914 inf -0.73764064908027638
decision_type=2 8 10 10 10 8 8
left_child=1 2 -1 -3 5 -2 -6
right_child=4 3 -4 -5 6 -7 -8
leaf_value=1.3526946777176824e-06 -3.8938300438978301e-05 -5.9653022513330284e-05 3.5408131817475985e-05 -2.7350026306330937e-06 0.0003202682713414516 0.0005977299464828195 -0.00031502888085944069
leaf_weight=420255 136921 70780 398543 1366031 239 372 3635
leaf_count=420255 136921 70780 398543 1366031 239 372 3635
internal_value=2.27214e-07 2.98001e-06 1.79289e-05 -5.53895e-06 -4.37574e-05 -3.72089e-05 -0.00027576
internal_weight=2.39678e+06 2.25561e+06 818798 1.43681e+06 141167 137293 3874
internal_count=2396776 2255609 818798 1436811 141167 137293 3874
is_linear=0
shrinkage=0.00720685


Tree=341
num_leaves=8
num_cat=0
split_feature=9 18 18 9 21 18 9
split_gain=5.41533 14.2041 11.1083 12.5991 9.56234 3.12649 2.25095
threshold=-0.70714393258094776 -0.7758258283138274 -0.018792320042848584 0.4730925858020783 inf 3.3161724805831914 -1.9858974218368528
decision_type=8 8 10 10 8 10 10
left_child=1 6 3 -2 -4 -3 -1
right_child=2 5 4 -5 -6 -7 -8
leaf_value=0.00030523539647115202 6.1382213608747541e-06 -3.6332801882033482e-05 2.5870180164833791e-05 -4.3580258247643328e-05 0.00057481660195680235 -0.00016588437436480414 8.7279823766200682e-05
leaf_weight=2627 916652 336460 717687 372218 1651 9961 38828
leaf_count=2627 916652 336460 717687 372218 1651 9961 38828
internal_value=-3.19018e-07 -2.49717e-05 4.44253e-06 -8.22018e-06 2.71309e-05 -4.00584e-05 0.000101099
internal_weight=2.39608e+06 387876 2.00821e+06 1.28887e+06 719338 346421 41455
internal_count=2396084 387876 2008208 1288870 719338 346421 41455
is_linear=0
shrinkage=0.00720685


Tree=342
num_leaves=8
num_cat=0
split_feature=1 12 23 18 18 15 2
split_gain=5.77036 5.29849 4.99436 4.45861 3.20178 2.61383 2.13142
threshold=0.9082603156566621 -1.8153480291366575 -0.780513435602188 -0.21659888327121732 3.0491762161254887 0.035187723115086562 -0.16003514826297757
decision_type=2 10 8 10 10 2 2
left_child=1 5 6 -3 -4 -1 -2
right_child=2 3 4 -5 -6 -7 -8
leaf_value=-7.0633049039717504e-05 -0.00012638614218796727 -2.6069134676107783e-06 -1.1086034750095488e-05 1.9702727077689568e-05 -0.0001225890077 3.5709325605013147e-06 -3.1316712770581126e-05
leaf_weight=69923 32801 1033299 340218 846366 13922 38083 19550
leaf_count=69923 32801 1033299 340218 846366 13922 38083 19550
internal_value=-4.41687e-07 4.61799e-06 -2.51826e-05 7.43855e-06 -1.54698e-05 -4.44686e-05 -9.0885e-05
internal_weight=2.39416e+06 1.98767e+06 406491 1.87966e+06 354140 108006 52351
internal_count=2394162 1987671 406491 1879665 354140 108006 52351
is_linear=0
shrinkage=0.00720685


Tree=343
num_leaves=8
num_cat=0
split_feature=7 11 25 15 23 23 16
split_gain=5.06282 4.85456 4.51479 2.05327 2.32378 1.84325 1.04478
threshold=1.0498710274696352 2.064728975296021 0.011431879829615356 -1.1298479437828062 -0.089827626943588243 -0.26883009076118464 0.26921397447586065
decision_type=2 8 8 2 8 10 2
left_child=1 2 -1 6 -5 -3 -2
right_child=3 5 -4 4 -6 -7 -8
leaf_value=-8.5288428545890845e-06 -0.00019815247267227686 4.6712130402462567e-05 1.2050576364278746e-05 -6.0191508743277506e-05 -2.0458512505760515e-07 0.00024634522244289123 -7.5305080238807011e-05
leaf_weight=1010025 5417 4129 1225470 67798 66381 5746 10701
leaf_count=1010025 5417 4129 1225470 67798 66381 5746 10701
internal_value=7.46289e-07 3.45687e-06 2.75252e-06 -3.97482e-05 -3.05152e-05 0.000162888 -0.000116603
internal_weight=2.39567e+06 2.24537e+06 2.2355e+06 150297 134179 9875 16118
internal_count=2395667 2245370 2235495 150297 134179 9875 16118
is_linear=0
shrinkage=0.00720685


Tree=344
num_leaves=8
num_cat=0
split_feature=19 7 8 18 6 7 18
split_gain=5.11274 4.72264 4.68028 4.34987 3.70942 3.54933 3.15914
threshold=-0.35569505393505091 0.50635787844657909 1.4578467011451723 -0.25760702788829798 0.24465908855199817 -0.055234653875231736 -1.8800708055496214
decision_type=8 2 8 10 8 2 10
left_child=1 3 4 -1 -2 -4 -3
right_child=2 6 5 -5 -6 -7 -8
leaf_value=3.1480330892287055e-06 -2.0728674254001752e-06 0.00023700083168634085 -1.0700011474214068e-05 3.8128873554920733e-05 -2.5809975045948393e-05 6.2607759183051391e-05 -3.1974696741407166e-05
leaf_weight=372486 785375 2309 59896 366099 605596 80279 124723
leaf_count=372486 785375 2309 59896 366099 605596 80279 124723
internal_value=-4.93215e-07 1.3506e-05 -8.40755e-06 2.04873e-05 -1.24075e-05 3.12837e-05 -2.70837e-05
internal_weight=2.39676e+06 865617 1.53115e+06 738585 1.39097e+06 140175 127032
internal_count=2396763 865617 1531146 738585 1390971 140175 127032
is_linear=0
shrinkage=0.00720685


Tree=345
num_leaves=8
num_cat=0
split_feature=0 25 0 4 0 4 8
split_gain=5.42103 4.76883 4.14526 3.58952 2.17479 2.02897 1.77434
threshold=0.66053268313407909 0.014354820828884842 -2.2573887109756465 -2.0546886920928951 1.5359975099563601 -1.9158673882484434 1.155123829841614
decision_type=2 8 2 10 2 8 10
left_child=1 2 -1 -3 5 -2 -6
right_child=4 3 -4 -5 6 -7 -8
leaf_value=-9.1139717554624777e-05 0.00049270014186504759 0.00010297994378610677 -1.3114773552933013e-05 4.2448971746260953e-06 -0.00014042458404476285 2.7658351731975555e-05 9.9304830251086966e-05
leaf_weight=36811 487 19473 899944 1065083 6934 365777 2085
leaf_count=36811 487 19473 899944 1065083 6934 365777 2085
internal_value=4.00381e-07 -4.26999e-06 -1.6181e-05 6.01778e-06 2.55555e-05 2.8278e-05 -8.49968e-05
internal_weight=2.39659e+06 2.02131e+06 936755 1.08456e+06 375283 366264 9019
internal_count=2396594 2021311 936755 1084556 375283 366264 9019
is_linear=0
shrinkage=0.00720685


Tree=346
num_leaves=8
num_cat=0
split_feature=0 23 23 19 18 12 7
split_gain=5.10787 4.90305 4.8602 2.32009 2.75431 2.05854 1.70825
threshold=-4.2782008647918692 -1.4262086153030393 1.3644348978996279 -0.56024855375289906 2.5119965076446538 0.077416598796844496 0.48364467918872839
decision_type=2 8 10 10 8 10 2
left_child=3 5 -3 4 -1 -2 -5
right_child=1 2 -4 6 -6 -7 -8
leaf_value=-0.00011544375919808774 -1.6061191130812241e-05 5.6178325609032973e-06 -3.826913647408527e-05 -8.1748388197643861e-05 0.00013759033497723301 -9.2276771626432111e-05 -0.0002182236796298334
leaf_weight=4915 34544 2154782 139548 11101 4095 39402 8347
leaf_count=4915 34544 2154782 139548 11101 4095 39402 8347
internal_value=-6.64789e-08 1.08683e-06 2.94847e-06 -9.60423e-05 -4.35805e-07 -5.66735e-05 -0.000140332
internal_weight=2.39673e+06 2.36828e+06 2.29433e+06 28458 9010 73946 19448
internal_count=2396734 2368276 2294330 28458 9010 73946 19448
is_linear=0
shrinkage=0.00720685


Tree=347
num_leaves=8
num_cat=0
split_feature=2 19 24 8 11 14 11
split_gain=5.49457 5.22601 3.22949 2.75836 2.66268 2.33886 1.86796
threshold=-0.11978618428111075 -0.15243947505950925 -1.3543298244476316 1.5160297751426699 -0.012150440830737351 -2.0666581392288204 1.81110554933548
decision_type=2 8 2 8 10 2 8
left_child=4 2 -2 -3 5 -1 -6
right_child=1 3 -4 -5 6 -7 -8
leaf_value=0.00034533335174453071 -2.0937270310931319e-05 -1.120205237691891e-05 2.5755781883195897e-05 3.5915297556480362e-05 -2.4726946245907906e-05 3.3809174597205756e-06 4.3067035383617998e-05
leaf_weight=1042 86231 621623 713515 72007 613111 266455 21861
leaf_count=1042 86231 621623 713515 72007 613111 266455 21861
internal_value=-3.18605e-07 8.16565e-06 2.07211e-05 -6.31063e-06 -1.43581e-05 4.71426e-06 -2.23928e-05
internal_weight=2.39584e+06 1.49338e+06 799746 693630 902469 267497 634972
internal_count=2395845 1493376 799746 693630 902469 267497 634972
is_linear=0
shrinkage=0.00720685


Tree=348
num_leaves=8
num_cat=0
split_feature=13 9 18 18 8 18 19
split_gain=5.01703 4.62019 11.0791 10.0279 2.20272 2.30337 1.96831
threshold=0.92324110865592968 -0.76447647809982289 0.03887548670172692 -0.47635015845298762 -1.2926951646804807 -0.11722171306610106 -0.50443676114082325
decision_type=8 8 10 10 8 10 10
left_child=1 3 -3 -1 5 -2 -6
right_child=4 2 -4 -5 6 -7 -8
leaf_value=7.0486181218129833e-05 6.498149493403754e-05 -1.1771566918044574e-05 2.5503350570000109e-05 -4.3036646413270302e-05 5.7398778849962878e-05 0.0003851553396890798 1.4202254930981695e-05
leaf_weight=46900 3281 1148679 647667 292212 79283 1811 177340
leaf_count=46900 3281 1148679 647667 292212 79283 1811 177340
internal_value=7.11925e-07 -2.93802e-06 1.66778e-06 -2.73359e-05 3.04936e-05 0.000178909 2.7548e-05
internal_weight=2.39717e+06 2.13546e+06 1.79635e+06 339112 261715 5092 256623
internal_count=2397173 2135458 1796346 339112 261715 5092 256623
is_linear=0
shrinkage=0.00720685


Tree=349
num_leaves=8
num_cat=0
split_feature=7 11 19 18 23 25 18
split_gain=5.31167 5.48356 4.84864 4.37626 2.64744 2.2457 2.1244
threshold=1.0498710274696352 2.064728975296021 -0.16622477769851682 3.3161724805831914 -0.005863707046955823 -0.34476998448371882 -1.5232186317443845
decision_type=2 8 8 10 10 10 10
left_child=1 2 -1 6 -3 -5 -2
right_child=3 4 -4 5 -6 -7 -8
leaf_value=1.2494875858617693e-05 0.00013187423863992047 7.1186673760055688e-05 -8.7584938445973397e-06 1.7914467115755823e-05 0.00031040679138658533 -0.00037272959204530577 -3.9079799363059194e-05
leaf_weight=1176579 3877 5647 1059590 1021 4183 3037 142819
leaf_count=1176579 3877 5647 1059590 1021 4183 3037 142819
internal_value=3.912e-07 3.1708e-06 2.42413e-06 -4.102e-05 0.000173006 -0.000274455 -3.45607e-05
internal_weight=2.39675e+06 2.246e+06 2.23617e+06 150754 9830 4058 146696
internal_count=2396753 2245999 2236169 150754 9830 4058 146696
is_linear=0
shrinkage=0.00720685


Tree=350
num_leaves=8
num_cat=0
split_feature=7 8 7 17 18 18 21
split_gain=5.43046 4.9684 4.7041 4.68732 3.78568 1.42826 0.961805
threshold=1.3942345976829531 1.1904942989349367 -0.0076007654424756757 0.22622525691986087 3.3161724805831914 -1.343137204647064 -1.0112825632095335
decision_type=2 8 2 2 10 10 10
left_child=1 3 -3 -1 5 -2 -6
right_child=4 2 -4 -5 6 -7 -8
leaf_value=-9.7411617261683091e-06 0.00010120112962702119 1.4563253191943758e-06 6.5303433482024589e-05 1.3223991402204109e-05 -0.00059803096236752014 -4.8973202051086576e-05 -0.0002440090925643569
leaf_weight=1351867 3404 122224 117608 700962 467 96857 2724
leaf_count=1351867 3404 122224 117608 700962 467 96857 2724
internal_value=-5.77835e-07 1.72684e-06 3.27657e-05 -1.89943e-06 -5.16529e-05 -4.38734e-05 -0.00029599
internal_weight=2.39611e+06 2.29266e+06 239832 2.05283e+06 103452 100261 3191
internal_count=2396113 2292661 239832 2052829 103452 100261 3191
is_linear=0
shrinkage=0.00720685


Tree=351
num_leaves=8
num_cat=0
split_feature=13 12 23 13 12 5 9
split_gain=5.22697 5.52833 7.29039 5.76731 4.14983 4.616 1.76611
threshold=0.94210061430931102 0.68995618820190441 -0.79336136579513539 -0.1218888610601425 0.68995618820190441 0.3340770304203034 1.0415073633193972
decision_type=8 8 10 8 10 8 10
left_child=1 3 -3 -1 6 -6 -2
right_child=4 2 -4 -5 5 -7 -8
leaf_value=2.3733440027123308e-05 2.6420743593786939e-05 -7.9647702821582052e-05 -1.0830722891779433e-05 -5.7324781577208954e-06 1.3278030576108047e-05 0.00015913803767891228 -3.5497499967275414e-05
leaf_weight=503963 169921 96857 458200 1093791 20370 25223 27846
leaf_count=503963 169921 96857 458200 1093791 20370 25223 27846
internal_value=3.33455e-07 -3.2453e-06 -2.28394e-05 3.56164e-06 3.19919e-05 9.3973e-05 1.77023e-05
internal_weight=2.39617e+06 2.15281e+06 555057 1.59775e+06 243360 45593 197767
internal_count=2396171 2152811 555057 1597754 243360 45593 197767
is_linear=0
shrinkage=0.00720685


Tree=352
num_leaves=8
num_cat=0
split_feature=0 25 18 1 19 4 23
split_gain=5.44892 4.28798 4.72636 3.90886 3.56707 2.44035 1.76582
threshold=0.56690368056297313 0.014354820828884842 3.0491762161254887 -2.3708819150924678 -0.47834391891956324 -1.7512498497962949 -0.30388364195823664
decision_type=2 8 10 2 8 8 8
left_child=1 3 -3 -1 6 -6 -2
right_child=4 2 -4 -5 5 -7 -8
leaf_value=0.0008928226234318974 7.87142311913604e-05 6.0248149902804906e-06 -0.0001424990150822868 -1.7713021820838184e-05 0.00034637468990547063 6.8525204658766173e-06 2.9786541490506004e-05
leaf_weight=244 62524 995890 11253 872795 1102 355403 98941
leaf_count=244 62524 995890 11253 872795 1102 355403 98941
internal_value=-6.60777e-08 -5.76792e-06 4.36517e-06 -1.74575e-05 2.0631e-05 7.90301e-06 4.87333e-05
internal_weight=2.39815e+06 1.88018e+06 1.00714e+06 873039 517970 356505 161465
internal_count=2398152 1880182 1007143 873039 517970 356505 161465
is_linear=0
shrinkage=0.00720685


Tree=353
num_leaves=8
num_cat=0
split_feature=1 23 25 23 18 18 7
split_gain=5.27902 4.2779 4.3478 4.12997 2.71654 1.74249 1.70256
threshold=1.044569253921509 1.5055875182151797 0.17696668207645419 -0.780513435602188 3.0491762161254887 -0.18382689356803891 -0.79039680957794178
decision_type=2 10 10 8 10 8 2
left_child=1 2 -1 6 -5 -3 -2
right_child=3 5 -4 4 -6 -7 -8
leaf_value=-9.7208850265889209e-07 6.5837445370927123e-05 -7.4938831859285048e-05 2.2427877066545076e-05 -1.251912773589368e-05 -0.00011862949768244631 -1.4693440104265953e-05 -0.00010471759144046067
leaf_weight=1364185 3284 45740 591110 282953 13111 54824 40777
leaf_count=1364185 3284 45740 591110 282953 13111 54824 40777
internal_value=-6.0679e-07 3.74434e-06 6.10201e-06 -2.69069e-05 -1.72186e-05 -4.20958e-05 -9.20039e-05
internal_weight=2.39598e+06 2.05586e+06 1.9553e+06 340125 296064 100564 44061
internal_count=2395984 2055859 1955295 340125 296064 100564 44061
is_linear=0
shrinkage=0.00720685


Tree=354
num_leaves=8
num_cat=0
split_feature=0 1 15 17 12 17 25
split_gain=4.86096 5.7031 6.21157 4.86511 3.4356 4.88578 2.7528
threshold=0.28632783889770513 -2.052476048469543 0.10622823983430864 0.24583988636732104 -1.8667441606521604 4.8196761608123788 -2.1065216064453121
decision_type=2 2 2 2 10 2 8
left_child=1 2 -1 -3 5 -2 -6
right_child=4 3 -4 -5 6 -7 -8
leaf_value=0.00075370873639454242 -4.4756013422236592e-05 -1.9565698102049529e-05 -7.1395848307453908e-05 1.0824753329227834e-05 8.84132688830416e-05 0.001462238188774457 1.1956189754957182e-05
leaf_weight=1054 60586 915226 860 390257 25069 111 1003183
leaf_count=1054 60586 915226 860 390257 25069 111 1003183
internal_value=-5.36669e-07 -9.90435e-06 0.000383106 -1.04809e-05 1.07102e-05 -4.1977e-05 1.38203e-05
internal_weight=2.39635e+06 1.3074e+06 1914 1.30548e+06 1.08895e+06 60697 1.02825e+06
internal_count=2396346 1307397 1914 1305483 1088949 60697 1028252
is_linear=0
shrinkage=0.00720685


Tree=355
num_leaves=8
num_cat=0
split_feature=7 19 18 25 18 4 23
split_gain=4.91056 4.85594 4.83889 4.62489 4.02352 3.264 1.97459
threshold=1.1039938330650332 -0.34676700830459589 -0.25760702788829798 0.017155314795672897 3.3161724805831914 inf -1.4262086153030393
decision_type=2 8 10 8 10 8 10
left_child=1 2 -1 -3 5 -2 -6
right_child=4 3 -4 -5 6 -7 -8
leaf_value=-1.3555435913269575e-06 -3.6956366103263478e-05 -1.9726552690667213e-05 3.3307516548970526e-05 6.35278084090665e-06 0.00020780609201244977 0.00063548642615564668 -0.00032662035715282127
leaf_weight=416116 136518 662397 420591 756582 400 375 3456
leaf_count=416116 136518 662397 420591 756582 400 375 3456
internal_value=-2.78628e-07 2.29835e-06 1.60687e-05 -5.82136e-06 -4.1578e-05 -3.51097e-05 -0.000271138
internal_weight=2.39644e+06 2.25569e+06 836707 1.41898e+06 140749 136893 3856
internal_count=2396435 2255686 836707 1418979 140749 136893 3856
is_linear=0
shrinkage=0.00720685


Tree=356
num_leaves=8
num_cat=0
split_feature=0 23 9 0 3 9 15
split_gain=4.95608 4.61562 3.6234 3.60066 3.23728 3.22684 1.00065
threshold=0.57264313101768505 -0.68372100591659535 1.5167080760002138 -5.2207963466644278 1.8019210100173952 -0.97273629903793324 0.6751101315021516
decision_type=2 8 8 2 10 8 2
left_child=1 5 4 -3 -2 -1 -4
right_child=2 3 6 -5 -6 -7 -8
leaf_value=-9.228979784045265e-05 2.3381648175708519e-05 -0.0001493573980984827 -8.5174695743573059e-05 5.522456532033131e-07 0.00034001775377010376 -2.1907352254926744e-05 4.4980183650080657e-05
leaf_weight=38742 481753 8365 20630 1574810 1682 266989 3603
leaf_count=38742 481753 8365 20630 1574810 1682 266989 3603
internal_value=1.8227e-07 -5.19056e-06 2.01732e-05 -2.39902e-07 2.4484e-05 -3.08265e-05 -6.5821e-05
internal_weight=2.39657e+06 1.88891e+06 507668 1.58318e+06 483435 305731 24233
internal_count=2396574 1888906 507668 1583175 483435 305731 24233
is_linear=0
shrinkage=0.00720685


Tree=357
num_leaves=8
num_cat=0
split_feature=0 25 25 0 1 19 0
split_gain=5.0579 4.83772 4.26862 3.72379 3.68274 3.12041 1.14693
threshold=0.69706729054451 0.011431879829615356 4.1405611038208017 -2.9496417045593257 -0.35698720812797541 -0.46242707967758173 0.8163515329360963
decision_type=2 8 10 2 2 10 2
left_child=1 3 -3 -1 5 -2 -6
right_child=4 2 -4 -5 6 -7 -8
leaf_value=-0.00010424144995103338 6.4487171464263897e-05 7.1535615427805646e-06 -0.00016147466880517096 -1.3843223724469434e-05 -3.1663735843745994e-05 1.5890817158938892e-05 -0.000155665183235341
leaf_weight=24289 102173 1110340 7851 924084 10187 209026 6252
leaf_count=24289 102173 1110340 7851 924084 10187 209026 6252
internal_value=-1.45325e-08 -4.18538e-06 5.96944e-06 -1.61586e-05 2.62928e-05 3.18462e-05 -7.88312e-05
internal_weight=2.3942e+06 2.06656e+06 1.11819e+06 948373 327638 311199 16439
internal_count=2394202 2066564 1118191 948373 327638 311199 16439
is_linear=0
shrinkage=0.00720685


Tree=358
num_leaves=8
num_cat=0
split_feature=2 18 9 9 23 21 7
split_gain=5.26243 4.55857 13.7696 11.9736 4.04504 2.99861 2.77791
threshold=-0.65376815199851979 -0.22486788034439084 -0.44093410670757288 0.32725517451763159 -0.780513435602188 -1.4944184422492979 -0.8440052568912505
decision_type=2 10 10 10 8 10 2
left_child=4 3 -3 -2 6 -6 -1
right_child=1 2 -4 -5 5 -7 -8
leaf_value=0.00019020645082375303 1.3562657178273465e-05 -3.2704771961642197e-05 3.1880211894660394e-05 -3.7264985812174108e-05 0.00019269737017898862 -1.6043652713188137e-05 -8.6440245599166458e-05
leaf_weight=1947 635472 225914 711228 387515 3608 372534 58550
leaf_count=1947 635472 225914 711228 387515 3608 372534 58550
internal_value=-2.1214e-07 4.82801e-06 1.63109e-05 -5.69122e-06 -2.28381e-05 -1.40408e-05 -7.75336e-05
internal_weight=2.39677e+06 1.96013e+06 937142 1.02299e+06 436639 376142 60497
internal_count=2396768 1960129 937142 1022987 436639 376142 60497
is_linear=0
shrinkage=0.00720685


Tree=359
num_leaves=8
num_cat=0
split_feature=17 9 18 18 17 12 19
split_gain=5.2213 7.25168 9.98152 5.94209 4.30481 7.62229 2.73681
threshold=0.22622525691986087 -0.65437334775924672 0.078190222382545485 -0.3451539278030395 2.7159967422485356 -3.0024029016494747 1.4953488111495974
decision_type=2 8 10 10 2 10 10
left_child=1 3 -3 -1 6 -6 -2
right_child=4 2 -4 -5 5 -7 -8
leaf_value=3.0105694265104178e-05 2.2319234740529207e-05 -1.5106377149745744e-05 2.6914096572594587e-05 -5.3205486147426192e-05 0.0016832113306740897 -5.8060908483674204e-05 -3.6158605342909725e-05
leaf_weight=53684 710569 826904 455250 258920 130 45642 44149
leaf_count=53684 710569 826904 455250 258920 130 45642 44149
internal_value=-2.36019e-07 -7.77461e-06 -1.86284e-07 -3.88982e-05 1.47825e-05 -5.30802e-05 1.88984e-05
internal_weight=2.39525e+06 1.59476e+06 1.28215e+06 312604 800490 45772 754718
internal_count=2395248 1594758 1282154 312604 800490 45772 754718
is_linear=0
shrinkage=0.00720685


Tree=360
num_leaves=8
num_cat=0
split_feature=23 2 23 19 19 9 17
split_gain=5.08924 5.1352 5.58886 3.98521 2.20803 2.16134 1.95686
threshold=1.2950605750083926 -0.11978618428111075 -0.780513435602188 -0.14772857725620267 -0.19856534153223035 0.74082839488983165 4.8196761608123788
decision_type=10 2 8 8 8 8 2
left_child=1 2 -1 -3 6 -6 -2
right_child=4 3 -4 -5 5 -7 -8
leaf_value=-5.6963898173907072e-05 -1.0055227823126088e-05 2.1986405781937012e-05 -4.1597463061862009e-06 -2.3940048939165842e-06 -4.8197556598282336e-05 -0.00014171343298156113 -0.00034571989709546755
leaf_weight=121574 75788 754743 724557 646512 56716 16592 912
leaf_count=121574 75788 754743 724557 646512 56716 16592 912
internal_value=-4.40435e-07 2.27238e-06 -1.17469e-05 1.07377e-05 -4.10831e-05 -6.93652e-05 -1.4051e-05
internal_weight=2.39739e+06 2.24739e+06 846131 1.40126e+06 150008 73308 76700
internal_count=2397394 2247386 846131 1401255 150008 73308 76700
is_linear=0
shrinkage=0.00720685


Tree=361
num_leaves=8
num_cat=0
split_feature=2 15 10 0 21 19 19
split_gain=5.07823 6.5003 4.88348 4.69153 3.47385 2.83721 2.75099
threshold=-0.11978618428111075 -0.14650723338127133 1.5238646268844607 -2.2573887109756465 -1.4944184422492979 -0.59143438935279835 -1.3722611665725706
decision_type=2 2 10 2 10 8 8
left_child=3 2 -2 6 -5 -3 -1
right_child=1 5 -4 4 -6 -7 -8
leaf_value=0.00029715429690917286 -6.2274642928721569e-07 5.1738663505116143e-05 -5.9834390219262241e-05 0.00015262286665085139 -9.8965368111016988e-06 1.6203106266834075e-05 -7.6563210265308425e-05
leaf_weight=1038 622851 142380 81851 6887 827731 646924 66870
leaf_count=1038 622851 142380 81851 6887 827731 646924 66870
internal_value=2.55276e-07 8.40915e-06 -7.50027e-06 -1.32423e-05 -8.55528e-06 2.26133e-05 -7.08464e-05
internal_weight=2.39653e+06 1.49401e+06 704702 902526 834618 789304 67908
internal_count=2396532 1494006 704702 902526 834618 789304 67908
is_linear=0
shrinkage=0.00720685


Tree=362
num_leaves=8
num_cat=0
split_feature=2 19 0 18 10 25 4
split_gain=4.88097 4.88597 4.15039 3.56674 2.62612 2.59089 2.58263
threshold=-0.24747025221586225 -0.15243947505950925 -1.2534002065658567 -0.24981831759214398 0.025350858457386497 0.063542772084474577 -2.0546886920928951
decision_type=2 8 2 10 8 8 10
left_child=2 3 6 -2 -4 -3 -1
right_child=1 5 4 -5 -6 -7 -8
leaf_value=7.6084266151001898e-05 4.2099199017151002e-06 -1.8733955349099731e-05 -1.7508429501998765e-05 3.3300090830404792e-05 1.4664688046327738e-05 8.0248490626560034e-06 -6.3414543199221524e-05
leaf_weight=7350 453520 418547 456493 423182 185241 341086 110658
leaf_count=7350 453520 418547 456493 423182 185241 341086 110658
internal_value=-3.49139e-07 6.65967e-06 -1.54448e-05 1.82517e-05 -8.22139e-06 -6.71884e-06 -5.47253e-05
internal_weight=2.39608e+06 1.63634e+06 759742 876702 641734 759633 118008
internal_count=2396077 1636335 759742 876702 641734 759633 118008
is_linear=0
shrinkage=0.00720685


Tree=363
num_leaves=8
num_cat=0
split_feature=13 12 23 13 12 5 15
split_gain=5.21675 5.01609 7.19944 6.08378 3.77044 4.14274 0.928874
threshold=0.97296303510665905 0.70863294601440441 -0.79336136579513539 -0.1218888610601425 0.70863294601440441 0.48321661353111273 0.56909698247909557
decision_type=8 8 10 8 10 8 2
left_child=1 3 -3 -1 6 -6 -2
right_child=4 2 -4 -5 5 -7 -8
leaf_value=2.3710335793128087e-05 9.921936822820225e-06 -7.9167371679663307e-05 -1.0122555763618217e-05 -6.2776223315482646e-06 2.6872551488202486e-05 0.00017559144672849185 4.7549833472789661e-05
leaf_weight=510591 130102 95043 448954 1126818 20314 18670 46166
leaf_count=510591 130102 95043 448954 1126818 20314 18670 46166
internal_value=1.14373e-07 -3.22563e-06 -2.21857e-05 3.07347e-06 3.39626e-05 9.80994e-05 1.97773e-05
internal_weight=2.39666e+06 2.18141e+06 543997 1.63741e+06 215252 38984 176268
internal_count=2396658 2181406 543997 1637409 215252 38984 176268
is_linear=0
shrinkage=0.00720685


Tree=364
num_leaves=8
num_cat=0
split_feature=13 9 12 12 5 0 9
split_gain=5.44176 5.10513 5.07912 4.08739 4.60975 3.31185 1.80317
threshold=0.98389187455177318 -0.76447647809982289 0.68060028553009044 0.68060028553009044 0.36965747177600866 -5.2207963466644278 0.39524881541728979
decision_type=8 8 8 10 8 2 8
left_child=1 5 -3 6 -5 -1 -2
right_child=3 2 -4 4 -6 -7 -8
leaf_value=-0.00019069974566312937 4.349832383502187e-05 8.5352798794350596e-06 -1.9723891676720779e-05 1.8115586477943099e-05 0.00017437324208691653 -2.5242616612819357e-05 -3.9306650044666948e-06
leaf_weight=6402 85213 1416230 430831 18284 21148 336603 81404
leaf_count=6402 85213 1416230 430831 18284 21148 336603 81404
internal_value=5.33428e-07 -2.7979e-06 1.94375e-06 3.59416e-05 0.000101922 -2.83314e-05 2.03259e-05
internal_weight=2.39612e+06 2.19007e+06 1.84706e+06 206049 39432 343005 166617
internal_count=2396115 2190066 1847061 206049 39432 343005 166617
is_linear=0
shrinkage=0.00720685


Tree=365
num_leaves=8
num_cat=0
split_feature=8 17 19 17 23 9 17
split_gain=4.55877 5.3782 5.58247 4.20573 2.71303 3.51985 1.23112
threshold=1.270885229110718 0.22622525691986087 -0.35569505393505091 2.7159967422485356 -0.30981205403804774 2.248711466789246 1.1401141285896303
decision_type=8 2 8 2 8 8 2
left_child=1 2 -1 -3 5 -2 -6
right_child=4 3 -4 -5 6 -7 -8
leaf_value=6.5776688781088654e-06 5.6326198595767072e-05 1.7630650174664818e-05 -2.2376932485761777e-05 -5.4489831653627773e-05 5.3103420999724905e-06 0.00046719370900142042 0.00010486754035423641
leaf_weight=575476 91669 683719 866714 44744 126185 1095 6798
leaf_count=575476 91669 683719 866714 44744 126185 1095 6798
internal_value=4.4473e-07 -2.76083e-06 -1.08232e-05 1.32007e-05 3.12676e-05 6.11811e-05 1.04005e-05
internal_weight=2.3964e+06 2.17065e+06 1.44219e+06 728463 225747 92764 132983
internal_count=2396400 2170653 1442190 728463 225747 92764 132983
is_linear=0
shrinkage=0.00720685


Tree=366
num_leaves=8
num_cat=0
split_feature=0 10 6 1 8 16 6
split_gain=4.63556 4.3245 4.59997 2.35496 1.14767 1.15542 0.481037
threshold=-4.2782008647918692 -1.8957412242889402 0.078347034752368941 -1.9565966129302976 2.0226339101791386 4.8809630870819101 0.88332512974739086
decision_type=2 10 8 2 10 2 10
left_child=4 3 -3 -2 5 -1 -6
right_child=1 2 -4 -5 6 -7 -8
leaf_value=-7.9752119605330189e-05 0.00041221241286823983 9.3945132520911304e-06 -1.0796545952407565e-05 8.1884572211435113e-05 -0.00052279541917222172 -0.00048206819954875322 -0.00010486549339880767
leaf_weight=27273 1181 1194636 1150358 21768 448 375 211
leaf_count=27273 1181 1194636 1150358 21768 448 375 211
internal_value=-6.42863e-07 4.53097e-07 -5.10383e-07 9.89013e-05 -9.23202e-05 -8.52261e-05 -0.000389362
internal_weight=2.39625e+06 2.36794e+06 2.34499e+06 22949 28307 27648 659
internal_count=2396250 2367943 2344994 22949 28307 27648 659
is_linear=0
shrinkage=0.00720685


Tree=367
num_leaves=8
num_cat=0
split_feature=7 11 19 18 4 4 19
split_gain=4.82925 4.74895 4.5885 3.85605 3.41299 2.18658 2.12212
threshold=1.3942345976829531 2.064728975296021 -0.17091973870992658 3.3161724805831914 inf -2.0546886920928951 -0.73764064908027638
decision_type=2 8 8 10 8 8 10
left_child=1 2 -1 4 -2 -3 -5
right_child=3 5 -4 6 -6 -7 -8
leaf_value=1.1781886994418704e-05 -4.1535033690031899e-05 0.00042114651096796641 -8.676347565830464e-06 0.00045096502065615664 0.00096884379928358435 0.00011496862942631641 -0.00034066063626189252
leaf_weight=1191481 100099 1398 1090617 186 173 9057 3002
leaf_count=1191481 100099 1398 1090617 186 173 9057 3002
internal_value=5.3342e-07 2.70698e-06 2.00486e-06 -4.76294e-05 -3.97825e-05 0.000155946 -0.000294346
internal_weight=2.39601e+06 2.29255e+06 2.2821e+06 103460 100272 10455 3188
internal_count=2396013 2292553 2282098 103460 100272 10455 3188
is_linear=0
shrinkage=0.00720685


Tree=368
num_leaves=8
num_cat=0
split_feature=0 10 23 1 16 12 23
split_gain=4.8699 5.21088 4.73711 1.92617 0.921206 1.22777 0.400232
threshold=-5.2207963466644278 -2.0491511821746822 1.3644348978996279 -1.9565966129302976 0.30461786687374121 -0.69533798098564137 0.18182855844497683
decision_type=2 10 10 2 2 10 10
left_child=4 3 -3 -2 6 -6 -1
right_child=1 2 -4 -5 5 -7 -8
leaf_value=-0.00010077283053693116 0.00042831471826148073 2.3476454112837419e-06 -4.091244612722663e-05 0.00011381295490873047 0.00029572014769145078 -0.00022520027221838645 9.1750997958436111e-05
leaf_weight=2758 1095 2230576 139704 13159 243 6489 703
leaf_count=2758 1095 2230576 139704 13159 243 6489 703
internal_value=-4.78743e-08 6.2408e-07 -2.02103e-07 0.000138002 -0.000157232 -0.000206354 -6.16455e-05
internal_weight=2.39473e+06 2.38453e+06 2.37028e+06 14254 10193 6732 3461
internal_count=2394727 2384534 2370280 14254 10193 6732 3461
is_linear=0
shrinkage=0.00720685


Tree=369
num_leaves=8
num_cat=0
split_feature=25 19 12 0 7 21 23
split_gain=4.9386 4.56131 4.22168 4.13863 4.09096 5.09302 2.83617
threshold=0.017155314795672897 -0.53158211708068837 -1.8667441606521604 0.7841511368751527 1.0049847960472109 inf 0.060374865308403976
decision_type=8 8 10 2 2 8 8
left_child=1 3 -3 -1 5 -2 -6
right_child=4 2 -4 -5 6 -7 -8
leaf_value=5.9452734939776064e-06 1.2626529937929401e-05 -8.7219753042994355e-05 -1.4804871231315531e-05 9.7888519131800165e-05 -9.0614502050231571e-05 0.00053160081218387551 -1.246208606435005e-07
leaf_weight=210369 1208693 44023 833008 28923 34044 982 38148
leaf_count=210369 1208693 44023 833008 28923 34044 982 38148
internal_value=2.5189e-07 -1.08305e-05 -1.84399e-05 1.70588e-05 9.90305e-06 1.30483e-05 -4.27984e-05
internal_weight=2.39819e+06 1.11632e+06 877031 239292 1.28187e+06 1.20968e+06 72192
internal_count=2398190 1116323 877031 239292 1281867 1209675 72192
is_linear=0
shrinkage=0.00720685


Tree=370
num_leaves=8
num_cat=0
split_feature=2 7 9 0 24 4 7
split_gain=4.93402 6.0392 6.00743 4.6174 3.45792 2.25439 2.25223
threshold=-0.11978618428111075 -0.071638546884059892 -0.65437334775924672 -1.6976040005683897 -1.193284749984741 -2.0546886920928951 -0.2733307927846908
decision_type=2 2 8 2 2 10 2
left_child=3 4 -3 5 -2 -1 -5
right_child=1 2 -4 6 -6 -7 -8
leaf_value=7.2280360317574747e-05 -3.6816819933243847e-05 -2.3762518808361937e-05 3.3050272596395201e-05 1.9826540809086637e-05 1.3945712709173904e-06 -7.103753966770674e-05 -1.3379480811358972e-05
leaf_weight=6097 151248 116561 566419 125558 658670 87483 684137
leaf_count=6097 151248 116561 566419 125558 658670 87483 684137
internal_value=-4.74624e-07 7.56954e-06 2.33542e-05 -1.37697e-05 -5.74121e-06 -6.16991e-05 -8.23023e-06
internal_weight=2.39617e+06 1.4929e+06 682980 903275 809918 93580 809695
internal_count=2396173 1492898 682980 903275 809918 93580 809695
is_linear=0
shrinkage=0.00720685


Tree=371
num_leaves=8
num_cat=0
split_feature=13 25 0 25 9 5 19
split_gain=4.97686 4.87867 4.26157 3.45687 1.92005 2.02923 1.20412
threshold=0.99569448828697216 0.17696668207645419 -4.7395145893096915 4.1405611038208017 0.48125611245632177 -0.48063084483146662 -0.50443676114082325
decision_type=8 10 2 8 10 8 10
left_child=1 2 -1 -3 5 -2 -6
right_child=4 3 -4 -5 6 -7 -8
leaf_value=-0.00013837016267270738 -1.5436203923626326e-05 1.4710008410861026e-05 -9.0182404427601243e-06 -0.00013280914364207201 5.1442462139167429e-05 6.5285011858614672e-05 -1.2351914288137208e-05
leaf_weight=13346 19195 685325 1492555 8350 21651 102783 52941
leaf_count=13346 19195 685325 1492555 8350 21651 102783 52941
internal_value=2.24852e-07 -2.8801e-06 -1.01647e-05 1.29341e-05 3.49686e-05 5.25821e-05 6.16505e-06
internal_weight=2.39615e+06 2.19958e+06 1.5059e+06 693675 196570 121978 74592
internal_count=2396146 2199576 1505901 693675 196570 121978 74592
is_linear=0
shrinkage=0.00720685


Tree=372
num_leaves=8
num_cat=0
split_feature=8 23 12 10 18 21 23
split_gain=4.96948 5.0682 4.67573 4.38833 3.44324 3.05921 2.46114
threshold=1.270885229110718 -0.780513435602188 0.76797509193420421 -1.8957412242889402 3.8026243448257451 inf -0.41602763533592219
decision_type=8 8 10 10 10 8 10
left_child=1 2 -1 -3 5 -2 -6
right_child=4 3 -4 -5 6 -7 -8
leaf_value=-1.4767941459873744e-05 2.7975770740305375e-05 0.00011269250826197573 -8.2155094885590313e-05 -1.9911880481281491e-07 0.00053714996284266248 0.00055572921787277487 5.2011375702630953e-05
leaf_weight=211129 223610 18056 71621 1868069 1193 571 997
leaf_count=211129 223610 18056 71621 1868069 1193 571 997
internal_value=-3.01866e-08 -3.38386e-06 -3.18375e-05 8.81642e-07 3.21013e-05 2.93224e-05 0.000316419
internal_weight=2.39525e+06 2.16888e+06 282750 1.88612e+06 226371 224181 2190
internal_count=2395246 2168875 282750 1886125 226371 224181 2190
is_linear=0
shrinkage=0.00720685


Tree=373
num_leaves=8
num_cat=0
split_feature=2 12 6 0 15 9 6
split_gain=4.92216 4.38942 5.24996 2.76859 2.75307 2.0186 1.32153
threshold=-1.9753684401512144 -1.6731711626052854 0.078347034752368941 -3.7301558256149288 0.53081604838371288 2.248711466789246 -0.67534300684928883
decision_type=2 10 10 2 2 8 10
left_child=3 4 -3 6 -2 -5 -1
right_child=1 2 -4 5 -6 -7 -8
leaf_value=-0.00033641088691092717 -5.0846322913825813e-05 1.5998882404679546e-05 -6.5179028971987162e-06 -3.886500110908048e-05 2.8492562480615193e-05 0.00017583306418572097 -0.00011316944598214171
leaf_weight=1504 120784 1058004 1093856 74663 27977 2345 16298
leaf_count=1504 120784 1058004 1093856 74663 27977 2345 16298
internal_value=-1.61654e-07 1.93552e-06 4.5529e-06 -5.10507e-05 -3.59251e-05 -3.23247e-05 -0.000132048
internal_weight=2.39543e+06 2.30062e+06 2.15186e+06 94810 148761 77008 17802
internal_count=2395431 2300621 2151860 94810 148761 77008 17802
is_linear=0
shrinkage=0.00720685


Tree=374
num_leaves=8
num_cat=0
split_feature=6 21 3 9 18 23 18
split_gain=4.59749 5.62544 6.07687 4.93028 6.63249 4.83446 4.10288
threshold=0.28443865478038793 -1.2927485108375547 1.965822756290436 1.4344539046287539 1.210415303707123 -0.780513435602188 -0.23360456526279447
decision_type=8 10 10 10 10 8 10
left_child=3 2 -2 6 -5 -3 -1
right_child=1 5 -4 4 -6 -7 -8
leaf_value=-8.3571710011916558e-08 7.2636280112355037e-05 -5.4629600613466637e-05 0.0006013936222474533 -8.6167968260377181e-05 4.9586087644631525e-05 -8.0680387230702703e-06 2.538702974252349e-05
leaf_weight=702571 21364 134557 1191 60283 27092 831729 616885
leaf_count=702571 21364 134557 1191 60283 27092 831729 616885
internal_value=-1.73136e-08 -1.19256e-05 0.000100582 8.35284e-06 -4.40749e-05 -1.45519e-05 1.18247e-05
internal_weight=2.39567e+06 988841 22555 1.40683e+06 87375 966286 1.31946e+06
internal_count=2395672 988841 22555 1406831 87375 966286 1319456
is_linear=0
shrinkage=0.00720685


Tree=375
num_leaves=8
num_cat=0
split_feature=2 15 11 1 2 10 9
split_gain=5.08142 5.36069 4.69879 4.09871 2.99478 2.59726 1.83869
threshold=-0.333060473203659 0.1693692281842232 -1.4412102103233335 1.201336205005646 0.32927596569061285 0.012686928734183313 2.248711466789246
decision_type=2 2 8 2 2 8 8
left_child=3 2 -2 5 -3 -1 -5
right_child=1 4 -4 6 -6 -7 -8
leaf_value=-1.7657011109333614e-05 -4.4421729404487039e-05 7.4331109201934207e-06 1.7306493754583057e-06 -5.5755852011276293e-05 3.83785760079883e-05 1.813495385156682e-05 3.6075441829403748e-05
leaf_weight=364128 130492 337310 939249 150338 313295 148141 12246
leaf_count=364128 130492 337310 939249 150338 313295 148141 12246
internal_value=-5.52503e-07 6.022e-06 -3.89924e-06 -1.73124e-05 2.23348e-05 -7.30641e-06 -4.88387e-05
internal_weight=2.3952e+06 1.72035e+06 1.06974e+06 674853 650605 512269 162584
internal_count=2395199 1720346 1069741 674853 650605 512269 162584
is_linear=0
shrinkage=0.00720685


Tree=376
num_leaves=8
num_cat=0
split_feature=17 1 17 12 12 23 2
split_gain=4.57267 5.08581 4.26668 5.77567 4.20035 2.64219 2.38675
threshold=0.23586045205593112 0.9082603156566621 2.7159967422485356 -3.0024029016494747 -1.5171174407005308 1.7221600413322451 -1.1461461186408994
decision_type=2 2 2 10 10 10 2
left_child=1 4 5 -4 -1 -2 -3
right_child=2 6 3 -5 -6 -7 -8
leaf_value=-4.2337877202165308e-05 2.1055973615633425e-05 -6.1216224063426983e-05 0.0014881986260281799 -5.7246110993332276e-05 3.615923091355285e-06 -5.5039060756626543e-05 -1.8889477602413627e-05
leaf_weight=113249 721968 102902 125 45803 1176764 24503 211240
leaf_count=113249 721968 102902 125 45803 1176764 24503 211240
internal_value=2.45815e-07 -6.75075e-06 1.44099e-05 -5.30089e-05 -4.18325e-07 1.8558e-05 -3.27545e-05
internal_weight=2.39655e+06 1.60416e+06 792399 45928 1.29001e+06 746471 314142
internal_count=2396554 1604155 792399 45928 1290013 746471 314142
is_linear=0
shrinkage=0.00720685


Tree=377
num_leaves=8
num_cat=0
split_feature=7 11 19 1 17 4 17
split_gain=4.74307 4.29005 4.36715 3.00185 2.23132 2.28726 1.75169
threshold=1.3942345976829531 2.064728975296021 -0.23987191170454022 -2.1766750812530513 0.26394817233085638 inf 2.5184183120727544
decision_type=2 8 8 2 2 8 2
left_child=1 2 -1 -3 5 -2 -6
right_child=4 3 -4 -5 6 -7 -8
leaf_value=1.2344812886783228e-05 -6.6546171646636001e-05 0.00067271818167175717 -7.646520686614997e-06 0.00012015099166146041 3.8441647671133833e-05 0.00083036463528393396 -0.00018234845346969594
leaf_weight=1059306 81393 538 1222583 9754 19580 147 2062
leaf_count=1059306 81393 538 1222583 9754 19580 147 2062
internal_value=1.44456e-07 2.2961e-06 1.63391e-06 0.000149097 -4.76535e-05 -6.49193e-05 1.7397e-05
internal_weight=2.39536e+06 2.29218e+06 2.28189e+06 10292 103182 81540 21642
internal_count=2395363 2292181 2281889 10292 103182 81540 21642
is_linear=0
shrinkage=0.00720685


Tree=378
num_leaves=8
num_cat=0
split_feature=25 18 0 10 19 4 6
split_gain=4.9618 4.58992 4.26402 4.07973 3.89457 2.25405 1.80954
threshold=0.017155314795672897 3.0491762161254887 -2.9496417045593257 -1.8957412242889402 -0.7028914988040923 2.6550011634826665 0.65337926149368297
decision_type=8 10 2 10 8 10 10
left_child=2 3 5 -2 -4 -1 -3
right_child=1 6 4 -5 -6 -7 -8
leaf_value=-0.00010824939233376503 0.00014015658852464054 -0.00021342049295552175 2.7917226700040217e-05 9.539017820812925e-06 -1.412274578604733e-05 0.0011192566039954373 -2.8314286761943483e-05
leaf_weight=24864 12543 6506 129929 1256647 960798 77 4743
leaf_count=24864 12543 6506 129929 1256647 960798 77 4743
internal_value=-1.35185e-07 9.54535e-06 -1.12454e-05 1.083e-05 -9.11484e-06 -0.000104416 -0.000135384
internal_weight=2.39611e+06 1.28044e+06 1.11567e+06 1.26919e+06 1.09073e+06 24941 11249
internal_count=2396107 1280439 1115668 1269190 1090727 24941 11249
is_linear=0
shrinkage=0.00720685


Tree=379
num_leaves=8
num_cat=0
split_feature=8 6 21 9 18 24 21
split_gain=5.02011 4.13744 4.9055 4.71474 3.68035 3.18163 2.34543
threshold=1.270885229110718 0.25488629937171942 -1.3282360434532163 1.1373500823974612 3.8026243448257451 -1.6326428055763242 inf
decision_type=8 8 10 8 10 2 8
left_child=1 3 -3 -1 6 -6 -2
right_child=4 2 -4 -5 5 -7 -8
leaf_value=1.1436827012506815e-05 2.8491704645704239e-05 0.00010309160448776755 -1.6719552769692087e-05 -2.8880782144878193e-05 0.00084593489582855804 0.00018141578762293157 0.00049059375272922292
leaf_weight=1049405 224013 18095 926317 175896 477 1729 571
leaf_count=1049405 224013 18095 926317 175896 477 1729 571
internal_value=2.84209e-07 -3.08807e-06 -1.44238e-05 5.64906e-06 3.2547e-05 0.000325416 2.96688e-05
internal_weight=2.3965e+06 2.16971e+06 944412 1.2253e+06 226790 2206 224584
internal_count=2396503 2169713 944412 1225301 226790 2206 224584
is_linear=0
shrinkage=0.00720685


Tree=380
num_leaves=8
num_cat=0
split_feature=8 17 19 7 18 23 18
split_gain=4.58561 5.38947 4.71234 4.16652 6.11732 3.97572 3.29884
threshold=1.1904942989349367 0.25489379465579992 -0.35569505393505091 -0.067528285086154924 3.8026243448257451 -0.5937528908252715 -0.51512983441352833
decision_type=8 2 8 2 10 8 8
left_child=1 2 -1 4 -2 -3 -5
right_child=3 5 -4 6 -6 -7 -8
leaf_value=4.6550827219223359e-06 -1.2141293150531447e-05 -2.6135398324606222e-05 -2.1832820639179553e-05 1.1522533905011901e-05 0.00047410941448381566 2.065629955340542e-05 8.2331875498283186e-05
leaf_weight=580577 100801 112446 873983 56211 1361 584795 87161
leaf_count=580577 100801 112446 873983 56211 1361 584795 87161
internal_value=3.2365e-09 -3.36369e-06 -1.12604e-05 2.95102e-05 -5.6589e-06 1.311e-05 5.45705e-05
internal_weight=2.39734e+06 2.1518e+06 1.45456e+06 245534 102162 697241 143372
internal_count=2397335 2151801 1454560 245534 102162 697241 143372
is_linear=0
shrinkage=0.00720685


Tree=381
num_leaves=8
num_cat=0
split_feature=17 9 18 18 17 23 19
split_gain=4.90141 6.14933 10.9264 5.88113 3.94718 2.96889 1.71265
threshold=0.22622525691986087 -0.65437334775924672 0.078190222382545485 -0.15859817713499066 4.8196761608123788 -0.5937528908252715 -0.51508861780166615
decision_type=2 8 10 10 2 8 10
left_child=1 3 -3 -1 5 -2 -6
right_child=4 2 -4 -5 6 -7 -8
leaf_value=2.3271152460182535e-05 -1.5084204196094114e-05 -1.5825722970073075e-05 2.8150480015495996e-05 -5.2421817817209459e-05 -0.00029903318634174974 2.2526455972900341e-05 -7.4787702738443324e-05
leaf_weight=68216 130495 826932 454866 244036 2442 662025 6417
leaf_count=68216 130495 826932 454866 244036 2442 662025 6417
internal_value=1.02957e-07 -7.20644e-06 -2.20053e-07 -3.58855e-05 1.46424e-05 1.63335e-05 -0.00013663
internal_weight=2.39543e+06 1.59405e+06 1.2818e+06 312252 801379 792520 8859
internal_count=2395429 1594050 1281798 312252 801379 792520 8859
is_linear=0
shrinkage=0.00720685


Tree=382
num_leaves=8
num_cat=0
split_feature=17 9 18 18 17 12 23
split_gain=4.8981 6.25121 11.4512 5.03917 4.15445 4.68534 2.71995
threshold=0.22622525691986087 -0.65437334775924672 0.068120881915092482 -0.3451539278030395 2.7159967422485356 -3.0024029016494747 1.7221600413322451
decision_type=2 8 10 10 2 10 10
left_child=1 3 -3 -1 6 -6 -2
right_child=4 2 -4 -5 5 -7 -8
leaf_value=2.7319960738903984e-05 2.1281677366254912e-05 -1.6189366364844492e-05 2.8693726369308653e-05 -4.9251980108063576e-05 0.001394996744064979 -5.5582426058956647e-05 -5.5594886339691268e-05
leaf_weight=53958 730688 822337 460610 258426 115 45698 24711
leaf_count=53958 730688 822337 460610 258426 115 45698 24711
internal_value=1.86818e-07 -7.11472e-06 -7.51863e-08 -3.60256e-05 1.47253e-05 -5.19119e-05 1.87668e-05
internal_weight=2.39654e+06 1.59533e+06 1.28295e+06 312384 801212 45813 755399
internal_count=2396543 1595331 1282947 312384 801212 45813 755399
is_linear=0
shrinkage=0.00720685


Tree=383
num_leaves=8
num_cat=0
split_feature=13 12 13 5 12 5 9
split_gain=4.74984 5.37871 6.75486 4.17017 3.9208 4.53726 1.84978
threshold=0.94210061430931102 0.68995618820190441 -0.099929757416248308 0.94033226370811474 0.57978105545043956 0.48321661353111273 0.68865787982940685
decision_type=8 8 10 10 10 8 8
left_child=1 2 -1 -3 6 -6 -2
right_child=4 3 -4 -5 5 -7 -8
leaf_value=2.4141855488022492e-05 2.9242561767937465e-05 -2.9492494978825263e-05 -7.5031990145347603e-06 3.9440452698856139e-05 2.1316052879629143e-05 0.00015127162981645658 -1.9423528561106521e-05
leaf_weight=518729 128100 505011 1079276 50103 29614 26388 59363
leaf_count=518729 128100 505011 1079276 50103 29614 26388 59363
internal_value=-5.32706e-07 -3.94443e-06 2.76911e-06 -2.32707e-05 2.96392e-05 8.25528e-05 1.38315e-05
internal_weight=2.39658e+06 2.15312e+06 1.598e+06 555114 243465 56002 187463
internal_count=2396584 2153119 1598005 555114 243465 56002 187463
is_linear=0
shrinkage=0.00720685


Tree=384
num_leaves=8
num_cat=0
split_feature=0 18 3 4 0 3 8
split_gain=4.58264 4.65532 5.27934 3.88808 2.61827 1.88561 1.45195
threshold=0.69706729054451 -0.22486788034439084 0.091674555093050017 -2.2723927497863765 1.5359975099563601 1.965822756290436 1.155123829841614
decision_type=2 8 8 8 2 10 10
left_child=1 3 -3 -1 5 -2 -6
right_child=4 2 -4 -5 6 -7 -8
leaf_value=0.00034831394066098866 2.7615761928417239e-05 2.1414139653449316e-05 -9.2118637114285504e-06 -1.7097032944243774e-05 -0.00014655697793022616 0.00048158097488555185 7.302861613789066e-05
leaf_weight=1514 318521 557025 615225 894494 6906 475 2021
leaf_count=1514 318521 557025 615225 894494 6906 475 2021
internal_value=-1.43466e-07 -4.11199e-06 5.34086e-06 -1.64792e-05 2.48864e-05 2.82932e-05 -9.68392e-05
internal_weight=2.39618e+06 2.06826e+06 1.17225e+06 896008 327923 318996 8927
internal_count=2396181 2068258 1172250 896008 327923 318996 8927
is_linear=0
shrinkage=0.00720685


Tree=385
num_leaves=8
num_cat=0
split_feature=1 12 18 23 18 15 4
split_gain=4.27495 4.01428 4.41068 3.50196 2.93636 2.68825 1.32792
threshold=1.044569253921509 -1.8667441606521604 -0.22486788034439084 -0.780513435602188 3.0491762161254887 0.53081604838371288 0.051280150189995773
decision_type=2 10 10 8 10 2 8
left_child=1 5 -3 6 -5 -1 -2
right_child=3 2 -4 4 -6 -7 -8
leaf_value=-5.8177919687162136e-05 -0.00010550015208342667 -4.1341845490197519e-06 1.7582271271416455e-05 -1.0156801330705198e-05 -0.00012076724107409968 3.6283798757914762e-05 -1.2150703224870554e-05
leaf_weight=83072 33950 1049648 904199 283444 13038 19278 10322
leaf_count=83072 33950 1049648 904199 283444 13038 19278 10322
internal_value=-3.0704e-07 3.611e-06 5.91572e-06 -2.39495e-05 -1.50214e-05 -4.03853e-05 -8.37371e-05
internal_weight=2.39695e+06 2.0562e+06 1.95385e+06 340754 296482 102350 44272
internal_count=2396951 2056197 1953847 340754 296482 102350 44272
is_linear=0
shrinkage=0.00720685


Tree=386
num_leaves=8
num_cat=0
split_feature=13 12 13 12 0 7 19
split_gain=4.70598 4.4417 6.26877 3.92218 3.67114 2.28159 1.547
threshold=0.97296303510665905 0.69942820072174083 -0.14498664438724515 0.70863294601440441 -5.2207963466644278 -0.67957723140716542 -0.50443676114082325
decision_type=8 8 8 10 2 2 10
left_child=1 2 -1 6 -3 -5 -2
right_child=3 4 -4 5 -6 -7 -8
leaf_value=2.4305224468567162e-05 5.0048375852868467e-05 -0.00019427638215101318 -6.4625673462345389e-06 0.00027307472477234191 -1.8820406647582848e-05 8.0337116439490076e-05 3.6282483781455065e-06
leaf_weight=493031 53577 6264 1137351 3506 545628 35347 122646
leaf_count=493031 53577 6264 1137351 3506 545628 35347 122646
internal_value=2.95607e-08 -3.14034e-06 2.84167e-06 3.2193e-05 -2.08122e-05 9.77362e-05 1.77417e-05
internal_weight=2.39735e+06 2.18227e+06 1.63038e+06 215076 551892 38853 176223
internal_count=2397350 2182274 1630382 215076 551892 38853 176223
is_linear=0
shrinkage=0.00720685


Tree=387
num_leaves=8
num_cat=0
split_feature=23 23 25 12 12 18 23
split_gain=5.06141 5.23194 4.47739 2.32105 2.3129 2.63985 0.816406
threshold=1.2327008247375491 -1.4262086153030393 0.17696668207645419 -0.030433787964284417 -2.367466807365417 -0.2889139056205749 2.4544560909271245
decision_type=10 8 10 10 10 10 10
left_child=1 3 -3 -1 6 -6 -2
right_child=4 2 -4 -5 5 -7 -8
leaf_value=-9.3277220352300136e-06 -0.00028356553409771603 -2.0099018929854247e-06 2.0610713252632812e-05 -9.0760139388166542e-05 -7.3822145801889061e-05 -1.2233574718794007e-05 -6.0260646443057411e-05
leaf_weight=31329 2665 1512802 649631 43315 57285 97961 1250
leaf_count=31329 2665 1512802 649631 43315 57285 97961 1250
internal_value=-5.57888e-08 2.738e-06 4.7857e-06 -5.65829e-05 -3.93236e-05 -3.49599e-05 -0.000212306
internal_weight=2.39624e+06 2.23708e+06 2.16243e+06 74644 159161 155246 3915
internal_count=2396238 2237077 2162433 74644 159161 155246 3915
is_linear=0
shrinkage=0.00720685


Tree=388
num_leaves=8
num_cat=0
split_feature=9 9 3 23 23 0 3
split_gain=4.43469 4.1858 4.49879 3.30605 3.05838 2.59512 1.52143
threshold=-0.74454328417778004 1.0587497949600222 0.081413250416517272 -0.09546909853816031 -0.64282035827636708 -5.2207963466644278 2.3066871166229252
decision_type=8 10 8 10 8 2 10
left_child=4 2 -2 -3 6 -6 -1
right_child=1 3 -4 -5 5 -7 -8
leaf_value=-7.3639430877490687e-05 1.913438762534956e-05 6.4324733577068882e-07 -3.7501944804659168e-06 -5.2781958984062409e-05 -0.00017645765649767036 -1.1067541211589487e-05 0.00023814871387866092
leaf_weight=60572 912790 130505 872781 111607 5008 303264 823
leaf_count=60572 912790 130505 872781 111607 5008 303264 823
internal_value=-4.96256e-08 4.13557e-06 7.94847e-06 -2.39843e-05 -2.30061e-05 -1.3755e-05 -6.94559e-05
internal_weight=2.39735e+06 2.02768e+06 1.78557e+06 242112 369667 308272 61395
internal_count=2397350 2027683 1785571 242112 369667 308272 61395
is_linear=0
shrinkage=0.00720685


end of trees

feature_importances:
LOW_TURNOVER=368
INTRADAY_REV10=287
REV60=237
LN_TURNOVER=227
MAX_DD60=208
Q_SALES_YOY=175
MACD_LINE=169
CURRENT_RATIO=157
ROE_YOY=139
VSTD5=130
BP=110
CORR60=93
EP=86
AMIHUD_20=71
VOL_OF_VOL_20=57
CORD60=43
RET_VOL_CORR5=41
RET_AMT_CORR20=37
CORD20=23
CORD5=21
VOL_CV20=15
UP_DOWN_RATIO20=11
NEG_SKEW_20=9
CNTD5=4
CNTD60=4
VOL_PRICE_DIVERGENCE=1

parameters:
[boosting: gbdt]
[objective: regression]
[metric: l2]
[tree_learner: serial]
[device_type: cpu]
[data_sample_strategy: bagging]
[data: ]
[valid: ]
[num_iterations: 1000]
[learning_rate: 0.00720685]
[num_leaves: 43]
[num_threads: 8]
[seed: 42]
[deterministic: 0]
[force_col_wise: 0]
[force_row_wise: 0]
[histogram_pool_size: -1]
[max_depth: 3]
[min_data_in_leaf: 76]
[min_sum_hessian_in_leaf: 0.001]
[bagging_fraction: 0.712041]
[pos_bagging_fraction: 1]
[neg_bagging_fraction: 1]
[bagging_freq: 1]
[bagging_seed: 400]
[bagging_by_query: 0]
[feature_fraction: 0.587027]
[feature_fraction_bynode: 1]
[feature_fraction_seed: 30056]
[extra_trees: 0]
[extra_seed: 12879]
[early_stopping_round: 0]
[early_stopping_min_delta: 0]
[first_metric_only: 0]
[max_delta_step: 0]
[lambda_l1: 0.0035701]
[lambda_l2: 0.944352]
[linear_lambda: 0]
[min_gain_to_split: 0]
[drop_rate: 0.1]
[max_drop: 50]
[skip_drop: 0.5]
[xgboost_dart_mode: 0]
[uniform_drop: 0]
[drop_seed: 17869]
[top_rate: 0.2]
[other_rate: 0.1]
[min_data_per_group: 100]
[max_cat_threshold: 32]
[cat_l2: 10]
[cat_smooth: 10]
[max_cat_to_onehot: 4]
[top_k: 20]
[monotone_constraints: ]
[monotone_constraints_method: basic]
[monotone_penalty: 0]
[feature_contri: ]
[forcedsplits_filename: ]
[refit_decay_rate: 0.9]
[cegb_tradeoff: 1]
[cegb_penalty_split: 0]
[cegb_penalty_feature_lazy: ]
[cegb_penalty_feature_coupled: ]
[path_smooth: 0]
[interaction_constraints: ]
[verbosity: -1]
[saved_feature_importance_type: 0]
[use_quantized_grad: 0]
[num_grad_quant_bins: 4]
[quant_train_renew_leaf: 0]
[stochastic_rounding: 1]
[linear_tree: 0]
[max_bin: 255]
[max_bin_by_feature: ]
[min_data_in_bin: 3]
[bin_construct_sample_cnt: 200000]
[data_random_seed: 175]
[is_enable_sparse: 1]
[enable_bundle: 1]
[use_missing: 1]
[zero_as_missing: 0]
[feature_pre_filter: 1]
[pre_partition: 0]
[two_round: 0]
[header: 0]
[label_column: ]
[weight_column: ]
[group_column: ]
[ignore_column: ]
[categorical_feature: ]
[forcedbins_filename: ]
[precise_float_parser: 0]
[parser_config_file: ]
[objective_seed: 16083]
[num_class: 1]
[is_unbalance: 0]
[scale_pos_weight: 1]
[sigmoid: 1]
[boost_from_average: 1]
[reg_sqrt: 0]
[alpha: 0.9]
[fair_c: 1]
[poisson_max_delta_step: 0.7]
[tweedie_variance_power: 1.5]
[lambdarank_truncation_level: 30]
[lambdarank_norm: 1]
[label_gain: ]
[lambdarank_position_bias_regularization: 0]
[eval_at: ]
[multi_error_top_k: 1]
[auc_mu_weights: ]
[num_machines: 1]
[local_listen_port: 12400]
[time_out: 120]
[machine_list_filename: ]
[machines: ]
[gpu_platform_id: -1]
[gpu_device_id: -1]
[gpu_use_dp: 0]
[num_gpu: 1]

end of parameters

pandas_categorical:[]
