tree
version=v4
num_class=1
num_tree_per_iteration=1
label_index=0
max_feature_idx=24
objective=regression
feature_names=LOW_TURNOVER LN_TURNOVER CORR20 VOL_CV20 RET_AMT_CORR20 KLOW CONSEC_UP5 CORD60 RET_VOL_CORR5 OBV_CHG_20 CORD5 AMIHUD_20 VOL_OF_VOL_20 CORR60 VOL_PRICE_DIVERGENCE BP EP CNTD10 IMAX60 WVMA30 MAX_DD60 CNTD60 Q_SALES_YOY VSTD5 NEG_SKEW_20
feature_infos=[-6.6749143600463867:3.9110062122344971] [-4.2390646934509277:4.5767073631286621] [-4.7190403938293457:7.3035898208618164] [-6.9550857543945312:3.2512331008911133] [-5.9283194541931152:4.4721055030822754] [-3.4790287017822266:6.1797046661376953] [-6.6156191825866699:3.9536170959472656] [-3.7176530361175537:4.9094128608703613] [-3.7115263938903809:5.7362213134765625] [-7.6895899772644043:8.7535562515258789] [-5.5459780693054199:3.8109564781188965] [-2.673609733581543:7.8557119369506836] [-6.2707633972167969:3.0051429271697998] [-4.8119077682495117:4.8709826469421387] [-3.7657694816589355:3.6229569911956787] [-4.742464542388916:7.3778591156005859] [-5.3915543556213379:6.7281179428100586] [-3.8989901542663574:3.9588963985443115] [-5.5732932090759277:7.0493817329406738] [-2.8490509986877441:7.4245600700378418] [-3.3956310749053955:7.3328695297241211] [-3.7302627563476562:3.6050782203674316] [-4.8151063919067383:6.6137723922729492] [-3.5912888050079346:6.8808741569519043] [-4.1692352294921875:3.9743776321411133]
tree_sizes=1343 1318 1347 1262 1336 1294 1374 1324 1302 1319 1280 1303 1361 1330 1380 1350 1356 1271 1368 1332 1334 1314 1349 1379 1340 1304 1323 1361 1344 1321 1309 1297 1344 1291 1324 1364 1365 1324 1331 1300 1277 1363 1334 1325 1332 1279 1274 1309 1294 1264 1405 1345 1405 1345 1397 1326 1292 1312 1330 1348 1349 1320 1294 1289 1329 1365 1401 1373 1327 1342 1313 1337 1315 1318 1316 1276 1380 1375 1348 1275 1333 1291 1338 1349 1337 1339 1345 1322 1324 1351 1314 1308 1295 1313 1372 1336 1273 1373 1351 1346 1290 1285 1314 1340 1385 1315 1287 1336 1339 1342 1394 1297 1319 1327 1332 1332

Tree=0
num_leaves=12
num_cat=0
split_feature=6 6 12 8 6 2 20 20 11 2 9
split_gain=59.9044 14.3589 10.3249 10.0004 11.2823 10.2888 7.06912 6.51581 6.40602 5.96639 5.58499
threshold=-1.519222557544708 -3.5599991083145137 1.3027553558349612 inf -0.69904300570487965 0.11233710125088693 0.77992326021194469 -0.49721285700798029 0.20569878071546557 2.2468367815017705 0.41056887805461889
decision_type=2 2 8 8 2 8 8 8 10 10 10
left_child=1 -1 3 5 -5 7 9 -2 -6 -7 -3
right_child=2 10 -4 4 8 6 -8 -9 -10 -11 -12
leaf_value=0.0057016292328293397 0.0058709693958028187 0.0058262446242633298 0.0059340615053918655 0.010870817894632177 0.0058907807628695522 0.0058704932247283749 0.005842140287258081 0.0058923562840738552 0.0064352747239887582 0.0061154802487279137 0.0057601596467891794
leaf_weight=42165 618779 133281 85111 12.999999999999998 1099 1275947 283571 1054321 1288 2726 47524
leaf_count=42165 618779 133281 85111 13 1099 1275947 283571 1054321 1288 2726 47524
internal_value=0.00587161 0.00578859 0.00587718 0.00587568 0.00621322 0.00587543 0.00586577 0.00588445 0.00618505 0.00587102 0.00580887
internal_weight=3.54582e+06 222970 3.32286e+06 3.23774e+06 2400 3.23534e+06 1.56224e+06 1.6731e+06 2387 1.27867e+06 180805
internal_count=3545825 222970 3322855 3237744 2400 3235344 1562244 1673100 2387 1278673 180805
is_linear=0
shrinkage=1


Tree=1
num_leaves=12
num_cat=0
split_feature=6 18 5 5 18 6 17 24 17 15 21
split_gain=59.6049 25.783 25.837 19.0348 18.8682 14.0487 11.7669 8.64815 7.25016 15.1232 15.6836
threshold=-1.519222557544708 -1.2885944247245786 inf inf 0.26527033746242529 -3.5599991083145137 2.6379681825637822 -0.50376197695732106 2.6379681825637822 0.12206269428133966 1.2889330387115481
decision_type=2 10 8 8 8 2 2 8 2 2 2
left_child=3 -2 4 5 -3 -1 -4 -8 -5 -10 -11
right_child=1 2 6 8 -6 -7 7 -9 9 10 -12
leaf_value=-0.00017165296532911241 -4.3571336029255569e-05 1.9448198234961982e-05 0.00044085495949149506 0.00064708929617350575 -7.4222366088080386e-06 -6.5369111232016264e-05 0.0067394402922751825 0.00068431940230230645 -5.6397907599850996e-05 0.011634696798932948 0.0024760214032501461
leaf_weight=41990 268962 1905396 3319 597 1145408 180298 12.999999999999998 13.000000000000002 26 7.0000000000000027 17
leaf_count=41990 268962 1905396 3319 597 1145408 180298 13 13 26 7 17
internal_value=-1.714e-08 5.53871e-06 9.86384e-06 -8.28369e-05 9.35958e-06 -8.54505e-05 0.000469373 0.00390284 0.000812366 0.00270956 0.00559992
internal_weight=3.54605e+06 3.32311e+06 3.05415e+06 222935 3.0508e+06 222288 3345 26 647 50 24
internal_count=3546046 3323111 3054149 222935 3050804 222288 3345 26 647 50 24
is_linear=0
shrinkage=0.00523217


Tree=2
num_leaves=12
num_cat=0
split_feature=6 6 10 2 2 15 12 15 19 6 12
split_gain=58.9213 13.7994 11.8944 10.4998 7.72294 21.3723 7.63883 6.10843 7.35721 6.04932 5.61052
threshold=-1.519222557544708 -3.5599991083145137 inf 0.11233710125088693 1.3966172933578493 -1.0636386275291441 1.3473888635635378 0.12206269428133966 3.1034654378890996 -0.48552618920803065 1.3027553558349612
decision_type=2 2 8 10 10 2 8 2 10 2 10
left_child=1 -1 3 -2 6 -6 -4 -7 -9 -5 -11
right_child=2 -3 4 9 5 7 -8 8 -10 10 -12
leaf_value=-0.00016761467364102446 1.4213611882215044e-05 -6.2454896305054613e-05 9.97579937678768e-05 -2.7590552122469162e-05 0.0086134416686434196 0.00032452847483167423 0.0048855340734259966 0.00037740162421253976 0.0017957116107412256 -1.6514932603039136e-06 6.7230462910098361e-05
leaf_weight=42134 1716631 180843 1981 258443 7.9999999999999991 806 7.9999999999999991 196 209 1311485 33189
leaf_count=42134 1716631 180843 1981 258443 8 806 8 196 209 1311485 33189
internal_value=4.292e-09 -8.23304e-05 5.52938e-06 5.22136e-06 0.000323914 0.000651784 0.000122301 0.000590178 0.00111439 -4.40712e-06 4.8099e-08
internal_weight=3.54593e+06 222977 3.32296e+06 3.31975e+06 3208 1219 1989 1211 405 1.60312e+06 1.34467e+06
internal_count=3545933 222977 3322956 3319748 3208 1219 1989 1211 405 1603117 1344674
is_linear=0
shrinkage=0.00523217


Tree=3
num_leaves=12
num_cat=0
split_feature=5 11 2 5 16 24 7 7 17 7 24
split_gain=36.8853 29.8981 24.1015 20.2346 17.2385 28.2381 43.3519 93.6231 13.0633 9.45431 8.55339
threshold=inf 2.4816024303436284 0.4067590087652207 2.2705109119415288 -0.0031980075873434539 -0.60795679688453663 1.4671951532363894 2.123250007629395 2.6379681825637822 2.4116008281707768 0.51353108882904064
decision_type=8 10 10 8 2 10 10 10 2 10 10
left_child=2 8 -1 -4 -3 -6 10 -8 -2 -10 -7
right_child=1 4 3 -5 5 6 7 -9 9 -11 -12
leaf_value=1.0088005709851895e-05 0.00030627606049920939 0.00061877467538939469 -1.3507181538732202e-05 -0.00010901801786164599 0.0005801279801771294 0.00078758073484893948 0.017265842689251149 0.0029315159759985025 0.00045398023962066059 0.0046384594299192748 0.0054914498818849321
leaf_weight=2194692 3872 175 1283072 63742 91 60 18 38 28 32 11.999999999999998
leaf_count=2194692 3872 175 1283072 63742 91 60 18 38 28 32 12
internal_value=-1.41021e-08 0.000482756 -6.042e-07 -1.80282e-05 0.0018552 0.00283093 0.00440494 0.00781468 0.000344513 0.00274533 0.00165857
internal_weight=3.54583e+06 4326 3.54151e+06 1.34681e+06 394 219 128 56 3932 60 72
internal_count=3545832 4326 3541506 1346814 394 219 128 56 3932 60 72
is_linear=0
shrinkage=0.00523217


Tree=4
num_leaves=12
num_cat=0
split_feature=1 23 11 18 18 12 4 22 6 6 11
split_gain=77.4603 36.4613 32.9953 24.2179 22.2443 19.1066 59.9437 129.878 13.5288 12.5719 8.81424
threshold=1.9361078143119814 inf 3.3408535718917851 -1.2885944247245786 0.26527033746242529 -2.2578574419021602 -0.77063322067260731 -0.039935605600476258 -0.90447881817817677 -3.1858464479446407 0.20569878071546557
decision_type=2 8 8 10 8 10 10 10 2 2 10
left_child=1 3 10 -1 -5 6 7 -4 -6 -2 -3
right_child=9 2 5 4 8 -7 -8 -9 -10 -11 -12
leaf_value=-4.3241253135398508e-05 -0.00021640951602706668 5.06331530525192e-05 0.0025739116203782543 1.9294250681666789e-05 -5.2268700723019229e-05 0.0012793944214887422 0.00041444496017879127 0.024361931910369478 -2.183156722350609e-06 -9.5647419625697269e-05 0.00055045644071533711
leaf_weight=270987 30503 1496 24 1934480 172394 142 44 9.9999999999999982 1028356 104548 2745
leaf_count=270987 30503 1496 24 1934480 172394 142 44 10 1028356 104548 2745
internal_value=-3.43181e-08 4.83176e-06 0.000477484 4.21234e-06 8.31416e-06 0.00244845 0.00451571 0.00960816 -9.37475e-06 -0.000122931 0.000374398
internal_weight=3.54573e+06 3.41068e+06 4461 3.40622e+06 3.13523e+06 220 78 34 1.20075e+06 135051 4241
internal_count=3545729 3410678 4461 3406217 3135230 220 78 34 1200750 135051 4241
is_linear=0
shrinkage=0.00523217


Tree=5
num_leaves=12
num_cat=0
split_feature=0 23 11 1 12 9 2 0 0 2 11
split_gain=79.7944 35.659 32.2995 20.5424 19.3146 57.5959 134.042 11.3106 10.2848 9.47873 8.82491
threshold=-2.8001056909561153 inf 3.3408535718917851 1.3423411846160891 -2.2578574419021602 0.42605535686016088 1.987118721008301 -4.8514027595520011 0.43209046125411993 1.0697258114814761 0.20569878071546557
decision_type=2 8 8 2 10 8 10 2 2 10 10
left_child=7 3 10 8 5 -4 -7 -1 -2 -6 -3
right_child=1 2 4 -5 9 6 -8 -9 -10 -11 -12
leaf_value=-0.00024241316484640519 9.2819972337105042e-08 4.7443322081513572e-05 0.00047181542763119206 -4.2727881484778548e-05 0.003148665155554392 0.026714559896802489 0.0032246683282314069 -0.00011446040953030238 1.9698915485143158e-05 0.00029444601088232859 0.00054473467269541376
leaf_weight=26122 2067924 1520 44 244395 47 7.9999999999999991 26 68731 1134239 97 2753
leaf_count=26122 2067924 1520 44 244395 47 8 26 68731 1134239 97 2753
internal_value=1.23063e-09 4.11633e-06 0.000469769 3.50863e-06 0.00241101 0.00449432 0.00948635 -0.000149709 7.03776e-06 0.00124961 0.000368087
internal_weight=3.54591e+06 3.45105e+06 4495 3.44656e+06 222 78 34 94853 3.20216e+06 144 4273
internal_count=3545906 3451053 4495 3446558 222 78 34 94853 3202163 144 4273
is_linear=0
shrinkage=0.00523217


Tree=6
num_leaves=12
num_cat=0
split_feature=0 18 18 6 8 6 0 19 18 9 11
split_gain=79.1415 24.5723 19.7369 11.803 11.7122 11.3562 10.2203 5.92893 5.19616 5.08199 4.8846
threshold=-2.8001056909561153 -1.2885944247245786 0.26527033746242529 -2.9120939970016475 inf -0.72477844357490528 0.43209046125411993 -1.6857659816741941 2.773471593856812 0.1713943034410477 0.20569878071546557
decision_type=2 10 10 2 8 2 2 8 8 10 10
left_child=3 -2 6 -1 5 8 7 -3 -4 -5 -6
right_child=1 2 4 9 10 -7 -8 -9 -10 -11 -12
leaf_value=-0.00023390916867890911 -4.3520507222840332e-05 0.00018700824996779487 -4.7031965789520071e-05 -6.185595372047893e-05 2.4177416927957943e-05 -1.4133131366414711e-06 3.4805279292206566e-05 8.9923263616090799e-06 0.00010723751395417215 -0.00015489160379085942 0.00057318699591297931
leaf_weight=30491 273228 5142 216006 31840 668 1002221 685029 1261036 6143 32545 1339
leaf_count=30491 273228 5142 216006 31840 668 1002221 685029 1261036 6143 32545 1339
internal_value=-6.11463e-09 4.09243e-06 8.18675e-06 -0.000149084 -8.26079e-06 -8.91626e-06 1.85248e-05 9.71606e-06 -4.27618e-05 -0.000108898 0.000390979
internal_weight=3.54569e+06 3.45081e+06 3.17758e+06 94876 1.22638e+06 1.22437e+06 1.95121e+06 1.26618e+06 222149 64385 2007
internal_count=3545688 3450812 3177584 94876 1226377 1224370 1951207 1266178 222149 64385 2007
is_linear=0
shrinkage=0.00523217


Tree=7
num_leaves=12
num_cat=0
split_feature=1 5 18 18 16 1 6 6 15 3 10
split_gain=75.2865 35.1735 23.7902 21.7447 13.5856 14.8123 13.1798 12.0913 9.58714 10.4204 8.79501
threshold=1.9361078143119814 inf -1.2885944247245786 0.26527033746242529 -0.0064423980657011262 -1.0177420973777769 -0.90447881817817677 -3.1858464479446407 0.096431676298379912 -2.928619265556335 1.6901435852050783
decision_type=2 8 8 10 2 2 2 2 2 10 8
left_child=1 2 -1 -4 -3 8 -5 -2 10 -10 -6
right_child=7 4 3 6 5 -7 -8 -9 9 -11 -12
leaf_value=-4.2841830524235524e-05 -0.00021274404996446131 0.0001193419957793257 1.9107762580633821e-05 -5.1572258105675071e-05 0.0029258260842768618 0.004048901560507699 -2.13845826222988e-06 -9.4375430108564707e-05 0.0010989720110723058 0.00032589409295144149 0.0009039974958395783
leaf_weight=271033 30542 1743 1934632 172405 91 35 1028421 104587 685 1590 173
leaf_count=271033 30542 1743 1934632 172405 91 35 1028421 104587 685 1590 173
internal_value=-1.3327e-08 4.78513e-06 4.18668e-06 8.25215e-06 0.000476702 0.000718213 -9.23648e-06 -0.000121137 0.000670121 0.00055947 0.00161388
internal_weight=3.54594e+06 3.41081e+06 3.40649e+06 3.13546e+06 4317 2574 1.20083e+06 135129 2539 2275 264
internal_count=3545937 3410808 3406491 3135458 4317 2574 1200826 135129 2539 2275 264
is_linear=0
shrinkage=0.00523217


Tree=8
num_leaves=12
num_cat=0
split_feature=0 23 1 17 15 12 0 0 19 15 1
split_gain=77.6823 34.642 20.0397 18.044 16.9334 14.5999 11.1078 10.1109 7.19658 10.3118 7.66485
threshold=-2.8001056909561153 inf 1.3423411846160891 2.6379681825637822 0.12206269428133966 -1.9701280593872068 -4.8514027595520011 0.37891739606857305 2.5313324928283696 0.05258485488593579 -1.6765897274017332
decision_type=2 8 2 2 2 10 2 2 10 2 2
left_child=6 2 7 8 -5 -6 -1 -2 -3 -10 -11
right_child=1 3 -4 4 5 -7 -8 -9 9 10 -12
leaf_value=-0.00023963305624506769 -7.4967536266672947e-07 0.00016262694949889108 -4.2214389576916522e-05 -4.1825990837822733e-05 0.011025044446286046 0.003349883078538942 -0.00011280838769837129 1.8178156479120827e-05 0.0031060938988291455 0.00042078822305818402 0.0011824869359830245
leaf_weight=26112 1900354 1784 244326 30 7.9999999999999991 37 68705 1301790 43 2142 437
leaf_count=26112 1900354 1784 244326 30 8 37 68705 1301790 43 2142 437
internal_value=-1.42682e-09 4.05777e-06 3.45971e-06 0.00046374 0.00299064 0.004979 -0.000147746 6.94494e-06 0.000419754 0.000594244 0.000550649
internal_weight=3.54577e+06 3.45095e+06 3.44647e+06 4481 75 45 94817 3.20214e+06 4406 2622 2579
internal_count=3545768 3450951 3446470 4481 75 45 94817 3202144 4406 2622 2579
is_linear=0
shrinkage=0.00523217


Tree=9
num_leaves=12
num_cat=0
split_feature=0 23 11 18 18 12 4 4 6 6 17
split_gain=77.0895 33.9307 31.778 23.5089 21.7993 18.5707 59.1696 67.4023 12.6934 11.4167 11.1008
threshold=-2.8001056909561153 inf 3.6365702152252202 -1.2885944247245786 0.33137281239032751 -2.2578574419021602 -0.77063322067260731 -1.8780107498168943 -0.80748629570007313 -2.9120939970016475 2.6379681825637822
decision_type=2 8 8 8 10 10 10 8 2 2 2
left_child=9 3 10 -2 -5 6 7 -4 -6 -1 -3
right_child=1 2 5 4 8 -7 -8 -9 -10 -11 -12
leaf_value=-0.00023064160595055822 -4.3157220310788723e-05 0.00033540099708039369 0.0035995379427895204 1.7800918995145447e-05 -4.8977269793939104e-05 0.0011442700200635417 0.00039275383002987716 0.019025856940391044 -2.834124012284786e-06 -0.00010765816129954375 0.0025138248849452698
leaf_weight=30466 272991 4242 21 2020539 196795 103 42 11.999999999999998 956336 64386 64
leaf_count=30466 272991 4242 21 2020539 196795 103 42 12 956336 64386 64
internal_value=-1.84958e-08 4.02568e-06 0.000458812 3.43363e-06 7.44152e-06 0.00261871 0.00458389 0.00969653 -1.07097e-05 -0.000147171 0.000368646
internal_weight=3.546e+06 3.45114e+06 4484 3.44666e+06 3.17367e+06 178 75 33 1.15313e+06 94852 4306
internal_count=3545997 3451145 4484 3446661 3173670 178 75 33 1153131 94852 4306
is_linear=0
shrinkage=0.00523217


Tree=10
num_leaves=12
num_cat=0
split_feature=0 5 11 1 15 0 1 17 1 0 0
split_gain=76.1663 34.1889 28.8894 19.6555 13.7318 13.0886 29.2981 12.7939 11.1483 10.963 9.97056
threshold=-2.8001056909561153 inf 2.4816024303436284 1.3423411846160891 0.13067650794982913 -0.033818898722529404 -2.020647287368774 2.6379681825637822 -1.5541931986808775 -5.3024020195007315 0.37891739606857305
decision_type=2 8 10 2 2 2 2 2 2 2 2
left_child=9 3 7 10 5 6 -4 -3 -9 -1 -2
right_child=1 2 4 -5 -6 -7 -8 8 -10 -11 -12
leaf_value=-0.00028746191013980985 -7.3018288237129834e-07 0.00029482345792943856 0.0054818662051714174 -4.1766631496534839e-05 0.00053729297496943958 5.3814067929448684e-05 0.0014224426273664065 0.00019201489110959373 0.0047608685334410705 -0.00012380571978502203 1.8065163505659411e-05
leaf_weight=12994 1900517 3869 84 244420 148 47 118 27 32 81875 1301866
leaf_count=12994 1900517 3869 84 244420 148 47 118 27 32 81875 1301866
internal_value=2.13644e-08 4.04208e-06 0.00046888 3.45841e-06 0.00181234 0.00256088 0.00313654 0.000332388 0.00272822 -0.000146233 6.91045e-06
internal_weight=3.546e+06 3.45113e+06 4325 3.4468e+06 397 249 202 3928 59 94869 3.20238e+06
internal_count=3545997 3451128 4325 3446803 397 249 202 3928 59 94869 3202383
is_linear=0
shrinkage=0.00523217


Tree=11
num_leaves=12
num_cat=0
split_feature=0 23 11 7 7 1 24 0 0 11 0
split_gain=75.1022 33.3087 31.4089 22.4078 79.7392 19.679 11.8275 10.9065 9.92119 8.51848 8.58542
threshold=-2.8001056909561153 inf 3.3408535718917851 1.4671951532363894 1.5256015658378603 1.3423411846160891 -0.60795679688453663 -4.8514027595520011 0.43209046125411993 0.20569878071546557 -0.07906309142708777
decision_type=2 8 8 8 10 2 10 2 2 10 2
left_child=7 5 9 -4 -5 8 -6 -1 -2 -3 -11
right_child=1 2 3 4 6 -7 -8 -9 -10 10 -12
leaf_value=-0.00023627406808599089 8.101702464624581e-08 3.8751832277793499e-05 0.00088169395329415728 0.019930338555330329 0.00045130445076575944 -4.1813847467262647e-05 0.0043309950816997735 -0.00011060419665506315 1.9337098448008695e-05 0.0018748238236084268 0.00046343640060598454
leaf_weight=26110 2068050 1518 125 6.9999999999999991 37 244318 53 68720 1134256 123 2626
leaf_count=26110 2068050 1518 125 7 37 244318 53 68720 1134256 123 2626
internal_value=4.34508e-08 4.0352e-06 0.000454382 0.00236859 0.00424283 3.44826e-06 0.00277135 -0.000145216 6.90177e-06 0.000353975 0.000527658
internal_weight=3.54594e+06 3.45111e+06 4489 222 97 3.44662e+06 90 94830 3.20231e+06 4267 2749
internal_count=3545943 3451113 4489 222 97 3446624 90 94830 3202306 4267 2749
is_linear=0
shrinkage=0.00523217


Tree=12
num_leaves=12
num_cat=0
split_feature=1 23 18 18 17 6 20 12 6 18 1
split_gain=71.9825 32.6443 23.4436 19.6977 19.3762 14.6869 13.0758 22.9903 10.6424 10.4495 7.19633
threshold=1.7767818570137026 inf -1.2885944247245786 0.26527033746242529 2.6379681825637822 -3.1858464479446407 3.7796888351440434 -1.8093863725662229 -0.72477844357490528 2.773471593856812 -1.0177420973777769
decision_type=2 8 8 10 2 2 10 8 2 10 2
left_child=1 2 -1 -4 9 -2 7 -6 -5 -3 -11
right_child=5 4 3 8 6 -7 -8 -9 -10 10 -12
leaf_value=-4.2087192197244968e-05 -0.00019963046964442742 5.2646451531927249e-05 1.9201652716181358e-05 -4.3308254463651904e-05 0.011774570383064314 -7.9424277880716258e-05 0.0013619027591566457 0.0018781250219840075 -9.7849772264093525e-07 0.00057236503048060808 0.0040835416053502469
leaf_weight=268708 34635 1497 1918299 194826 9.9999999999999982 141823 49 17.000000000000004 983120 2848 14.999999999999998
leaf_count=268708 34635 1497 1918299 194826 10 141823 49 17 983120 2848 15
internal_value=-1.14836e-08 5.38317e-06 4.79154e-06 8.86019e-06 0.000453868 -0.000103024 0.0030546 0.00591208 -7.98033e-06 0.000407535 0.000592719
internal_weight=3.54585e+06 3.36939e+06 3.36495e+06 3.09624e+06 4436 176458 76 27 1.17795e+06 4360 2863
internal_count=3545847 3369389 3364953 3096245 4436 176458 76 27 1177946 4360 2863
is_linear=0
shrinkage=0.00523217


Tree=13
num_leaves=12
num_cat=0
split_feature=1 5 6 6 6 1 9 2 20 2 2
split_gain=71.0873 32.8755 14.2844 12.2394 9.52797 7.88706 6.56613 6.47962 7.45691 5.47885 16.1404
threshold=1.7767818570137026 inf -3.1858464479446407 -1.3360087871551511 -0.057106083258986466 -1.6765897274017332 0.33426210284233099 0.11233710125088693 -0.36336095631122584 1.5908621549606325 1.4501757621765139
decision_type=2 8 2 2 2 2 10 10 8 8 10
left_child=1 3 -2 -1 5 9 -4 8 -5 10 -3
right_child=2 4 6 7 -6 -7 -8 -9 -10 -11 -12
leaf_value=-3.7760051009654126e-05 -0.00019765644245274994 0.00062016396896835213 -5.2779863421209743e-05 2.0885765824360078e-06 0.00023873573148846305 0.0013787613650231025 -0.00012730154807315169 -7.4438379444600647e-07 2.4222691461693624e-05 0.0002369178803006994 0.0031912651635589246
leaf_weight=175404 34619 711 91777 762064 2379 410 50058 1507723 919579 748 73
leaf_count=175404 34619 711 91777 762064 2379 410 50058 1507723 919579 748 73
internal_value=1.49509e-08 5.37681e-06 -0.000102356 4.79079e-06 0.000461403 0.000733452 -7.90874e-05 7.1312e-06 1.41927e-05 0.000559298 0.000865032
internal_weight=3.54554e+06 3.36909e+06 176454 3.36477e+06 4321 1942 141835 3.18937e+06 1.68164e+06 1532 784
internal_count=3545545 3369091 176454 3364770 4321 1942 141835 3189366 1681643 1532 784
is_linear=0
shrinkage=0.00523217


Tree=14
num_leaves=12
num_cat=0
split_feature=0 18 18 0 8 17 0 20 18 17 19
split_gain=73.3836 23.5195 18.7882 10.6686 10.6323 10.6367 9.81355 8.61575 9.62268 6.29659 5.85952
threshold=-2.8001056909561153 -1.2885944247245786 0.26527033746242529 -5.3024020195007315 inf 2.4178545475006108 0.43209046125411993 0.692324459552765 2.773471593856812 0.72629758715629589 -1.6857659816741941
decision_type=2 10 8 2 8 2 2 8 10 2 8
left_child=3 -2 6 -1 7 -6 10 -4 -9 -5 -3
right_child=1 2 4 9 5 -7 -8 8 -10 -11 -12
leaf_value=-0.00028287630265451332 -4.2626844866006238e-05 0.00018566826348006266 -1.3892604630739892e-06 -8.2562763163651333e-05 0.00034349416102065646 0.0054674711109611689 3.4001167740001212e-05 -4.0189045398926342e-05 0.00015680438054722613 -0.00017565948571323376 8.6974875552631012e-06
leaf_weight=12991 273203 5142 958272 47724 1993 9.9999999999999982 685123 259362 6968 34169 1260939
leaf_count=12991 273203 5142 958272 47724 1993 10 685123 259362 6968 34169 1260939
internal_value=1.0316e-08 3.95733e-06 7.96254e-06 -0.000143536 -8.08272e-06 0.000372686 1.80496e-05 -8.70654e-06 -3.50314e-05 -0.000121418 9.41704e-06
internal_weight=3.5459e+06 3.45101e+06 3.17781e+06 94884 1.2266e+06 2003 1.9512e+06 1.2246e+06 266330 81893 1.26608e+06
internal_count=3545896 3451012 3177809 94884 1226605 2003 1951204 1224602 266330 81893 1266081
is_linear=0
shrinkage=0.00523217


Tree=15
num_leaves=12
num_cat=0
split_feature=0 23 11 18 7 7 12 18 6 6 0
split_gain=72.2581 32.8379 31.4963 22.7798 22.4971 78.4086 25.6706 20.9381 12.3851 11.1491 9.68071
threshold=-2.8001056909561153 inf 3.3408535718917851 -1.2885944247245786 1.4671951532363894 1.5256015658378603 -3.2763303518295284 0.26527033746242529 -0.72477844357490528 -2.9120939970016475 0.43209046125411993
decision_type=2 8 8 10 8 10 10 8 2 2 2
left_child=9 3 -3 -2 -4 -6 -7 10 -9 -1 -5
right_child=1 2 4 7 5 6 -8 8 -10 -11 -12
leaf_value=-0.0002249211216474377 -4.2530633820287651e-05 0.00035134659792990513 0.00087738739020647074 9.3451657489416183e-06 0.019817123135544106 0.011122932670913925 0.0018104451171129668 -4.5143790084341041e-05 -1.8706012697049698e-06 -0.00010340274166073438 3.376315073877683e-05
leaf_weight=30477 272937 4266 123 1265721 6.9999999999999991 7.9999999999999991 81 221028 1001558 64386 685159
leaf_count=30477 272937 4266 123 1265721 7 8 81 221028 1001558 64386 685159
internal_value=3.04137e-09 3.91939e-06 0.000451272 3.33684e-06 0.00238178 0.0042669 0.00279124 7.28198e-06 -9.69454e-06 -0.000142454 1.79213e-05
internal_weight=3.54575e+06 3.45089e+06 4485 3.4464e+06 219 96 89 3.17347e+06 1.22259e+06 94863 1.95088e+06
internal_count=3545751 3450888 4485 3446403 219 96 89 3173466 1222586 94863 1950880
is_linear=0
shrinkage=0.00523217


Tree=16
num_leaves=12
num_cat=0
split_feature=1 5 11 18 18 2 2 24 1 1 2
split_gain=69.3231 32.1523 28.3976 22.7244 20.5423 17.1646 78.8087 124.372 8.74345 8.47309 7.57533
threshold=1.9361078143119814 inf 2.4816024303436284 -1.2885944247245786 0.26527033746242529 1.5503480434417727 1.4501757621765139 0.026830511167645458 0.89703413844108593 2.5387347936630253 0.49817486107349401
decision_type=2 8 10 10 8 10 10 10 2 2 10
left_child=1 3 -3 -1 10 6 -4 -8 -6 -2 -5
right_child=9 2 5 4 8 -7 7 -9 -10 -11 -12
leaf_value=-4.1968549700612606e-05 -8.9840076853177651e-05 0.00032095813485596546 0.001786055310337479 2.4812123902041027e-05 -2.1484768182738731e-06 0.0006501446780248759 0.0012551383115841101 0.028418133481496372 -3.8001214308790838e-05 -0.00018129296131674382 1.481203289593756e-06
leaf_weight=271028 96107 3933 185 1412820 970595 189 11.000000000000002 6.9999999999999991 230431 39030 521749
leaf_count=271028 96107 3933 185 1412820 970595 189 11 7 230431 39030 521749
internal_value=-3.66995e-08 4.56773e-06 0.000455345 3.99504e-06 7.96821e-06 0.00179661 0.00285013 0.0129606 -9.02795e-06 -0.000116261 1.85202e-05
internal_weight=3.54608e+06 3.41095e+06 4325 3.40662e+06 3.1356e+06 392 203 18 1.20103e+06 135137 1.93457e+06
internal_count=3546085 3410948 4325 3406623 3135595 392 203 18 1201026 135137 1934569
is_linear=0
shrinkage=0.00523217


Tree=17
num_leaves=12
num_cat=0
split_feature=1 5 17 15 9 10 1 16 15 4 1
split_gain=68.6289 31.4585 18.7379 14.4614 12.1398 10.8412 10.3325 9.68646 9.07994 15.4388 8.96983
threshold=1.7767818570137026 inf 2.6379681825637822 0.12206269428133966 0.33426210284233099 1.4128794074058535 1.0717457532882693 -0.0064423980657011262 0.096431676298379912 -1.3330380320549009 -1.6765897274017332
decision_type=2 8 2 2 10 8 2 2 2 10 2
left_child=1 6 7 -4 -2 -5 -1 -3 9 -9 -10
right_child=4 2 3 5 -6 -7 -8 8 10 -11 -12
leaf_value=7.6408229466432374e-06 -6.660577764402749e-05 0.00010261546537415351 0.00025239321736295907 0.010518860943199263 -0.0001560637838469319 0.0035186005202629527 -2.4018240604586398e-05 0.00061158136499969685 0.00035846082328500506 0.0033231146429566504 0.0012552615915388476
leaf_weight=3054123 109427 1730 32 7 66981 38 310932 170 1887 87 365
leaf_count=3054123 109427 1730 32 7 66981 38 310932 170 1887 87 365
internal_value=2.08992e-08 5.28815e-06 0.000451637 0.00299189 -0.000100578 0.00486627 4.71527e-06 0.000404483 0.00061216 0.00154362 0.000504751
internal_weight=3.54578e+06 3.36937e+06 4316 77 176408 45 3.36506e+06 4239 2509 257 2252
internal_count=3545779 3369371 4316 77 176408 45 3365055 4239 2509 257 2252
is_linear=0
shrinkage=0.00523217


Tree=18
num_leaves=12
num_cat=0
split_feature=6 18 18 6 10 20 19 18 4 20 18
split_gain=52.2185 23.6267 15.2493 12.3221 12.3012 8.15266 4.43994 4.32381 5.5238 3.56255 3.56117
threshold=-1.519222557544708 -1.2885944247245786 0.17796008288860324 -3.1858464479446407 inf 0.72501611709594738 -1.6857659816741941 2.773471593856812 -2.2216066122055049 2.3664746284484868 -2.2525374889373775
decision_type=2 10 8 2 8 8 8 10 8 10 8
left_child=3 10 6 -1 5 -4 -3 -6 -9 -8 -2
right_child=1 2 4 -5 7 -7 9 8 -10 -11 -12
leaf_value=-0.00014420161726375112 4.2270356404598298e-05 0.00015710696600167051 1.1070017185354466e-06 -5.480570707710039e-05 9.5180105652738599e-05 -3.272881579417832e-05 1.9389066893842428e-05 0.0010417711868950625 0.00033684617223987906 -4.5930162612904678e-05 -4.6105103543111456e-05
leaf_weight=56584 13112 6354 997676 166404 1011 242273 1782171 428 1074 23147 255877
leaf_count=56584 13112 6354 997676 166404 1011 242273 1782171 428 1074 23147 255877
internal_value=1.37576e-08 5.21498e-06 9.35552e-06 -7.74945e-05 -4.76158e-06 -5.50354e-06 1.90376e-05 0.000360844 0.000538912 1.85511e-05 -4.1794e-05
internal_weight=3.54611e+06 3.32312e+06 3.05413e+06 222988 1.24246e+06 1.23995e+06 1.81167e+06 2513 1502 1.80532e+06 268989
internal_count=3546111 3323123 3054134 222988 1242462 1239949 1811672 2513 1502 1805318 268989
is_linear=0
shrinkage=0.00523217


Tree=19
num_leaves=12
num_cat=0
split_feature=6 23 23 6 13 16 15 16 15 9 15
split_gain=52.0539 20.9256 16.2548 12.3125 9.72405 6.79847 6.87779 6.48167 7.17142 5.99294 5.30176
threshold=-1.519222557544708 inf inf -2.9120939970016475 0.87117621302604686 -0.0064423980657011262 -1.5218181014060972 -0.0064423980657011262 0.079433333128690733 0.73969361186027538 -0.11935874447226523
decision_type=2 8 8 2 8 2 2 2 2 10 2
left_child=2 4 3 -1 10 6 -3 -4 -9 -6 -2
right_child=1 5 7 -5 9 -7 -8 8 -10 -11 -12
leaf_value=-0.00013759315738550815 1.3226538584273122e-06 0.0049214193744629275 4.5684854396631405e-05 -5.358798246226344e-05 -1.0231974857824125e-05 0.00057818938713210361 0.00010937861848800439 0.0043710136156405446 0.00098336709543533777 -7.7325844070408588e-05 1.5890920549207034e-05
leaf_weight=69532 1328555 6.9999999999999991 235 152756 541659 2225 1639 17 402 39079 1409554
leaf_count=69532 1328555 7 235 152756 541659 2225 1639 17 402 39079 1409554
internal_value=-4.61052e-08 5.14657e-06 -7.74408e-05 -7.98691e-05 4.69783e-06 0.000389555 0.000133847 0.000745359 0.00113463 -1.47484e-05 8.82256e-06
internal_weight=3.54566e+06 3.32272e+06 222942 222288 3.31885e+06 3871 1646 654 419 580738 2.73811e+06
internal_count=3545660 3322718 222942 222288 3318847 3871 1646 654 419 580738 2738109
is_linear=0
shrinkage=0.00523217


Tree=20
num_leaves=12
num_cat=0
split_feature=1 5 17 1 20 12 12 1 20 1 2
split_gain=67.415 31.1072 19.1606 13.733 12.5276 22.5327 9.05384 8.33035 6.07608 8.19186 5.39732
threshold=1.9361078143119814 inf 2.6379681825637822 1.0717457532882693 3.7796888351440434 -1.8093863725662229 1.4033953547477724 2.5387347936630253 1.2165865302085879 -1.6765897274017332 0.031856890767812736
decision_type=2 8 2 2 10 8 8 2 10 2 10
left_child=1 3 8 6 5 -4 10 -2 -3 -10 -1
right_child=7 2 4 -5 -6 -7 -8 -9 9 -11 -12
leaf_value=1.333276198564423e-05 -8.8421875638573531e-05 -2.3257348306999465e-05 0.011634900119918731 -2.6959615470654822e-05 0.0013747703813484168 0.0018391060015112268 7.674963709505036e-05 -0.00017910122216335217 0.00039125586514659257 0.0011301348320172956 -6.9585520902622575e-07
leaf_weight=1512391 96083 757 9.9999999999999982 352251 49 17.000000000000004 50886 39034 3015 477 1490672
leaf_count=1512391 96083 757 10 352251 49 17 50886 39034 3015 477 1490672
internal_value=-3.75586e-09 4.53709e-06 0.000447927 3.97371e-06 0.00303354 0.00583149 7.54192e-06 -0.000114626 0.000400659 0.000492763 6.36892e-06
internal_weight=3.54564e+06 3.41052e+06 4325 3.4062e+06 76 27 3.05395e+06 135117 4249 3492 3.00306e+06
internal_count=3545642 3410525 4325 3406200 76 27 3053949 135117 4249 3492 3003063
is_linear=0
shrinkage=0.00523217


Tree=21
num_leaves=12
num_cat=0
split_feature=23 2 20 3 9 2 20 15 15 24 24
split_gain=31.7043 21.6135 18.8404 12.6297 8.21858 7.72736 7.26134 9.779 7.0679 6.35025 16.1744
threshold=inf 0.4067590087652207 0.72501611709594738 -1.9902090430259702 0.35685479640960699 2.2468367815017705 2.3664746284484868 0.05258485488593579 -1.5218181014060972 0.026830511167645458 0.23050331324338916
decision_type=8 8 8 10 10 8 8 2 2 10 10
left_child=1 -1 5 6 -4 -3 -2 -8 -5 -9 -11
right_child=3 2 4 8 -6 -7 7 9 -10 10 -12
leaf_value=9.542182215995059e-06 0.000271764061919307 -7.1017219838039037e-06 -3.8284790262275162e-05 0.0050124601487633166 -0.00010279885969343054 0.00023323687949251815 0.0036874983573361654 0.00061822147413956611 0.00013704238927389118 0.0034354202904778577 0.00089895250908426005
leaf_weight=2194729 720 1026824 246890 6.9999999999999991 69244 3674 33 1068 2209 83 397
leaf_count=2194729 720 1026824 246890 7 69244 3674 33 1068 2209 83 397
internal_value=-2.35e-08 -5.82552e-07 -1.70843e-05 0.000437985 -5.24184e-05 -6.2438e-06 0.000709496 0.000907983 0.000155469 0.000845443 0.00134658
internal_weight=3.54588e+06 3.54136e+06 1.34663e+06 4517 316134 1.0305e+06 2301 1581 2216 1548 480
internal_count=3545878 3541361 1346632 4517 316134 1030498 2301 1581 2216 1548 480
is_linear=0
shrinkage=0.00523217


Tree=22
num_leaves=12
num_cat=0
split_feature=0 23 18 18 6 18 1 6 0 22 1
split_gain=69.3472 30.2293 22.168 20.2385 11.7234 11.5193 15.1102 10.6154 9.38226 7.47157 6.75429
threshold=-2.8001056909561153 inf -1.2885944247245786 0.33137281239032751 -0.80748629570007313 2.773471593856812 -1.0177420973777769 -2.9120939970016475 0.43209046125411993 0.69054695963859569 -1.6765897274017332
decision_type=2 8 10 10 2 10 2 2 2 10 2
left_child=7 2 -2 8 -5 -3 10 -1 -4 -8 -7
right_child=1 5 3 4 -6 6 9 -9 -10 -11 -12
leaf_value=-0.00022010520196800494 -4.2013843475972558e-05 6.4962567699218342e-05 8.8265555813993185e-06 -4.7134868838451772e-05 -2.7910940289771268e-06 0.00047501437854410882 0.001932092611110771 -0.00010150952747448683 3.2456505600146754e-05 0.0072584188043742668 0.001171917620723908
leaf_weight=30466 272886 1535 1312323 196811 956320 2462 20 64366 708349 11.999999999999998 453
leaf_count=30466 272886 1535 1312323 196811 956320 2462 20 64366 708349 12 453
internal_value=-3.82998e-08 3.79699e-06 3.23827e-06 7.12935e-06 -1.03602e-05 0.000433157 0.000624563 -0.000139621 1.71105e-05 0.00414107 0.000584022
internal_weight=3.546e+06 3.45117e+06 3.44669e+06 3.1738e+06 1.15313e+06 4482 2947 94832 2.02067e+06 32 2915
internal_count=3546003 3451171 3446689 3173803 1153131 4482 2947 94832 2020672 32 2915
is_linear=0
shrinkage=0.00523217


Tree=23
num_leaves=12
num_cat=0
split_feature=1 5 18 18 3 20 1 22 9 2 20
split_gain=65.9255 30.1567 22.031 19.658 12.2729 10.893 9.9052 12.7347 9.616 7.29344 7.79089
threshold=1.9361078143119814 inf -1.2885944247245786 0.26527033746242529 -1.9902090430259702 0.692324459552765 -1.0177420973777769 0.69054695963859569 0.30418421328067785 0.49817486107349401 -0.11037981882691382
decision_type=2 8 10 8 10 8 2 10 10 10 8
left_child=1 2 -1 9 6 -5 -3 -8 -2 10 -4
right_child=8 4 3 5 -6 -7 7 -9 -10 -11 -12
leaf_value=-4.1306756634171611e-05 -7.5738296301369967e-05 0.00066480233221930538 1.3448865525962973e-05 -6.8673662316229458e-07 0.00014870230159486832 -3.9510444413171932e-05 0.0012423301589546997 0.0084637254417875875 -0.00016520058165375224 1.4649181022643971e-06 3.8198591079912503e-05
leaf_weight=271015 78326 2231 790006 951154 2065 249814 22.000000000000004 8.9999999999999982 56773 521632 622785
leaf_count=271015 78326 2231 790006 951154 2065 249814 22 9 56773 521632 622785
internal_value=1.56788e-08 4.50598e-06 3.95117e-06 7.86342e-06 0.000440969 -8.76318e-06 0.000707209 0.00359768 -0.00011334 1.81863e-05 2.43596e-05
internal_weight=3.54583e+06 3.41073e+06 3.40641e+06 3.13539e+06 4327 1.20097e+06 2262 31 135099 1.93442e+06 1.41279e+06
internal_count=3545832 3410733 3406406 3135391 4327 1200968 2262 31 135099 1934423 1412791
is_linear=0
shrinkage=0.00523217


Tree=24
num_leaves=12
num_cat=0
split_feature=0 6 6 12 0 8 6 19 0 3 8
split_gain=68.4089 14.2287 10.6931 10.1164 8.9453 8.16708 10.7754 5.82644 4.40185 4.18469 4.14153
threshold=-2.8001056909561153 -1.3360087871551511 -2.9120939970016475 1.4033953547477724 0.3572551310062409 inf -0.69904300570487965 -1.4377313852310178 -4.8514027595520011 1.5930637121200564 inf
decision_type=2 2 2 8 2 8 2 10 2 10 8
left_child=2 -2 -1 4 5 9 -7 10 -4 -3 -5
right_child=1 3 8 7 -6 6 -8 -9 -10 -11 -12
leaf_value=-0.00021946875138210647 -3.8287680335192528e-05 -3.0286940614138034e-06 -0.00018515456212289726 0.00023843966195518249 1.5639683800231774e-05 0.004858562655590099 0.00027922229278075041 5.9914236052995458e-05 -7.829407384003766e-05 0.0001213117976183103 0.0022908156913431345
leaf_weight=30452 206899 1854089 13325 4800 1324595 12.999999999999998 2313 50718 51056 7438 26
leaf_count=30452 206899 1854089 13325 4800 1324595 13 2313 50718 51056 7438 26
internal_value=-2.91977e-08 3.78038e-06 -0.000138663 6.4637e-06 5.24391e-06 -2.14369e-06 0.000307616 7.64687e-05 -0.000100427 -2.53137e-06 0.000250221
internal_weight=3.54572e+06 3.45089e+06 94833 3.24399e+06 3.18845e+06 1.86385e+06 2326 55544 64381 1.86153e+06 4826
internal_count=3545724 3450891 94833 3243992 3188448 1863853 2326 55544 64381 1861527 4826
is_linear=0
shrinkage=0.00523217


Tree=25
num_leaves=12
num_cat=0
split_feature=0 23 11 2 2 6 6 0 11 0 2
split_gain=67.8223 30.3526 29.9846 17.6185 118.331 15.542 10.5091 10.1466 8.16935 9.64615 13.8583
threshold=-2.8001056909561153 inf 3.3408535718917851 1.5130712985992434 1.4226875901222231 -1.3360087871551511 -2.9120939970016475 0.37891739606857305 0.20569878071546557 -0.07906309142708777 2.2468367815017705
decision_type=2 8 8 10 8 2 2 2 10 2 10
left_child=6 5 8 4 -4 -2 -1 -7 -3 10 -10
right_child=1 2 3 -5 -6 7 -8 -9 9 -11 -12
leaf_value=-0.00021813932828141427 -4.0814440517620807e-05 2.6952918220429574e-05 0.0020317144545535693 0.00083329511586018457 0.02081035397391057 -1.4679369333183499e-06 -0.00010012521470180037 1.745551224828071e-05 0.00050095919809740874 0.00043686861993745346 0.0040580261179933401
leaf_weight=30446 206113 1518 100 113 8.9999999999999982 1954395 64409 1286057 77 2622 49
leaf_count=30446 206113 1518 100 113 9 1954395 64409 1286057 77 2622 49
internal_value=6.03125e-09 3.79994e-06 0.000433747 0.00230403 0.00379614 3.2397e-06 -0.000138015 6.04208e-06 0.000335619 0.00050575 0.00191544
internal_weight=3.54591e+06 3.45105e+06 4488 222 109 3.44656e+06 94855 3.24045e+06 4266 2748 126
internal_count=3545908 3451053 4488 222 109 3446565 94855 3240452 4266 2748 126
is_linear=0
shrinkage=0.00523217


Tree=26
num_leaves=12
num_cat=0
split_feature=1 1 10 9 12 3 1 15 3 1 19
split_gain=64.2748 13.519 9.44195 9.36402 8.86848 7.51587 7.25323 9.53662 6.50273 4.64467 4.29838
threshold=1.9361078143119814 1.0717457532882693 inf 0.30418421328067785 1.4033953547477724 -1.3022364974021909 -1.6765897274017332 0.12206269428133966 1.2220373749732973 2.5387347936630253 -1.4377313852310178
decision_type=2 2 8 10 8 10 2 2 8 2 8
left_child=1 2 4 10 -1 6 -4 -8 -3 -5 -2
right_child=3 8 5 9 -6 -7 7 -9 -10 -11 -12
leaf_value=6.4965786582506693e-06 0.00014364086544226131 -2.9625824998985704e-05 0.00035375683957967287 -0.00012859693504427104 7.6169070672205469e-05 -4.8807264635375988e-06 0.00052284948573766735 0.0023230753835829323 0.00012490994117370327 -0.00022814576792103133 -8.173377985426859e-05
leaf_weight=3004449 2386 344656 1400 37070 50862 1273 218 129 7616 19690 75914
leaf_count=3004449 2386 344656 1400 37070 50862 1273 218 129 7616 19690 75914
internal_value=-2.23347e-08 4.41049e-06 7.94608e-06 -0.000111967 7.65671e-06 0.000300308 0.000523004 0.00120002 -2.62821e-05 -0.000163149 -7.48537e-05
internal_weight=3.54566e+06 3.4106e+06 3.05833e+06 135060 3.05531e+06 3020 1747 347 352272 56760 78300
internal_count=3545663 3410603 3058331 135060 3055311 3020 1747 347 352272 56760 78300
is_linear=0
shrinkage=0.00523217


Tree=27
num_leaves=12
num_cat=0
split_feature=0 23 18 18 18 0 0 0 22 24 0
split_gain=66.2984 29.3818 21.7617 19.7468 11.4139 10.1916 9.11577 8.87495 15.8736 16.2213 6.50484
threshold=-2.8001056909561153 inf -1.2885944247245786 0.26527033746242529 2.773471593856812 -4.8514027595520011 0.49443744122982031 -0.07906309142708777 0.69054695963859569 -0.49088487029075617 0.16907612979412082
decision_type=2 8 8 10 10 2 2 2 10 8 2
left_child=5 2 -2 6 -3 -1 -4 8 -6 -10 -5
right_child=1 4 3 10 7 -7 -8 -9 9 -11 -12
leaf_value=-0.00022452497663907143 -4.1617959025190619e-05 6.1555995712260489e-05 1.0098262979683488e-05 -2.1422438413269226e-05 0.0010134146302769615 -0.0001030220992315531 3.4917082452592115e-05 0.000551759111343506 0.010003829095109952 0.0017491021694574452 2.7139276590773587e-06
leaf_weight=26098 272917 1542 1376909 614472 117 68715 574119 2800 10.999999999999998 16.000000000000004 608146
leaf_count=26098 272917 1542 1376909 614472 117 68715 574119 2800 11 16 608146
internal_value=1.55452e-08 3.76579e-06 3.2147e-06 7.07034e-06 0.000426876 -0.000136478 1.7402e-05 0.000617848 0.00188242 0.00541916 -9.41605e-06
internal_weight=3.54586e+06 3.45105e+06 3.44656e+06 3.17365e+06 4486 94813 1.95103e+06 2944 144 27 1.22262e+06
internal_count=3545862 3451049 3446563 3173646 4486 94813 1951028 2944 144 27 1222618
is_linear=0
shrinkage=0.00523217


Tree=28
num_leaves=12
num_cat=0
split_feature=1 1 6 10 12 3 1 4 3 6 2
split_gain=63.1938 13.2694 10.5967 9.26231 8.61302 7.3768 7.02847 8.66477 6.38021 5.72577 4.90245
threshold=1.9361078143119814 1.0717457532882693 -3.1858464479446407 inf 1.4033953547477724 -1.3022364974021909 -1.6765897274017332 -2.2216066122055049 1.2220373749732973 -1.1323189139366148 0.011076222639530899
decision_type=2 2 2 8 8 10 2 10 8 2 10
left_child=1 3 -2 4 10 6 -5 -8 9 -3 -1
right_child=2 8 -4 5 -6 -7 7 -9 -10 -11 -12
leaf_value=1.3218740819627893e-05 -0.00019677198196322839 -6.2225442314496439e-05 -8.593013543277071e-05 0.00035127034936395898 7.5136773555224278e-05 -5.2994834963166481e-06 0.0020007867274805711 0.00034047728728739624 0.00012364058705813331 -1.5495128788108111e-05 -1.4854186652982019e-07
leaf_weight=1487867 30522 101973 104583 1405 50856 1273 175 172 7627 242666 1516523
leaf_count=1487867 30522 101973 104583 1405 50856 1273 175 172 7627 242666 1516523
internal_value=1.73388e-09 4.39837e-06 -0.000110978 7.90119e-06 7.61435e-06 0.000297229 0.000517358 0.00118407 -2.60098e-05 -2.93244e-05 6.47109e-06
internal_weight=3.54564e+06 3.41054e+06 135105 3.05827e+06 3.05525e+06 3025 1752 347 352266 344639 3.00439e+06
internal_count=3545642 3410537 135105 3058271 3055246 3025 1752 347 352266 344639 3004390
is_linear=0
shrinkage=0.00523217


Tree=29
num_leaves=12
num_cat=0
split_feature=0 23 17 21 12 6 6 12 0 16 15
split_gain=64.9426 29.61 18.0464 21.6693 39.3135 15.1196 10.3946 9.93759 9.35554 7.72829 6.65556
threshold=-2.8001056909561153 inf 2.6379681825637822 0.1838769465684891 -3.2763303518295284 -1.3360087871551511 -2.9120939970016475 1.3027553558349612 0.3572551310062409 -0.0064423980657011262 0.096431676298379912
decision_type=2 8 2 2 10 2 2 8 2 2 2
left_child=6 5 9 4 -4 -2 -1 8 -7 -3 -11
right_child=1 2 3 -5 -6 7 -8 -9 -10 10 -12
leaf_value=-0.00021469432376974517 -4.0256810055925402e-05 0.00012417207534228263 -0.00037093052829302971 0.0015227464145266257 0.016349720011945155 -3.0921983359263358e-06 -9.7335803799867733e-05 6.2672560146100984e-05 1.5192750147547694e-05 0.0013090941665860744 0.00047236205251322152
leaf_weight=30455 206143 1837 7 63 6.9999999999999982 1850911 64404 82420 1306854 295 2276
leaf_count=30455 206143 1837 7 63 7 1850911 64404 82420 1306854 295 2276
internal_value=3.14146e-08 3.74424e-06 0.000428542 0.0029223 0.0085585 3.19104e-06 -0.000135025 5.95549e-06 4.47485e-06 0.000384026 0.00056924
internal_weight=3.54567e+06 3.45081e+06 4485 77 14 3.44633e+06 94859 3.24018e+06 3.15776e+06 4408 2571
internal_count=3545672 3450813 4485 77 14 3446328 94859 3240185 3157765 4408 2571
is_linear=0
shrinkage=0.00523217


Tree=30
num_leaves=12
num_cat=0
split_feature=0 5 17 21 24 1 0 0 3 3 1
split_gain=64.2441 27.6912 17.8667 21.4694 38.4103 17.0562 10.3017 8.94813 8.51199 6.7016 6.27271
threshold=-2.8001056909561153 inf 2.6379681825637822 0.1838769465684891 0.12996193021535876 1.3423411846160891 -5.3024020195007315 0.43209046125411993 -1.3022364974021909 1.4284067749977114 -1.6765897274017332
decision_type=2 8 2 2 10 2 2 2 10 10 2
left_child=6 5 8 4 -4 7 -1 -2 10 -7 -3
right_child=1 2 3 -5 -6 9 -8 -9 -10 -11 -12
leaf_value=-0.00027115315365114844 -1.0130542902618299e-07 0.00042149267559787819 0.016220647164945239 0.0015055333282344076 -0.00031338412417348122 -4.1635263563960536e-05 -0.0001125740849483574 1.8184859587431671e-05 7.2673853988395077e-06 0.00024299341455656748 0.0010778358882106941
leaf_weight=13006 2067886 2552 6.9999999999999982 62 7 242106 81867 1134400 1223 2284 475
leaf_count=13006 2067886 2552 7 62 7 242106 81867 1134400 1223 2284 475
internal_value=-6.3942e-09 3.68603e-06 0.000421978 0.00291876 0.00851995 3.16064e-06 -0.000134325 6.37627e-06 0.000376342 -3.89708e-05 0.000525132
internal_weight=3.54588e+06 3.451e+06 4326 76 14 3.44668e+06 94873 3.20229e+06 4250 244390 3027
internal_count=3545875 3451002 4326 76 14 3446676 94873 3202286 4250 244390 3027
is_linear=0
shrinkage=0.00523217


Tree=31
num_leaves=12
num_cat=0
split_feature=23 11 7 7 5 2 2 14 9 11 14
split_gain=28.5097 29.8316 21.6776 76.7707 20.7539 15.286 14.9158 24.8269 8.40845 7.99809 8.58181
threshold=inf 3.3408535718917851 1.4671951532363894 1.5256015658378603 2.2705109119415288 0.38754585385322576 1.6372857093811037 -1.4050335884094236 0.69191616773605358 1.7449399232864382 -0.45165406167507166
decision_type=8 8 8 10 8 10 10 2 10 10 2
left_child=4 9 -3 -4 5 -1 7 -5 -7 -2 -11
right_child=1 2 3 6 -6 8 -8 -9 -10 10 -12
leaf_value=1.0623874455358489e-05 0.00024000090237474459 0.00081877496384635351 0.019515817733446007 0.013650458088510209 -6.6927182589918924e-05 -8.1782242601240804e-06 0.0012947446418960524 0.0023684176043420038 -5.6537285207854916e-05 0.00070252864790343067 0.0029157251718659825
leaf_weight=2105942 3853 125 6.9999999999999991 7.0000000000000027 124326 1203895 65 18 107202 400 54
leaf_count=2105942 3853 125 7 7 124326 1203895 65 18 107202 400 54
internal_value=6.55934e-09 0.00041481 0.00228071 0.00412392 -5.23839e-07 1.89198e-06 0.00268051 0.0060317 -1.2133e-05 0.000317849 0.000974425
internal_weight=3.54589e+06 4529 222 97 3.54136e+06 3.41704e+06 90 25 1.3111e+06 4307 454
internal_count=3545894 4529 222 97 3541365 3417039 90 25 1311097 4307 454
is_linear=0
shrinkage=0.00523217


Tree=32
num_leaves=12
num_cat=0
split_feature=0 5 11 18 18 12 21 2 20 0 0
split_gain=63.6522 28.0606 27.7433 21.5459 19.3482 18.7349 39.5241 70.0114 10.465 10.0572 8.89413
threshold=-2.8001056909561153 inf 2.4816024303436284 -1.2885944247245786 0.26527033746242529 -2.2578574419021602 1.0000000180025095e-35 1.5130712985992434 0.72501611709594738 -5.3024020195007315 0.43209046125411993
decision_type=2 8 10 8 10 10 2 10 10 2 2
left_child=9 3 -3 -2 10 6 -4 -8 -6 -1 -5
right_child=1 2 5 4 8 -7 7 -9 -10 -11 -12
leaf_value=-0.00026907829962694724 -4.1481450412909808e-05 0.00029165938528278126 0.00043591527484369098 8.9730249923365663e-06 -1.5928537257571589e-06 0.0010511260534564494 0.01555500886988896 0.0025112710498571599 -3.9548794116320223e-05 -0.00011226811031958417 3.2378117758867972e-05
leaf_weight=12983 272917 3939 53 1265842 972947 289 15.999999999999998 35 249960 81843 685116
leaf_count=12983 272917 3939 53 1265842 972947 289 16 35 249960 81843 685116
internal_value=-1.66697e-08 3.6577e-06 0.000424438 3.12847e-06 6.9647e-06 0.00174837 0.00364467 0.00687846 -9.35167e-06 -0.000133749 1.71926e-05
internal_weight=3.54594e+06 3.45111e+06 4332 3.44678e+06 3.17386e+06 393 104 51 1.22291e+06 94826 1.95096e+06
internal_count=3545940 3451114 4332 3446782 3173865 393 104 51 1222907 94826 1950958
is_linear=0
shrinkage=0.00523217


Tree=33
num_leaves=12
num_cat=0
split_feature=6 23 11 5 11 2 2 6 12 12 19
split_gain=47.2474 18.2595 16.0481 14.8515 24.7251 33.1647 46.8491 11.1284 9.92634 9.89116 30.3485
threshold=-1.519222557544708 inf 1.7449399232864382 inf 3.3408535718917851 1.6372857093811037 1.1664223670959475 -2.9120939970016475 1.3027553558349612 -3.0390063524246211 3.2654931545257573
decision_type=2 8 8 8 10 10 10 2 8 10 10
left_child=3 8 -3 7 -5 6 -6 -1 -2 10 -4
right_child=1 2 9 4 5 -7 -8 -9 -10 -11 -12
leaf_value=-0.00013096257612876412 3.0526985085199267e-06 0.00023798916196724086 0.010294806546281064 0.00031721921816200716 0.003610449043974832 0.00076634081674236158 0.018444969589459084 -5.1080789608931719e-05 6.0291769262478447e-05 0.0010185904114433462 0.00075136219508390031
leaf_weight=69474 3234036 3397 11.999999999999998 563 24.000000000000004 53 6.9999999999999991 152824 85125 429 31
leaf_count=69474 3234036 3397 12 563 24 53 7 152824 85125 429 31
internal_value=-6.70639e-09 4.94e-06 0.000364119 -7.37413e-05 0.000716983 0.00334534 0.00753956 -7.60501e-05 4.52095e-06 0.00126732 0.00363699
internal_weight=3.54598e+06 3.32303e+06 3869 222945 647 84 31 222298 3.31916e+06 472 43
internal_count=3545975 3323030 3869 222945 647 84 31 222298 3319161 472 43
is_linear=0
shrinkage=0.00523217


Tree=34
num_leaves=12
num_cat=0
split_feature=0 5 17 1 20 20 6 0 3 3 1
split_gain=62.9886 27.5123 18.1813 16.7217 11.9292 21.1041 10.1203 8.7752 8.68016 6.71347 6.33022
threshold=-2.8001056909561153 inf 2.6379681825637822 1.3423411846160891 3.7796888351440434 3.056489229202271 -2.9120939970016475 0.43209046125411993 -1.3022364974021909 1.4284067749977114 -1.6765897274017332
decision_type=2 8 2 2 10 10 2 2 10 10 2
left_child=6 3 8 7 5 -4 -1 -2 10 -5 -3
right_child=1 2 4 9 -6 -7 -8 -9 -10 -11 -12
leaf_value=-0.0002116498403405938 -1.034187009211425e-07 0.00042003663323294144 0.0015355633909580023 -4.1257187575741162e-05 0.0013207563303570043 0.010883743724918375 -9.5836668900398201e-05 1.8006177004222162e-05 1.2303158069192229e-06 0.00024306976555077693 0.0010770601982251328
leaf_weight=30457 2068038 2551 16.000000000000004 242146 49 10.999999999999998 64349 1134161 1220 2293 479
leaf_count=30457 2068038 2551 16 242146 49 11 64349 1134161 1220 2293 479
internal_value=-5.1413e-09 3.6498e-06 0.000420588 3.12611e-06 0.00293921 0.00566932 -0.000133053 6.31043e-06 0.000374556 -3.85856e-05 0.000524547
internal_weight=3.54577e+06 3.45096e+06 4326 3.44664e+06 76 27 94806 3.2022e+06 4250 244439 3030
internal_count=3545770 3450964 4326 3446638 76 27 94806 3202199 4250 244439 3030
is_linear=0
shrinkage=0.00523217


Tree=35
num_leaves=12
num_cat=0
split_feature=1 18 18 10 17 1 1 1 13 18 11
split_gain=59.9991 21.9671 16.8937 13.1202 10.8419 11.7711 8.12754 7.55385 5.72399 5.57469 4.22689
threshold=1.9361078143119814 -1.2885944247245786 0.26527033746242529 inf 1.5372666716575625 -1.5541931986808775 0.89703413844108593 2.5387347936630253 0.87117621302604686 2.773471593856812 1.3728753924369814
decision_type=2 10 10 8 2 2 2 2 10 8 8
left_child=1 -1 8 6 -5 -6 9 -2 10 -4 -3
right_child=7 2 3 4 5 -7 -8 -9 -10 -11 -12
leaf_value=-4.0884171261227195e-05 -8.3194913033213613e-05 1.8842488488198662e-05 -2.3191593596629128e-06 0.00027923242807105281 0.00075614246852307473 0.0038877329401421634 -3.5941030360050466e-05 -0.00016956096751862121 -3.4878480267030787e-06 0.00016399085584625558 4.7430902782222247e-05
leaf_weight=271369 96125 1483871 966138 2370 114 46 230277 39008 294232 5548 156566
leaf_count=271369 96125 1483871 966138 2370 114 46 230277 39008 294232 5548 156566
internal_value=-5.71798e-09 4.27833e-06 8.18273e-06 -7.19971e-06 0.000369093 0.00168337 -7.99279e-06 -0.000108133 1.776e-05 -1.36856e-06 2.15715e-05
internal_weight=3.54566e+06 3.41053e+06 3.13916e+06 1.20449e+06 2530 160 1.20196e+06 135133 1.93467e+06 971686 1.64044e+06
internal_count=3545664 3410531 3139162 1204493 2530 160 1201963 135133 1934669 971686 1640437
is_linear=0
shrinkage=0.00523217


Tree=36
num_leaves=12
num_cat=0
split_feature=6 6 12 2 13 8 6 3 3 13 3
split_gain=46.3311 10.8443 9.85256 8.34532 6.93503 9.69074 10.1043 4.6502 3.83076 3.61707 3.16772
threshold=-1.519222557544708 -3.5599991083145137 1.4033953547477724 0.10301411151885988 0.87117621302604686 inf -0.69904300570487965 0.66058525443077099 1.4284067749977114 0.48144918680191046 0.52496990561485302
decision_type=2 2 8 8 8 8 2 10 8 10 10
left_child=1 -1 3 -2 -5 7 -7 -6 9 -3 -4
right_child=2 8 10 4 5 6 -8 -9 -10 -11 -12
leaf_value=-0.00014860157522816539 1.1838093990484438e-05 -3.4944548705057671e-05 4.0970686358579335e-05 1.5591710805938399e-06 -3.1953719837393452e-05 0.0051609281950088107 0.00036763913387328757 1.9149269515918896e-05 0.0002552766842712096 -8.1968519374287459e-05 0.00012008072636501352
leaf_weight=42149 1676416 94475 34739 1177679 352961 10.999999999999998 1395 56536 1078 85285 23103
leaf_count=42149 1676416 94475 34739 1177679 352961 11 1395 56536 1078 85285 23103
internal_value=-4.63912e-09 -7.30133e-05 4.89456e-06 3.69512e-06 -4.89759e-06 -2.34051e-05 0.000410014 -2.48963e-05 -5.53902e-05 -5.72594e-05 7.25842e-05
internal_weight=3.54583e+06 222987 3.32284e+06 3.265e+06 1.58858e+06 410903 1406 409497 180838 179760 57842
internal_count=3545827 222987 3322840 3264998 1588582 410903 1406 409497 180838 179760 57842
is_linear=0
shrinkage=0.00523217


Tree=37
num_leaves=12
num_cat=0
split_feature=1 5 11 18 18 12 21 1 1 20 11
split_gain=58.8465 25.7752 26.4015 21.5211 16.8828 15.7735 56.0637 96.3301 11.287 8.5267 8.09642
threshold=1.7302385568618777 inf 3.6365702152252202 -1.2885944247245786 0.17796008288860324 -2.2578574419021602 1.0000000180025095e-35 -2.020647287368774 2.3091590404510502 0.692324459552765 0.20569878071546557
decision_type=2 8 10 8 10 10 2 2 2 8 10
left_child=1 3 10 -1 -5 6 -4 -8 -2 -6 -3
right_child=8 2 5 4 9 -7 7 -9 -10 -11 -12
leaf_value=-4.043108301828877e-05 -6.0011033892934959e-05 -4.8305870201291224e-06 0.0003771211142258348 1.8667350820130131e-05 5.3162585416627182e-07 0.001027661639228811 0.025069542103593644 0.0038358365684226367 -0.0001446077616782635 -3.3545133113433787e-05 0.00048613881365531158
leaf_weight=267896 123637 1370 44 1818895 1013957 103 7.0000000000000027 23 66392 250705 2775
leaf_count=267896 123637 1370 44 1818895 1013957 103 7 23 66392 250705 2775
internal_value=-4.44242e-10 5.07157e-06 0.000408814 4.55052e-06 8.45875e-06 0.00238177 0.00421008 0.0095786 -8.95722e-05 -6.2231e-06 0.000323715
internal_weight=3.5458e+06 3.35578e+06 4322 3.35145e+06 3.08356e+06 177 74 30 190029 1.26466e+06 4145
internal_count=3545804 3355775 4322 3351453 3083557 177 74 30 190029 1264662 4145
is_linear=0
shrinkage=0.00523217


Tree=38
num_leaves=12
num_cat=0
split_feature=1 5 9 3 1 22 1 3 24 9 1
split_gain=58.1148 25.4804 11.5802 11.5013 9.52143 12.232 8.05668 6.46357 6.07438 10.0818 5.9415
threshold=1.7302385568618777 inf 0.33426210284233099 -1.9902090430259702 -1.0177420973777769 0.69054695963859569 0.89703413844108593 1.2220373749732973 -0.72165545821189869 0.46126352250576025 2.5387347936630253
decision_type=2 8 10 10 2 10 2 8 10 10 2
left_child=1 6 -2 4 8 -6 -1 -8 -3 -10 -4
right_child=2 3 10 -5 5 -7 7 -9 9 -11 -12
leaf_value=7.6057566919058549e-06 -5.7517873399417268e-05 0.00034949946307126251 -0.00011292029352939743 0.00012235062321979293 0.0011897082279559491 0.0082654362336349475 -2.0015152057742991e-05 0.00012040037852761642 0.00067832561911162939 0.0020485287627994269 -0.00022109784293933177
leaf_weight=2933313 119092 1126 51734 2054 22.000000000000004 8.9999999999999982 409283 9173 935 175 19044
leaf_count=2933313 119092 1126 51734 2054 22 9 409283 9173 935 175 19044
internal_value=2.12853e-08 5.05966e-06 -8.90309e-05 0.000406532 0.000663461 0.00349703 4.54171e-06 -1.69348e-05 0.00062199 0.000897021 -0.000142042
internal_weight=3.54596e+06 3.35609e+06 189870 4321 2267 31 3.35177e+06 418456 2236 1110 70778
internal_count=3545960 3356090 189870 4321 2267 31 3351769 418456 2236 1110 70778
is_linear=0
shrinkage=0.00523217


Tree=39
num_leaves=12
num_cat=0
split_feature=1 5 11 12 7 7 1 12 1 11 1
split_gain=57.8925 26.6153 26.2865 17.8602 33.6808 114.149 11.9785 8.47882 7.46139 6.31436 8.46428
threshold=1.9361078143119814 inf 2.4816024303436284 -2.2578574419021602 1.4671951532363894 1.9944400787353518 1.0717457532882693 1.4033953547477724 2.5387347936630253 0.20569878071546557 -1.5541931986808775
decision_type=2 8 10 10 10 10 2 8 2 10 2
left_child=1 6 9 4 -4 -6 7 -1 -2 -3 -11
right_child=8 2 3 -5 5 -7 -8 -9 -10 10 -12
leaf_value=5.8927690705312103e-06 -8.1440003501779615e-05 -1.7024064483736293e-06 0.00055827619273667885 0.001018582154773396 0.020567989089471866 0.0022153927417284361 -2.5190704750977199e-05 7.398792024756784e-05 -0.00016729905096505847 0.00033681211431530139 0.0013413670120976152
leaf_weight=3003431 96083 1370 53 291 10.999999999999998 41 352333 50907 38985 2302 255
leaf_count=3003431 96083 1370 53 291 11 41 352333 50907 38985 2302 255
internal_value=9.43196e-09 4.21651e-06 0.000414441 0.00169765 0.0035398 0.00648362 3.69556e-06 7.02801e-06 -0.000106229 0.000284365 0.00043788
internal_weight=3.54606e+06 3.41099e+06 4323 396 105 52 3.40667e+06 3.05434e+06 135068 3927 2557
internal_count=3546062 3410994 4323 396 105 52 3406671 3054338 135068 3927 2557
is_linear=0
shrinkage=0.00523217


Tree=40
num_leaves=12
num_cat=0
split_feature=0 23 11 7 7 1 2 17 1 0 11
split_gain=59.8718 26.0425 27.2808 21.9277 74.8806 19.8201 14.5257 9.46816 10.725 8.56382 7.79162
threshold=-3.4376008510589595 inf 3.3408535718917851 1.4671951532363894 1.5256015658378603 1.3423411846160891 1.6372857093811037 2.6379681825637822 -1.5541931986808775 0.43209046125411993 1.7449399232864382
decision_type=2 8 8 8 10 2 10 2 2 2 10
left_child=-1 5 7 -4 -5 9 -6 10 -9 -2 -3
right_child=1 2 3 4 6 -7 -8 8 -10 -11 -12
leaf_value=-0.00015449897357389415 -2.321348108330356e-07 0.00019972322688428503 0.00070590538818104736 0.019240295482478631 0.005921271198073336 -4.0493411222517667e-05 0.0012477021573759049 2.5153688688991243e-05 0.0043702328928579429 1.765684085854076e-05 0.00093177586037813129
leaf_weight=67368 2068811 3774 123 6.9999999999999991 25 271055 65 30 32 1134160 445
leaf_count=67368 2068811 3774 123 7 25 271055 65 30 32 1134160 445
internal_value=-9.91443e-09 2.98187e-06 0.00040066 0.00219322 0.00403981 2.46626e-06 0.00261465 0.000307773 0.00232029 6.10204e-06 0.000277366
internal_weight=3.5459e+06 3.47853e+06 4501 220 97 3.47403e+06 90 4281 62 3.20297e+06 4219
internal_count=3545895 3478527 4501 220 97 3474026 90 4281 62 3202971 4219
is_linear=0
shrinkage=0.00523217


Tree=41
num_leaves=12
num_cat=0
split_feature=2 20 2 19 17 2 13 11 19 11 15
split_gain=18.1243 13.4867 7.75449 5.68399 4.91697 4.896 4.69375 4.35637 4.31237 9.91652 15.028
threshold=0.37803776562213903 0.72501611709594738 2.2468367815017705 -1.6857659816741941 0.58144330978393566 -2.5258669853210445 0.89228445291519176 1.4230675101280215 3.2654931545257573 3.9760416746139531 0.13067650794982913
decision_type=8 8 10 10 2 10 8 8 10 10 2
left_child=3 2 6 5 -3 -1 -2 -5 -6 -10 -11
right_child=1 4 -4 7 8 -7 -8 -9 9 10 -12
leaf_value=0.00051049781416756253 -4.4214304174354112e-07 -3.0977071690534651e-05 0.00023325048707809214 6.5066453806244246e-06 -8.2908544055061026e-05 9.6756460384529497e-05 -2.6333155973191353e-05 3.2247405603875571e-05 3.6326448928348303e-05 0.0032277024646505908 3.3462345550386095e-05
leaf_weight=851 812097 229790 3703 1943640 92490 9846 250933 198383 4026 67 100
leaf_count=851 812097 229790 3703 1943640 92490 9846 250933 198383 4026 67 100
internal_value=-2.36826e-08 -1.47279e-05 -5.72115e-06 9.49226e-06 -4.41542e-05 0.0001298 -6.55461e-06 8.89101e-06 -7.54637e-05 8.85409e-05 0.00133344
internal_weight=3.54593e+06 1.39321e+06 1.06673e+06 2.15272e+06 326473 10697 1.06303e+06 2.14202e+06 96683 4193 167
internal_count=3545926 1393206 1066733 2152720 326473 10697 1063030 2142023 96683 4193 167
is_linear=0
shrinkage=0.00523217


Tree=42
num_leaves=12
num_cat=0
split_feature=6 18 5 18 5 6 12 3 2 2 24
split_gain=44.4955 22.0774 18.072 15.3005 13.7405 10.6563 7.25844 6.86856 6.82916 27.4317 64.2709
threshold=-1.519222557544708 -1.2885944247245786 inf 0.17796008288860324 inf -3.5599991083145137 0.91640385985374462 -1.9902090430259702 1.5503480434417727 1.4501757621765139 -0.23139430582523343
decision_type=2 10 8 8 8 2 8 10 8 10 10
left_child=4 -2 3 6 5 -1 -3 -4 9 -6 -11
right_child=1 2 7 -5 8 -7 -8 -9 -10 10 -12
leaf_value=-0.0001488070702504699 -4.058911236199273e-05 1.4403809277941931e-05 0.00062663169346861489 -5.7271351931705448e-06 0.00076143015137403213 -5.6231403567710328e-05 4.7571328473630656e-05 0.00015182818396534747 0.00030848118178274699 0.00069374081532497223 0.018646165976774022
leaf_weight=41981 268921 1607911 1698 1239296 189 180309 203518 1651 434 17.000000000000004 6.9999999999999991
leaf_count=41981 268921 1607911 1698 1239296 189 180309 203518 1651 434 17 7
internal_value=5.77319e-08 4.85863e-06 8.86073e-06 8.43868e-06 -7.14983e-05 -7.37193e-05 1.81307e-05 0.000392938 0.000689068 0.0014548 0.00659119
internal_weight=3.54593e+06 3.323e+06 3.05407e+06 3.05072e+06 222937 222290 1.81143e+06 3349 647 213 24
internal_count=3545932 3322995 3054074 3050725 222937 222290 1811429 3349 647 213 24
is_linear=0
shrinkage=0.00523217


Tree=43
num_leaves=12
num_cat=0
split_feature=1 23 6 16 6 12 1 4 9 4 13
split_gain=56.0844 25.715 12.8323 10.2606 9.74311 9.50037 7.4871 7.31078 20.6874 7.06443 6.43676
threshold=1.9361078143119814 inf -1.3360087871551511 -0.0064423980657011262 -3.1858464479446407 1.4033953547477724 -1.6765897274017332 -1.5137473940849302 0.44342313706874853 -2.2216066122055049 0.87117621302604686
decision_type=2 8 2 2 2 8 2 10 10 10 10
left_child=1 2 -1 -3 -2 10 7 -5 -9 -8 -4
right_child=4 3 5 6 -6 -7 9 8 -10 -11 -12
leaf_value=-3.8045141583252838e-05 -0.00018682875116218196 0.00010209458530284809 8.2808578705196933e-06 0.00015530047684054495 -8.0524136559827808e-05 7.4326770178615917e-05 0.0017283650055980072 0.00052957621254352697 0.0030156571400897295 0.00054183942643902267 -1.1697773324918065e-05
leaf_weight=190843 30506 1850 2629903 1040 104595 54939 284 917 101 273 530495
leaf_count=190843 30506 1850 2629903 1040 104595 54939 284 917 101 273 530495
internal_value=1.74549e-08 4.15922e-06 3.63876e-06 0.000400916 -0.000104535 6.11313e-06 0.00061187 0.000465085 0.00078023 0.00115064 4.92705e-06
internal_weight=3.54575e+06 3.41064e+06 3.40618e+06 4465 135101 3.21534e+06 2615 2058 1018 557 3.1604e+06
internal_count=3545746 3410645 3406180 4465 135101 3215337 2615 2058 1018 557 3160398
is_linear=0
shrinkage=0.00523217


Tree=44
num_leaves=12
num_cat=0
split_feature=23 11 7 7 12 5 13 9 11 13 12
split_gain=25.9626 27.9617 20.7028 73.846 24.5917 19.6817 13.1326 10.4302 7.55147 6.70966 5.80627
threshold=inf 3.3408535718917851 1.4671951532363894 1.5256015658378603 -3.2763303518295284 2.2705109119415288 0.87117621302604686 0.65049907565116893 0.20569878071546557 0.62705522775650036 1.4033953547477724
decision_type=8 8 8 10 10 10 10 10 10 10 8
left_child=5 8 -3 -4 -5 6 10 -8 -2 -7 -1
right_child=1 2 3 4 -6 9 7 -9 -10 -11 -12
leaf_value=5.6700960958490066e-06 9.9269014547584004e-06 0.00077402455863978569 0.019098709080395473 0.010744188714194716 0.0016418139774541075 -3.5859568868617214e-05 -1.336737926636198e-05 -8.9625446549179846e-05 0.00046690910941478225 -0.00011559648013064386 6.4949057290796908e-05
leaf_weight=2753228 1553 125 6.9999999999999991 7.9999999999999991 82 78589 564004 53788 2747 45725 45991
leaf_count=2753228 1553 125 7 8 82 78589 564004 53788 2747 45725 45991
internal_value=-2.09182e-08 0.000396126 0.00220253 0.00400373 0.00258851 -5.27126e-07 1.82536e-06 -2.00082e-05 0.000302099 -6.51956e-05 6.64436e-06
internal_weight=3.54585e+06 4522 222 97 90 3.54132e+06 3.41701e+06 617792 4300 124314 2.79922e+06
internal_count=3545847 4522 222 97 90 3541325 3417011 617792 4300 124314 2799219
is_linear=0
shrinkage=0.00523217


Tree=45
num_leaves=12
num_cat=0
split_feature=6 23 11 23 11 19 4 14 6 12 12
split_gain=43.4728 16.3587 14.8585 13.2283 24.0755 19.9197 34.3205 12.7153 10.3723 9.88652 9.44172
threshold=-1.519222557544708 inf 1.7449399232864382 inf 3.3408535718917851 3.5918902158737187 -1.3113774061203001 -0.45165406167507166 -2.9120939970016475 -3.0390063524246211 1.2648106813430788
decision_type=2 8 8 8 10 10 10 2 2 10 8
left_child=3 10 -3 8 -5 6 -6 -4 -1 -9 -2
right_child=1 2 7 4 5 -7 -8 9 -10 -11 -12
leaf_value=-0.00012590097744680882 2.7937381852989183e-06 0.00022316978460972306 0.00088047216811235117 0.00028410893005683286 0.014431866495562586 0.0010274994094378908 0.0028503137456621268 0.0082618535428008698 -4.8798505339716256e-05 0.0024178543754346696 5.4657071588199597e-05
leaf_weight=69542 3219982 3398 414 569 8.9999999999999982 48 26 8.9999999999999982 152730 50 99051
leaf_count=69542 3219982 3398 414 569 9 48 26 9 152730 50 99051
internal_value=-6.40563e-09 4.73854e-06 0.00034462 -7.07378e-05 0.000672646 0.0032853 0.00622479 0.00121269 -7.29256e-05 0.00346741 4.34177e-06
internal_weight=3.54583e+06 3.3229e+06 3871 222924 652 83 35 473 222272 59 3.31903e+06
internal_count=3545828 3322904 3871 222924 652 83 35 473 222272 59 3319033
is_linear=0
shrinkage=0.00523217


Tree=46
num_leaves=12
num_cat=0
split_feature=6 23 23 17 6 7 13 16 17 4 15
split_gain=43.2662 16.3748 13.0976 10.4952 10.3211 10.1707 8.54708 5.88498 9.9529 22.5203 7.72375
threshold=-1.519222557544708 inf inf 2.6379681825637822 -3.5599991083145137 2.4116008281707768 0.87117621302604686 -0.0064423980657011262 2.4178545475006108 -1.5137473940849302 0.079433333128690733
decision_type=2 8 8 2 2 10 8 2 2 10 2
left_child=2 6 4 -3 -1 -5 -2 -4 10 -10 -9
right_child=1 3 7 5 -6 -7 -8 8 9 -11 -12
leaf_value=-0.00014661432786435301 8.2292956579053765e-06 0.00032180092361141198 1.2049510524885942e-06 0.00038760705112165817 -5.5507463221633003e-05 0.0068920742779367081 -1.387037221685766e-05 0.0039863609487684757 0.0011357727533442426 0.0094485790842842206 0.00056352008271409574
leaf_weight=41983 2738189 3839 236 14 180312 12 580658 18 36 10.999999999999998 356
leaf_count=41983 2738189 3839 236 14 180312 12 580658 18 36 11 356
internal_value=2.45645e-08 4.75922e-06 -7.05333e-05 0.000345073 -7.27184e-05 0.00358837 4.36254e-06 0.000666346 0.00103625 0.00328205 0.000742436
internal_weight=3.54566e+06 3.32271e+06 222952 3865 222295 26 3.31885e+06 657 421 47 374
internal_count=3545664 3322712 222952 3865 222295 26 3318847 657 421 47 374
is_linear=0
shrinkage=0.00523217


Tree=47
num_leaves=12
num_cat=0
split_feature=5 11 18 18 20 16 24 22 22 7 13
split_gain=25.1012 25.4703 20.8095 28.6499 21.5717 15.2409 26.6475 45.7759 98.5472 8.77716 7.62292
threshold=inf 2.4816024303436284 0.62684002518653881 -1.2163285613059995 0.77992326021194469 -0.0031980075873434539 -0.60795679688453663 0.20133168250322345 0.35305592417716986 1.5928418636322024 0.79834014177322399
decision_type=8 10 10 8 8 2 10 10 10 10 10
left_child=2 -2 3 -1 -4 -3 -7 9 -9 -8 -5
right_child=1 5 4 10 -6 6 7 8 -10 -11 -12
leaf_value=-3.8080930669987176e-05 0.00027048543168970113 0.00050577829886972955 -7.9697916910968853e-06 1.8369785840766832e-05 -6.8098536521922631e-05 0.00039789621107780358 0.00091026990931153038 0.023996841258260355 0.0038638349781947422 0.0043021176816702717 -5.9551355302061575e-06
leaf_weight=335058 3935 176 710307 1848149 212128 91 61 7.9999999999999991 27 32 435798
leaf_count=335058 3935 176 710307 1848149 212128 91 61 8 27 32 435798
internal_value=5.94473e-08 0.000398131 -4.27167e-07 7.0996e-06 -2.17983e-05 0.00166311 0.00258185 0.00411043 0.00912145 0.00212523 1.3728e-05
internal_weight=3.54577e+06 4330 3.54144e+06 2.619e+06 922435 395 219 128 35 93 2.28395e+06
internal_count=3545770 4330 3541440 2619005 922435 395 219 128 35 93 2283947
is_linear=0
shrinkage=0.00523217


Tree=48
num_leaves=12
num_cat=0
split_feature=0 5 11 18 18 16 7 7 17 7 0
split_gain=58.0343 24.3445 24.8828 20.6963 19.259 15.1371 16.7127 45.8982 10.818 9.04745 8.55156
threshold=-3.4376008510589595 inf 2.4816024303436284 -1.2885944247245786 0.33137281239032751 -0.0031980075873434539 1.4671951532363894 2.123250007629395 2.6379681825637822 2.4116008281707768 0.49443744122982031
decision_type=2 8 10 8 10 2 10 10 2 10 2
left_child=-1 3 8 -2 10 -4 -7 -8 -3 -10 -5
right_child=1 2 5 4 -6 6 7 -9 9 -11 -12
leaf_value=-0.00015218253003217085 -4.1175088697549811e-05 0.00023355446316144883 0.00049503186569137877 9.0153620332021477e-06 -1.0736704273948164e-05 0.0011068681628870584 0.0089507496221214108 0.0016376647652511403 0.00025982502767377098 0.00430308649140047 3.2625899047696276e-05
leaf_weight=67314 274375 3870 177 1436851 1169621 111 34 74 29 32 593468
leaf_count=67314 274375 3870 177 1436851 1169621 111 34 74 29 32 593468
internal_value=-2.04605e-08 2.92379e-06 0.000395081 2.43503e-06 6.17459e-06 0.00164361 0.00256063 0.00401926 0.000268646 0.00243527 1.59172e-05
internal_weight=3.54596e+06 3.47864e+06 4327 3.47432e+06 3.19994e+06 396 219 108 3931 61 2.03032e+06
internal_count=3545956 3478642 4327 3474315 3199940 396 219 108 3931 61 2030319
is_linear=0
shrinkage=0.00523217


Tree=49
num_leaves=12
num_cat=0
split_feature=0 23 11 7 7 0 24 17 0 11 17
split_gain=57.0743 23.6559 27.0407 20.0629 72.4265 14.6338 11.3696 9.54667 9.80918 7.61117 9.4197
threshold=-3.4376008510589595 inf 3.3408535718917851 1.4671951532363894 1.5256015658378603 0.34864777326583868 -0.60795679688453663 2.6379681825637822 -0.055974148213863366 1.7449399232864382 -1.970295190811157
decision_type=2 8 8 8 10 2 10 2 2 10 2
left_child=-1 5 7 -4 -5 -2 -6 9 -9 -3 -11
right_child=1 2 3 4 6 -7 -8 8 -10 10 -12
leaf_value=-0.00015086538297540584 -6.3892711137156273e-06 0.0001811966521012083 0.00075194282230495104 0.018879687271705015 0.00026239440150087773 1.5503080411545339e-05 0.0040582596454569039 0.0039325161342888123 -0.00017641881605216003 0.0045043375498531992 0.00073909937226189438
leaf_weight=67338 2073732 3768 125 6.9999999999999991 37 1400256 53 38 26 18 427
leaf_count=67338 2073732 3768 125 7 37 1400256 53 38 26 18 427
internal_value=5.04859e-09 2.92594e-06 0.000382029 0.00215818 0.0039313 2.43462e-06 0.00253018 0.000289078 0.00227801 0.000258043 0.00090473
internal_weight=3.54582e+06 3.47849e+06 4499 222 97 3.47399e+06 90 4277 64 4213 445
internal_count=3545825 3478487 4499 222 97 3473988 90 4277 64 4213 445
is_linear=0
shrinkage=0.00523217


Tree=50
num_leaves=12
num_cat=0
split_feature=0 18 1 18 18 1 9 0 6 6 19
split_gain=56.8254 20.7258 19.3332 11.7466 11.4412 17.962 7.17956 6.78872 4.97886 4.84336 4.16866
threshold=-3.4376008510589595 -1.2885944247245786 1.3423411846160891 0.17796008288860324 2.773471593856812 -1.0016726851463316 0.34481431543827062 0.49443744122982031 -0.75099533796310414 -0.72477844357490528 -1.6857659816741941
decision_type=2 10 2 8 8 2 10 2 2 2 8
left_child=6 -2 3 7 9 -6 -1 10 -4 -5 -3
right_child=1 2 8 4 5 -7 -8 -9 -10 -11 -12
leaf_value=-9.9175029583892829e-05 -4.0704500486317471e-05 0.00017541431449115695 -6.0673268677306735e-05 -3.0577192992149682e-05 0.00049164852493310243 -6.3424893638167078e-07 -0.00020745095787482698 3.4322873097851871e-05 -1.4503838486608906e-05 5.1953516087076038e-07 1.1538742973477279e-05
leaf_weight=35381 274730 4264 124522 158358 3289 5285 31943 547070 131550 1021680 1207666
leaf_count=35381 274730 4264 124522 158358 3289 5285 31943 547070 131550 1021680 1207666
internal_value=-5.53736e-09 2.90829e-06 6.64854e-06 1.04371e-05 -2.26846e-06 0.000188154 -0.000150563 1.90232e-05 -3.69583e-05 -3.65291e-06 1.21161e-05
internal_weight=3.54574e+06 3.47841e+06 3.20368e+06 2.94761e+06 1.18861e+06 8574 67324 1.759e+06 256072 1.18004e+06 1.21193e+06
internal_count=3545738 3478414 3203684 2947612 1188612 8574 67324 1759000 256072 1180038 1211930
is_linear=0
shrinkage=0.00523217


Tree=51
num_leaves=12
num_cat=0
split_feature=0 1 0 0 1 17 6 0 10 17 6
split_gain=55.739 15.1551 9.44302 7.33998 8.43091 12.7626 5.79766 5.51556 4.61768 7.95321 3.67796
threshold=-2.8001056909561153 1.3423411846160891 -5.3024020195007315 0.43209046125411993 -2.1390675306320186 2.6379681825637822 -1.0105687975883482 -0.033818898722529404 inf 2.1743133068084721 -0.48552618920803065
decision_type=2 2 2 2 2 2 2 2 8 2 2
left_child=2 3 -1 4 5 7 -4 -2 -6 -10 -3
right_child=1 10 6 -5 8 -7 -8 -9 9 -11 -12
leaf_value=-0.00025624047931681044 0.00079774384788949262 -5.4753650808156094e-05 -0.00013675517474043668 1.7154267846765321e-05 5.115429853859957e-08 0.0059716770061313271 -4.4467732235841324e-05 0.0001184635679529227 0.00019059915445592129 0.0025405974351812247 -1.39679831369849e-05
leaf_weight=12990 501 133726 53079 1134305 2068305 9.9999999999999982 28766 951 2338 39 110697
leaf_count=12990 501 133726 53079 1134305 2068305 10 28766 951 2338 39 110697
internal_value=-1.15142e-08 3.42726e-06 -0.000125149 6.45478e-06 5.97418e-07 0.000397622 -0.00010433 0.000353854 3.16486e-07 0.000230737 -3.62856e-05
internal_weight=3.54571e+06 3.45087e+06 94835 3.20645e+06 2.07214e+06 1462 81845 1452 2.07068e+06 2377 244423
internal_count=3545707 3450872 94835 3206449 2072144 1462 81845 1452 2070682 2377 244423
is_linear=0
shrinkage=0.00523217


Tree=52
num_leaves=12
num_cat=0
split_feature=0 18 1 18 18 1 0 0 20 20 18
split_gain=55.4553 20.4967 18.9385 11.5981 11.2215 17.5249 6.72693 6.69843 5.93613 5.22953 4.5565
threshold=-3.4376008510589595 -1.2885944247245786 1.3423411846160891 0.17796008288860324 2.773471593856812 -1.0016726851463316 0.49443744122982031 -5.3024020195007315 0.67513781785964977 0.047009162604808814 0.65553823113441478
decision_type=2 10 2 10 8 2 2 2 8 8 10
left_child=7 -2 3 6 8 -6 9 -1 -5 -3 -4
right_child=1 2 10 4 5 -7 -8 -9 -10 -11 -12
leaf_value=-0.00025548876332114105 -4.0475159702955248e-05 2.5710464517903441e-06 -1.6119117251716846e-05 1.9051216092778977e-06 0.00048521980634071946 -5.4321652982079332e-07 3.4126342650507209e-05 -0.00012315002822751612 -2.8503848183621111e-05 2.4521572882157018e-05 -6.0410511963877555e-05
leaf_weight=12991 274707 690230 137942 965272 3301 5282 547125 54346 214843 521821 118063
leaf_count=12991 274707 690230 137942 965272 3301 5282 547125 54346 214843 521821 118063
internal_value=1.8924e-08 2.89799e-06 6.61716e-06 1.03661e-05 -2.25852e-06 0.000186228 1.88972e-05 -0.000148697 -3.63025e-06 1.2022e-05 -3.65485e-05
internal_weight=3.54592e+06 3.47859e+06 3.20388e+06 2.94787e+06 1.1887e+06 8583 1.75918e+06 67337 1.18012e+06 1.21205e+06 256005
internal_count=3545923 3478586 3203879 2947874 1188698 8583 1759176 67337 1180115 1212051 256005
is_linear=0
shrinkage=0.00523217


Tree=53
num_leaves=12
num_cat=0
split_feature=0 23 11 18 18 2 2 0 20 0 11
split_gain=55.2907 23.4347 25.8051 20.0655 17.5477 16.4979 110.733 9.23915 9.18843 7.98267 7.17094
threshold=-2.8001056909561153 inf 3.3408535718917851 -1.2885944247245786 0.33137281239032751 1.5130712985992434 1.4226875901222231 -5.3024020195007315 0.72501611709594738 0.49443744122982031 1.7449399232864382
decision_type=2 8 8 10 8 10 8 2 8 2 10
left_child=7 3 10 -2 9 6 -4 -1 -6 -5 -3
right_child=1 2 5 4 8 -7 -8 -9 -10 -11 -12
leaf_value=-0.00025442623849410688 -4.0187319233317203e-05 0.00021603963183117474 0.001851415021229682 9.1504441909105148e-06 -2.0899107991801071e-06 0.00070161882847760227 0.020023036740313412 -0.00010412682542869669 -3.8306058841957567e-05 3.1986777319143475e-05 0.00091316918823540873
leaf_weight=12983 272946 3817 99 1427076 909952 113 8.9999999999999982 81833 243009 593340 452
leaf_count=12983 272946 3817 99 1427076 909952 113 9 81833 243009 593340 452
internal_value=-7.22303e-08 3.35241e-06 0.000381055 2.85996e-06 6.56278e-06 0.0021202 0.00357344 -0.000124718 -9.7239e-06 1.58573e-05 0.000290272
internal_weight=3.54563e+06 3.45081e+06 4490 3.44632e+06 3.17338e+06 221 108 94816 1.15296e+06 2.02042e+06 4269
internal_count=3545629 3450813 4490 3446323 3173377 221 108 94816 1152961 2020416 4269
is_linear=0
shrinkage=0.00523217


Tree=54
num_leaves=12
num_cat=0
split_feature=0 18 1 18 18 1 0 0 3 20 20
split_gain=54.4306 20.0465 18.4182 11.2522 11.1287 17.1937 6.5421 6.48039 6.22059 5.84531 5.17336
threshold=-3.4376008510589595 -1.2885944247245786 1.3423411846160891 0.17796008288860324 2.773471593856812 -1.0016726851463316 0.49443744122982031 -5.3024020195007315 1.3083972930908205 0.67513781785964977 0.047009162604808814
decision_type=2 10 2 10 8 2 2 2 10 8 8
left_child=7 -2 3 6 9 -6 10 -1 -4 -5 -3
right_child=1 2 8 4 5 -7 -8 -9 -10 -11 -12
leaf_value=-0.0002523816901647077 -4.0017687337954524e-05 2.4689190481714224e-06 -3.9055545573130745e-05 1.9406280951781277e-06 0.00048247684079788538 4.2411798001307231e-07 3.366814321654125e-05 -0.00012219359500749804 0.00018328649273153576 -2.8232341033093285e-05 2.4301367831480244e-05
leaf_weight=12986 274767 690185 252497 965150 3290 5276 547131 54352 3490 214892 521837
leaf_count=12986 274767 690185 252497 965150 3290 5276 547131 54352 3490 214892 521837
internal_value=1.88529e-08 2.87128e-06 6.54988e-06 1.0247e-05 -2.18858e-06 0.000185704 1.86498e-05 -0.000147316 -3.60203e-05 -3.55337e-06 1.18696e-05
internal_weight=3.54585e+06 3.47852e+06 3.20375e+06 2.94776e+06 1.18861e+06 8566 1.75915e+06 67338 255987 1.18004e+06 1.21202e+06
internal_count=3545853 3478515 3203748 2947761 1188608 8566 1759153 67338 255987 1180042 1212022
is_linear=0
shrinkage=0.00523217


Tree=55
num_leaves=12
num_cat=0
split_feature=0 5 1 16 1 0 15 19 12 0 12
split_gain=53.8122 22.9596 14.3993 10.9266 12.9198 9.00999 8.71198 9.63748 8.17892 7.36132 7.31407
threshold=-2.8001056909561153 inf 1.3423411846160891 -0.0064423980657011262 -1.0177420973777769 -4.8514027595520011 0.096431676298379912 3.1034654378890996 1.4033953547477724 0.37891739606857305 -1.2667175531387327
decision_type=2 8 2 2 2 2 2 8 8 2 10
left_child=5 2 8 -3 6 -1 7 -5 9 -2 -6
right_child=1 3 -4 4 10 -7 -8 -9 -10 -11 -12
leaf_value=-0.0002057544051191577 -1.856448158834746e-06 6.4599922154806436e-05 -3.5847699207315992e-05 0.0028496291414810675 0.0068716284906301479 -9.1533962190728317e-05 0.00045073280882492877 0.00072741017370399938 7.0022830021067856e-05 1.4447444628918284e-05 0.0017734261905479668
leaf_weight=26110 1877073 1750 244399 89 11.999999999999998 68731 2277 175 53409 1271679 23
leaf_count=26110 1877073 1750 244399 89 12 68731 2277 175 53409 1271679 23
internal_value=-3.79701e-08 3.34093e-06 2.8625e-06 0.000384223 0.000600917 -0.00012299 0.000556058 0.0014554 5.81725e-06 4.72791e-06 0.00371096
internal_weight=3.54573e+06 3.45089e+06 3.44656e+06 4326 2576 94841 2541 264 3.20216e+06 3.14875e+06 35
internal_count=3545727 3450886 3446560 4326 2576 94841 2541 264 3202161 3148752 35
is_linear=0
shrinkage=0.00523217


Tree=56
num_leaves=12
num_cat=0
split_feature=0 23 11 6 24 3 22 0 11 3 8
split_gain=53.5148 23.1158 26.3332 16.167 15.4135 27.926 36.1949 8.61652 8.31975 6.74531 6.6991
threshold=-3.4376008510589595 inf 3.6365702152252202 -1.3360087871551511 -0.59411644935607899 -2.7588549852371211 -0.039935605600476258 0.37891739606857305 1.7449399232864382 1.5930637121200564 0.43600875139236456
decision_type=2 8 8 2 8 10 10 2 10 10 10
left_child=-1 3 8 -2 -4 6 -6 9 -3 -5 -10
right_child=1 2 4 7 5 -7 -8 -9 10 -11 -12
leaf_value=-0.0001460840731163491 -4.1116776885539939e-05 0.00021219248299456247 0.00023252775487199058 -2.2685844850688872e-06 0.0024367278471297254 0.00056990931996659289 0.010529404426475904 1.5799634783903385e-05 0.00067110252043765654 0.00014176739566149849 0.0023769680215530412
leaf_weight=67349 219577 3831 63 1959188 39 52 25 1286246 424 8940 74
leaf_count=67349 219577 3831 63 1959188 39 52 25 1286246 424 8940 74
internal_value=-5.71488e-09 2.82243e-06 0.000377197 2.33626e-06 0.00233784 0.0034605 0.00574386 5.26836e-06 0.000295325 -1.61382e-06 0.000931222
internal_weight=3.54581e+06 3.47846e+06 4508 3.47395e+06 179 116 64 3.25437e+06 4329 1.96813e+06 498
internal_count=3545808 3478459 4508 3473951 179 116 64 3254374 4329 1968128 498
is_linear=0
shrinkage=0.00523217


Tree=57
num_leaves=12
num_cat=0
split_feature=0 23 6 16 0 6 0 8 19 15 0
split_gain=52.594 22.782 16.0626 9.8208 8.56411 7.64073 8.5621 12.3866 7.26709 7.04675 6.50149
threshold=-3.4376008510589595 inf -1.3360087871551511 -0.0064423980657011262 0.37891739606857305 -0.87189906835556019 -0.07906309142708777 -2.0595211982727046 -1.4874551892280576 0.079433333128690733 -5.3024020195007315
decision_type=2 8 2 2 2 2 2 10 10 2 2
left_child=10 2 -2 -3 8 6 7 -5 -4 -8 -1
right_child=1 3 4 5 -6 -7 9 -9 -10 -11 -12
leaf_value=-0.00025005721047940461 -4.0979524708418779e-05 8.3743896570649145e-05 8.779367712878252e-05 0.0050622771779487742 1.5756880607250666e-05 0.00041354572539986363 0.0032467224302095933 0.00066874415725122266 -2.7351875157680016e-06 0.00071659335653079378 -0.00011966290001965327
leaf_weight=12988 219572 1864 24580 33 1285997 1955 31 38 1943738 576 54332
leaf_count=12988 219572 1864 24580 33 1285997 1955 31 38 1943738 576 54332
internal_value=1.1874e-08 2.81551e-06 2.33344e-06 0.000374933 5.25607e-06 0.000580642 0.00105972 0.00277139 -1.60422e-06 0.000853189 -0.000144836
internal_weight=3.5457e+06 3.47838e+06 3.47389e+06 4497 3.25432e+06 2633 678 71 1.96832e+06 607 67320
internal_count=3545704 3478384 3473887 4497 3254315 2633 678 71 1968318 607 67320
is_linear=0
shrinkage=0.00523217


Tree=58
num_leaves=12
num_cat=0
split_feature=0 5 1 16 1 6 12 3 12 0 12
split_gain=52.2856 22.4276 14.1533 10.7599 12.8519 9.10834 8.08642 7.47399 8.91165 7.05084 7.0228
threshold=-2.8001056909561153 inf 1.3423411846160891 -0.0064423980657011262 -1.0177420973777769 -2.9120939970016475 1.4033953547477724 -2.928619265556335 -2.2578574419021602 0.37891739606857305 -1.2667175531387327
decision_type=2 8 2 2 2 2 8 10 10 2 10
left_child=5 2 6 -3 7 -1 9 8 -5 -2 -6
right_child=1 3 -4 4 10 -7 -8 -9 -10 -11 -12
leaf_value=-0.0001957589812801178 -1.7423119525860642e-06 6.2815347838802359e-05 -3.5515071503845272e-05 0.001797632917215094 0.0068149738486373264 -8.5902299184198756e-05 6.9631044141700113e-05 0.00035657415962770766 0.00059814657077424148 1.4213582925815575e-05 0.0017679675438172094
leaf_weight=30465 1877145 1751 244498 246 11.999999999999998 64365 53401 1736 558 1271767 22
leaf_count=30465 1877145 1751 244498 246 12 64365 53401 1736 558 1271767 22
internal_value=-2.60313e-09 3.3276e-06 2.85483e-06 0.000379815 0.000595019 -0.000121205 5.78465e-06 0.000550868 0.000968251 4.70162e-06 0.00374121
internal_weight=3.54597e+06 3.45114e+06 3.44681e+06 4325 2574 94830 3.20231e+06 2540 804 3.14891e+06 34
internal_count=3545966 3451136 3446811 4325 2574 94830 3202313 2540 804 3148912 34
is_linear=0
shrinkage=0.00523217


Tree=59
num_leaves=12
num_cat=0
split_feature=0 5 17 21 6 0 16 19 9 7 13
split_gain=51.8587 21.9489 15.9312 20.0372 15.6673 8.26853 7.60702 7.35973 6.96165 5.31738 4.10087
threshold=-3.4376008510589595 inf 2.6379681825637822 0.1838769465684891 -1.3360087871551511 0.37891739606857305 -0.0064423980657011262 -1.4874551892280576 0.34481431543827062 inf 0.87117621302604686
decision_type=2 8 2 2 2 2 2 10 10 8 8
left_child=8 4 6 -4 -2 7 -3 9 -1 -6 -9
right_child=1 2 3 -5 5 -7 -8 10 -10 -11 -12
leaf_value=-9.3211336460078669e-05 -4.0452781999512655e-05 6.5083287077759243e-05 0.0081352684418191986 0.0013731194493309933 8.6507580037211462e-05 1.5531552115130023e-05 0.00051579695447249302 1.2897856557535176e-06 -0.00019982419699405521 0.003292873280105487 -1.7263543901549942e-05
leaf_weight=35383 219547 1739 13.999999999999998 63 24592 1285899 2513 1529447 31948 12.999999999999998 414505
leaf_count=35383 219547 1739 14 63 24592 1285899 2513 1529447 31948 13 414505
internal_value=6.59621e-09 2.79083e-06 0.000375068 0.00271728 2.32657e-06 5.21274e-06 0.00033172 -1.5273e-06 -0.000143813 8.83924e-05 -2.6659e-06
internal_weight=3.54566e+06 3.47833e+06 4329 77 3.474e+06 3.25446e+06 4252 1.96856e+06 67331 24605 1.94395e+06
internal_count=3545663 3478332 4329 77 3474003 3254456 4252 1968557 67331 24605 1943952
is_linear=0
shrinkage=0.00523217


Tree=60
num_leaves=12
num_cat=0
split_feature=1 9 12 1 19 1 19 4 1 17 15
split_gain=49.5492 10.6878 8.14121 6.99467 5.62691 5.14321 4.55383 3.92581 6.51715 3.49279 3.3554
threshold=1.7302385568618777 0.33426210284233099 1.4033953547477724 0.78000885248184215 -1.4377313852310178 2.5387347936630253 -1.5594670772552488 inf 1.1603548526763918 0.59274289011955272 -0.10363996401429175
decision_type=2 10 8 2 10 2 8 8 2 2 2
left_child=2 6 3 10 7 -3 -2 -4 -9 -5 -1
right_child=1 5 4 9 -6 -7 -8 8 -10 -11 -12
leaf_value=6.6178282391565925e-07 0.00018383022787582271 -0.00010607028417120736 0.0002227884849122761 -5.0392898592994261e-06 5.0715334373219168e-05 -0.00020670260390070057 -5.641007289507541e-05 0.0006374715236134701 0.0061035850447445543 -3.4684456768760119e-05 1.2151989409854677e-05
leaf_weight=1305290 2198 51788 4943 345250 51249 19048 116932 25 6.9999999999999991 158918 1490272
leaf_count=1305290 2198 51788 4943 345250 51249 19048 116932 25 7 158918 1490272
internal_value=-3.70197e-08 -8.22434e-05 4.61611e-06 3.55209e-06 6.70468e-05 -0.000133145 -5.1969e-05 0.000235068 0.00203221 -1.43853e-05 6.78733e-06
internal_weight=3.54592e+06 189966 3.35595e+06 3.29973e+06 56224 70836 119130 4975 32 504168 2.79556e+06
internal_count=3545920 189966 3355954 3299730 56224 70836 119130 4975 32 504168 2795562
is_linear=0
shrinkage=0.00523217


Tree=61
num_leaves=12
num_cat=0
split_feature=5 11 5 2 2 24 2 17 20 2 15
split_gain=21.9296 23.8239 18.1745 15.752 62.5871 126.184 13.2216 10.2773 9.68374 7.84066 6.57308
threshold=inf 2.4816024303436284 2.2705109119415288 1.5503480434417727 1.4501757621765139 0.026830511167645458 0.36864176392555242 2.6379681825637822 0.72501611709594738 2.2468367815017705 0.079433333128690733
decision_type=8 10 10 10 10 10 8 2 8 10 2
left_child=2 7 6 4 10 -6 -1 -2 9 -8 -3
right_child=1 3 -4 -5 5 -7 8 -9 -10 -11 -12
leaf_value=1.008714848486582e-05 0.00021450255897113174 0.0040614489996237896 -6.257896237939686e-05 0.00050015449447016191 0.0008572819732389753 0.027234604187433606 -4.3681770435010486e-06 0.0023604382247174437 -3.7549267631843793e-05 0.00024421103119773372 0.0011913451666981259
leaf_weight=2078089 3867 25 124310 190 13.000000000000002 6.9999999999999991 1041926 61 293555 3484 160
leaf_count=2078089 3867 25 124310 190 13 7 1041926 61 293555 3484 160
internal_value=1.95213e-08 0.000372395 -4.3494e-07 0.00159569 0.00259848 0.0111318 1.8256e-06 0.000248732 -1.09958e-05 -3.5387e-06 0.00160683
internal_weight=3.54569e+06 4323 3.54136e+06 395 205 20 3.41705e+06 3928 1.33896e+06 1.04541e+06 185
internal_count=3545687 4323 3541364 395 205 20 3417054 3928 1338965 1045410 185
is_linear=0
shrinkage=0.00523217


Tree=62
num_leaves=12
num_cat=0
split_feature=0 23 1 3 0 1 0 2 2 4 0
split_gain=51.1482 22.1453 13.6244 10.4303 8.65706 8.218 7.39762 6.84375 20.6434 6.59713 15.4511
threshold=-2.8001056909561153 inf 1.3423411846160891 -1.9902090430259702 -5.3024020195007315 -1.6765897274017332 0.43209046125411993 1.5908621549606325 1.4501757621765139 -2.2216066122055049 -0.07906309142708777
decision_type=2 8 2 10 2 2 2 10 10 10 2
left_child=4 2 6 5 -1 7 -2 8 -3 10 -7
right_child=1 3 -4 -5 -6 9 -8 -9 -10 -11 -12
leaf_value=-0.00024538046743168972 -1.9232260846100901e-07 0.00055831839371569636 -3.4841806710947074e-05 0.00011231770367912289 -9.9934321035485477e-05 0.0044171091476772808 1.6435230808862814e-05 0.00019644839013941117 0.0034694172775814802 0.00049667224506688516 0.0011588283205036895
leaf_weight=12992 2067781 685 244260 2199 81829 49 1134216 1093 73 186 208
leaf_count=12992 2067781 685 244260 2199 81829 49 1134216 1093 73 186 208
internal_value=8.18236e-09 3.30262e-06 2.82374e-06 0.000370345 -0.000119874 0.000617152 5.69727e-06 0.000462715 0.000844698 0.00125768 0.00180055
internal_weight=3.54557e+06 3.45075e+06 3.44626e+06 4493 94821 2294 3.202e+06 1851 758 443 257
internal_count=3545571 3450750 3446257 4493 94821 2294 3201997 1851 758 443 257
is_linear=0
shrinkage=0.00523217


Tree=63
num_leaves=12
num_cat=0
split_feature=1 23 1 3 1 9 21 9 4 1 3
split_gain=48.4605 21.562 10.2044 10.1974 8.47046 8.40822 6.61405 8.43199 5.86574 11.8192 5.86293
threshold=1.9361078143119814 inf 1.0717457532882693 -1.9902090430259702 -1.6765897274017332 0.31403784453868872 0.56371897459030162 0.46126352250576025 -2.2216066122055049 -1.0177420973777769 1.2220373749732973
decision_type=2 8 2 10 2 10 2 10 10 2 8
left_child=1 2 -1 4 6 -2 7 -3 9 -6 -4
right_child=5 3 10 -5 8 -7 -8 -9 -10 -11 -12
leaf_value=6.4472840115621315e-06 -6.2433259431282314e-05 0.00052517915617185905 -2.6471917488783127e-05 0.00011086379098381787 0.0013996083277380714 -0.00014624367324283824 5.299487301572581e-06 0.0019423557781977001 0.00052646289445235832 0.0052778802204041285 0.00012026535004924125
leaf_weight=3054319 79111 1111 344558 2181 236 56010 605 128 179 23 7616
leaf_count=3054319 79111 1111 344558 2181 236 56010 605 128 179 23 7616
internal_value=-9.24812e-10 3.84855e-06 3.37209e-06 0.000367238 0.00061173 -9.71811e-05 0.000455148 0.000673946 0.00126612 0.00176951 -2.3296e-05
internal_weight=3.54608e+06 3.41096e+06 3.40649e+06 4463 2282 135121 1844 1239 438 259 352174
internal_count=3546077 3410956 3406493 4463 2282 135121 1844 1239 438 259 352174
is_linear=0
shrinkage=0.00523217


Tree=64
num_leaves=12
num_cat=0
split_feature=0 23 1 17 15 12 12 0 9 15 17
split_gain=49.7512 21.2841 16.7065 14.8071 12.9135 12.8316 7.84353 6.87297 6.85534 6.06103 3.92132
threshold=-3.4376008510589595 inf 1.3720049262046816 2.6379681825637822 0.12206269428133966 -1.9701280593872068 1.4033953547477724 0.37891739606857305 0.34481431543827062 -1.4642918705940244 -1.970295190811157
decision_type=2 8 2 2 2 10 8 2 10 2 2
left_child=8 2 6 9 -5 -6 7 -2 -1 -3 -11
right_child=1 3 -4 4 5 -7 -8 -9 -10 10 -12
leaf_value=-9.0580176576514102e-05 -1.8539511877923333e-06 0.0048301745732413455 -3.8266409083045673e-05 6.5393459337905279e-05 0.01007519879198013 0.0028830855829995485 6.8258799031640491e-05 1.3875492476223757e-05 -0.00019635047445838781 0.0013967202367252947 0.00029117305824530402
leaf_weight=35380 1891064 6.9999999999999991 257453 32 7.9999999999999991 36 53668 1271900 31979 89 4318
leaf_count=35380 1891064 7 257453 32 8 36 53668 1271900 31979 89 4318
internal_value=2.73833e-08 2.75482e-06 2.28925e-06 0.000362712 0.00263644 0.00443788 5.53551e-06 4.47097e-06 -0.00014081 0.000322685 0.00031405
internal_weight=3.54593e+06 3.47858e+06 3.47408e+06 4490 76 44 3.21663e+06 3.16296e+06 67359 4414 4407
internal_count=3545934 3478575 3474085 4490 76 44 3216632 3162964 67359 4414 4407
is_linear=0
shrinkage=0.00523217


Tree=65
num_leaves=12
num_cat=0
split_feature=1 1 12 11 1 3 19 3 3 19 15
split_gain=47.7337 10.173 7.67695 6.59505 6.26624 6.01749 4.15789 3.73945 2.91727 2.91651 2.70594
threshold=1.9361078143119814 1.0717457532882693 1.4033953547477724 1.5983792543411257 2.5387347936630253 1.4284067749977114 -1.4377313852310178 1.0344329476356509 0.4230829924345017 -1.5594670772552488 0.061706297099590308
decision_type=2 2 8 10 2 8 10 8 10 10 2
left_child=1 2 3 10 7 8 -4 -2 -3 -9 -1
right_child=4 5 6 -5 -6 -7 -8 9 -10 -11 -12
leaf_value=-8.9316254097375653e-07 -8.0623026719303477e-05 -3.3141198594117205e-05 0.00022656223933333717 3.3543555442873811e-05 -0.00015238614870420876 0.00019035117832259913 5.624143520787067e-05 0.00044690297843181164 3.0983007094495352e-06 2.7317118352007681e-05 9.4935899796710036e-06
leaf_weight=1569184 91978 270310 4288 217837 39017 3587 46626 519 78410 3585 1220654
leaf_count=1569184 91978 270310 4288 217837 39017 3587 46626 519 78410 3585 1220654
internal_value=7.60559e-09 3.82832e-06 6.89523e-06 5.81643e-06 -9.64487e-05 -2.2795e-05 7.06066e-05 -7.37236e-05 -2.49904e-05 8.06878e-05 3.65113e-06
internal_weight=3.546e+06 3.4109e+06 3.05859e+06 3.00768e+06 135099 352307 50914 96082 348720 4104 2.78984e+06
internal_count=3545995 3410896 3058589 3007675 135099 352307 50914 96082 348720 4104 2789838
is_linear=0
shrinkage=0.00523217


Tree=66
num_leaves=12
num_cat=0
split_feature=0 18 18 6 10 15 0 0 20 20 4
split_gain=49.1228 19.9712 16.3601 10.3527 8.20064 14.7883 7.38177 6.10677 4.11313 3.84636 4.94303
threshold=-3.4376008510589595 -1.2885944247245786 0.33137281239032751 -1.1323189139366148 inf -1.5799369215965269 0.49443744122982031 -5.3024020195007315 0.692324459552765 0.037176825106143958 -0.040972158312797539
decision_type=2 10 10 2 8 2 2 2 8 8 8
left_child=7 -2 6 -4 8 -6 9 -1 -5 -3 -11
right_child=1 2 3 4 5 -7 -8 -9 -10 10 -12
leaf_value=-0.00024190472335751685 -4.0109516773998992e-05 1.0245160244913492e-06 -4.9250027726755439e-05 1.2106897293599878e-06 0.0054518213247009414 0.00026792374655778791 3.0889639380931591e-05 -0.00011556425681494226 -2.5641108031202105e-05 4.4081566658633741e-06 3.2991661255649253e-05
leaf_weight=12996 274674 773493 153402 824877 13.999999999999998 2408 593486 54352 192623 343449 320021
leaf_count=12996 274674 773493 153402 824877 14 2408 593486 54352 192623 343449 320021
internal_value=-2.88415e-09 2.70671e-06 6.3778e-06 -9.17536e-06 -3.14707e-06 0.000300865 1.53658e-05 -0.00013996 -3.87186e-06 8.95367e-06 1.81965e-05
internal_weight=3.5458e+06 3.47845e+06 3.20377e+06 1.17332e+06 1.01992e+06 2422 2.03045e+06 67348 1.0175e+06 1.43696e+06 663470
internal_count=3545795 3478447 3203773 1173324 1019922 2422 2030449 67348 1017500 1436963 663470
is_linear=0
shrinkage=0.00523217


Tree=67
num_leaves=12
num_cat=0
split_feature=0 6 12 0 17 2 20 0 0 2 20
split_gain=48.3812 14.0843 8.96151 7.01913 6.25803 4.57127 7.47697 4.24816 3.3812 2.75943 2.42919
threshold=-3.4376008510589595 -1.3360087871551511 1.3027553558349612 0.3572551310062409 0.79210975766181957 -0.15435431897640225 -0.037472641095519059 -1.5660279989242551 -5.3024020195007315 2.2468367815017705 1.2837463617324831
decision_type=2 2 8 2 2 8 8 2 2 8 10
left_child=4 7 3 5 -1 6 -3 -2 -6 10 -4
right_child=1 2 9 -5 8 -7 -8 -9 -10 -11 -12
leaf_value=-9.46901954570527e-05 -7.7755803615757791e-05 -9.3798837931451109e-06 5.1487761010344134e-05 1.3331698250744916e-05 -0.00029816944893739771 -8.6857246497639099e-06 2.5262854331270878e-05 -2.457289282252405e-05 -0.00016521981676259666 0.00041642526645478185 0.00021677874151170321
leaf_weight=38123 54736 333935 79912 1306966 6873 1185626 348553 165597 22348 587 2513
leaf_count=38123 54736 333935 79912 1306966 6873 1185626 348553 165597 22348 587 2513
internal_value=6.71311e-09 2.69616e-06 5.43427e-06 4.0309e-06 -0.000138893 -2.47567e-06 8.31132e-06 -3.77888e-05 -0.000196529 5.91004e-05 5.654e-05
internal_weight=3.54577e+06 3.47842e+06 3.25809e+06 3.17508e+06 67344 1.86811e+06 682488 220333 29221 83012 82425
internal_count=3545769 3478425 3258092 3175080 67344 1868114 682488 220333 29221 83012 82425
is_linear=0
shrinkage=0.00523217


Tree=68
num_leaves=12
num_cat=0
split_feature=0 5 11 12 21 21 1 12 9 0 11
split_gain=47.7779 20.9426 23.3525 16.2825 35.9823 66.1921 16.0029 7.68084 6.70322 6.57005 5.68291
threshold=-3.4376008510589595 inf 2.4816024303436284 -2.2578574419021602 1.0000000180025095e-35 0.74472156167030346 1.3423411846160891 1.4033953547477724 0.34481431543827062 0.37891739606857305 0.20569878071546557
decision_type=2 8 10 10 2 2 2 8 10 2 10
left_child=8 6 10 4 -4 -6 7 9 -1 -2 -3
right_child=1 2 3 -5 5 -7 -8 -9 -10 -11 -12
leaf_value=-8.835566357696912e-05 -1.7712610420070217e-06 -2.7364045190738725e-05 0.00029169563361045319 0.00092367997160005026 0.014850242929330945 0.002238684550439548 -3.6354579650908664e-05 6.7724874766730166e-05 -0.00019295931554083907 1.3629350371631023e-05 0.00038922627791067462
leaf_weight=35383 1877579 1373 54 291 15.999999999999998 36 271203 53407 31961 1272030 2562
leaf_count=35383 1877579 1373 54 291 16 36 271203 53407 31961 1272030 2562
internal_value=1.69945e-08 2.68953e-06 0.000366206 0.00157411 0.00332237 0.00637807 2.2359e-06 5.50367e-06 -0.000138014 4.44832e-06 0.000243701
internal_weight=3.5459e+06 3.47855e+06 4332 397 106 52 3.47422e+06 3.20302e+06 67344 3.14961e+06 3935
internal_count=3545895 3478551 4332 397 106 52 3474219 3203016 67344 3149609 3935
is_linear=0
shrinkage=0.00523217


Tree=69
num_leaves=12
num_cat=0
split_feature=5 5 2 16 20 2 15 2 2 3 20
split_gain=20.5998 17.3681 12.5567 10.0691 9.28335 7.78977 7.55675 12.5899 13.85 8.23489 5.94691
threshold=inf 2.2705109119415288 0.38754585385322576 -0.0064423980657011262 0.72501611709594738 2.2468367815017705 0.096431676298379912 1.6372857093811037 1.3966172933578493 -2.928619265556335 -0.36336095631122584
decision_type=8 8 8 2 8 10 2 8 10 10 8
left_child=1 2 10 -2 5 -4 7 8 -5 -8 -1
right_child=3 -3 4 6 -6 -7 9 -9 -10 -11 -12
leaf_value=-1.3676576505356897e-07 5.3080241408426018e-05 -6.1140364126474836e-05 -4.3551164337636822e-06 0.0019674122695727825 -3.7099890283160844e-05 0.00024314264434864078 0.00094536649260432669 0.00041270488314766861 0.0074210881353043408 0.00026486880159676479 1.7560450734357754e-05
leaf_weight=933696 1743 124386 1018839 99 288888 3492 700 153 13.999999999999998 1615 1172401
leaf_count=933696 1743 124386 1018839 99 288888 3492 700 153 14 1615 1172401
internal_value=3.0708e-08 -4.09761e-07 1.80054e-06 0.000360897 -1.09101e-05 -3.50867e-06 0.000568341 0.00140355 0.00271995 0.000471359 9.71437e-06
internal_weight=3.54603e+06 3.5417e+06 3.41732e+06 4324 1.31122e+06 1.02233e+06 2581 266 113 2315 2.1061e+06
internal_count=3546026 3541702 3417316 4324 1311219 1022331 2581 266 113 2315 2106097
is_linear=0
shrinkage=0.00523217


Tree=70
num_leaves=12
num_cat=0
split_feature=1 5 11 12 21 21 1 12 1 3 11
split_gain=45.9491 20.2503 23.411 16.3175 35.1864 65.5164 9.57522 7.61653 6.02601 5.84675 5.45268
threshold=1.9361078143119814 inf 2.4816024303436284 -2.2578574419021602 1.0000000180025095e-35 0.74472156167030346 1.0717457532882693 1.4033953547477724 2.5387347936630253 1.4284067749977114 0.20569878071546557
decision_type=2 8 10 10 2 2 2 8 2 8 10
left_child=1 6 10 4 -4 -6 7 -1 -2 -8 -3
right_child=8 2 3 -5 5 -7 9 -9 -10 -11 -12
leaf_value=5.1612194775688589e-06 -7.2382998812095233e-05 -2.665967830348181e-05 0.00029493823915418155 0.00092298215009701515 0.014771220038585402 0.0022241920133126594 -2.4732637948095791e-05 6.9720890704703993e-05 -0.00014951616179439362 0.00018782490973972849 0.00038161483784049204
leaf_weight=3003332 96050 1371 53 289 15.999999999999998 36 348692 50875 39033 3577 2561
leaf_count=3003332 96050 1371 53 289 16 36 348692 50875 39033 3577 2561
internal_value=-3.58831e-08 3.71217e-06 0.000361414 0.00157578 0.0033347 0.00634241 3.25755e-06 6.2369e-06 -9.46781e-05 -2.25714e-05 0.000239089
internal_weight=3.54588e+06 3.4108e+06 4326 394 105 52 3.40648e+06 3.05421e+06 135083 352269 3932
internal_count=3545885 3410802 4326 394 105 52 3406476 3054207 135083 352269 3932
is_linear=0
shrinkage=0.00523217


Tree=71
num_leaves=12
num_cat=0
split_feature=23 18 18 5 2 18 16 22 22 2 13
split_gain=20.6156 18.7631 26.5198 14.0613 11.5742 9.65066 7.35115 5.98474 17.2795 114.379 5.64912
threshold=inf -1.2885944247245786 0.62684002518653881 2.2705109119415288 0.4067590087652207 2.773471593856812 -0.0031980075873434539 0.32540991902351385 0.34290033578872686 1.987118721008301 0.87117621302604686
decision_type=8 10 8 10 8 10 2 10 10 10 8
left_child=1 -1 4 -4 -3 -2 -7 -8 9 -9 -6
right_child=5 2 3 -5 10 6 7 8 -10 -11 -12
leaf_value=-4.1722511276322926e-05 2.0639122854671986e-05 2.0560099719604495e-05 -1.5348526776974332e-05 -9.8959374043028117e-05 4.4312660175649711e-06 0.00024332783307493198 0.00054436747558532993 0.022050967661674643 0.00092163022352341765 0.00054024602790023494 -2.7518672189868691e-05
leaf_weight=277623 1572 1574802 863362 58819 558969 1355 1086 6.9999999999999991 474 40 207810
leaf_count=277623 1572 1574802 863362 58819 558969 1355 1086 7 474 40 207810
internal_value=2.20935e-08 -4.29147e-07 3.08313e-06 -2.06824e-05 1.2443e-05 0.000352559 0.000528367 0.000767853 0.00122987 0.00422299 -4.22669e-06
internal_weight=3.54592e+06 3.54138e+06 3.26376e+06 922181 2.34158e+06 4534 2962 1607 521 47 766779
internal_count=3545919 3541385 3263762 922181 2341581 4534 2962 1607 521 47 766779
is_linear=0
shrinkage=0.00523217


Tree=72
num_leaves=12
num_cat=0
split_feature=0 5 11 2 9 2 0 17 3 0 2
split_gain=47.1988 19.6212 22.9207 15.5544 74.7429 144.778 12.1107 10.0946 8.8964 8.81498 7.71795
threshold=-3.4376008510589595 inf 2.4816024303436284 1.5503480434417727 0.46126352250576025 1.2877393364906313 0.34864777326583868 2.6379681825637822 1.5930637121200564 -0.055974148213863366 0.092891503125429167
decision_type=2 8 10 10 10 10 2 2 8 2 10
left_child=-1 6 7 4 -4 -6 8 -3 10 -9 -2
right_child=1 2 3 -5 5 -7 -8 9 -10 -11 -12
leaf_value=-0.00013716805406345747 5.1186854059938662e-06 0.00019978605188041712 0.0014421683880001511 0.00046893392078428307 0.0012476093031193215 0.029128908540831493 1.412419220822467e-05 0.0038860511829332343 0.0001550513610461626 -0.00017341659679278034 -1.5312233141481742e-05
leaf_weight=67350 888386 3867 184 191 14.000000000000002 6.9999999999999991 1400354 37 9370 23 1176315
leaf_count=67350 888386 3867 184 191 14 7 1400354 37 9370 23 1176315
internal_value=1.81277e-08 2.67439e-06 0.000354902 0.00155311 0.00255087 0.0116345 2.23578e-06 0.000233439 -5.79056e-06 0.00234351 -6.52096e-06
internal_weight=3.5461e+06 3.47875e+06 4323 396 205 21 3.47442e+06 3927 2.07407e+06 60 2.0647e+06
internal_count=3546098 3478748 4323 396 205 21 3474425 3927 2074071 60 2064701
is_linear=0
shrinkage=0.00523217


Tree=73
num_leaves=12
num_cat=0
split_feature=13 10 12 12 10 10 14 8 16 12 22
split_gain=13.1859 12.4331 8.51051 5.25295 7.4087 5.04387 4.84509 5.03862 24.9617 4.72435 4.04734
threshold=0.87117621302604686 inf -0.85286790132522572 1.4033953547477724 inf 0.90664997696876537 -2.2890220880508418 1.841147840023041 -0.41084788739681238 1.0825212597846987 -0.40539143979549402
decision_type=10 8 8 8 8 8 2 10 2 8 10
left_child=3 2 -2 5 -5 -1 10 -8 -9 -4 -3
right_child=1 6 9 4 -6 -7 7 8 -10 -11 -12
leaf_value=7.1501403522602104e-06 -5.4349615177842583e-05 0.00016003531121004259 -1.567557450492472e-05 5.8374699105416428e-05 0.0047598382445503172 -1.1118573094980032e-05 3.2746453045732434e-05 0.010088106601140404 0.00030157056412190525 4.9063238071235605e-05 0.00088839887274352327
leaf_weight=2341525 169277 310 449894 47674 7.9999999999999991 502486 914 6.9999999999999991 58 33125 662
leaf_count=2341525 169277 310 449894 47674 8 502486 914 7 58 33125 662
internal_value=3.61205e-08 -2.11754e-05 -2.24243e-05 4.83552e-06 5.92983e-05 3.9221e-06 0.000395732 0.000134632 0.00152899 -1.12341e-05 0.000657404
internal_weight=3.54594e+06 654247 652296 2.89169e+06 47682 2.84401e+06 1951 979 65 483019 972
internal_count=3545940 654247 652296 2891693 47682 2844011 1951 979 65 483019 972
is_linear=0
shrinkage=0.00523217


Tree=74
num_leaves=12
num_cat=0
split_feature=1 5 6 16 1 6 15 4 3 22 19
split_gain=44.721 19.5556 10.7043 9.93915 12.1527 8.47558 8.27858 14.4451 8.40968 7.70114 5.52733
threshold=1.9361078143119814 inf -1.3360087871551511 -0.0064423980657011262 -1.0177420973777769 -3.1858464479446407 0.096431676298379912 -1.3330380320549009 -2.928619265556335 0.69054695963859569 -1.6857659816741941
decision_type=2 8 2 2 2 2 2 10 10 10 10
left_child=1 2 -1 -3 6 -2 7 -5 -8 -6 -4
right_child=5 3 10 4 9 -7 8 -9 -10 -11 -12
leaf_value=-3.4806009301670787e-05 -0.00017002474329124847 4.9837525074294324e-05 0.00011569524559507708 0.00052362318083108478 0.0016072946022289488 -7.0927944664105492e-05 0.00089884551094196528 0.0031275230971436535 0.00020569761280230919 0.0068110678474891844 5.0931021731600407e-06
leaf_weight=190886 30545 1745 12417 177 23 104630 688 87 1591 11.999999999999998 3203139
leaf_count=190886 30545 1745 12417 177 23 104630 688 87 1591 12 3203139
internal_value=7.75595e-09 3.70708e-06 3.26048e-06 0.000355342 0.000561703 -9.33277e-05 0.000518232 0.00139487 0.00041566 0.00357786 5.52049e-06
internal_weight=3.54594e+06 3.41076e+06 3.40644e+06 4323 2578 135175 2543 264 2279 35 3.21556e+06
internal_count=3545940 3410765 3406442 4323 2578 135175 2543 264 2279 35 3215556
is_linear=0
shrinkage=0.00523217


Tree=75
num_leaves=12
num_cat=0
split_feature=5 11 18 18 20 7 7 24 8 17 7
split_gain=19.6425 22.9636 18.5139 25.7594 18.8523 16.4936 49.7847 10.9804 15.175 8.17893 8.73118
threshold=inf 3.3408535718917851 -1.2885944247245786 0.62684002518653881 0.77992326021194469 1.4671951532363894 1.5594381690025332 -0.60795679688453663 -1.7376054525375364 2.6379681825637822 2.4116008281707768
decision_type=8 10 10 10 8 10 10 10 10 2 10
left_child=2 9 -1 -4 -5 -3 -7 -8 -9 -2 -11
right_child=1 5 3 4 -6 6 7 8 -10 10 -12
leaf_value=-4.1444430448090906e-05 0.00023462519307945458 0.00070650172292951899 1.2286230676040858e-05 -7.4340705526382169e-06 -6.3654013634760839e-05 0.016015688208452533 0.0001645556546159423 0.0078525560886011318 0.0018540351259964984 5.8762283107576327e-05 0.00398382160635631
leaf_weight=277653 4035 122 2341531 710416 212032 6.9999999999999991 36 17 36 30 32
leaf_count=277653 4035 122 2341531 710416 212032 7 36 17 36 30 32
internal_value=1.20093e-09 0.00035275 -4.28467e-07 3.06036e-06 -2.03576e-05 0.00200341 0.00361466 0.00243326 0.00392224 0.000264171 0.00213394
internal_weight=3.54595e+06 4315 3.54163e+06 3.26398e+06 922448 218 96 89 53 4097 62
internal_count=3545947 4315 3541632 3263979 922448 218 96 89 53 4097 62
is_linear=0
shrinkage=0.00523217


Tree=76
num_leaves=12
num_cat=0
split_feature=6 18 18 9 10 20 2 20 2 2 6
split_gain=36.2656 20.2109 12.4912 9.00255 6.92679 6.14818 6.01404 8.56369 5.5147 5.22406 22.5887
threshold=-1.519222557544708 -1.2686691880226133 0.17796008288860324 0.41056887805461889 inf 0.692324459552765 0.49817486107349401 0.037176825106143958 2.2468367815017705 1.3966172933578493 0.57505518198013317
decision_type=2 10 8 10 8 8 10 8 10 10 2
left_child=3 -2 6 -1 5 8 7 -3 -4 -6 -11
right_child=1 2 4 -5 9 -7 -8 -9 -10 10 -12
leaf_value=-4.3160185110477084e-05 -3.7908436421441734e-05 1.2601573992382059e-05 2.509700315559886e-07 -0.00011620271545569887 5.4268213889951672e-05 -2.819106043648676e-05 1.1565450745306235e-06 4.0168457143306302e-05 0.00026411136660754259 0.00046593362997598563 0.0087139802984883517
leaf_weight=157553 283467 830049 987243 65394 1390 250375 475997 491093 2172 1119 7.9999999999999991
leaf_count=157553 283467 830049 987243 65394 1390 250375 475997 491093 2172 1119 8
internal_value=9.91467e-09 4.34436e-06 8.28525e-06 -6.45889e-05 -4.47166e-06 -5.0291e-06 1.71041e-05 2.28493e-05 8.31333e-07 0.000269657 0.000534262
internal_weight=3.54586e+06 3.32291e+06 3.03945e+06 222947 1.24231e+06 1.23979e+06 1.79714e+06 1.32114e+06 989415 2517 1127
internal_count=3545860 3322913 3039446 222947 1242307 1239790 1797139 1321142 989415 2517 1127
is_linear=0
shrinkage=0.00523217


Tree=77
num_leaves=12
num_cat=0
split_feature=1 18 18 10 15 9 1 18 18 19 19
split_gain=43.946 19.4465 14.6382 9.14897 17.5885 7.97809 6.29798 5.02694 4.20412 3.99218 3.70771
threshold=1.9361078143119814 -1.2686691880226133 0.17796008288860324 inf -1.5799369215965269 0.30418421328067785 0.89703413844108593 2.773471593856812 2.773471593856812 -1.4377313852310178 -1.6857659816741941
decision_type=2 10 8 8 2 10 2 10 8 8 8
left_child=1 -1 10 6 -5 9 8 -6 -4 -2 -3
right_child=5 2 3 4 7 -7 -8 -9 -10 -11 -12
leaf_value=-3.7622375309507552e-05 0.00015197862906609906 0.00014458424324789251 -1.8122772300422904e-06 0.0063397864173847024 -2.455830309983464e-05 -0.00013977906961593932 -3.0639020264234175e-05 0.00045765428580329151 0.00014264571150664156 -6.4929198640594453e-05 1.6575914203831428e-05
leaf_weight=285963 2393 6216 1049494 11.999999999999998 944 56782 242184 1571 5543 75887 1818699
leaf_count=285963 2393 6216 1049494 12 944 56782 242184 1571 5543 75887 1818699
internal_value=9.56391e-09 3.67537e-06 7.45513e-06 -5.96327e-06 0.000308473 -9.25537e-05 -6.5767e-06 0.000276411 -1.0524e-06 -5.82859e-05 1.70125e-05
internal_weight=3.54569e+06 3.41063e+06 3.12466e+06 1.29975e+06 2527 135062 1.29722e+06 2515 1.05504e+06 78280 1.82492e+06
internal_count=3545688 3410626 3124663 1299748 2527 135062 1297221 2515 1055037 78280 1824915
is_linear=0
shrinkage=0.00523217


Tree=78
num_leaves=12
num_cat=0
split_feature=0 18 5 18 17 6 24 22 2 18 17
split_gain=45.9031 19.1691 20.431 16.9659 14.4463 10.9428 10.4978 18.4632 7.7956 6.21983 6.19863
threshold=-3.4376008510589595 -1.2885944247245786 inf 0.33137281239032751 2.6379681825637822 -0.80748629570007313 0.1212986819446087 0.33376649022102362 0.49817486107349401 2.773471593856812 0.77858111262321483
decision_type=2 10 8 10 2 2 10 10 10 10 2
left_child=10 -2 3 8 9 -5 7 -6 -3 -4 -1
right_child=1 2 4 5 6 -7 -8 -9 -10 -11 -12
leaf_value=-9.0791865536058846e-05 -3.9319139870671253e-05 2.1221142103076233e-05 -1.1499555313463297e-05 -4.4565962801070604e-05 0.0017152598614561855 -2.6850725713400558e-06 -0.00022909023517148281 0.0083968520796469069 -1.7205897667513075e-06 0.00046070067322632324 -0.00019198690703593296
leaf_weight=37758 274775 1470442 1035 207666 37 962024 24 15.999999999999998 559763 2876 29603
leaf_count=37758 274775 1470442 1035 207666 37 962024 24 16 559763 2876 29603
internal_value=3.2279e-10 2.62015e-06 6.21725e-06 5.75048e-06 0.000380429 -1.01213e-05 0.00260927 0.00388634 1.48953e-05 0.000335567 -0.000135278
internal_weight=3.54602e+06 3.47866e+06 3.20388e+06 3.1999e+06 3988 1.16969e+06 77 53 2.0302e+06 3911 67361
internal_count=3546019 3478658 3203883 3199895 3988 1169690 77 53 2030205 3911 67361
is_linear=0
shrinkage=0.00523217


Tree=79
num_leaves=12
num_cat=0
split_feature=6 5 11 14 20 5 11 19 8 12 9
split_gain=35.2797 11.9966 12.271 10.1562 10.3897 9.74685 20.2606 18.8579 30.5019 30.0432 9.12025
threshold=-1.519222557544708 inf 1.7449399232864382 -0.45165406167507166 2.8535078763961796 inf 3.3408535718917851 3.5918902158737187 -0.44916160404682154 -1.9701280593872068 0.41056887805461889
decision_type=2 8 10 2 10 8 10 10 10 10 10
left_child=5 -2 -3 -4 -5 10 -7 8 9 -8 -1
right_child=1 2 3 4 -6 6 7 -9 -10 -11 -12
leaf_value=-4.3951524442212151e-05 3.9877607526559797e-06 0.00018673063665918744 0.00079247306448510858 0.00038096682151150796 0.0048796313985751284 0.00021952836607406635 0.017858738036230015 0.00086674644351645766 -0.00024778524492652913 0.0043554042549556254 -0.00011759911496923084
leaf_weight=157082 3319320 3210 411 24 35 561 6.9999999999999991 49 12.999999999999998 13.000000000000002 65151
leaf_count=157082 3319320 3210 411 24 35 561 7 49 13 13 65151
internal_value=4.46975e-08 4.31907e-06 0.000302845 0.00109172 0.00310643 -6.36808e-05 0.000578859 0.0029895 0.005979 0.0098523 -6.55466e-05
internal_weight=3.54588e+06 3.323e+06 3680 470 59 222876 643 82 33 20 222233
internal_count=3545876 3323000 3680 470 59 222876 643 82 33 20 222233
is_linear=0
shrinkage=0.00523217


Tree=80
num_leaves=12
num_cat=0
split_feature=0 18 5 11 18 2 2 20 0 4 2
split_gain=44.7364 18.9102 19.5901 21.7454 16.8567 14.2024 93.4266 9.35261 8.17201 14.7985 7.68604
threshold=-3.4376008510589595 -1.2885944247245786 inf 3.3408535718917851 0.33137281239032751 1.5130712985992434 1.4501757621765139 0.72501611709594738 -0.07906309142708777 -2.2216066122055049 0.416028842329979
decision_type=2 10 8 10 8 10 10 8 2 8 10
left_child=-1 -2 4 8 10 6 -5 -6 9 -4 -3
right_child=1 2 3 5 7 -7 -8 -9 -10 -11 -12
leaf_value=-0.00013360073815738984 -3.9089380993556119e-05 2.1634397212866799e-05 0.0034341151576128665 0.0018150520745038232 -2.3696089164185045e-06 0.00064426147173570825 0.019314862581700568 -3.8336695868157571e-05 0.00022378872985820541 0.0002820051823195485 -3.6855225312710764e-07
leaf_weight=67321 274678 1400080 61 99 917204 111 7.9999999999999991 252397 3576 121 630158
leaf_count=67321 274678 1400080 61 99 917204 111 8 252397 3576 121 630158
internal_value=-1.15063e-08 2.57373e-06 6.14596e-06 0.000373129 5.68957e-06 0.00197582 0.00332761 -1.01319e-05 0.000279352 0.00135821 1.48046e-05
internal_weight=3.54581e+06 3.47849e+06 3.20382e+06 3976 3.19984e+06 218 107 1.1696e+06 3758 182 2.03024e+06
internal_count=3545814 3478493 3203815 3976 3199839 218 107 1169601 3758 182 2030238
is_linear=0
shrinkage=0.00523217


Tree=81
num_leaves=12
num_cat=0
split_feature=6 23 17 24 12 9 12 20 23 24 4
split_gain=34.8624 14.0078 9.71396 9.31733 8.69953 7.58141 7.20015 6.99344 5.41327 9.49878 42.8208
threshold=-1.7519770860671995 inf 2.6379681825637822 -0.30243346095085138 1.2648106813430788 0.41056887805461889 -1.3075694441795347 2.3664746284484868 inf -0.099285811185836778 -1.3330380320549009
decision_type=2 8 2 10 8 10 8 10 8 10 10
left_child=5 4 -3 6 7 -1 -4 -2 -7 -10 -11
right_child=1 2 3 -5 -6 8 -8 -9 9 10 -12
leaf_value=-4.8035657513545797e-05 3.0929020760571061e-06 0.00028989141288353386 0.0093409166439728745 0.00013777318285877673 5.1501769617979847e-05 -0.00012429753982647252 0.0023484004481817817 -4.9781657461405322e-05 -7.1743838084291494e-05 0.0089479987706561452 -0.00033439515638123725
leaf_weight=124921 3191089 3915 7 17 100001 55910 11.000000000000002 69979 127 18 46
leaf_count=124921 3191089 3915 7 17 100001 55910 11 69979 127 18 46
internal_value=-6.2515e-09 3.79858e-06 0.000315151 0.0030166 3.43233e-06 -7.07384e-05 0.0055176 1.95801e-06 -0.000121274 0.000754807 0.00237887
internal_weight=3.54604e+06 3.36502e+06 3950 35 3.36107e+06 181022 18 3.26107e+06 56101 191 64
internal_count=3546041 3365019 3950 35 3361069 181022 18 3261068 56101 191 64
is_linear=0
shrinkage=0.00523217


Tree=82
num_leaves=12
num_cat=0
split_feature=1 9 12 19 10 1 11 10 19 1 20
split_gain=42.6147 9.56757 7.66369 7.08621 8.14977 6.58959 6.33658 6.40104 4.75153 4.13927 3.85117
threshold=1.7767818570137026 0.33426210284233099 1.2648106813430788 -1.4874551892280576 inf 0.78000885248184215 1.5983792543411257 inf -1.4377313852310178 2.5387347936630253 3.3401228189468388
decision_type=2 10 8 10 8 2 10 8 8 2 10
left_child=2 8 5 4 -4 6 -1 10 -2 -3 -8
right_child=1 9 3 -5 -6 -7 7 -9 -10 -11 -12
leaf_value=3.7387876967832445e-06 0.00015060566907678657 -0.00010254288291070904 0.00021335764339917146 3.8121295116080333e-05 0.0054434603508808806 -1.441053422120828e-05 3.0733367556141033e-05 0.00075103143066367723 -5.505105373981344e-05 -0.00019381133649869141 0.00030363143638784714
leaf_weight=2549906 3164 47935 6230 91965 6.9999999999999991 513522 205898 339 106310 19045 1425
leaf_count=2549906 3164 47935 6230 91965 7 513522 205898 339 106310 19045 1425
internal_value=1.39531e-08 -7.92469e-05 4.16521e-06 4.9708e-05 0.000220387 2.7977e-06 6.00256e-06 3.37956e-05 -4.90983e-05 -0.000128509 3.26147e-05
internal_weight=3.54575e+06 176454 3.36929e+06 98202 6237 3.27109e+06 2.75757e+06 207662 109474 66980 207323
internal_count=3545746 176454 3369292 98202 6237 3271090 2757568 207662 109474 66980 207323
is_linear=0
shrinkage=0.00523217


Tree=83
num_leaves=12
num_cat=0
split_feature=6 18 23 18 9 6 18 15 13 23 21
split_gain=34.0481 19.5868 14.9789 13.51 7.37293 5.97162 5.92862 6.04126 5.55486 5.49571 11.5025
threshold=-1.7519770860671995 -1.2885944247245786 inf 0.17796008288860324 0.41056887805461889 -0.48552618920803065 2.773471593856812 -1.5218181014060972 0.87117621302604686 inf 0.37754768133163458
decision_type=2 10 8 10 10 2 10 2 8 8 2
left_child=4 -2 3 8 -1 -5 7 -4 -3 -6 -11
right_child=1 2 6 5 9 -7 -8 -9 -10 10 -12
leaf_value=-4.7467682490691889e-05 -3.884546453388726e-05 2.0133360007549845e-05 0.0042657942677660635 -3.014517520842801e-05 -0.00012271837541134707 -6.4805553281865505e-07 0.00049178193459507586 4.3052427948384609e-06 -5.1329263488873999e-06 0.002860347794631637 -1.7624925593601645e-05
leaf_weight=125016 271032 1545970 7.9999999999999991 229672 55904 1033037 2433 1166 281538 51 138
leaf_count=125016 271032 1545970 8 229672 55904 1033037 2433 1166 281538 51 138
internal_value=4.22642e-08 3.80389e-06 7.54042e-06 7.14676e-06 -6.98407e-05 -6.0139e-06 0.000344463 3.82891e-05 1.62405e-05 -0.000119688 0.000767698
internal_weight=3.54596e+06 3.36486e+06 3.09382e+06 3.09022e+06 181109 1.26271e+06 3607 1174 1.82751e+06 56093 189
internal_count=3545965 3364856 3093824 3090217 181109 1262709 3607 1174 1827508 56093 189
is_linear=0
shrinkage=0.00523217


Tree=84
num_leaves=12
num_cat=0
split_feature=0 18 5 18 3 0 22 2 5 0 15
split_gain=43.5201 18.5807 19.6129 16.4013 8.00306 8.33083 15.6175 7.57731 6.13345 5.81719 5.80025
threshold=-3.4376008510589595 -1.2885944247245786 inf 0.33137281239032751 -1.9902090430259702 -0.07906309142708777 0.69054695963859569 0.416028842329979 2.056462407112122 -5.3024020195007315 0.05258485488593579
decision_type=2 10 8 8 10 2 10 10 8 2 2
left_child=9 -2 3 7 5 6 -4 -3 -5 -1 -7
right_child=1 2 4 8 -6 10 -8 -9 -10 -11 -12
leaf_value=-0.00023132620265785554 -3.8756219011713644e-05 2.1401312401823178e-05 0.0010374265571144719 -6.9776200851674421e-06 0.00010390141287711402 0.0024548915498462756 0.0061493927764267615 -4.4420700430441948e-07 -5.7823886143435992e-05 -0.00010797413353145149 0.00046525253175249846
leaf_weight=12987 274659 1399924 94 1100441 1721 40 19 630294 69025 54304 2102
leaf_count=12987 274659 1399924 94 1100441 1721 40 19 630294 69025 54304 2102
internal_value=-5.70488e-09 2.54371e-06 6.08473e-06 5.62806e-06 0.000373282 0.000578353 0.00195875 1.46188e-05 -9.97944e-06 -0.000131796 0.000504115
internal_weight=3.54561e+06 3.47832e+06 3.20366e+06 3.19968e+06 3976 2255 113 2.03022e+06 1.16947e+06 67291 2142
internal_count=3545610 3478319 3203660 3199684 3976 2255 113 2030218 1169466 67291 2142
is_linear=0
shrinkage=0.00523217


Tree=85
num_leaves=12
num_cat=0
split_feature=5 5 17 21 12 2 13 16 13 12 19
split_gain=18.2026 16.2003 14.0907 19.1756 35.1784 11.5319 9.05255 6.90274 5.63571 4.80839 4.43122
threshold=inf 2.2705109119415288 2.6379681825637822 0.1838769465684891 -3.2763303518295284 0.10301411151885988 0.87117621302604686 -0.0064423980657011262 0.62705522775650036 1.5716434717178347 -0.76567640900611866
decision_type=8 8 2 2 10 8 8 2 10 8 8
left_child=1 5 7 4 -4 9 -7 -2 -3 -1 -8
right_child=2 8 3 -5 -6 6 10 -9 -10 -11 -12
leaf_value=1.0527192910962216e-05 4.3941567696890587e-05 -3.2209185870407366e-05 -0.0005622823402473779 0.0012248616981429957 0.015218574585752931 -6.7044189799142667e-07 9.1318205476837712e-06 0.00047359980490288366 -0.00010527143214986976 0.00010673172729793541 -3.5142926026860556e-05
leaf_weight=1688895 1733 78596 7 62 6.9999999999999982 1260192 73899 2516 45756 14344 379725
leaf_count=1688895 1733 78596 7 62 7 1260192 73899 2516 45756 14344 379725
internal_value=-2.38963e-08 -4.38466e-07 0.000339156 0.00255638 0.00784577 1.69611e-06 -7.88575e-06 0.000298609 -5.91e-05 1.13379e-05 -2.79284e-05
internal_weight=3.54573e+06 3.54141e+06 4325 76 14 3.41706e+06 1.71382e+06 4249 124352 1.70324e+06 453624
internal_count=3545732 3541407 4325 76 14 3417055 1713816 4249 124352 1703239 453624
is_linear=0
shrinkage=0.00523217


Tree=86
num_leaves=12
num_cat=0
split_feature=0 18 23 18 6 3 2 0 2 0 24
split_gain=43.5006 18.2939 19.1758 16.2049 10.4087 7.86207 7.36554 6.34199 16.3373 5.96469 5.7996
threshold=-3.4376008510589595 -1.2885944247245786 inf 0.33137281239032751 -0.80748629570007313 -1.9902090430259702 0.49817486107349401 -0.07906309142708777 2.2468367815017705 -5.3024020195007315 -0.72165545821189869
decision_type=2 10 8 8 2 10 10 2 8 2 10
left_child=9 -2 3 6 -5 7 -3 8 -4 -1 -9
right_child=1 2 5 4 -6 -7 -8 10 -10 -11 -12
leaf_value=-0.00023241487406100133 -3.8420128344772616e-05 2.0692094338197137e-05 0.00018076065146331908 -4.3506421117809094e-05 -2.6549311392279859e-06 0.00010765982504453351 -1.6071429388648949e-06 0.00022503603301047019 0.0037753919661114564 -0.00010758265105770098 0.0007705197769281646
leaf_weight=13003 274743 1470372 87 207612 961740 1853 559819 1090 57 54347 1057
leaf_count=13003 274743 1470372 87 207612 961740 1853 559819 1090 57 54347 1057
internal_value=2.77953e-09 2.55309e-06 6.06715e-06 5.60615e-06 -9.90861e-06 0.000361706 1.45428e-05 0.000566672 0.00162832 -0.000131699 0.000494236
internal_weight=3.54578e+06 3.47843e+06 3.20369e+06 3.19954e+06 1.16935e+06 4144 2.03019e+06 2291 144 67350 2147
internal_count=3545780 3478430 3203687 3199543 1169352 4144 2030191 2291 144 67350 2147
is_linear=0
shrinkage=0.00523217


Tree=87
num_leaves=12
num_cat=0
split_feature=0 23 17 21 12 0 17 15 16 15 12
split_gain=42.7457 17.7715 14.2142 18.7904 34.8365 10.7303 8.46054 6.36738 6.588 6.04229 5.89975
threshold=-2.8001056909561153 inf 2.6379681825637822 0.1838769465684891 -3.2763303518295284 0.34864777326583868 0.72629758715629589 -1.4144284725189207 -0.0064423980657011262 0.096431676298379912 1.1350666880607607
decision_type=2 8 2 2 10 2 2 2 2 2 8
left_child=6 5 7 4 -4 10 -1 -3 -9 -10 -2
right_child=1 2 3 -5 -6 -7 -8 8 9 -11 -12
leaf_value=-6.6128662085860991e-05 -6.6724071044767264e-06 0.0049117987390781956 -0.00056321448408770355 0.0012362043806811317 0.015139740348397756 1.373113562145074e-05 -0.00016584624038551036 4.4118266955244375e-05 0.0011610861568292043 0.00036310418202572625 4.4079181098332357e-05
leaf_weight=53459 1981486 6.9999999999999991 7 61 6.9999999999999982 1400249 41336 1833 294 2275 64749
leaf_count=53459 1981486 7 7 61 7 1400249 41336 1833 294 2275 64749
internal_value=-1.14258e-08 2.99926e-06 0.000332134 0.00257455 0.00780278 2.5707e-06 -0.000109621 0.000293127 0.000284283 0.000455231 -5.06606e-06
internal_weight=3.54576e+06 3.45097e+06 4484 75 14 3.44648e+06 94795 4409 4402 2569 2.04624e+06
internal_count=3545763 3450968 4484 75 14 3446484 94795 4409 4402 2569 2046235
is_linear=0
shrinkage=0.00523217


Tree=88
num_leaves=12
num_cat=0
split_feature=23 5 3 20 15 10 20 15 22 22 3
split_gain=16.8406 15.6767 9.85552 9.07728 6.93105 6.73547 6.19509 8.83208 5.42582 18.7736 4.4981
threshold=inf 2.2705109119415288 -1.9902090430259702 2.3664746284484868 -1.5218181014060972 0.90664997696876537 2.3664746284484868 0.079433333128690733 0.32540991902351385 0.34290033578872686 -2.0724811553955074
decision_type=8 10 10 10 2 10 8 2 10 10 10
left_child=1 3 6 5 -4 -1 -2 -8 -9 -10 -3
right_child=2 10 4 -5 -6 -7 7 8 9 -11 -12
leaf_value=6.5303907641539247e-06 0.00015471652694847981 -0.00013412101747025328 0.0048779390754752341 -5.4034367484371009e-05 5.1937887569035589e-05 -1.2747515074668625e-05 0.0029553831692675481 0.0004735392768773137 0.0038589235362923983 0.00072385152089156335 -4.5043773455786162e-05
leaf_weight=2732413 719 18192 6.9999999999999991 78095 2215 606206 47 1098 60 376 106142
leaf_count=2732413 719 18192 7 78095 2215 606206 47 1098 60 376 106142
internal_value=3.26923e-08 -3.74625e-07 0.000319085 1.72523e-06 7.00879e-05 3.02978e-06 0.00055913 0.000742286 0.000671733 0.00116639 -5.80848e-05
internal_weight=3.54557e+06 3.54105e+06 4522 3.41671e+06 2222 3.33862e+06 2300 1581 1534 436 124334
internal_count=3545570 3541048 4522 3416714 2222 3338619 2300 1581 1534 436 124334
is_linear=0
shrinkage=0.00523217


Tree=89
num_leaves=12
num_cat=0
split_feature=0 18 23 11 18 2 2 20 2 20 11
split_gain=42.3819 18.2056 18.8608 23.2483 16.2747 14.0509 118.174 8.98821 7.28359 7.81847 7.01511
threshold=-3.4376008510589595 -1.2686691880226133 inf 3.6365702152252202 0.33137281239032751 1.5130712985992434 1.4226875901222231 0.72501611709594738 0.49817486107349401 -0.15245480835437772 1.7449399232864382
decision_type=2 10 8 8 8 10 8 8 8 8 10
left_child=-1 -2 4 10 8 6 -5 -6 9 -3 -4
right_child=1 2 3 5 7 -7 -8 -9 -10 -11 -12
leaf_value=-0.00012999195010145786 -3.7195363091621296e-05 9.5589155189425908e-06 0.00019158641590465779 0.0016169359132125651 -2.2422045183112257e-06 0.00069776641654992124 0.021461231119606874 -3.7500099271008362e-05 -1.4330502127160977e-06 3.3844827823226889e-05 0.00085897102145255884
leaf_weight=67349 289608 782705 3455 82 917013 89 7.9999999999999991 252440 555895 676777 493
leaf_count=67349 289608 782705 3455 82 917013 89 8 252440 555895 676777 493
internal_value=6.41992e-09 2.52361e-06 6.13099e-06 0.000359563 5.67262e-06 0.00219827 0.00364502 -9.85375e-06 1.46824e-05 2.08211e-05 0.00027536
internal_weight=3.54591e+06 3.47856e+06 3.18896e+06 4127 3.18483e+06 179 90 1.16945e+06 2.01538e+06 1.45948e+06 3948
internal_count=3545914 3478565 3188957 4127 3184830 179 90 1169453 2015377 1459482 3948
is_linear=0
shrinkage=0.00523217


Tree=90
num_leaves=12
num_cat=0
split_feature=6 23 23 17 7 12 9 19 15 3 15
split_gain=32.9017 10.399 9.52152 9.20248 9.59869 8.62171 8.55427 7.27771 5.24988 5.77998 4.50453
threshold=-1.519222557544708 inf inf 2.6379681825637822 2.4116008281707768 1.2648106813430788 0.41056887805461889 -1.5594670772552488 -1.5218181014060972 -1.3022364974021909 -0.096119448542594896
decision_type=2 8 8 2 10 8 10 10 2 10 2
left_child=2 5 6 8 -5 10 -1 -7 -3 -10 -2
right_child=1 3 -4 4 -6 7 -8 -9 9 -11 -12
leaf_value=-4.2482420308296059e-05 -3.8219190678363896e-06 0.0042115246352908064 0.00056864298654745458 0.00021653621647075446 0.0065191052804632194 0.00024752186314804648 -0.00011379343880102645 4.1590904686633807e-05 0.00039088212181112071 -3.6648615828928541e-05 8.5546578772574531e-06
leaf_weight=157108 1621273 7.9999999999999991 653 14 12 4946 65186 94093 2513 1315 1598905
leaf_count=157108 1621273 8 653 14 12 4946 65186 94093 2513 1315 1598905
internal_value=-9.62222e-09 4.11827e-06 -6.15401e-05 0.000275424 0.00331195 3.80226e-06 -6.33979e-05 5.1886e-05 0.000253619 0.00024384 2.32314e-06
internal_weight=3.54603e+06 3.32308e+06 222947 3862 26 3.31922e+06 222294 99039 3836 3828 3.22018e+06
internal_count=3546026 3323079 222947 3862 26 3319217 222294 99039 3836 3828 3220178
is_linear=0
shrinkage=0.00523217


Tree=91
num_leaves=12
num_cat=0
split_feature=1 23 17 24 24 1 3 12 3 17 3
split_gain=40.4117 17.005 13.9691 10.1171 10.1185 8.61207 7.72756 7.21365 6.39689 6.15518 5.59551
threshold=1.9361078143119814 inf 2.6379681825637822 0.1212986819446087 -0.080570619553327547 1.0717457532882693 -3.5708566904067989 1.4033953547477724 -1.9902090430259702 0.45494429767131811 1.2220373749732973
decision_type=2 8 2 10 10 2 10 8 10 2 8
left_child=1 5 8 4 6 7 -4 -1 -3 -2 -7
right_child=9 2 3 -5 -6 10 -8 -9 -10 -11 -12
leaf_value=4.8676014184445632e-06 -5.2948771333798559e-05 0.00048432436677192686 0.00072675788343964812 -0.00026435418492368364 0.0092631579593215 -2.4510882827920113e-05 0.0050669145743168264 6.7689357680789306e-05 8.4134492900240484e-05 -0.00012363086102110623 0.00011887822553372776
leaf_weight=3003183 66625 2219 26 24 6.9999999999999991 344580 20 50887 2167 68429 7612
leaf_count=3003183 66625 2219 26 24 7 344580 20 50887 2167 68429 7612
internal_value=-2.24865e-09 3.51241e-06 0.000326226 0.00252001 0.00377394 3.08924e-06 0.00271047 5.91463e-06 0.000286861 -8.87686e-05 -2.14091e-05
internal_weight=3.54578e+06 3.41072e+06 4463 77 53 3.40626e+06 46 3.05407e+06 4386 135054 352192
internal_count=3545779 3410725 4463 77 53 3406262 46 3054070 4386 135054 352192
is_linear=0
shrinkage=0.00523217


Tree=92
num_leaves=12
num_cat=0
split_feature=1 5 11 12 9 2 9 2 12 2 3
split_gain=39.6524 16.556 21.8115 15.4191 31.4661 147.68 9.26043 7.45917 7.4087 6.60765 6.53745
threshold=1.7767818570137026 inf 2.4816024303436284 -2.2578574419021602 0.46126352250576025 1.5908621549606325 0.33426210284233099 1.0436441302299502 1.2648106813430788 0.031856890767812736 -2.1600486040115352
decision_type=2 8 10 10 10 10 10 10 8 10 10
left_child=1 8 -3 4 -4 -6 -2 10 9 -1 -5
right_child=6 2 3 7 5 -7 -8 -9 -10 -11 -12
leaf_value=9.9325067325688094e-06 -4.680684265118811e-05 0.00020953761897013181 0.0005372478981355757 0.0030752231394724533 0.024035176209314918 0.0015744579866780086 -0.00012492248802740158 0.00017974257538727221 4.8351527044850428e-05 -4.9587252211145726e-06 0.00052936476014933469
leaf_weight=1575954 109499 3930 57 60 8.9999999999999982 39 66998 175 98189 1690971 53
leaf_count=1575954 109499 3930 57 60 9 39 66998 175 98189 1690971 53
internal_value=-1.75409e-08 3.98668e-06 0.000327529 0.00150124 0.0032101 0.0062786 -7.64646e-05 0.000864867 3.57068e-06 2.22451e-06 0.00190602
internal_weight=3.54593e+06 3.36944e+06 4323 393 105 48 176497 288 3.36511e+06 3.26692e+06 113
internal_count=3545934 3369437 4323 393 105 48 176497 288 3365114 3266925 113
is_linear=0
shrinkage=0.00523217


Tree=93
num_leaves=12
num_cat=0
split_feature=6 5 5 17 7 12 19 6 13 19 3
split_gain=31.9921 10.4135 9.35879 9.06742 9.41098 8.3477 8.57239 8.23877 7.57939 6.83515 6.41173
threshold=-1.519222557544708 inf inf 2.6379681825637822 2.4116008281707768 1.3027553558349612 3.5918902158737187 -2.9120939970016475 0.87117621302604686 -1.4874551892280576 0.37157800793647772
decision_type=2 8 8 2 10 8 8 2 8 10 8
left_child=2 5 7 -3 -5 8 9 -1 -2 -7 -10
right_child=1 3 -4 4 -6 6 -8 -9 10 -11 -12
leaf_value=-0.00010971566565873794 6.1050704672234608e-06 0.00025987203818257035 0.00056700547438074246 0.00012018745056236377 0.0064702069967252892 0.00022941037389390901 0.0054112352268099158 -4.1001894429579842e-05 -2.8423581134226802e-05 4.181042925563155e-05 8.1454275583356285e-06
leaf_weight=69537 2669248 3656 647 13 12 5700 6.9999999999999991 152808 357362 79420 207400
leaf_count=69537 2669248 3656 647 13 12 5700 7 152808 357362 79420 207400
internal_value=4.12927e-09 4.0757e-06 -6.06627e-05 0.00028217 0.00335337 3.76695e-06 5.49104e-05 -6.24958e-05 2.42046e-06 5.43854e-05 -1.49928e-05
internal_weight=3.54581e+06 3.32282e+06 222992 3681 25 3.31914e+06 85127 222345 3.23401e+06 85120 564762
internal_count=3545810 3322818 222992 3681 25 3319137 85127 222345 3234010 85120 564762
is_linear=0
shrinkage=0.00523217


Tree=94
num_leaves=12
num_cat=0
split_feature=0 1 3 0 0 19 8 17 17 17 13
split_gain=40.9332 14.2211 6.88054 6.40224 5.85159 5.74517 4.4745 9.3364 3.57444 3.36253 2.8315
threshold=-3.4376008510589595 1.3720049262046816 1.3083972930908205 0.65677529573440563 -5.3024020195007315 -1.6857659816741941 inf 2.4178545475006108 0.44403727352619177 1.0860116481781008 0.87117621302604686
decision_type=2 2 10 2 2 8 8 2 2 2 8
left_child=4 3 8 5 -1 -2 10 -8 -3 -6 -7
right_child=1 2 -4 -5 9 6 7 -9 -10 -11 -12
leaf_value=-0.00022757836817889591 0.00012667711222514092 -2.1424340552257937e-05 0.00018454631303584424 2.1541625851770584e-05 -7.6399121086339995e-05 3.8596260085608838e-06 0.00017181334154223871 0.0049634866945808091 -6.11752717602899e-05 -0.00016561134858490901 -1.0255460176210166e-05
leaf_weight=12995 10088 145942 3848 558590 37605 2175031 3540 9.9999999999999982 107691 16749 473793
leaf_count=12995 10088 145942 3848 558590 37605 2175031 3540 10 107691 16749 473793
internal_value=-2.75364e-08 2.44583e-06 -3.49713e-05 5.4371e-06 -0.000127785 2.05803e-06 1.5837e-06 0.000187185 -3.83057e-05 -0.000103907 1.33457e-06
internal_weight=3.54588e+06 3.47853e+06 257481 3.22105e+06 67349 2.66246e+06 2.65237e+06 3550 253633 54354 2.64882e+06
internal_count=3545882 3478533 257481 3221052 67349 2662462 2652374 3550 253633 54354 2648824
is_linear=0
shrinkage=0.00523217


Tree=95
num_leaves=12
num_cat=0
split_feature=0 23 17 21 12 1 12 0 17 15 16
split_gain=40.4747 16.1836 14.0438 18.2478 34.0955 13.8594 6.9788 6.07566 5.87944 5.82646 6.12688
threshold=-3.4376008510589595 inf 2.6379681825637822 0.1838769465684891 -3.2763303518295284 1.3423411846160891 1.4033953547477724 0.43209046125411993 1.2628573775291445 -1.4642918705940244 -0.0064423980657011262
decision_type=2 8 2 2 10 2 8 2 2 2 2
left_child=8 5 9 4 -4 6 7 -2 -1 -3 -11
right_child=1 2 3 -5 -6 -7 -8 -9 -10 10 -12
leaf_value=-9.6911761169356312e-05 -1.2662541057317794e-06 0.0046955098976825468 -0.00058059301339221726 0.0012301290508453225 0.014950072950327895 -3.3879737561060728e-05 6.4411430677352604e-05 1.3956223249427786e-05 -0.00020649054326394941 3.801293274478999e-05 0.00043382098073700524
leaf_weight=48867 2042994 6.9999999999999991 7 62 6.9999999999999982 271011 53381 1106466 18505 1843 2570
leaf_count=48867 2042994 7 7 62 7 271011 53381 1106466 18505 1843 2570
internal_value=-6.72464e-09 2.45329e-06 0.000316122 0.00253029 0.0076912 2.04699e-06 5.08722e-06 4.08144e-06 -0.000127025 0.000277202 0.000268756
internal_weight=3.54572e+06 3.47835e+06 4496 76 14 3.47385e+06 3.20284e+06 3.14946e+06 67372 4420 4413
internal_count=3545720 3478348 4496 76 14 3473852 3202841 3149460 67372 4420 4413
is_linear=0
shrinkage=0.00523217


Tree=96
num_leaves=12
num_cat=0
split_feature=0 23 11 15 2 2 1 11 14 10 17
split_gain=40.126 16.4776 23.5056 15.242 30.8291 110.014 13.6734 7.27858 8.97782 8.56087 7.37144
threshold=-3.4376008510589595 inf 3.6365702152252202 0.13067650794982913 1.5503480434417727 1.3729459643363955 1.3720049262046816 1.7449399232864382 -0.45165406167507166 -1.3647570610046384 2.6379681825637822
decision_type=2 8 8 2 10 8 2 10 2 10 2
left_child=-1 6 7 4 5 -4 -2 10 -9 -10 -3
right_child=1 2 3 -5 -6 -7 -8 8 9 -11 -12
leaf_value=-0.00012649967471635933 4.99530220281715e-06 0.00013588885999433095 0.002886745309061454 -0.00016828377417797534 0.00094074338570342402 0.023888915283159978 -3.4637220645669576e-05 0.00055996448455311967 0.0061319527895642902 0.0015418581718578571 0.0020989414885798324
leaf_weight=67319 3216761 3771 45 53 74 6.9999999999999991 257371 434 13.999999999999998 50 52
leaf_count=67319 3216761 3771 45 53 74 7 257371 434 14 50 52
internal_value=2.04122e-08 2.46912e-06 0.000318832 0.00217106 0.00315381 0.00619716 2.059e-06 0.000241344 0.000835974 0.00265125 0.000163441
internal_weight=3.54595e+06 3.47863e+06 4500 179 126 52 3.47413e+06 4321 498 64 3823
internal_count=3545951 3478632 4500 179 126 52 3474132 4321 498 64 3823
is_linear=0
shrinkage=0.00523217


Tree=97
num_leaves=12
num_cat=0
split_feature=1 18 18 6 6 1 11 11 19 3 19
split_gain=38.3282 18.1416 13.3232 7.56404 7.5591 5.4853 7.32357 4.13122 4.10804 4.05399 3.76914
threshold=1.9361078143119814 -1.2686691880226133 0.17796008288860324 -3.1858464479446407 -0.72477844357490528 -1.5156638622283933 3.3408535718917851 1.3728753924369814 -1.5594670772552488 1.2220373749732973 -1.6857659816741941
decision_type=2 10 8 2 2 2 10 8 8 8 8
left_child=1 -1 7 -2 5 6 -4 10 9 -5 -3
right_child=3 2 4 8 -6 -7 -8 -9 -10 -11 -12
leaf_value=-3.6444508873823232e-05 -0.00015892303791072821 0.00014688113508570585 0.00010225657165326744 2.8561923140306669e-05 -3.5432514322396735e-08 -3.635534307437002e-05 0.00097150235864847004 4.1458781738594514e-05 -6.993874638556828e-05 0.00055775757985033602 1.3290547859758539e-05
leaf_weight=285952 30510 5802 1761 1550 1081348 216308 312 161747 102475 533 1657402
leaf_count=285952 30510 5802 1761 1550 1081348 216308 312 161747 102475 533 1657402
internal_value=2.08259e-08 3.4444e-06 7.09506e-06 -8.64219e-05 -5.70661e-06 -3.37845e-05 0.00023395 1.62128e-05 -6.52568e-05 0.000164598 1.37572e-05
internal_weight=3.5457e+06 3.41063e+06 3.12468e+06 135068 1.29973e+06 218381 2073 1.82495e+06 104558 2083 1.6632e+06
internal_count=3545700 3410632 3124680 135068 1299729 218381 2073 1824951 104558 2083 1663204
is_linear=0
shrinkage=0.00523217


Tree=98
num_leaves=12
num_cat=0
split_feature=0 18 23 18 1 18 1 22 15 0 15
split_gain=39.4714 17.9301 17.3263 15.7753 7.31335 6.85245 11.5232 7.42914 7.28865 6.5962 6.54656
threshold=-3.4376008510589595 -1.2686691880226133 inf 0.33137281239032751 1.0717457532882693 2.773471593856812 -1.0177420973777769 0.69054695963859569 0.05258485488593579 0.49443744122982031 -1.4642918705940244
decision_type=2 10 8 8 2 10 2 10 2 2 2
left_child=-1 -2 3 9 -5 10 8 -8 -7 -3 -4
right_child=1 2 5 4 -6 6 7 -9 -10 -11 -12
leaf_value=-0.00012543451237789468 -3.6943621244726881e-05 8.4084506236939988e-06 0.004672258190350654 -3.582052707395395e-06 -3.7797729416878214e-05 0.0023845741464926969 0.0014603265784477477 0.0066050529763099202 0.00040680320867829151 2.9229468795064651e-05 -2.388736289770582e-05
leaf_weight=67320 289563 1426874 6.9999999999999991 961600 208024 51 22 11.999999999999998 2872 588372 1181
leaf_count=67320 289563 1426874 7 961600 208024 51 22 12 2872 588372 1181
internal_value=4.83023e-08 2.47701e-06 6.05667e-06 5.61638e-06 -9.66822e-06 0.000344069 0.000478869 0.00345984 0.000442536 1.44878e-05 7.72459e-06
internal_weight=3.5459e+06 3.47858e+06 3.18902e+06 3.18487e+06 1.16962e+06 4145 2957 34 2923 2.01525e+06 1188
internal_count=3545898 3478578 3189015 3184870 1169624 4145 2957 34 2923 2015246 1188
is_linear=0
shrinkage=0.00523217


Tree=99
num_leaves=12
num_cat=0
split_feature=0 6 12 19 9 0 2 20 9 2 8
split_gain=39.0273 11.4316 8.12838 6.74165 6.25146 6.19916 3.98022 7.47944 3.79071 7.03875 3.5883
threshold=-3.4376008510589595 -1.3360087871551511 1.3027553558349612 -1.4874551892280576 0.33426210284233099 0.3572551310062409 -0.15435431897640225 -0.037472641095519059 inf -0.51813417673110951 inf
decision_type=2 2 8 10 10 2 8 8 8 10 8
left_child=4 -2 5 8 -1 6 7 -3 -4 -10 -8
right_child=1 2 3 -5 -6 -7 10 -9 9 -11 -12
leaf_value=-7.6312648371454722e-05 -3.4050160964367724e-05 -1.0188004691087913e-05 0.00022212023859451054 4.346601496046213e-05 -0.00017727379282024103 1.2294295352610334e-05 -8.7249066698554216e-06 2.4458908800404989e-05 0.0062108418908787977 0.00061771054373800421 0.00021605138715767458
leaf_weight=35061 220330 333984 5433 77541 32294 1307078 1183752 348567 6.9999999999999991 28 1946
leaf_count=35061 220330 333984 5433 77541 32294 1307078 1183752 348567 7 28 1946
internal_value=8.22772e-09 2.42379e-06 4.89043e-06 5.60021e-05 -0.000124734 3.554e-06 -2.56052e-06 7.50441e-06 0.00023358 0.00192489 -8.35511e-06
internal_weight=3.54602e+06 3.47867e+06 3.25834e+06 83009 67355 3.17533e+06 1.86825e+06 682551 5468 35 1.1857e+06
internal_count=3546021 3478666 3258336 83009 67355 3175327 1868249 682551 5468 35 1185698
is_linear=0
shrinkage=0.00523217


Tree=100
num_leaves=12
num_cat=0
split_feature=1 23 6 16 1 15 15 7 7 12 6
split_gain=37.5993 15.3844 9.61092 8.86977 7.37868 12.3557 9.94583 8.28594 7.18637 7.15086 5.58314
threshold=1.7302385568618777 inf -3.1858464479446407 -0.0064423980657011262 -1.6765897274017332 0.096431676298379912 0.12206269428133966 2.123250007629395 2.4116008281707768 1.4033953547477724 -1.3360087871551511
decision_type=2 8 2 2 2 2 2 10 10 8 2
left_child=1 9 -2 -3 5 7 -6 -5 -8 10 -1
right_child=2 3 -4 4 6 -7 8 -9 -10 -11 -12
leaf_value=-2.6673886868887469e-05 -0.00014886955608110945 3.2105528106048806e-05 -5.3671960179675442e-05 0.0027052054999415652 0.00047996047179799773 0.00024578666961220835 0.00094913777405178563 0.00019119416466795467 0.0028920199889164106 6.2170902662664961e-05 4.2292757312533218e-06
leaf_weight=168671 35786 1833 154178 97 338 1905 108 58 106 56194 3126595
leaf_count=168671 35786 1833 154178 97 338 1905 108 58 106 56194 3126595
internal_value=0 4.05379e-06 -7.16106e-05 0.000311623 0.000507367 0.000362432 0.00104487 0.00177819 0.00192583 3.64551e-06 2.64722e-06
internal_weight=3.54587e+06 3.3559e+06 189964 4445 2612 2060 552 155 214 3.35146e+06 3.29527e+06
internal_count=3545869 3355905 189964 4445 2612 2060 552 155 214 3351460 3295266
is_linear=0
shrinkage=0.00523217


Tree=101
num_leaves=12
num_cat=0
split_feature=0 5 17 6 15 10 0 19 8 17 8
split_gain=38.3914 15.5663 13.3395 12.0682 12.0291 9.13349 6.8997 6.87569 8.98653 5.7423 5.68801
threshold=-3.4376008510589595 inf 2.6379681825637822 -1.3360087871551511 0.12206269428133966 1.4128794074058535 0.43209046125411993 -1.6857659816741941 inf 0.77858111262321483 -2.0595211982727046
decision_type=2 8 2 2 2 8 2 10 8 2 10
left_child=9 3 -3 -2 -4 -6 7 8 -5 -1 -7
right_child=1 2 4 6 5 10 -8 -9 -10 -11 -12
leaf_value=-8.0881390393461861e-05 -3.5528634031256787e-05 0.00027608077039951545 0 0.00013329706641015187 0.0093342738639921059 0.0045159115842718011 1.5054119070773591e-05 -1.6113959318606182e-06 0.0056217171416126227 -0.00017827877142442264 0.000325706496944481
leaf_weight=37747 219592 4258 32 9689 7 23 1121273 2123827 6.9999999999999991 29610 14.999999999999998
leaf_count=37747 219592 4258 32 9689 7 23 1121273 2123827 7 29610 15
internal_value=8.24589e-09 2.40405e-06 0.000315698 2.01281e-06 0.00245891 0.00416729 4.54589e-06 -9.76343e-07 0.000138027 -0.000123711 0.0029421
internal_weight=3.54608e+06 3.47872e+06 4335 3.47439e+06 77 45 3.2548e+06 2.13352e+06 9696 67357 38
internal_count=3546080 3478723 4335 3474388 77 45 3254796 2133523 9696 67357 38
is_linear=0
shrinkage=0.00523217


Tree=102
num_leaves=12
num_cat=0
split_feature=6 23 11 14 20 24 12 20 6 11 5
split_gain=29.9807 11.3624 15.2643 17.1039 12.1203 14.2727 8.00963 6.45071 6.39514 5.42905 4.94202
threshold=-1.7519770860671995 inf 1.7449399232864382 -0.45165406167507166 2.6653616428375249 0.34327691793441778 1.1572025418281557 2.3664746284484868 -3.5599991083145137 1.4762852191925051 inf
decision_type=2 8 8 2 8 10 8 10 2 10 8
left_child=8 6 -3 -4 -5 -6 7 9 -1 -2 -10
right_child=1 2 3 4 5 -7 -8 -9 10 -11 -12
leaf_value=-0.00012210172541911459 5.8190400681362937e-07 0.00016064316462804809 0.00077376511052261834 0.00044939043796935548 0.0090892444272583084 0.0025238867628428661 3.9993775786500247e-05 -4.8362530967864554e-05 -5.0148479534633412e-05 2.7045609914604684e-05 0.00053637121112146298
leaf_weight=42119 2908014 3455 433 21 15.999999999999998 23 154354 69740 138497 228932 393
leaf_count=42119 2908014 3455 433 21 16 23 154354 69740 138497 228932 393
internal_value=-1.94082e-08 3.50889e-06 0.000283996 0.00114439 0.00373931 0.00542549 3.17908e-06 1.40674e-06 -6.56151e-05 2.51347e-06 -4.84785e-05
internal_weight=3.546e+06 3.36499e+06 3948 493 60 39 3.36104e+06 3.20669e+06 181009 3.13695e+06 138890
internal_count=3545997 3364988 3948 493 60 39 3361040 3206686 181009 3136946 138890
is_linear=0
shrinkage=0.00523217


Tree=103
num_leaves=12
num_cat=0
split_feature=0 23 0 2 9 0 0 4 12 12 5
split_gain=37.7145 15.3257 10.6763 7.32057 6.14692 5.53865 5.14294 4.16917 3.91496 3.73334 5.65428
threshold=-3.4376008510589595 inf 0.34864777326583868 0.092891503125429167 0.34481431543827062 -1.5660279989242551 -0.033818898722529404 1.3069648146629336 1.2327845096588137 -0.46729789674282068 -0.015841159038245674
decision_type=2 8 2 10 10 2 2 8 8 10 8
left_child=4 2 3 8 -1 -5 7 9 -2 10 -3
right_child=1 6 -4 5 -6 -7 -8 -9 -10 -11 -12
leaf_value=-7.5023240717282685e-05 4.1656780358075407e-06 0.0049353615131467986 1.3198533115473113e-05 -4.9819618385652748e-05 -0.00017518796277331687 -1.047123193721149e-05 4.2169895852201512e-05 -3.7197790283423286e-05 8.0293111435219503e-05 -3.3534499551727222e-05 0.00055978788886073844
leaf_weight=35383 876836 7 1400343 107811 31963 1070108 1390 452 18892 309 2344
leaf_count=35383 876836 7 1400343 107811 31963 1070108 1390 452 18892 309 2344
internal_value=5.78122e-08 2.43237e-06 2.03673e-06 -5.5005e-06 -0.000122576 -1.40734e-05 0.00030747 0.000425649 5.7723e-06 0.000504582 0.000575631
internal_weight=3.54584e+06 3.47849e+06 3.47399e+06 2.07365e+06 67346 1.17792e+06 4502 3112 895728 2660 2351
internal_count=3545838 3478492 3473990 2073647 67346 1177919 4502 3112 895728 2660 2351
is_linear=0
shrinkage=0.00523217


Tree=104
num_leaves=12
num_cat=0
split_feature=0 18 18 0 0 2 1 18 11 3 13
split_gain=37.2781 17.9073 12.9171 7.59442 6.47224 5.85076 5.83658 10.0431 13.9425 4.01018 3.76453
threshold=-2.8001056909561153 -1.2686691880226133 0.26527033746242529 -5.3024020195007315 0.65677529573440563 0.48005683720111852 0.76439565420150768 2.773471593856812 2.4816024303436284 1.155367434024811 0.87117621302604686
decision_type=2 10 8 2 2 8 2 8 10 8 10
left_child=3 -2 4 -1 5 -3 7 -4 -9 -8 -7
right_child=1 2 6 -5 -6 10 9 8 -10 -11 -12
leaf_value=-0.00021986238589883757 -3.664627087435821e-05 1.7111019171694461e-05 -1.8399572859021542e-06 -8.3630797549719339e-05 3.5904452824879339e-05 4.259371647142169e-06 -2.9662975087905637e-05 0.00012944128873546275 0.00099489206684699261 0.00010992931667037113 -2.8429500390503296e-05
leaf_weight=12990 288079 1117155 921515 81851 331537 355512 292609 6153 555 5741 132333
leaf_count=12990 288079 1117155 921515 81851 331537 355512 292609 6153 555 5741 132333
internal_value=3.3244e-08 2.84572e-06 6.44271e-06 -0.000102301 1.48576e-05 1.05095e-05 -6.84219e-06 -3.70598e-07 0.000201328 -2.69738e-05 -4.60622e-06
internal_weight=3.54603e+06 3.45119e+06 3.16311e+06 94841 1.93654e+06 1.605e+06 1.22657e+06 928223 6708 298350 487845
internal_count=3546030 3451189 3163110 94841 1936537 1605000 1226573 928223 6708 298350 487845
is_linear=0
shrinkage=0.00523217


Tree=105
num_leaves=12
num_cat=0
split_feature=0 18 5 11 18 2 2 20 0 0 2
split_gain=37.0323 17.7583 16.2998 19.8349 14.875 14.6214 57.7928 7.62218 7.39671 6.96761 13.3241
threshold=-2.8001056909561153 -1.2163285613059995 inf 2.4816024303436284 0.26527033746242529 1.5503480434417727 1.4501757621765139 0.72501611709594738 -5.3024020195007315 -0.071050569415092454 2.2468367815017705
decision_type=2 10 8 10 10 10 10 10 2 2 10
left_child=8 -2 4 9 -3 6 -5 -6 -1 10 -4
right_child=1 2 3 5 7 -7 -8 -9 -10 -11 -12
leaf_value=-0.00021789291873396471 -3.3707176093733773e-05 1.5412461366546266e-05 0.0002005581272504778 0.0014659038144430635 -1.3742681342159559e-06 0.00039512942248401444 0.010614997415411814 -3.3768847715857267e-05 -8.3551124542501868e-05 0.00015235893762238038 0.0026971250666596868
leaf_weight=13014 329926 1894344 177 186 972919 190 20 249931 81843 3314 87
leaf_count=13014 329926 1894344 177 186 972919 190 20 249931 81843 3314 87
internal_value=-5.52636e-09 2.79752e-06 6.65655e-06 0.000341485 6.2293e-06 0.00145119 0.00241353 -7.99589e-06 -0.000101993 0.000218004 0.00103467
internal_weight=3.54595e+06 3.45109e+06 3.12117e+06 3974 3.11719e+06 396 206 1.22285e+06 94857 3578 264
internal_count=3545951 3451094 3121168 3974 3117194 396 206 1222850 94857 3578 264
is_linear=0
shrinkage=0.00523217


Tree=106
num_leaves=12
num_cat=0
split_feature=0 23 11 7 2 2 0 17 17 0 11
split_gain=36.6568 15.3736 22.8535 23.0416 57.5886 76.2494 9.65954 7.791 7.28061 8.64246 7.15206
threshold=-2.8001056909561153 inf 3.6365702152252202 1.4395825862884524 1.6372857093811037 1.2690132856369021 0.34864777326583868 0.72629758715629589 2.6379681825637822 -0.055974148213863366 1.7449399232864382
decision_type=2 8 8 8 10 8 2 2 2 2 10
left_child=7 6 8 -4 5 -5 -2 -1 10 -10 -3
right_child=1 2 3 4 -6 -7 -8 -9 9 -11 -12
leaf_value=-5.9744959831440168e-05 -4.8324942036703251e-06 0.0001277175727811903 0.00060746717666057472 0.0029425097856880804 0.0012365531635193491 0.02304411077978797 1.3002120492506057e-05 -0.00015542202790688278 0.0035235424884803371 -0.00032725609497984365 0.00080277790831491912
leaf_weight=53492 2046299 3756 109 12.999999999999998 49 8.0000000000000018 1400228 41337 38 26 485
leaf_count=53492 2046299 3756 109 13 49 8 1400228 41337 38 26 485
internal_value=2.26847e-08 2.8116e-06 0.000308937 0.00213515 0.0044531 0.0114563 2.41298e-06 -0.000101462 0.000232252 0.00196927 0.000205309
internal_weight=3.54584e+06 3.45101e+06 4484 179 70 21 3.44653e+06 94829 4305 64 4241
internal_count=3545840 3451011 4484 179 70 21 3446527 94829 4305 64 4241
is_linear=0
shrinkage=0.00523217


Tree=107
num_leaves=12
num_cat=0
split_feature=1 23 6 3 1 12 21 2 3 2 20
split_gain=35.5198 14.1906 10.8554 8.98055 7.93121 6.69641 6.69366 5.80177 5.64172 5.44907 7.05212
threshold=1.5700608491897585 inf -2.9120939970016475 -1.9902090430259702 -1.6765897274017332 1.4033953547477724 0.56371897459030162 1.7573624253273012 1.2220373749732973 0.031856890767812736 -0.49721285700798029
decision_type=2 8 2 10 2 8 2 10 10 8 8
left_child=1 5 -2 4 6 9 7 -3 -4 10 -1
right_child=2 3 8 -5 -6 -7 -8 -9 -10 -11 -12
leaf_value=-4.2682270498351044e-06 -0.00013324392063890779 0.00094130802858183088 -4.8630354302541041e-05 5.6972289440098594e-05 0.0011683026605716629 6.1205793434575129e-05 -7.0153538860597247e-05 0.00022331282157853747 0.00012933463748885025 -3.5191908656741297e-06 1.8574658225401988e-05
leaf_weight=590207 46184 648 192148 2145 431 55218 607 595 5000 1661201 991340
leaf_count=590207 46184 648 192148 2145 431 55218 607 595 5000 1661201 991340
internal_value=-2.59109e-08 4.46908e-06 -6.1033e-05 0.000300495 0.000528999 4.07145e-06 0.000378974 0.000598802 -4.4112e-05 3.09829e-06 1.00496e-05
internal_weight=3.54572e+06 3.30239e+06 243332 4426 2281 3.29797e+06 1850 1243 197148 3.24275e+06 1.58155e+06
internal_count=3545724 3302392 243332 4426 2281 3297966 1850 1243 197148 3242748 1581547
is_linear=0
shrinkage=0.00523217


Tree=108
num_leaves=12
num_cat=0
split_feature=1 5 1 19 1 22 13 7 20 14 19
split_gain=34.72 14.3277 7.31352 6.76921 12.5511 8.25911 5.48858 6.33567 5.07156 4.46361 3.92075
threshold=1.7302385568618777 inf 2.3091590404510502 2.5313324928283696 -1.0177420973777769 0.69054695963859569 0.87117621302604686 inf 1.9625731110572817 -1.3550777435302732 -1.6857659816741941
decision_type=2 8 2 10 2 10 10 8 10 2 8
left_child=1 6 -2 -3 8 -6 7 10 -5 -10 -1
right_child=2 3 -4 4 5 -7 -8 -9 9 -11 -12
leaf_value=0.0001071174249191704 -4.5004684048772498e-05 3.9216257139704066e-05 -0.00011311847637550878 -0.00012067238603568493 0.0015601870559802623 0.0074385900315539375 -1.1321118180591895e-05 0.0037799271760581548 0.00040845702385275932 0.001000634644977695 6.1377695881090692e-06
leaf_weight=10566 123592 1640 66363 391 19.000000000000004 9.9999999999999982 566984 10.999999999999998 1834 434 2774012
leaf_count=10566 123592 1640 66363 391 19 10 566984 11 1834 434 2774012
internal_value=9.92667e-09 3.90539e-06 -6.88058e-05 0.000304714 0.000466312 0.00382576 3.51659e-06 6.53807e-06 0.000427687 0.000522591 6.52127e-06
internal_weight=3.54586e+06 3.3559e+06 189955 4328 2688 29 3.35157e+06 2.78459e+06 2659 2268 2.78458e+06
internal_count=3545856 3355901 189955 4328 2688 29 3351573 2784589 2659 2268 2784578
is_linear=0
shrinkage=0.00523217


Tree=109
num_leaves=12
num_cat=0
split_feature=0 18 23 18 20 0 3 1 2 12 4
split_gain=35.8221 17.5024 16.0146 14.6552 7.53264 7.2993 6.98425 7.49326 6.29686 6.1176 5.68291
threshold=-2.8001056909561153 -1.2163285613059995 inf 0.26527033746242529 0.72501611709594738 -5.3024020195007315 -1.9902090430259702 -1.6765897274017332 1.5503480434417727 0.89649671316146862 -2.2216066122055049
decision_type=2 10 8 8 10 2 10 2 10 8 10
left_child=5 -2 3 9 -5 -1 7 8 -4 -3 -9
right_child=1 2 6 4 -6 -7 -8 10 -10 -11 -12
leaf_value=-0.00021551360076687185 -3.3468121906257901e-05 1.1847466758492514e-05 0.0007551519669810211 -1.3687068007979461e-06 -3.357329304772185e-05 -8.1993057024536798e-05 9.1074017737821549e-05 0.001643099963450933 0.00012997615181065749 4.1018080170105112e-05 0.00042424239688006827
leaf_weight=12999 329999 1671217 733 972942 249913 81842 1829 256 1116 223121 182
leaf_count=12999 329999 1671217 733 972942 249913 81842 1829 256 1116 223121 182
internal_value=1.13517e-08 2.76827e-06 6.59961e-06 6.16863e-06 -7.95099e-06 -0.000100304 0.000332706 0.00052545 0.000378573 1.52837e-05 0.00114097
internal_weight=3.54615e+06 3.45131e+06 3.12131e+06 3.11719e+06 1.22286e+06 94841 4116 2287 1849 1.89434e+06 438
internal_count=3546149 3451308 3121309 3117193 1222855 94841 4116 2287 1849 1894338 438
is_linear=0
shrinkage=0.00523217


Tree=110
num_leaves=12
num_cat=0
split_feature=0 0 3 9 2 20 0 12 15 3 2
split_gain=35.4207 9.48807 8.42036 6.00859 5.96401 6.61105 5.6602 4.03428 3.98759 3.73726 3.22454
threshold=-3.4376008510589595 0.3529654741287232 1.5930637121200564 0.34481431543827062 0.031856890767812736 -0.066121395677328096 -1.5660279989242551 1.1793573498725893 -0.17866965383291242 0.56999278068542492 2.2468367815017705
decision_type=2 2 8 10 8 8 2 10 2 8 10
left_child=3 2 4 -1 5 -2 -6 -4 -7 -8 -3
right_child=1 10 7 -5 6 8 9 -9 -10 -11 -12
leaf_value=-7.1822914814830514e-05 -1.0435431441672881e-05 1.2747857201693049e-05 0.00011078859455105063 -0.00017084009807266808 -4.8718463892438653e-05 6.268223496213128e-06 -1.3542066366478904e-05 0.00044245407954297936 3.7952602397290008e-05 1.2183301980855422e-05 0.00041019407455540277
leaf_weight=35386 395388 1385645 8306 31977 109466 274686 937845 1144 180073 185074 558
leaf_count=35386 395388 1385645 8306 31977 109466 274686 937845 1144 180073 185074 558
internal_value=-8.6097e-09 2.29264e-06 -4.74151e-06 -0.00011884 -5.44903e-06 5.21089e-06 -1.28033e-05 0.000151075 1.88163e-05 -9.30141e-06 1.29088e-05
internal_weight=3.54555e+06 3.47818e+06 2.09198e+06 67363 2.08253e+06 850147 1.23238e+06 9450 454759 1.12292e+06 1.3862e+06
internal_count=3545548 3478185 2091982 67363 2082532 850147 1232385 9450 454759 1122919 1386203
is_linear=0
shrinkage=0.00523217


Tree=111
num_leaves=12
num_cat=0
split_feature=0 23 11 9 19 4 6 11 10 10 0
split_gain=34.999 14.0172 22.7371 15.5294 29.8666 61.7622 11.4212 6.92073 7.23066 11.1518 6.45489
threshold=-3.4376008510589595 inf 3.6365702152252202 0.44342313706874853 3.5918902158737187 -1.3113774061203001 -1.3360087871551511 1.7449399232864382 -1.2773578166961668 -1.7140596508979795 0.43209046125411993
decision_type=2 8 8 8 10 10 2 10 8 10 2
left_child=-1 6 7 -4 5 -5 -2 -3 9 -9 -8
right_child=1 2 3 4 -6 -7 10 8 -10 -11 -12
leaf_value=-0.00011812355876378815 -3.460090586166354e-05 0.00014224560441204991 0.00088320194526429275 0.018587180598180941 0.0015606788458521366 0.0011891431395796045 -9.564215097713648e-07 0.00010574757903274009 0.000591107813841717 0.0052369517360167676 1.4548938776872991e-05
leaf_weight=67348 219587 3821 111 9.0000000000000018 46 12.999999999999998 2133340 23 448 23 1121270
leaf_count=67348 219587 3821 111 9 46 13 2133340 23 448 23 1121270
internal_value=1.14798e-08 2.29886e-06 0.000294283 0.00211588 0.00406697 0.00892598 1.92084e-06 0.000217973 0.000800349 0.00275529 4.3852e-06
internal_weight=3.54604e+06 3.47869e+06 4494 179 68 22 3.4742e+06 4315 494 46 3.25461e+06
internal_count=3546039 3478691 4494 179 68 22 3474197 4315 494 46 3254610
is_linear=0
shrinkage=0.00523217


Tree=112
num_leaves=12
num_cat=0
split_feature=0 23 17 21 24 0 3 3 5 24 17
split_gain=34.5669 14.5925 12.8478 17.989 32.6517 10.0575 8.27435 5.89554 5.86738 5.63977 5.5634
threshold=-3.4376008510589595 inf 2.6379681825637822 0.1838769465684891 0.12996193021535876 0.34864777326583868 1.5930637121200564 -1.9902090430259702 2.056462407112122 -0.72165545821189869 0.77858111262321483
decision_type=2 8 2 2 10 2 10 10 8 8 2
left_child=10 5 7 4 -4 6 8 9 -2 -3 -1
right_child=1 2 3 -5 -6 -7 -8 -9 -10 -11 -12
leaf_value=-7.5266160935569213e-05 -4.0248193853802707e-06 0.00019269384046941208 0.014637730715645643 0.0011336602878876448 -0.00055953155238855693 1.2729059205555495e-05 0.00015387484750022267 6.973114578647988e-05 -4.34976007186903e-05 0.00072076121317471127 -0.0001711603677775733
leaf_weight=37743 1956150 1135 6.9999999999999982 63 7 1400357 8887 2197 108830 1092 29582
leaf_count=37743 1956150 1135 7 63 7 1400357 8887 2197 108830 1092 29582
internal_value=8.57937e-09 2.2814e-06 0.000299965 0.00240398 0.00753422 1.8954e-06 -5.41953e-06 0.000262531 -6.10555e-06 0.000452235 -0.000117415
internal_weight=3.54605e+06 3.47872e+06 4501 77 14 3.47422e+06 2.07387e+06 4424 2.06498e+06 2227 67325
internal_count=3546050 3478725 4501 77 14 3474224 2073867 4424 2064980 2227 67325
is_linear=0
shrinkage=0.00523217


Tree=113
num_leaves=12
num_cat=0
split_feature=1 18 5 18 1 17 15 20 18 15 3
split_gain=33.6541 17.4756 13.9248 12.6137 9.38175 7.98012 8.33272 5.93078 5.23141 7.92397 5.08025
threshold=1.5356633663177492 -1.2163285613059995 inf 0.17796008288860324 2.3091590404510502 2.6379681825637822 0.12206269428133966 0.692324459552765 2.773471593856812 0.05258485488593579 1.2220373749732973
decision_type=2 10 8 8 2 2 2 8 10 2 10
left_child=1 -1 3 -3 10 8 -7 -5 -4 -10 -2
right_child=4 2 5 7 -6 6 -8 -9 9 -11 -12
leaf_value=-3.2289318441161327e-05 -4.3044340232725887e-05 1.7104683654399324e-05 -3.6848728642783375e-05 7.5586007370990376e-07 -0.00011131679817032263 -1.0159719308058936e-05 0.0034705860921154805 -2.859387148505083e-05 0.0024038536211300099 0.00036134253147229945 0.00014373316447623342
leaf_weight=319215 185768 1738407 1014 995632 66364 32 43 232479 52 2814 4071
leaf_count=319215 185768 1738407 1014 995632 66364 32 43 232479 52 2814 4071
internal_value=-1.23577e-09 4.49689e-06 8.45032e-06 8.03635e-06 -5.77608e-05 0.00031866 0.00199781 -4.79935e-06 0.000285397 0.000399657 -3.90339e-05
internal_weight=3.54589e+06 3.28969e+06 2.97047e+06 2.96652e+06 256203 3955 75 1.22811e+06 3880 2866 189839
internal_count=3545891 3289688 2970473 2966518 256203 3955 75 1228111 3880 2866 189839
is_linear=0
shrinkage=0.00523217


Tree=114
num_leaves=12
num_cat=0
split_feature=1 5 17 6 24 22 19 19 19 1 24
split_gain=33.2684 13.7375 12.6014 10.6401 9.58278 16.986 25.0463 5.05746 4.8783 6.61013 4.65968
threshold=1.5356633663177492 inf 2.6379681825637822 -2.9120939970016475 0.1212986819446087 0.33376649022102362 3.2654931545257573 -1.6857659816741941 2.5313324928283696 -1.0177420973777769 -2.9829592704772945
decision_type=2 8 2 2 10 10 10 10 10 2 10
left_child=1 7 8 -2 5 -4 -7 10 -3 -10 -1
right_child=3 2 4 -5 -6 6 -8 -9 9 -11 -12
leaf_value=0.0030086323587832434 -0.00012844266781092295 3.4834274920385555e-05 0.0015246715346996884 -4.1400999923819529e-05 -0.00032437479752636011 0.00090997999804303287 0.013835598389153578 3.6985412059436939e-06 0.00038101469200445791 0.0041039562523343233 0.00010604125979610615
leaf_weight=13.999999999999998 47130 1626 37 209020 24 7.9999999999999991 7.9999999999999991 3272947 2609 11.999999999999998 12359
leaf_count=14 47130 1626 37 209020 24 8 8 3272947 2609 12 12359
internal_value=1.37947e-08 4.48616e-06 0.000299167 -5.74198e-05 0.00238218 0.00360295 0.00792672 4.09796e-06 0.000260559 0.000400208 0.000109678
internal_weight=3.54579e+06 3.28964e+06 4324 256150 77 53 16 3.28532e+06 4247 2621 12373
internal_count=3545794 3289644 4324 256150 77 53 16 3285320 4247 2621 12373
is_linear=0
shrinkage=0.00523217


Tree=115
num_leaves=12
num_cat=0
split_feature=0 5 1 16 1 22 0 19 0 1 4
split_gain=34.1432 13.493 11.9556 8.27821 10.6209 7.30319 6.16567 5.55637 5.33871 4.99919 6.19906
threshold=-3.4376008510589595 inf 1.3720049262046816 -0.0064423980657011262 -1.0177420973777769 0.69054695963859569 0.65677529573440563 -1.6857659816741941 -5.3024020195007315 -1.6765897274017332 -1.5137473940849302
decision_type=2 8 2 2 2 10 2 10 2 2 10
left_child=8 2 6 -3 9 -6 7 -2 -1 10 -5
right_child=1 3 -4 4 5 -7 -8 -9 -10 -11 -12
leaf_value=-0.00021201823349112681 0.00012374521417996053 1.601950749245202e-05 -3.2433818145594227e-05 4.4401461814967768e-05 0.00139473248616963 0.0064442433823227729 2.0418753172635794e-05 8.2756555595132241e-07 -9.3904389085387933e-05 0.00092534719500046584 0.00061868613735662089
leaf_weight=13000 10105 1750 257516 1041 23 11.999999999999998 558536 2648135 54327 477 1023
leaf_count=13000 10105 1750 257516 1041 23 12 558536 2648135 54327 477 1023
internal_value=-2.50767e-08 2.23342e-06 1.86952e-06 0.000294222 0.000482812 0.00330215 4.6159e-06 1.29518e-06 -0.000116726 0.000442145 0.00032962
internal_weight=3.54594e+06 3.47862e+06 3.47429e+06 4326 2576 35 3.21678e+06 2.65824e+06 67327 2541 2064
internal_count=3545945 3478618 3474292 4326 2576 35 3216776 2658240 67327 2541 2064
is_linear=0
shrinkage=0.00523217


end of trees

feature_importances:
LOW_TURNOVER=147
LN_TURNOVER=121
IMAX60=100
CONSEC_UP5=87
CORR20=85
VOL_OF_VOL_20=69
AMIHUD_20=68
KLOW=58
CNTD10=56
VOL_CV20=53
VSTD5=53
MAX_DD60=51
BP=47
WVMA30=41
OBV_CHG_20=36
CORD60=32
NEG_SKEW_20=27
EP=23
RET_AMT_CORR20=21
CORD5=21
CORR60=20
Q_SALES_YOY=20
CNTD60=17
RET_VOL_CORR5=15
VOL_PRICE_DIVERGENCE=8

parameters:
[boosting: gbdt]
[objective: regression]
[metric: l2]
[tree_learner: serial]
[device_type: cpu]
[data_sample_strategy: bagging]
[data: ]
[valid: ]
[num_iterations: 1000]
[learning_rate: 0.00523217]
[num_leaves: 12]
[num_threads: 8]
[seed: 42]
[deterministic: 0]
[force_col_wise: 0]
[force_row_wise: 0]
[histogram_pool_size: -1]
[max_depth: 6]
[min_data_in_leaf: 7]
[min_sum_hessian_in_leaf: 0.001]
[bagging_fraction: 0.993677]
[pos_bagging_fraction: 1]
[neg_bagging_fraction: 1]
[bagging_freq: 1]
[bagging_seed: 400]
[bagging_by_query: 0]
[feature_fraction: 0.452778]
[feature_fraction_bynode: 1]
[feature_fraction_seed: 30056]
[extra_trees: 0]
[extra_seed: 12879]
[early_stopping_round: 0]
[early_stopping_min_delta: 0]
[first_metric_only: 0]
[max_delta_step: 0]
[lambda_l1: 0.153507]
[lambda_l2: 1.18198]
[linear_lambda: 0]
[min_gain_to_split: 0]
[drop_rate: 0.1]
[max_drop: 50]
[skip_drop: 0.5]
[xgboost_dart_mode: 0]
[uniform_drop: 0]
[drop_seed: 17869]
[top_rate: 0.2]
[other_rate: 0.1]
[min_data_per_group: 100]
[max_cat_threshold: 32]
[cat_l2: 10]
[cat_smooth: 10]
[max_cat_to_onehot: 4]
[top_k: 20]
[monotone_constraints: ]
[monotone_constraints_method: basic]
[monotone_penalty: 0]
[feature_contri: ]
[forcedsplits_filename: ]
[refit_decay_rate: 0.9]
[cegb_tradeoff: 1]
[cegb_penalty_split: 0]
[cegb_penalty_feature_lazy: ]
[cegb_penalty_feature_coupled: ]
[path_smooth: 0]
[interaction_constraints: ]
[verbosity: -1]
[saved_feature_importance_type: 0]
[use_quantized_grad: 0]
[num_grad_quant_bins: 4]
[quant_train_renew_leaf: 0]
[stochastic_rounding: 1]
[linear_tree: 0]
[max_bin: 255]
[max_bin_by_feature: ]
[min_data_in_bin: 3]
[bin_construct_sample_cnt: 200000]
[data_random_seed: 175]
[is_enable_sparse: 1]
[enable_bundle: 1]
[use_missing: 1]
[zero_as_missing: 0]
[feature_pre_filter: 1]
[pre_partition: 0]
[two_round: 0]
[header: 0]
[label_column: ]
[weight_column: ]
[group_column: ]
[ignore_column: ]
[categorical_feature: ]
[forcedbins_filename: ]
[precise_float_parser: 0]
[parser_config_file: ]
[objective_seed: 16083]
[num_class: 1]
[is_unbalance: 0]
[scale_pos_weight: 1]
[sigmoid: 1]
[boost_from_average: 1]
[reg_sqrt: 0]
[alpha: 0.9]
[fair_c: 1]
[poisson_max_delta_step: 0.7]
[tweedie_variance_power: 1.5]
[lambdarank_truncation_level: 30]
[lambdarank_norm: 1]
[label_gain: ]
[lambdarank_position_bias_regularization: 0]
[eval_at: ]
[multi_error_top_k: 1]
[auc_mu_weights: ]
[num_machines: 1]
[local_listen_port: 12400]
[time_out: 120]
[machine_list_filename: ]
[machines: ]
[gpu_platform_id: -1]
[gpu_device_id: -1]
[gpu_use_dp: 0]
[num_gpu: 1]

end of parameters

pandas_categorical:[]
