tree
version=v4
num_class=1
num_tree_per_iteration=1
label_index=0
max_feature_idx=24
objective=regression
feature_names=LOW_TURNOVER LN_TURNOVER CORR20 VOL_CV20 RET_AMT_CORR20 KLOW CONSEC_UP5 CORD60 RET_VOL_CORR5 OBV_CHG_20 CORD5 AMIHUD_20 VOL_OF_VOL_20 CORR60 VOL_PRICE_DIVERGENCE BP EP CNTD10 IMAX60 WVMA30 MAX_DD60 CNTD60 Q_SALES_YOY VSTD5 NEG_SKEW_20
feature_infos=[-6.7670435905456543:3.2287743091583252] [-3.7107572555541992:4.2424659729003906] [-4.6128506660461426:6.8832540512084961] [-6.5501680374145508:3.1829962730407715] [-5.9502053260803223:4.3300046920776367] [-3.7755355834960938:6.1252908706665039] [-6.9920454025268555:4.0092339515686035] [-3.8323731422424316:5.0618000030517578] [-5.4159584045410156:5.6639642715454102] [-7.8133149147033691:8.2804040908813477] [-5.4254326820373535:3.857959508895874] [-2.707439661026001:7.2571759223937988] [-6.4527935981750488:2.894608736038208] [-4.6575112342834473:4.9625382423400879] [-3.5146491527557373:3.4074745178222656] [-4.7739777565002441:7.3778591156005859] [-5.4546627998352051:6.7941751480102539] [-4.3062586784362793:4.3808083534240723] [-5.3454451560974121:7.0440702438354492] [-3.0040173530578613:7.3327383995056152] [-3.5251181125640869:7.2506475448608398] [-3.667165994644165:3.9398372173309326] [-3.8690540790557861:6.6075444221496582] [-3.4464523792266846:7.5503435134887695] [-4.0685491561889648:4.021367073059082]
tree_sizes=1344 1313 1337 1253 1327 1314 1365 1324 1331 1323 1299 1304 1318 1362 1346 1325 1302 1293 1345 1343 1252 1345 1357 1323 1360 1310 1333 1333 1318 1320 1301 1256 1334 1286 1315 1298 1351 1309 1298 1266 1302 1370 1336 1320 1316 1279 1299 1307 1301 1258 1377 1331 1349 1310 1343 1340 1286 1321 1333 1334 1374 1300 1318 1286 1310 1374 1345 1356 1265 1347 1293 1330 1285 1324 1308 1283 1312 1362 1332 1251 1309 1346 1334 1358 1325 1337 1357 1348 1306 1309 1336 1280 1279 1313 1361 1340 1271 1348 1327 1360 1313 1295 1320 1322 1384 1323 1263 1303 1308 1349 1359 1262 1329 1333 1321 1323 1309 1305 1278 1350 1325 1356 1350 1286 1366 1376 1359 1317 1307 1331 1352 1297 1326 1319 1366 1353 1351 1334 1356 1291 1313 1270 1320 1314 1293 1344 1254 1311 1343 1344 1338 1324 1302 1340 1331 1359 1333 1364 1325 1370 1339 1308 1336 1300 1319 1377 1331 1317 1326 1330 1299 1306 1311 1351 1349 1280 1329 1247 1372 1383 1360 1363 1291 1362 1383 1353 1291 1377 1318 1325 1274 1313 1380 1326 1348 1376 1296 1349 1366 1320 1347 1366 1339 1335 1366 1323 1349 1353 1327 1340 1391 1350 1368 1346 1397 1366 1354 1354 1354 1326 1334 1347 1354 1313 1317 1321 1381 1358 1355 1358 1311 1306 1345 1336 1298 1346 1325 1352 1304 1357 1351 1352 1315 1336 1355 1295 1307 1345 1381 1336 1334 1279 1355 1370 1374 1369 1372 1356 1333 1343

Tree=0
num_leaves=12
num_cat=0
split_feature=6 6 11 6 12 2 15 15 8 9 3
split_gain=60.8454 11.1909 7.87483 7.32314 7.5254 4.37671 5.70945 4.31424 3.5628 3.40559 3.57813
threshold=-1.6516841650009153 -3.5636961460113521 1.4514055848121645 -0.73394539952278126 1.4582876563072207 2.2186276912689213 0.14826669543981555 0.016714239493012432 -0.21678195893764493 0.43613396584987646 1.3738729357719424
decision_type=2 2 8 2 10 10 2 2 8 8 10
left_child=1 -1 3 8 5 7 -7 -5 -2 10 -3
right_child=2 9 -4 4 -6 6 -8 -9 -10 -11 -12
leaf_value=0.0061245437761085538 0.0062537834796354925 0.0062320711023847522 0.0063205238737342384 0.0062858585890605296 0.006370823312607886 0.0066002654836030596 0.0062773212359125714 0.0062988804387236197 0.0063002520608673581 0.006179912793831263 0.0065734535028194561
leaf_weight=43587 204346 111304 259226 1548894 33565 2895 3096 1265496 57956 43130 845
leaf_count=43587 204346 111304 259226 1548894 33565 2895 3096 1265496 57956 43130 845
internal_value=0.00628758 0.00619864 0.00629282 0.00629051 0.00629294 0.00629201 0.00643327 0.00629171 0.00626405 0.00621944 0.00623465
internal_weight=3.57434e+06 198866 3.37547e+06 3.11625e+06 2.85395e+06 2.82038e+06 5991 2.81439e+06 262302 155279 112149
internal_count=3574340 198866 3375474 3116248 2853946 2820381 5991 2814390 262302 155279 112149
is_linear=0
shrinkage=1


Tree=1
num_leaves=12
num_cat=0
split_feature=6 5 18 5 17 13 6 18 17 21 24
split_gain=60.2439 35.0428 14.288 13.2138 11.9262 11.3396 11.3047 8.86656 8.33342 29.3717 7.10806
threshold=-1.6516841650009153 inf -1.2862774133682249 inf 2.6439664363861088 0.86990413069725048 -3.5636961460113521 2.7396554946899419 2.4210273027420048 0.18622127920389178 -0.50719249248504628
decision_type=2 8 2 8 2 10 2 2 2 2 8
left_child=3 2 -2 6 7 -4 -1 -3 -5 -10 -6
right_child=1 4 5 8 10 -7 -8 -9 9 -11 -12
leaf_value=-0.00016551474742033451 -3.0498943083922335e-05 0.00012272170385818469 1.2679992551423743e-05 0.00047073200918850875 0.005861640008519786 -1.3418333517139005e-05 -6.9920450256671067e-05 0.00067085359743202573 0.0094398595686769563 0.00062145624853316404 0.00075408537091810855
leaf_weight=43366 289045 1219 2526890 542 17 556022 154924 2421 11.999999999999998 50 14.000000000000002
leaf_count=43366 289045 1219 2526890 542 17 556022 154924 2421 12 50 14
internal_value=1.71073e-08 5.23125e-06 4.67469e-06 -8.84728e-05 0.000516071 7.97274e-06 -9.08318e-05 0.00048761 0.000683336 0.00248562 0.00369237
internal_weight=3.57452e+06 3.37563e+06 3.37196e+06 198894 3671 3.08291e+06 198290 3640 604 62 31
internal_count=3574522 3375628 3371957 198894 3671 3082912 198290 3640 604 62 31
is_linear=0
shrinkage=0.00523217


Tree=2
num_leaves=12
num_cat=0
split_feature=6 10 6 2 15 2 12 6 6 19 7
split_gain=59.8797 17.16 10.9807 8.65131 24.1652 7.91496 7.49989 6.11596 6.09343 5.36455 5.23333
threshold=-1.6516841650009153 inf -3.5636961460113521 1.3887580633163454 -1.2858280539512632 0.38911013305187231 1.3304923176765444 -0.59063962101936329 -0.85148611664772023 -1.6931408643722532 2.3875048160552983
decision_type=2 8 2 10 2 8 8 2 2 8 10
left_child=2 5 -1 6 -5 9 -3 -7 10 -2 -6
right_child=1 3 -4 4 8 7 -8 -9 -10 -11 -12
leaf_value=-0.00016157867494591942 0.0001324184083504219 0.00014003390746139191 -6.7584071158493725e-05 0.0096959578945769783 0.00036517890783000357 -3.2489941255382738e-05 0.0048837108082969158 -6.0153484376843163e-07 0.00057438273209860062 1.0447937517410923e-05 0.0033351066887155802
leaf_weight=43592 9918 1870 155358 6.9999999999999991 28 195074 7.9999999999999991 1056054 1205 2111281 41
leaf_count=43592 9918 1870 155358 7 28 195074 8 1056054 1205 2111281 41
internal_value=2.46242e-08 5.22389e-06 -8.81841e-05 0.0003906 0.00072212 4.86251e-06 0.000163728 -5.5742e-06 0.000663242 1.10187e-05 0.00216781
internal_weight=3.57444e+06 3.37549e+06 198950 3159 1281 3.37233e+06 1878 1.25113e+06 1274 2.1212e+06 69
internal_count=3574436 3375486 198950 3159 1281 3372327 1878 1251128 1274 2121199 69
is_linear=0
shrinkage=0.00523217


Tree=3
num_leaves=12
num_cat=0
split_feature=5 11 5 15 2 2 2 17 11 8 7
split_gain=43.5561 34.1539 22.9431 21.4014 31.5134 153.86 14.4583 12.2498 10.7552 8.4306 8.31752
threshold=inf 2.6600701808929448 2.2531644105911259 0.13101903349161151 1.5392579436302187 1.4424449205398562 0.50735336542129528 2.6439664363861088 4.3383243083953866 -1.725940942764282 2.3875048160552983
decision_type=8 10 10 2 10 10 10 2 10 10 10
left_child=2 7 6 4 5 -3 -1 -2 -6 -10 -9
right_child=1 3 -4 -5 8 -7 -8 10 9 -11 -12
leaf_value=9.4940200547130469e-06 0.00034431203267860303 0.0030894885516101664 -6.948199579046832e-05 0.00044163173206707818 0.00034048990930029465 0.025744736874096907 -1.3239695573750212e-05 0.00026766736902861655 0.0051344644779958348 0.00077803095970886173 0.0043676134436509981
leaf_weight=2292161 3825 84 127848 147 92 7.9999999999999991 1150095 23 29 22 34
leaf_count=2292161 3825 84 127848 147 92 8 1150095 23 29 22 34
internal_value=-2.62458e-08 0.000528393 -6.57769e-07 0.00201927 0.00299558 0.0053697 1.8982e-06 0.000380909 0.0014311 0.0033308 0.0027661
internal_weight=3.57437e+06 4264 3.5701e+06 382 235 92 3.44226e+06 3882 143 51 57
internal_count=3574368 4264 3570104 382 235 92 3442256 3882 143 51 57
is_linear=0
shrinkage=0.00523217


Tree=4
num_leaves=12
num_cat=0
split_feature=1 23 11 12 24 4 6 18 6 11 12
split_gain=70.6829 44.2859 40.5841 19.9328 17.622 32.6013 17.2607 14.5424 13.2198 8.72992 7.31717
threshold=1.937520503997803 inf 3.6227375268936162 -0.35147278010845179 -0.58554604649543751 -0.93488663434982289 -1.1145261526107786 -1.2862774133682249 -3.1805261373519893 1.7694120407104494 1.2882848381996157
decision_type=2 8 8 8 10 10 2 2 2 10 10
left_child=1 6 9 4 -4 -6 -1 -8 -2 -3 -9
right_child=8 2 3 -5 5 -7 7 10 -10 -11 -12
leaf_value=-3.8329894018779389e-05 -0.00021071206264941075 0.00032710455580064736 0.00042049166290982653 0.0093653027890072717 0.0067923310933154304 0.0011457544502580859 -2.8946000367285246e-05 9.3833030471344565e-06 -8.8504198052471523e-05 0.0010466459384014563 6.4057414189944752e-05
leaf_weight=245262 31506 3671 77 10.999999999999998 50 64 277829 2841391 105198 529 68634
leaf_count=245262 31506 3671 77 11 50 64 277829 2841391 105198 529 68634
internal_value=-1.35811e-09 4.63842e-06 0.000529028 0.00281373 0.00237696 0.00367358 3.96562e-06 7.21995e-06 -0.000116677 0.000418193 1.06731e-05
internal_weight=3.57422e+06 3.43752e+06 4402 202 191 114 3.43312e+06 3.18785e+06 136704 4200 2.91002e+06
internal_count=3574222 3437518 4402 202 191 114 3433116 3187854 136704 4200 2910025
is_linear=0
shrinkage=0.00523217


Tree=5
num_leaves=12
num_cat=0
split_feature=0 23 11 12 2 9 1 0 0 11 2
split_gain=76.7718 44.0866 39.7372 19.7685 17.2326 109.411 17.0822 11.5615 9.82731 8.72231 6.88346
threshold=-2.8075786828994747 inf 3.6227375268936162 -0.35147278010845179 1.5392579436302187 0.47236612439155584 1.3380197882652285 -4.814875364303588 0.37942911684513098 1.7694120407104494 1.5784738063812258
decision_type=2 8 8 8 10 10 2 2 2 10 8
left_child=7 6 9 4 5 -4 8 -1 -2 -3 -11
right_child=1 2 3 -5 -6 -7 -8 -9 -10 10 -12
leaf_value=-0.00023757043458799392 -9.8014201339062172e-07 0.00032709836525317596 0.0016623300807923577 0.0093210561812834287 0.00090401227273907941 0.018638600097012223 -3.839697437077941e-05 -0.00010998449241631808 1.7616263602621673e-05 0.0017504222588830137 0.0005319750801663683
leaf_weight=27205 1915524 3694 74 10.999999999999998 104 10.999999999999998 249111 68338 1309821 221 306
leaf_count=27205 1915524 3694 74 11 104 11 249111 68338 1309821 221 306
internal_value=-6.2685e-09 4.01199e-06 0.000526098 0.00279884 0.00235945 0.00409408 3.34726e-06 -0.000146324 6.57166e-06 0.000417467 0.00104723
internal_weight=3.57442e+06 3.47888e+06 4421 200 189 85 3.47446e+06 95543 3.22534e+06 4221 527
internal_count=3574420 3478877 4421 200 189 85 3474456 95543 3225345 4221 527
is_linear=0
shrinkage=0.00523217


Tree=6
num_leaves=12
num_cat=0
split_feature=0 6 18 6 0 8 18 19 9 0 18
split_gain=75.9582 16.7051 14.5561 12.4164 9.97888 9.52567 10.0055 6.06951 5.26045 4.81191 8.64224
threshold=-2.8075786828994747 -1.1145261526107786 -1.2862774133682249 -2.8905054330825801 0.43278893828392034 inf 2.7396554946899419 -1.6931408643722532 0.30306144058704382 -0.2968925535678863 2.7396554946899419
decision_type=2 2 2 2 2 8 2 8 10 2 2
left_child=3 9 -3 -1 5 7 -7 -4 -5 -2 -11
right_child=1 2 4 8 -6 6 -8 -9 -10 10 -12
leaf_value=-0.00023030809485002554 -5.4681123024335917e-05 -2.8804480662338464e-05 0.00014578757389617874 -6.1508833821870878e-05 2.4112594989906732e-05 5.7810443789450938e-05 0.00065865047766483378 2.6829149494282693e-06 -0.00015724724521399248 -1.467901282985222e-05 0.00039516036929266988
leaf_weight=31660 155522 279600 8147 35840 1001132 1984 1231 1922451 28035 107199 1426
leaf_count=31660 155522 279600 8147 35840 1001132 1984 1231 1922451 28035 107199 1426
internal_value=-1.67369e-08 3.98022e-06 7.26715e-06 -0.000145564 1.07038e-05 3.7617e-06 0.000288275 3.28731e-06 -0.000103544 -3.60169e-05 -9.28712e-06
internal_weight=3.57423e+06 3.47869e+06 3.21454e+06 95535 2.93494e+06 1.93381e+06 3215 1.9306e+06 63875 264147 108625
internal_count=3574227 3478692 3214545 95535 2934945 1933813 3215 1930598 63875 264147 108625
is_linear=0
shrinkage=0.00523217


Tree=7
num_leaves=12
num_cat=0
split_feature=1 5 6 18 6 18 1 15 15 9 18
split_gain=68.8615 41.9333 16.8943 14.1942 13.1111 11.0175 15.9842 9.54412 7.58887 5.50405 5.43724
threshold=1.937520503997803 inf -1.1145261526107786 -1.2862774133682249 -3.1805261373519893 2.7396554946899419 -1.0168489217758176 0.051689762622118003 0.033836223185062415 0.30306144058704382 0.176400862634182
decision_type=2 8 2 2 2 2 2 2 2 10 2
left_child=1 2 -1 -4 -2 -3 7 8 -7 -6 -5
right_child=4 5 3 10 9 6 -8 -9 -10 -11 -12
leaf_value=-3.7899966259488591e-05 -0.00020878580475367176 0.00010752867782040316 -2.8561290128968437e-05 1.6535545361917084e-05 -5.6390739924483013e-05 0.0012270645248207319 0.0043112719544557967 0.0006123831314517774 0.0054064475197060863 -0.0001337819184968259 1.9932024776086891e-06
leaf_weight=245263 31508 1244 277909 1717441 63502 33 32 2939 19 41729 1192812
leaf_count=245263 31508 1244 277909 1717441 63502 33 32 2939 19 41729 1192812
internal_value=8.47834e-09 4.58887e-06 3.94433e-06 7.16365e-06 -0.000115138 0.000522877 0.000693424 0.000652761 0.00285547 -8.70887e-05 1.05754e-05
internal_weight=3.57443e+06 3.43769e+06 3.43342e+06 3.18816e+06 136739 4267 3023 2991 52 105231 2.91025e+06
internal_count=3574431 3437692 3433425 3188162 136739 4267 3023 2991 52 105231 2910253
is_linear=0
shrinkage=0.00523217


Tree=8
num_leaves=12
num_cat=0
split_feature=0 23 17 1 2 0 1 0 0 15 19
split_gain=75.1415 42.9537 19.0467 16.6799 11.6863 11.2947 10.7574 9.64606 7.41826 6.20455 5.72745
threshold=-2.8075786828994747 inf 2.6439664363861088 1.3380197882652285 1.8327187299728396 -4.814875364303588 -1.5496603250503538 0.37942911684513098 -0.027361687272787091 -1.3878523707389829 -1.6931408643722532
decision_type=2 8 2 2 10 2 2 2 2 2 8
left_child=5 3 8 7 -4 -1 -6 10 9 -3 -2
right_child=1 2 4 -5 6 -7 -8 -9 -10 -11 -12
leaf_value=-0.00023490879002599559 0.00014000282031094427 0.0051452844953170278 0.0087369189706878111 -3.7903762775448171e-05 -9.3050947702339048e-05 -0.00010880916715092409 0.0040804641174968055 1.7473024597014015e-05 2.4206998194711467e-05 0.00056606305641966094 -1.5325015517757703e-06
leaf_weight=27212 7858 6.9999999999999991 7.9999999999999991 249125 29 68318 38 1309837 822 3528 1907507
leaf_count=27212 7858 7 8 249125 29 68318 38 1309837 822 3528 1907507
internal_value=2.58952e-08 4.00158e-06 0.000518695 3.34461e-06 0.00311484 -0.00014474 0.00229194 6.53103e-06 0.000472989 0.000577075 -9.51332e-07
internal_weight=3.57429e+06 3.47876e+06 4432 3.47433e+06 75 95530 67 3.2252e+06 4357 3535 1.91536e+06
internal_count=3574289 3478759 4432 3474327 75 95530 67 3225202 4357 3535 1915365
is_linear=0
shrinkage=0.00523217


Tree=9
num_leaves=12
num_cat=0
split_feature=0 23 11 15 12 12 6 12 18 6 17
split_gain=73.928 42.6035 39.9403 23.0495 26.229 70.55 17.681 15.2397 13.8833 12.1564 11.2839
threshold=-2.8075786828994747 inf 3.6227375268936162 0.13101903349161151 -2.8687776327133174 -3.8655703067779537 -1.263202905654907 -0.35147278010845179 -1.2862774133682249 -2.8905054330825801 2.6439664363861088
decision_type=2 8 8 2 10 8 2 10 2 2 2
left_child=9 6 10 4 5 -4 -2 -6 -8 -1 -3
right_child=1 2 3 -5 7 -7 8 -9 -10 -11 -12
leaf_value=-0.00022741975314763852 -4.181447241142222e-05 0.00037537537895739699 0.0011344655658802434 3.1520794584181786e-05 0.0021415791338912429 0.017994970897826645 -2.8750048914247358e-05 0.0089492685746444482 9.6824844420807258e-06 -0.00010201482910942995 0.0026793134350394494
leaf_weight=31677 222927 4174 15.999999999999998 59 105 11.000000000000002 281709 8.9999999999999982 2969874 63886 58
leaf_count=31677 222927 4174 16 59 105 11 281709 9 2969874 63886 58
internal_value=-2.73476e-08 3.91611e-06 0.000516507 0.00279516 0.00393605 0.00849869 3.26186e-06 0.00277232 6.35253e-06 -0.000143594 0.00040788
internal_weight=3.5745e+06 3.47894e+06 4432 200 141 27 3.47451e+06 114 3.25158e+06 95563 4232
internal_count=3574505 3478942 4432 200 141 27 3474510 114 3251583 95563 4232
is_linear=0
shrinkage=0.00523217


Tree=10
num_leaves=12
num_cat=0
split_feature=0 5 11 7 1 17 1 17 1 0 0
split_gain=72.8202 41.5725 35.8353 23.5424 42.3402 74.953 16.3466 11.205 11.8304 11.1922 9.5478
threshold=-2.8075786828994747 inf 3.6227375268936162 1.4586503505706789 -2.0169777870178218 1.5261708498001101 1.3380197882652285 2.6439664363861088 -1.5496603250503538 -4.814875364303588 0.43278893828392034
decision_type=2 8 10 10 2 2 2 2 2 2 2
left_child=9 6 7 -4 5 -5 10 -3 -9 -1 -2
right_child=1 2 3 4 -6 -7 -8 8 -10 -11 -12
leaf_value=-0.00023218486920289935 -2.2697943590134526e-07 0.00037941620148391889 0.0010414094539666048 0.0036718769895853691 0.0024309377867357267 0.023572975741692748 -3.7548544693442023e-05 2.2170102307000661e-06 0.0047468646419095064 -0.00010671091157836395 1.8600768478996216e-05
leaf_weight=27246 2084685 4003 111 16.000000000000004 66 6.9999999999999991 249225 26 32 68303 1140792
leaf_count=27246 2084685 4003 111 16 66 7 249225 26 32 68303 1140792
internal_value=-2.76176e-09 3.91074e-06 0.000520332 0.00267676 0.00466707 0.0106181 3.27705e-06 0.000413184 0.00267605 -0.000142501 6.4318e-06
internal_weight=3.57451e+06 3.47896e+06 4261 200 89 23 3.4747e+06 4061 58 95549 3.22548e+06
internal_count=3574512 3478963 4261 200 89 23 3474702 4061 58 95549 3225477
is_linear=0
shrinkage=0.00523217


Tree=11
num_leaves=12
num_cat=0
split_feature=0 23 11 7 7 8 1 0 0 11 3
split_gain=72.2294 41.8483 38.8396 26.7721 47.3517 19.7949 16.3954 10.9679 9.43774 8.44334 6.4321
threshold=-2.8075786828994747 inf 3.6227375268936162 1.4586503505706789 1.5496119260787966 -2.0425819158554073 1.3380197882652285 -4.814875364303588 0.35809722542762762 1.6316003203392031 1.4388955831527712
decision_type=2 8 8 8 10 10 2 2 2 10 10
left_child=7 6 9 -4 -5 -6 8 -1 -2 -3 -8
right_child=1 2 3 4 5 -7 10 -9 -10 -11 -12
leaf_value=-0.00023085769167920079 -1.3480293274079103e-06 0.00030933989283527891 0.0010238399480567153 0.016981276051485122 0.0075098030731095191 0.0018654358169976728 -4.0142688734079469e-05 -0.00010656475943466835 1.6741558245578955e-05 0.0009815344807493436 0.00024788474965260033
leaf_weight=27189 1845707 3622 112 6.9999999999999991 24 58 246978 68345 1379668 597 2139
leaf_count=27189 1845707 3622 112 7 24 58 246978 68345 1379668 597 2139
internal_value=-1.90867e-08 3.87826e-06 0.000512596 0.00275367 0.00487967 0.00361034 3.2307e-06 -0.000141949 6.38962e-06 0.000404896 -3.76652e-05
internal_weight=3.57445e+06 3.47891e+06 4420 201 89 82 3.47449e+06 95534 3.22538e+06 4219 249117
internal_count=3574446 3478912 4420 201 89 82 3474492 95534 3225375 4219 249117
is_linear=0
shrinkage=0.00523217


Tree=12
num_leaves=12
num_cat=0
split_feature=1 23 17 6 18 6 2 1 20 13 1
split_gain=65.5423 41.015 18.3311 16.3244 13.6603 12.4849 11.389 10.7644 8.67486 7.82866 7.53544
threshold=1.937520503997803 inf 2.6439664363861088 -1.4282628893852232 -1.2862774133682249 -3.1805261373519893 1.8327187299728396 -1.5496603250503538 1.2965490221977236 0.86990413069725048 -1.0168489217758176
decision_type=2 8 2 2 2 2 10 2 8 10 2
left_child=1 3 8 -1 -5 -2 -4 -8 -3 -6 -10
right_child=5 2 6 4 9 -7 7 -9 10 -11 -12
leaf_value=-4.6008134096583796e-05 -0.00020369835212808219 3.6232078594988944e-05 0.0086174349974632008 -2.8333864745236106e-05 1.3632120393954896e-05 -8.4940870662688657e-05 -0.00019334047047168211 0.004020611994426917 0.00056927701380047116 -8.771911421375386e-06 0.0033445513625971115
leaf_weight=170872 31504 1002 7.9999999999999991 282258 2463621 105263 28 38 3306 516437 26
leaf_count=170872 31504 1002 8 282258 2463621 105263 28 38 3306 516437 26
internal_value=2.14266e-08 4.49063e-06 0.0005088 3.84272e-06 6.45405e-06 -0.000112304 0.00307279 0.00224897 0.00046401 9.74928e-06 0.000592352
internal_weight=3.57436e+06 3.4376e+06 4408 3.43319e+06 3.26232e+06 136767 74 66 4334 2.98006e+06 3332
internal_count=3574363 3437596 4408 3433188 3262316 136767 74 66 4334 2980058 3332
is_linear=0
shrinkage=0.00523217


Tree=13
num_leaves=12
num_cat=0
split_feature=1 23 6 6 20 1 20 9 2 20 20
split_gain=64.6789 40.7519 16.2384 12.435 10.581 15.2125 10.769 5.27046 4.76598 4.96155 4.92735
threshold=1.937520503997803 inf -1.4282628893852232 -3.1805261373519893 1.2965490221977236 -1.0168489217758176 3.0738145112991337 0.30306144058704382 0.11369058117270471 -0.47908817231655115 0.72431325912475597
decision_type=2 8 2 2 8 2 8 10 10 10 8
left_child=1 2 -1 -2 -3 -6 -7 -5 9 -4 -10
right_child=3 4 8 7 5 6 -8 -9 10 -11 -12
leaf_value=-4.5918536993807104e-05 -0.00020269853692275318 3.4082402213230451e-05 1.5149128304076306e-06 -5.4200198604730233e-05 0.00060509939643391933 0.0019106696511887291 0.0076984039078950937 -0.00012991332932648866 4.1104973922482846e-06 1.9763285258217635e-05 -2.0295687382219525e-05
leaf_weight=170806 31537 1004 679241 63540 3362 32 11.999999999999998 41746 1286604 1021340 274822
leaf_count=170806 31537 1004 679241 63540 3362 32 12 41746 1286604 1021340 274822
internal_value=1.58067e-08 4.45683e-06 3.81078e-06 -0.000111543 0.000507031 0.000646149 0.00366702 -8.42293e-05 6.41498e-06 1.24751e-05 -1.84661e-07
internal_weight=3.57405e+06 3.43722e+06 3.43281e+06 136823 4410 3406 44 105286 3.26201e+06 1.70058e+06 1.56143e+06
internal_count=3574046 3437223 3432813 136823 4410 3406 44 105286 3262007 1700581 1561426
is_linear=0
shrinkage=0.00523217


Tree=14
num_leaves=12
num_cat=0
split_feature=0 0 0 18 18 0 11 12 19 20 12
split_gain=70.3147 13.6564 10.6388 9.70183 9.35859 24.5583 37.8474 18.8537 7.89499 7.80193 5.9979
threshold=-2.8075786828994747 0.34934721887111669 -4.814875364303588 -1.3444613814353941 2.7396554946899419 -0.15047810226678845 2.6600701808929448 -2.2809122800827022 -1.4435930848121641 1.987643897533417 1.2203283309936526
decision_type=2 2 2 2 2 2 10 10 10 10 8
left_child=2 4 -1 -3 8 -6 9 -8 10 -7 -2
right_child=1 3 -4 -5 5 6 7 -9 -10 -11 -12
leaf_value=-0.00022749767426052223 4.5734171708067876e-05 -2.7636965443647422e-05 -0.00010515466387620695 2.0679735938749285e-05 -5.7661945556729088e-05 5.513638552029703e-05 0.0040212856883424866 0.0013283540735768754 -6.8458005647269547e-06 0.00050786938579900384 0.0002463615477615166
leaf_weight=27236 27967 124821 68331 1283331 6610 1951 96 281 2026747 2247 4779
leaf_count=27236 27967 124821 68331 1283331 6610 1951 96 281 2026747 2247 4779
internal_value=-2.07836e-08 3.82529e-06 -0.000140032 1.63963e-05 -4.72314e-06 0.000146202 0.000440862 0.00202664 -5.54328e-06 0.00029773 7.50464e-05
internal_weight=3.5744e+06 3.47883e+06 95567 1.40815e+06 2.07068e+06 11185 4575 377 2.05949e+06 4198 32746
internal_count=3574397 3478830 95567 1408152 2070678 11185 4575 377 2059493 4198 32746
is_linear=0
shrinkage=0.00523217


Tree=15
num_leaves=12
num_cat=0
split_feature=0 23 11 12 9 22 6 18 6 0 11
split_gain=69.6984 38.6557 34.7143 17.3717 35.6269 47.9852 16.851 13.6022 11.8259 10.2788 5.48471
threshold=-2.8075786828994747 inf 2.6600701808929448 -2.2809122800827022 0.45396676659584051 0.3211518675088883 -1.1145261526107786 -1.2862774133682249 -2.8905054330825801 0.38414032757282263 0.1958643049001694
decision_type=2 8 8 10 8 10 2 2 2 2 10
left_child=8 6 10 4 -4 -6 -2 -8 -1 -9 -3
right_child=1 2 3 -5 5 -7 7 9 -10 -11 -12
leaf_value=-0.00022210495271703806 -3.7064050303235897e-05 8.1631510068318859e-05 0.00068560712468425638 0.0012792452542202447 0.0038459031661665557 0.015486091428950714 -2.8409792618674154e-05 1.9994173641641463e-06 -9.8415774491022082e-05 2.2102589860859917e-05 0.00048805049987515214
leaf_weight=31676 263232 1392 54 278 43 11.999999999999998 279276 1793603 63886 1138158 2650
leaf_count=31676 263232 1392 54 278 43 12 279276 1793603 63886 1138158 2650
internal_value=-2.53884e-08 3.80384e-06 0.000492234 0.00198732 0.00375285 0.00667225 3.18079e-06 6.48022e-06 -0.000139426 9.80408e-06 0.00034835
internal_weight=3.57426e+06 3.4787e+06 4429 387 109 55 3.47427e+06 3.21104e+06 95562 2.93176e+06 4042
internal_count=3574260 3478698 4429 387 109 55 3474269 3211037 95562 2931761 4042
is_linear=0
shrinkage=0.00523217


Tree=16
num_leaves=12
num_cat=0
split_feature=1 5 11 7 2 24 18 1 8 1 11
split_gain=63.0682 38.8744 34.664 22.8168 54.449 95.697 12.5254 12.7639 9.5012 8.50623 8.21115
threshold=1.937520503997803 inf 3.6227375268936162 1.4586503505706789 1.625470042228699 -0.089055649936199174 -1.2862774133682249 1.0894979834556582 -1.8863635063171384 2.5351264476776127 1.6316003203392031
decision_type=2 8 10 10 10 10 2 2 10 2 10
left_child=1 6 10 -4 5 -5 -1 -8 -6 -2 -3
right_child=9 2 3 4 8 -7 7 -9 -10 -11 -12
leaf_value=-2.9112822157309126e-05 -8.3599295666489403e-05 0.00030063365397774589 0.0010094050316040064 0.0030741465469047193 0.0042886260265223445 0.0259898344806326 1.0373325400109849e-05 -2.4388099542096124e-05 0.00036213260994938655 -0.00017430200372615487 0.00096624472088553876
leaf_weight=290240 96704 3457 110 14.000000000000002 31 6.9999999999999991 2821173 322181 37 40063 596
leaf_count=290240 96704 3457 110 14 31 7 2821173 322181 37 40063 596
internal_value=9.09885e-09 4.39283e-06 0.0005043 0.00263063 0.00458598 0.0117268 3.77336e-06 6.81016e-06 0.00220645 -0.000110176 0.000398964
internal_weight=3.57461e+06 3.43785e+06 4252 199 89 21 3.43359e+06 3.14335e+06 68 136767 4053
internal_count=3574613 3437846 4252 199 89 21 3433594 3143354 68 136767 4053
is_linear=0
shrinkage=0.00523217


Tree=17
num_leaves=12
num_cat=0
split_feature=1 5 17 1 15 13 9 13 3 15 15
split_gain=62.4386 38.3665 17.9274 12.0629 11.2901 11.3087 9.45371 8.13643 8.06001 6.44825 8.63946
threshold=1.937520503997803 inf 2.6439664363861088 1.0682834982872011 0.12197754532098772 2.0320636034011845 0.30306144058704382 2.3967182636260991 -1.2945810556411741 0.051689762622118003 0.033836223185062415
decision_type=2 8 2 2 2 10 10 10 10 2 2
left_child=1 3 8 -1 -4 -6 -2 -7 9 10 -3
right_child=6 2 4 -5 5 7 -8 -9 -10 -11 -12
leaf_value=7.0856820256612957e-06 -7.1964881430527569e-05 0.00089016535521726765 0.00017942381692221906 -2.5035136480023907e-05 0.00072363003447932094 0.011035328285036785 -0.00015990247001917122 0.004412403507455121 7.0863480021114643e-05 0.00055666725562798097 0.0050881508703782422
leaf_weight=3076019 78205 44 26 357230 15.999999999999998 6.9999999999999991 58576 26 1108 3013 19
leaf_count=3076019 78205 44 26 357230 16 7 58576 26 1108 3013 19
internal_value=-2.74136e-09 4.35924e-06 0.000500581 3.74327e-06 0.00301841 0.0044691 -0.000109631 0.00617378 0.000454416 0.000592234 0.00223913
internal_weight=3.57429e+06 3.43751e+06 4259 3.43325e+06 75 49 136781 33 4184 3076 63
internal_count=3574289 3437508 4259 3433249 75 49 136781 33 4184 3076 63
is_linear=0
shrinkage=0.00523217


Tree=18
num_leaves=12
num_cat=0
split_feature=6 10 18 6 20 20 19 18 20 19 14
split_gain=53.2161 14.4291 13.309 9.80553 8.19015 12.5656 59.0487 7.63066 7.81365 5.23313 5.20764
threshold=-1.6516841650009153 inf -1.2862774133682249 -3.1805261373519893 0.47587412595748907 0.6884460747241975 -0.22916380316019055 0.27306458353996282 0.72431325912475597 -1.6931408643722532 -2.2794271707534786
decision_type=2 8 2 2 8 10 10 2 8 8 2
left_child=3 2 -2 -1 -3 6 -6 9 -9 -4 -7
right_child=1 4 7 -5 5 10 -8 8 -10 -11 -12
leaf_value=-0.00014022912655058936 -2.9385834128712893e-05 -2.8189832772878242e-05 0.00016049217956219037 -5.9501549547129467e-05 0.015989610740634822 0.00072255928835158643 0.00020430972607185009 3.9906860196266349e-06 -2.9772449730400255e-05 1.3756461654645356e-05 0.00019784491200866989
leaf_weight=58308 288934 1014 6677 140547 6.9999999999999991 1151 32 956384 233438 1887159 952
leaf_count=58308 288934 1014 6677 140547 7 1151 32 956384 233438 1887159 952
internal_value=0 4.89993e-06 4.56872e-06 -8.31771e-05 0.000358452 0.000541773 0.00344456 7.75047e-06 -2.63285e-06 1.42743e-05 0.000485654
internal_weight=3.5746e+06 3.37575e+06 3.37259e+06 198855 3156 2142 39 3.08366e+06 1.18982e+06 1.89384e+06 2103
internal_count=3574603 3375748 3372592 198855 3156 2142 39 3083658 1189822 1893836 2103
is_linear=0
shrinkage=0.00523217


Tree=19
num_leaves=12
num_cat=0
split_feature=6 23 23 6 20 13 15 15 20 6 20
split_gain=52.5611 29.9593 10.857 9.84772 9.72253 9.61844 7.72356 6.00414 5.07763 4.87307 4.5972
threshold=-1.6516841650009153 inf inf -3.5636961460113521 1.230936646461487 0.86990413069725048 -1.5439849495887754 -0.2199435159564018 2.388242363929749 -0.056440593674778931 -0.40077400207519526
decision_type=2 8 8 2 8 10 2 2 10 2 10
left_child=2 5 3 -1 6 7 -3 -2 -7 -6 -9
right_child=1 4 -4 -5 9 8 -8 10 -10 -11 -12
leaf_value=-0.00015447589708184921 -3.9222342695901906e-07 0.0050819605514873271 0.00061232974354711613 -6.5276244941562059e-05 0.00086191708417729905 -1.115715386563702e-05 -2.2134433926993931e-05 6.747611571754338e-06 -7.9063007458273215e-05 0.00042557319418959095 2.4636086901741543e-05
leaf_weight=43404 1200977 6.9999999999999991 612 154813 1274 558865 988 839678 31868 1592 740061
leaf_count=43404 1200977 7 612 154813 1274 558865 988 839678 31868 1592 740061
internal_value=9.15179e-09 4.87919e-06 -8.26599e-05 -8.48133e-05 0.000465438 4.35136e-06 1.89547e-05 8.42481e-06 -1.4822e-05 0.000620093 1.51284e-05
internal_weight=3.57414e+06 3.37531e+06 198829 198217 3861 3.37145e+06 995 2.78072e+06 590733 2866 1.57974e+06
internal_count=3574139 3375310 198829 198217 3861 3371449 995 2780716 590733 2866 1579739
is_linear=0
shrinkage=0.00523217


Tree=20
num_leaves=12
num_cat=0
split_feature=1 5 17 1 1 1 1 20 1 12 20
split_gain=61.2922 37.0164 17.7991 11.8211 11.2222 9.17312 8.33527 8.05815 6.00275 5.91804 4.93083
threshold=1.937520503997803 inf 2.6439664363861088 1.0894979834556582 -2.1404296159744258 -1.5496603250503538 2.5351264476776127 1.2965490221977236 -1.0168489217758176 1.3878460526466372 1.4133899807929995
decision_type=2 8 2 2 2 2 2 10 2 8 10
left_child=1 3 7 9 -4 -6 -2 -3 10 -1 -9
right_child=6 2 4 -5 5 -7 -8 8 -10 -11 -12
leaf_value=6.0492390493309723e-06 -8.2295271572390129e-05 0 0.0088803818900333106 -2.5360118753101026e-05 0 0.0038605792520123991 -0.00017208572504830654 0.0018416773832309837 0.0034932483903521525 6.3284505568822862e-05 0.00051402352302254472
leaf_weight=3039060 96642 880 6.9999999999999991 343819 29 39 40069 78 18 50276 3212
leaf_count=3039060 96642 880 7 343819 29 39 40069 78 18 50276 3212
internal_value=2.59774e-08 4.34723e-06 0.000491531 3.74188e-06 0.00300032 0.00224202 -0.000108619 0.000445578 0.000563914 6.98097e-06 0.000546394
internal_weight=3.57413e+06 3.43742e+06 4263 3.43316e+06 75 68 136711 4188 3308 3.08934e+06 3290
internal_count=3574129 3437418 4263 3433155 75 68 136711 4188 3308 3089336 3290
is_linear=0
shrinkage=0.00523217


Tree=21
num_leaves=12
num_cat=0
split_feature=23 2 20 20 15 2 15 15 3 19 15
split_gain=37.2323 18.4772 16.8476 10.1875 8.24965 8.01706 7.6282 7.62581 6.87974 6.46711 6.30062
threshold=inf 0.60820448398590099 0.74268031120300304 1.2965490221977236 0.051689762622118003 2.2186276912689213 -1.5439849495887754 0.033836223185062415 -2.5942879915237422 -1.6931408643722532 -0.18296650052070615
decision_type=8 10 8 8 2 8 2 2 8 10 2
left_child=1 9 5 6 7 -3 -2 -5 -4 -1 -11
right_child=3 2 8 4 -6 -7 -8 -9 -10 10 -12
leaf_value=0.00013010890077755458 0.005059415778440577 -8.2013450079889593e-06 -0.00013873792731819361 0.001214015201430726 0.00057774605213245706 0.00022986574827027636 -1.1731210216179218e-05 0.0050384214604864141 -4.685105116838448e-05 -2.5892923231300532e-06 1.4095125578080161e-05
leaf_weight=11651 6.9999999999999991 793781 24664 50 3347 3890 1048 20 234459 1130441 1371024
leaf_count=11651 7 793781 24664 50 3347 3890 1048 20 234459 1130441 1371024
internal_value=6.88079e-09 -5.90646e-07 -1.8947e-05 0.000477055 0.000615785 -7.03902e-06 2.67801e-05 0.00238351 -5.56008e-05 7.12811e-06 6.55493e-06
internal_weight=3.57438e+06 3.56991e+06 1.05679e+06 4472 3417 797671 1055 70 259123 2.51312e+06 2.50146e+06
internal_count=3574382 3569910 1056794 4472 3417 797671 1055 70 259123 2513116 2501465
is_linear=0
shrinkage=0.00523217


Tree=22
num_leaves=12
num_cat=0
split_feature=0 23 6 18 6 0 18 1 22 12 9
split_gain=66.5666 35.7456 16.1043 13.1912 11.3565 9.96657 9.44997 14.8126 7.77077 5.1025 5.06117
threshold=-2.8075786828994747 inf -1.1145261526107786 -1.2862774133682249 -2.8905054330825801 0.38414032757282263 2.7396554946899419 -1.0168489217758176 0.70603403449058544 1.1268943548202517 0.30306144058704382
decision_type=2 8 2 2 2 2 2 2 10 10 10
left_child=4 2 -2 -4 -1 9 -3 -8 -9 -5 -6
right_child=1 6 3 5 10 -7 7 8 -10 -11 -12
leaf_value=-0.00021732973999419905 -3.6238687790500315e-05 0.00011708351587757668 -2.8034542990027856e-05 3.892279335154075e-07 -5.4883818856993276e-05 2.1704601219267186e-05 0.00059824042868282556 0.0019102462058285389 0.0072746767890685795 5.3122192013380094e-05 -0.00014879281674077768
leaf_weight=31666 263311 1399 279283 1741718 35848 1138501 2994 21 11.999999999999998 51724 28026
leaf_count=31666 263311 1399 279283 1741718 35848 1138501 2994 21 12 51724 28026
internal_value=-4.44328e-08 3.69707e-06 3.09817e-06 6.32394e-06 -0.000136293 9.59705e-06 0.000473542 0.000637912 0.00406854 1.91056e-06 -9.61028e-05
internal_weight=3.5745e+06 3.47896e+06 3.47454e+06 3.21123e+06 95540 2.93194e+06 4426 3027 33 1.79344e+06 63874
internal_count=3574503 3478963 3474537 3211226 95540 2931943 4426 3027 33 1793442 63874
is_linear=0
shrinkage=0.00523217


Tree=23
num_leaves=12
num_cat=0
split_feature=1 5 18 1 18 1 15 9 22 15 18
split_gain=59.9121 36.2817 12.2924 12.1918 10.195 14.9546 9.11044 9.07256 7.33076 7.30305 5.67287
threshold=1.937520503997803 inf -1.2862774133682249 1.0682834982872011 2.7396554946899419 -1.0168489217758176 0.051689762622118003 0.29338179528713232 0.70603403449058544 0.033836223185062415 0.176400862634182
decision_type=2 8 2 2 2 2 2 10 10 2 2
left_child=1 2 -1 10 -3 6 9 -2 -7 -6 -4
right_child=7 4 3 -5 5 8 -8 -9 -10 -11 -12
leaf_value=-2.8906972671088208e-05 -7.0079734060661815e-05 8.7288995301675463e-05 1.642540577313881e-05 -2.3168239996922051e-05 0.0011669700367017317 0.0019572936432459441 0.00057178529137498274 -0.00015610932363359432 0.0072400272539549729 0.0052647610779761565 1.2991636137820283e-06
leaf_weight=290183 77416 1246 1660155 334639 33 20 2937 59312 11.999999999999998 19 1148362
leaf_count=290183 77416 1246 1660155 334639 33 20 2937 59312 12 19 1148362
internal_value=2.48663e-09 4.27484e-06 3.67528e-06 6.68361e-06 0.000486373 0.00065061 0.000611253 -0.000107406 0.00414986 0.00276308 1.02408e-05
internal_weight=3.57433e+06 3.43761e+06 3.43334e+06 3.14316e+06 4267 3021 2989 136728 32 52 2.80852e+06
internal_count=3574334 3437606 3433339 3143156 4267 3021 2989 136728 32 52 2808517
is_linear=0
shrinkage=0.00523217


Tree=24
num_leaves=12
num_cat=0
split_feature=0 6 6 0 8 11 6 19 3 0 0
split_gain=64.8312 14.5621 11.0421 7.89357 7.80132 9.30533 8.94011 6.3461 4.31731 4.4673 4.07865
threshold=-2.8075786828994747 -1.1145261526107786 -2.8905054330825801 0.43278893828392034 inf 0.1958643049001694 -0.85148611664772023 -1.6931408643722532 1.2130278348922732 -0.2968925535678863 -4.814875364303588
decision_type=2 2 2 2 8 10 2 8 10 2 2
left_child=2 8 -1 4 7 -6 -7 -3 9 -2 -4
right_child=1 3 10 -5 5 6 -8 -9 -10 -11 -12
leaf_value=-0.000214353511560062 -5.4134926668980442e-05 0.00013875601147567295 -0.00017516304419233535 1.7964810484245231e-05 2.3836291868886559e-05 0.0051958955044910157 0.00049107723840852244 -2.9409643785894272e-07 0.00015410673600234229 -1.0120576675638409e-05 -7.3039063690573421e-05
leaf_weight=31660 153525 9023 13625 1121929 2555 9.9999999999999982 1702 2079320 3308 107299 50296
leaf_count=31660 153525 9023 13625 1121929 2555 10 1702 2079320 3308 107299 50296
internal_value=4.55297e-09 3.69849e-06 -0.000134426 6.76729e-06 7.63481e-07 0.000224224 0.000522593 3.06384e-07 -3.36463e-05 -3.60313e-05 -9.48226e-05
internal_weight=3.57425e+06 3.47867e+06 95581 3.21454e+06 2.09261e+06 4267 1712 2.08834e+06 264132 260824 63921
internal_count=3574252 3478671 95581 3214539 2092610 4267 1712 2088343 264132 260824 63921
is_linear=0
shrinkage=0.00523217


Tree=25
num_leaves=12
num_cat=0
split_feature=0 23 11 21 2 9 3 6 6 0 11
split_gain=64.9078 35.9687 35.3924 18.2817 36.4382 135.327 18.0371 15.5757 11.1517 8.5848 8.10261
threshold=-2.8075786828994747 inf 3.6227375268936162 1.0000000180025095e-35 1.5392579436302187 0.28531764447689062 -1.7832780480384824 -1.1145261526107786 -2.8905054330825801 0.43278893828392034 1.7694120407104494
decision_type=2 8 8 2 10 8 10 2 2 2 10
left_child=8 7 10 -4 5 -5 -6 -2 -1 -9 -3
right_child=1 2 3 4 6 -7 -8 9 -10 -11 -12
leaf_value=-0.00021486098979705591 -3.5593822379860136e-05 0.00028547585747819401 0.00095212764730540783 0.001565195675493708 0.001261755075931605 0.027175940194983244 0.0087850305156373723 -4.8098867962818397e-09 -9.4726344520198517e-05 1.7938599541878701e-05 0.0009800739375234672
leaf_weight=31651 263324 3692 97 19 69 7.0000000000000027 8.9999999999999982 2089292 63917 1121813 526
leaf_count=31651 263324 3692 97 19 69 7 9 2089292 63917 1121813 526
internal_value=-3.95756e-09 3.69128e-06 0.000475373 0.00261466 0.00412954 0.00937183 0.00225815 3.09097e-06 -0.000134524 6.26355e-06 0.000372535
internal_weight=3.57442e+06 3.47885e+06 4419 201 104 26 78 3.47443e+06 95568 3.2111e+06 4218
internal_count=3574416 3478848 4419 201 104 26 78 3474429 95568 3211105 4218
is_linear=0
shrinkage=0.00523217


Tree=26
num_leaves=12
num_cat=0
split_feature=1 10 15 20 1 20 1 9 9 12 3
split_gain=58.1275 15.3208 12.8982 15.1744 11.7078 9.09222 9.76331 9.70369 8.95176 5.66216 5.30488
threshold=1.937520503997803 inf -1.5999152064323423 -0.19141425192356107 1.0894979834556582 1.196576774120331 -1.6686760187149046 0.31191271543502813 0.33253313601017004 1.3878460526466372 1.4388955831527712
decision_type=2 8 2 10 2 8 2 10 10 8 10
left_child=1 4 3 -3 9 -4 -7 -8 -2 -1 -6
right_child=8 2 5 -5 10 6 7 -9 -10 -11 -12
leaf_value=6.1843146913914879e-06 -7.0374093952922645e-05 0.00010194821185598166 -4.3482761697581712e-05 0.010052969771706281 -2.7026248291619556e-05 0.00037148581811896001 0.0019061739132229321 0.00018782014707547539 -0.00015642488390215007 6.217175996741422e-05 0.00019403174579272095
leaf_weight=3040304 80513 8.9999999999999982 1082 6.9999999999999991 340673 1656 251 142 56263 50270 2996
leaf_count=3040304 80513 9 1082 7 340673 1656 251 142 56263 50270 2996
internal_value=-4.90545e-10 4.20827e-06 0.000369043 0.00489434 3.87359e-06 0.000343824 0.000548645 0.00128976 -0.000105778 7.09527e-06 -2.50961e-05
internal_weight=3.57417e+06 3.43739e+06 3147 16 3.43424e+06 3131 2049 393 136776 3.09057e+06 343669
internal_count=3574166 3437390 3147 16 3434243 3131 2049 393 136776 3090574 343669
is_linear=0
shrinkage=0.00523217


Tree=27
num_leaves=12
num_cat=0
split_feature=0 23 0 0 18 18 19 0 22 24 9
split_gain=63.7919 35.4173 13.9338 10.266 9.6236 9.51097 7.75866 6.9387 10.3409 8.81359 6.43264
threshold=-2.8075786828994747 inf 0.3326991498470307 -5.3042252063751212 2.7396554946899419 -1.3444613814353941 -1.4435930848121641 -0.11349516361951827 0.70603403449058544 -0.33495530486106867 0.30306144058704382
decision_type=2 8 2 2 2 2 10 2 10 10 10
left_child=3 2 6 -1 -3 -4 -2 8 -6 -10 -5
right_child=1 4 5 10 7 -7 -8 -9 9 -11 -12
leaf_value=-0.00027126084807422727 7.5717446493249024e-05 0.00011218748157586916 -2.7602995925163496e-05 -7.0359950675621079e-05 0.00099599338012797307 1.9499131350920965e-05 -7.1597047026274961e-06 0.00060187354663418827 0.009882785532395022 0.0016956751808798725 -0.00016316241520252894
leaf_weight=12806 31411 1403 128658 45622 41 1334476 1979815 2970 7 7.9999999999999982 37127
leaf_count=12806 31411 1403 128658 45622 41 1334476 1979815 2970 7 8 37127
internal_value=4.56483e-09 3.66817e-06 3.07179e-06 -0.000133363 0.000471191 1.53567e-05 -5.8649e-06 0.000637269 0.00244919 0.00600876 -0.000112009
internal_weight=3.57434e+06 3.47879e+06 3.47436e+06 95555 4429 1.46313e+06 2.01123e+06 3026 56 15 82749
internal_count=3574344 3478789 3474360 95555 4429 1463134 2011226 3026 56 15 82749
is_linear=0
shrinkage=0.00523217


Tree=28
num_leaves=12
num_cat=0
split_feature=1 10 6 6 1 2 14 3 12 12 2
split_gain=57.2993 15.1092 13.5347 11.472 7.87509 7.85468 9.0283 18.2939 8.21285 7.46384 31.5477
threshold=1.937520503997803 inf -1.1145261526107786 -3.1805261373519893 -2.1404296159744258 1.3887580633163454 -1.2194390892982481 -0.086341984570026384 1.3304923176765444 -2.8687776327133174 1.5784738063812258
decision_type=2 8 2 2 2 10 2 10 8 10 10
left_child=1 2 4 -2 9 8 -7 -8 -3 10 -1
right_child=3 5 -4 -5 -6 6 7 -9 -10 -11 -12
leaf_value=0.0095346084516578257 -0.0001926759601211318 0.00012059007349649037 6.7219301734796452e-06 -7.8818443460479143e-05 -3.4569737104479769e-05 0.00062059457293837765 0 0.010191748387819197 0.0053773815375402437 0.00050102175443038387 -0.00048931565288653882
leaf_weight=11.999999999999998 31494 1820 3188279 105225 245696 1291 12.000000000000002 6.9999999999999991 6.9999999999999991 248 24
leaf_count=12 31494 1820 3188279 105225 245696 1291 12 7 7 248 24
internal_value=-9.38071e-09 4.16844e-06 3.83661e-06 -0.000105053 -3.35582e-05 0.000367053 0.000676228 0.00415887 0.000144634 0.000835287 0.00302727
internal_weight=3.57412e+06 3.4374e+06 3.43426e+06 136719 245980 3137 1310 19 1827 284 36
internal_count=3574115 3437396 3434259 136719 245980 3137 1310 19 1827 284 36
is_linear=0
shrinkage=0.00523217


Tree=29
num_leaves=12
num_cat=0
split_feature=0 23 17 21 6 6 0 20 15 15 15
split_gain=62.4466 35.4306 17.6389 24.2409 15.2157 10.8515 8.73114 7.90239 9.89827 7.68211 6.37401
threshold=-2.8075786828994747 inf 2.6439664363861088 0.18622127920389178 -1.263202905654907 -2.8905054330825801 0.35809722542762762 1.2965490221977236 0.051689762622118003 -1.4326791763305662 0.033836223185062415
decision_type=2 8 2 2 2 2 2 8 2 2 2
left_child=5 4 7 -4 -2 -1 -6 9 10 -3 -9
right_child=1 2 3 -5 6 -7 -8 8 -10 -11 -12
leaf_value=-0.00021127088196398627 -3.8769569817006514e-05 0.0050745410042541223 0.0091720959016434889 0.0015058399327824476 -1.35960420763505e-06 -9.2712566397687218e-05 1.6021299031420747e-05 0.0013619100170154921 0.00051060419293558353 -1.513411236327324e-05 0.0049696338253510195
leaf_weight=31616 222939 6.9999999999999991 12.999999999999998 61 1890943 63893 1360348 43 3268 1017 20
leaf_count=31616 222939 7 13 61 1890943 63893 1360348 43 3268 1017 20
internal_value=1.73668e-08 3.64142e-06 0.000471253 0.00298632 3.04491e-06 -0.000131969 5.91236e-06 0.000427533 0.000551081 2.46857e-05 0.00259016
internal_weight=3.57417e+06 3.47866e+06 4429 74 3.47423e+06 95509 3.25129e+06 4355 3331 1024 63
internal_count=3574168 3478659 4429 74 3474230 95509 3251291 4355 3331 1024 63
is_linear=0
shrinkage=0.00523217


Tree=30
num_leaves=12
num_cat=0
split_feature=0 5 17 21 6 6 0 3 3 0 1
split_gain=61.9357 34.432 17.2201 24.186 15.0654 10.7932 8.62595 7.61285 6.40402 4.05509 3.94392
threshold=-2.8075786828994747 inf 2.6439664363861088 0.18622127920389178 -1.263202905654907 -2.8905054330825801 0.35809722542762762 -1.2945810556411741 1.6068084836006167 -4.814875364303588 -1.5496603250503538
decision_type=2 8 2 2 2 2 2 10 10 2 2
left_child=5 4 7 -4 -2 -1 8 -3 -6 -7 -5
right_child=1 2 3 10 6 9 -8 -9 -10 -11 -12
leaf_value=-0.00021033844481816211 -3.8555562490042987e-05 0.00056168224803752236 0.0091281053188605916 0 -1.9407342409464475e-06 -0.00017225215696675333 1.5959788305583402e-05 5.6698420608648766e-05 0.0001469812062098185 -7.0452419927193125e-05 0.002613147004140583
leaf_weight=31684 222864 3085 12.999999999999998 27 1883282 13636 1360440 1117 7937 50272 35
leaf_count=31684 222864 3085 13 27 1883282 13636 1360440 1117 7937 50272 35
internal_value=2.68619e-08 3.63744e-06 0.000472739 0.00294041 3.0596e-06 -0.00013136 5.91211e-06 0.000427689 -1.31523e-06 -9.21887e-05 0.00148379
internal_weight=3.57439e+06 3.4788e+06 4277 75 3.47452e+06 95592 3.25166e+06 4202 1.89122e+06 63908 62
internal_count=3574392 3478800 4277 75 3474523 95592 3251659 4202 1891219 63908 62
is_linear=0
shrinkage=0.00523217


Tree=31
num_leaves=12
num_cat=0
split_feature=23 11 7 22 7 2 5 2 11 14 22
split_gain=33.8043 35.1365 24.7506 72.7754 86.5904 21.482 20.3007 12.6057 7.98914 8.16223 13.7573
threshold=inf 3.6227375268936162 1.4586503505706789 -0.038775237277150147 2.3875048160552983 1.5392579436302187 2.2531644105911259 0.50735336542129528 1.7694120407104494 -0.44939976930618281 -1.0056738853454588
decision_type=8 8 8 10 10 8 8 10 10 2 10
left_child=6 8 -3 -4 5 -5 7 -1 -2 -10 -11
right_child=1 2 3 4 -6 -7 -8 -9 9 10 -12
leaf_value=8.9087631585539923e-06 0.00026749259061941636 0.00092998476196735728 0.0012542407645466914 0.026639473135360438 0.0021095953933019038 0.010538576297847119 -6.5350530144797801e-05 -1.231902463382513e-05 0.00070738534932287612 0.0070824562242920537 0.001316360568422905
leaf_weight=2292120 3738 113 60 7 15 7 127758 1150035 465 13.999999999999998 50
leaf_count=2292120 3738 113 60 7 15 7 127758 1150035 465 14 50
internal_value=-1.76633e-08 0.000454691 0.00258126 0.00462924 0.0112628 0.0200892 -5.87266e-07 1.81626e-06 0.000353144 0.00095491 0.00269557
internal_weight=3.57438e+06 4469 202 89 29 14 3.56991e+06 3.44216e+06 4267 529 64
internal_count=3574382 4469 202 89 29 14 3569913 3442155 4267 529 64
is_linear=0
shrinkage=0.00523217


Tree=32
num_leaves=12
num_cat=0
split_feature=0 5 11 2 2 12 12 1 18 0 0
split_gain=60.8917 33.3866 33.2782 16.5002 69.8206 125.556 15.5043 13.8737 12.3622 10.0298 9.77888
threshold=-2.8075786828994747 inf 2.6600701808929448 1.5392579436302187 1.4424449205398562 -2.4055881500244136 -0.35147278010845179 1.3380197882652285 -1.2862774133682249 -5.3042252063751212 0.43278893828392034
decision_type=2 8 10 10 10 8 10 2 2 2 2
left_child=9 7 -3 4 -4 -6 -5 8 -2 -1 -10
right_child=1 2 3 6 5 -7 -8 -9 10 -11 -12
leaf_value=-0.00026662884847095027 -2.749862498463121e-05 0.00032023496075699878 0.0019730974671548626 0.00058644062850324275 0.028062842382683948 0.00030630483428179488 0.0064598082301885809 -3.4621915513638254e-05 2.1120791583967761e-06 -0.00010922211639272764 2.2149405047243827e-05
leaf_weight=12807 277347 3879 153 202 7 10.000000000000002 11.999999999999998 249210 1929042 82729 1019052
leaf_count=12807 277347 3879 153 202 7 10 12 249210 1929042 82729 1019052
internal_value=-2.01432e-08 3.55829e-06 0.000466243 0.00193356 0.00314786 0.012861 0.000953195 2.99024e-06 5.89656e-06 -0.000130335 9.03855e-06
internal_weight=3.57445e+06 3.47891e+06 4263 384 170 17 214 3.47465e+06 3.22544e+06 95536 2.94809e+06
internal_count=3574450 3478914 4263 384 170 17 214 3474651 3225441 95536 2948094
is_linear=0
shrinkage=0.00523217


Tree=33
num_leaves=12
num_cat=0
split_feature=6 23 11 5 11 2 2 6 19 12 2
split_gain=47.9374 26.4045 25.3886 9.5892 15.9348 32.9708 48.2309 8.83261 7.28485 7.17667 28.0417
threshold=-1.6516841650009153 inf 2.3633161783218388 inf 3.953612327575684 1.625470042228699 1.1224242448806765 -3.5636961460113521 -1.6931408643722532 -0.35147278010845179 2.2186276912689213
decision_type=2 8 8 8 10 10 10 2 10 8 8
left_child=3 8 -3 7 -5 6 -6 -1 -2 -4 -11
right_child=1 2 9 4 5 -7 -8 -9 -10 10 -12
leaf_value=-0.0001469229859324013 0.00012529206235330654 0.00031147666770422078 0.0016358208783987314 0.00028127306028925901 0.0016581890896883221 0.00049915699874358995 0.018403543546347059 -6.2447176059070839e-05 3.6664621973654549e-06 0 0.011822601742472424
leaf_weight=43397 13535 3554 286 540 12.000000000000002 45 6.9999999999999991 154950 3358146 13.999999999999998 8.0000000000000018
leaf_count=43397 13535 3554 286 540 12 45 7 154950 3358146 14 8
internal_value=-9.36527e-10 4.65056e-06 0.000436967 -7.89252e-05 0.000578532 0.00302375 0.00858384 -8.09347e-05 4.15499e-06 0.00187567 0.00471673
internal_weight=3.57449e+06 3.37554e+06 3862 198951 604 64 19 198347 3.37168e+06 308 22
internal_count=3574494 3375543 3862 198951 604 64 19 198347 3371681 308 22
is_linear=0
shrinkage=0.00523217


Tree=34
num_leaves=12
num_cat=0
split_feature=0 5 17 6 1 6 1 0 20 3 1
split_gain=60.0719 33.0743 16.9204 14.651 10.6786 10.3096 8.99121 8.03232 7.51546 5.79031 5.71519
threshold=-2.8075786828994747 inf 2.6439664363861088 -1.1145261526107786 -2.1404296159744258 -2.8905054330825801 -1.5496603250503538 0.43278893828392034 1.2965490221977236 1.6068084836006167 -1.0168489217758176
decision_type=2 8 2 2 2 2 2 2 10 10 2
left_child=5 3 8 -2 -4 -1 -6 9 -3 -5 -10
right_child=1 2 4 7 6 -7 -8 -9 10 -11 -12
leaf_value=-0.00020665317729748036 -3.4540821682941521e-05 -1.0015232749214587e-05 0.0086450534073733865 -5.9154002537017648e-07 -2.2180079284940732e-05 -9.1145708805790438e-05 0.0037724088620626111 1.7349155630484265e-05 0.00051563029790691105 0.00012983493009418809 0.00339073680076911
leaf_weight=31668 263299 881 6.9999999999999991 2079890 29 63861 39 1121912 3302 9359 18
leaf_count=31668 263299 881 7 2079890 29 63861 39 1121912 3302 9359 18
internal_value=-8.06954e-09 3.54625e-06 0.00046336 2.97997e-06 0.00290944 -0.000129447 0.00216979 6.05674e-06 0.000418694 -6.82404e-09 0.000532661
internal_weight=3.57426e+06 3.47874e+06 4276 3.47446e+06 75 95529 68 3.21116e+06 4201 2.08925e+06 3320
internal_count=3574265 3478736 4276 3474460 75 95529 68 3211161 4201 2089249 3320
is_linear=0
shrinkage=0.00523217


Tree=35
num_leaves=12
num_cat=0
split_feature=1 10 18 1 11 4 4 1 17 11 18
split_gain=54.1504 12.9982 12.247 11.6122 10.4748 21.2791 58.2342 7.78164 7.16013 7.07233 10.4642
threshold=1.937520503997803 inf -1.2862774133682249 1.0894979834556582 3.6227375268936162 -1.4179891943931577 -1.7726059556007383 2.5351264476776127 2.4210273027420048 1.3492949008941653 2.7396554946899419
decision_type=2 8 2 2 8 10 8 2 2 8 2
left_child=1 2 -1 9 8 6 -6 -2 -3 -4 -11
right_child=7 4 3 -5 5 -7 -8 -9 -10 10 -12
leaf_value=-2.880841815264812e-05 -7.6725318853038639e-05 0.00026638370155464438 7.4958234160775362e-06 -2.3048224455259802e-05 0.001353506495969036 0 0.017554026958635782 -0.00016349350361225418 0.0030182510561017196 3.3870043056036485e-05 0.00049728950629024024
leaf_weight=290098 96682 3041 2565384 321967 25 49 6.9999999999999991 40048 25 255525 1340
leaf_count=290098 96682 3041 2565384 321967 25 49 7 40048 25 255525 1340
internal_value=-3.39086e-08 4.02757e-06 3.71929e-06 6.72069e-06 0.000340073 0.00218531 0.00542063 -0.000102147 0.000290239 1.01171e-05 3.6293e-05
internal_weight=3.57419e+06 3.43746e+06 3.43431e+06 3.14422e+06 3147 81 32 136730 3066 2.82225e+06 256865
internal_count=3574191 3437461 3434314 3144216 3147 81 32 136730 3066 2822249 256865
is_linear=0
shrinkage=0.00523217


Tree=36
num_leaves=12
num_cat=0
split_feature=6 6 13 8 14 6 3 2 12 12 2
split_gain=47.0423 8.47477 7.35625 7.99315 12.3918 8.23926 5.63182 7.91472 4.41374 3.57913 3.25792
threshold=-1.6516841650009153 -3.5636961460113521 0.86990413069725048 inf -2.2794271707534786 -0.70749130845069874 0.65600886940956127 1.6802175641059878 1.3878460526466372 1.2882848381996157 -0.14450758695602414
decision_type=2 2 10 8 2 2 10 10 10 10 10
left_child=1 -1 8 6 5 -5 10 9 -2 -8 -4
right_child=2 -3 3 4 -6 -7 7 -9 -10 -11 -12
leaf_value=-0.00014270245284987875 7.3309424500289203e-06 -6.0112517864137616e-05 1.3192114156839253e-05 0.0049375940118147124 4.0040603564334684e-05 0.00074722827467534547 8.3263521080207268e-06 0.00043483998210522767 6.0916476577343803e-05 0.00017701785708401088 -2.7522840810210277e-05
leaf_weight=43578 2739465 155340 62176 11.999999999999998 1874 787 125330 1228 42740 3540 398256
leaf_count=43578 2739465 155340 62176 12 1874 787 125330 1228 42740 3540 398256
internal_value=-2.0023e-08 -7.82107e-05 4.58766e-06 -1.21396e-05 0.000273253 0.000818367 -1.34333e-05 1.69602e-05 8.15443e-06 1.2968e-05 -2.2023e-05
internal_weight=3.57433e+06 198918 3.37541e+06 593203 2673 799 590530 130098 2.7822e+06 128870 460432
internal_count=3574326 198918 3375408 593203 2673 799 590530 130098 2782205 128870 460432
is_linear=0
shrinkage=0.00523217


Tree=37
num_leaves=12
num_cat=0
split_feature=1 5 11 12 21 1 18 1 1 13 12
split_gain=53.4625 31.7462 30.4084 14.0027 35.2149 97.864 11.8205 11.0623 7.58891 6.67104 15.5371
threshold=1.937520503997803 inf 2.6600701808929448 -2.2809122800827022 1.0000000180025095e-35 -2.0169777870178218 -1.2862774133682249 1.0682834982872011 2.5351264476776127 2.3967182636260991 -0.35147278010845179
decision_type=2 8 10 10 2 2 2 2 2 10 10
left_child=1 6 -3 4 -4 -6 -1 -8 -2 10 -5
right_child=8 2 3 9 5 -7 7 -9 -10 -11 -12
leaf_value=-2.8495277196573977e-05 -7.636129284724939e-05 0.00031516128681534551 0.00036609034755249732 0.0014233573450583915 0.018242589261650913 0.0022351796760503567 9.7922754350277015e-06 -2.2033287079269567e-05 -0.00016202585478208609 -1.3993898252772839e-05 0.0088434413226360503
leaf_weight=290210 96644 3891 53 187 12.999999999999998 42 2808504 334598 40085 83 6.9999999999999991
leaf_count=290210 96644 3891 53 187 13 42 2808504 334598 40085 83 7
internal_value=-2.01677e-08 4.01527e-06 0.0004545 0.00185537 0.00345 0.00633724 3.45383e-06 6.40403e-06 -0.000101483 0.00121873 0.00174714
internal_weight=3.57432e+06 3.43759e+06 4276 385 108 55 3.43331e+06 3.1431e+06 136729 277 194
internal_count=3574317 3437588 4276 385 108 55 3433312 3143102 136729 277 194
is_linear=0
shrinkage=0.00523217


Tree=38
num_leaves=12
num_cat=0
split_feature=1 5 1 16 1 9 1 20 20 3 3
split_gain=52.8259 31.7227 10.4143 9.81737 12.1545 8.62553 7.47597 7.36559 6.99094 5.45343 4.74229
threshold=1.937520503997803 inf 1.0894979834556582 -0.0031836626585572954 -1.0168489217758176 0.30306144058704382 -2.3468189239501949 3.0738145112991337 2.5284775495529179 1.4388955831527712 -2.9232525825500484
decision_type=2 8 2 2 2 10 2 10 10 8 10
left_child=1 2 -1 -3 6 -2 8 -6 -5 -4 -8
right_child=5 3 9 4 7 -7 10 -9 -10 -11 -12
leaf_value=6.4923771966320456e-06 -6.4860612218810653e-05 0.00017320528285866857 -2.5894626957684018e-05 0.00049445714817906452 0.0020819328298810895 -0.00014886433840310051 0.00092962940890693572 0.0075079028653328751 0.0036402422860521448 0.00019011092069094943 0.00041028246753672742
leaf_weight=3089638 78187 1889 340582 37 28 58571 708 8.9999999999999982 42 3228 1545
leaf_count=3089638 78187 1889 340582 37 28 58571 708 9 42 3228 1545
internal_value=3.95715e-10 4.01246e-06 3.45243e-06 0.000455282 0.000679668 -0.000100845 0.000630954 0.00361436 0.00220592 -2.38636e-05 0.000574244
internal_weight=3.57446e+06 3.43771e+06 3.43345e+06 4258 2369 136758 2332 37 79 343810 2253
internal_count=3574464 3437706 3433448 4258 2369 136758 2332 37 79 343810 2253
is_linear=0
shrinkage=0.00523217


Tree=39
num_leaves=12
num_cat=0
split_feature=1 5 11 7 22 13 1 11 1 14 22
split_gain=52.3941 31.5254 31.3326 22.072 73.6422 74.3466 10.1896 7.5707 7.48004 6.7324 14.8023
threshold=1.937520503997803 inf 3.6227375268936162 1.4586503505706789 0.2054957449436188 2.3967182636260991 1.0682834982872011 1.6316003203392031 2.5351264476776127 -0.44939976930618281 -1.0056738853454588
decision_type=2 8 10 10 10 10 2 10 2 2 10
left_child=1 6 7 -4 -5 -6 -1 -3 -2 -9 -11
right_child=8 2 3 4 5 -7 -8 9 -10 10 -12
leaf_value=6.5335637955188293e-06 -7.546379937533015e-05 0.00025990241538065447 0.00090820113626224365 0.0012074807288934898 0.019914646552394812 0.0022775882162564833 -2.2986956454679637e-05 0.00068556966489875587 -0.000160499333053946 0.0070078469040846031 0.0011531120152539194
leaf_weight=3076282 96729 3467 111 61 13 13 357255 523 40087 13.999999999999998 59
leaf_count=3076282 96729 3467 111 61 13 13 357255 523 40087 14 59
internal_value=2.38799e-08 4.02022e-06 0.000453726 0.00248068 0.00443877 0.0116082 3.46175e-06 0.000354057 -0.000100386 0.00089882 0.00238053
internal_weight=3.57461e+06 3.4378e+06 4261 198 87 26 3.43354e+06 4063 136816 596 73
internal_count=3574614 3437798 4261 198 87 26 3433537 4063 136816 596 73
is_linear=0
shrinkage=0.00523217


Tree=40
num_leaves=12
num_cat=0
split_feature=0 23 11 7 2 24 1 17 1 17 0
split_gain=57.2972 31.3631 34.7026 25.0246 58.4878 113.751 13.2521 10.0583 11.0186 9.70542 8.23329
threshold=-2.8075786828994747 inf 3.6227375268936162 1.4586503505706789 1.625470042228699 -0.079669538885354982 1.3380197882652285 2.6439664363861088 -1.5496603250503538 0.52197241783142101 0.43278893828392034
decision_type=2 8 8 8 10 8 2 2 2 2 2
left_child=9 6 7 -4 5 -5 10 -3 -9 -1 -2
right_child=1 2 3 4 -6 -7 -8 8 -10 -11 -12
leaf_value=-7.203367909189141e-05 -4.399072056379156e-07 0.00031057948050923121 0.00088626481297866854 0.0029241157627676127 0.0020920508743144748 0.027523066908031472 -3.3861795533456818e-05 -3.286082568853145e-05 0.0044842162040621076 -0.00017758681169807822 1.7044101812356731e-05
leaf_weight=46341 2084474 4168 113 14.999999999999998 68 7.0000000000000027 249137 26 32 49211 1140791
leaf_count=46341 2084474 4168 113 15 68 7 249137 26 32 49211 1140791
internal_value=-6.56989e-09 3.465e-06 0.000443417 0.0025509 0.00459356 0.0117899 2.90379e-06 0.000341306 0.00248553 -0.000126405 5.74402e-06
internal_weight=3.57438e+06 3.47883e+06 4429 203 90 22 3.4744e+06 4226 58 95552 3.22526e+06
internal_count=3574383 3478831 4429 203 90 22 3474402 4226 58 95552 3225265
is_linear=0
shrinkage=0.00523217


Tree=41
num_leaves=12
num_cat=0
split_feature=2 20 2 19 15 14 11 17 22 20 17
split_gain=15.2073 12.7077 7.77691 6.25792 5.74078 5.10555 8.8219 17.5146 15.6796 5.02136 4.8563
threshold=0.50735336542129528 0.72431325912475597 2.2186276912689213 -1.6931408643722532 -0.18296650052070615 -2.2794271707534786 3.6227375268936162 1.2563527822494509 0.61697039008140575 -0.39230161905288691 0.53309768438339245
decision_type=10 8 8 10 2 2 10 2 10 10 2
left_child=3 2 -2 -1 -5 6 -3 -8 -9 -6 -7
right_child=1 5 -4 4 9 10 7 8 -10 -11 -12
leaf_value=0.00012810484611662759 -6.4856793794342986e-06 9.4265936353526175e-05 0.00022740605566200209 -1.9335034415194056e-06 4.5908976329498071e-06 -3.3241663800659028e-05 0.00015878597107585121 0.0070102419578618284 -4.982550741263073e-05 2.5243779853221912e-05 -7.946838870968066e-05
leaf_weight=11759 914806 4165 3907 1057718 671435 200296 80 23 12.999999999999998 619929 90320
leaf_count=11759 914806 4165 3907 1057718 671435 200296 80 23 13 619929 90320
internal_value=-3.0813e-08 -1.50831e-05 -5.48985e-06 7.70662e-06 7.10353e-06 -4.49669e-05 0.000134333 0.00155063 0.00451863 1.45061e-05 -4.76114e-05
internal_weight=3.57445e+06 1.21361e+06 918713 2.36084e+06 2.34908e+06 294897 4281 116 36 1.29136e+06 290616
internal_count=3574451 1213610 918713 2360841 2349082 294897 4281 116 36 1291364 290616
is_linear=0
shrinkage=0.00523217


Tree=42
num_leaves=12
num_cat=0
split_feature=6 5 18 5 2 2 24 18 6 18 2
split_gain=45.3165 24.2407 12.4974 8.55854 9.07851 31.0042 60.671 8.41608 7.86588 7.73265 6.37786
threshold=-1.7362686395645139 inf -1.2862774133682249 inf 1.5392579436302187 1.4424449205398562 -0.12497390061616896 2.7396554946899419 -3.5636961460113521 0.27306458353996282 0.49842372536659246
decision_type=2 8 2 8 8 10 10 2 2 2 10
left_child=3 2 -2 8 5 -5 -7 -3 -1 10 -4
right_child=1 7 9 4 -6 6 -8 -9 -10 -11 -12
leaf_value=-0.00014336602667879516 -2.8946464664465363e-05 7.1373798677918705e-05 1.9370779376753496e-05 0.00065970589554616762 0.00014371789596331788 0.00083769944683750202 0.01868221249515515 0.00060401272993595425 -6.2773763863847965e-05 -3.4248179549511442e-06 -2.2489897719429969e-06
leaf_weight=43404 289706 1216 1388292 139 416 15.000000000000002 6.9999999999999991 2468 140748 1197069 510956
leaf_count=43404 289706 1216 1388292 139 416 15 7 2468 140748 1197069 510956
internal_value=2.71922e-08 4.37646e-06 3.91463e-06 -7.97754e-05 0.000555635 0.00160621 0.0072132 0.000428499 -8.17742e-05 6.98954e-06 1.3554e-05
internal_weight=3.57444e+06 3.38971e+06 3.38602e+06 184729 577 161 22 3684 184152 3.09632e+06 1.89925e+06
internal_count=3574436 3389707 3386023 184729 577 161 22 3684 184152 3096317 1899248
is_linear=0
shrinkage=0.00523217


Tree=43
num_leaves=12
num_cat=0
split_feature=1 23 6 6 16 1 12 13 6 1 6
split_gain=50.9863 31.348 13.2816 10.2537 8.36967 7.02554 6.56857 6.10666 6.08834 9.13607 5.39257
threshold=1.937520503997803 inf -1.1145261526107786 -3.1805261373519893 -0.0031836626585572954 -2.3468189239501949 1.4582876563072207 0.86990413069725048 -0.056440593674778931 -1.0168489217758176 -0.81965321302413929
decision_type=2 8 2 2 2 2 10 8 2 2 2
left_child=1 2 -1 -2 -3 10 7 -4 9 -7 -6
right_child=3 4 6 -5 5 8 -8 -9 -10 -11 -12
leaf_value=-3.3750382164606954e-05 -0.00018186937117873857 0.00019204061013040414 8.6515096641309949e-06 -7.427708798420611e-05 0.0044721983306367447 0.00076141626125397917 7.5102451647688284e-05 -1.0877473395599804e-05 0.00030739624228717511 0.0032778227502353705 0.0013180255170395861
leaf_weight=245227 31530 1980 2624183 105258 20 1225 37441 526205 1077 40 60
leaf_count=245227 31530 1980 2624183 105258 20 1225 37441 526205 1077 40 60
internal_value=-2.18737e-08 3.91997e-06 3.35387e-06 -9.90846e-05 0.000445111 0.000651471 6.20841e-06 5.38935e-06 0.000598186 0.000844606 0.0021701
internal_weight=3.57425e+06 3.43746e+06 3.43306e+06 136788 4402 2422 3.18783e+06 3.15039e+06 2342 1265 80
internal_count=3574246 3437458 3433056 136788 4402 2422 3187829 3150388 2342 1265 80
is_linear=0
shrinkage=0.00523217


Tree=44
num_leaves=12
num_cat=0
split_feature=23 11 5 7 7 13 12 12 9 11 9
split_gain=30.2775 32.636 18.9065 18.7357 76.7013 12.6679 10.634 9.90334 8.29696 6.1089 6.9771
threshold=inf 3.3330680131912236 2.2531644105911259 1.4586503505706789 1.5168890357017519 0.86990413069725048 -3.3152588605880733 -0.38066203892230982 0.67230552434921276 0.20635019987821582 0.53858560323715221
decision_type=8 8 8 8 10 10 10 8 10 10 10
left_child=2 9 5 -3 -5 -1 -6 -8 -7 -2 -11
right_child=1 3 -4 4 6 8 7 -9 -10 10 -12
leaf_value=6.4940643616936946e-06 4.8057650852718106e-05 0.00085760435896348414 -6.304555756027466e-05 0.019283249886483025 0.0068904768860028219 -1.3667542967636188e-05 0.0014202647232096181 0.0075092856702157658 -8.1217608552979214e-05 0.00059109215084992466 -8.4769934934276212e-05
leaf_weight=2820672 1463 125 127723 6.9999999999999991 12.999999999999998 566901 91 6.9999999999999991 54576 2264 510
leaf_count=2820672 1463 125 127723 7 13 566901 91 7 54576 2264 510
internal_value=2.47586e-09 0.000429809 -5.36826e-07 0.00229045 0.003778 1.78239e-06 0.00260016 0.0019476 -1.9601e-05 0.000322299 0.000466562
internal_weight=3.57435e+06 4480 3.56987e+06 243 118 3.44215e+06 111 98 621477 4237 2774
internal_count=3574352 4480 3569872 243 118 3442149 111 98 621477 4237 2774
is_linear=0
shrinkage=0.00523217


Tree=45
num_leaves=12
num_cat=0
split_feature=6 23 11 14 4 23 11 24 8 19 6
split_gain=44.381 23.6659 23.7201 11.9864 14.1652 8.39574 15.9274 22.2377 32.2672 30.5636 7.54673
threshold=-1.7362686395645139 inf 2.3633161783218388 -0.44939976930618281 -0.70946845412254322 inf 3.3330680131912236 -0.098073836416006074 -1.0737566351890562 3.5377088785171513 -3.5636961460113521
decision_type=2 8 8 2 10 8 10 10 8 10 2
left_child=5 -2 -3 -4 -5 10 -7 -8 9 -9 -1
right_child=1 2 3 4 -6 6 7 8 -10 -11 -12
leaf_value=-0.00014129667900827074 3.8244173041068374e-06 0.00029022070482430796 0.0013860728798321797 0.0089738457345680533 0.0021538280167701439 0.00017531642103692796 0.00078790706731746206 0.017489891018048927 -0.00044952681064635571 0.0028440305079225877 -6.2358031915917827e-05
leaf_weight=43409 3385716 3576 276 11.999999999999998 27 491 62 7.9999999999999973 11.000000000000002 8 140733
leaf_count=43409 3385716 3576 276 12 27 491 62 8 11 8 140733
internal_value=-1.03365e-08 4.29341e-06 0.000412049 0.00178629 0.00447453 -7.89869e-05 0.000548718 0.00257052 0.00643069 0.0109131 -8.09719e-05
internal_weight=3.57433e+06 3.38961e+06 3891 315 39 184722 580 89 27 16 184142
internal_count=3574329 3389607 3891 315 39 184722 580 89 27 16 184142
is_linear=0
shrinkage=0.00523217


Tree=46
num_leaves=12
num_cat=0
split_feature=6 23 17 7 13 23 24 4 4 17 6
split_gain=43.8269 23.737 11.8709 9.49834 8.67264 8.14381 8.13968 11.6129 26.3059 48.0813 7.54268
threshold=-1.7362686395645139 inf 2.6439664363861088 2.3875048160552983 0.86990413069725048 inf -0.13455434143543241 -1.1157426238059995 -1.5031113624572752 1.9968670606613161 -3.5636961460113521
decision_type=2 8 2 10 10 8 8 10 10 2 2
left_child=5 4 -3 -4 -2 10 -7 8 -8 -10 -1
right_child=1 2 3 -5 -6 6 7 -9 9 -11 -12
leaf_value=-0.00014077938751648386 7.6826162196540378e-06 0.00038518758175873737 0.00045611134544813704 0.0060790280642879059 -1.4326947242625271e-05 0.00019992509679948512 0.00084731415638010879 -4.258440820411184e-05 0.0020459459554751014 0.017892700998431835 -6.1838884875550058e-05
leaf_weight=43381 2791158 3856 15.999999999999998 17 594479 451 50 59 16.000000000000004 6.9999999999999991 140677
leaf_count=43381 2791158 3856 16 17 594479 451 50 59 16 7 140677
internal_value=1.08813e-08 4.28733e-06 0.00041276 0.00348631 3.81775e-06 -7.84888e-05 0.000538128 0.00167559 0.00305364 0.00754092 -8.04497e-05
internal_weight=3.57417e+06 3.38953e+06 3889 33 3.38564e+06 184641 583 132 73 23 184058
internal_count=3574167 3389526 3889 33 3385637 184641 583 132 73 23 184058
is_linear=0
shrinkage=0.00523217


Tree=47
num_leaves=12
num_cat=0
split_feature=5 11 7 22 13 5 13 18 3 18 11
split_gain=29.9186 30.5715 21.5575 71.0635 72.5241 18.5319 12.2862 12.1953 8.05347 7.34276 7.16745
threshold=inf 3.6227375268936162 1.4586503505706789 0.2054957449436188 2.3967182636260991 2.2531644105911259 0.86990413069725048 -1.2677692174911497 0.38103774189949041 0.176400862634182 1.7694120407104494
decision_type=8 10 10 10 10 10 8 2 8 2 10
left_child=5 10 -3 -4 -5 6 7 -1 -8 -9 -2
right_child=1 2 3 4 -6 -7 8 9 -10 -11 -12
leaf_value=-2.7186896876458219e-05 0.00025354418930268504 0.00087192589038584119 0.0012421849802419895 0.019613464961143499 0.0021991397080546355 -6.2388302054750772e-05 -3.2695157578581014e-05 1.7334187736017938e-05 7.1677452618571048e-06 -7.0635389231193582e-07 0.00090858779230851901
leaf_weight=267581 3540 112 63 13 13 127790 412333 1506767 209056 1046501 526
leaf_count=267581 3540 112 63 13 13 127790 412333 1506767 209056 1046501 526
internal_value=4.5156e-09 0.0004378 0.00242439 0.00433211 0.0114101 -5.1867e-07 1.77797e-06 6.41759e-06 -1.92827e-05 9.93965e-06 0.000338721
internal_weight=3.5743e+06 4267 201 89 26 3.57003e+06 3.44224e+06 2.82085e+06 621389 2.55327e+06 4066
internal_count=3574295 4267 201 89 26 3570028 3442238 2820849 621389 2553268 4066
is_linear=0
shrinkage=0.00523217


Tree=48
num_leaves=12
num_cat=0
split_feature=0 5 11 7 19 13 0 0 18 17 11
split_gain=55.4528 27.7927 27.1365 20.8049 34.8581 39.5427 12.4783 9.79442 8.93758 8.88784 8.33544
threshold=-2.8075786828994747 inf 3.953612327575684 1.4586503505706789 3.5377088785171513 2.3967182636260991 0.3326991498470307 -5.3042252063751212 -1.4122443199157713 2.6439664363861088 1.6316003203392031
decision_type=2 8 10 10 10 10 2 2 2 2 10
left_child=7 6 9 -4 5 -5 -2 -1 -8 10 -3
right_child=1 2 3 4 -6 -7 8 -9 -10 -11 -12
leaf_value=-0.00025906239700999954 -5.5834813544963714e-06 0.00020899820429272245 0.00084856434157085895 0.013377350936040968 0.0017392621703078146 -0.00032655401978884759 -3.1421883560027947e-05 -0.00010351252106489647 1.8139992136255655e-05 0.0022900101532333369 0.00087304470653104755
leaf_weight=12806 2011409 3434 95 18 46 8.0000000000000018 107493 82746 1355736 62 610
leaf_count=12806 2011409 3434 95 18 46 8 107493 82746 1355736 62 610
internal_value=-2.31058e-08 3.39205e-06 0.000425045 0.00248592 0.00458675 0.00930037 2.87314e-06 -0.000124371 1.44985e-05 0.000340338 0.000309588
internal_weight=3.57446e+06 3.47891e+06 4273 167 72 26 3.47464e+06 95552 1.46323e+06 4106 4044
internal_count=3574463 3478911 4273 167 72 26 3474638 95552 1463229 4106 4044
is_linear=0
shrinkage=0.00523217


Tree=49
num_leaves=12
num_cat=0
split_feature=0 23 11 7 22 13 0 17 17 0 11
split_gain=54.4531 29.6718 33.7593 24.0575 70.8724 66.0571 12.5125 9.78495 9.67243 9.22435 7.61917
threshold=-2.8075786828994747 inf 3.6227375268936162 1.4586503505706789 0.2054957449436188 2.3967182636260991 0.34934721887111669 2.6439664363861088 0.52197241783142101 -0.063951328396797166 1.6316003203392031
decision_type=2 8 8 8 10 10 2 2 2 2 10
left_child=8 6 7 -4 -5 -6 -2 10 -1 -9 -3
right_child=1 2 3 4 5 -7 -8 9 -10 -11 -12
leaf_value=-6.8902846027546263e-05 -5.314467671341576e-06 0.00020991067196186511 0.00087576524432297301 0.0015254790687216765 0.019468758087338275 0.0024279342299758041 1.4909973248845611e-05 0.0042769976441158859 -0.00017429809068246431 0.00012133423308177707 0.00085328504456579687
leaf_weight=46312 2066236 3586 111 64 13 12 1408132 32 49200 27 587
leaf_count=46312 2066236 3586 111 64 13 12 1408132 32 49200 27 587
internal_value=4.40683e-08 3.42816e-06 0.000431208 0.00252607 0.00453694 0.0117987 2.8821e-06 0.00033134 -0.000123204 0.00242833 0.00030082
internal_weight=3.57431e+06 3.4788e+06 4432 200 89 25 3.47437e+06 4232 95512 59 4173
internal_count=3574312 3478800 4432 200 89 25 3474368 4232 95512 59 4173
is_linear=0
shrinkage=0.00523217


Tree=50
num_leaves=12
num_cat=0
split_feature=0 1 18 6 18 1 11 0 19 9 6
split_gain=54.0659 12.7573 12.1749 9.73806 9.73026 21.1273 29.2522 8.87718 5.55072 4.68242 3.68561
threshold=-2.8075786828994747 1.3380197882652285 -1.2862774133682249 -2.8905054330825801 2.7396554946899419 -1.0032830238342283 3.6227375268936162 0.43278893828392034 -1.6931408643722532 0.30306144058704382 -0.76145952939987172
decision_type=2 2 2 2 2 2 10 2 10 10 2
left_child=3 2 -2 -1 7 6 -6 8 -4 -5 -3
right_child=1 10 4 9 5 -7 -8 -9 -10 -11 -12
leaf_value=-0.00019781822762918207 -2.6956275147054708e-05 -5.4461040931633516e-05 0.0001414174677921252 -4.5915617251697288e-05 0.00038811452325161045 -2.8603466370390627e-05 0.0024970983291066032 2.1262771583732806e-05 1.5940278926330592e-06 -0.00013623933856205276 -1.4085574714580599e-05
leaf_weight=31670 277749 114821 7803 35846 3165 4967 190 1018568 1917021 28028 134420
leaf_count=31670 277749 114821 7803 35846 3165 4967 190 1018568 1917021 28028 134420
internal_value=4.24082e-09 3.37693e-06 6.16067e-06 -0.000122783 9.27718e-06 0.000187925 0.000508627 8.77173e-06 2.16136e-06 -8.55642e-05 -3.26892e-05
internal_weight=3.57425e+06 3.4787e+06 3.22946e+06 95544 2.95171e+06 8322 3355 2.94339e+06 1.92482e+06 63874 249241
internal_count=3574248 3478704 3229463 95544 2951714 8322 3355 2943392 1924824 63874 249241
is_linear=0
shrinkage=0.00523217


Tree=51
num_leaves=12
num_cat=0
split_feature=0 1 10 6 17 24 0 1 17 20 20
split_gain=53.5136 12.6591 10.3618 9.70698 8.8787 8.09813 7.35149 5.66827 18.766 5.5928 5.39989
threshold=-2.8075786828994747 1.3380197882652285 inf -2.8905054330825801 1.9968670606613161 -2.7727544307708736 0.43278893828392034 -2.1404296159744258 2.6439664363861088 1.196576774120331 1.4133899807929995
decision_type=2 2 8 2 2 10 2 2 2 8 10
left_child=3 2 6 -1 9 -6 7 8 -2 -4 -11
right_child=1 -3 4 -5 5 -7 -8 -9 -10 10 -12
leaf_value=-0.00019709883960950417 0.00036282146335398939 -3.258281686864462e-05 -5.3854822856987629e-05 -8.5014128779602158e-05 0.0072212609320024494 0.0014900730648941104 1.6513742312312129e-05 -1.7140682078831859e-07 0.0083366139122405414 0.0015246160670246921 0.00036301557931899794
leaf_weight=31664 760 249192 958 63864 6.9999999999999991 50 1140861 2084880 6.9999999999999991 116 1858
leaf_count=31664 760 249192 958 63864 7 50 1140861 2084880 7 116 1858
internal_value=-6.55617e-09 3.34815e-06 6.12089e-06 -0.000122176 0.000313984 0.00234011 5.83532e-06 -5.45313e-09 0.000449355 0.000273394 0.000432554
internal_weight=3.57422e+06 3.47869e+06 3.2295e+06 95528 2989 57 3.22651e+06 2.08565e+06 767 2932 1974
internal_count=3574217 3478689 3229497 95528 2989 57 3226508 2085647 767 2932 1974
is_linear=0
shrinkage=0.00523217


Tree=52
num_leaves=12
num_cat=0
split_feature=0 1 18 10 0 0 20 1 1 19 18
split_gain=52.8474 12.6619 11.999 11.5473 9.52514 8.43302 5.71802 8.52832 5.69158 3.33786 3.15188
threshold=-2.8075786828994747 1.3380197882652285 -1.2862774133682249 inf -4.814875364303588 0.43278893828392034 1.196576774120331 -1.6686760187149046 -2.1404296159744258 -1.4934427738189695 -2.2969599962234493
decision_type=2 2 2 8 2 2 8 2 2 10 2
left_child=4 2 10 5 -1 8 -5 -8 -4 -3 -2
right_child=1 9 3 6 -6 -7 7 -9 -10 -11 -12
leaf_value=-0.00020427686358006673 5.3835269743600932e-05 0.0001103444164519255 0.00045538569807937126 -9.0436524371466048e-05 -8.8449557104709742e-05 2.104713332064601e-05 0.00032585252193893452 0.0012011398306875213 2.2626466732398733e-06 -3.5188534335998153e-05 -3.0644973321085574e-05
leaf_weight=27196 12660 4388 758 605 68306 1018950 1662 374 1929640 244802 265087
leaf_count=27196 12660 4388 758 605 68306 1018950 1662 374 1929640 244802 265087
internal_value=-1.99852e-08 3.31311e-06 6.08594e-06 9.17957e-06 -0.000121444 8.86956e-06 0.000354925 0.000487635 2.44127e-06 -3.26221e-05 -2.67912e-05
internal_weight=3.57443e+06 3.47893e+06 3.22974e+06 2.95199e+06 95502 2.94935e+06 2641 2036 1.9304e+06 249190 277747
internal_count=3574428 3478926 3229736 2951989 95502 2949348 2641 2036 1930398 249190 277747
is_linear=0
shrinkage=0.00523217


Tree=53
num_leaves=12
num_cat=0
split_feature=0 23 11 1 16 1 2 18 0 0 0
split_gain=52.1906 28.0658 32.336 13.5261 12.5473 50.4907 20.6541 11.5185 8.71344 8.39392 7.36383
threshold=-3.0856363773345943 inf 3.6227375268936162 1.3380197882652285 -0.0031836626585572954 -2.1404296159744258 0.56149893999099743 -1.2862774133682249 0.43278893828392034 -5.3042252063751212 -0.056634405627846711
decision_type=2 8 8 2 2 2 10 2 2 2 2
left_child=9 3 -3 7 -4 6 -6 -2 -9 -1 -7
right_child=1 2 4 -5 5 10 -8 8 -10 -11 -12
leaf_value=-0.00025354626618506195 -2.6734713557753742e-05 0.00032080738342516542 0.00030147446267221145 -3.358949038648233e-05 0.0046113719019524905 0.00040299282418890497 0.018153356632665547 1.991563781428358e-06 2.090678997704063e-05 -0.00010762903522644689 0.0030486687853566881
leaf_weight=12798 277431 4233 55 262083 6.9999999999999982 44 7 1929271 1018839 69271 89
leaf_count=12798 277431 4233 55 262083 7 44 7 1929271 1018839 69271 89
internal_value=2.20548e-08 3.08738e-06 0.00041899 2.55813e-06 0.00245865 0.0032515 0.0123214 5.49547e-06 8.52877e-06 -0.000130397 0.00219065
internal_weight=3.57413e+06 3.49206e+06 4435 3.48762e+06 202 147 14 3.22554e+06 2.94811e+06 82069 133
internal_count=3574128 3492059 4435 3487624 202 147 14 3225541 2948110 82069 133
is_linear=0
shrinkage=0.00523217


Tree=54
num_leaves=12
num_cat=0
split_feature=0 1 18 10 6 0 3 20 1 1 0
split_gain=51.85 12.3281 11.7724 11.3636 9.59303 8.31511 6.12456 5.67414 8.7665 5.59712 3.71613
threshold=-2.8075786828994747 1.3380197882652285 -1.2862774133682249 inf -2.8905054330825801 0.43278893828392034 1.4388955831527712 1.196576774120331 -1.5496603250503538 -2.1404296159744258 -4.814875364303588
decision_type=2 2 2 8 2 2 10 8 2 2 2
left_child=4 2 -2 5 -1 9 -3 -5 -9 -4 -6
right_child=1 6 3 7 10 -7 -8 8 -10 -11 -12
leaf_value=-0.00019470933043233034 -2.648374199265987e-05 -3.4526890143061313e-05 0.00045221720856255398 -9.0772607592474954e-05 -0.00015996944855161692 2.0929418532139964e-05 0.00024666489633801895 0.00035881545765532251 0.0014294295638495841 2.2768770319934671e-06 -6.2467398772723891e-05
leaf_weight=31658 277766 247093 756 606 13620 1018935 2137 1795 237 1929522 50242
leaf_count=31658 277766 247093 756 606 13620 1018935 2137 1795 237 1929522 50242
internal_value=4.14947e-08 3.34381e-06 6.08015e-06 9.14466e-06 -0.000120219 8.83728e-06 -3.21115e-05 0.000352324 0.000484839 2.45379e-06 -8.3277e-05
internal_weight=3.57437e+06 3.47885e+06 3.22962e+06 2.95185e+06 95520 2.94921e+06 249230 2638 2032 1.93028e+06 63862
internal_count=3574367 3478847 3229617 2951851 95520 2949213 249230 2638 2032 1930278 63862
is_linear=0
shrinkage=0.00523217


Tree=55
num_leaves=12
num_cat=0
split_feature=0 5 1 16 1 15 0 0 20 19 19
split_gain=51.5692 27.7175 13.2128 9.13421 11.6911 12.9061 8.20413 7.37778 7.27628 5.86104 4.52906
threshold=-3.0856363773345943 inf 1.3380197882652285 -0.0031836626585572954 -1.0168489217758176 0.079187825322151198 -5.3042252063751212 0.43278893828392034 3.0738145112991337 -1.6931408643722532 3.0813105106353764
decision_type=2 8 2 2 2 2 2 2 10 10 8
left_child=6 2 7 -3 5 10 -1 9 -6 -2 -5
right_child=1 3 -4 4 8 -7 -8 -9 -10 -11 -12
leaf_value=-0.00025129397000264752 0.00013804664672597107 0.00015267350971104904 -3.3148757263887815e-05 0.0050051475402440046 0.0020001771596859143 0.00054250294680106999 -0.00010708232684431563 1.6165045238131768e-05 0.0073848120050611392 -9.4122488159419555e-07 0.0010677602102879256
leaf_weight=12808 8338 1889 262266 23 28 2297 69272 1140868 8.9999999999999982 2076438 13.999999999999998
leaf_count=12808 8338 1889 262266 23 28 2297 69272 1140868 9 2076438 14
internal_value=3.27157e-08 3.07984e-06 2.56439e-06 0.000424805 0.000641093 0.000593368 -0.000129599 5.46836e-06 0.00351905 -3.84884e-07 0.00361553
internal_weight=3.57425e+06 3.49217e+06 3.48791e+06 4260 2371 2334 82080 3.22564e+06 37 2.08478e+06 37
internal_count=3574250 3492170 3487910 4260 2371 2334 82080 3225644 37 2084776 37
is_linear=0
shrinkage=0.00523217


Tree=56
num_leaves=12
num_cat=0
split_feature=0 23 11 22 22 13 6 6 11 0 2
split_gain=50.9568 27.9258 31.8133 17.4204 111.019 42.3791 12.9003 9.44736 7.20487 6.98287 6.81549
threshold=-2.8075786828994747 inf 3.6227375268936162 0.52850455045700084 0.2054957449436188 2.3967182636260991 -1.1145261526107786 -2.8905054330825801 1.7694120407104494 0.35809722542762762 1.5784738063812258
decision_type=2 8 8 10 10 10 2 2 10 2 8
left_child=7 6 8 4 -4 -6 -2 -1 -3 -8 -10
right_child=1 2 3 -5 5 -7 9 -9 10 -11 -12
leaf_value=-0.00019306717349413589 -3.2468214125990615e-05 0.00023871375577791116 0.0013818945439969636 0.00036889451572060883 0.019750010244156561 0.0038451282769511987 -9.6430487620429898e-07 -8.2529505807646888e-05 0.0015947588258798822 1.4658525010231303e-05 0.00038257564263575604
leaf_weight=31685 263293 3701 109 73 13 8 1856201 63911 220 1354788 306
leaf_count=31685 263293 3701 109 73 13 8 1856201 63911 220 1354788 306
internal_value=-5.19616e-09 3.26949e-06 0.000418367 0.00243623 0.00357722 0.014255 2.73984e-06 -0.000119177 0.000320615 5.62707e-06 0.000893535
internal_weight=3.57431e+06 3.47871e+06 4430 203 130 21 3.47428e+06 95596 4227 3.21099e+06 526
internal_count=3574308 3478712 4430 203 130 21 3474282 95596 4227 3210989 526
is_linear=0
shrinkage=0.00523217


Tree=57
num_leaves=12
num_cat=0
split_feature=0 23 6 20 15 15 0 0 8 0 19
split_gain=50.4695 27.6883 16.1302 8.65034 8.33603 7.48575 7.46337 7.08091 8.3662 6.7107 6.70969
threshold=-3.411179661750793 inf -1.263202905654907 1.2965490221977236 0.051689762622118003 -1.5439849495887754 0.35809722542762762 -0.11349516361951827 -2.0425819158554073 -5.3042252063751212 -1.4934427738189695
decision_type=2 8 2 8 2 2 2 2 8 2 10
left_child=9 2 -2 5 -5 -3 10 8 -6 -1 -4
right_child=1 3 6 4 7 -7 -8 -9 -10 -11 -12
leaf_value=-0.00024824541148594484 -3.9491528773022261e-05 0.004979868929352294 8.6560860753638326e-05 0.0023999476531169697 0.0055372094018097638 -4.4606712357502053e-05 1.4613945340496236e-05 0.000473217675302881 0.001032075684310978 -0.00011545380152138891 -2.529671076401468e-06
leaf_weight=12808 236525 6.9999999999999991 23429 64 15 1023 1360300 3292 42 56217 1880478
leaf_count=12808 236525 7 23429 64 15 1023 1360300 3292 42 56217 1880478
internal_value=-3.9811e-09 2.75484e-06 2.23065e-06 0.000415479 0.000542269 -4.01192e-06 5.25411e-06 0.000505694 0.00231985 -0.00014011 -1.43287e-06
internal_weight=3.5742e+06 3.50518e+06 3.50073e+06 4443 3413 1030 3.26421e+06 3349 57 69025 1.90391e+06
internal_count=3574200 3505175 3500732 4443 3413 1030 3264207 3349 57 69025 1903907
is_linear=0
shrinkage=0.00523217


Tree=58
num_leaves=12
num_cat=0
split_feature=0 5 6 16 1 0 1 9 12 19 12
split_gain=50.0162 26.9202 15.9248 8.84071 11.5181 7.32613 7.16371 7.07175 7.06786 6.7517 5.74925
threshold=-3.411179661750793 inf -1.263202905654907 -0.0031836626585572954 -1.0168489217758176 0.35809722542762762 -2.3468189239501949 0.34362362325191503 -1.2322008013725279 -1.4934427738189695 1.2203283309936526
decision_type=2 8 2 2 2 2 2 10 10 10 8
left_child=7 2 -2 -3 6 9 -5 -1 -6 10 -4
right_child=1 3 5 4 8 -7 -8 -9 -10 -11 -12
leaf_value=-8.8570029151138359e-05 -3.9220448221092241e-05 0.0001502685395347774 5.050227419652862e-05 0.0021245515659136897 0.006460304393827606 1.4510473382150997e-05 0.00052775928339159734 -0.00019467134907195092 0.0016167343688507289 -2.4875722109281096e-06 0.00027184954477651682
leaf_weight=35863 236546 1892 19605 79 12.999999999999998 1360440 2262 33119 24 1880799 3845
leaf_count=35863 236546 1892 19605 79 13 1360440 2262 33119 24 1880799 3845
internal_value=-5.08314e-09 2.74022e-06 2.23357e-06 0.00041787 0.000630262 5.23742e-06 0.000583033 -0.000139525 0.00348687 -1.38704e-06 8.68418e-05
internal_weight=3.57449e+06 3.5055e+06 3.50124e+06 4270 2378 3.26469e+06 2341 68982 37 1.90425e+06 23450
internal_count=3574487 3505505 3501235 4270 2378 3264689 2341 68982 37 1904249 23450
is_linear=0
shrinkage=0.00523217


Tree=59
num_leaves=12
num_cat=0
split_feature=0 5 6 17 21 0 9 19 16 7 0
split_gain=49.3607 26.6935 15.736 15.3972 22.595 7.3212 6.96559 6.82509 6.19856 4.92038 4.14439
threshold=-3.411179661750793 inf -1.263202905654907 2.6439664363861088 0.18622127920389178 0.43278893828392034 0.34362362325191503 -1.6931408643722532 -0.0096995271742343885 inf -1.5719175934791563
decision_type=2 8 2 2 2 2 10 10 2 8 2
left_child=6 2 10 8 -5 7 -1 9 -3 -4 -2
right_child=1 3 5 4 -6 -7 -8 -9 -10 -11 -12
leaf_value=-8.7961192272949874e-05 -7.7564233221474798e-05 -6.9298947108004517e-05 0.00013533178368382983 0.0087281953651259844 0.0013430967116426821 1.605683000859873e-05 -0.0001932293760911651 -1.0478149973362448e-06 0.00046446760333312558 0.0031191217133165281 -2.6508467529349227e-05
leaf_weight=35894 57551 715 9384 12.999999999999998 62 1126172 33134 2128740 3483 13.999999999999998 178987
leaf_count=35894 57551 715 9384 13 62 1126172 33134 2128740 3483 14 178987
internal_value=4.96465e-08 2.77854e-06 2.2738e-06 0.000416011 0.00274928 5.26007e-06 -0.000138505 -4.26283e-07 0.000373372 0.000140254 -3.89343e-05
internal_weight=3.57415e+06 3.50512e+06 3.50085e+06 4273 75 3.26431e+06 69028 2.13814e+06 4198 9398 236538
internal_count=3574149 3505121 3500848 4273 75 3264310 69028 2138138 4198 9398 236538
is_linear=0
shrinkage=0.00523217


Tree=60
num_leaves=12
num_cat=0
split_feature=1 1 9 12 15 14 15 17 1 19 19
split_gain=44.8964 9.05507 7.96931 5.21038 4.41526 5.23586 12.877 4.24089 3.99399 3.83495 3.33392
threshold=1.937520503997803 0.87273317575454723 0.30306144058704382 1.5502182841300967 0.060793908312916763 -2.2794271707534786 0.15711088478565219 0.53309768438339245 2.5351264476776127 -1.3704244494438169 -1.4435930848121641
decision_type=2 2 10 8 2 2 2 2 2 10 10
left_child=1 3 9 4 -1 6 -6 -3 -4 -2 -5
right_child=2 7 8 10 5 -7 -8 -9 -10 -11 -12
leaf_value=6.9868076473752924e-07 0.00012788667935446595 -5.8161300394222547e-06 -0.0001073567690265908 0.00026432519465953701 0.00057689070556157492 1.3035452330035945e-05 -1.9058918629569792e-05 -3.7973563149579158e-05 -0.00019803509271439497 -6.5568272286621059e-05 6.2274039793488973e-05
leaf_weight=1597714 2910 323377 38102 2485 1551 1315217 2746 172035 20495 75285 22524
leaf_count=1597714 2910 323377 38102 2485 1551 1315217 2746 172035 20495 75285 22524
internal_value=9.96284e-09 3.70919e-06 -9.29468e-05 7.19389e-06 6.5489e-06 1.36319e-05 0.000195961 -1.69847e-05 -0.00013909 -5.83568e-05 8.23944e-05
internal_weight=3.57444e+06 3.43765e+06 136792 2.94224e+06 2.91723e+06 1.31951e+06 4297 495412 58597 78195 25009
internal_count=3574441 3437649 136792 2942237 2917228 1319514 4297 495412 58597 78195 25009
is_linear=0
shrinkage=0.00523217


Tree=61
num_leaves=12
num_cat=0
split_feature=5 11 15 2 2 3 5 2 3 17 20
split_gain=26.4271 28.895 20.7455 29.3462 135.188 20.3843 17.3444 10.7257 10.6162 10.1694 9.51265
threshold=inf 2.6600701808929448 0.13101903349161151 1.5392579436302187 1.4424449205398562 -1.7832780480384824 2.2531644105911259 0.50735336542129528 -2.2407977581024165 2.6439664363861088 0.72431325912475597
decision_type=8 10 2 10 8 10 10 10 10 2 8
left_child=6 9 3 4 8 -5 7 -1 -3 -2 -9
right_child=1 2 -4 5 -6 -7 -8 10 -10 -11 -12
leaf_value=8.2931017562080638e-06 0.00024154880827336649 0.0042369311426379286 0.00022749713614634553 0.00065709586900928739 0.024117946592335005 0.0080303007654853736 -6.0318480481631554e-05 -3.12780518611802e-06 0.00033715482120807381 0.002429231489615785 -3.9040430102985358e-05
leaf_weight=2292027 3821 55 148 135 7.9999999999999991 9.9999999999999982 127822 888798 30 58 261294
leaf_count=2292027 3821 55 148 135 8 10 127822 888798 30 58 261294
internal_value=1.98933e-08 0.000411575 0.00177497 0.00272803 0.00500743 0.00123191 -4.71702e-07 1.75048e-06 0.00289336 0.000275197 -1.12877e-05
internal_weight=3.57421e+06 4265 386 238 93 145 3.56994e+06 3.44212e+06 85 3879 1.15009e+06
internal_count=3574206 4265 386 238 93 145 3569941 3442119 85 3879 1150092
is_linear=0
shrinkage=0.00523217


Tree=62
num_leaves=12
num_cat=0
split_feature=0 23 1 3 0 0 3 1 4 0 3
split_gain=48.2372 25.8825 14.2319 8.03789 7.10606 6.6683 6.65439 5.72222 5.70149 9.84682 4.36021
threshold=-3.411179661750793 inf 1.3380197882652285 -1.2945810556411741 0.43278893828392034 -5.3042252063751212 1.3189107179641726 -1.6686760187149046 -2.1924159526824947 -0.11349516361951827 1.6068084836006167
decision_type=2 8 2 10 2 2 10 2 10 2 10
left_child=5 2 4 7 10 -1 -4 -3 9 -9 -2
right_child=1 3 6 -5 -6 -7 -8 8 -10 -11 -12
leaf_value=-0.00024480037571256012 -9.4998611736994275e-07 0.00042143124176268691 -3.6971011515268125e-05 4.2518028296215308e-05 1.5790745863658677e-05 -0.00011238663633047985 0.00018329854324682313 0.0041416147712505019 0.00045799523353087345 0.0011299981762279828 0.00011461482092308488
leaf_weight=12797 2075896 2500 271190 1236 1140733 56228 3805 32 337 338 8975
leaf_count=12797 2075896 2500 271190 1236 1140733 56228 3805 32 337 338 8975
internal_value=2.05638e-08 2.71823e-06 2.2114e-06 0.000401757 5.29196e-06 -0.000136951 -3.39195e-05 0.000539893 0.000956243 0.00140499 -4.5205e-07
internal_weight=3.57407e+06 3.50504e+06 3.5006e+06 4443 3.2256e+06 69025 274995 3207 707 370 2.08487e+06
internal_count=3574067 3505042 3500599 4443 3225604 69025 274995 3207 707 370 2084871
is_linear=0
shrinkage=0.00523217


Tree=63
num_leaves=12
num_cat=0
split_feature=1 23 1 3 9 1 9 4 24 3 4
split_gain=43.7735 25.6464 8.72589 8.09814 7.95873 7.22196 11.4351 7.23415 6.03757 5.04328 4.80894
threshold=1.937520503997803 inf 1.0894979834556582 -1.6655727624893186 0.29338179528713232 -1.6686760187149046 0.39162580668926245 -1.7726059556007383 0.7144259810447694 1.4388955831527712 -1.5031113624572752
decision_type=2 8 2 10 10 2 10 10 10 10 10
left_child=1 2 -1 5 -2 10 7 -7 -8 -4 -3
right_child=4 3 9 -5 -6 6 8 -9 -10 -11 -12
leaf_value=5.91525888965151e-06 -5.6844448803804389e-05 0.00021189474437092776 -2.3753220258888298e-05 0.00010664473769679138 -0.00013739585538645257 0.0020714360757305159 -0.00013513905854539525 0.00055457100077261842 0.0030071836812002929 0.00019171604590925402 0.000710867973121977
leaf_weight=3089575 77475 1228 340810 1614 59338 275 207 129 17 2998 938
leaf_count=3089575 77475 1228 340810 1614 59338 275 207 129 17 2998 938
internal_value=-7.43793e-09 3.64492e-06 3.13256e-06 0.00040243 -9.17876e-05 0.00057289 0.00106747 0.0015921 0.000114307 -2.18713e-05 0.000428619
internal_weight=3.5746e+06 3.43779e+06 3.43338e+06 4408 136813 2794 628 404 224 343808 2166
internal_count=3574604 3437791 3433383 4408 136813 2794 628 404 224 343808 2166
is_linear=0
shrinkage=0.00523217


Tree=64
num_leaves=12
num_cat=0
split_feature=0 23 17 1 24 12 10 9 0 0 15
split_gain=47.623 25.5598 15.1839 13.9902 10.5357 18.64 16.9158 6.99103 6.93388 5.79742 5.88514
threshold=-3.411179661750793 inf 2.6439664363861088 1.3380197882652285 0.12047975882887842 -1.3118260502815244 1.4534438252449038 0.34362362325191503 0.43278893828392034 -0.027361687272787091 -1.5439849495887754
decision_type=2 8 2 2 10 10 10 10 2 2 2
left_child=7 3 9 8 5 6 -4 -1 -2 10 -3
right_child=1 2 4 -5 -6 -7 -8 -9 -10 -11 -12
leaf_value=-8.5492673452025538e-05 -4.3855056769360549e-07 0.0048961050019859604 0.013889901634052034 -3.3648392351978428e-05 -0.00043664567347372551 0.0014964736880062536 0.003492848332759888 -0.00019098672638701958 1.5605180777724252e-05 -3.5080502201346741e-05 0.00044027969212838593
leaf_weight=35878 2085244 6.9999999999999991 7.0000000000000009 274899 20 34 12 33105 1140856 825 3539
leaf_count=35878 2085244 7 7 274899 20 34 12 33105 1140856 825 3539
internal_value=5.77237e-09 2.68511e-06 0.000399183 2.18145e-06 0.00274855 0.00394863 0.00795228 -0.000136133 5.2348e-06 0.000359031 0.000450931
internal_weight=3.57443e+06 3.50544e+06 4444 3.501e+06 73 53 19 68983 3.2261e+06 4371 3546
internal_count=3574426 3505443 4444 3500999 73 53 19 68983 3226100 4371 3546
is_linear=0
shrinkage=0.00523217


Tree=65
num_leaves=12
num_cat=0
split_feature=1 1 11 1 3 12 19 15 3 3 11
split_gain=42.9003 8.72579 7.1597 6.47102 5.41891 5.04978 4.42949 3.44393 3.32187 2.53744 2.5269
threshold=1.937520503997803 1.0682834982872011 1.3492949008941653 2.5351264476776127 1.2130278348922732 1.3878460526466372 -1.1162987351417539 0.060793908312916763 1.1955590248107912 -1.7215971946716306 4.3383243083953866
decision_type=2 2 10 2 8 8 10 2 10 8 10
left_child=1 2 5 8 -3 7 -7 -1 9 -2 -4
right_child=3 4 10 -5 -6 6 -8 -9 -10 -11 -12
leaf_value=-2.1639026718145956e-06 -0.00012029305231329705 -2.3875136106779287e-05 2.8141340989781405e-05 -0.00014678777620433933 0.00011697580223466078 0.00015778553750298255 3.1644808623659572e-05 9.6245153914765513e-06 0.00012319601153145093 -5.7125339372171417e-05 0.00010295317505694544
leaf_weight=1541998 23099 349607 269027 40080 7638 9715 35472 1211310 2429 71168 12964
leaf_count=1541998 23099 349607 269027 40080 7638 9715 35472 1211310 2429 71168 12964
internal_value=5.17062e-10 3.61629e-06 6.45521e-06 -9.08719e-05 -2.08611e-05 3.92281e-06 5.87857e-05 3.02209e-06 -6.76852e-05 -7.26137e-05 3.15839e-05
internal_weight=3.57451e+06 3.43773e+06 3.08049e+06 136776 357245 2.7985e+06 45187 2.75331e+06 96696 94267 281991
internal_count=3574507 3437731 3080486 136776 357245 2798495 45187 2753308 96696 94267 281991
is_linear=0
shrinkage=0.00523217


Tree=66
num_leaves=12
num_cat=0
split_feature=0 6 18 10 15 20 0 0 11 0 6
split_gain=46.7646 14.406 12.1044 9.56017 10.1888 17.6815 7.833 6.46738 6.40662 4.29787 3.57763
threshold=-3.411179661750793 -1.263202905654907 -1.2677692174911497 inf -1.5999152064323423 -0.19141425192356107 0.43278893828392034 -5.3042252063751212 0.1958643049001694 -1.5719175934791563 -0.88526099920272816
decision_type=2 2 2 8 2 10 2 2 8 2 2
left_child=7 9 -3 6 5 -5 -4 -1 -6 -2 -9
right_child=1 2 3 4 8 -7 -8 10 -10 -11 -12
leaf_value=-0.00024106523249184766 -7.6077913611505375e-05 -2.6374530627400938e-05 2.3470033135524643e-06 0 -2.0989486759774074e-05 0.0099592152910304779 2.0330639695182893e-05 -0.00013625031215483603 0.0005020562986903026 -2.4110880038843096e-05 -4.2408370140329585e-05
leaf_weight=12805 57542 296466 1969150 12.000000000000002 1066 6.9999999999999991 999713 40879 1596 179762 15318
leaf_count=12805 57542 296466 1969150 12 1066 7 999713 40879 1596 179762 15318
internal_value=-9.04211e-09 2.64604e-06 5.50452e-06 8.68532e-06 0.000320923 0.00402829 8.40296e-06 -0.000134897 0.000292384 -3.67157e-05 -0.000110687
internal_weight=3.57432e+06 3.50531e+06 3.26801e+06 2.97154e+06 2681 19 2.96886e+06 69002 2662 237304 56197
internal_count=3574316 3505314 3268010 2971544 2681 19 2968863 69002 2662 237304 56197
is_linear=0
shrinkage=0.00523217


Tree=67
num_leaves=12
num_cat=0
split_feature=0 6 17 0 12 7 0 20 2 0 0
split_gain=46.4977 13.9602 6.68885 6.42434 4.60544 6.95873 4.27209 3.25076 2.90186 2.77242 2.74277
threshold=-3.411179661750793 -1.263202905654907 1.0920544862747195 0.43278893828392034 1.2203283309936526 inf -1.5719175934791563 1.2622854709625246 2.2186276912689213 -5.3042252063751212 -5.3042252063751212
decision_type=2 2 2 2 8 8 2 10 10 2 2
left_child=2 6 10 4 -3 7 -2 -6 -5 -4 -1
right_child=1 3 9 8 5 -7 -8 -9 -10 -11 -12
leaf_value=-0.00019031592391682665 -7.5329749390818128e-05 -1.008700695832525e-06 -0.00031202771623074267 1.542123517427259e-05 3.9500130651458312e-05 0.0046062071870470308 -2.3520231947507054e-05 0.00022870409595205919 0.00043241812758527487 -0.00017569497554281797 -8.0471419391927608e-05
leaf_weight=7434 57543 2093717 5360 1125641 45501 7.9999999999999991 179788 2631 456 17502 38701
leaf_count=7434 57543 2093717 5360 1125641 45501 8 179788 2631 456 17502 38701
internal_value=1.19704e-08 2.65984e-06 -0.000134495 5.47394e-06 1.54303e-07 5.07514e-05 -3.60856e-05 4.98645e-05 1.55913e-05 -0.000207708 -9.81931e-05
internal_weight=3.57428e+06 3.50528e+06 68997 3.26795e+06 2.14186e+06 48140 237331 48132 1.1261e+06 22862 46135
internal_count=3574282 3505285 68997 3267954 2141857 48140 237331 48132 1126097 22862 46135
is_linear=0
shrinkage=0.00523217


Tree=68
num_leaves=12
num_cat=0
split_feature=0 5 11 15 12 1 1 9 0 13 11
split_gain=45.8265 24.9414 28.4453 20.612 23.0548 60.6713 11.9096 8.1712 6.70383 6.41723 4.61213
threshold=-3.0856363773345943 inf 2.6600701808929448 0.13101903349161151 -2.8687776327133174 -2.0169777870178218 1.3380197882652285 0.30306144058704382 0.37942911684513098 2.0320636034011845 0.1958643049001694
decision_type=2 8 10 2 10 2 2 10 2 10 10
left_child=7 6 10 4 5 -4 8 -1 -2 -6 -3
right_child=1 2 3 -5 9 -7 -8 -9 -10 -11 -12
leaf_value=-7.153368102792315e-05 -1.1064742968136578e-06 4.5007564021789639e-06 0.013347557588841014 0.00021820136134513467 0.00296817309981115 0 -3.1528312331303263e-05 -0.00017601387301682982 1.4252205308689115e-05 0.0010707666999710094 0.00039132013187044296
leaf_weight=42322 1915827 1248 17 149 96 19 262341 39799 1309863 106 2632
leaf_count=42322 1915827 1248 17 149 96 19 262341 39799 1309863 106 2632
internal_value=-1.06287e-08 2.86199e-06 0.000402583 0.00175343 0.00270538 0.00651529 2.37263e-06 -0.00012218 5.13001e-06 0.00198848 0.000267146
internal_weight=3.57442e+06 3.4923e+06 4267 387 238 36 3.48803e+06 82121 3.22569e+06 202 3880
internal_count=3574419 3492298 4267 387 238 36 3488031 82121 3225690 202 3880
is_linear=0
shrinkage=0.00523217


Tree=69
num_leaves=12
num_cat=0
split_feature=5 5 2 20 16 15 2 3 22 22 20
split_gain=24.5804 16.6319 10.2402 9.47424 8.43514 10.3452 7.63249 5.35554 4.76417 6.12725 5.51124
threshold=inf 2.2531644105911259 0.48019275069236761 0.72431325912475597 -0.0031836626585572954 0.079187825322151198 2.2186276912689213 -2.2407977581024165 0.19172126054763797 0.22173549979925158 2.6826170682907109
decision_type=8 8 10 8 2 2 10 8 10 10 10
left_child=1 2 -1 6 -2 -6 -4 -3 -7 10 -10
right_child=4 7 3 -5 5 8 -8 -9 9 -11 -12
leaf_value=8.25182943215754e-06 0.00013585192832362249 -0.00014779559108016709 -3.7121272073122177e-06 -3.8075793789868137e-05 0.0032768131778084125 0.00037372929801739424 0.00023445894372296623 -4.6147160313437239e-05 -2.1883525224579286e-05 0.00079257016224227705 0.0055359793965110374
leaf_weight=2251794 1896 16269 918533 268447 38 1454 3697 111542 7.0000000000000027 861 12.999999999999998
leaf_count=2251794 1896 16269 918533 268447 38 1454 3697 111542 7 861 13
internal_value=-1.13582e-08 -4.86084e-07 1.68966e-06 -1.072e-05 0.000396717 0.000604635 -2.75619e-06 -5.90935e-05 0.000559168 0.000863395 0.00366014
internal_weight=3.57455e+06 3.57028e+06 3.44247e+06 1.19068e+06 4269 2373 922230 127811 2335 881 20
internal_count=3574551 3570282 3442471 1190677 4269 2373 922230 127811 2335 881 20
is_linear=0
shrinkage=0.00523217


Tree=70
num_leaves=12
num_cat=0
split_feature=1 5 11 12 21 1 12 3 1 1 3
split_gain=41.1824 24.4049 28.2346 12.1797 33.4605 91.7317 9.08473 16.7387 7.93748 6.30308 5.43797
threshold=1.937520503997803 inf 2.6600701808929448 -2.2809122800827022 1.0000000180025095e-35 -2.0169777870178218 -0.35147278010845179 -2.0636135339736934 1.0463269948959353 2.5351264476776127 1.2130278348922732
decision_type=2 8 10 10 2 2 10 10 2 2 8
left_child=1 8 -3 4 -4 -6 -5 -8 -1 -2 -10
right_child=9 2 3 6 5 -7 7 -9 10 -11 -12
leaf_value=5.8400472520126393e-06 -6.6127138373951036e-05 0.00026423905656389044 0.00023192358282563943 0.00090438045834298117 0.017574415944375997 0.002079805799364942 0 0.010274465278957489 -2.2749289920837478e-05 -0.00014419143169916673 0.00011525981781760051
leaf_weight=3062089 96711 3879 53 262 12.999999999999998 42 8.9999999999999982 6.9999999999999991 363236 40085 7985
leaf_count=3062089 96711 3879 53 262 13 42 9 7 363236 40085 7985
internal_value=1.84862e-08 3.56154e-06 0.000399049 0.00174676 0.00323517 0.00604915 0.00115441 0.00485799 3.06988e-06 -8.9009e-05 -1.97782e-05
internal_weight=3.57437e+06 3.43758e+06 4265 386 108 55 278 16 3.43331e+06 136796 371221
internal_count=3574371 3437575 4265 386 108 55 278 16 3433310 136796 371221
is_linear=0
shrinkage=0.00523217


Tree=71
num_leaves=12
num_cat=0
split_feature=23 5 13 18 18 18 16 22 22 2 13
split_gain=24.5772 16.3773 11.3472 11.628 8.22421 7.15917 5.76478 6.469 5.91521 16.7669 5.23018
threshold=inf 2.2531644105911259 0.92471164464950573 -1.2499459385871885 2.7396554946899419 0.176400862634182 -0.0031836626585572954 0.1845338046550751 0.36845263838768011 1.5392579436302187 0.63758718967437755
decision_type=8 10 8 2 2 2 2 10 10 10 10
left_child=1 2 3 -1 -2 -5 -6 -8 9 -9 -3
right_child=4 10 -4 5 6 -7 7 8 -10 -11 -12
leaf_value=-2.5928348841269537e-05 6.2167398826516357e-05 -3.3277384439806446e-05 -1.9998226032814987e-05 1.6601244284912603e-05 0.00022598939427002199 -1.0161838608370744e-06 0.00046752395888141276 0.0044121884750381616 0.00079165551650098765 0.00098986117749766921 -0.00010285910292634644
leaf_weight=284124 1444 81251 553940 1528133 1041 1075991 1210 51 557 166 46544
leaf_count=284124 1444 81251 553940 1528133 1041 1075991 1210 51 557 166 46544
internal_value=1.9406e-08 -4.65851e-07 1.69322e-06 5.85373e-06 0.000387736 9.32164e-06 0.000542797 0.000708387 0.00108261 0.00181741 -5.86266e-05
internal_weight=3.57445e+06 3.56998e+06 3.44219e+06 2.88825e+06 4469 2.60412e+06 3025 1984 774 217 127795
internal_count=3574452 3569983 3442188 2888248 4469 2604124 3025 1984 774 217 127795
is_linear=0
shrinkage=0.00523217


Tree=72
num_leaves=12
num_cat=0
split_feature=0 5 11 16 0 17 0 17 0 3 11
split_gain=44.7242 23.6702 28.0764 14.8887 20.7347 48.1756 11.254 9.07535 8.89365 8.63697 7.12007
threshold=-3.411179661750793 inf 3.6227375268936162 -0.0031836626585572954 -0.049498803913593285 1.9968670606613161 0.32056987285614019 2.6439664363861088 -0.063951328396797166 1.6068084836006167 1.6316003203392031
decision_type=2 8 10 2 2 2 2 2 2 10 10
left_child=-1 6 7 -4 -5 -6 9 10 -9 -2 -3
right_child=1 2 3 4 5 -7 -8 8 -10 -11 -12
leaf_value=-0.00013184726617199741 -6.6719186650080636e-06 0.00017529699533101045 -6.301665414805355e-05 0.0013576214173633321 0.0035627004998456265 0.017319457399437549 1.2966380227314119e-05 0.0041309241309267749 5.3745731017816201e-05 0.00016605821367839338 0.00080106852271819397
leaf_weight=69035 1989531 3424 53 82 58 6.9999999999999991 1503843 32 27 7955 583
leaf_count=69035 1989531 3424 53 82 58 7 1503843 32 27 7955 583
internal_value=3.28546e-08 2.63022e-06 0.000392078 0.00230077 0.00315215 0.00533919 2.15535e-06 0.000297353 0.00231614 -5.98352e-06 0.000266754
internal_weight=3.57463e+06 3.5056e+06 4266 200 147 65 3.50133e+06 4066 59 1.99749e+06 4007
internal_count=3574630 3505595 4266 200 147 65 3501329 4066 59 1997486 4007
is_linear=0
shrinkage=0.00523217


Tree=73
num_leaves=12
num_cat=0
split_feature=13 10 12 14 19 16 19 12 10 22 19
split_gain=12.6008 15.1566 7.99773 5.72911 6.40461 23.1738 5.09728 6.0394 4.62519 3.92786 3.63596
threshold=0.86990413069725048 inf -0.85477280616760243 -2.2794271707534786 -0.51357772946357716 -0.77599075436592091 -1.6931408643722532 inf 0.89207175374031078 -0.49364599585533137 -1.4934427738189695
decision_type=10 8 8 2 8 2 10 8 10 10 8
left_child=6 2 -2 9 5 -5 7 -1 -8 -3 -4
right_child=1 3 10 4 -6 -7 8 -9 -10 -11 -12
leaf_value=0.00010796695052546418 -5.244663047419687e-05 0.00015721238741768596 0.00010344811433237627 0.010048786308470233 6.9973174773195688e-05 -0.00016334946018115658 7.3784215381761654e-06 0.0035263567859016459 -9.7372923655450886e-06 0.00093057665192546697 -1.2829838419246092e-05
leaf_weight=12044 173462 245 7475 7.0000000000000027 888 23 2375269 12.999999999999998 528326 709 475989
leaf_count=12044 173462 245 7475 7 888 23 2375269 13 528326 709 475989
internal_value=4.00621e-08 -2.06263e-05 -2.19675e-05 0.000449329 0.00015284 0.00248431 4.70994e-06 0.000112065 4.26384e-06 0.000733248 -1.10301e-05
internal_weight=3.57445e+06 658798 656926 1872 918 30 2.91565e+06 12057 2.9036e+06 954 483464
internal_count=3574450 658798 656926 1872 918 30 2915652 12057 2903595 954 483464
is_linear=0
shrinkage=0.00523217


Tree=74
num_leaves=12
num_cat=0
split_feature=1 5 6 6 16 15 1 22 19 19 4
split_gain=40.2187 23.3655 11.3394 8.83744 8.21094 11.1606 12.3603 7.9535 5.95983 5.30213 4.70926
threshold=1.937520503997803 inf -1.4282628893852232 -3.1805261373519893 -0.0031836626585572954 0.079187825322151198 -1.0168489217758176 0.70603403449058544 -1.6931408643722532 3.0813105106353764 inf
decision_type=2 8 2 2 2 2 2 10 10 8 8
left_child=1 2 -1 -2 -3 9 -7 -8 10 -6 -4
right_child=3 4 8 -5 5 6 7 -9 -10 -11 -12
leaf_value=-3.8517799797046195e-05 -0.0001648642431565353 0.00013269878636638439 0.00011565234710390466 -6.4951218696585942e-05 0.0048940707046159163 0.00049919493904967385 0.0015883964827165837 0.0068703751630115337 4.7713571331656551e-06 0.00086443757956606378 0.002782558797439012
leaf_weight=170853 31508 1893 12396 105263 23 2300 23 11.999999999999998 3250147 15.999999999999998 17
leaf_count=170853 31508 1893 12396 105263 23 2300 23 12 3250147 16 17
internal_value=1.27456e-08 3.51369e-06 3.03251e-06 -8.79753e-05 0.000390397 0.000595377 0.000547612 0.00358684 5.20866e-06 0.00333493 0.000119634
internal_weight=3.57445e+06 3.43768e+06 3.43341e+06 136771 4267 2374 2335 35 3.26256e+06 39 12413
internal_count=3574451 3437680 3433413 136771 4267 2374 2335 35 3262560 39 12413
is_linear=0
shrinkage=0.00523217


Tree=75
num_leaves=12
num_cat=0
split_feature=5 11 7 4 21 5 18 21 21 18 20
split_gain=23.4445 28.1149 21.8106 31.5815 66.3962 16.1018 10.8847 10.5197 17.8106 10.208 10.838
threshold=inf 3.6227375268936162 1.4586503505706789 -1.5031113624572752 1.1286614537239077 2.2531644105911259 -1.2862774133682249 1.1469709277153017 1.8072920441627505 0.74712640047073375 0.94982931017875682
decision_type=8 10 10 10 2 10 2 2 2 2 8
left_child=5 -2 -3 7 -5 6 -1 -4 -9 -8 -11
right_child=1 2 3 4 -6 -7 9 8 -10 10 -12
leaf_value=-2.8955285632278737e-05 0.00029329226746654079 0.00076236658708451945 0 0.016769423934404903 0 -5.812706615955881e-05 9.8510556947531504e-06 0.0096000090609540973 0.00121006447035432 -2.9385613326083205e-06 -5.4311385807852858e-05
leaf_weight=290789 4068 112 31 13.000000000000002 11.999999999999998 127838 2382259 10.000000000000002 20 632549 136729
leaf_count=290789 4068 112 31 13 12 127838 2382259 10 20 632549 136729
internal_value=-4.12678e-09 0.000387585 0.00230761 0.00427319 0.00910503 -4.67612e-07 1.67348e-06 0.00214458 0.00429036 4.49983e-06 -1.20705e-05
internal_weight=3.57443e+06 4266 198 86 25 3.57016e+06 3.44233e+06 61 30 3.15154e+06 769278
internal_count=3574430 4266 198 86 25 3570164 3442326 61 30 3151537 769278
is_linear=0
shrinkage=0.00523217


Tree=76
num_leaves=12
num_cat=0
split_feature=6 18 10 6 18 20 2 14 19 2 6
split_gain=36.5558 11.8528 8.90618 6.79872 6.65128 6.49239 6.29682 9.88878 17.6454 6.00072 5.73871
threshold=-1.6516841650009153 -1.2677692174911497 inf -3.1805261373519893 0.176400862634182 0.94982931017875682 1.3887580633163454 -1.2194390892982481 0.78521242737770092 2.2186276912689213 -0.85148611664772023
decision_type=2 2 8 2 2 8 10 2 8 10 2
left_child=3 -2 4 -1 -3 9 -4 10 -9 -6 -8
right_child=1 2 6 -5 5 -7 7 8 -10 -11 -12
leaf_value=-0.00011644459590515134 -2.7150898011185028e-05 1.3459427573581441e-05 8.1114713065414356e-05 -4.9221554669259004e-05 2.2871410960140926e-06 -2.947955478825158e-05 0.0020247655095993714 0.010136560768283728 0 0.00025643998084630621 0.00043440371828189109
leaf_weight=58296 303137 1772945 1558 140623 1093170 200850 65 7 11.000000000000002 2548 1146
leaf_count=58296 303137 1772945 1558 140623 1093170 200850 65 7 11 2548 1146
internal_value=0 4.06174e-06 7.1417e-06 -6.89268e-05 6.87294e-06 -2.1329e-06 0.000302725 0.000582659 0.00431795 2.87916e-06 0.00052232
internal_weight=3.57436e+06 3.37544e+06 3.0723e+06 198919 3.06951e+06 1.29657e+06 2787 1229 18 1.09572e+06 1211
internal_count=3574356 3375437 3072300 198919 3069513 1296568 2787 1229 18 1095718 1211
is_linear=0
shrinkage=0.00523217


Tree=77
num_leaves=12
num_cat=0
split_feature=1 18 10 15 8 1 9 14 7 19 15
split_gain=39.5282 11.1945 10.2786 12.6872 15.1304 8.66831 7.66592 6.38311 4.12375 3.71341 3.69505
threshold=1.937520503997803 -1.2862774133682249 inf -1.5999152064323423 -1.4708840847015379 0.76939216256141674 0.29338179528713232 -2.2794271707534786 0.90588504076004039 -1.3400400280952451 0.060793908312916763
decision_type=2 2 8 2 10 2 10 2 10 10 2
left_child=1 -1 5 4 -4 10 -2 8 -5 -7 -3
right_child=6 2 3 7 -6 9 -8 -9 -10 -11 -12
leaf_value=-2.7638188767691964e-05 -5.296649706867527e-05 4.2631413191942547e-06 3.3804156304418996e-05 8.4708476039826918e-05 0.0099599695209049016 7.0223438553982905e-05 -0.00013203581747976603 6.8483712853638465e-05 0.00076064346567676297 -1.5269123406936409e-05 1.6778182690510151e-05
leaf_weight=290472 77461 1411505 8.9999999999999982 345 6.9999999999999991 14281 59309 1529 898 527452 1190930
leaf_count=290472 77461 1411505 9 345 7 14281 59309 1529 898 527452 1190930
internal_value=-3.07447e-08 3.4398e-06 6.30865e-06 0.000323795 0.00480967 6.02675e-06 -8.72609e-05 0.000295574 0.000573939 -1.30138e-05 9.99061e-06
internal_weight=3.5742e+06 3.43743e+06 3.14696e+06 2788 16 3.14417e+06 136770 2772 1243 541733 2.60244e+06
internal_count=3574198 3437428 3146956 2788 16 3144168 136770 2772 1243 541733 2602435
is_linear=0
shrinkage=0.00523217


Tree=78
num_leaves=12
num_cat=0
split_feature=0 5 17 6 18 24 22 3 17 0 18
split_gain=43.427 22.7031 14.9727 11.0417 11.3276 10.5004 16.0125 10.7092 9.02433 7.04321 6.33202
threshold=-2.8075786828994747 inf 2.6439664363861088 -1.1145261526107786 -1.2677692174911497 0.12047975882887842 0.33040410280227667 -2.7518167495727535 0.48624935746192938 0.43278893828392034 2.7396554946899419
decision_type=2 8 2 2 2 10 10 8 2 2 2
left_child=8 3 10 -2 -5 6 -4 -8 -1 -6 -3
right_child=1 2 5 4 9 -7 7 -9 -10 -11 -12
leaf_value=-5.6359094050539119e-05 -3.0027157737701409e-05 2.9064021201913101e-05 0.0017959476465636305 -2.5814272281753277e-05 2.4795567218616527e-06 -0.00046232567267968672 0.01205739832519323 0.0032414625468462346 -0.00015826094361752311 1.9623114023499896e-05 0.00047469001030539678
leaf_weight=45179 263289 1245 36 292668 1922908 20 7.9999999999999991 9.0000000000000018 50335 995878 2952
leaf_count=45179 263289 1245 36 292668 1922908 20 8 9 50335 995878 2952
internal_value=-6.17609e-09 3.01536e-06 0.000384243 2.54652e-06 5.21731e-06 0.00271633 0.00391456 0.00794845 -0.00011007 8.32915e-06 0.000342736
internal_weight=3.57453e+06 3.47901e+06 4270 3.47474e+06 3.21145e+06 73 53 17 95514 2.91879e+06 4197
internal_count=3574527 3479013 4270 3474743 3211454 73 53 17 95514 2918786 4197
is_linear=0
shrinkage=0.00523217


Tree=79
num_leaves=12
num_cat=0
split_feature=6 5 11 14 9 13 5 11 19 20 12
split_gain=35.7721 17.4647 18.2166 9.15122 9.83734 7.58997 6.32616 14.5995 16.8304 39.8886 6.26141
threshold=-1.7362686395645139 inf 2.3633161783218388 -0.44939976930618281 0.067599799484014525 0.86990413069725048 inf 3.953612327575684 3.5377088785171513 3.7034974098205571 -0.35147278010845179
decision_type=2 8 10 2 10 10 8 10 10 10 10
left_child=6 5 -3 10 -5 -2 -1 -8 9 -9 -4
right_child=1 2 3 4 -6 -7 7 8 -10 -11 -12
leaf_value=-7.2609432029385352e-05 7.1048492677066705e-06 0.00025212278719054162 0.001015612730906595 0.0024562270679913591 0.0091892483283001689 -1.3483091379215942e-05 0.00018212431703651402 0.013531260506778007 0.00067836291143776658 0 0.004313820964817262
leaf_weight=184133 2791381 3379 255 30 6.9999999999999991 594610 516 10 39 13 15.999999999999998
leaf_count=184133 2791381 3379 255 30 7 594610 516 10 39 13 16
internal_value=1.73006e-08 3.88139e-06 0.000363732 0.00157994 0.00399611 3.48918e-06 -7.08888e-05 0.000474899 0.00284984 0.00628557 0.00123118
internal_weight=3.57439e+06 3.38968e+06 3687 308 37 3.38599e+06 184711 578 62 23 271
internal_count=3574389 3389678 3687 308 37 3385991 184711 578 62 23 271
is_linear=0
shrinkage=0.00523217


Tree=80
num_leaves=12
num_cat=0
split_feature=0 5 11 2 2 4 0 18 10 11 19
split_gain=42.5818 22.1369 27.4417 15.288 63.2022 63.2655 10.9564 8.2756 7.96199 7.79012 14.9658
threshold=-3.411179661750793 inf 2.6600701808929448 1.5392579436302187 1.4424449205398562 -1.5031113624572752 0.32056987285614019 -1.4122443199157713 2.0531895160675053 4.3383243083953866 2.6160827875137334
decision_type=2 8 10 10 10 10 2 2 8 10 10
left_child=-1 6 -3 4 8 -6 -2 -8 -4 -5 -11
right_child=1 2 3 9 5 -7 7 -9 -10 10 -12
leaf_value=-0.0001287176957057724 -5.9649830202316232e-06 0.00024760304298136759 0.0028768184939825582 6.6100060860500214e-05 -8.1747323997012191e-05 0.019848720943767766 -3.0989172682394321e-05 1.6179677232675425e-05 0.00046018216877765245 0.0088929126876921751 0.0012739045164991459
leaf_weight=69008 1997426 3887 81 143 7.0000000000000027 9.9999999999999982 109838 1393790 71 6.9999999999999991 60
leaf_count=69008 1997426 3887 81 143 7 10 109838 1393790 71 7 60
internal_value=-8.99852e-09 2.52466e-06 0.000379148 0.00172118 0.00288939 0.0121261 2.06539e-06 1.27335e-05 0.0017655 0.000766346 0.00222207
internal_weight=3.57433e+06 3.50532e+06 4266 379 169 17 3.50105e+06 1.50363e+06 152 210 67
internal_count=3574328 3505320 4266 379 169 17 3501054 1503628 152 210 67
is_linear=0
shrinkage=0.00523217


Tree=81
num_leaves=12
num_cat=0
split_feature=6 23 17 24 12 20 15 12 6 20 23
split_gain=35.3463 17.3933 10.8958 6.7588 8.6573 6.19254 7.24786 6.1285 6.05321 5.22788 4.88858
threshold=-1.7362686395645139 inf 2.6439664363861088 -0.30304235219955439 -1.3118260502815244 1.2965490221977236 -1.5439849495887754 1.3878460526466372 -3.5636961460113521 2.388242363929749 inf
decision_type=2 8 2 10 10 8 2 10 2 8 8
left_child=8 7 5 4 -4 6 -3 9 -1 -2 -10
right_child=1 2 3 -5 -6 -7 -8 -9 10 -11 -12
leaf_value=-0.00012440986476035533 3.7020906371231081e-06 0.0048869999560606017 0.0094719187107795214 0.00040557048791871623 0.0020835024682864635 0.00045476595044241958 -5.6546717958227806e-05 5.9610003411128185e-05 -5.550335549189633e-05 -3.4305293812787255e-05 0.00051985397269523005
leaf_weight=43591 3231449 6.9999999999999991 6.9999999999999991 13.999999999999998 12.000000000000002 2812 1033 52314 140710 102202 404
leaf_count=43591 3231449 7 7 14 12 2812 1033 52314 140710 102202 404
internal_value=-1.98915e-08 3.82043e-06 0.000353657 0.00329786 0.00524066 0.000327222 -1.69913e-05 3.41868e-06 -7.05044e-05 2.53662e-06 -5.38461e-05
internal_weight=3.57456e+06 3.38985e+06 3885 33 19 3852 1040 3.38596e+06 184705 3.33365e+06 141114
internal_count=3574555 3389850 3885 33 19 3852 1040 3385965 184705 3333651 141114
is_linear=0
shrinkage=0.00523217


Tree=82
num_leaves=12
num_cat=0
split_feature=1 10 11 7 22 1 9 11 12 20 1
split_gain=38.3424 9.22531 8.47093 45.2263 36.2207 7.83028 7.32811 6.42161 4.87892 4.73828 9.35262
threshold=1.937520503997803 inf 3.6227375268936162 1.8140438795089724 -0.14763293415307996 1.0894979834556582 0.33253313601017004 1.3492949008941653 1.4582876563072207 0.33661915361881262 -1.5496603250503538
decision_type=2 8 8 8 10 2 10 10 8 8 2
left_child=1 5 9 -4 -5 7 -2 8 -1 -3 -11
right_child=6 2 3 4 -6 -7 -8 -9 -10 10 -12
leaf_value=2.6308009098360165e-06 -5.3865225204614472e-05 -6.5526470761427232e-05 -0.00016127928898995787 0.00108978225273198 0.015755439199892193 -2.0538996446019913e-05 -0.00013171698948393406 2.9591384307273899e-05 6.5234619092466073e-05 0.00022890375734761873 0.0011886760045976066
leaf_weight=2774226 80476 947 64 9.0000000000000018 8.9999999999999982 343583 56292 282014 34503 1790 329
leaf_count=2774226 80476 947 64 9 9 343583 56292 282014 34503 1790 329
internal_value=-2.31284e-09 3.41571e-06 0.000286476 0.00193558 0.00898348 3.15592e-06 -8.59148e-05 5.79023e-06 3.40015e-06 0.00024138 0.000378878
internal_weight=3.57424e+06 3.43747e+06 3148 82 18 3.43433e+06 136768 3.09074e+06 2.80873e+06 3066 2119
internal_count=3574242 3437474 3148 82 18 3434326 136768 3090743 2808729 3066 2119
is_linear=0
shrinkage=0.00523217


Tree=83
num_leaves=12
num_cat=0
split_feature=6 23 18 13 6 6 15 18 23 19 18
split_gain=34.6767 17.6042 11.2298 8.57486 7.29966 6.08326 5.84412 5.49493 5.19108 4.48749 3.66769
threshold=-1.7362686395645139 inf -1.2862774133682249 0.86990413069725048 -0.056440593674778931 -3.1805261373519893 -1.5439849495887754 0.176400862634182 inf -1.6931408643722532 -2.2969599962234493
decision_type=2 8 2 10 2 2 2 2 8 8 2
left_child=5 2 10 7 -3 -1 -6 9 -7 -4 -2
right_child=1 4 3 -5 6 8 -8 -9 -10 -11 -12
leaf_value=-0.00011398851221439052 5.5678760045010962e-05 0.00065556454633007198 0.0001740102062098365 -1.218283059491971e-05 0.0043538793845554324 -5.1152258299128432e-05 0.00016753400257552898 1.061855509306858e-06 0.00058210430602683696 1.6248850447680124e-05 -3.1873213028225307e-05
leaf_weight=58327 13744 1415 4952 559735 7.9999999999999991 126000 2460 1021337 354 1510217 275906
leaf_count=58327 13744 1415 4952 559735 8 126000 2460 1021337 354 1510217 275906
internal_value=3.74056e-08 3.84148e-06 3.43739e-06 6.35201e-06 0.000355883 -6.97806e-05 0.000183507 1.04424e-05 -4.93663e-05 1.67651e-05 -2.77159e-05
internal_weight=3.57446e+06 3.38977e+06 3.38589e+06 3.09624e+06 3883 184681 2468 2.53651e+06 126354 1.51517e+06 289650
internal_count=3574455 3389774 3385891 3096241 3883 184681 2468 2536506 126354 1515169 289650
is_linear=0
shrinkage=0.00523217


Tree=84
num_leaves=12
num_cat=0
split_feature=0 5 0 3 18 18 15 15 5 0 0
split_gain=41.7435 21.277 10.6075 8.36769 8.05919 7.73893 7.46493 6.59213 6.58294 6.1766 6.0313
threshold=-3.411179661750793 inf 0.3326991498470307 1.6068084836006167 -1.4122443199157713 2.7396554946899419 0.051689762622118003 0.033836223185062415 1.4360482692718508 -5.3042252063751212 -0.11349516361951827
decision_type=2 8 2 10 2 2 2 2 8 2 2
left_child=9 2 3 8 -4 -3 7 -7 -2 -1 -8
right_child=1 5 4 -5 -6 6 10 -9 -10 -11 -12
leaf_value=-0.00023117850096521784 -3.2262365078960284e-06 2.3342748923184618e-05 -3.0792702064535501e-05 0.0001613291278523248 1.6271634073059981e-05 0.00095281979111881069 0.0021980029800896094 0.0048358540183982687 -3.4982072349786472e-05 -0.00010376361971279831 0.00044644532675976021
leaf_weight=12803 1831452 1241 107489 8181 1355678 33 54 19 198039 56223 2915
leaf_count=12803 1831452 1241 107489 8181 1355678 33 54 19 198039 56223 2915
internal_value=6.08956e-09 2.5156e-06 2.06552e-06 -5.65181e-06 1.28136e-05 0.000371924 0.000514788 0.00246267 -6.32541e-06 -0.000127412 0.000479435
internal_weight=3.57413e+06 3.5051e+06 3.50084e+06 2.03767e+06 1.46317e+06 4262 3021 52 2.02949e+06 69026 2969
internal_count=3574127 3505101 3500839 2037672 1463167 4262 3021 52 2029491 69026 2969
is_linear=0
shrinkage=0.00523217


Tree=85
num_leaves=12
num_cat=0
split_feature=5 5 17 21 13 12 16 13 19 2 17
split_gain=21.546 15.1885 14.2794 21.6965 10.4249 5.5809 5.42198 5.02226 4.52003 3.85133 3.68553
threshold=inf 2.2531644105911259 2.6439664363861088 0.18622127920389178 0.91329476237297069 -0.68815961480140675 -0.0063683770131319753 0.63758718967437755 -1.6931408643722532 -2.4233934879302974 1.3788029551506045
decision_type=8 10 2 2 8 8 2 10 10 8 2
left_child=1 4 6 -4 8 -6 -2 -3 9 -1 -8
right_child=2 7 3 -5 5 -7 10 -9 -10 -11 -12
leaf_value=0.00044403462146309339 4.8847023632495702e-05 -3.1597887006853265e-05 0.0084754079509220918 0.0012416534889209856 -4.4449013214489216e-05 -8.3397275723463946e-06 0.00039038778635307772 -9.9753409351858107e-05 5.2649830348906844e-06 8.2217617474760005e-05 0.00099342210137902485
leaf_weight=874 1301 81265 12.999999999999998 62 165368 402325 2584 46602 2863190 10331 313
leaf_count=874 1301 81265 13 62 165368 402325 2584 46602 2863190 10331 313
internal_value=-6.18079e-09 -4.50902e-07 0.000371254 0.00261809 1.62894e-06 -1.88598e-05 0.000330196 -5.64446e-05 5.67575e-06 0.000110555 0.000456197
internal_weight=3.57423e+06 3.56996e+06 4273 75 3.44209e+06 567693 4198 127867 2.8744e+06 11205 2897
internal_count=3574228 3569955 4273 75 3442088 567693 4198 127867 2874395 11205 2897
is_linear=0
shrinkage=0.00523217


Tree=86
num_leaves=12
num_cat=0
split_feature=0 23 6 18 6 3 0 19 0 3 18
split_gain=40.8641 21.1849 10.6343 11.0226 8.4249 7.55379 6.8318 5.2284 4.26811 4.17652 3.58453
threshold=-2.8075786828994747 inf -1.1145261526107786 -1.2862774133682249 -2.8905054330825801 -1.6655727624893186 0.43278893828392034 -1.6931408643722532 -0.034427043050527566 1.2130278348922732 0.60692808032035839
decision_type=2 8 2 2 2 10 2 8 2 10 2
left_child=4 2 9 -4 -1 8 7 -5 10 -2 -3
right_child=1 5 3 6 -6 -7 -8 -9 -10 -11 -12
leaf_value=-0.00017664364627255667 -3.1875979181330516e-05 0.0040975642929168337 -2.6348685447504751e-05 0.0001345733514394484 -7.2193556349600685e-05 7.9797698566231657e-05 1.9141978881582395e-05 1.7381878355693266e-06 4.8811334001156232e-05 0.00015542305460046566 0.000603156934033869
leaf_weight=31637 260025 6.9999999999999991 279267 8145 63865 1625 1001303 1922323 433 3298 2367
leaf_count=31637 260025 7 279267 8145 63865 1625 1001303 1922323 433 3298 2367
internal_value=-3.13716e-08 2.89965e-06 2.4382e-06 5.05974e-06 -0.000106805 0.000364361 8.05184e-06 2.29914e-06 0.000528709 -2.95264e-05 0.000615833
internal_weight=3.5743e+06 3.47879e+06 3.47436e+06 3.21104e+06 95502 4432 2.93177e+06 1.93047e+06 2807 263323 2374
internal_count=3574295 3478793 3474361 3211038 95502 4432 2931771 1930468 2807 263323 2374
is_linear=0
shrinkage=0.00523217


Tree=87
num_leaves=12
num_cat=0
split_feature=0 23 17 21 0 17 0 15 0 17 12
split_gain=40.9262 21.2453 14.1637 21.4924 10.3454 6.4768 5.2281 5.70967 4.9703 3.66522 3.48496
threshold=-3.411179661750793 inf 2.6439664363861088 0.18622127920389178 0.32056987285614019 1.3014226555824282 -0.027361687272787091 -1.5439849495887754 -2.0317389965057369 0.45307703316211706 1.2203283309936526
decision_type=2 8 2 2 2 2 2 2 2 2 8
left_child=5 4 6 -4 8 -1 7 -3 9 -2 -10
right_child=1 2 3 -5 -6 -7 -8 -9 10 -11 -12
leaf_value=-9.5682086121075599e-05 -1.3433064830139239e-05 0.0047890919579620904 0.0084320705338703193 0.0012324520050648164 1.2409530034894699e-05 -0.00021058171093159034 -5.0444272860890614e-05 0.00040123589619590026 -5.0797513891671338e-06 -8.3283027554690174e-05 4.4018863543572537e-05
leaf_weight=50706 44952 6.9999999999999991 12.999999999999998 62 1503534 18299 822 3542 1873973 37958 40425
leaf_count=50706 44952 7 13 62 1503534 18299 822 3542 1873973 37958 40425
internal_value=1.78076e-08 2.50214e-06 0.000363909 0.00260239 2.0428e-06 -0.000126166 0.000324623 0.000411708 -5.76066e-06 -4.54223e-05 -4.04252e-06
internal_weight=3.57429e+06 3.50529e+06 4446 75 3.50084e+06 69005 4371 3549 1.99731e+06 82910 1.9144e+06
internal_count=3574293 3505288 4446 75 3500842 69005 4371 3549 1997308 82910 1914398
is_linear=0
shrinkage=0.00523217


Tree=88
num_leaves=12
num_cat=0
split_feature=23 5 20 15 20 15 15 10 20 14 4
split_gain=21.0881 15.103 7.39209 7.095 6.79329 6.6799 6.79244 5.52013 5.09831 8.02133 6.84887
threshold=inf 2.2531644105911259 1.2965490221977236 -1.5439849495887754 2.388242363929749 0.051689762622118003 0.033836223185062415 0.91237783432006847 1.4133899807929995 -2.2794271707534786 -0.9946722388267516
decision_type=8 8 8 2 10 2 2 10 8 2 10
left_child=1 4 3 -2 7 6 -4 -1 9 10 -7
right_child=2 -3 5 -5 -6 8 -8 -9 -10 -11 -12
leaf_value=5.8859174774930795e-06 0.0048289577087802949 -5.6309471082239012e-05 0.00097523596281814679 -6.1760480534499038e-05 -4.6391204010147809e-05 0.0015677720888575856 0.0045645546514934505 -1.1559576390592602e-05 0.00041057269892289823 0.00020552824168783418 0.0064722324873241659
leaf_weight=2757447 6.9999999999999991 127783 51 1049 78832 21 20 605555 3276 42 12.999999999999998
leaf_count=2757447 7 127783 51 1049 78832 21 20 605555 3276 42 13
internal_value=-4.27572e-09 -4.54752e-07 0.000358736 -2.32184e-05 1.61872e-06 0.000476772 0.00205563 2.74437e-06 0.000442377 0.00177563 0.00362028
internal_weight=3.5741e+06 3.56962e+06 4479 1056 3.44183e+06 3423 71 3.363e+06 3352 76 34
internal_count=3574096 3569617 4479 1056 3441834 3423 71 3363002 3352 76 34
is_linear=0
shrinkage=0.00523217


Tree=89
num_leaves=12
num_cat=0
split_feature=0 23 11 2 2 4 3 3 18 0 3
split_gain=40.0364 20.4246 27.3357 15.8393 72.773 65.1255 15.7116 14.9558 10.2554 11.5559 8.04701
threshold=-3.411179661750793 inf 2.6600701808929448 1.5392579436302187 1.4424449205398562 -1.658036947250366 -1.7832780480384824 -1.5589227080345152 -1.2862774133682249 0.32056987285614019 1.0526472330093386
decision_type=2 8 8 10 8 8 10 10 2 2 10
left_child=-1 8 -3 4 -4 -6 -5 -8 -2 10 -10
right_child=1 2 3 6 5 -7 7 -9 9 -11 -12
leaf_value=-0.00012479711357977135 -2.7622103044752636e-05 0.00022982957097237902 0.0016450750976177329 0.00032823670640434933 -9.4251786148258107e-05 0.019802769539483546 0.010089413619125047 0 -6.4623010775827844e-06 1.6322775955496337e-05 4.0646169414694882e-05
leaf_weight=69054 293690 4057 152 201 7 11.000000000000002 7.9999999999999991 6.9999999999999991 1751124 1350887 105227
leaf_count=69054 293690 4057 152 201 7 11 8 7 1751124 1350887 105227
internal_value=-3.70026e-08 2.42052e-06 0.000356898 0.00168558 0.00287683 0.0124942 0.000733769 0.00569737 1.9703e-06 4.68037e-06 -3.79151e-06
internal_weight=3.57442e+06 3.50537e+06 4443 386 170 18 216 15 3.50093e+06 3.20724e+06 1.85635e+06
internal_count=3574425 3505371 4443 386 170 18 216 15 3500928 3207238 1856351
is_linear=0
shrinkage=0.00523217


Tree=90
num_leaves=12
num_cat=0
split_feature=6 23 17 7 19 6 3 15 23 6 12
split_gain=33.439 16.2769 9.39199 7.76628 6.57654 6.21361 5.5728 6.69584 5.00824 5.00306 4.49025
threshold=-1.6516841650009153 inf 2.6439664363861088 2.3875048160552983 -1.6931408643722532 -3.1805261373519893 -1.6655727624893186 -1.5439849495887754 inf -0.47231496870517725 1.3304923176765444
decision_type=2 8 2 10 10 2 10 2 8 2 8
left_child=5 4 6 -4 10 -1 -3 -8 -7 -6 -2
right_child=1 2 3 -5 9 8 7 -9 -10 -11 -12
leaf_value=-0.00011136419411800094 7.0793821315601505e-05 0.00048974529783910904 0.00032643464928717552 0.005567152468352406 -1.3209154196654465e-05 -4.8743788777193298e-05 0.0048076473563311546 6.0575886605112456e-05 0.00055086093050218498 5.5163158242019621e-06 0.00030915991758775983
leaf_weight=58335 10845 2215 15.000000000000002 15.999999999999998 451212 140165 6.9999999999999991 1611 381 2907033 2707
leaf_count=58335 10845 2215 15 16 451212 140165 7 1611 381 2907033 2707
internal_value=-3.02881e-08 3.85382e-06 0.000343195 0.0031614 3.46458e-06 -6.596e-05 0.000319225 8.51038e-05 -4.7108e-05 3.00013e-06 0.000118489
internal_weight=3.57454e+06 3.37566e+06 3864 31 3.3718e+06 198881 3833 1618 140546 3.35824e+06 13552
internal_count=3574542 3375661 3864 31 3371797 198881 3833 1618 140546 3358245 13552
is_linear=0
shrinkage=0.00523217


Tree=91
num_leaves=12
num_cat=0
split_feature=1 5 17 24 12 1 13 7 3 3 3
split_gain=36.1752 19.9182 13.8818 9.84984 16.4875 8.19883 5.95898 6.1376 5.74035 4.81501 4.80095
threshold=1.734273433685303 inf 2.6439664363861088 0.12047975882887842 -1.3118260502815244 2.5351264476776127 0.92471164464950573 inf -1.2945810556411741 1.2529644966125491 0.65600886940956127
decision_type=2 8 2 10 10 2 10 8 10 10 8
left_child=1 6 8 4 -4 9 7 -1 -3 -2 -8
right_child=5 2 3 -5 -6 -7 10 -9 -10 -11 -12
leaf_value=6.411980134458332e-06 -5.656557882572733e-05 0.00043727670139823068 0.0073643320394146845 -0.00051347553725320774 0.0014140937557925168 -0.00013654211610259303 -2.1525173279229644e-05 0.0035767168070623473 0 0.00015453675863504981 1.7524434571623943e-05
leaf_weight=2872144 148221 3075 20 20 35 40076 396429 11.999999999999998 1117 3015 110112
leaf_count=2872144 148221 3075 20 20 35 40076 396429 12 1117 3015 110112
internal_value=3.26146e-09 3.96186e-06 0.000361163 0.00257645 0.00370153 -6.9992e-05 3.51039e-06 6.42865e-06 0.000320622 -5.23506e-05 -1.3035e-05
internal_weight=3.57428e+06 3.38296e+06 4267 75 55 191312 3.3787e+06 2.87216e+06 4192 151236 506541
internal_count=3574276 3382964 4267 75 55 191312 3378697 2872156 4192 151236 506541
is_linear=0
shrinkage=0.00523217


Tree=92
num_leaves=12
num_cat=0
split_feature=1 5 11 7 2 2 9 8 3 11 9
split_gain=35.6834 19.2531 26.3799 20.0561 46.8298 79.3662 9.01477 8.76987 5.5486 5.54655 6.10101
threshold=1.734273433685303 inf 3.6227375268936162 1.4586503505706789 1.625470042228699 1.2816026806831362 0.34362362325191503 -1.8863635063171384 1.1955590248107912 1.7694120407104494 0.47236612439155584
decision_type=2 8 10 10 10 10 10 10 10 10 10
left_child=1 -1 9 -4 5 -5 8 -6 -2 -3 -11
right_child=6 2 3 4 7 -7 -8 -9 -10 10 -12
leaf_value=3.5385456762589047e-06 -4.7712940503791546e-05 0.00018835990751331049 0.0007049840827285358 0.002776242794785709 0.003835018221260927 0.023649505788012566 -0.00011583598577389303 7.4957015988773491e-05 0.00016744127011520787 0.0011058525036059014 -0.00016356376877110272
leaf_weight=3378855 116198 3535 112 14.000000000000002 31 6.9999999999999991 71749 37 3374 384 140
leaf_count=3378855 116198 3535 112 14 31 7 71749 37 3374 384 140
internal_value=5.05248e-08 3.98204e-06 0.000355459 0.00220066 0.00404004 0.0106596 -6.94656e-05 0.00183695 -4.16336e-05 0.000263273 0.000765561
internal_weight=3.57444e+06 3.38312e+06 4260 201 89 21 191321 68 119572 4059 524
internal_count=3574436 3383115 4260 201 89 21 191321 68 119572 4059 524
is_linear=0
shrinkage=0.00523217


Tree=93
num_leaves=12
num_cat=0
split_feature=6 5 17 7 13 7 6 3 2 6 5
split_gain=32.6564 15.7127 10.3565 8.87479 7.19228 6.07785 5.71636 5.6939 8.0151 5.68114 4.72762
threshold=-1.7362686395645139 inf 2.6439664363861088 2.3875048160552983 0.86990413069725048 inf -3.1805261373519893 0.65600886940956127 1.6802175641059878 -0.056440593674778931 inf
decision_type=2 8 2 10 10 8 2 8 10 2 8
left_child=6 4 9 -4 5 -2 -1 -6 -9 -3 -8
right_child=1 2 3 -5 7 -7 10 8 -10 -11 -12
leaf_value=-0.0001106414856742286 6.7737761901107069e-06 0.00058686169194831206 0.00029660817226324237 0.0057189339644295499 -2.1877657734326975e-05 0.0035596640076234437 -4.9702967274890453e-05 1.3055248713096819e-05 0.00042672027543601688 0.00015904957905198375 0.00055717380714749554
leaf_weight=58342 2791291 1353 15.999999999999998 17 463131 11.999999999999998 126040 130154 1294 2305 351
leaf_count=58342 2791291 1353 16 17 463131 12 126040 130154 1294 2305 351
internal_value=-4.84576e-08 3.6434e-06 0.000344783 0.00321459 3.27116e-06 6.79085e-06 -6.77924e-05 -1.3251e-05 1.71374e-05 0.000317644 -4.80061e-05
internal_weight=3.57431e+06 3.38957e+06 3691 33 3.38588e+06 2.7913e+06 184733 594579 131448 3658 126391
internal_count=3574306 3389573 3691 33 3385882 2791303 184733 594579 131448 3658 126391
is_linear=0
shrinkage=0.00523217


Tree=94
num_leaves=12
num_cat=0
split_feature=0 1 17 3 0 19 8 17 0 17 1
split_gain=39.057 11.6355 6.34201 6.31037 5.81328 5.67689 4.68947 9.65143 4.37974 3.1801 3.09695
threshold=-3.411179661750793 1.3380197882652285 0.43206351995468145 1.4388955831527712 0.65796944499015819 -1.6931408643722532 inf 2.4210273027420048 -5.3042252063751212 0.45307703316211706 -0.35840891301631922
decision_type=2 2 2 10 2 8 8 2 2 2 2
left_child=2 4 -1 9 5 -2 -7 -8 -4 -3 -6
right_child=1 3 8 -5 10 6 7 -9 -10 -11 -12
leaf_value=-6.5911389085371831e-05 0.00012728586494835143 -1.7384773666939193e-05 -0.00027376730913158818 0.0002342896866783687 2.3337499976560411e-05 1.2820263689992574e-06 0.00018186880554224103 0.0050544131331237219 -0.00013829698672758358 -5.3598681835287657e-05 -3.2577045630909055e-05
leaf_weight=29941 9862 158041 8321 2445 534181 2654402 3287 9.9999999999999982 30749 114579 28555
leaf_count=29941 9862 158041 8321 2445 534181 2654402 3287 10 30749 114579 28555
internal_value=7.86244e-09 2.43485e-06 -0.000123256 -3.02318e-05 5.21673e-06 1.99261e-06 1.52732e-06 0.000198697 -0.000167177 -3.26082e-05 2.04987e-05
internal_weight=3.57437e+06 3.50536e+06 69011 275065 3.2303e+06 2.66756e+06 2.6577e+06 3297 39070 272620 562736
internal_count=3574373 3505362 69011 275065 3230297 2667561 2657699 3297 39070 272620 562736
is_linear=0
shrinkage=0.00523217


Tree=95
num_leaves=12
num_cat=0
split_feature=0 23 17 21 1 17 0 0 15 0 12
split_gain=38.6355 19.8755 13.6397 21.0629 11.2315 6.3479 6.0715 5.10132 5.58271 4.32381 3.82707
threshold=-3.411179661750793 inf 2.6439664363861088 0.18622127920389178 1.3380197882652285 0.43206351995468145 0.65796944499015819 -0.027361687272787091 -1.5439849495887754 -5.3042252063751212 1.2882848381996157
decision_type=2 8 2 2 2 2 2 2 2 2 8
left_child=5 4 7 -4 6 -1 10 8 -3 -7 -2
right_child=1 2 3 -5 -6 9 -8 -9 -10 -11 -12
leaf_value=-6.5235665309076827e-05 5.4411608489659159e-07 0.0047276048975405834 0.0083190805234937409 0.0011927774388400824 -3.0121501137702355e-05 -0.00027235305759905218 2.0332152919684779e-05 -5.646934560682007e-05 0.00038898970993963704 -0.00013780962997495683 4.6587433481370983e-05
leaf_weight=29958 2612799 6.9999999999999991 12.999999999999998 62 274949 8332 562626 825 3545 30729 50372
leaf_count=29958 2612799 7 13 62 274949 8332 562626 825 3545 30729 50372
internal_value=9.13363e-09 2.42324e-06 0.00035175 0.00254845 1.97865e-06 -0.00012258 4.71494e-06 0.000313248 0.000399336 -0.000166537 1.41531e-06
internal_weight=3.57422e+06 3.5052e+06 4452 75 3.50075e+06 69019 3.2258e+06 4377 3552 39061 2.66317e+06
internal_count=3574217 3505198 4452 75 3500746 69019 3225797 4377 3552 39061 2663171
is_linear=0
shrinkage=0.00523217


Tree=96
num_leaves=12
num_cat=0
split_feature=0 23 11 15 2 2 3 1 17 1 11
split_gain=38.0881 19.7928 28.5507 20.3994 25.2267 109.771 17.507 11.1138 8.29005 9.86826 6.68296
threshold=-3.411179661750793 inf 3.6227375268936162 0.13101903349161151 1.5392579436302187 1.3887580633163454 -1.7832780480384824 1.3380197882652285 2.6439664363861088 -1.5496603250503538 1.6316003203392031
decision_type=2 8 8 2 10 8 10 2 2 2 10
left_child=-1 7 8 4 5 -4 -6 -2 10 -10 -3
right_child=1 2 3 -5 6 -7 -8 -9 9 -11 -12
leaf_value=-0.00012168714904299095 4.7161840448094721e-06 0.00014633166365516482 0.0028857266631770505 -0.00022534030285034591 0.00080334216461679239 0.023903535839057674 0.0081200393411278438 -2.9936352965647486e-05 -0.00020219324606562375 0.0040381146031278261 0.0007494282560767644
leaf_weight=69007 3226044 3603 44 62 81 6.9999999999999991 8.9999999999999982 274962 26 33 585
leaf_count=69007 3226044 3603 44 62 81 7 9 274962 26 33 585
internal_value=4.13748e-08 2.43794e-06 0.000351115 0.00226283 0.00335534 0.00626201 0.00163959 1.9944e-06 0.000258945 0.00218889 0.000230955
internal_weight=3.57446e+06 3.50546e+06 4450 203 141 51 90 3.50101e+06 4247 59 4188
internal_count=3574463 3505456 4450 203 141 51 90 3501006 4247 59 4188
is_linear=0
shrinkage=0.00523217


Tree=97
num_leaves=12
num_cat=0
split_feature=1 18 6 6 11 18 1 1 11 7 19
split_gain=33.9913 10.7442 9.93144 7.11457 5.71425 8.2303 15.467 5.357 10.306 42.357 4.81818
threshold=1.734273433685303 -1.2677692174911497 -2.8905054330825801 -1.1145261526107786 1.4514055848121645 2.7396554946899419 -1.4235091805458067 -2.1404296159744258 3.3330680131912236 1.4586503505706789 -1.6931408643722532
decision_type=2 2 2 2 8 2 2 2 10 10 8
left_child=1 -1 -2 7 10 -6 -7 8 -3 -10 -5
right_child=2 3 -4 4 5 6 -8 -9 9 -11 -12
leaf_value=-2.5962034704676046e-05 -0.00013764440623224169 0.00023230935592534458 -4.7454852069719418e-05 0.00012439849157929944 3.2179240914411763e-05 0.0011483103421615973 -9.3764455745084296e-05 -2.3557751048451202e-05 2.3568309231697407e-05 0.010893951864545353 6.376039496265304e-06
leaf_weight=301124 43185 261 148144 9503 221001 513 586 210716 39 11.999999999999998 2639131
leaf_count=301124 43185 261 148144 9503 221001 513 586 210716 39 12 2639131
internal_value=2.97842e-08 3.86729e-06 -6.78165e-05 6.78223e-06 8.93785e-06 3.44306e-05 0.000485902 -2.25379e-05 0.000661164 0.00278552 6.79985e-06
internal_weight=3.57422e+06 3.38289e+06 191329 3.08176e+06 2.87073e+06 222100 1099 211028 312 51 2.64863e+06
internal_count=3574215 3382886 191329 3081762 2870734 222100 1099 211028 312 51 2648634
is_linear=0
shrinkage=0.00523217


Tree=98
num_leaves=12
num_cat=0
split_feature=0 23 1 18 18 1 22 15 0 9 15
split_gain=37.6712 19.5231 10.9358 10.2189 7.18404 11.7261 7.73433 7.46304 6.75863 6.43519 6.41932
threshold=-3.411179661750793 inf 1.3380197882652285 -1.2321152687072752 2.7396554946899419 -1.0168489217758176 0.70603403449058544 0.051689762622118003 0.43278893828392034 0.34362362325191503 0.033836223185062415
decision_type=2 8 2 2 2 2 10 2 2 10 2
left_child=9 2 3 -2 -3 7 -7 10 -5 -1 -6
right_child=1 4 -4 8 5 6 -8 -9 -10 -11 -12
leaf_value=-7.2497393267176346e-05 -2.3537019412681032e-05 4.0801412939043654e-05 -2.9742291897343842e-05 1.9280603686685064e-06 0.00091454249285887043 0.0014630983073672071 0.0067079179837361974 0.00042118804248292605 1.8713536832198186e-05 -0.00017368105749170451 0.0047448978442608892
leaf_weight=35905 317799 1419 274949 1906297 33 22 11.999999999999998 2944 1001876 33116 19
leaf_count=35905 317799 1419 274949 1906297 33 22 12 2944 1001876 33116 19
internal_value=-1.02747e-08 2.37299e-06 1.93252e-06 4.63242e-06 0.000348705 0.000492564 0.00350021 0.000456797 7.711e-06 -0.000121059 0.00240355
internal_weight=3.57439e+06 3.50537e+06 3.50092e+06 3.22597e+06 4449 3030 34 2996 2.90817e+06 69021 52
internal_count=3574391 3505370 3500921 3225972 4449 3030 34 2996 2908173 69021 52
is_linear=0
shrinkage=0.00523217


Tree=99
num_leaves=12
num_cat=0
split_feature=0 6 9 12 19 19 8 6 0 0 6
split_gain=37.4313 11.7362 6.31889 6.19906 7.6025 5.78481 5.07497 9.80321 5.0007 4.06009 3.51398
threshold=-3.411179661750793 -1.1145261526107786 0.34362362325191503 1.3878460526466372 3.5377088785171513 -1.4435930848121641 inf -0.70749130845069874 0.65796944499015819 -1.5719175934791563 -0.056440593674778931
decision_type=2 2 10 8 8 10 8 2 2 2 2
left_child=2 9 -1 6 5 -5 8 -8 -3 -2 -9
right_child=1 3 -4 4 -6 -7 7 10 -10 -11 -12
leaf_value=-7.2490114113346938e-05 -6.7262794471352401e-05 1.1250825000356811e-06 -0.00017273730470752775 0.00023392422313150729 0.004822384833494303 4.306736287007697e-05 0.0049350294446775201 0.00075610867544618154 1.8644693479709604e-05 -1.9410967858659366e-05 0.0001447915626281422
leaf_weight=35912 62636 2633271 33134 4769 7.9999999999999991 49413 10.999999999999998 296 536989 216108 1987
leaf_count=35912 62636 2633271 33134 4769 8 49413 11 296 536989 216108 1987
internal_value=2.88075e-08 2.40526e-06 -0.000120611 5.21927e-06 6.07089e-05 5.98858e-05 4.27119e-06 0.000250219 4.09287e-06 -3.01668e-05 0.000224753
internal_weight=3.57453e+06 3.50549e+06 69046 3.22674e+06 54190 54182 3.17255e+06 2294 3.17026e+06 278744 2283
internal_count=3574534 3505488 69046 3226744 54190 54182 3172554 2294 3170260 278744 2283
is_linear=0
shrinkage=0.00523217


Tree=100
num_leaves=12
num_cat=0
split_feature=1 23 6 6 16 1 20 15 12 6 1
split_gain=33.2208 18.4795 9.58221 7.70899 6.54995 6.58424 6.64375 6.56834 6.02539 5.26199 8.041
threshold=1.937520503997803 inf -1.1145261526107786 -3.1805261373519893 -0.0031836626585572954 -2.3468189239501949 2.5284775495529179 -1.3878523707389829 1.3878460526466372 -0.056440593674778931 -1.0168489217758176
decision_type=2 8 2 2 2 2 10 2 8 2 2
left_child=1 2 -1 -2 7 6 -6 -3 -4 10 -7
right_child=3 4 8 -5 5 9 -8 -9 -10 -11 -12
leaf_value=-2.8801884782573014e-05 -0.00015181318346347083 0.0047987019394218639 4.1984251476961749e-06 -5.8497747498532045e-05 0.00037932949847808316 0.00062403213603933925 0.0034353421521834244 9.8418183206553557e-05 6.0366267602433246e-05 0.000203141908476678 0.0029835807122036281
leaf_weight=245275 31509 6.9999999999999991 3134744 105271 38 1226 41 1980 53173 1079 40
leaf_count=245275 31509 7 3134744 105271 38 1226 41 1980 53173 1079 40
internal_value=-3.56985e-08 3.14587e-06 2.71074e-06 -8.00011e-05 0.000341541 0.00052412 0.00200264 0.000118224 5.13555e-06 0.000472984 0.000701931
internal_weight=3.57438e+06 3.4376e+06 3.43319e+06 136780 4411 2424 79 1987 3.18792e+06 2345 1266
internal_count=3574383 3437603 3433192 136780 4411 2424 79 1987 3187917 2345 1266
is_linear=0
shrinkage=0.00523217


Tree=101
num_leaves=12
num_cat=0
split_feature=0 5 17 15 6 17 19 19 20 15 15
split_gain=36.4441 18.6415 13.2269 9.97486 9.64592 8.41505 7.3192 10.7325 5.62669 6.83499 6.20197
threshold=-2.8075786828994747 inf 2.6439664363861088 0.12197754532098772 -1.1145261526107786 0.52197241783142101 3.0813105106353764 3.5377088785171513 1.2965490221977236 0.051689762622118003 0.033836223185062415
decision_type=2 8 2 2 2 2 10 10 10 2 2
left_child=5 4 8 -4 -2 -1 -5 -8 -3 10 -10
right_child=1 2 3 6 -6 -7 7 -9 9 -11 -12
leaf_value=-5.0176395863223415e-05 -2.8108235305748386e-05 -6.1955327825240287e-05 -8.5749692305906648e-05 2.5741334425581232e-05 4.8295673164078124e-06 -0.00014844671236032057 0.0096868672456299938 0.0031092151366487564 0.00080932772249124943 0.00037578437005826625 0.0044693539105468451
leaf_weight=46345 263354 882 26 10.999999999999998 3211392 49231 8.9999999999999982 29 35 3260 20
leaf_count=46345 263354 882 26 11 3211392 49231 9 29 35 3260 20
internal_value=-1.09236e-08 2.7579e-06 0.000348125 0.00251056 2.33294e-06 -0.000100805 0.00387378 0.0049328 0.000308595 0.000407414 0.00222057
internal_weight=3.57459e+06 3.47902e+06 4272 75 3.47475e+06 95576 49 38 4197 3315 55
internal_count=3574594 3479018 4272 75 3474746 95576 49 38 4197 3315 55
is_linear=0
shrinkage=0.00523217


Tree=102
num_leaves=12
num_cat=0
split_feature=6 23 11 14 20 6 12 12 11 11 5
split_gain=30.6054 14.4322 19.6159 12.9931 9.34765 5.78807 5.78733 5.46696 14.2261 5.3228 4.58956
threshold=-1.6516841650009153 inf 2.3633161783218388 -0.44939976930618281 3.7034974098205571 -3.1805261373519893 1.3878460526466372 -0.35147278010845179 4.3383243083953866 1.4514055848121645 inf
decision_type=2 8 8 2 8 2 10 10 10 10 8
left_child=5 6 -3 7 -5 -1 9 -4 -9 -2 -7
right_child=1 2 3 4 -6 10 -8 8 -10 -11 -12
leaf_value=-0.0001069289676464543 5.7503317278800994e-07 0.00021337167106348878 0.00096723130669785725 0.0026113187286149059 0.0085848918634189534 -4.6459411801315253e-05 5.805078909331396e-05 -0.00012120711687191278 0.0090906152769782856 2.5518213469142508e-05 0.00052903235773752691
leaf_weight=58286 3066022 3559 252 27 9.9999999999999982 140245 52111 10.000000000000002 6.9999999999999991 253584 379
leaf_count=58286 3066022 3559 252 27 10 140245 52111 10 7 253584 379
internal_value=-9.84579e-09 3.70639e-06 0.0003232 0.00159223 0.00446261 -6.30795e-05 3.3398e-06 0.00117665 0.0039721 2.48069e-06 -4.48982e-05
internal_weight=3.57449e+06 3.37558e+06 3865 306 37 198910 3.37172e+06 269 17 3.31961e+06 140624
internal_count=3574492 3375582 3865 306 37 198910 3371717 269 17 3319606 140624
is_linear=0
shrinkage=0.00523217


Tree=103
num_leaves=12
num_cat=0
split_feature=0 23 0 5 0 9 2 9 9 12 2
split_gain=35.9461 17.8819 9.99023 6.81872 5.9972 4.64555 4.00775 3.3535 6.6834 67.1908 4.75269
threshold=-3.8297237157821651 inf 0.3326991498470307 1.4360482692718508 -0.027361687272787091 0.30306144058704382 0.011038690339773895 0.60097181797027599 0.45396676659584051 -2.8687776327133174 2.2186276912689213
decision_type=2 8 2 8 2 10 10 10 8 10 10
left_child=5 2 3 6 7 -1 -2 8 10 -10 -3
right_child=1 4 -4 -5 -6 -7 -8 -9 9 -11 -12
leaf_value=-8.2672208878875416e-05 6.7813381396018272e-06 0.00030090681965108402 1.2066932814360476e-05 -3.4600181778934225e-05 -6.820190212733794e-05 -0.00017891455224845109 -8.9484606618116612e-06 4.4703265284602583e-05 0.0092254422543193559 0.00017274359638812654 0.0007812408327144266
leaf_weight=26502 738348 2122 1463291 203153 825 28596 1109999 544 25 159 774
leaf_count=26502 738348 2122 1463291 203153 825 28596 1109999 544 25 159 774
internal_value=-3.38303e-08 2.04209e-06 1.62219e-06 -5.82742e-06 0.000333498 -0.00013264 -2.66454e-06 0.000425159 0.000492053 0.0014581 0.000429827
internal_weight=3.57434e+06 3.51924e+06 3.51479e+06 2.0515e+06 4449 55098 1.84835e+06 3624 3080 184 2896
internal_count=3574338 3519240 3514791 2051500 4449 55098 1848347 3624 3080 184 2896
is_linear=0
shrinkage=0.00523217


Tree=104
num_leaves=12
num_cat=0
split_feature=0 1 18 11 18 1 3 0 18 13 2
split_gain=35.9419 10.5605 10.4902 6.42277 11.7278 19.0331 6.24137 6.01141 4.75461 3.27803 3.20642
threshold=-3.411179661750793 1.3380197882652285 -1.2321152687072752 1.3492949008941653 2.7396554946899419 -1.4235091805458067 1.4388955831527712 -5.3042252063751212 0.176400862634182 0.86990413069725048 2.2186276912689213
decision_type=2 2 2 8 2 2 10 2 2 8 8
left_child=7 2 -2 8 -5 -6 -3 -1 9 -4 -10
right_child=1 6 3 4 5 -7 -8 -9 10 -11 -12
leaf_value=-0.00022061369974782054 -2.3514581573110097e-05 -3.1130080947889073e-05 1.4965042849808694e-05 3.0012495708662767e-05 0.00096609062618218072 -9.2062532936280895e-05 0.00023446763332144035 -9.4881639779057154e-05 -3.123329536571537e-06 -6.2747573222488392e-06 0.00011740243847758119
leaf_weight=12793 318195 272535 1294814 256798 947 911 2442 56238 1117813 234966 6074
leaf_count=12793 318195 272535 1294814 256798 947 911 2442 56238 1117813 234966 6074
internal_value=3.05647e-08 2.35901e-06 5.00871e-06 8.12539e-06 3.30137e-05 0.000447105 -2.87675e-05 -0.000118198 5.69918e-06 1.17022e-05 -2.47112e-06
internal_weight=3.57453e+06 3.5055e+06 3.23052e+06 2.91232e+06 258656 1858 274977 69031 2.65367e+06 1.52978e+06 1.12389e+06
internal_count=3574526 3505495 3230518 2912323 258656 1858 274977 69031 2653667 1529780 1123887
is_linear=0
shrinkage=0.00523217


Tree=105
num_leaves=12
num_cat=0
split_feature=0 5 11 7 22 24 18 0 5 11 2
split_gain=35.2213 17.9848 25.2308 19.746 65.2905 63.9772 9.89375 11.1018 6.52982 6.08923 6.54485
threshold=-3.8297237157821651 inf 3.6227375268936162 1.4586503505706789 0.2054957449436188 0.19711010903120044 -1.2862774133682249 0.32056987285614019 1.4360482692718508 1.7694120407104494 1.5784738063812258
decision_type=2 8 10 10 10 8 2 2 8 10 8
left_child=-1 6 9 -4 -5 -6 -2 8 -8 -3 -11
right_child=1 2 3 4 5 -7 7 -9 -10 10 -12
leaf_value=-0.00013120492222948725 -2.7382712263165158e-05 0.00017293568635765421 0.0006623100169776884 0.001012422402091331 0.018459713327968624 0.0020952154435383142 -6.5232586198691926e-07 1.5730694383620546e-05 -3.2906857953549411e-05 0.0014631567484192142 0.00027715805954855554
leaf_weight=55142 294464 3547 112 63 12.999999999999998 13.000000000000002 1678372 1350786 191427 220 307
leaf_count=55142 294464 3547 112 63 13 13 1678372 1350786 191427 220 307
internal_value=3.60002e-09 2.05969e-06 0.000341173 0.00214589 0.00397081 0.0107539 1.64692e-06 4.30141e-06 -3.95494e-06 0.000251339 0.000775949
internal_weight=3.57447e+06 3.51932e+06 4275 201 89 26 3.51505e+06 3.22058e+06 1.8698e+06 4074 527
internal_count=3574466 3519324 4275 201 89 26 3515049 3220585 1869799 4074 527
is_linear=0
shrinkage=0.00523217


Tree=106
num_leaves=12
num_cat=0
split_feature=0 23 11 7 2 2 6 17 0 20 11
split_gain=35.0218 18.1298 27.5023 22.1254 51.7775 80.5799 11.8209 7.74144 8.37313 7.32681 6.33095
threshold=-3.411179661750793 inf 3.6227375268936162 1.4586503505706789 1.625470042228699 1.2636957168579104 -1.263202905654907 2.6439664363861088 -0.063951328396797166 2.388242363929749 1.6316003203392031
decision_type=2 8 8 8 10 8 2 2 2 10 10
left_child=-1 6 7 -4 5 -5 -2 10 -9 -6 -3
right_child=1 2 3 4 9 -7 -8 8 -10 -11 -12
leaf_value=-0.00011672926311563109 -3.3839390217400783e-05 0.00013619340078734117 0.00064947351306516947 0.0026914712419013071 0.0061688981695584375 0.022984550670587252 4.4646399175493884e-06 0.0039292677310943927 0 0.0010761103634786137 0.00072285935826436952
leaf_weight=69000 236537 3594 113 13.999999999999998 7.9999999999999991 8.0000000000000018 3264380 31 27 60 586
leaf_count=69000 236537 3594 113 14 8 8 3264380 31 27 60 586
internal_value=2.47073e-09 2.3005e-06 0.000336347 0.00221253 0.00413236 0.0109011 1.87642e-06 0.000245696 0.00212659 0.00178203 0.000218812
internal_weight=3.57436e+06 3.50536e+06 4441 203 90 22 3.50092e+06 4238 58 68 4180
internal_count=3574358 3505358 4441 203 90 22 3500917 4238 58 68 4180
is_linear=0
shrinkage=0.00523217


Tree=107
num_leaves=12
num_cat=0
split_feature=1 23 6 6 3 1 12 21 20 12 2
split_gain=31.4707 18.066 9.13466 7.28922 6.69488 6.70074 5.81698 4.41913 6.64884 5.01022 3.82115
threshold=1.937520503997803 inf -1.1145261526107786 -3.1805261373519893 -1.6655727624893186 -1.6686760187149046 1.3878460526466372 0.5616954267024995 2.5284775495529179 -0.35147278010845179 2.2186276912689213
decision_type=2 8 2 2 10 2 8 2 10 10 8
left_child=1 2 -1 -2 5 7 -4 8 -3 -9 -7
right_child=3 4 6 -5 -6 10 -8 9 -10 -11 -12
leaf_value=-2.8123326492535659e-05 -0.00014768632958745537 0.00014967762744983997 4.0913751808112446e-06 -5.6944276438640109e-05 6.8984393911056635e-05 0.00049368957851886699 5.9275714986795888e-05 -8.1662276507819251e-05 0.00086755065664399116 0.001734811022356857 0.0013270146344097843
leaf_weight=245273 31508 681 3134598 105262 1613 271 53180 698 741 43 356
leaf_count=245273 31508 681 3134598 105262 1613 271 53180 698 741 43 356
internal_value=-2.21297e-08 3.07452e-06 2.64466e-06 -7.78557e-05 0.000337966 0.000493091 5.01226e-06 0.000354102 0.000524733 2.52599e-05 0.000969723
internal_weight=3.57422e+06 3.43745e+06 3.43305e+06 136770 4403 2790 3.18778e+06 2163 1422 741 627
internal_count=3574224 3437454 3433051 136770 4403 2790 3187778 2163 1422 741 627
is_linear=0
shrinkage=0.00523217


Tree=108
num_leaves=12
num_cat=0
split_feature=1 23 13 20 1 13 20 1 20 13 19
split_gain=31.1327 17.4599 6.48566 6.39126 12.1239 11.7876 5.49013 5.15863 4.41137 24.3067 4.42797
threshold=1.937520503997803 inf 0.86990413069725048 1.2965490221977236 -1.0168489217758176 2.3967182636260991 3.0738145112991337 2.5351264476776127 1.4133899807929995 2.3967182636260991 2.0779613256454472
decision_type=2 8 10 8 2 8 8 2 8 10 8
left_child=1 2 -1 -3 8 -6 -7 -2 9 -5 -10
right_child=7 3 -4 4 5 6 -8 -9 10 -11 -12
leaf_value=5.942291252881552e-06 -5.6705126706234304e-05 -3.307814823055407e-05 -1.3100979292639769e-05 0.00031389265723201964 0.0009640829218656345 0.0030810263027280026 0.0098481517681475381 -0.00012733408657952564 -0.00018756742792476057 0.0081175083294479002 0.00043933161261978639
leaf_weight=2841702 96684 1009 591483 66 28 8.9999999999999982 6.9999999999999991 40082 342 11.999999999999998 2941
leaf_count=2841702 96684 1009 591483 66 28 9 7 40082 342 12 2941
internal_value=4.05445e-09 3.0843e-06 2.6612e-06 0.000331899 0.000440262 0.00313595 0.0065622 -7.74111e-05 0.000403643 0.00162784 0.000373737
internal_weight=3.57436e+06 3.4376e+06 3.43318e+06 4414 3405 44 16 136766 3361 78 3283
internal_count=3574365 3437599 3433185 4414 3405 44 16 136766 3361 78 3283
is_linear=0
shrinkage=0.00523217


Tree=109
num_leaves=12
num_cat=0
split_feature=0 23 18 0 3 12 0 18 1 1 20
split_gain=34.1833 17.2161 9.89772 10.1464 7.52404 8.18091 6.73125 6.56347 11.7053 6.17007 5.88407
threshold=-3.0856363773345943 inf -1.2862774133682249 0.32056987285614019 1.0920080542564394 1.2507758140563967 -5.3042252063751212 2.7396554946899419 -1.0168489217758176 1.5351145267486574 3.0738145112991337
decision_type=2 8 2 2 10 10 2 2 2 2 10
left_child=6 2 -2 4 9 -6 -1 -3 -9 -4 -10
right_child=1 7 3 -5 5 -7 -8 8 10 -11 -12
leaf_value=-0.00021587483913017758 -2.7029684641027907e-05 3.218450951357869e-05 -2.4699881607599367e-06 1.5634777929753258e-05 3.3564678193443189e-05 0.00029399144387103889 -8.5158764141355958e-05 0.00043017628583288335 0.001936936128619829 -3.6143262012685009e-05 0.00692820439056738
leaf_weight=12786 293046 1406 1590306 1351019 85971 3434 69298 2995 24 164369 8.9999999999999982
leaf_count=12786 293046 1406 1590306 1351019 85971 3434 69298 2995 24 164369 9
internal_value=5.87192e-09 2.48655e-06 2.07209e-06 4.74149e-06 -3.23878e-06 4.35803e-05 -0.000105533 0.000328263 0.00046541 -5.62481e-06 0.00351419
internal_weight=3.57466e+06 3.49258e+06 3.48814e+06 3.1951e+06 1.84408e+06 89405 82084 4434 3028 1.75468e+06 33
internal_count=3574663 3492579 3488145 3195099 1844080 89405 82084 4434 3028 1754675 33
is_linear=0
shrinkage=0.00523217


Tree=110
num_leaves=12
num_cat=0
split_feature=0 0 3 0 0 8 14 12 3 2 9
split_gain=33.7487 8.89232 8.19011 6.04735 4.58254 4.15504 6.36623 4.05196 3.47917 3.29622 2.83291
threshold=-3.8297237157821651 0.34934721887111669 1.6068084836006167 -2.0317389965057369 -5.3042252063751212 inf -2.2794271707534786 1.2203283309936526 0.99438014626503002 2.2186276912689213 0.30306144058704382
decision_type=2 2 10 2 2 8 2 10 8 10 10
left_child=4 2 3 -2 -1 8 -7 -4 -5 -3 -6
right_child=1 9 7 5 10 6 -8 -9 -10 -11 -12
leaf_value=-0.00021530427440937634 -4.59892145368686e-05 1.2026227779741252e-05 0.00011426951543620141 -5.7725589316412664e-06 -6.0413973148355565e-05 0.00050932213505625382 3.4589712596720161e-05 0.00046510994953667553 2.0692796719064042e-05 0.00040250877853026975 -0.00014614521982798229
leaf_weight=12792 96113 1407527 7607 1855536 21708 1078 2744 1024 146725 591 20620
leaf_count=12792 96113 1407527 7607 1855536 21708 1078 2744 1024 146725 591 20620
internal_value=-4.49232e-09 2.00753e-06 -4.78543e-06 -5.44622e-06 -0.000128467 -3.50335e-06 0.000168815 0.000156045 -3.83277e-06 1.2191e-05 -0.0001022
internal_weight=3.57406e+06 3.51894e+06 2.11083e+06 2.1022e+06 55120 2.00608e+06 3822 8631 2.00226e+06 1.40812e+06 42328
internal_count=3574065 3518945 2110827 2102196 55120 2006083 3822 8631 2002261 1408118 42328
is_linear=0
shrinkage=0.00523217


Tree=111
num_leaves=12
num_cat=0
split_feature=0 23 11 9 19 9 6 9 11 9 10
split_gain=33.5657 17.0302 26.4207 13.421 26.8147 42.5355 11.2805 6.00586 5.93347 6.2531 7.05436
threshold=-3.411179661750793 inf 3.6227375268936162 0.35514149069786077 3.5377088785171513 0.60097181797027599 -1.263202905654907 0.34362362325191503 1.6316003203392031 0.53858560323715221 -1.4793320298194883
decision_type=2 8 8 8 10 10 2 10 10 10 8
left_child=7 6 8 -4 5 -5 -2 -1 -3 10 -10
right_child=1 2 3 4 -6 -7 -8 -9 9 -11 -12
leaf_value=-6.7335345723784919e-05 -3.3038375005980375e-05 0.00015845141590442409 0.00090663332278411487 0.012233266039171374 0.0013018543483477713 0.00087915702737086066 4.3780913766483551e-06 -0.00016507037962867067 0.0032491468939332734 -0.00024498974662724363 0.00082344895433555303
leaf_weight=35924 236561 3651 109 19 56 17 3264491 33120 35 138 418
leaf_count=35924 236561 3651 109 19 56 17 3264491 33120 35 138 418
internal_value=1.04093e-08 2.26079e-06 0.000325945 0.00217439 0.00363724 0.00709159 1.84968e-06 -0.000114232 0.000237589 0.000723827 0.0010206
internal_weight=3.57454e+06 3.5055e+06 4443 201 92 36 3.50105e+06 69044 4242 591 453
internal_count=3574539 3505495 4443 201 92 36 3501052 69044 4242 591 453
is_linear=0
shrinkage=0.00523217


Tree=112
num_leaves=12
num_cat=0
split_feature=0 23 17 21 0 17 3 5 0 3 4
split_gain=32.9988 16.8604 12.7745 20.3201 8.48867 8.22117 7.4851 5.16201 4.91294 4.81699 3.07384
threshold=-2.8075786828994747 inf 2.6439664363861088 0.18622127920389178 0.34934721887111669 0.48624935746192938 1.6068084836006167 1.4360482692718508 -5.3042252063751212 -1.2945810556411741 -2.1924159526824947
decision_type=2 8 2 2 2 2 10 8 2 10 10
left_child=5 4 9 -4 6 -1 7 -2 -7 -3 -5
right_child=1 2 3 10 -6 8 -8 -9 -10 -11 -12
leaf_value=-4.4694432650733534e-05 -2.4996114089251976e-06 0.00039680485155367713 0.0081178578517573149 0.0020879655514572599 1.2125985894896048e-05 -0.00026012138199097497 0.00015231881883918076 -3.0938058681288657e-05 -0.00011926951552343542 9.6241704242768836e-06 -0.00022254986984773266
leaf_weight=45213 1865255 3126 12.999999999999998 36 1408215 8092 8294 192803 42241 1230 26
leaf_count=45213 1865255 3126 13 36 1408215 8092 8294 192803 42241 1230 26
internal_value=-3.32109e-09 2.63098e-06 0.000325133 0.00245088 2.21936e-06 -9.593e-05 -4.5316e-06 -5.16419e-06 -0.000141936 0.000287694 0.00112029
internal_weight=3.57454e+06 3.479e+06 4431 75 3.47457e+06 95546 2.06635e+06 2.05806e+06 50333 4356 62
internal_count=3574544 3478998 4431 75 3474567 95546 2066352 2058058 50333 4356 62
is_linear=0
shrinkage=0.00523217


Tree=113
num_leaves=12
num_cat=0
split_feature=1 5 17 18 15 13 20 17 18 20 18
split_gain=29.6991 16.2115 12.6282 9.89663 9.7474 9.68865 7.69177 7.05474 6.98671 6.2332 5.6299
threshold=1.734273433685303 inf 2.6439664363861088 -1.2862774133682249 0.12197754532098772 2.0320636034011845 3.7034974098205571 0.4422104954719544 0.27306458353996282 0.67175978422164928 2.7396554946899419
decision_type=2 8 2 2 2 10 10 2 2 8 2
left_child=1 3 10 -1 -4 -6 -7 -2 -5 -10 -3
right_child=7 2 4 8 5 6 -8 -9 9 -11 -12
leaf_value=-2.6194792117705613e-05 -3.207035747576957e-05 -7.3134271216722127e-06 -0.0001258529853124556 1.2190566735348462e-05 0.00034562792836708334 0.0077535095771430968 0.0024154668168982173 -9.5654293843560869e-05 2.0422354374747245e-06 -2.7665468209223261e-05 0.00041195743766606757
leaf_weight=287053 96941 1243 26 1890587 15.999999999999998 17 15.999999999999998 94277 959143 242150 2944
leaf_count=287053 96941 1243 26 1890587 16 17 16 94277 959143 242150 2944
internal_value=1.3677e-08 3.59943e-06 0.000326045 3.19236e-06 0.00243886 0.00378665 0.00536188 -6.3424e-05 5.92096e-06 -3.94543e-06 0.000287329
internal_weight=3.57441e+06 3.3832e+06 4262 3.37893e+06 75 49 33 191218 3.09188e+06 1.20129e+06 4187
internal_count=3574413 3383195 4262 3378933 75 49 33 191218 3091880 1201293 4187
is_linear=0
shrinkage=0.00523217


Tree=114
num_leaves=12
num_cat=0
split_feature=1 23 17 24 22 19 6 6 19 6 1
split_gain=29.6497 16.5204 12.5159 9.40705 15.6678 28.3036 8.79616 7.0544 5.4348 4.0367 3.64144
threshold=1.937520503997803 inf 2.6439664363861088 0.12047975882887842 0.33040410280227667 3.260644912719727 -1.4282628893852232 -3.1805261373519893 -1.6931408643722532 -0.056440593674778931 1.7815923690795901
decision_type=2 8 2 10 10 10 2 2 10 2 2
left_child=1 6 9 4 -4 -6 -1 -2 -8 -3 -11
right_child=7 2 3 -5 5 -7 8 -9 -10 10 -12
leaf_value=-3.3977698116394619e-05 -0.00014421787290726761 0.00046562104095514487 0.0015349160238182673 -0.00058835796755448398 0.00075526278394858566 0.01401898904797569 0.00011393217546737879 -5.495133360815752e-05 4.1178450936961058e-06 0.00012858636082434778 0.0030000638442156261
leaf_weight=170847 31510 1912 38 20 9.0000000000000018 7.9999999999999991 12384 105260 3249888 2414 10.999999999999998
leaf_count=170847 31510 1912 38 20 9 8 12384 105260 3249888 2414 11
internal_value=2.3582e-08 3.02968e-06 0.000322948 0.002427 0.0035271 0.00754678 2.6182e-06 -7.55241e-05 4.535e-06 0.000285726 0.000143398
internal_weight=3.5743e+06 3.43753e+06 4412 75 55 17 3.43312e+06 136770 3.26227e+06 4337 2425
internal_count=3574301 3437531 4412 75 55 17 3433119 136770 3262272 4337 2425
is_linear=0
shrinkage=0.00523217


Tree=115
num_leaves=12
num_cat=0
split_feature=0 5 6 16 1 1 13 21 19 8 0
split_gain=32.3271 16.2622 12.3961 7.08764 9.86166 6.46375 6.04722 6.36278 5.77285 7.2941 5.89192
threshold=-3.8297237157821651 inf -1.263202905654907 -0.0031836626585572954 -1.0168489217758176 -2.3468189239501949 2.3967182636260991 0.92963621020317089 -1.6931408643722532 inf 0.65796944499015819
decision_type=2 8 2 2 2 2 10 2 10 8 2
left_child=-1 2 -2 -3 5 -5 -6 -8 9 -4 -10
right_child=1 3 8 4 6 -7 7 -9 10 -11 -12
leaf_value=-0.0001256988152297083 -3.4367439486637551e-05 8.5139015583289392e-05 0.00011147666608702091 0.001925634265039197 0.001246730573342735 0.00041862988987599435 0.0089343806008662686 0.0018476521869371023 6.4511664618994651e-07 0.0043412467253329387 1.9363043807011483e-05
leaf_weight=55140 244306 1888 12770 80 22 2256 6.9999999999999991 7.9999999999999991 2703043 9.9999999999999982 554895
leaf_count=55140 244306 1888 12770 80 22 2256 7 8 2703043 10 554895
internal_value=5.53392e-09 1.97533e-06 1.58346e-06 0.000324969 0.000515306 0.000471531 0.00315788 0.00561546 4.26906e-06 0.00011525 3.83342e-06
internal_weight=3.57442e+06 3.51928e+06 3.51502e+06 4261 2373 2336 37 15 3.27072e+06 12780 3.25794e+06
internal_count=3574425 3519285 3515024 4261 2373 2336 37 15 3270718 12780 3257938
is_linear=0
shrinkage=0.00523217


Tree=116
num_leaves=12
num_cat=0
split_feature=0 23 11 22 22 13 18 0 0 3 19
split_gain=31.8783 16.3077 27.5731 16.7716 102.194 38.4831 9.69643 9.37094 7.29236 7.07242 6.65841
threshold=-2.8075786828994747 inf 3.6227375268936162 0.52850455045700084 0.2054957449436188 2.3967182636260991 -1.2862774133682249 0.32056987285614019 -5.3042252063751212 1.0920080542564394 -1.6931408643722532
decision_type=2 8 8 10 10 10 2 2 2 10 8
left_child=8 6 -3 4 -4 -6 -2 9 -1 -8 -11
right_child=1 2 3 -5 5 -7 7 -9 -10 10 -12
leaf_value=-0.00021048362032959812 -2.6663521839746374e-05 0.00022945598039537875 0.0011999928901042867 0.00017449518031131613 0.018805165608326634 0.0036461446376713611 -5.2064657082244008e-06 1.528293853846639e-05 -7.6280102371519866e-05 0.00028032865417160717 3.3996256045789217e-05
leaf_weight=12809 292253 4233 107 72 13 8 1742366 1350620 82763 3113 85795
leaf_count=12809 292253 4233 107 72 13 8 1742366 1350620 82763 3113 85795
internal_value=-6.75837e-09 2.58308e-06 0.000319683 0.00221277 0.003341 0.0135685 2.17812e-06 4.82745e-06 -9.42775e-05 -2.88336e-06 4.26339e-05
internal_weight=3.57415e+06 3.47858e+06 4433 200 128 21 3.47415e+06 3.18189e+06 95572 1.83127e+06 88908
internal_count=3574152 3478580 4433 200 128 21 3474147 3181894 95572 1831274 88908
is_linear=0
shrinkage=0.00523217


Tree=117
num_leaves=12
num_cat=0
split_feature=0 5 17 6 18 15 6 0 18 15 15
split_gain=32.331 15.6632 12.334 12.1565 10.2141 9.56368 6.41263 5.8972 5.17811 6.9579 6.15232
threshold=-3.8297237157821651 inf 2.6439664363861088 -1.1145261526107786 -1.2499459385871885 0.12197754532098772 -4.0263264179229727 0.65796944499015819 2.7396554946899419 0.051689762622118003 0.033836223185062415
decision_type=2 8 2 2 2 2 2 2 2 2 2
left_child=-1 3 8 -2 -5 -4 -7 -6 -3 10 -10
right_child=1 2 5 4 7 6 -8 -9 9 -11 -12
leaf_value=-0.00012574279693950083 -3.1107319618022673e-05 -2.5114218733244067e-06 -0.00013323386722879213 -2.4219480470209384e-05 4.1965565608820033e-06 0.0078436646511780232 0.0027249001953954851 2.4230852766563036e-05 0.00086222836596853676 0.00036491766757070588 0.0046696436003477544
leaf_weight=55112 286013 1242 26 307131 2440126 7.9999999999999991 41 481645 33 2905 18
leaf_count=55112 286013 1242 26 307131 2440126 8 41 481645 33 2905 18
internal_value=1.57002e-09 1.97105e-06 0.000318514 1.5859e-06 4.48209e-06 0.00240661 0.00374169 7.49943e-06 0.000280351 0.000399424 0.00229675
internal_weight=3.5743e+06 3.51919e+06 4273 3.51492e+06 3.2289e+06 75 49 2.92177e+06 4198 2956 51
internal_count=3574300 3519188 4273 3514915 3228902 75 49 2921771 4198 2956 51
is_linear=0
shrinkage=0.00523217


Tree=118
num_leaves=12
num_cat=0
split_feature=6 23 11 15 17 11 2 2 15 2 6
split_gain=27.3476 12.8287 19.1524 12.2029 11.4472 5.57799 12.1104 11.1436 5.45248 5.273 4.85398
threshold=-1.7362686395645139 inf 2.3633161783218388 0.13101903349161151 2.6439664363861088 4.3383243083953866 2.2186276912689213 1.5784738063812258 -1.5439849495887754 0.38911013305187231 -3.1805261373519893
decision_type=2 8 8 2 2 8 8 10 2 10 2
left_child=10 9 4 5 8 7 -7 -4 -3 -2 -1
right_child=1 2 3 -5 -6 6 -8 -9 -10 -11 -12
leaf_value=-0.00010149787341492686 8.0692318064801255e-06 0.0041962746875772944 0.0033077352625500676 0.00028546551189370981 0.0033022406024730403 0.0018074519615811067 0.0069565181895645664 0.00025023729940133754 0.00015510796270926664 -5.4397909544466981e-06 -4.3761876764694094e-05
leaf_weight=58295 2126487 7.9999999999999991 64 128 31 35 20 67 3541 1259423 126380
leaf_count=58295 2126487 8 64 128 31 35 20 67 3541 1259423 126380
internal_value=1.14809e-08 3.38965e-06 0.000303488 0.0015404 0.000194302 0.00239246 0.0038011 0.00176627 0.000165838 3.04418e-06 -6.19919e-05
internal_weight=3.57448e+06 3.3898e+06 3894 314 3580 186 55 131 3549 3.38591e+06 184675
internal_count=3574479 3389804 3894 314 3580 186 55 131 3549 3385910 184675
is_linear=0
shrinkage=0.00523217


Tree=119
num_leaves=12
num_cat=0
split_feature=5 11 5 12 17 12 22 18 18 12 17
split_gain=15.6696 24.2548 13.077 11.1559 33.6386 55.5235 52.5592 9.39527 8.53403 8.35801 15.8492
threshold=inf 2.6600701808929448 2.2531644105911259 -2.2809122800827022 1.4047411084175112 -3.589740395545959 -1.0000000180025095e-35 -1.2862774133682249 0.73307579755783092 -0.35147278010845179 1.2778313755989077
decision_type=8 10 10 10 2 10 10 2 2 10 2
left_child=2 -2 7 4 -3 -6 -7 -1 -9 -5 -11
right_child=1 3 -4 9 5 6 -8 8 -10 10 -12
leaf_value=-2.691259179509808e-05 0.00019230444567189421 0.0012372371953949836 -5.235209163474988e-05 0.00076305408837064217 -0.00048971699956973478 0.0028048844555252075 0.022533170757912842 9.1206434808211744e-06 -1.0805974150443191e-05 -0.00013361588733377014 0.0098252121816888166
leaf_weight=290755 3883 80 127810 261 12.000000000000002 7.0000000000000009 7.9999999999999973 2368800 782776 8.9999999999999982 6.9999999999999991
leaf_count=290755 3883 80 127810 261 12 7 8 2368800 782776 9 7
internal_value=-4.92004e-09 0.000316828 -3.83925e-07 0.00156946 0.00300085 0.00792681 0.0142536 1.54538e-06 4.17109e-06 0.00100326 0.0045528
internal_weight=3.57441e+06 4267 3.57014e+06 384 107 27 15 3.44233e+06 3.15158e+06 277 16
internal_count=3574408 4267 3570141 384 107 27 15 3442331 3151576 277 16
is_linear=0
shrinkage=0.00523217


Tree=120
num_leaves=12
num_cat=0
split_feature=0 23 17 21 6 9 0 20 20 13 3
split_gain=31.0458 15.6689 12.9315 19.2423 10.6261 5.9049 5.17432 5.04911 5.07775 32.3755 4.38824
threshold=-3.411179661750793 inf 2.6439664363861088 0.18622127920389178 -1.1145261526107786 0.34362362325191503 0.65796944499015819 1.2965490221977236 1.4133899807929995 2.3967182636260991 1.2130278348922732
decision_type=2 8 2 2 2 10 2 8 10 8 10
left_child=5 4 7 -4 10 -1 -6 -3 9 -9 -2
right_child=1 2 3 -5 6 -7 -8 8 -10 -11 -12
leaf_value=-6.3355117975973939e-05 -3.1629929160993349e-05 -4.2861446854094717e-05 0.0079798283438267826 0.0011449643643024825 1.4314348106222184e-06 -0.0001602777611386513 1.8991754232803381e-05 0.00021695843256220121 0.0003396581387975138 0.008574837345313252 0.00015398897856020775
leaf_weight=35900 274296 1034 12.999999999999998 60 2668202 33122 554922 79 3236 13.999999999999998 3529
leaf_count=35900 274296 1034 13 60 2668202 33122 554922 79 3236 14 3529
internal_value=8.63771e-09 2.17263e-06 0.000312896 0.00248071 1.77858e-06 -0.00010988 4.45503e-06 0.000275779 0.000374971 0.00157549 -2.92686e-05
internal_weight=3.57441e+06 3.50538e+06 4436 73 3.50095e+06 69022 3.22312e+06 4363 3329 93 277825
internal_count=3574407 3505385 4436 73 3500949 69022 3223124 4363 3329 93 277825
is_linear=0
shrinkage=0.00523217


Tree=121
num_leaves=12
num_cat=0
split_feature=23 5 18 13 3 16 18 15 18 15 13
split_gain=15.0123 13.0097 9.37823 10.2649 6.7215 6.41899 6.18633 5.50448 5.26125 11.1457 4.41375
threshold=inf 2.2531644105911259 -1.2499459385871885 0.86990413069725048 0.3738850355148316 -0.0031836626585572954 0.176400862634182 -1.5439849495887754 2.7396554946899419 0.079187825322151198 0.62876740097999584
decision_type=8 8 2 10 8 2 2 2 2 2 8
left_child=1 2 -1 6 -5 7 -4 -2 -7 -10 -3
right_child=5 10 3 4 -6 8 -8 -9 9 -11 -12
leaf_value=-2.5542087600758604e-05 0.0041285482189128628 -2.8747666442763918e-05 1.5635089933431723e-05 -2.8034290767690957e-05 9.7508255471608951e-06 -1.9666946334830791e-05 -9.5207730104136124e-07 6.6324867556868302e-05 0.00348394839677796 0.00054645631257551871 -9.2501254140849303e-05
leaf_weight=318430 7.9999999999999991 80737 1494919 389966 192461 458 1046237 2022 35 1945 47105
leaf_count=318430 8 80737 1494919 389966 192461 458 1046237 2022 35 1945 47105
internal_value=-3.8346e-08 -4.17971e-07 1.50677e-06 4.2645e-06 -1.5547e-05 0.000303015 8.80556e-06 8.51222e-05 0.000483986 0.000600835 -5.22454e-05
internal_weight=3.57432e+06 3.56986e+06 3.44201e+06 3.12358e+06 582427 4468 2.54116e+06 2030 2438 1980 127842
internal_count=3574323 3569855 3442013 3123583 582427 4468 2541156 2030 2438 1980 127842
is_linear=0
shrinkage=0.00523217


Tree=122
num_leaves=12
num_cat=0
split_feature=6 23 18 18 20 6 2 20 12 6 23
split_gain=26.8388 12.2932 9.86362 6.64262 6.72172 5.95478 5.886 5.47482 5.23391 4.76619 3.73039
threshold=-1.7362686395645139 inf -1.2158750295639036 0.176400862634182 0.94982931017875682 -0.056440593674778931 2.2186276912689213 2.388242363929749 0.78182229399681102 -3.1805261373519893 inf
decision_type=2 8 2 2 8 2 10 10 8 2 8
left_child=9 2 -2 8 6 7 -5 -3 -4 -1 -11
right_child=1 5 3 4 -6 -7 -8 -9 -10 10 -12
leaf_value=-0.00010053206528372879 -2.3479437666544645e-05 0.00015811697331016036 8.5679867619850982e-06 1.6306764930656559e-06 -3.0561585069669444e-05 0.00014186114234683258 0.00025236076232476568 0.00082818533786253716 3.2502654976854127e-05 -4.4846359207600097e-05 0.00049043899978969466
leaf_weight=58319 344942 550 1433743 1098858 202800 2463 2568 864 303015 126010 356
leaf_count=58319 344942 550 1433743 1098858 202800 2463 2568 864 303015 126010 356
internal_value=2.60253e-08 3.37272e-06 3.03526e-06 6.04313e-06 -2.87992e-06 0.000297784 2.21626e-06 0.000568468 1.27444e-05 -6.13961e-05 -4.33274e-05
internal_weight=3.57449e+06 3.3898e+06 3.38593e+06 3.04098e+06 1.30423e+06 3877 1.10143e+06 1414 1.73676e+06 184685 126366
internal_count=3574488 3389803 3385926 3040984 1304226 3877 1101426 1414 1736758 184685 126366
is_linear=0
shrinkage=0.00523217


Tree=123
num_leaves=12
num_cat=0
split_feature=0 5 11 7 22 7 0 17 0 19 5
split_gain=30.7748 14.7299 23.9702 19.7048 62.2528 61.52 8.95822 7.31205 8.01952 7.21628 6.19419
threshold=-3.8297237157821651 inf 3.6227375268936162 1.4586503505706789 0.2054957449436188 2.3875048160552983 0.32056987285614019 2.6439664363861088 -0.063951328396797166 -1.4435930848121641 1.4360482692718508
decision_type=2 8 10 10 10 10 2 2 2 10 8
left_child=-1 6 7 -4 -5 -6 9 -3 -9 -2 -11
right_child=1 2 3 4 5 -7 -8 8 -10 10 -12
leaf_value=-0.00012268071076925577 7.2378306113659002e-05 0.00019436240035999153 0.00060508818981527498 0.00096091825335364845 0.018076576360136643 0.0020308267241802712 1.1217148073275009e-05 0.0037569728356285806 -5.2219774778194302e-05 -3.8376880824202184e-06 -3.4685640413508415e-05
leaf_weight=55105 31917 4012 112 61 13 13 1503618 32 27 1781788 198010
leaf_count=55105 31917 4012 112 61 13 13 1503618 32 27 1781788 198010
internal_value=8.09987e-09 1.92926e-06 0.000309005 0.00207716 0.00392961 0.0105204 1.55593e-06 0.000221798 0.00203365 -5.66477e-06 -6.92338e-06
internal_weight=3.57471e+06 3.5196e+06 4270 199 87 26 3.51533e+06 4071 59 2.01172e+06 1.9798e+06
internal_count=3574708 3519603 4270 199 87 26 3515333 4071 59 2011715 1979798
is_linear=0
shrinkage=0.00523217


Tree=124
num_leaves=12
num_cat=0
split_feature=0 6 12 17 0 0 8 6 0 2 2
split_gain=30.5431 10.98 5.99963 4.86347 4.44784 4.30941 4.13718 9.37573 3.21448 2.79928 2.40698
threshold=-3.8297237157821651 -1.1145261526107786 1.3878460526466372 0.43206351995468145 0.65796944499015819 -1.5719175934791563 inf -0.70749130845069874 -5.3042252063751212 2.2186276912689213 0.011038690339773895
decision_type=2 2 8 2 2 2 8 2 2 8 8
left_child=3 5 4 -1 6 -2 10 -8 -5 -4 -3
right_child=1 2 9 8 -6 -7 7 -9 -10 -11 -12
leaf_value=-6.4340813781034784e-05 -6.451061956767744e-05 6.1885831855151229e-06 5.5417697006859722e-05 -0.00025256753913112482 1.7453102777282433e-05 -1.7493411420671481e-05 0.0048044309507348113 0.00019830210311048779 -0.00013282946064918131 0.00044133395951336115 -3.8434955983987781e-06
leaf_weight=23134 70900 1205262 53917 8321 536809 216138 10.999999999999998 2277 23684 519 1433266
leaf_count=23134 70900 1205262 53917 8321 536809 216138 11 2277 23684 519 1433266
internal_value=-1.22032e-08 1.90211e-06 4.65654e-06 -0.0001222 3.72323e-06 -2.91099e-05 9.3199e-07 0.000223267 -0.000163994 5.91213e-05 7.38787e-07
internal_weight=3.57424e+06 3.5191e+06 3.23206e+06 55139 3.17762e+06 287038 2.64082e+06 2288 32005 54436 2.63853e+06
internal_count=3574238 3519099 3232061 55139 3177625 287038 2640816 2288 32005 54436 2638528
is_linear=0
shrinkage=0.00523217


Tree=125
num_leaves=12
num_cat=0
split_feature=0 18 0 6 10 6 2 14 12 18 2
split_gain=29.9617 9.51624 8.07994 7.26627 7.16636 5.83401 5.10805 13.0495 4.34018 3.5515 3.27886
threshold=-2.8075786828994747 -1.2158750295639036 0.32056987285614019 -2.8905054330825801 inf -0.73394539952278126 1.3887580633163454 -1.2194390892982481 1.1467615962028506 -2.2969599962234493 2.2186276912689213
decision_type=2 2 2 2 8 2 10 2 10 2 10
left_child=3 9 4 -1 5 -3 -6 -8 -7 -2 -4
right_child=1 2 10 -5 6 8 7 -9 -10 -11 -12
leaf_value=-0.00015626364437886157 5.9149679656687164e-05 -2.1898407044352654e-05 1.5044661842758385e-05 -5.9278706465733167e-05 5.3464289721665328e-05 8.280611533377047e-07 0.00044929155982094399 0.0053369606558324135 5.7492914589508021e-05 -2.6795260096798307e-05 0.00039110575754447115
leaf_weight=31644 13694 335106 1321469 63903 1448 1432301 1256 13.999999999999998 37985 335052 634
leaf_count=31644 13694 335106 1321469 63903 1448 1432301 1256 14 37985 335052 634
internal_value=-3.47069e-09 2.50671e-06 5.39532e-06 -9.14089e-05 -1.79247e-06 -2.19716e-06 0.000266607 0.000508716 2.2926e-06 -2.3418e-05 1.5226e-05
internal_weight=3.57451e+06 3.47896e+06 3.13021e+06 95547 1.80811e+06 1.80539e+06 2718 1270 1.47029e+06 348746 1.3221e+06
internal_count=3574506 3478959 3130213 95547 1808110 1805392 2718 1270 1470286 348746 1322103
is_linear=0
shrinkage=0.00523217


Tree=126
num_leaves=12
num_cat=0
split_feature=1 23 18 6 18 1 18 6 12 12 9
split_gain=27.4187 14.3005 9.29097 8.32083 6.73475 11.079 6.64788 5.55343 5.46691 4.62305 4.24062
threshold=1.734273433685303 inf -1.2677692174911497 -2.8905054330825801 2.7396554946899419 -1.0168489217758176 0.27306458353996282 -0.47231496870517725 -1.2322008013725279 0.78182229399681102 0.34362362325191503
decision_type=2 8 2 2 2 2 2 2 10 8 10
left_child=1 2 -1 -2 -3 -6 9 -8 -7 -4 -5
right_child=3 4 6 10 5 8 7 -9 -10 -11 -12
leaf_value=-2.4674299672003867e-05 -0.00012480391866098281 -3.4338564824966114e-06 8.1636932916007791e-06 -2.198041429148653e-05 0.00040516114121611993 0.0059340874697778462 -2.5315046966727186e-05 2.0694031731769952e-06 0.0014845533969115139 2.9780445238555798e-05 -8.0929299381739137e-05
leaf_weight=300752 43210 1358 1548536 97162 2992 12.999999999999998 258237 942966 20 328310 50958
leaf_count=300752 43210 1358 1548536 97162 2992 13 258237 942966 20 328310 50958
internal_value=2.30465e-08 3.46936e-06 3.08163e-06 -6.09117e-05 0.0003021 0.000439475 5.7939e-06 -3.81711e-06 0.00340548 1.19455e-05 -4.22666e-05
internal_weight=3.57451e+06 3.38318e+06 3.3788e+06 191330 4383 3025 3.07805e+06 1.2012e+06 33 1.87685e+06 148120
internal_count=3574514 3383184 3378801 191330 4383 3025 3078049 1201203 33 1876846 148120
is_linear=0
shrinkage=0.00523217


Tree=127
num_leaves=12
num_cat=0
split_feature=0 23 11 15 21 19 1 15 0 19 0
split_gain=29.6976 14.5437 24.8449 19.7782 13.3486 17.8437 10.1668 6.13303 5.26132 5.32153 4.34048
threshold=-3.8297237157821651 inf 2.6600701808929448 0.13101903349161151 1.8072920441627505 3.5377088785171513 1.3380197882652285 -1.5439849495887754 0.65796944499015819 -1.6931408643722532 -5.3042252063751212
decision_type=2 8 8 2 2 10 2 2 2 10 2
left_child=10 6 7 4 5 -4 8 -3 9 -2 -1
right_child=1 2 3 -5 -6 -7 -8 -9 -10 -11 -12
leaf_value=-0.00020499312224191599 0.00012233396356944978 0.0047091877217729323 0.0046346806312398741 7.1426980203133345e-05 0.0004578004857689322 0.001160330890939092 -2.823125754276595e-05 0.00017029969499159192 1.8721982217465188e-05 6.6134544270149777e-07 -9.4928792133680071e-05
leaf_weight=12797 9876 6.9999999999999991 103 150 65 69 288568 4056 562633 2653812 42310
leaf_count=12797 9876 7 103 150 65 69 288568 4056 562633 2653812 42310
internal_value=1.37459e-08 1.90116e-06 0.000300789 0.00156574 0.00250308 0.00326297 1.52243e-06 0.000179685 4.18391e-06 1.11282e-06 -0.000120506
internal_weight=3.57445e+06 3.51934e+06 4450 387 237 172 3.51489e+06 4063 3.22632e+06 2.66369e+06 55107
internal_count=3574446 3519339 4450 387 237 172 3514889 4063 3226321 2663688 55107
is_linear=0
shrinkage=0.00523217


Tree=128
num_leaves=12
num_cat=0
split_feature=23 11 7 7 8 15 5 18 18 17 7
split_gain=14.6048 26.2521 20.8736 38.1655 17.5188 20.9774 12.3305 8.9618 8.07202 7.09401 6.47834
threshold=inf 3.6227375268936162 1.4586503505706789 1.5496119260787966 -2.0425819158554073 0.11376779899001123 2.2531644105911259 -1.2862774133682249 0.73307579755783092 2.6439664363861088 2.3875048160552983
decision_type=8 8 8 10 10 2 10 2 2 2 10
left_child=6 9 -3 -4 5 -5 7 -1 -9 -2 -11
right_child=1 2 3 4 -6 -7 -8 8 -10 10 -12
leaf_value=-2.6289683571611433e-05 0.00018562706505210452 0.00060842197058792811 0.014854537703823808 0.0029358983192133078 0.0012721580618581475 0.013524604266959046 -5.0842054575201297e-05 8.8839038347684451e-06 -1.0496809234350766e-05 -0.00011998341673122751 0.003392808859873188
leaf_weight=290720 4200 112 6.9999999999999991 17.000000000000004 59 6.9999999999999991 127752 2368695 782680 23 35
leaf_count=290720 4200 112 7 17 59 7 127752 2368695 782680 23 35
internal_value=6.30418e-09 0.000299187 0.00213707 0.00399803 0.00287717 0.00654602 -3.67352e-07 1.50578e-06 4.07023e-06 0.00021124 0.00201166
internal_weight=3.57431e+06 4460 202 90 83 24 3.56985e+06 3.4421e+06 3.15138e+06 4258 58
internal_count=3574307 4460 202 90 83 24 3569847 3442095 3151375 4258 58
is_linear=0
shrinkage=0.00523217


Tree=129
num_leaves=12
num_cat=0
split_feature=1 5 11 12 21 1 18 9 12 21 18
split_gain=26.5915 14.074 23.4576 11.263 32.3086 82.7324 9.0563 8.65453 8.14256 15.158 6.3481
threshold=1.5351145267486574 inf 2.6600701808929448 -2.2809122800827022 1.0000000180025095e-35 -2.0169777870178218 -1.2158750295639036 0.40492063760757452 -0.35147278010845179 0.37913183867931372 0.176400862634182
decision_type=2 8 10 10 2 2 2 10 10 2 2
left_child=1 6 -3 4 -4 -6 -1 -2 -5 -10 -8
right_child=7 2 3 8 5 -7 10 -9 9 -11 -12
leaf_value=-2.2088780941349147e-05 -3.0401211150751512e-05 0.0001816516676511273 3.9325166451689766e-05 0.00073155464336685104 0.016686871189472239 0.0019260162134097944 1.3124086997984341e-05 -9.5347575662998817e-05 -0.00011222880185322143 0.0096271116919193506 -2.3318350278217418e-06
leaf_weight=337102 177123 3876 53 262 12.999999999999998 41 1704087 82295 8.9999999999999982 6.9999999999999991 1269233
leaf_count=337102 177123 3876 53 262 13 41 1704087 82295 9 7 1269233
internal_value=6.29867e-09 3.99907e-06 0.000304467 0.0015345 0.00297308 0.00577542 3.61197e-06 -5.10075e-05 0.000967678 0.00447114 6.52609e-06
internal_weight=3.5741e+06 3.31468e+06 4261 385 107 54 3.31042e+06 259418 278 16 2.97332e+06
internal_count=3574101 3314683 4261 385 107 54 3310422 259418 278 16 2973320
is_linear=0
shrinkage=0.00523217


Tree=130
num_leaves=12
num_cat=0
split_feature=0 6 11 19 1 11 7 0 0 2 2
split_gain=29.1725 10.5333 5.47378 5.4191 5.39498 15.209 33.5581 4.20774 3.58343 3.49225 3.40216
threshold=-3.8297237157821651 -1.263202905654907 1.4514055848121645 -1.6931408643722532 -2.1404296159744258 3.3330680131912236 1.4586503505706789 -5.3042252063751212 -1.5719175934791563 -2.4233934879302974 2.2186276912689213
decision_type=2 2 8 8 2 10 10 2 2 8 10
left_child=7 4 3 9 5 -2 -7 -1 -6 -3 -5
right_child=1 2 -4 10 8 6 -8 -9 -10 -11 -12
leaf_value=-0.00020271672510975263 0.00021094962175285961 0.00044842235872832561 2.7719507423780104e-05 1.6223137260798715e-06 -6.5273359903580201e-05 1.8119369790412847e-05 0.010524929553637232 -9.4328784726287188e-05 -1.999121022875296e-05 8.9429801606882625e-05 0.00011082816714104944
leaf_weight=12794 228 795 252255 3002137 65270 23 11.999999999999998 42284 179525 11201 7829
leaf_count=12794 228 795 252255 3002137 65270 23 12 42284 179525 11201 7829
internal_value=-4.2222e-08 1.82753e-06 4.30414e-06 2.34929e-06 -3.12589e-05 0.000715907 0.0038688 -0.000119524 -3.20684e-05 0.00011333 1.90667e-06
internal_weight=3.57435e+06 3.51928e+06 3.27422e+06 3.02196e+06 245058 263 35 55078 244795 11996 3.00997e+06
internal_count=3574353 3519275 3274217 3021962 245058 263 35 55078 244795 11996 3009966
is_linear=0
shrinkage=0.00523217


Tree=131
num_leaves=12
num_cat=0
split_feature=6 23 11 15 17 7 13 15 7 13 15
split_gain=25.1383 11.6325 18.3184 11.6726 11.0585 10.609 7.12022 8.31892 7.62549 6.48136 5.32728
threshold=-1.7362686395645139 inf 2.3633161783218388 0.13101903349161151 2.6439664363861088 2.3875048160552983 2.3967182636260991 0.10535049065947534 0.32223975658416754 0.86990413069725048 -1.5439849495887754
decision_type=2 8 8 2 2 10 10 2 8 8 2
left_child=-1 9 4 6 10 -6 8 -8 -4 -2 -3
right_child=1 2 3 -5 5 -7 7 -9 -10 -11 -12
leaf_value=-5.9418374098759274e-05 6.2755205615706222e-06 0.0041381338550416898 0.00077898424011520933 0.00026679346281947104 0.00015277158188753675 0.0062259815266317202 0.0031621463908777575 -0.00036698379734803523 0.0039647945266969905 -1.2751997091174721e-05 0.0001438390669629344
leaf_weight=184696 2791288 7.9999999999999991 29 127 15.999999999999998 15.000000000000002 29 45 83 594428 3535
leaf_count=184696 2791288 8 29 127 16 15 29 45 83 594428 3535
internal_value=2.41221e-08 3.26334e-06 0.000289286 0.00150095 0.000182486 0.00323712 0.00233233 0.00103334 0.00316374 2.93463e-06 0.000154462
internal_weight=3.5743e+06 3.3896e+06 3887 313 3574 31 186 74 112 3.38572e+06 3543
internal_count=3574299 3389603 3887 313 3574 31 186 74 112 3385716 3543
is_linear=0
shrinkage=0.00523217


Tree=132
num_leaves=12
num_cat=0
split_feature=0 23 0 3 0 3 5 20 0 2 2
split_gain=28.8669 14.351 7.88108 7.60451 6.05018 5.86727 5.04356 4.72995 8.54528 7.61469 6.36289
threshold=-3.0856363773345943 inf 0.34934721887111669 1.6068084836006167 -5.3042252063751212 -1.6655727624893186 1.4360482692718508 2.2625478506088261 -0.11349516361951827 2.2186276912689213 1.5392579436302187
decision_type=2 8 2 10 2 10 10 8 2 8 8
left_child=4 2 3 6 -1 7 -2 -3 9 -9 -10
right_child=1 5 -4 -5 -6 -7 -8 8 10 -11 -12
leaf_value=-0.000201590203394264 -2.5664070386393418e-06 0.00011369237180536754 1.145577278779459e-05 0.00015256784462936384 -7.7670034319842033e-05 4.8741388054670909e-05 -3.0425938865583558e-05 -6.2155575453647275e-05 0.0009260113489767967 0.0044956584248046485 0.00030134386000644033
leaf_weight=12788 1874751 838 1408393 8395 69294 1624 196552 14.999999999999998 710 27 1220
leaf_count=12788 1874751 838 1408393 8395 69294 1624 196552 15 710 27 1220
internal_value=-2.10186e-09 2.2771e-06 1.89867e-06 -4.57312e-06 -9.69886e-05 0.000299713 -5.21048e-06 0.000444391 0.000584362 0.00289212 0.000531986
internal_weight=3.57461e+06 3.49252e+06 3.48809e+06 2.0797e+06 82082 4434 2.0713e+06 2810 1972 42 1930
internal_count=3574607 3492525 3488091 2079698 82082 4434 2071303 2810 1972 42 1930
is_linear=0
shrinkage=0.00523217


Tree=133
num_leaves=12
num_cat=0
split_feature=0 5 17 21 6 19 0 17 3 7 5
split_gain=28.7122 13.3878 11.9443 19.051 10.9702 5.46551 5.36911 4.70582 4.60416 4.25325 4.81212
threshold=-3.8297237157821651 inf 2.6439664363861088 0.18622127920389178 -1.263202905654907 -1.6931408643722532 0.65796944499015819 1.3014226555824282 -1.2945810556411741 inf -1.0000000180025095e-35
decision_type=2 8 2 2 2 10 2 2 10 8 10
left_child=7 4 8 -4 -2 9 -7 -1 -3 -6 -11
right_child=1 2 3 -5 5 6 -8 -9 -10 10 -12
leaf_value=-8.8304609982138381e-05 -3.2277657430189284e-05 0.00036189300872544161 0.0078417277502737023 0.0010559196493144707 0.00010862399767866732 6.0438144800526074e-07 1.8472603759644431e-05 -0.00019614442611322485 -2.9221930190579283e-05 0 0.0056170063248733955
leaf_weight=39757 244264 3076 12.999999999999998 61 12755 2703061 554893 15389 1120 7.9999999999999991 6.9999999999999991
leaf_count=39757 244264 3076 13 61 12755 2703061 554893 15389 1120 8 7
internal_value=4.48646e-08 1.90139e-06 0.000294654 0.00236325 1.54543e-06 4.07166e-06 3.64794e-06 -0.000118416 0.000257326 0.000112101 0.00279499
internal_weight=3.5744e+06 3.51926e+06 4270 74 3.51499e+06 3.27072e+06 3.25795e+06 55146 4196 12770 15
internal_count=3574404 3519258 4270 74 3514988 3270724 3257954 55146 4196 12770 15
is_linear=0
shrinkage=0.00523217


Tree=134
num_leaves=12
num_cat=0
split_feature=0 6 18 11 18 0 3 9 0 2 3
split_gain=28.357 10.2769 9.82995 5.32558 5.78814 12.7848 4.39425 4.36068 4.29208 3.86972 6.20877
threshold=-3.8297237157821651 -1.1145261526107786 -1.2321152687072752 1.4514055848121645 2.7396554946899419 -0.095486443489789949 1.2130278348922732 0.30306144058704382 -1.5719175934791563 2.2186276912689213 -0.82790818810462941
decision_type=2 2 2 8 2 2 10 10 2 10 10
left_child=7 6 -3 9 -5 -6 8 -1 -2 -4 -11
right_child=1 2 3 4 5 -7 -8 -9 -10 10 -12
leaf_value=-6.9335293650921084e-05 -6.6153561201627218e-05 -2.2933594096280779e-05 5.1881407916191106e-06 3.0140987289628984e-05 -0.00011711235709222544 0.0009414866610545999 0.00014981624475485938 -0.00016255447538935321 -1.8859384199421301e-05 3.6319483022615424e-05 0.00038299953248443222
leaf_weight=26512 69714 321407 2680957 221396 653 595 3746 28610 213484 5582 1896
leaf_count=26512 69714 321407 2680957 221396 653 595 3746 28610 213484 5582 1896
internal_value=1.64105e-08 1.86094e-06 4.52499e-06 7.55692e-06 3.2149e-05 0.000387359 -2.81473e-05 -0.000117736 -3.05047e-05 5.52001e-06 0.000124372
internal_weight=3.57455e+06 3.51943e+06 3.23249e+06 2.91108e+06 222644 1248 286944 55122 283198 2.68844e+06 7478
internal_count=3574552 3519430 3232486 2911079 222644 1248 286944 55122 283198 2688435 7478
is_linear=0
shrinkage=0.00523217


Tree=135
num_leaves=12
num_cat=0
split_feature=5 13 18 18 3 2 16 20 5 3 24
split_gain=13.7195 11.7632 9.25654 7.34393 7.20907 7.95132 6.511 6.23106 5.53467 4.12135 7.90993
threshold=inf 0.92471164464950573 -1.2677692174911497 0.27306458353996282 0.60975393652915966 1.6802175641059878 -0.0031836626585572954 0.94982931017875682 1.8684264421463015 -2.9232525825500484 -0.61253127455711354
decision_type=8 10 2 2 8 10 2 8 10 10 10
left_child=1 2 -1 -4 8 -6 -2 -5 -3 10 -8
right_child=6 4 3 7 5 -7 9 -9 -10 -11 -12
leaf_value=-2.4894140142638507e-05 6.6985171416986274e-05 -2.6114320299696479e-05 1.3606621587919165e-05 1.0252750129705667e-06 8.0386499712377864e-06 0.00039168017442101273 0.00034034945087967939 -3.6097966916842814e-05 -9.2078191707792295e-05 0.00032859591791666688 0.0014277116581153865
leaf_weight=277770 1891 416622 1670976 892004 129407 1495 440 143710 38010 1616 317
leaf_count=277770 1891 416622 1670976 892004 129407 1495 440 143710 38010 1616 317
internal_value=1.6729e-08 -3.37364e-07 3.86922e-06 6.82133e-06 -2.17796e-05 1.24298e-05 0.000296584 -4.125e-06 -3.16313e-05 0.000479085 0.000798267
internal_weight=3.57426e+06 3.56999e+06 2.98446e+06 2.70669e+06 585534 130902 4264 1.03571e+06 454632 2373 757
internal_count=3574258 3569994 2984460 2706690 585534 130902 4264 1035714 454632 2373 757
is_linear=0
shrinkage=0.00523217


Tree=136
num_leaves=12
num_cat=0
split_feature=0 23 11 15 12 12 18 0 9 12 15
split_gain=28.0056 13.2417 22.2794 17.763 20.5313 57.3084 8.75558 8.36896 7.03594 6.5243 6.17983
threshold=-2.8075786828994747 inf 3.6227375268936162 0.13101903349161151 -2.8687776327133174 -3.8655703067779537 -1.2862774133682249 0.34934721887111669 0.30306144058704382 -0.32353836297988886 -1.4326791763305662
decision_type=2 8 8 2 10 8 2 2 10 10 2
left_child=8 6 10 4 5 -4 -2 -8 -1 -6 -3
right_child=1 2 3 -5 9 -7 7 -9 -10 -11 -12
leaf_value=-4.5887108958969068e-05 -2.5320662649433353e-05 0.0047548184380017408 0.00044865920572214056 -0.00032179423424668062 0.0015951459575490742 0.015598279772386304 -2.2839047082668433e-06 1.5057595500442931e-05 -0.00013585712470773527 0.0065494992689909444 0.00019809213195274856
leaf_weight=50472 292310 6.9999999999999991 15.999999999999998 62 104 11.000000000000002 1918842 1263403 45085 6.9999999999999991 4219
leaf_count=50472 292310 7 16 62 104 11 1918842 1263403 45085 7 4219
internal_value=2.04137e-08 2.44782e-06 0.000288415 0.00199009 0.00302844 0.00704457 2.08322e-06 4.6007e-06 -8.83457e-05 0.00198046 0.000207157
internal_weight=3.57454e+06 3.47898e+06 4426 200 138 27 3.47456e+06 3.18224e+06 95557 111 4226
internal_count=3574538 3478981 4426 200 138 27 3474555 3182245 95557 111 4226
is_linear=0
shrinkage=0.00523217


Tree=137
num_leaves=12
num_cat=0
split_feature=6 23 17 7 19 20 15 20 19 5 20
split_gain=24.1801 10.7783 8.91753 8.24496 6.26465 4.76641 6.65538 4.89266 26.1836 4.5138 4.45857
threshold=-1.7362686395645139 inf 2.6439664363861088 2.3875048160552983 -1.6931408643722532 1.2965490221977236 -1.5439849495887754 1.4133899807929995 1.8549383878707888 1.536770284175873 2.388242363929749
decision_type=2 8 2 10 10 8 2 10 10 10 10
left_child=9 4 5 -4 -2 6 -3 8 -7 -1 -6
right_child=1 2 3 -5 10 7 -8 -9 -10 -11 -12
leaf_value=-4.16769416002847e-05 0.00011479096915487185 0.0046503185910914237 0.00014003634905919194 0.0053539235073789956 3.28406571155691e-06 0.0087059326800494365 -8.6287677690879687e-05 0.00032567029132895414 0.00044262296022870204 -9.8588520950697428e-05 -3.8949272607744154e-05
leaf_weight=130691 13633 6.9999999999999991 15.999999999999998 17 3302237 10.999999999999998 1029 2730 79 53938 69875
leaf_count=130691 13633 7 16 17 3302237 11 1029 2730 79 53938 69875
internal_value=1.65494e-09 3.17797e-06 0.000278427 0.00294173 2.86147e-06 0.000254531 -4.82461e-05 0.000366023 0.00156115 -5.83081e-05 2.40868e-06
internal_weight=3.57426e+06 3.38963e+06 3889 33 3.38574e+06 3856 1036 2820 90 184629 3.37211e+06
internal_count=3574263 3389634 3889 33 3385745 3856 1036 2820 90 184629 3372112
is_linear=0
shrinkage=0.00523217


Tree=138
num_leaves=12
num_cat=0
split_feature=13 18 18 3 8 14 20 19 20 18 20
split_gain=9.96622 9.15664 7.07661 6.63589 6.91846 5.30617 5.16824 4.64665 3.50966 3.32493 3.22849
threshold=0.86990413069725048 -1.2677692174911497 0.27306458353996282 0.38103774189949041 inf -2.2794271707534786 0.94982931017875682 -1.6931408643722532 2.5284775495529179 -2.2969599962234493 3.7034974098205571
decision_type=10 2 2 8 8 2 8 8 10 2 8
left_child=1 9 7 4 -2 10 -4 -3 -5 -1 -6
right_child=3 2 6 8 5 -7 -8 -9 -10 -11 -12
leaf_value=5.689641630187127e-05 -3.1123944292068123e-05 0.00016477693171131462 9.7420951751728602e-07 9.8130268024310215e-06 0.00084146811325471436 -2.3667703393389774e-05 -3.3457072969844422e-05 1.3359948985723264e-05 -9.6472151577422577e-05 -2.8725905558398375e-05 0.00011656908590477808
leaf_weight=13030 441682 5567 868895 206784 548 630 138338 1629169 8868 260529 247
leaf_count=13030 441682 5567 868895 206784 548 630 138338 1629169 8868 260529 247
internal_value=1.7406e-08 4.17059e-06 7.15451e-06 -1.83624e-05 -2.99476e-05 0.000333836 -3.75398e-06 1.38762e-05 5.43816e-06 -2.46444e-05 0.000617764
internal_weight=3.57429e+06 2.91553e+06 2.64197e+06 658759 443107 1425 1.00723e+06 1.63474e+06 215652 273559 795
internal_count=3574287 2915528 2641969 658759 443107 1425 1007233 1634736 215652 273559 795
is_linear=0
shrinkage=0.00523217


Tree=139
num_leaves=12
num_cat=0
split_feature=1 5 11 15 13 22 6 3 11 22 9
split_gain=25.1621 12.9827 21.465 17.5821 16.6454 22.4274 9.31959 5.3827 4.68719 4.12622 4.03528
threshold=1.5351145267486574 inf 2.6600701808929448 0.13101903349161151 2.3967182636260991 0.19172126054763797 -2.8905054330825801 1.4388955831527712 1.3492949008941653 -0.94591128826141346 0.34362362325191503
decision_type=2 8 10 2 10 10 2 10 8 10 10
left_child=1 8 -3 4 5 -4 -2 10 -1 -6 -8
right_child=6 2 3 -5 9 -7 7 -9 -10 -11 -12
leaf_value=1.5903124593005714e-06 -0.00011459032597621176 0.00017552932024497394 0.0016823173951185254 5.5528796222705729e-05 0.0029527888455073942 0.0060197017830056158 -2.148325524170129e-05 0.00021501324329223983 2.3597587460016679e-05 0.00017806292087808967 -7.0906255827360234e-05
leaf_weight=3020243 49018 3870 79 148 17 57 141607 2339 290426 81 66499
leaf_count=3020243 49018 3870 79 148 17 57 141607 2339 290426 81 66499
internal_value=8.48587e-09 3.89251e-06 0.000292782 0.00147436 0.00236353 0.00354225 -4.96109e-05 -3.44711e-05 3.52113e-06 0.000696944 -3.72802e-05
internal_weight=3.57438e+06 3.31492e+06 4252 382 234 136 259463 210445 3.31067e+06 98 208106
internal_count=3574384 3314921 4252 382 234 136 259463 210445 3310669 98 208106
is_linear=0
shrinkage=0.00523217


Tree=140
num_leaves=12
num_cat=0
split_feature=23 5 17 7 22 3 19 20 20 20 19
split_gain=13.0494 11.5866 11.383 7.80276 16.4981 8.71374 6.29508 5.53268 4.57927 4.9039 26.0274
threshold=inf 2.2531644105911259 2.6439664363861088 1.4586503505706789 0.33040410280227667 -2.5942879915237422 -1.6931408643722532 2.388242363929749 1.2965490221977236 1.4133899807929995 1.8549383878707888
decision_type=8 10 2 10 10 10 10 10 8 10 10
left_child=1 6 8 -4 -5 -6 -1 -8 -2 10 -10
right_child=2 -3 3 4 5 -7 7 -9 9 -11 -12
leaf_value=0.00011280036616730232 -5.2211151252779919e-05 -4.9259021436785951e-05 -0.00037137083062489812 0.0014083375566591066 0.011245701716955648 0.0026861487803658932 2.0449284993478758e-06 -4.260765535052723e-05 0.0086621859254943177 0.00030760536695059461 0.00045057092317052225
leaf_weight=13850 1056 127768 21 39 7.9999999999999991 6.9999999999999991 3350414 77724 10.999999999999998 3247 83
leaf_count=13850 1056 127768 21 39 8 7 3350414 77724 11 3247 83
internal_value=2.0065e-08 -3.33606e-07 0.000282441 0.00228914 0.00332413 0.00778885 1.48231e-06 1.0323e-06 0.000247424 0.000342356 0.00151558
internal_weight=3.57423e+06 3.56976e+06 4472 75 54 15 3.44199e+06 3.42814e+06 4397 3341 94
internal_count=3574228 3569756 4472 75 54 15 3441988 3428138 4397 3341 94
is_linear=0
shrinkage=0.00523217


Tree=141
num_leaves=12
num_cat=0
split_feature=5 11 15 24 24 4 5 19 24 4 19
split_gain=13.0582 22.4042 17.9838 18.5456 26.2965 51.73 11.4003 11.3595 22.3564 8.01912 6.08113
threshold=inf 2.6600701808929448 0.13101903349161151 -0.098073836416006074 0.28167438507080084 -1.1157426238059995 2.2531644105911259 2.254123449325562 -0.86332204937934864 -1.9758843779563902 -1.6931408643722532
decision_type=8 10 2 10 10 8 10 10 10 10 10
left_child=6 -2 3 7 5 -5 10 8 -3 -6 -1
right_child=1 2 -4 4 9 -7 -8 -9 -10 -11 -12
leaf_value=0.00011074910112159303 0.00016936422830816588 0.011487386695521688 5.2996815820075698e-05 0.013545011551822967 0.0068920696230917733 0 -4.8865931342663297e-05 0.00073227068778926969 -0.00063680848854516536 0.0012034912931978669 1.0111552031086635e-06
leaf_weight=13879 3885 7 148 18 6.9999999999999991 13.000000000000002 127830 135 7.9999999999999982 49 3428409
leaf_count=13879 3885 7 148 18 7 13 127830 135 8 49 3428409
internal_value=-1.51003e-09 0.000289126 0.00149134 0.00238145 0.00429283 0.008084 -3.47639e-07 0.00124264 0.00539731 0.00205637 1.45388e-06
internal_weight=3.57439e+06 4270 385 237 87 31 3.57012e+06 150 15 56 3.44229e+06
internal_count=3574388 4270 385 237 87 31 3570118 150 15 56 3442288
is_linear=0
shrinkage=0.00523217


Tree=142
num_leaves=12
num_cat=0
split_feature=0 5 17 21 1 0 19 17 20 1 20
split_gain=27.1885 12.6084 11.1939 18.8554 9.29654 5.15248 5.1955 4.68224 4.57871 4.73861 4.73073
threshold=-3.8297237157821651 inf 2.6439664363861088 0.18622127920389178 1.3380197882652285 0.65796944499015819 -1.6931408643722532 0.43206351995468145 1.2965490221977236 -1.0168489217758176 1.4133899807929995
decision_type=2 8 2 2 2 2 10 2 10 2 10
left_child=7 4 8 -4 5 6 -2 -1 -3 10 -10
right_child=1 2 3 -5 -6 -7 -8 -9 9 -11 -12
leaf_value=-5.8476100548741432e-05 0.00012073849949941485 -8.4970392466579819e-05 0.0077326833009466649 0.00099497522145472863 -2.6985364557335342e-05 1.8399064050156456e-05 5.2752016926840571e-07 -0.00015628861154015538 0.0015818419224435871 0.0030092017552678851 0.0002920110286121438
leaf_weight=23102 9878 880 12.999999999999998 62 288541 562677 2653944 32010 79 17 3214
leaf_count=23102 9878 880 13 62 288541 562677 2653944 32010 79 17 3214
internal_value=7.17809e-09 1.81321e-06 0.000286083 0.00227524 1.46796e-06 4.01276e-06 9.73642e-07 -0.000115304 0.000249654 0.000338859 0.000323755
internal_weight=3.57442e+06 3.5193e+06 4265 75 3.51504e+06 3.2265e+06 2.66382e+06 55112 4190 3310 3293
internal_count=3574417 3519305 4265 75 3515040 3226499 2663822 55112 4190 3310 3293
is_linear=0
shrinkage=0.00523217


Tree=143
num_leaves=12
num_cat=0
split_feature=6 23 11 15 12 4 12 11 15 11 6
split_gain=23.66 10.1094 17.9631 11.9721 12.9646 25.3253 5.47742 5.21962 5.15598 4.79715 4.58638
threshold=-1.6516841650009153 inf 2.3633161783218388 0.13101903349161151 -3.3152588605880733 -0.73906114697456349 1.3878460526466372 4.3383243083953866 -1.5439849495887754 1.6316003203392031 -3.5636961460113521
decision_type=2 8 8 2 10 10 8 10 2 10 2
left_child=10 6 8 4 5 -4 9 -6 -3 -2 -1
right_child=1 2 3 -5 7 -7 -8 -9 -10 -11 -12
leaf_value=-0.00010296061987723849 3.8052337124850519e-07 0.0040846606178545413 0.013335210766893341 0.00024615370575934483 0.0012299175604240675 0.00012188234257643376 5.3780588151588593e-05 0.0032740966220467459 0.00015472128424384233 2.5936285543430078e-05 -4.2188744948107022e-05
leaf_weight=43562 3099542 7.9999999999999991 7 128 114 7.9999999999999982 56972 51 3555 215035 155320
leaf_count=43562 3099542 8 7 128 114 8 56972 51 3555 215035 155320
internal_value=-4.69652e-08 3.22041e-06 0.000270411 0.00148053 0.00234654 0.00686138 2.9133e-06 0.00188538 0.000165122 2.03872e-06 -5.55044e-05
internal_weight=3.5743e+06 3.37542e+06 3871 308 180 15 3.37155e+06 165 3563 3.31458e+06 198882
internal_count=3574302 3375420 3871 308 180 15 3371549 165 3563 3314577 198882
is_linear=0
shrinkage=0.00523217


Tree=144
num_leaves=12
num_cat=0
split_feature=0 23 11 7 22 13 6 12 11 13 22
split_gain=26.7193 12.7053 23.9956 20.763 58.0243 73.9628 10.2702 5.85801 5.3058 5.07822 4.74976
threshold=-3.8297237157821651 inf 3.6227375268936162 1.4586503505706789 -0.038775237277150147 2.3967182636260991 -1.1145261526107786 1.3878460526466372 1.7694120407104494 0.86990413069725048 -0.92726674675941456
decision_type=2 8 8 8 10 10 2 8 10 8 10
left_child=-1 6 8 -4 -5 -6 -2 9 -3 -8 -10
right_child=1 2 3 4 5 -7 7 -9 10 -11 -12
leaf_value=-0.0001143252792877173 -2.8646466233131078e-05 0.00012677729851792469 0.00052977423202430645 0.00090230493879151082 0.017985907948732237 0.0014186279236612503 6.1406625702959058e-06 5.7882193767113194e-05 0.0020642462112671406 -1.1453491432379325e-05 0.00050443053076118776
leaf_weight=55134 286066 3718 113 60 14 15 2632937 54432 60 541425 468
leaf_count=55134 286066 3718 113 60 14 15 2632937 54432 60 541425 468
internal_value=-3.60544e-08 1.75423e-06 0.000281176 0.00203819 0.00391241 0.00983438 1.4003e-06 4.06265e-06 0.000196855 3.13952e-06 0.000687415
internal_weight=3.57444e+06 3.51931e+06 4448 202 89 29 3.51486e+06 3.22879e+06 4246 3.17436e+06 528
internal_count=3574442 3519308 4448 202 89 29 3514860 3228794 4246 3174362 528
is_linear=0
shrinkage=0.00523217


Tree=145
num_leaves=12
num_cat=0
split_feature=18 18 20 10 17 24 18 9 14 10 3
split_gain=8.51856 9.9968 9.15677 9.1659 7.14404 7.01493 3.76948 3.05325 2.92919 2.84022 2.5007
threshold=-1.2862774133682249 0.74712640047073375 0.7810473144054414 inf 1.9968670606613161 -2.7727544307708736 -2.2969599962234493 0.26157018542289739 -2.2794271707534786 0.91237783432006847 1.0169905424118044
decision_type=2 2 8 8 2 10 2 10 2 8 8
left_child=6 9 -3 -4 8 -6 -1 -8 -5 -2 -11
right_child=1 2 3 4 5 -7 7 -9 -10 10 -12
leaf_value=5.6540699818748304e-05 1.0313707089807979e-05 -3.6266144914509653e-06 -4.8452297562438763e-05 0.00042466406170840303 0.006687114735446701 0.0013193344687288822 -2.4134060094750753e-05 -7.4196454563554785e-05 3.0181811347637585e-05 -8.4410817579997294e-06 3.9393463013657471e-05
leaf_weight=14141 2032222 634639 192403 1142 6.9999999999999991 46 244508 38644 947 382836 32450
leaf_count=14141 2032222 634639 192403 1142 7 46 244508 38644 947 382836 32450
internal_value=1.27771e-08 2.44612e-06 -1.32547e-05 -4.46586e-05 0.000295569 0.00217352 -2.68042e-05 -3.09696e-05 0.000246337 7.76567e-06 -4.70131e-06
internal_weight=3.57398e+06 3.27669e+06 829184 194545 2142 53 297293 283152 2089 2.44751e+06 415286
internal_count=3573985 3276692 829184 194545 2142 53 297293 283152 2089 2447508 415286
is_linear=0
shrinkage=0.00523217


Tree=146
num_leaves=12
num_cat=0
split_feature=1 23 11 7 7 19 6 17 1 11 17
split_gain=24.1212 11.8992 24.388 20.7166 36.4385 10.1649 9.11921 6.81813 8.94718 5.9172 6.26602
threshold=1.5351145267486574 inf 3.6227375268936162 1.4586503505706789 1.5496119260787966 3.5377088785171513 -2.8905054330825801 2.6439664363861088 -1.5496603250503538 1.6316003203392031 -1.9827925562858579
decision_type=2 8 8 8 10 10 2 2 2 10 2
left_child=1 -1 7 -4 -5 -6 -2 9 -9 -3 -11
right_child=6 2 3 4 5 -7 -8 8 -10 10 -12
leaf_value=3.379675792599634e-06 -0.00011295180101264481 8.2866777204378074e-05 0.00053459679702453071 0.014523179924126587 0.0050734522708699853 0.0012653395867574498 -3.3676194141395418e-05 -0.00033058618132935329 0.0037020447109911599 0.0033882803950721465 0.00054076744550813802
leaf_weight=3310727 48983 3514 112 6.9999999999999991 32 50 210462 26 33 21 565
leaf_count=3310727 48983 3514 112 7 32 50 210462 26 33 21 565
internal_value=-6.23899e-08 3.7397e-06 0.000276862 0.00205189 0.00392035 0.00281206 -4.86469e-05 0.000190325 0.00194002 0.000164399 0.000650794
internal_weight=3.57453e+06 3.31509e+06 4360 201 89 82 259445 4159 59 4100 586
internal_count=3574532 3315087 4360 201 89 82 259445 4159 59 4100 586
is_linear=0
shrinkage=0.00523217


Tree=147
num_leaves=12
num_cat=0
split_feature=0 5 0 19 5 20 0 22 24 15 20
split_gain=26.4518 12.1267 7.8922 6.97905 5.78772 5.46573 4.93729 9.28216 7.82404 5.48782 5.08158
threshold=-3.8297237157821651 inf 0.34934721887111669 -1.4934427738189695 1.4360482692718508 1.2965490221977236 -0.11349516361951827 0.70603403449058544 -0.33495530486106867 0.051689762622118003 1.4133899807929995
decision_type=2 8 2 10 8 10 2 10 10 2 10
left_child=-1 2 3 -2 -5 -3 7 -7 -9 -8 -11
right_child=1 5 -4 4 -6 6 9 8 -10 10 -12
leaf_value=-0.000113722867624238 8.0111023535644875e-05 -8.5300304956606096e-05 1.1031761839672349e-05 -3.1663896841796037e-06 -3.2595110984896467e-05 0.000526693778307661 0.0020205499064581407 0.0089057084702442932 0.0012643381133223897 0.0016515907755578058 0.00028986336317752908
leaf_weight=55128 26066 883 1408137 1878229 202704 40 52 7 7.9999999999999982 76 3202
leaf_count=55128 26066 883 1408137 1878229 202704 40 52 7 8 76 3202
internal_value=-8.85681e-10 1.78027e-06 1.44157e-06 -4.96732e-06 -6.03345e-06 0.000280469 0.000376116 0.00191827 0.00526998 0.000349732 0.000322264
internal_weight=3.57453e+06 3.5194e+06 3.51514e+06 2.107e+06 2.08093e+06 4268 3385 55 15 3330 3278
internal_count=3574532 3519404 3515136 2106999 2080933 4268 3385 55 15 3330 3278
is_linear=0
shrinkage=0.00523217


Tree=148
num_leaves=12
num_cat=0
split_feature=0 5 6 18 16 15 0 0 22 24 9
split_gain=26.1993 12.1212 10.0246 9.04873 6.25856 10.0273 5.4455 4.94846 8.94381 4.8317 4.13627
threshold=-3.8297237157821651 inf -1.263202905654907 -1.2499459385871885 -0.0031836626585572954 0.079187825322151198 0.65796944499015819 -0.11349516361951827 0.70603403449058544 -0.044602205976843827 0.30306144058704382
decision_type=2 8 2 2 2 2 2 2 10 10 10
left_child=10 2 -2 -4 -3 9 -5 8 -7 -6 -1
right_child=1 4 3 6 5 7 -8 -9 -10 -11 -12
leaf_value=-6.6081274649879519e-05 -3.0933146922072615e-05 5.5457748616914926e-05 -2.3081153978880439e-05 3.5007532611258125e-06 0.0053191660814851166 0.00056900896047968209 2.2701622400170988e-05 0.00037669595938120612 0.005246548758727698 0.0014117516567236804 -0.0001568592292468533
leaf_weight=26527 244188 1891 309871 2477450 14.999999999999998 39 483260 2280 14.999999999999998 23 28608
leaf_count=26527 244188 1891 309871 2477450 15 39 483260 2280 15 23 28608
internal_value=-2.97631e-08 1.74316e-06 1.4047e-06 3.81937e-06 0.000280532 0.00045951 6.63508e-06 0.000414821 0.00196743 0.00308858 -0.0001132
internal_weight=3.57417e+06 3.51903e+06 3.51477e+06 3.27058e+06 4263 2372 2.96071e+06 2334 54 38 55135
internal_count=3574167 3519032 3514769 3270581 4263 2372 2960710 2334 54 38 55135
is_linear=0
shrinkage=0.00523217


Tree=149
num_leaves=12
num_cat=0
split_feature=0 5 17 18 24 24 9 0 17 6 18
split_gain=25.8249 11.9993 11.3125 8.46956 8.43961 9.50692 9.9914 7.86113 7.62611 5.49055 4.64683
threshold=-2.8075786828994747 inf 2.6439664363861088 -1.2158750295639036 0.12047975882887842 -0.079669538885354982 0.080985534936189665 0.32056987285614019 0.48624935746192938 -0.73394539952278126 2.7396554946899419
decision_type=2 8 2 2 10 10 10 2 2 2 2
left_child=8 3 10 -2 5 6 -4 9 -1 -5 -3
right_child=1 2 4 7 -6 -7 -8 -9 -10 -11 -12
leaf_value=-3.5507098286097296e-05 -2.2480171855883675e-05 -2.4110965377865231e-05 0.0069772871527706785 -2.1527042394602629e-05 -0.00065011012783006703 0.0086324746721144451 0.001070141571623186 1.4407667571849357e-05 -0.00012913467440161172 1.9656741944934626e-06 0.00035618631459577893
leaf_weight=45239 348421 1247 8.9999999999999982 334263 19 6.9999999999999991 39 1322119 50361 1469904 2952
leaf_count=45239 348421 1247 9 334263 19 7 39 1322119 50361 1469904 2952
internal_value=-1.67683e-09 2.32938e-06 0.000279386 1.98834e-06 0.00229252 0.00331566 0.00233513 4.71559e-06 -8.48384e-05 -2.38645e-06 0.000243081
internal_weight=3.57458e+06 3.47898e+06 4273 3.47471e+06 74 55 48 3.12629e+06 95600 1.80417e+06 4199
internal_count=3574580 3478980 4273 3474707 74 55 48 3126286 95600 1804167 4199
is_linear=0
shrinkage=0.00523217


Tree=150
num_leaves=12
num_cat=0
split_feature=0 23 17 24 12 20 18 0 3 12 17
split_gain=25.5349 12.0294 10.8122 8.89879 14.9781 8.4627 8.34088 8.79212 7.45355 6.9775 4.50554
threshold=-3.8297237157821651 inf 2.6439664363861088 0.12047975882887842 -1.3118260502815244 3.7034974098205571 -1.2862774133682249 0.32056987285614019 1.2130278348922732 1.2203283309936526 1.3014226555824282
decision_type=2 8 2 10 10 8 2 2 10 10 2
left_child=10 6 -3 4 5 -4 -2 8 -8 -10 -1
right_child=1 2 3 -5 -6 -7 7 -9 9 -11 -12
leaf_value=-8.2219258831124793e-05 -2.5216321130623734e-05 0.00023937633153874168 0.0091447297530695137 -0.00069760141800628405 0.0011287537134170315 0.0016230476055441019 -5.2652755774449617e-06 1.4047233462006445e-05 4.3390017946945053e-05 0.00031270947697574979 -0.00018773712852433475
leaf_weight=39745 294439 4372 12.999999999999998 20 35 7.0000000000000027 1816030 1350800 50713 2778 15391
leaf_count=39745 294439 4372 13 20 35 7 1816030 1350800 50713 2778 15391
internal_value=3.2753e-08 1.78343e-06 0.000273702 0.00222936 0.00330029 0.00678753 1.43907e-06 3.87647e-06 -3.47187e-06 5.73985e-05 -0.000111692
internal_weight=3.57434e+06 3.51921e+06 4447 75 55 20 3.51476e+06 3.22032e+06 1.86952e+06 53491 55136
internal_count=3574343 3519207 4447 75 55 20 3514760 3220321 1869521 53491 55136
is_linear=0
shrinkage=0.00523217


Tree=151
num_leaves=12
num_cat=0
split_feature=0 23 0 0 19 20 1 12 15 0 15
split_gain=25.2587 11.9552 6.83565 6.50092 6.44159 5.70754 12.4267 8.38884 7.78837 6.76728 6.5865
threshold=-2.8075786828994747 inf 0.34934721887111669 -5.3042252063751212 -1.3400400280952451 1.987643897533417 -1.0168489217758176 -1.3118260502815244 0.079187825322151198 -0.049498803913593285 -1.4326791763305662
decision_type=2 8 2 2 10 8 2 10 2 2 2
left_child=3 2 4 -1 -2 10 8 -8 9 -7 -3
right_child=1 5 -4 -5 -6 6 7 -9 -10 -11 -12
leaf_value=-0.00019367560184920199 5.2519183604121141e-05 0.0046986691997495649 1.0874441703032053e-05 -6.6911204315249151e-05 -5.5824587791747344e-06 -0.00034049619832609651 0.0067503770133789179 0.0015347691626654712 0.00032798328436761665 0.0033508134442270347 -7.8432470287327297e-06
leaf_weight=12797 53626 6.9999999999999991 1408108 82748 2012573 19 11.999999999999998 28 2788 42 1538
leaf_count=12797 53626 7 1408108 82748 2012573 19 12 28 2788 42 1538
internal_value=2.56767e-08 2.33099e-06 1.98421e-06 -8.39002e-05 -4.07407e-06 0.000273806 0.000411049 0.00326779 0.00036932 0.00220353 1.65369e-05
internal_weight=3.57429e+06 3.47874e+06 3.47431e+06 95545 2.0662e+06 4434 2889 40 2849 61 1545
internal_count=3574286 3478741 3474307 95545 2066199 4434 2889 40 2849 61 1545
is_linear=0
shrinkage=0.00523217


Tree=152
num_leaves=12
num_cat=0
split_feature=23 11 7 2 2 13 8 11 5 5 11
split_gain=11.9191 23.6437 20.5409 48.2198 75.0786 11.0861 8.45898 11.4801 6.72554 5.30719 4.86061
threshold=inf 3.6227375268936162 1.4586503505706789 1.625470042228699 1.2636957168579104 0.92471164464950573 -1.8863635063171384 4.3383243083953866 1.2250354886054995 2.5338965654373173 1.6316003203392031
decision_type=8 8 8 10 8 8 10 10 8 10 10
left_child=5 10 -3 4 -4 9 7 -5 -7 -1 -2
right_child=1 2 3 6 -6 8 -8 -9 -10 -11 -12
leaf_value=4.882973523618231e-06 0.00011506074038913116 0.00051411598798726036 0.0024813984180930503 -0.00086550425242857252 0.022057920918129807 -1.4248745399641332e-05 -8.4766495014461734e-05 0.0057818336312853878 -6.6837472834264158e-05 -3.9943292994512719e-05 0.00062398080262713435
leaf_weight=2910253 3668 113 13.999999999999998 10.000000000000002 8.0000000000000018 508922 37 20 76609 74142 598
leaf_count=2910253 3668 113 14 10 8 508922 37 20 76609 74142 598
internal_value=2.30949e-08 0.000270057 0.0020143 0.00387843 0.0103965 -3.14735e-07 0.00158326 0.00359148 -2.11308e-05 3.76906e-06 0.000186742
internal_weight=3.57439e+06 4468 202 89 22 3.56993e+06 67 30 585531 2.9844e+06 4266
internal_count=3574394 4468 202 89 22 3569926 67 30 585531 2984395 4266
is_linear=0
shrinkage=0.00523217


Tree=153
num_leaves=12
num_cat=0
split_feature=23 5 2 20 2 20 15 15 19 19 19
split_gain=11.6016 10.8993 7.70792 6.99669 7.60788 5.39499 8.56788 5.47384 4.60117 4.47178 6.03939
threshold=inf 2.5338965654373173 0.48019275069236761 0.72431325912475597 2.2186276912689213 1.987643897533417 0.079187825322151198 -1.5439849495887754 -1.6931408643722532 2.0001641511917119 3.0813105106353764
decision_type=8 8 10 8 10 8 2 2 10 8 10
left_child=1 2 8 4 -4 7 9 -2 -1 -7 -11
right_child=5 -3 3 -5 -6 6 -8 -9 -10 10 -12
leaf_value=0.00011557316178305581 0.004048489826101999 -5.4379309414010434e-05 -3.5825345128083619e-06 -3.2712441989294598e-05 0.00023327744812810287 -0.00035772368654279479 0.00035539661957274934 -2.6106459996437909e-06 6.3863141496370142e-06 0.0042019101336736005 0.0005707527245191349
leaf_weight=10615 7.9999999999999991 99291 925545 274149 3726 13.999999999999998 2819 1576 2256818 34 21
leaf_count=10615 8 99291 925545 274149 3726 14 2819 1576 2256818 34 21
internal_value=4.75832e-09 -3.28667e-07 1.21735e-06 -9.485e-06 -2.63166e-06 0.000266299 0.000400856 2.03463e-05 6.89789e-06 0.00220941 0.00287094
internal_weight=3.57462e+06 3.57014e+06 3.47085e+06 1.20342e+06 929271 4472 2888 1584 2.26743e+06 69 55
internal_count=3574616 3570144 3470853 1203420 929271 4472 2888 1584 2267433 69 55
is_linear=0
shrinkage=0.00523217


Tree=154
num_leaves=12
num_cat=0
split_feature=1 23 17 15 7 22 9 15 19 1 3
split_gain=22.9079 11.6356 11.0531 8.45984 7.46781 27.0601 5.81677 5.67994 5.07144 5.23558 4.68216
threshold=1.937520503997803 inf 2.6439664363861088 0.12197754532098772 1.4586503505706789 0.33040410280227667 0.29338179528713232 -1.3878523707389829 -1.6931408643722532 1.0894979834556582 -1.2945810556411741
decision_type=2 8 2 2 10 10 10 2 10 2 10
left_child=1 8 7 -4 -5 -6 -2 -3 -1 -10 -9
right_child=6 2 3 4 5 -7 -8 10 9 -11 -12
leaf_value=0.00010454353333749823 -3.6500094298664749e-05 0.0045977543265253917 -0.00018601013806121918 0.00018092792012744599 0.0019882244905722215 0.012560470956411144 -0.00010538342123248167 0.00033530061995524791 4.0840843620183122e-06 -1.7515107154038681e-05 -4.7466957804974787e-05
leaf_weight=13235 77414 6.9999999999999991 25 13.999999999999998 27 7.9999999999999991 59313 3116 3078692 341270 1211
leaf_count=13235 77414 7 25 14 27 8 59313 3116 3078692 341270 1211
internal_value=2.76754e-08 2.66957e-06 0.000271279 0.00226174 0.00350156 0.00475832 -6.63886e-05 0.000236501 2.32436e-06 1.92851e-06 0.000228006
internal_weight=3.57433e+06 3.4376e+06 4408 74 49 35 136727 4334 3.4332e+06 3.41996e+06 4327
internal_count=3574332 3437605 4408 74 49 35 136727 4334 3433197 3419962 4327
is_linear=0
shrinkage=0.00523217


Tree=155
num_leaves=12
num_cat=0
split_feature=9 19 10 15 20 12 21 20 10 24 22
split_gain=8.15612 6.0759 6.16815 7.549 19.5327 5.35672 11.3328 4.55099 4.46214 4.4574 5.73264
threshold=0.71402069926261913 -1.6931408643722532 inf -1.5999152064323423 0.1811676695942879 1.3304923176765444 -2.2616044282913204 1.3334513306617739 0.91237783432006847 2.6747449636459355 -0.038775237277150147
decision_type=10 10 8 2 10 8 2 10 10 8 10
left_child=1 5 8 4 -4 -1 -7 -2 -3 -8 -11
right_child=7 2 3 -5 -6 6 9 -9 -10 10 -12
leaf_value=6.0773914676240011e-05 -1.9380141492092278e-05 4.2561927995319035e-06 -0.00012367118291462185 0.00023842774758594333 0.0097580160495815103 0.0058350819054587156 0.0002722737400962824 -8.0488653487699249e-05 -1.1502196385250289e-05 0.00088852105366232098 0.0056920238784183884
leaf_weight=11376 189639 2727708 16.000000000000004 2335 6.9999999999999991 8.9999999999999982 2646 40504 600120 31 7.9999999999999991
leaf_count=11376 189639 2727708 16 2335 7 9 2646 40504 600120 31 8
internal_value=-1.04381e-08 2.06269e-06 1.60401e-06 0.000269045 0.00318054 0.000110558 0.000320364 -3.01388e-05 1.41418e-06 0.00029902 0.00203229
internal_weight=3.5744e+06 3.34426e+06 3.33019e+06 2358 23 14070 2694 230143 3.32783e+06 2685 39
internal_count=3574399 3344256 3330186 2358 23 14070 2694 230143 3327828 2685 39
is_linear=0
shrinkage=0.00523217


Tree=156
num_leaves=12
num_cat=0
split_feature=0 5 11 12 4 22 12 3 0 3 5
split_gain=24.8356 10.9947 20.5379 9.7567 24.6449 51.9458 7.81998 14.9816 7.5734 7.55195 5.52474
threshold=-3.8297237157821651 inf 2.6600701808929448 -2.2809122800827022 -0.76993581652641285 0.3211518675088883 -0.35147278010845179 -2.0636135339736934 0.34934721887111669 1.6068084836006167 1.4360482692718508
decision_type=2 8 10 10 10 10 10 10 2 10 8
left_child=-1 8 -3 4 5 -4 -5 -8 9 10 -2
right_child=1 2 3 6 -6 -7 7 -9 -10 -11 -12
leaf_value=-0.00011014183488170858 -2.6884431992897218e-06 0.00015256282711200608 0.002416996906564957 0.00066263547986046849 0.00011480397441963536 0.01475642686409635 -0.00021762618865810333 0.0094533018080145536 1.0827096341772792e-05 0.00014973490663112705 -3.1298916016234704e-05
leaf_weight=55150 1893464 3881 44 262 51 10.999999999999998 8.9999999999999982 6.9999999999999991 1408155 8615 204759
leaf_count=55150 1893464 3881 44 262 51 11 9 7 1408155 8615 204759
internal_value=2.84961e-08 1.75523e-06 0.000267211 0.00141983 0.00276692 0.00515771 0.00089377 0.00432591 1.43282e-06 -4.8457e-06 -5.48085e-06
internal_weight=3.57441e+06 3.51926e+06 4265 384 106 55 278 16 3.51499e+06 2.10684e+06 2.09822e+06
internal_count=3574408 3519258 4265 384 106 55 278 16 3514993 2106838 2098223
is_linear=0
shrinkage=0.00523217


Tree=157
num_leaves=12
num_cat=0
split_feature=6 18 12 13 10 17 18 6 3 3 18
split_gain=21.9685 9.1156 5.61399 5.69441 8.03059 9.61096 4.73215 4.06014 3.89759 3.47826 3.22075
threshold=-1.7362686395645139 -1.2158750295639036 1.2882848381996157 0.86990413069725048 inf 1.5261708498001101 0.176400862634182 -3.1805261373519893 1.0654425621032717 0.65600886940956127 -2.2969599962234493
decision_type=2 2 10 10 8 2 2 2 10 8 2
left_child=7 10 3 6 9 -6 -3 -1 -4 -5 -2
right_child=1 2 8 4 5 -7 -8 -9 -10 -11 -12
leaf_value=-9.1653313259018265e-05 5.5907030225814166e-05 1.4342336649431851e-05 3.5802969933892664e-05 -1.8458727831773063e-05 0.00023894101475170306 0.0017755153271708307 -5.0096048939354959e-07 -3.8865028266472423e-05 0.00014516389934910782 1.4108458123523335e-05 -2.5692029362123163e-05
leaf_weight=58344 13786 1435726 59984 427224 1588 119 995613 126411 10489 113633 331449
leaf_count=58344 13786 1435726 59984 427224 1588 119 995613 126411 10489 113633 331449
internal_value=1.93241e-08 3.04791e-06 5.93752e-06 4.84346e-06 -1.04823e-05 0.000347685 8.2638e-06 -5.55399e-05 5.20935e-05 -1.16149e-05 -2.24311e-05
internal_weight=3.57437e+06 3.38961e+06 3.04438e+06 2.9739e+06 542564 1707 2.43134e+06 184755 70473 540857 345235
internal_count=3574366 3389611 3044376 2973903 542564 1707 2431339 184755 70473 540857 345235
is_linear=0
shrinkage=0.00523217


Tree=158
num_leaves=12
num_cat=0
split_feature=0 23 1 18 3 0 18 1 15 0 12
split_gain=24.6386 10.5804 8.48757 8.4204 6.49044 5.26747 5.16474 9.83135 6.73117 5.846 5.46408
threshold=-3.8297237157821651 inf 1.3380197882652285 -1.2158750295639036 1.4388955831527712 0.65796944499015819 2.7396554946899419 -1.0168489217758176 0.051689762622118003 -0.041920775547623627 -1.2322008013725279
decision_type=2 8 2 2 10 2 2 2 2 2 10
left_child=-1 2 3 -2 -4 -5 -3 8 9 -8 -9
right_child=1 6 4 5 -6 -7 7 10 -10 -11 -12
leaf_value=-0.00010973691649864395 -2.1186686564441977e-05 -1.8500190635083874e-06 -2.8183843984937155e-05 3.5258829016122893e-06 0.00023210793951715484 2.2456760423894127e-05 -0.00024684405134355839 0.005678046993828431 0.00031292890013892159 0.0034317252279692243 0.0013021196111964708
leaf_weight=55147 330646 1429 285855 2412770 2645 482943 17 12.999999999999998 2933 34 21
leaf_count=55147 330646 1429 285855 2412770 2645 482943 17 13 2933 34 21
internal_value=-9.27428e-10 1.71843e-06 1.39547e-06 3.82697e-06 -2.57937e-05 6.68343e-06 0.000256735 0.000379392 0.000346524 0.00221233 0.00313265
internal_weight=3.57445e+06 3.51931e+06 3.51486e+06 3.22636e+06 288500 2.89571e+06 4447 3018 2984 51 34
internal_count=3574453 3519306 3514859 3226359 288500 2895713 4447 3018 2984 51 34
is_linear=0
shrinkage=0.00523217


Tree=159
num_leaves=12
num_cat=0
split_feature=13 18 18 15 2 8 11 21 14 15 19
split_gain=9.37368 8.57506 6.79683 4.15045 4.0775 4.10486 7.50199 7.52154 5.14589 5.01439 3.91987
threshold=0.86990413069725048 -1.2499459385871885 0.176400862634182 -0.30983640253543848 0.54360485076904308 inf 3.6227375268936162 0.5396525263786317 -2.2794271707534786 0.11376779899001123 -1.6931408643722532
decision_type=8 2 2 2 8 8 10 2 2 2 8
left_child=1 -1 10 -4 -2 -6 8 -8 -7 -9 -3
right_child=4 2 3 -5 5 6 7 9 -10 -11 -12
leaf_value=-2.3173422980647903e-05 -2.3976551315761674e-06 0.00016035313665816928 -1.496994508878018e-05 5.6643437821214517e-06 -3.0060900539951481e-05 0.00053237241587427635 -0.00039792977083537615 0.0015826690889873775 -2.3080602377711066e-05 0.0073617787522009624 1.364600452257109e-05
leaf_weight=285765 274488 5002 457371 640589 382377 687 12.000000000000002 9.0000000000000018 1349 8.9999999999999982 1526884
leaf_count=285765 274488 5002 457371 640589 382377 687 12 9 1349 9 1526884
internal_value=1.82207e-08 4.04638e-06 7.00446e-06 -2.93044e-06 -1.78042e-05 -2.88021e-05 0.000203675 0.00275245 0.00016415 0.00478967 1.41257e-05
internal_weight=3.57454e+06 2.91561e+06 2.62985e+06 1.09796e+06 658931 384443 2066 30 2036 18 1.53189e+06
internal_count=3574542 2915611 2629846 1097960 658931 384443 2066 30 2036 18 1531886
is_linear=0
shrinkage=0.00523217


Tree=160
num_leaves=12
num_cat=0
split_feature=6 23 17 7 12 6 15 15 6 23 17
split_gain=21.5717 8.76353 8.26109 7.86921 5.22706 4.42559 5.20874 4.34433 4.04531 4.18988 4.94487
threshold=-1.7362686395645139 inf 2.6439664363861088 2.3875048160552983 1.3878460526466372 -0.056440593674778931 -1.5439849495887754 0.21284873783588412 -4.5878462791442862 -1.6498159766197202 2.6439664363861088
decision_type=2 8 2 10 8 2 2 2 2 10 2
left_child=8 4 5 -4 7 -3 -7 -2 -1 10 -10
right_child=1 2 3 -5 -6 6 -8 -9 9 -11 -12
leaf_value=-0.0001395944350833022 -2.5940848297671181e-06 0.00046456645207140648 8.0972132473007563e-05 0.0051704796796196275 5.2327981102138356e-05 0.0040300585888403224 7.9703156122703719e-05 9.8874595029541839e-06 0.00018356140718616283 -5.022093081958406e-05 0.001846573146254221
leaf_weight=14310 2142851 1388 15.999999999999998 17 57128 7.9999999999999991 2460 1185814 1218 169133 50
leaf_count=14310 2142851 1388 16 17 57128 8 2460 1185814 1218 169133 50
internal_value=-1.07876e-08 2.98947e-06 0.000251183 0.00281447 2.70407e-06 0.000228183 9.47565e-05 1.85214e-06 -5.50734e-05 -4.79698e-05 0.000251429
internal_weight=3.57439e+06 3.38968e+06 3889 33 3.38579e+06 3856 2468 3.32866e+06 184711 170401 1268
internal_count=3574393 3389682 3889 33 3385793 3856 2468 3328665 184711 170401 1268
is_linear=0
shrinkage=0.00523217


Tree=161
num_leaves=12
num_cat=0
split_feature=0 6 0 11 10 3 1 11 7 1 6
split_gain=23.9344 7.84417 4.96375 4.95255 4.55584 4.11568 4.01704 8.83617 38.1768 3.05749 2.79272
threshold=-3.411179661750793 -1.1145261526107786 -5.3042252063751212 1.4514055848121645 inf 1.2130278348922732 -2.1404296159744258 3.3330680131912236 1.4586503505706789 0.63483083248138439 -0.88526099920272816
decision_type=2 2 2 8 8 10 2 10 10 2 2
left_child=2 5 -1 -3 -5 6 7 -2 -9 -8 -4
right_child=1 3 10 4 -6 -7 9 8 -10 -11 -12
leaf_value=-0.00018954974705202496 0.00016095594954895848 2.3323778422810373e-06 -9.787881850582662e-05 2.574317375359879e-05 0.00058878187640357702 0.00015230043640186534 -2.2072515466973565e-06 0 0.01023215213001326 -3.9646076548805814e-05 -1.4948546893314543e-05
leaf_weight=12797 263 2978280 40873 248254 393 3547 87782 41 11.999999999999998 187076 15303
leaf_count=12797 263 2978280 40873 248254 393 3547 87782 41 12 187076 15303
internal_value=5.89084e-09 1.90517e-06 -9.65142e-05 4.20556e-06 2.66391e-05 -2.4725e-05 -2.70104e-05 0.000561351 0.00248654 -2.76921e-05 -7.53027e-05
internal_weight=3.57462e+06 3.50565e+06 68973 3.22693e+06 248647 278721 275174 316 53 274858 56176
internal_count=3574621 3505648 68973 3226927 248647 278721 275174 316 53 274858 56176
is_linear=0
shrinkage=0.00523217


Tree=162
num_leaves=12
num_cat=0
split_feature=1 5 11 15 2 2 3 18 18 20 2
split_gain=21.8001 10.3135 20.9438 17.2448 26.3162 117.243 17.7847 8.15415 6.52029 6.41939 5.00858
threshold=1.937520503997803 inf 2.6600701808929448 0.13101903349161151 1.5392579436302187 1.4424449205398562 -1.7832780480384824 -1.2862774133682249 0.27306458353996282 0.6884460747241975 2.2186276912689213
decision_type=2 8 10 2 10 10 10 2 2 8 10
left_child=1 7 -3 4 5 -4 -6 -1 -9 10 -10
right_child=-2 2 3 -5 6 -7 -8 8 9 -11 -12
leaf_value=-2.4300950191118249e-05 -6.4812950837880845e-05 0.00014372384305789729 0.0024783159500808313 1.3766112272050084e-05 0.00034967406367486341 0.022249419124972272 0.0072300885479314684 1.0737479763686118e-05 8.2454464579398514e-07 -2.8098881147480719e-05 0.00024708760912524905
leaf_weight=290170 136720 3878 84 148 135 7.9999999999999991 9.9999999999999982 1911166 975172 254608 2265
leaf_count=290170 136720 3878 84 148 135 8 10 1911166 975172 254608 2265
internal_value=-2.03558e-08 2.55633e-06 0.000259714 0.00142196 0.00229353 0.00446658 0.000884303 2.23671e-06 4.68683e-06 -4.69837e-06 1.39633e-06
internal_weight=3.57436e+06 3.43764e+06 4263 385 237 92 145 3.43338e+06 3.14321e+06 1.23204e+06 977437
internal_count=3574364 3437644 4263 385 237 92 145 3433381 3143211 1232045 977437
is_linear=0
shrinkage=0.00523217


Tree=163
num_leaves=12
num_cat=0
split_feature=1 23 9 3 16 1 20 12 22 22 1
split_gain=21.7383 9.55814 7.75234 5.87401 5.50256 5.76129 5.71207 4.49556 4.48379 6.94103 3.95733
threshold=1.5351145267486574 inf 0.34362362325191503 1.1626008152961733 -0.0031836626585572954 -2.3468189239501949 2.5284775495529179 1.3878460526466372 0.19172126054763797 0.22173549979925158 2.3022575378417973
decision_type=2 8 10 10 2 2 10 8 10 10 2
left_child=1 7 3 -2 -3 6 -6 -1 -7 -10 -4
right_child=2 4 10 -5 5 8 -8 -9 9 -11 -12
leaf_value=2.4875860759368444e-06 -3.0684154849630907e-05 4.1473952996285009e-05 -5.9892292264560997e-05 0.00015045507767020173 0.00027725592270552122 0.00018638387689967763 0.0030934925648769696 5.0633491813113443e-05 0.0035608043235217657 0.00058446328750344457 -0.00013266956173324187
leaf_weight=3256626 164388 1952 58519 5049 38 1442 42 53973 21 864 31508
leaf_count=3256626 164388 1952 58519 5049 38 1442 42 53973 21 864 31508
internal_value=-1.42063e-08 3.59545e-06 -4.61347e-05 -2.52807e-05 0.000248409 0.00041579 0.00178919 3.27277e-06 0.000367345 0.00066065 -8.53735e-05
internal_weight=3.57442e+06 3.31496e+06 259464 169437 4359 2407 80 3.3106e+06 2327 885 90027
internal_count=3574422 3314958 259464 169437 4359 2407 80 3310599 2327 885 90027
is_linear=0
shrinkage=0.00523217


Tree=164
num_leaves=12
num_cat=0
split_feature=1 23 6 6 19 9 23 12 21 1 8
split_gain=21.3916 10.4131 8.18519 5.59621 4.44353 4.17062 3.97177 3.63362 9.73375 3.4771 8.40938
threshold=1.5351145267486574 inf -2.8905054330825801 -0.056440593674778931 -1.6931408643722532 0.34362362325191503 -1.2720286846160886 1.3304923176765444 -2.3909240961074825 -1.1940343379974363 -2.0425819158554073
decision_type=2 8 2 2 10 10 10 8 2 2 10
left_child=1 4 -2 9 7 6 -4 -1 -9 -3 -11
right_child=2 3 5 -5 -6 -7 -8 8 -10 10 -12
leaf_value=5.6702600149834824e-05 -0.00010663257984757708 0.00041488086622995529 0.00014434752066257273 8.8082965169608611e-05 2.8990094012511349e-06 -6.5612454927800219e-05 -2.0351204278192356e-05 0.0059825897131354135 0.0002607209009948777 0.0034315144001330379 0.00019669519518435537
leaf_weight=9706 49008 1884 4125 2391 3298450 67032 139269 6.9999999999999991 2517 35 58
leaf_count=9706 49008 1884 4125 2391 3298450 67032 139269 7 2517 35 58
internal_value=2.45934e-08 3.6055e-06 -4.5729e-05 0.000258869 3.26838e-06 -3.15402e-05 -1.56066e-05 0.000102813 0.000279701 0.000464837 0.00145042
internal_weight=3.57448e+06 3.31505e+06 259434 4368 3.31068e+06 210426 143394 12230 2524 1977 93
internal_count=3574482 3315048 259434 4368 3310680 210426 143394 12230 2524 1977 93
is_linear=0
shrinkage=0.00523217


Tree=165
num_leaves=12
num_cat=0
split_feature=1 18 9 11 18 1 11 18 20 12 20
split_gain=21.173 8.46369 7.01375 5.54246 6.84848 16.1021 14.5833 4.98252 4.03327 3.52218 2.99305
threshold=1.734273433685303 -1.2158750295639036 0.34362362325191503 1.3492949008941653 2.7396554946899419 -1.4235091805458067 3.6227375268936162 0.176400862634182 0.6884460747241975 0.78182229399681102 1.4992373585700991
decision_type=2 2 10 8 2 2 10 2 8 8 10
left_child=1 10 -2 7 -5 6 -6 9 -9 -3 -1
right_child=2 3 -4 4 5 -7 -8 8 -10 -11 -12
leaf_value=-2.4523379797644291e-05 -2.8976539485878884e-05 6.2628963303614381e-06 -9.4440506567734791e-05 2.6392044190535302e-05 0.00051791531879966861 -9.1966248600333224e-05 0.0021876082376946849 3.9688103727833555e-07 -2.3649003243392693e-05 2.7188902696367282e-05 6.0484336272318699e-05
leaf_weight=330671 119503 1309303 71727 261206 767 1132 176 965396 238025 264761 11735
leaf_count=330671 119503 1309303 71727 261206 767 1132 176 965396 238025 264761 11735
internal_value=2.58297e-08 3.05358e-06 -5.35356e-05 5.83081e-06 2.87746e-05 0.000328123 0.000832743 3.65564e-06 -4.35851e-06 9.78322e-06 -2.16074e-05
internal_weight=3.5744e+06 3.38317e+06 191230 3.04077e+06 263281 2075 943 2.77748e+06 1.20342e+06 1.57406e+06 342406
internal_count=3574402 3383172 191230 3040766 263281 2075 943 2777485 1203421 1574064 342406
is_linear=0
shrinkage=0.00523217


Tree=166
num_leaves=12
num_cat=0
split_feature=0 23 1 16 1 20 0 19 19 0 2
split_gain=23.0109 10.2099 8.0143 5.13349 5.67393 5.63831 4.74511 4.74857 4.71064 3.95872 3.59773
threshold=-3.8297237157821651 inf 1.3380197882652285 -0.0031836626585572954 -2.3468189239501949 2.5284775495529179 0.65796944499015819 -1.6931408643722532 3.0813105106353764 -5.3042252063751212 0.30562227964401251
decision_type=2 8 2 2 2 10 2 10 8 2 10
left_child=9 2 6 -3 5 -5 7 -2 -7 -1 -4
right_child=1 3 10 4 -6 8 -8 -9 -10 -11 -12
leaf_value=-0.0001867972203459638 0.00011549734039985667 5.6353286554956407e-05 2.5658353383972302e-06 0.00027479641586989077 0.0003662734449673006 0.0042751897229667841 1.751909027166538e-05 3.6971222163342305e-07 0.00046984811008172719 -8.1664568797977925e-05 -3.7421666553802116e-05
leaf_weight=12788 9843 2017 89072 38 2354 28 562593 2653693 13.999999999999998 42325 199404
leaf_count=12788 9843 2017 89072 38 2354 28 562593 2653693 14 42325 199404
internal_value=5.09338e-09 1.66674e-06 1.34931e-06 0.000252066 0.000413813 0.00177706 3.71213e-06 7.95515e-07 0.00307292 -0.000106077 -2.50721e-05
internal_weight=3.57417e+06 3.51906e+06 3.5146e+06 4451 2434 80 3.22613e+06 2.66354e+06 42 55113 288476
internal_count=3574169 3519056 3514605 4451 2434 80 3226129 2663536 42 55113 288476
is_linear=0
shrinkage=0.00523217


Tree=167
num_leaves=12
num_cat=0
split_feature=0 23 6 18 18 15 15 0 19 0 8
split_gain=22.9876 9.83939 9.00218 8.5622 6.00557 5.43077 6.12516 4.88677 4.84308 4.83636 6.69299
threshold=-3.8297237157821651 inf -1.1145261526107786 -1.2321152687072752 2.7396554946899419 0.051689762622118003 0.033836223185062415 0.65796944499015819 -1.5669386386871336 -0.11349516361951827 -2.0425819158554073
decision_type=2 8 2 2 2 2 2 2 8 2 8
left_child=-1 2 -2 -4 -3 6 -6 8 -5 10 -7
right_child=1 4 3 7 5 9 -8 -9 -10 -11 -12
leaf_value=-0.00010600910040666316 -2.6766287478368046e-05 -3.2599630150822186e-05 -2.178954156616593e-05 8.8236623527651684e-05 0.0005804882322453719 0.0047227915021070769 0.0043231793874520053 2.1968271209468597e-05 3.0308453091739515e-06 0.00031946805671106016 0.00069062754906782883
leaf_weight=55117 286066 1420 320922 18401 32 15 19 478659 2410776 2920 41
leaf_count=55117 286066 1420 320922 18401 32 15 19 478659 2410776 2920 41
internal_value=1.52176e-08 1.67598e-06 1.36452e-06 3.85715e-06 0.000247601 0.000379272 0.00205656 6.68792e-06 3.67665e-06 0.000349454 0.00186001
internal_weight=3.57439e+06 3.51927e+06 3.51482e+06 3.22876e+06 4447 3027 51 2.90784e+06 2.42918e+06 2976 56
internal_count=3574388 3519271 3514824 3228758 4447 3027 51 2907836 2429177 2976 56
is_linear=0
shrinkage=0.00523217


Tree=168
num_leaves=12
num_cat=0
split_feature=23 11 12 24 4 12 13 18 18 5 11
split_gain=10.5957 22.5329 16.2285 15.254 23.8104 31.3198 10.3907 8.34421 6.68712 6.29065 4.99073
threshold=inf 3.6227375268936162 -0.35147278010845179 -0.58554604649543751 -0.93488663434982289 -2.8687776327133174 0.92471164464950573 -1.2499459385871885 0.176400862634182 1.3452125787734988 1.6316003203392031
decision_type=8 8 8 10 10 10 8 2 2 8 10
left_child=6 10 3 -3 5 -5 7 -1 -9 -8 -2
right_child=1 2 -4 4 -6 -7 9 8 -10 -11 -12
leaf_value=-2.3017626124744123e-05 0.00010112355274413649 -0.00019775212424783805 0.0078518573983549379 0.011791892389394877 0.00059054431487203126 0.0026541117124248073 -1.4219256630691226e-05 1.3508448234993981e-05 -3.1986856929817804e-06 -6.7556665953701108e-05 0.00061777824981275342
leaf_weight=290201 3676 78 10.999999999999998 13.999999999999998 62 36 516991 1565704 1128470 68575 595
leaf_count=290201 3676 78 11 14 62 36 516991 1565704 1128470 68575 595
internal_value=3.58376e-09 0.000254491 0.0019617 0.00157005 0.00279751 0.00544161 -3.15067e-07 3.6387e-06 6.51027e-06 -2.0467e-05 0.000173439
internal_weight=3.57441e+06 4472 201 190 112 50 3.56994e+06 2.98438e+06 2.69417e+06 585566 4271
internal_count=3574413 4472 201 190 112 50 3569941 2984375 2694174 585566 4271
is_linear=0
shrinkage=0.00523217


Tree=169
num_leaves=12
num_cat=0
split_feature=0 5 18 0 3 19 18 15 15 5 0
split_gain=22.5944 10.0447 7.74825 7.89418 7.23369 6.80511 5.40607 5.849 5.66754 4.88008 4.80227
threshold=-3.8297237157821651 inf -1.2862774133682249 0.32056987285614019 1.0920080542564394 -1.6931408643722532 2.7396554946899419 0.051689762622118003 0.033836223185062415 1.4360482692718508 -0.11349516361951827
decision_type=2 8 2 2 8 10 2 2 2 10 2
left_child=-1 2 -2 4 9 -6 -3 8 -8 -4 -9
right_child=1 6 3 -5 5 -7 7 10 -10 -11 -12
leaf_value=-0.00010508117845167053 -2.433151489413048e-05 -3.4437228799833899e-05 -2.6287304765249482e-06 1.3348270156504348e-05 0.00027688129238843202 3.3555489780144881e-05 0.00070548306125721048 0.0018624680509905507 0.0042953187934479317 -3.106299260504164e-05 0.00031403041554558224
leaf_weight=55126 294380 1242 1594614 1350898 3264 87444 33 55 19 184351 2912
leaf_count=55126 294380 1242 1594614 1350898 3264 87444 33 55 19 184351 2912
internal_value=2.37378e-08 1.6704e-06 1.36236e-06 3.71119e-06 -3.25148e-06 4.23236e-05 0.000255518 0.000375036 0.00209857 -5.57579e-06 0.000343735
internal_weight=3.57434e+06 3.51921e+06 3.51495e+06 3.22057e+06 1.86967e+06 90708 4261 3019 52 1.77896e+06 2967
internal_count=3574338 3519212 3514951 3220571 1869673 90708 4261 3019 52 1778965 2967
is_linear=0
shrinkage=0.00523217


Tree=170
num_leaves=12
num_cat=0
split_feature=6 23 11 15 17 13 15 17 13 13 15
split_gain=20.1359 8.27496 16.3916 11.4494 9.03191 6.31274 7.89754 6.71182 5.99211 5.41844 5.02781
threshold=-1.6516841650009153 inf 2.3633161783218388 0.13101903349161151 2.6439664363861088 2.3967182636260991 0.10535049065947534 1.2778313755989077 2.0320636034011845 0.86990413069725048 -1.5439849495887754
decision_type=2 8 8 2 2 10 2 2 10 10 2
left_child=-1 9 4 5 10 7 -7 -4 -6 -2 -3
right_child=1 2 3 -5 8 6 -8 -9 -10 -11 -12
leaf_value=-5.1134240192926328e-05 5.8202855595323075e-06 0.0039890990182817861 0.0022382660962775983 0.00019886038470370051 0.0001252938852292253 0.0030395479760688929 -0.00044551320385383808 0.0053531136002073973 0.0050272917654196093 -1.1628147305619743e-05 0.00010938916038443726
leaf_weight=198886 2780772 7.9999999999999991 83 129 12.000000000000002 29 42 26 15.999999999999998 590698 3513
leaf_count=198886 2780772 8 83 129 12 29 42 26 16 590698 3513
internal_value=2.56333e-08 3.0404e-06 0.000245184 0.00139894 0.000144072 0.00224765 0.000993299 0.003038 0.00304413 2.76299e-06 0.000119768
internal_weight=3.57421e+06 3.37533e+06 3858 309 3549 180 71 109 28 3.37147e+06 3521
internal_count=3574214 3375328 3858 309 3549 180 71 109 28 3371470 3521
is_linear=0
shrinkage=0.00523217


Tree=171
num_leaves=12
num_cat=0
split_feature=1 23 11 7 7 10 6 14 11 19 16
split_gain=20.4004 8.91139 22.933 19.5076 35.2462 11.242 8.01657 4.42345 4.3072 4.45684 4.19969
threshold=1.5351145267486574 inf 3.6227375268936162 1.4586503505706789 1.5496119260787966 -1.9250470399856565 -2.8905054330825801 -1.3424577713012693 1.3492949008941653 -1.4435930848121641 -0.0031836626585572954
decision_type=2 8 8 8 10 10 2 2 10 10 2
left_child=1 8 -3 7 -5 -6 -2 -4 9 -1 -9
right_child=6 2 3 4 5 -7 -8 10 -10 -11 -12
leaf_value=5.2379951498368439e-05 -0.00010496386612688726 0.00015612161297493587 -0.00022106106514385796 0.014199669517412533 0.005804968131288453 0.001439350040619343 -3.065465323022273e-05 -6.9317592379325755e-05 2.242338177503656e-05 5.2563578444953997e-07 0.0034926626180655997
leaf_weight=46078 49013 4163 76 6.9999999999999991 22 60 210501 14.999999999999998 290121 2974377 20
leaf_count=46078 49013 4163 76 7 22 60 210501 15 290121 2974377 20
internal_value=-1.85363e-08 3.47859e-06 0.000239756 0.00196546 0.00377482 0.00268611 -4.46925e-05 0.000483068 3.16688e-06 1.31698e-06 0.00199151
internal_weight=3.57445e+06 3.31494e+06 4363 200 89 82 259514 111 3.31058e+06 3.02046e+06 35
internal_count=3574453 3314939 4363 200 89 82 259514 111 3310576 3020455 35
is_linear=0
shrinkage=0.00523217


Tree=172
num_leaves=12
num_cat=0
split_feature=1 23 17 1 18 1 9 18 3 3 3
split_gain=20.2133 9.44807 10.1478 8.12789 7.75607 7.03117 6.6677 5.61981 5.48396 4.55687 4.47996
threshold=1.734273433685303 inf 2.6439664363861088 -2.1404296159744258 -1.2862774133682249 -1.5496603250503538 0.34362362325191503 0.176400862634182 1.1955590248107912 -3.5755922794342037 -1.2945810556411741
decision_type=2 8 2 2 2 2 10 2 10 10 10
left_child=1 4 10 -4 -1 -5 8 -6 -2 -7 -3
right_child=6 2 3 5 7 9 -8 -9 -10 -11 -12
leaf_value=-2.340328912022661e-05 -3.4456634525110294e-05 0.00031702775870219021 0.0071237840146724544 -0.00042106462729535224 1.1072693015336801e-05 0.00074923415157128047 -9.2229669000874434e-05 -3.2059393957826982e-06 0.00017942342200648659 0.0044439494976720494 -5.8262260671476421e-05
leaf_weight=286927 116210 3104 6.9999999999999991 29 1784142 17 71738 1307537 3375 22 1205
leaf_count=286927 116210 3104 7 29 1784142 17 71738 1307537 3375 22 1205
internal_value=-2.50301e-08 2.9337e-06 0.00024564 0.00213992 2.61845e-06 0.00150232 -5.23455e-05 5.0337e-06 -2.8412e-05 0.00292283 0.000211905
internal_weight=3.57431e+06 3.38299e+06 4384 75 3.37861e+06 68 191323 3.09168e+06 119585 39 4309
internal_count=3574313 3382990 4384 75 3378606 68 191323 3091679 119585 39 4309
is_linear=0
shrinkage=0.00523217


Tree=173
num_leaves=12
num_cat=0
split_feature=6 18 19 18 10 6 6 14 18 19 22
split_gain=19.8284 8.41243 5.02861 4.88133 4.8009 3.65459 3.58057 3.40072 3.20657 3.08635 3.08695
threshold=-1.7362686395645139 -1.2158750295639036 -1.6931408643722532 0.176400862634182 inf -4.5878462791442862 -0.47231496870517725 -2.2794271707534786 -2.2969599962234493 -1.4934427738189695 1.6305940151214602
decision_type=2 2 8 2 8 2 2 2 2 8 10
left_child=5 8 -3 -4 6 -1 -5 -6 9 10 -2
right_child=1 2 3 4 7 -7 -8 -9 -10 -11 -12
leaf_value=-0.00013298177096796948 0.00034330104321243982 0.00011348666285837425 1.1011188226550792e-05 -2.1253957628360451e-05 0.00043126074228548903 -4.6004037425442691e-05 1.260391785222294e-06 3.8917076325863151e-05 -2.482732986177945e-05 3.9478640373989123e-05 0.002340930311522767
leaf_weight=14350 602 11797 1730892 236365 1180 170388 1062862 1250 331547 13160 21
leaf_count=14350 602 11797 1730892 236365 1180 170388 1062862 1250 331547 13160 21
internal_value=2.0878e-08 2.898e-06 5.6743e-06 5.25459e-06 -2.3997e-06 -5.27654e-05 -2.83498e-06 0.000229885 -2.15748e-05 5.66005e-05 0.000416229
internal_weight=3.57441e+06 3.38968e+06 3.04435e+06 3.03255e+06 1.30166e+06 184738 1.29923e+06 2430 345330 13783 623
internal_count=3574414 3389676 3044346 3032549 1301657 184738 1299227 2430 345330 13783 623
is_linear=0
shrinkage=0.00523217


Tree=174
num_leaves=12
num_cat=0
split_feature=0 23 6 18 12 19 18 1 12 0 3
split_gain=22.0271 9.92101 8.6111 8.07601 5.85421 5.23464 5.08502 9.2009 5.73685 4.33014 4.30543
threshold=-3.8297237157821651 inf -1.1145261526107786 -1.2321152687072752 1.2882848381996157 -1.5669386386871336 2.7396554946899419 -1.0168489217758176 -1.2322008013725279 0.7021738886833192 1.2130278348922732
decision_type=2 8 2 2 10 10 2 2 10 2 10
left_child=-1 2 10 -4 9 -6 -3 -8 -9 -5 -2
right_child=1 6 3 4 5 -7 7 8 -10 -11 -12
leaf_value=-0.00010379754255418833 -2.8549214284059149e-05 -8.6424756175913076e-06 -2.117304693738415e-05 2.7807985781314987e-06 0.00024348387341930998 4.3260941360515691e-05 0.00033859823019956862 0.0058130274098358459 0.0012442857604519119 2.169196781866899e-05 0.0001503934050219712
leaf_weight=55122 282374 1425 320931 2456455 3786 64397 2991 11.999999999999998 21 383191 3727
leaf_count=55122 282374 1425 320931 2456455 3786 64397 2991 12 21 383191 3727
internal_value=-1.60716e-08 1.60924e-06 1.29642e-06 3.73445e-06 6.48372e-06 5.43945e-05 0.000248496 0.000369889 0.0030727 5.33302e-06 -2.62147e-05
internal_weight=3.57443e+06 3.51931e+06 3.51486e+06 3.22876e+06 2.90783e+06 68183 4449 3024 33 2.83965e+06 286101
internal_count=3574432 3519310 3514861 3228760 2907829 68183 4449 3024 33 2839646 286101
is_linear=0
shrinkage=0.00523217


Tree=175
num_leaves=12
num_cat=0
split_feature=1 23 11 7 7 8 11 8 20 1 11
split_gain=19.7249 9.99196 21.6761 19.4035 35.1264 16.5947 4.78631 5.46294 6.44155 4.37214 4.60406
threshold=1.937520503997803 inf 3.6227375268936162 1.4586503505706789 1.5496119260787966 -2.0425819158554073 1.6316003203392031 0.16584958136081698 3.7034974098205571 1.0682834982872011 1.3492949008941653
decision_type=2 8 8 8 10 10 10 10 10 2 10
left_child=1 9 6 -4 -5 -6 -3 -8 -9 10 -1
right_child=-2 2 3 4 5 -7 7 8 -10 -11 -12
leaf_value=2.1319132614925874e-06 -6.160793047934728e-05 9.8226500374166815e-05 0.00045448333722774496 0.014124858512764439 0.0062084972170060732 0.0010819294223132268 0.00037938749598795223 0.00093800952451109272 0.0040971666409789342 -1.5178906688015516e-05 2.4352746027515703e-05
leaf_weight=2795125 136743 3613 113 6.9999999999999991 24 59 499 74 23 357118 280930
leaf_count=2795125 136743 3613 113 7 24 59 499 74 23 357118 280930
internal_value=1.79385e-08 2.4696e-06 0.000251272 0.00191656 0.00371379 0.00264021 0.000170249 0.000604453 0.00173558 2.14954e-06 4.16157e-06
internal_weight=3.57433e+06 3.43758e+06 4412 203 90 83 4209 596 97 3.43317e+06 3.07606e+06
internal_count=3574328 3437585 4412 203 90 83 4209 596 97 3433173 3076055
is_linear=0
shrinkage=0.00523217


Tree=176
num_leaves=12
num_cat=0
split_feature=1 5 18 18 16 1 1 12 12 12 19
split_gain=19.5055 8.79504 7.5501 6.13865 5.23048 8.46005 6.023 6.13188 5.8797 4.35252 4.91719
threshold=1.937520503997803 inf -1.2862774133682249 0.27306458353996282 -0.0031836626585572954 -1.0168489217758176 -2.1404296159744258 -1.9739742279052732 -1.2322008013725279 0.89528578519821178 -1.6931408643722532
decision_type=2 8 2 2 2 2 2 10 10 8 10
left_child=1 2 -1 9 -3 6 7 -6 -7 -4 -11
right_child=-2 4 3 -5 5 8 -8 -9 -10 10 -12
leaf_value=-2.3402775745999929e-05 -6.1286525852647134e-05 3.3888279036491035e-05 7.4986158034482205e-06 -4.6137851917865386e-06 0.0024424891045588459 0.0055514401645046091 0.00026840802660430658 0.0006155109102030079 0.001163294566313381 0.0002438443476680168 2.9264759471248917e-05
leaf_weight=290119 136756 1888 1688977 1232003 69 12.999999999999998 2079 189 24 2963 219302
leaf_count=290119 136756 1888 1688977 1232003 69 13 2079 189 24 2963 219302
internal_value=-7.01022e-09 2.4306e-06 2.13547e-06 4.49289e-06 0.000239933 0.00040336 0.000362855 0.00111613 0.00285024 1.03635e-05 3.21302e-05
internal_weight=3.57438e+06 3.43763e+06 3.43336e+06 3.14324e+06 4262 2374 2337 258 37 1.91124e+06 222265
internal_count=3574382 3437626 3433364 3143245 4262 2374 2337 258 37 1911242 222265
is_linear=0
shrinkage=0.00523217


Tree=177
num_leaves=12
num_cat=0
split_feature=0 23 11 7 7 8 1 17 1 11 14
split_gain=21.6113 9.49734 21.7415 19.0744 34.7983 16.4327 7.374 6.06845 8.28587 4.99454 6.63533
threshold=-3.8297237157821651 inf 3.6227375268936162 1.4586503505706789 1.5496119260787966 -2.0425819158554073 1.3380197882652285 2.6439664363861088 -1.5496603250503538 1.6316003203392031 -0.44939976930618281
decision_type=2 8 8 8 10 10 2 2 2 8 2
left_child=-1 6 7 -4 -5 -6 -2 9 -9 -3 -11
right_child=1 2 3 4 5 -7 -8 8 -10 10 -12
leaf_value=-0.00010280388656770232 3.5703029669103515e-06 6.6163553810990594e-05 0.00045569712764081559 0.014056273759771792 0.006176199484225175 0.0010746907084415746 -2.4037346968679422e-05 -0.0004143463839166088 0.0035055839543697608 0.00037585725883180538 0.0020761759263030338
leaf_weight=55115 3226242 3608 112 6.9999999999999991 24 59 288538 25 33 513 71
leaf_count=55115 3226242 3608 112 7 24 59 288538 25 33 513 71
internal_value=0 1.60986e-06 0.000243086 0.00191553 0.00369394 0.00262537 1.30368e-06 0.000162897 0.00182786 0.00013916 0.000587723
internal_weight=3.57435e+06 3.51923e+06 4452 202 90 83 3.51478e+06 4250 58 4192 584
internal_count=3574347 3519232 4452 202 90 83 3514780 4250 58 4192 584
is_linear=0
shrinkage=0.00523217


Tree=178
num_leaves=12
num_cat=0
split_feature=0 6 3 0 0 3 0 0 2 3 2
split_gain=21.385 7.99952 4.16597 3.99536 3.7852 3.60182 3.69094 3.39939 3.21881 5.40014 2.07816
threshold=-3.8297237157821651 -1.1145261526107786 1.2130278348922732 0.65796944499015819 -5.3042252063751212 1.6068084836006167 0.036558518186211593 -1.5719175934791563 2.2186276912689213 0.22132240980863574 0.11369058117270471
decision_type=2 2 8 2 2 8 2 2 10 10 8
left_child=4 2 7 5 -1 8 -7 -2 10 -10 -3
right_child=1 3 -4 -5 -6 6 -8 -9 9 -11 -12
leaf_value=-0.0001810672445490195 -5.8834488296258895e-05 5.2430676091469428e-06 0.00014843958880546073 1.6783128889677921e-05 -7.8311203868668166e-05 0.00021246479867804662 3.1071521471796464e-05 -1.6748627645808597e-05 6.3119584967921761e-05 0.0005447684426630444 -4.0179321050766124e-06
leaf_weight=12802 69735 1314812 3747 554967 42339 4245 11148 213484 7757 694 1338664
leaf_count=12802 69735 1314812 3747 554967 42339 4245 11148 213484 7757 694 1338664
internal_value=5.33913e-08 1.65558e-06 -2.48185e-05 4.00623e-06 -0.000102186 1.35747e-06 8.11598e-05 -2.71142e-05 8.95666e-07 0.000102838 5.70642e-07
internal_weight=3.57439e+06 3.51925e+06 286966 3.23229e+06 55141 2.67732e+06 15393 283219 2.66193e+06 8451 2.65348e+06
internal_count=3574394 3519253 286966 3232287 55141 2677320 15393 283219 2661927 8451 2653476
is_linear=0
shrinkage=0.00523217


Tree=179
num_leaves=12
num_cat=0
split_feature=0 0 17 2 20 0 15 2 17 8 17
split_gain=21.1088 6.27119 4.4776 4.32952 5.52212 4.22199 3.27466 3.14719 2.72037 2.53031 7.29485
threshold=-3.8297237157821651 0.34934721887111669 0.77997893095016491 0.032474581152200706 -0.054638037458062165 -1.6681011915206907 -0.2199435159564018 2.2186276912689213 0.45307703316211706 inf 2.4210273027420048
decision_type=2 2 2 8 10 2 2 10 2 8 2
left_child=2 3 -1 4 -2 8 -6 -3 -5 -7 -11
right_child=1 7 -4 5 6 9 -8 -9 -10 10 -12
leaf_value=-5.8124324878519243e-05 -8.7316331048623856e-06 9.9681541018927507e-06 -0.0001528092078748697 -1.6619102558461555e-05 5.8611958181608191e-06 -7.7063588465792355e-06 3.4849603798661044e-05 0.00039183801674982612 -6.8436348387376829e-05 0.00012923553818125781 0.0040329529517407481
leaf_weight=29834 414998 1407633 25304 58880 257493 1142018 182240 590 52525 2873 11.999999999999998
leaf_count=29834 414998 1407633 25304 58880 257493 1142018 182240 590 52525 2873 12
internal_value=-1.3951e-08 1.57736e-06 -0.000101594 -4.12688e-06 4.95668e-06 -1.03075e-05 1.78768e-05 1.0129e-05 -4.10575e-05 -7.31467e-06 0.000147396
internal_weight=3.5744e+06 3.51926e+06 55138 2.11104e+06 854731 1.25631e+06 439733 1.40822e+06 111405 1.1449e+06 2885
internal_count=3574400 3519262 55138 2111039 854731 1256308 439733 1408223 111405 1144903 2885
is_linear=0
shrinkage=0.00523217


Tree=180
num_leaves=12
num_cat=0
split_feature=0 23 17 21 0 15 17 23 0 16 17
split_gain=20.9823 9.54042 9.76377 17.7263 6.71031 4.52271 4.37795 3.68944 3.88834 3.60159 3.59623
threshold=-3.8297237157821651 inf 2.6439664363861088 0.18622127920389178 0.34934721887111669 -1.5439849495887754 0.096008226275444045 -1.3360804915428159 -2.0317389965057369 -0.0063683770131319753 0.45307703316211706
decision_type=2 8 2 2 2 2 2 10 2 2 2
left_child=6 4 5 -4 7 -3 -1 -2 10 -7 -9
right_child=1 2 3 -5 -6 9 -8 8 -10 -11 -12
leaf_value=-3.0684048436291788e-05 4.4758643488528841e-05 0.003884904876152253 0.0073917612832376488 0.00086273514386213932 1.0134540954427781e-05 -1.3656299423174405e-05 -0.00013210194782554705 -8.3489140243386284e-06 -4.0153090045541251e-06 0.00030705087717645588 -7.3006952346101812e-05
leaf_weight=16769 40623 7.9999999999999991 12.999999999999998 62 1408145 1412 38362 50834 1971496 2953 43923
leaf_count=16769 40623 8 13 62 1408145 1412 38362 50834 1971496 2953 43923
internal_value=1.15826e-08 1.59838e-06 0.000243731 0.0021021 1.29167e-06 0.000211115 -0.00010127 -4.61815e-06 -5.58932e-06 0.000203148 -3.83291e-05
internal_weight=3.5746e+06 3.51947e+06 4448 75 3.51502e+06 4373 55131 2.10688e+06 2.06625e+06 4365 94757
internal_count=3574600 3519469 4448 75 3515021 4373 55131 2106876 2066253 4365 94757
is_linear=0
shrinkage=0.00523217


Tree=181
num_leaves=12
num_cat=0
split_feature=1 18 1 11 18 1 11 3 18 20 2
split_gain=18.6919 7.70031 6.06322 5.39361 6.70948 14.4332 13.7149 5.04166 4.3989 3.59091 4.30789
threshold=1.5351145267486574 -1.2158750295639036 2.5351264476776127 1.3492949008941653 2.7396554946899419 -1.4235091805458067 3.6227375268936162 1.2529644966125491 0.176400862634182 0.6884460747241975 2.2186276912689213
decision_type=2 2 2 8 2 2 10 10 2 8 10
left_child=1 -1 7 8 -5 6 -6 -2 -3 10 -10
right_child=2 3 -4 4 5 -7 -8 -9 9 -11 -12
leaf_value=-2.0338550340352877e-05 -3.5443388724329329e-05 9.6290707328788068e-06 -0.00010193584953974181 2.6448482071530946e-05 0.00049304120380624461 -9.7806351959823812e-05 0.0021079779094562742 0.00014809403136270183 9.0679871061211455e-08 -2.2871273687063581e-05 0.00024525392283559941
leaf_weight=337454 215206 1549733 40094 258697 770 1021 177 4174 945261 219831 1965
leaf_count=337454 215206 1549733 40094 258697 770 1021 177 4174 945261 219831 1965
internal_value=4.42012e-10 3.34817e-06 -4.27651e-05 6.03301e-06 2.87679e-05 0.000333058 0.000797981 -3.19469e-05 3.85138e-06 -3.82012e-06 6.00419e-07
internal_weight=3.57438e+06 3.31491e+06 259474 2.97746e+06 260665 1968 947 219380 2.71679e+06 1.16706e+06 947226
internal_count=3574383 3314909 259474 2977455 260665 1968 947 219380 2716790 1167057 947226
is_linear=0
shrinkage=0.00523217


Tree=182
num_leaves=12
num_cat=0
split_feature=1 5 11 2 9 2 18 9 8 11 8
split_gain=18.4308 8.9457 19.3755 14.0672 72.1268 113.574 7.47794 7.27502 6.42819 6.38921 10.5814
threshold=1.5351145267486574 inf 2.6600701808929448 1.5392579436302187 0.36671201884746557 1.2816026806831362 -1.2158750295639036 0.40492063760757452 -2.0425819158554073 4.3383243083953866 -1.725940942764282
decision_type=2 8 10 10 8 10 2 10 10 10 10
left_child=1 6 -3 4 8 -6 -1 -2 -4 -5 -11
right_child=7 2 3 9 5 -7 -8 -9 -10 10 -12
leaf_value=-2.0298947426219703e-05 -2.3526075122905998e-05 0.0001312949879956328 -8.2030867592376141e-05 -0.00016329795552975956 0.00089483490134832329 0.026817206803428223 5.7060824159774698e-06 -8.3056358129993867e-05 0.0021017318155309825 0.0037827768639229972 -0.00025259031566412377
leaf_weight=337012 177158 3876 59 145 11.000000000000002 6.9999999999999991 2973587 82349 94 34 35
leaf_count=337012 177158 3876 59 145 11 7 2973587 82349 94 34 35
internal_value=4.27252e-08 3.36723e-06 0.000242918 0.00136077 0.00247547 0.0120489 3.05858e-06 -4.24201e-05 0.00126024 0.000457607 0.00175463
internal_weight=3.57437e+06 3.31486e+06 4261 385 171 18 3.3106e+06 259507 153 214 69
internal_count=3574367 3314860 4261 385 171 18 3310599 259507 153 214 69
is_linear=0
shrinkage=0.00523217


Tree=183
num_leaves=12
num_cat=0
split_feature=0 18 0 19 10 13 13 9 18 19 22
split_gain=20.3385 7.57529 6.92763 5.40457 4.55309 6.16376 4.37356 3.81835 3.72883 3.12173 3.03773
threshold=-3.8297237157821651 -1.2862774133682249 0.37942911684513098 -1.3400400280952451 inf 1.6363388299942019 0.86990413069725048 0.30306144058704382 -2.2969599962234493 -1.4934427738189695 1.6305940151214602
decision_type=2 2 2 10 8 10 10 10 2 8 10
left_child=7 8 3 -3 6 -6 -5 -1 9 10 -2
right_child=1 2 -4 4 5 -7 -8 -9 -10 -11 -12
leaf_value=-5.4442089494652355e-05 0.00034805971870949823 5.0643665581787008e-05 1.4037009593459797e-05 6.3991940074793769e-07 -3.6397350549066334e-05 0.00048399065224021697 -1.7847859852962429e-05 -0.00014164905582679239 -2.7956898596009774e-05 4.2630993347186235e-05 0.0023296240053285772
leaf_weight=26542 608 52216 1173219 1543363 1258 1228 453109 28602 280866 13286 21
leaf_count=26542 608 52216 1173219 1543363 1258 1228 453109 28602 280866 13286 21
internal_value=1.25162e-08 1.57509e-06 3.89637e-06 -1.90343e-06 -3.27647e-06 0.000220442 -3.55558e-06 -9.96911e-05 -2.38129e-05 5.97692e-05 0.000419737
internal_weight=3.57432e+06 3.51917e+06 3.22439e+06 2.05117e+06 1.99896e+06 2486 1.99647e+06 55144 294781 13915 629
internal_count=3574318 3519174 3224393 2051174 1998958 2486 1996472 55144 294781 13915 629
is_linear=0
shrinkage=0.00523217


Tree=184
num_leaves=12
num_cat=0
split_feature=0 18 1 0 0 18 18 1 12 1 24
split_gain=20.0286 7.39683 7.3034 4.5165 3.7645 3.71913 3.50977 7.17638 3.32906 2.6737 2.52245
threshold=-3.8297237157821651 -1.2862774133682249 1.1824249029159548 0.65796944499015819 -5.3042252063751212 -2.2969599962234493 2.7396554946899419 -1.0032830238342283 1.2882848381996157 -0.35840891301631922 0.12047975882887842
decision_type=2 2 2 2 2 2 2 2 10 2 8
left_child=4 5 3 6 -1 -2 8 -8 -3 -5 -4
right_child=1 2 10 9 -6 -7 7 -9 -10 -11 -12
leaf_value=-0.0001775814910663259 6.0037483703780095e-05 2.4023336081678572e-06 -2.9395822664359126e-05 2.3784096948525669e-05 -7.5114399612597149e-05 -2.7659140867563979e-05 0.00029953025129614036 -2.2695572145626316e-05 4.8669924582880476e-05 -3.1890848107865473e-05 -5.4924329922457623e-08
leaf_weight=12803 13887 2331295 221969 469774 42346 280819 3301 4421 43366 24850 125685
leaf_count=12803 13887 2331295 221969 469774 42346 280819 3301 4421 43366 24850 125685
internal_value=1.62847e-08 1.5669e-06 3.86022e-06 6.59763e-06 -9.89203e-05 -2.35238e-05 3.61015e-06 0.00011497 3.24763e-06 2.09853e-05 -1.87908e-05
internal_weight=3.57452e+06 3.51937e+06 3.22466e+06 2.87701e+06 55149 294706 2.38238e+06 7722 2.37466e+06 494624 347654
internal_count=3574516 3519367 3224661 2877007 55149 294706 2382383 7722 2374661 494624 347654
is_linear=0
shrinkage=0.00523217


Tree=185
num_leaves=12
num_cat=0
split_feature=6 23 1 20 17 4 12 1 1 17 15
split_gain=18.503 7.31356 5.90804 5.23045 7.66332 7.09355 4.75453 4.35458 4.3401 16.6251 19.4151
threshold=-1.7362686395645139 -1.6498159766197202 2.3022575378417973 2.388242363929749 2.6439664363861088 -2.1924159526824947 1.3878460526466372 1.3978295326232912 -2.1404296159744258 2.4210273027420048 0.10535049065947534
decision_type=2 10 2 8 2 10 8 2 2 2 2
left_child=2 3 8 -2 -5 -6 7 -3 9 -1 -11
right_child=1 6 -4 4 5 -7 -8 -9 -10 10 -12
leaf_value=0.00028658557794548651 7.3181763551374054e-05 2.9900281738772858e-06 -0.00010963806379599836 0.0003017174001591896 0.004883202986575688 -0.00029215634689227468 4.9763444712727253e-05 -2.1877520686675922e-05 -3.7028061194829245e-05 -0.00022981276192987255 0.011492956664446793
leaf_weight=166 15065 3109856 37459 2392 18.000000000000004 10.999999999999998 56712 205506 147078 6.9999999999999982 7
leaf_count=166 15065 3109856 37459 2392 18 11 56712 205506 147078 7 7
internal_value=3.5619e-08 2.81487e-06 -5.0959e-05 0.00010954 0.000335307 0.00295896 2.26116e-06 1.44834e-06 -3.60262e-05 0.000773072 0.00601711
internal_weight=3.57428e+06 3.38956e+06 184717 17486 2421 29 3.37207e+06 3.31536e+06 147258 180 14
internal_count=3574277 3389560 184717 17486 2421 29 3372074 3315362 147258 180 14
is_linear=0
shrinkage=0.00523217


Tree=186
num_leaves=12
num_cat=0
split_feature=1 23 11 15 2 9 12 9 3 11 9
split_gain=17.8487 8.66769 20.9092 17.2347 22.3991 98.4799 19.9842 7.08403 5.71968 4.80425 6.10871
threshold=1.5351145267486574 inf 3.6227375268936162 0.13101903349161151 1.5392579436302187 0.36671201884746557 -0.39617900550365442 0.34362362325191503 1.1626008152961733 1.6316003203392031 0.53858560323715221
decision_type=2 8 8 2 10 8 10 10 10 10 10
left_child=1 -1 9 4 5 -4 -6 8 -2 -3 -11
right_child=7 2 3 -5 6 -7 -8 -9 -10 10 -12
leaf_value=2.9597537230614806e-06 -2.718927625295969e-05 8.2802408467151905e-05 0.0019929220545037824 -0.00041173141847530739 0.00047812080127892088 0.020232874866068049 0.0090735171707528508 -7.9320236389582896e-05 0.00015186694776787033 0.00088268947275384983 -0.00037068178241404808
leaf_weight=3310582 164380 3554 42 62 83 8.9999999999999982 6.9999999999999991 89986 5031 456 137
leaf_count=3310582 164380 3554 42 62 83 9 7 89986 5031 456 137
internal_value=-3.69625e-09 3.26672e-06 0.000236639 0.00187161 0.00287636 0.00561252 0.00126441 -4.18006e-05 -2.18661e-05 0.000155901 0.000591612
internal_weight=3.57433e+06 3.31493e+06 4350 203 141 51 90 259397 169411 4147 593
internal_count=3574329 3314932 4350 203 141 51 90 259397 169411 4147 593
is_linear=0
shrinkage=0.00523217


Tree=187
num_leaves=12
num_cat=0
split_feature=0 18 1 3 11 18 1 17 12 18 18
split_gain=20.0698 7.41359 7.09552 5.5636 5.49452 7.97613 12.2122 4.37771 4.29386 3.67363 3.44806
threshold=-3.8297237157821651 -1.2158750295639036 1.1824249029159548 1.2130278348922732 1.3492949008941653 2.7396554946899419 -1.4235091805458067 1.3014226555824282 1.2882848381996157 0.176400862634182 -2.2969599962234493
decision_type=2 2 2 8 10 2 2 2 10 2 2
left_child=7 10 4 -4 8 -6 -7 -1 9 -3 -2
right_child=1 2 3 -5 5 6 -8 -9 -10 -11 -12
leaf_value=-7.0020280458901841e-05 5.9460715639341552e-05 8.8462537247533466e-06 -2.1370905081486371e-05 0.00013022478476780845 2.7536379671341738e-05 0.00078686201712682908 -8.0838615631041074e-05 -0.00017403523576357095 4.8095485600676728e-05 -3.976533535904805e-06 -2.4599743547227335e-05
leaf_weight=39771 13903 1454353 336731 6758 252514 943 835 15382 60405 1055459 337271
leaf_count=39771 13903 1454353 336731 6758 252514 943 835 15382 60405 1055459 337271
internal_value=-1.25646e-08 1.53933e-06 4.06794e-06 -1.83855e-05 6.7988e-06 2.99996e-05 0.00037913 -9.90474e-05 4.50303e-06 3.45353e-06 -2.12693e-05
internal_weight=3.57432e+06 3.51917e+06 3.168e+06 343489 2.82451e+06 254292 1778 55153 2.57022e+06 2.50981e+06 351174
internal_count=3574325 3519172 3167998 343489 2824509 254292 1778 55153 2570217 2509812 351174
is_linear=0
shrinkage=0.00523217


Tree=188
num_leaves=12
num_cat=0
split_feature=0 5 11 15 24 24 18 0 3 3 5
split_gain=19.6044 8.28858 18.4652 16.1724 18.6297 26.4236 7.07709 7.28223 6.80061 4.96404 4.84002
threshold=-3.8297237157821651 inf 2.6600701808929448 0.13101903349161151 -0.098073836416006074 0.28167438507080084 -1.2862774133682249 0.35809722542762762 1.0169905424118044 -1.7832780480384824 1.4360482692718508
decision_type=2 8 10 2 10 10 2 2 8 10 10
left_child=-1 6 -3 4 9 -6 -2 8 10 -4 -8
right_child=1 2 3 -5 5 -7 7 -9 -10 -11 -12
leaf_value=-9.7882511662063937e-05 -2.3280186970048175e-05 0.00012332386416282756 0.00061486596022864413 -1.9489948497425258e-05 0.0079829134624739839 0.0018884033898585032 -2.4730992642775057e-06 1.3480205062425289e-05 3.319656086224361e-05 0.0032738315830600248 -3.0571571325508532e-05
leaf_weight=55129 294457 3888 127 149 30 56 1662319 1237025 134697 22 186678
leaf_count=55129 294457 3888 127 149 30 56 1662319 1237025 134697 22 186678
internal_value=1.86096e-08 1.5524e-06 0.000231847 0.00132481 0.00217639 0.00410301 1.27222e-06 3.5172e-06 -2.69529e-06 0.00103549 -5.31042e-06
internal_weight=3.57458e+06 3.51945e+06 4272 384 235 86 3.51518e+06 3.22072e+06 1.98369e+06 149 1.849e+06
internal_count=3574577 3519448 4272 384 235 86 3515176 3220719 1983694 149 1848997
is_linear=0
shrinkage=0.00523217


Tree=189
num_leaves=12
num_cat=0
split_feature=1 23 17 1 18 1 9 18 20 20 1
split_gain=17.3915 8.15783 9.84684 7.55617 7.14941 6.86347 6.35656 5.70251 5.0775 4.34941 6.06454
threshold=1.734273433685303 inf 2.6439664363861088 -2.1404296159744258 -1.2158750295639036 -1.5496603250503538 0.34362362325191503 0.176400862634182 0.67175978422164928 1.2965490221977236 -1.0168489217758176
decision_type=2 8 2 2 2 2 10 2 8 8 2
left_child=1 4 9 -4 -1 -5 -2 -6 -9 -3 -11
right_child=6 2 3 5 7 -7 -8 8 -10 10 -12
leaf_value=-2.0198950065787955e-05 -2.5134496258853726e-05 -0.00011018762535888752 0.0069205461604798114 -0.00045015302234735434 1.1270520767366622e-05 0.0029034275385232912 -8.7448999225912496e-05 1.9526791838860502e-06 -2.3801419831031398e-05 0.00026685565102157799 0.0029568376345439893
leaf_weight=341949 119572 979 6.9999999999999991 28 1729296 38 71728 1045525 262089 3303 22
leaf_count=341949 119572 979 7 28 1729296 38 71728 1045525 262089 3303 22
internal_value=2.99827e-08 2.77451e-06 0.000228482 0.00211978 2.48181e-06 0.00148585 -4.85039e-05 5.03589e-06 -3.20869e-06 0.000195644 0.00028594
internal_weight=3.57454e+06 3.38324e+06 4377 73 3.37886e+06 66 191300 3.03691e+06 1.30761e+06 4304 3325
internal_count=3574536 3383236 4377 73 3378859 66 191300 3036910 1307614 4304 3325
is_linear=0
shrinkage=0.00523217


Tree=190
num_leaves=12
num_cat=0
split_feature=1 5 11 18 9 17 9 9 10 4 17
split_gain=17.197 8.16968 19.0682 7.06024 6.95084 6.78894 14.3023 50.4133 8.71746 6.4473 6.33814
threshold=1.5351145267486574 inf 2.6600701808929448 -1.2158750295639036 0.40492063760757452 1.2778313755989077 0.60097181797027599 0.51632961630821239 1.7375173568725588 -1.2457502484321592 2.6439664363861088
decision_type=2 8 10 2 10 2 10 10 8 10 2
left_child=1 3 10 -1 -2 8 7 -7 9 -4 -3
right_child=4 2 5 -5 -6 6 -8 -9 -10 -11 -12
leaf_value=-1.97663713717177e-05 -2.2545177220718581e-05 9.480361019076404e-05 0.00055165288591240748 5.5000234195175975e-06 -8.0751318843816095e-05 0.0021896729524579005 0.00046536928663674774 0.016315083879761754 0.00012058380620030402 0.0031438259305121858 0.0018213381207423849
leaf_weight=337069 177073 3815 48 2973535 82296 50 54 6.9999999999999991 165 61 58
leaf_count=337069 177073 3815 48 2973535 82296 50 54 7 165 61 58
internal_value=1.16346e-08 3.22214e-06 0.000232228 2.92728e-06 -4.1017e-05 0.00134112 0.00243219 0.00423438 0.000887652 0.00202777 0.000121414
internal_weight=3.57423e+06 3.31486e+06 4258 3.3106e+06 259369 385 111 57 274 109 3873
internal_count=3574231 3314862 4258 3310604 259369 385 111 57 274 109 3873
is_linear=0
shrinkage=0.00523217


Tree=191
num_leaves=12
num_cat=0
split_feature=5 23 11 12 17 12 12 17 11 14 12
split_gain=9.3497 8.37789 18.7037 10.1229 29.6828 51.1371 7.4442 14.623 5.84265 5.81791 4.57141
threshold=2.2531644105911259 inf 2.6600701808929448 -2.2809122800827022 1.4047411084175112 -3.589740395545959 -0.35147278010845179 1.2778313755989077 2.8552129268646245 -0.43842108547687525 1.3878460526466372
decision_type=10 8 10 10 2 10 10 2 10 2 8
left_child=1 10 -3 4 8 -6 9 -8 -4 -5 -1
right_child=-2 2 3 6 5 -7 7 -9 -10 -11 -12
leaf_value=5.5383281390772457e-07 -4.3937775182304329e-05 0.00012356638874416715 0.0049815610595174203 0.00033418797064696591 -0.00073346937069778458 0.013391525818829115 -0.00033350409501916006 0.0092080695739294883 0.00051402592842156368 0.0032042773062825633 4.7737965724818697e-05
leaf_weight=3385370 127839 4022 7.9999999999999991 243 12.000000000000002 14.999999999999998 8.9999999999999982 6.9999999999999991 72 20 57160
leaf_count=3385370 127839 4022 8 243 12 15 9 7 72 20 57160
internal_value=0 1.62969e-06 0.000229556 0.00132811 0.00269171 0.00731778 0.000793139 0.00414046 0.0010367 0.000568846 1.33753e-06
internal_weight=3.57478e+06 3.44694e+06 4408 386 107 27 279 16 80 263 3.44253e+06
internal_count=3574777 3446938 4408 386 107 27 279 16 80 263 3442530
is_linear=0
shrinkage=0.00523217


Tree=192
num_leaves=12
num_cat=0
split_feature=1 18 9 3 18 19 13 19 20 18 1
split_gain=17.1369 7.16484 6.89779 5.571 4.68859 3.63028 3.53245 3.63506 3.29208 6.28938 5.65637
threshold=1.5351145267486574 -1.2158750295639036 0.40492063760757452 1.1782575249671938 0.176400862634182 -1.5669386386871336 0.86990413069725048 -1.6931408643722532 0.67175978422164928 2.7396554946899419 -1.0032830238342283
decision_type=2 2 10 10 2 8 10 8 8 2 2
left_child=1 -1 3 -2 6 -5 7 -3 -6 -10 -11
right_child=2 4 -4 5 8 -7 -8 -9 9 10 -12
leaf_value=-1.9651393984030728e-05 -2.752861354026698e-05 0.00016336675417805938 -8.0531285685414756e-05 0.00046210673282263439 2.307074010800828e-06 8.5756573470806917e-05 -6.5312896058668077e-06 1.4149030819934417e-05 -2.3223780832299153e-05 0.00029708718904688386 -2.0617260181760291e-05
leaf_weight=337548 172205 4483 82339 849 1026623 4078 254211 1445858 240162 3229 2913
leaf_count=337548 172205 4483 82339 849 1026623 4078 254211 1445858 240162 3229 2913
internal_value=-1.14904e-08 3.19339e-06 -4.09603e-05 -2.2561e-05 5.78352e-06 0.000150866 1.14574e-05 1.46109e-05 -1.81364e-06 -1.89924e-05 0.000146302
internal_weight=3.5745e+06 3.31503e+06 259471 177132 2.97748e+06 4927 1.70455e+06 1.45034e+06 1.27293e+06 246304 6142
internal_count=3574498 3315027 259471 177132 2977479 4927 1704552 1450341 1272927 246304 6142
is_linear=0
shrinkage=0.00523217


Tree=193
num_leaves=12
num_cat=0
split_feature=6 5 11 14 4 13 3 11 13 9 5
split_gain=17.6679 6.30783 11.8577 8.03197 9.44855 5.07242 4.57415 4.33169 4.18246 4.48312 3.79845
threshold=-1.7362686395645139 inf 2.3633161783218388 -0.44939976930618281 -0.70946845412254322 0.92471164464950573 0.70200651884078991 1.4514055848121645 2.3967182636260991 0.40492063760757452 1.536770284175873
decision_type=2 8 10 2 10 10 8 8 10 10 10
left_child=10 5 8 -4 -5 7 -7 -2 -3 -10 -1
right_child=1 2 3 4 -6 6 -8 -9 9 -11 -12
leaf_value=-3.4554180813226562e-05 3.3275601305245833e-06 1.1276376216089332e-05 0.00087037639568669084 0.0072928770352407024 0.0015814764762493785 -2.0025800008349228e-05 1.8525103874688649e-05 2.670189584695301e-05 0.00060283075521656404 -0.00025790236499021764 -8.6756248360748695e-05
leaf_weight=130698 2620154 2404 270 10.999999999999998 27 424226 105117 236661 767 209 53953
leaf_count=130698 2620154 2404 270 11 27 424226 105117 236661 767 209 53953
internal_value=2.81644e-08 2.74329e-06 0.000218978 0.00120009 0.0034254 2.50747e-06 -1.23688e-05 5.2642e-06 0.000128949 0.000417603 -4.98119e-05
internal_weight=3.5745e+06 3.38985e+06 3688 308 38 3.38616e+06 529343 2.85682e+06 3380 976 184651
internal_count=3574497 3389846 3688 308 38 3386158 529343 2856815 3380 976 184651
is_linear=0
shrinkage=0.00523217


Tree=194
num_leaves=12
num_cat=0
split_feature=5 5 17 21 18 13 18 9 18 15 15
split_gain=9.16454 8.14448 9.27199 17.0931 6.95192 7.46711 4.93727 4.61003 3.82083 6.34916 5.03204
threshold=2.2531644105911259 2.2531644105911259 2.6439664363861088 0.18622127920389178 -1.2158750295639036 0.91329476237297069 0.176400862634182 0.67230552434921276 2.7396554946899419 0.051689762622118003 0.033836223185062415
decision_type=10 8 2 2 2 8 2 10 2 2 2
left_child=1 4 8 -4 -1 6 -6 -7 -3 10 -10
right_child=-2 2 3 -5 5 7 -8 -9 9 -11 -12
leaf_value=-2.0880582489693178e-05 -4.3484723316061295e-05 -4.5785005050679536e-05 0.0072343151532927655 0.00082359775565501721 1.3661236665506857e-05 -9.1675082065723827e-06 -1.0562171221102299e-06 -6.2826876061651972e-05 0.00074178759353859679 0.00026681127974319252 0.0041764381003501373
leaf_weight=346338 127816 1243 12.999999999999998 62 1496884 480741 1069920 48236 31 2898 19
leaf_count=346338 127816 1243 13 62 1496884 480741 1069920 48236 31 2898 19
internal_value=1.9623e-08 1.63332e-06 0.000230075 0.00204033 1.34988e-06 3.83716e-06 7.52626e-06 -1.40622e-05 0.000196922 0.000299507 0.00212896
internal_weight=3.5742e+06 3.44638e+06 4266 75 3.44212e+06 3.09578e+06 2.5668e+06 528977 4191 2948 50
internal_count=3574201 3446385 4266 75 3442119 3095781 2566804 528977 4191 2948 50
is_linear=0
shrinkage=0.00523217


Tree=195
num_leaves=12
num_cat=0
split_feature=6 23 3 1 13 3 15 1 16 12 12
split_gain=17.4668 7.14077 5.9113 5.62474 5.27038 4.37598 4.22949 4.14221 15.5226 19.4339 4.05458
threshold=-1.7362686395645139 -1.6498159766197202 -1.6655727624893186 2.3022575378417973 0.92471164464950573 0.70200651884078991 -0.2199435159564018 -2.1404296159744258 -0.0031836626585572954 -2.6946119070053096 1.2507758140563967
decision_type=2 10 10 2 10 8 2 2 2 10 10
left_child=3 2 -2 7 6 -6 10 8 -1 -10 -3
right_child=1 4 -4 -5 5 -7 -8 -9 9 -11 -12
leaf_value=-4.5916654621800084e-05 0.00033674254469196136 -3.8548942967076001e-06 6.7569754408081377e-05 -0.00010684084068304946 -2.054520787064003e-05 1.7290702688994322e-05 1.0523284912996433e-05 -3.5974422893869362e-05 0.010365922602343459 0.0015348530136138675 5.7680475674080362e-05
leaf_weight=141 2631 1201134 14858 37433 422957 104298 1613617 147148 7.9999999999999991 30 30044
leaf_count=141 2631 1201134 14858 37433 422957 104298 1613617 147148 8 30 30044
internal_value=-1.86916e-08 2.68148e-06 0.000108129 -4.95591e-05 2.1343e-06 -1.30592e-05 4.95056e-06 -3.49987e-05 0.000757628 0.00367114 -2.35256e-06
internal_weight=3.5743e+06 3.38954e+06 17489 184760 3.37205e+06 527255 2.8448e+06 147327 179 38 1.23118e+06
internal_count=3574299 3389539 17489 184760 3372050 527255 2844795 147327 179 38 1231178
is_linear=0
shrinkage=0.00523217


Tree=196
num_leaves=12
num_cat=0
split_feature=1 5 11 15 13 17 18 18 17 1 20
split_gain=16.6209 7.86613 18.3154 16.1996 13.6332 19.5706 6.82197 6.43456 6.20553 7.78683 6.19489
threshold=2.1312575340271001 inf 2.6600701808929448 0.13101903349161151 2.3967182636260991 1.2778313755989077 -1.2158750295639036 0.27306458353996282 2.6439664363861088 -1.5496603250503538 0.6884460747241975
decision_type=2 8 10 2 10 2 2 2 2 2 8
left_child=1 6 8 4 5 -4 -1 -8 -3 -10 -9
right_child=-2 2 3 -5 -6 -7 7 10 9 -11 -12
leaf_value=-2.0321109627360098e-05 -6.7757831872777879e-05 9.1495823394542941e-05 0.0019284699923656384 -3.560588562876101e-05 0.00064231900927476881 0.0063130922999799612 1.0243272465834759e-05 9.9041932527190095e-07 -0.00037381923125508459 0.0034261065329398033 -2.7349605990526017e-05
leaf_weight=348343 96323 3809 100 149 98 39 1869315 987339 25 33 268577
leaf_count=348343 96323 3809 100 149 98 39 1869315 987339 25 33 268577
internal_value=3.88151e-08 1.91679e-06 0.000226766 0.00131194 0.00215848 0.00320727 1.64118e-06 4.08939e-06 0.000117869 0.00179988 -5.06946e-06
internal_weight=3.57415e+06 3.47783e+06 4253 386 237 139 3.47357e+06 3.12523e+06 3867 58 1.25592e+06
internal_count=3574150 3477827 4253 386 237 139 3473574 3125231 3867 58 1255916
is_linear=0
shrinkage=0.00523217


Tree=197
num_leaves=12
num_cat=0
split_feature=6 23 3 20 14 13 8 6 3 12 6
split_gain=17.2715 6.99479 5.82428 5.28078 5.52366 5.06772 4.90753 4.72143 4.58587 4.29432 3.60864
threshold=-1.6516841650009153 -1.6498159766197202 -1.6655727624893186 2.388242363929749 -0.44939976930618281 0.86990413069725048 -1.2173385024070738 -0.85148611664772023 0.65600886940956127 1.2882848381996157 -2.8905054330825801
decision_type=2 10 10 8 2 10 10 2 8 10 2
left_child=10 2 3 -2 7 -3 -6 -5 -7 -10 -1
right_child=1 5 -4 4 6 8 -8 -9 9 -11 -12
leaf_value=-7.6803284096277187e-05 7.986486721937607e-05 5.2149396157301586e-06 6.7189680602639009e-05 0.0011635995115265266 0.0053543236993526143 -1.9478715601673677e-05 0.0012957266117549042 0.00030787412137724335 1.0496629337867961e-05 0.00018925299057024445 -3.0482343185463829e-05
leaf_weight=72533 1200 2769688 14788 212 7.9999999999999991 458231 113 1071 126409 3789 126334
leaf_count=72533 1200 2769688 14788 212 8 458231 113 1071 126409 3789 126334
internal_value=2.57718e-09 2.79444e-06 0.00010745 0.000335644 0.000553435 2.25215e-06 0.00161984 0.000450839 -1.16921e-05 1.57066e-05 -4.73814e-05
internal_weight=3.57438e+06 3.37551e+06 17392 2604 1404 3.35812e+06 121 1283 588429 130198 198867
internal_count=3574376 3375509 17392 2604 1404 3358117 121 1283 588429 130198 198867
is_linear=0
shrinkage=0.00523217


Tree=198
num_leaves=12
num_cat=0
split_feature=0 1 3 17 12 3 0 17 20 1 0
split_gain=18.4995 6.26886 5.87416 4.19961 4.11967 3.92745 3.74419 3.10172 2.87882 2.86731 2.78896
threshold=-3.8297237157821651 1.3380197882652285 1.4388955831527712 0.43206351995468145 1.5502182841300967 0.410485789179802 0.65796944499015819 0.45307703316211706 -1.1423518061637876 -0.35840891301631922 -5.3042252063751212
decision_type=2 2 10 2 8 10 2 2 10 2 2
left_child=3 4 7 -1 6 -6 -2 -3 -7 -8 -5
right_child=1 2 -4 10 5 8 9 -9 -10 -11 -12
leaf_value=-4.1311818086027135e-05 4.4519062160803149e-07 -9.3346147420090546e-06 0.00022363214262765581 -0.00021634361051579585 1.3325195075911613e-05 3.7480315381511258e-05 1.8155177869521461e-05 -4.4205333622104031e-05 0.00020381737670009106 -3.6094401967130639e-05 -0.00010486418617765321
leaf_weight=23138 2648533 164642 2642 8328 16136 4709 525873 121358 7262 28086 23689
leaf_count=23138 2648533 164642 2642 8328 16136 4709 525873 121358 7262 28086 23689
internal_value=8.71185e-09 1.4991e-06 -2.18626e-05 -9.50708e-05 3.58664e-06 6.66546e-05 3.03284e-06 -2.41342e-05 0.000138463 1.54032e-05 -0.000133893
internal_weight=3.5744e+06 3.51924e+06 288642 55155 3.2306e+06 28107 3.20249e+06 286000 11971 553959 32017
internal_count=3574396 3519241 288642 55155 3230599 28107 3202492 286000 11971 553959 32017
is_linear=0
shrinkage=0.00523217


Tree=199
num_leaves=12
num_cat=0
split_feature=0 5 17 24 24 6 18 6 13 17 18
split_gain=18.4776 7.94086 9.19967 8.54708 8.39048 7.58788 7.1372 5.01265 4.49547 4.2228 3.75549
threshold=-3.8297237157821651 inf 2.6439664363861088 0.12047975882887842 -0.079669538885354982 -1.263202905654907 -1.2862774133682249 -1.5657414197921751 0.86990413069725048 1.3014226555824282 2.7396554946899419
decision_type=2 8 2 10 10 2 2 2 10 2 2
left_child=9 5 10 4 7 -2 -7 -4 -8 -1 -3
right_child=1 2 3 -5 -6 6 8 -9 -10 -11 -12
leaf_value=-6.6525841806527945e-05 -2.6920850385002551e-05 -4.6229197210134346e-05 0.00073007211683603684 -0.00081380693353553678 0.008097214229793372 -2.1801248339551323e-05 8.6637749023112361e-06 0.00425885289441362 -8.15736334374454e-06 -0.00016868837721242192 0.00029585044786958371
leaf_weight=39750 244262 1245 29 20 6.9999999999999991 283026 2459460 18 528331 15383 2951
leaf_count=39750 244262 1245 29 20 7 283026 2459460 18 528331 15383 2951
internal_value=-5.47739e-09 1.48324e-06 0.000226949 0.00204231 0.00310945 1.20905e-06 3.31002e-06 0.00216951 5.68902e-06 -9.50484e-05 0.000194176
internal_weight=3.57448e+06 3.51935e+06 4270 74 54 3.51508e+06 3.27082e+06 47 2.98779e+06 55133 4196
internal_count=3574482 3519349 4270 74 54 3515079 3270817 47 2987791 55133 4196
is_linear=0
shrinkage=0.00523217


Tree=200
num_leaves=12
num_cat=0
split_feature=0 23 13 13 9 0 9 9 0 19 0
split_gain=18.3651 8.47573 6.37779 5.34468 4.36657 4.82923 11.0879 5.71384 4.22858 3.86012 3.70293
threshold=-3.8297237157821651 -1.6498159766197202 0.94808888435363781 1.6363388299942019 0.60097181797027599 -0.056634405627846711 0.47236612439155584 0.0054984481539577254 0.49488061666488653 -1.4435930848121641 -5.3042252063751212
decision_type=2 10 8 10 10 2 10 10 2 10 2
left_child=10 3 8 -2 5 7 -7 -5 9 -3 -1
right_child=1 2 -4 4 -6 6 -8 -9 -10 -11 -12
leaf_value=-0.00017280011297814816 7.6077772626518045e-05 5.6709936001201427e-05 -1.5828715191079778e-05 0.00012294178353107685 -0.00011080016351055623 0.00013921217818739357 0.002053370244730888 0.0010964552220896744 1.3461809777065903e-05 -1.095020733021578e-06 -7.1166822876583377e-05
leaf_weight=12799 15627 32118 531576 251 506 1404 87 494 881144 2056182 42354
leaf_count=12799 15627 32118 531576 251 506 1404 87 494 881144 2056182 42354
internal_value=-3.43568e-08 1.45007e-06 8.61673e-07 0.000113543 0.000326645 0.000426003 0.00025298 0.000770257 3.84978e-06 -2.05566e-07 -9.477e-05
internal_weight=3.57454e+06 3.51939e+06 3.50102e+06 18369 2742 2236 1491 745 2.96944e+06 2.0883e+06 55153
internal_count=3574542 3519389 3501020 18369 2742 2236 1491 745 2969444 2088300 55153
is_linear=0
shrinkage=0.00523217


Tree=201
num_leaves=12
num_cat=0
split_feature=6 18 23 11 3 3 13 3 12 11 13
split_gain=16.6937 7.2373 6.94604 5.52779 10.9241 7.98862 5.45189 4.48777 4.44194 4.13305 3.97569
threshold=-1.6516841650009153 -1.2158750295639036 -1.6498159766197202 2.3633161783218388 -1.5589227080345152 -1.7215971946716306 0.86990413069725048 0.65600886940956127 1.2882848381996157 1.4514055848121645 2.3967182636260991
decision_type=2 2 10 8 10 8 8 8 10 10 10
left_child=-1 -2 3 10 5 -5 9 -8 -9 -4 -3
right_child=1 2 6 4 -6 -7 7 8 -10 -11 -12
leaf_value=-4.6590908063187882e-05 -1.9981217006861771e-05 7.2017199503704096e-05 6.0252643863628765e-06 0.0011601567793622851 1.8713949077235257e-05 0.0051053685002551089 -1.7981478591487407e-05 1.3016798777795957e-05 0.00020379456553744707 3.0515851632853009e-05 0.00041660667622378961
leaf_weight=198836 344524 13836 2263425 257 388 13.999999999999998 430413 112499 3443 205817 982
leaf_count=198836 344524 13836 2263425 257 388 14 430413 112499 3443 205817 982
internal_value=-1.8752e-09 2.74218e-06 5.32528e-06 0.000115883 0.000584582 0.0013882 4.75756e-06 -1.01977e-05 1.86911e-05 8.06695e-06 9.4939e-05
internal_weight=3.57443e+06 3.3756e+06 3.03107e+06 15477 659 271 3.0156e+06 546355 115942 2.46924e+06 14818
internal_count=3574434 3375598 3031074 15477 659 271 3015597 546355 115942 2469242 14818
is_linear=0
shrinkage=0.00523217


Tree=202
num_leaves=12
num_cat=0
split_feature=6 23 11 21 12 12 3 11 3 17 20
split_gain=16.5799 6.81603 6.84159 16.9711 7.4446 4.59611 4.88787 4.24444 4.11415 7.10881 5.50962
threshold=-1.7362686395645139 -1.6498159766197202 4.3383243083953866 1.0228673815727236 -0.56718280911445607 1.5502182841300967 0.41773562133312231 1.4514055848121645 -1.98424756526947 2.6439664363861088 3.0738145112991337
decision_type=2 10 8 2 8 10 10 10 10 2 10
left_child=-1 2 8 -4 -5 7 -7 -3 9 -2 -11
right_child=1 5 3 4 -6 6 -8 -9 -10 10 -12
leaf_value=-4.8253610678979749e-05 0.00027686931452413981 -1.2820286193489109e-07 0.00036131267833327163 0.002350585781884428 0.0083820048400997781 1.2308673242413605e-05 0.00015584283553849983 2.2041071460673663e-05 6.7317367116242658e-05 0.00048477407016073165 0.0046604198912124856
leaf_weight=184690 1962 3088636 110 14.999999999999998 10.000000000000002 16164 10872 256008 15362 18 17
leaf_count=184690 1962 3088636 110 15 10 16164 10872 256008 15362 18 17
internal_value=2.17004e-08 2.65267e-06 0.00010566 0.00127434 0.00506332 2.11794e-06 7.00621e-05 1.56846e-06 9.6439e-05 0.000319884 0.00262113
internal_weight=3.57386e+06 3.38917e+06 17494 135 25 3.37168e+06 27036 3.34464e+06 17359 1997 35
internal_count=3573864 3389174 17494 135 25 3371680 27036 3344644 17359 1997 35
is_linear=0
shrinkage=0.00523217


Tree=203
num_leaves=12
num_cat=0
split_feature=6 18 23 11 15 13 13 1 15 15 13
split_gain=16.3326 7.25403 7.04503 14.0586 10.5841 6.0614 5.20254 5.1085 4.89269 4.21287 4.10886
threshold=-1.6516841650009153 -1.2158750295639036 inf 2.3633161783218388 0.13101903349161151 2.3967182636260991 0.86990413069725048 2.3022575378417973 -1.5439849495887754 -0.2199435159564018 2.3967182636260991
decision_type=2 2 8 8 2 10 8 2 2 2 10
left_child=7 -2 6 8 5 -5 9 -1 -4 -3 -10
right_child=1 2 3 4 -6 -7 -8 -9 10 -11 -12
leaf_value=-3.3090528409265254e-05 -2.0077342878283282e-05 3.9929337114861984e-07 0.0039534848350125896 0.0028958445028055254 0.00014917644664570119 0.00088632801830512199 -9.5859859637146597e-06 -0.00010015010553307021 8.689726158220615e-07 1.4169106033279277e-05 0.00041209364135485213
leaf_weight=160289 344393 1071258 7.9999999999999991 109 128 70 548664 38609 2209 1407701 953
leaf_count=160289 344393 1071258 8 109 128 70 548664 38609 2209 1407701 953
internal_value=-3.76031e-08 2.67709e-06 5.26271e-06 0.000240609 0.00130779 0.00212543 4.99208e-06 -4.61123e-05 0.000136555 8.21894e-06 0.00012517
internal_weight=3.57439e+06 3.37549e+06 3.0311e+06 3477 307 179 3.02762e+06 198898 3170 2.47896e+06 3162
internal_count=3574391 3375493 3031100 3477 307 179 3027623 198898 3170 2478959 3162
is_linear=0
shrinkage=0.00523217


Tree=204
num_leaves=12
num_cat=0
split_feature=0 5 18 13 17 21 15 3 18 17 18
split_gain=17.754 6.84567 6.62653 6.66093 5.93217 11.9641 15.7389 5.39034 4.69961 4.22288 3.63285
threshold=-3.8297237157821651 inf -1.2862774133682249 0.86990413069725048 2.4210273027420048 0.18622127920389178 0.10535049065947534 0.65600886940956127 0.176400862634182 0.096008226275444045 -2.2969599962234493
decision_type=2 8 2 10 2 2 2 8 2 2 2
left_child=9 2 10 8 -3 6 -6 -5 -4 -1 -2
right_child=1 4 3 7 5 -7 -8 -9 -10 -11 -12
leaf_value=-2.3854886197844693e-05 6.0090419236415063e-05 0.00017867604173748552 1.2793175891975553e-05 -2.0374595856174956e-05 -0.0011866223246648601 0.00055428294846820525 0.0081337631485319424 1.883528893130663e-05 -1.435988304538569e-06 -0.00012346197322074388 -2.6644256903004398e-05
leaf_weight=16768 13867 4158 1548231 474306 7.0000000000000027 90 12.999999999999998 120311 1077609 38354 280614
leaf_count=16768 13867 4158 1548231 474306 7 90 13 120311 1077609 38354 280614
internal_value=-4.77544e-09 1.45441e-06 1.19986e-06 3.37246e-06 0.000210845 0.00140477 0.00494953 -1.24397e-05 6.95342e-06 -9.31774e-05 -2.2557e-05
internal_weight=3.57433e+06 3.51921e+06 3.51494e+06 3.22046e+06 4268 110 20 594617 2.62584e+06 55122 294481
internal_count=3574328 3519206 3514938 3220457 4268 110 20 594617 2625840 55122 294481
is_linear=0
shrinkage=0.00523217


Tree=205
num_leaves=12
num_cat=0
split_feature=1 23 15 9 16 1 19 1 15 9 19
split_gain=15.6631 7.55176 5.4168 4.89985 4.83302 4.80914 4.55292 3.86251 3.69663 3.60503 3.45993
threshold=1.937520503997803 inf -1.3878523707389829 0.30306144058704382 -0.0031836626585572954 -2.3468189239501949 -1.6931408643722532 0.76939216256141674 0.13101903349161151 0.60097181797027599 -1.4435930848121641
decision_type=2 8 2 10 2 2 10 2 2 10 10
left_child=1 6 -3 10 -4 8 -1 -8 -6 -7 -2
right_child=3 2 4 -5 5 9 7 -9 -10 -11 -12
leaf_value=9.8749301308263007e-05 0.00017140955845766124 0.0044773943378511021 1.8175242069166457e-05 -9.1104884424162975e-05 0.002845864685365085 0.00041731119107699203 4.0506789775328925e-06 -1.0803781355471606e-05 0.00054523960405032754 -0.0001231411187551062 -3.3872032289527033e-05
leaf_weight=13242 2314 6.9999999999999991 1980 58544 36 1938 2843583 576308 43 406 75865
leaf_count=13242 2314 7 1980 58544 36 1938 2843583 576308 43 406 75865
internal_value=1.6029e-08 2.20062e-06 0.000218549 -5.49036e-05 0.000210396 0.000367055 1.92241e-06 1.54722e-06 0.00163014 0.000323343 -2.77832e-05
internal_weight=3.57427e+06 3.43754e+06 4410 136723 4403 2423 3.43313e+06 3.41989e+06 79 2344 78179
internal_count=3574266 3437543 4410 136723 4403 2423 3433133 3419891 79 2344 78179
is_linear=0
shrinkage=0.00523217


Tree=206
num_leaves=12
num_cat=0
split_feature=0 23 0 20 17 24 12 2 20 17 0
split_gain=17.6276 8.19226 6.03378 5.8545 8.40751 9.25595 12.9025 4.36921 5.3431 4.17979 3.70141
threshold=-3.8297237157821651 -1.6498159766197202 0.34934721887111669 2.1599357128143315 2.6439664363861088 0.12047975882887842 -1.3118260502815244 0.032474581152200706 -0.07158299162983893 1.3014226555824282 -2.0317389965057369
decision_type=2 10 2 8 2 10 10 10 10 2 2
left_child=9 3 7 -2 -5 6 -6 8 -3 -1 -9
right_child=1 2 -4 4 5 -7 -8 10 -10 -11 -12
leaf_value=-6.4461597416060759e-05 6.7970656728589195e-05 -9.3022060677680214e-06 9.2829482251959166e-06 0.00027087694935162907 0.0062873995249837561 -0.00074566191289681088 0.00097681168187831093 -4.5769042854653482e-05 1.6965803201900617e-05 -0.00016612673973309479 -8.630438448307058e-06
leaf_weight=39746 15102 405807 1403151 3213 21 22 31 78402 443782 15373 1169606
leaf_count=39746 15102 405807 1403151 3213 21 22 31 78402 443782 15373 1169606
internal_value=8.60585e-09 1.46303e-06 8.84196e-07 0.000111605 0.000311743 0.00204327 0.00322865 -4.73362e-06 4.41792e-06 -9.28341e-05 -1.09642e-05
internal_weight=3.57426e+06 3.51914e+06 3.50075e+06 18389 3287 74 52 2.0976e+06 849589 55119 1.24801e+06
internal_count=3574256 3519137 3500748 18389 3287 74 52 2097597 849589 55119 1248008
is_linear=0
shrinkage=0.00523217


Tree=207
num_leaves=12
num_cat=0
split_feature=23 9 19 19 17 21 19 15 17 4 4
split_gain=8.27779 6.39776 5.27173 4.84939 8.56157 16.4088 4.2588 4.57428 3.3701 2.86813 2.82203
threshold=-1.6498159766197202 0.71402069926261913 -1.6931408643722532 2.0779613256454472 2.6439664363861088 0.18622127920389178 2.4750591516494755 0.14826669543981555 -1.808780252933502 -2.1924159526824947 -2.1924159526824947
decision_type=10 10 10 10 2 2 10 2 2 8 10
left_child=3 2 -2 -1 8 -6 7 9 -5 -4 -7
right_child=1 -3 6 4 5 10 -8 -9 -10 -11 -12
leaf_value=6.9924647715650744e-05 0.00010594425410101646 -2.7361603308526182e-05 0.00013997507682837241 0.0011724039063946868 0.0071218319277784317 0.0017917418533239355 -3.4873614373028989e-05 9.8620547639243691e-06 0.0002182258821579778 -3.2775137529102384e-06 -0.00044519613610271913
leaf_weight=15517 13116 228484 3832 104 12.999999999999998 34 88926 1211784 3215 2009106 26
leaf_count=15517 13116 228484 3832 104 13 34 88926 1211784 3215 2009106 26
internal_value=1.0471e-09 -5.79446e-07 1.25974e-06 0.00010918 0.000288435 0.00204817 8.45095e-07 1.83035e-06 0.000248773 -3.00432e-06 0.0008194
internal_weight=3.57416e+06 3.55525e+06 3.32676e+06 18909 3392 73 3.31365e+06 3.22472e+06 3319 2.01294e+06 60
internal_count=3574157 3555248 3326764 18909 3392 73 3313648 3224722 3319 2012938 60
is_linear=0
shrinkage=0.00523217


Tree=208
num_leaves=12
num_cat=0
split_feature=0 6 9 19 3 0 1 16 9 1 10
split_gain=17.3957 5.99055 4.68749 3.9752 3.89454 3.86882 3.2659 7.9517 26.9261 2.65838 2.58794
threshold=-3.411179661750793 -1.1145261526107786 0.34362362325191503 -1.6931408643722532 1.2130278348922732 0.65796944499015819 -2.1404296159744258 -0.0031836626585572954 0.53858560323715221 -0.35840891301631922 inf
decision_type=2 2 10 8 10 2 2 2 10 2 8
left_child=2 4 -1 -3 6 10 7 -2 -9 -7 -5
right_child=1 3 -4 5 -6 9 -8 8 -10 -11 -12
leaf_value=-4.0786270701831446e-05 0 9.7045936814351222e-05 -0.00012715035658474966 4.9677127431229325e-07 0.00015054738412436801 1.8482322373629775e-05 -2.4472822335315208e-05 0.00071043046607266425 0.0094461621066784397 -3.4670668439263683e-05 0.00015397260516246191
leaf_weight=35884 231 12427 33117 2658081 3548 526040 274831 75 9.9999999999999982 27074 3010
leaf_count=35884 231 12427 33117 2658081 3548 526040 274831 75 10 27074 3010
internal_value=1.93719e-08 1.63906e-06 -8.22498e-05 3.64949e-06 -2.16339e-05 3.28811e-06 -2.38578e-05 0.000506642 0.00186294 1.58791e-05 6.7074e-07
internal_weight=3.57433e+06 3.50533e+06 69001 3.22663e+06 278695 3.2142e+06 275147 316 85 553114 2.66109e+06
internal_count=3574328 3505327 69001 3226632 278695 3214205 275147 316 85 553114 2661091
is_linear=0
shrinkage=0.00523217


Tree=209
num_leaves=12
num_cat=0
split_feature=0 23 11 4 4 21 21 18 13 18 0
split_gain=17.1325 8.02224 12.807 18.3338 21.1084 35.0195 12.54 6.48092 6.76594 4.5226 3.66201
threshold=-3.8297237157821651 -1.6498159766197202 3.6227375268936162 -0.93488663434982289 -1.5356695055961607 1.1286614537239077 1.1469709277153017 -1.2862774133682249 0.86990413069725048 0.176400862634182 -5.3042252063751212
decision_type=2 10 8 10 8 2 2 2 10 2 2
left_child=10 2 -2 4 6 -6 -4 -3 9 -9 -1
right_child=1 7 3 -5 5 -7 -8 8 -10 -11 -12
leaf_value=-0.00016913411425298783 9.1702665691067005e-05 -2.2687530002601565e-05 -0.00041225316506590226 0.00015083493764836249 0.0098101341828464375 -0.00011083188984984539 0.0035793438490348776 1.2374477969902134e-05 -1.2946668359374782e-05 -1.6120598972141063e-06 -6.8044270841317745e-05
leaf_weight=12796 18063 293023 52 203 23 15.999999999999998 35 1542201 592469 1073243 42308
leaf_count=12796 18063 293023 52 203 23 16 35 1542201 592469 1073243 42308
internal_value=5.53795e-09 1.43912e-06 0.000110424 0.00113182 0.00268988 0.00583647 0.00121091 8.66309e-07 3.01806e-06 6.63482e-06 -9.15366e-05
internal_weight=3.57443e+06 3.51933e+06 18392 329 126 39 87 3.50094e+06 3.20791e+06 2.61544e+06 55104
internal_count=3574432 3519328 18392 329 126 39 87 3500936 3207913 2615444 55104
is_linear=0
shrinkage=0.00523217


Tree=210
num_leaves=12
num_cat=0
split_feature=0 18 6 12 9 0 18 13 18 9 20
split_gain=17.005 6.74765 6.1654 5.22789 4.75274 3.66278 3.57597 2.67094 2.61826 2.28392 2.2591
threshold=-3.411179661750793 -1.2862774133682249 -1.1145261526107786 1.2882848381996157 0.34362362325191503 0.65796944499015819 -2.2969599962234493 0.86990413069725048 -0.79172763228416432 0.19632819294929507 0.27847859263420111
decision_type=2 2 2 10 10 2 2 10 2 10 10
left_child=4 6 -3 5 -1 7 10 -4 -7 -8 -2
right_child=1 2 3 -5 -6 8 9 -9 -10 -11 -12
leaf_value=-3.9538955607722415e-05 2.3154238411550473e-05 -2.0317816063688588e-05 5.0560624531548739e-06 5.102595181491966e-05 -0.00012651193055337307 4.3167529988546866e-05 -1.971617198072528e-05 -8.8755734084786874e-06 1.2165249126366305e-05 -5.984784166640254e-05 0.00018217989875424223
leaf_weight=35872 10670 265080 1947344 69021 33111 93487 233627 467053 369372 46595 3178
leaf_count=35872 10670 265080 1947344 69021 33111 93487 233627 467053 369372 46595 3178
internal_value=5.28205e-08 1.65397e-06 3.85088e-06 6.02564e-06 -8.1298e-05 4.94586e-06 -2.23343e-05 2.36072e-06 1.84288e-05 -2.63923e-05 5.97197e-05
internal_weight=3.57441e+06 3.50543e+06 3.21136e+06 2.94628e+06 68983 2.87726e+06 294070 2.4144e+06 462859 280222 13848
internal_count=3574410 3505427 3211357 2946277 68983 2877256 294070 2414397 462859 280222 13848
is_linear=0
shrinkage=0.00523217


Tree=211
num_leaves=12
num_cat=0
split_feature=0 6 17 2 0 20 0 1 17 16 6
split_gain=16.779 6.61445 4.13353 3.67371 4.51627 5.72924 3.646 3.20057 11.4637 24.5266 2.72618
threshold=-3.8297237157821651 -1.1145261526107786 1.3014226555824282 2.2186276912689213 -0.15047810226678845 0.9043281376361848 0.65796944499015819 -2.1404296159744258 2.4210273027420048 -0.0063683770131319753 -0.85148611664772023
decision_type=2 2 2 10 2 10 2 2 2 2 2
left_child=2 7 -1 6 5 -5 -3 8 -2 -10 -6
right_child=1 3 -4 4 10 -7 -8 -9 9 -11 -12
leaf_value=-6.2333915353913124e-05 0.00023937785561735657 7.5095245593556853e-07 -0.00016341753587412511 0.00029367128792127906 0.0010048273952953082 -7.4244987795033367e-05 1.5494752599445289e-05 -2.3217092142096055e-05 -0.00034332562126821191 0.011310994503649297 0.00024372553782466862
leaf_weight=39752 296 2668857 15379 1596 135 4215 554601 286621 12.000000000000002 6.9999999999999991 2755
leaf_count=39752 296 2668857 15379 1596 135 4215 554601 286621 12 7 2755
internal_value=2.13424e-08 1.4405e-06 -9.0549e-05 3.57799e-06 0.000110939 2.67048e-05 3.2879e-06 -2.26341e-05 0.000503379 0.00432155 0.000279953
internal_weight=3.57423e+06 3.5191e+06 55131 3.23216e+06 8701 5811 3.22346e+06 286936 315 19 2890
internal_count=3574226 3519095 55131 3232159 8701 5811 3223458 286936 315 19 2890
is_linear=0
shrinkage=0.00523217


Tree=212
num_leaves=12
num_cat=0
split_feature=6 18 23 2 1 1 12 19 18 20 12
split_gain=15.2934 6.95724 6.58965 5.34495 8.0777 4.91994 4.90517 5.13913 4.74808 5.20106 4.01642
threshold=-1.7362686395645139 -1.2158750295639036 -1.6498159766197202 2.2186276912689213 -1.6686760187149046 2.3022575378417973 1.2882848381996157 -1.5669386386871336 0.176400862634182 0.94982931017875682 -0.35147278010845179
decision_type=2 2 10 10 2 2 10 10 2 8 10
left_child=5 -2 3 -3 10 -1 8 -8 -4 -10 -5
right_child=1 2 6 4 -6 -7 7 -9 9 -11 -12
leaf_value=-3.2738412786088762e-05 -1.9728118395532718e-05 8.7060114746794826e-05 9.2099251292808038e-06 -1.6895706138145222e-06 0.0010873217980743148 -9.9934075934359084e-05 0.00023021989788205087 3.6770787923604002e-05 3.9965131702968493e-07 -2.8708416448475067e-05 0.0016339598751119976
leaf_weight=147272 345296 14548 1692860 575 376 37431 3988 65916 1066560 199463 43
leaf_count=147272 345296 14548 1692860 575 376 37431 3988 65916 1066560 199463 43
internal_value=2.17685e-09 2.52878e-06 5.05349e-06 0.000112512 0.000483667 -4.63609e-05 4.50177e-06 4.78222e-05 3.47803e-06 -4.18574e-06 0.000113722
internal_weight=3.57433e+06 3.38962e+06 3.04433e+06 15542 994 184703 3.02879e+06 69904 2.95888e+06 1.26602e+06 618
internal_count=3574328 3389625 3044329 15542 994 184703 3028787 69904 2958883 1266023 618
is_linear=0
shrinkage=0.00523217


Tree=213
num_leaves=12
num_cat=0
split_feature=6 11 19 9 24 22 9 11 6 22 22
split_gain=15.2766 4.7439 4.99956 3.38552 3.16562 8.60444 15.1255 3.44495 2.70312 2.3682 1.8173
threshold=-1.6516841650009153 1.6316003203392031 -1.4435930848121641 0.41966985166072851 -1.4038972258567808 4.213437795639039 -0.085947606712579713 1.1454820036888125 -0.47231496870517725 -2.2053605318069454 0.29403641819953924
decision_type=2 8 8 10 10 10 8 10 2 8 10
left_child=3 2 4 -1 5 7 -7 -2 -4 -6 -5
right_child=1 -3 8 10 9 6 -8 -9 -10 -11 -12
leaf_value=-2.992068939998641e-05 0.00019715148888085288 2.6153002625198126e-05 -1.222287223874951e-05 -9.4782703083902785e-05 0.00055682232623737306 0.009189952066303601 0.00035886455837904279 0.0017564175063040078 2.110403855761269e-06 4.3100351159633968e-05 -3.2795465839662316e-05
leaf_weight=136553 1301 220146 415907 43912 246 7 16.000000000000004 39 2688867 49037 18428
leaf_count=136553 1301 220146 415907 43912 246 7 16 39 2688867 49037 18428
internal_value=4.43106e-08 2.67013e-06 1.03152e-06 -4.45162e-05 5.25967e-05 0.000301332 0.00339762 0.00024464 1.90095e-07 4.56942e-05 -7.64728e-05
internal_weight=3.57446e+06 3.37557e+06 3.15542e+06 198893 50646 1363 23 1340 3.10477e+06 49283 62340
internal_count=3574459 3375566 3155420 198893 50646 1363 23 1340 3104774 49283 62340
is_linear=0
shrinkage=0.00523217


Tree=214
num_leaves=12
num_cat=0
split_feature=6 18 19 18 2 20 20 2 18 2 20
split_gain=15.0195 6.95242 4.64486 4.19459 3.68179 5.55952 3.6455 4.49466 4.30678 3.30613 3.19012
threshold=-1.7362686395645139 -1.2158750295639036 -1.6931408643722532 0.176400862634182 0.50735336542129528 -0.1495777145028114 0.72431325912475597 2.2186276912689213 2.7396554946899419 -2.7290552854537959 1.4992373585700991
decision_type=2 2 8 2 8 10 8 8 2 8 10
left_child=-1 10 9 4 5 -4 7 -5 -8 -3 -2
right_child=1 2 3 6 -6 -7 8 -9 -10 -11 -12
leaf_value=-4.5933103286710092e-05 -2.2796519388933094e-05 0.00049103680912238599 4.6831416744482323e-06 1.3695199682783077e-06 -2.7484513317288839e-06 2.66649037367007e-05 -2.3526691424118987e-05 0.00023336658369558597 0.00011630570687646894 8.8505319954210865e-05 6.2667846106621061e-05
leaf_weight=184663 332938 588 701652 1043283 457654 571703 249833 2290 6176 11201 12396
leaf_count=184663 332938 588 701652 1043283 457654 571703 249833 2290 6176 11201 12396
internal_value=1.81045e-08 2.52166e-06 5.04558e-06 4.64233e-06 9.9783e-06 1.4553e-05 -2.4535e-06 1.87867e-06 -2.01497e-05 0.000108698 -1.97262e-05
internal_weight=3.57438e+06 3.38971e+06 3.04438e+06 3.03259e+06 1.73101e+06 1.27336e+06 1.30158e+06 1.04557e+06 256009 11789 345334
internal_count=3574377 3389714 3044380 3032591 1731009 1273355 1301582 1045573 256009 11789 345334
is_linear=0
shrinkage=0.00523217


Tree=215
num_leaves=12
num_cat=0
split_feature=6 18 11 18 18 20 24 20 9 20 3
split_gain=15.0249 6.90868 4.66877 3.99221 3.80964 4.69803 3.98805 3.58542 3.24013 3.15332 2.66939
threshold=-1.7362686395645139 -1.2158750295639036 1.6316003203392031 0.176400862634182 2.7396554946899419 2.5284775495529179 0.12047975882887842 0.94982931017875682 0.41966985166072851 1.4992373585700991 1.3738729357719424
decision_type=2 2 8 2 2 10 10 8 10 10 10
left_child=8 9 3 -3 -4 -6 -7 -5 10 -2 -1
right_child=1 2 4 7 5 6 -8 -9 -10 -11 -12
leaf_value=-3.2976214521094645e-05 -2.2713592183652258e-05 8.7221327898122632e-06 2.7718328016101234e-05 7.163196106725605e-08 2.4798437059321997e-05 0.00034668923804182157 0.001254953542456841 -2.4480954597347854e-05 -7.7916675146402276e-05 6.2325469103177144e-05 0.00025115668501054736
leaf_weight=124731 332985 1617727 196297 1035840 733 406 199 193172 59062 12375 910
leaf_count=124731 332985 1617727 196297 1035840 733 406 199 193172 59062 12375 910
internal_value=8.65035e-09 2.5129e-06 5.02896e-06 3.3214e-06 2.96204e-05 0.000307798 0.00064863 -3.78683e-06 -4.59456e-05 -1.96639e-05 -3.09095e-05
internal_weight=3.57444e+06 3.38973e+06 3.04437e+06 2.84674e+06 197635 1338 605 1.22901e+06 184703 345360 125641
internal_count=3574437 3389734 3044374 2846739 197635 1338 605 1229012 184703 345360 125641
is_linear=0
shrinkage=0.00523217


Tree=216
num_leaves=12
num_cat=0
split_feature=0 5 18 0 3 12 16 15 19 5 0
split_gain=16.5543 7.01499 6.21536 6.31926 6.21659 8.06314 5.03791 8.45585 4.71812 4.51944 4.14992
threshold=-3.8297237157821651 inf -1.2862774133682249 0.37942911684513098 1.0169905424118044 1.2882848381996157 -0.0031836626585572954 0.079187825322151198 3.0813105106353764 1.4360482692718508 -0.11349516361951827
decision_type=2 8 2 2 8 10 2 2 8 8 2
left_child=-1 2 -2 4 9 -6 -3 8 -8 -4 -9
right_child=1 6 3 -5 5 -7 7 10 -10 -11 -12
leaf_value=-8.9975522273766584e-05 -2.1858068304433286e-05 1.1700234743808777e-05 -2.1140415253338023e-06 1.2934057750923898e-05 2.4225704908599661e-05 0.00025910123441120461 0.0042216560533208944 0.0017537812189376255 0.00045945443206186711 -2.9063980558987888e-05 0.00029746351857243275
leaf_weight=55118 294510 1895 1715616 1173346 138557 4120 23 54 15.999999999999998 189137 2281
leaf_count=55118 294510 1895 1715616 1173346 138557 4120 23 54 16 189137 2281
internal_value=-2.34341e-09 1.40648e-06 1.1488e-06 3.25282e-06 -2.29493e-06 3.10158e-05 0.000213345 0.000373881 0.00275709 -4.79054e-06 0.000332357
internal_weight=3.57467e+06 3.51956e+06 3.51529e+06 3.22078e+06 2.04743e+06 142677 4269 2374 39 1.90475e+06 2335
internal_count=3574673 3519555 3515286 3220776 2047430 142677 4269 2374 39 1904753 2335
is_linear=0
shrinkage=0.00523217


Tree=217
num_leaves=12
num_cat=0
split_feature=6 23 20 17 4 12 15 22 5 6 20
split_gain=14.7448 6.24594 4.57636 5.98459 6.23365 4.55273 3.68249 3.67812 3.53054 2.98447 2.75767
threshold=-1.6516841650009153 -1.6498159766197202 2.388242363929749 2.6439664363861088 -2.1924159526824947 1.5502182841300967 0.21284873783588412 2.1977837085723881 1.536770284175873 -0.056440593674778931 -0.38447204232215876
decision_type=2 10 8 2 8 10 2 10 10 2 10
left_child=8 2 -2 7 -5 6 -3 9 -1 -4 -8
right_child=1 5 3 4 -6 -7 10 -9 -10 -11 -12
leaf_value=-2.981414410516532e-05 6.750056846222376e-05 -2.5675116647727041e-06 0.00046386084722225803 0.0045582843675096687 -0.00033436950881653057 6.9821604675551812e-05 1.5659308083055304e-06 0.0013956354517880582 -7.8626463433509303e-05 8.0864970527922816e-05 1.7559796793765396e-05
leaf_weight=141980 15026 2142757 979 17 11.000000000000002 26939 642390 78 56848 1306 546113
leaf_count=141980 15026 2142757 979 17 11 26939 642390 78 56848 1306 546113
internal_value=1.07954e-08 2.59007e-06 0.000101414 0.000314062 0.00267296 2.07726e-06 1.52916e-06 0.000284449 -4.37748e-05 0.000245464 8.91574e-06
internal_weight=3.57444e+06 3.37562e+06 17417 2391 28 3.3582e+06 3.33126e+06 2363 198828 2285 1.1885e+06
internal_count=3574444 3375616 17417 2391 28 3358199 3331260 2363 198828 2285 1188503
is_linear=0
shrinkage=0.00523217


Tree=218
num_leaves=12
num_cat=0
split_feature=0 5 18 13 18 18 12 18 0 10 0
split_gain=16.0843 6.83053 6.16682 6.33998 4.45517 4.4159 4.10515 3.56216 3.52434 3.42503 3.31267
threshold=-3.8297237157821651 inf -1.2862774133682249 0.86990413069725048 2.7396554946899419 0.176400862634182 -0.66645345091819752 -2.2969599962234493 -5.3042252063751212 inf 0.60506513714790355
decision_type=2 8 2 10 2 2 8 2 2 8 2
left_child=8 2 7 5 -3 10 -5 -2 -1 -8 -4
right_child=1 4 3 6 -6 -7 9 -9 -10 -11 -12
leaf_value=-0.00016474674673344327 6.0087032761903171e-05 -5.2588036580261761e-05 8.3502741435989364e-06 -3.312021485959509e-05 0.00031856633817951689 -1.3813476917814388e-06 -3.3198578774587956e-06 -2.5806119215259555e-05 -6.5601991353004567e-05 0.001312218216413851 2.6838730972944496e-05
leaf_weight=12801 13865 1245 1208108 178970 3032 1077595 415649 280574 42353 53 340053
leaf_count=12801 13865 1245 1208108 178970 3032 1077595 415649 280574 42353 53 340053
internal_value=2.60404e-08 1.41578e-06 1.16123e-06 3.25701e-06 0.000210354 6.75086e-06 -1.21686e-05 -2.17585e-05 -8.86307e-05 -3.14647e-06 1.24118e-05
internal_weight=3.5743e+06 3.51914e+06 3.51487e+06 3.22043e+06 4277 2.62576e+06 594672 294439 55154 415702 1.54816e+06
internal_count=3574298 3519144 3514867 3220428 4277 2625756 594672 294439 55154 415702 1548161
is_linear=0
shrinkage=0.00523217


Tree=219
num_leaves=12
num_cat=0
split_feature=0 5 6 0 3 6 0 22 24 6 12
split_gain=16.077 6.75489 5.22059 4.92241 6.52735 4.78356 6.0283 6.2677 7.25822 4.0008 3.65764
threshold=-2.8075786828994747 inf -2.8905054330825801 0.38414032757282263 1.6068084836006167 -0.056440593674778931 -0.11349516361951827 0.70603403449058544 -0.33495530486106867 -0.73394539952278126 1.2203283309936526
decision_type=2 8 2 2 10 2 2 10 10 2 10
left_child=2 3 -1 4 9 6 7 -3 -9 -2 -6
right_child=1 5 -4 -5 10 -7 -8 8 -10 -11 -12
leaf_value=-0.00012184611040071109 -1.9525335927266151e-05 0.00072479517531092959 -3.966237089499305e-05 9.7077265174282952e-06 9.8935706018769083e-05 4.8378158758918348e-05 0.00035609027435465948 0.0084239242834142011 0.001089004472850587 -5.5597569487157337e-07 0.00042726096692931998
leaf_weight=31669 366127 27 63910 1294459 7919 2311 1912 7 7.9999999999999982 1805110 1054
leaf_count=31669 366127 27 63910 1294459 7919 2311 1912 7 8 1805110 1054
internal_value=4.18085e-08 1.88127e-06 -6.69026e-05 1.62557e-06 -3.17269e-06 0.000209951 0.000400487 0.00233792 0.00492689 -3.75508e-06 0.000137643
internal_weight=3.57451e+06 3.47893e+06 95579 3.47467e+06 2.18021e+06 4265 1954 42 15 2.17124e+06 8973
internal_count=3574513 3478934 95579 3474669 2180210 4265 1954 42 15 2171237 8973
is_linear=0
shrinkage=0.00523217


Tree=220
num_leaves=12
num_cat=0
split_feature=6 5 6 19 8 20 7 5 12 21 15
split_gain=14.5577 5.36617 5.48231 5.02759 4.91152 4.73376 4.3727 3.61541 3.60604 9.63129 3.48635
threshold=-1.6516841650009153 inf -0.056440593674778931 -1.6931408643722532 inf 2.388242363929749 -0.40797711908817286 1.536770284175873 1.3304923176765444 -2.3909240961074825 0.21284873783588412
decision_type=2 8 2 10 8 10 10 10 8 2 2
left_child=7 3 5 4 8 -3 -6 -1 -2 -10 -5
right_child=1 2 -4 10 6 -7 -8 -9 9 -11 -12
leaf_value=-2.936874572583811e-05 5.6269700561902563e-05 6.830409132822351e-05 4.7478278948363399e-05 -2.0261152483436766e-06 0.0056502058917969125 0.00070880129196455833 0.00054089681986418654 -7.8757275503856726e-05 0.0059434009883091261 0.00025249832778615237 9.1000799037909754e-06
leaf_weight=142035 10839 511 2311 2159186 7.0000000000000027 840 11.999999999999998 56860 6.9999999999999991 2692 1199099
leaf_count=142035 10839 511 2311 2159186 7 840 12 56860 7 2692 1199099
internal_value=6.85008e-09 2.57021e-06 0.00020272 2.35252e-06 0.000102905 0.000467406 0.00268374 -4.34923e-05 9.89892e-05 0.000270151 1.94633e-06
internal_weight=3.5744e+06 3.3755e+06 3662 3.37184e+06 13557 1351 19 198895 13538 2699 3.35828e+06
internal_count=3574399 3375504 3662 3371842 13557 1351 19 198895 13538 2699 3358285
is_linear=0
shrinkage=0.00523217


Tree=221
num_leaves=12
num_cat=0
split_feature=0 18 6 3 17 0 18 10 17 0 18
split_gain=15.8531 6.29202 6.39015 4.02314 3.99834 3.43184 3.36516 3.2176 8.37167 3.06207 2.75179
threshold=-3.8297237157821651 -1.2158750295639036 -0.85148611664772023 1.4388955831527712 0.43206351995468145 0.70983785390853893 -2.2969599962234493 inf 1.9968670606613161 -1.5719175934791563 -0.91495037078857411
decision_type=2 2 2 10 2 2 2 8 2 2 2
left_child=4 6 3 7 -1 -4 -2 9 -9 -3 -7
right_child=1 2 5 -5 -6 10 -8 8 -10 -11 -12
leaf_value=-3.5538765274238799e-05 6.0126537001217453e-05 -4.8041924971831641e-05 4.0739842276184195e-06 0.00021730870737575854 -0.00012589876921277273 5.784069705208195e-05 -2.2903319433032038e-05 0.0002690213279175142 0.0036564549804478704 -1.0735970473524281e-05 1.5586864961407965e-05
leaf_weight=23119 13908 76669 2420394 1993 32009 48211 337340 212 21 281394 339223
leaf_count=23119 13908 76669 2420394 1993 32009 48211 337340 212 21 281394 339223
internal_value=1.77013e-08 1.39701e-06 3.72666e-06 -1.70169e-05 -8.80207e-05 6.38868e-06 -1.96132e-05 -1.83233e-05 0.00059467 -1.87264e-05 2.0847e-05
internal_weight=3.57449e+06 3.51936e+06 3.16812e+06 360289 55128 2.80783e+06 351248 358296 233 358063 387434
internal_count=3574493 3519365 3168117 360289 55128 2807828 351248 358296 233 358063 387434
is_linear=0
shrinkage=0.00523217


Tree=222
num_leaves=12
num_cat=0
split_feature=23 11 7 7 13 18 7 7 18 18 11
split_gain=7.78126 11.9455 24.6943 31.9464 8.47053 6.34372 5.52151 13.6001 4.62236 3.56589 3.00936
threshold=-1.6498159766197202 3.953612327575684 1.4586503505706789 1.5496119260787966 0.94808888435363781 -1.4122443199157713 1.9737507104873659 2.3875048160552983 0.27306458353996282 -2.2969599962234493 1.3068087100982668
decision_type=10 8 8 10 10 2 10 10 2 2 10
left_child=1 -1 -3 -4 5 9 -5 -8 10 -2 -7
right_child=4 2 3 6 -6 8 7 -9 -10 -11 -12
leaf_value=9.026238155158736e-05 5.6973447639575477e-05 0.00018872324472329693 0.013572682671080282 0.0002797605730064248 -1.9354494115651239e-05 7.7891384302143632e-06 0.0083073853594070567 0.0017245776813744156 -3.8468084580890284e-06 -3.2455526357426056e-05 3.0764857819491085e-05
leaf_weight=18633 13100 186 6.9999999999999991 22 554718 1593547 10.999999999999998 34 1043796 177543 173043
leaf_count=18633 13100 186 7 22 554718 1593547 11 34 1043796 177543 173043
internal_value=-8.13942e-09 0.000105891 0.00121735 0.00374852 -5.7108e-07 2.90063e-06 0.00249283 0.00352254 4.88216e-06 -2.63059e-05 1.00402e-05
internal_weight=3.57464e+06 18893 260 74 3.55575e+06 3.00103e+06 67 45 2.81039e+06 190643 1.76659e+06
internal_count=3574640 18893 260 74 3555747 3001029 67 45 2810386 190643 1766590
is_linear=0
shrinkage=0.00523217


Tree=223
num_leaves=12
num_cat=0
split_feature=6 23 1 3 1 17 13 22 17 8 10
split_gain=14.174 5.3937 5.23521 4.53894 4.42788 13.0143 16.9095 4.29361 4.52486 8.02056 4.1652
threshold=-1.4282628893852232 -1.6498159766197202 2.3022575378417973 -1.6655727624893186 -2.1404296159744258 2.4210273027420048 2.3967182636260991 2.1977837085723881 2.4210273027420048 -2.0425819158554073 -0.40313859283924097
decision_type=2 10 2 10 2 2 10 10 2 10 8
left_child=2 3 4 7 5 -1 -7 8 -2 -10 -9
right_child=1 -3 -4 -5 -6 6 -8 10 9 -11 -12
leaf_value=0.00033818523373842604 0.00023372995532499873 2.3400777287544204e-06 -9.192104296456786e-05 6.0251443793566095e-05 -2.8333490873564328e-05 0.0094015221612249282 -0.00092555088980243131 0.0047030711077433928 0.0047157203177777525 0 0.0010142129237913087
leaf_weight=211 2376 3313828 41699 14618 201400 8.9999999999999982 6.9999999999999991 8.9999999999999982 15.999999999999998 24 62
leaf_count=211 2376 3313828 41699 14618 201400 9 7 9 16 24 62
internal_value=2.36172e-09 2.81869e-06 -3.85473e-05 9.54881e-05 -2.75045e-05 0.000700801 0.00508382 0.000302151 0.00026404 0.00198658 0.0015623
internal_weight=3.57426e+06 3.33093e+06 243326 17105 201627 227 16 2487 2416 40 71
internal_count=3574259 3330933 243326 17105 201627 227 16 2487 2416 40 71
is_linear=0
shrinkage=0.00523217


Tree=224
num_leaves=12
num_cat=0
split_feature=5 5 11 22 22 4 22 19 18 18 17
split_gain=8.20447 6.63314 17.5845 9.88401 89.5039 36.0729 8.75839 16.5188 6.07876 5.75404 5.67208
threshold=2.5338965654373173 2.5338965654373173 2.6600701808929448 0.094236593693494811 0.34807498753070837 -1.392773389816284 -1.0282732248306272 2.9165633916854863 -1.2862774133682249 0.73307579755783092 2.6439664363861088
decision_type=10 8 8 10 10 8 10 10 2 2 2
left_child=1 8 10 6 5 -5 7 -4 -1 -10 -3
right_child=-2 2 3 4 -6 -7 -8 -9 9 -11 -12
leaf_value=-2.1710056865095295e-05 -4.6858833871659871e-05 7.6268661874983161e-05 0.009507476856224285 0.014126284921002621 0.00029752564566818578 0.00026235237510770622 0.00017579716463388438 0.0011076458784178523 7.2831529035145809e-06 -8.9801716893879759e-06 0.0017094357164653686
leaf_weight=292353 99300 3831 6.9999999999999991 20 114 7.0000000000000027 204 33 2384444 793782 58
leaf_count=292353 99300 3831 7 20 114 7 204 33 2384444 793782 58
internal_value=3.43091e-08 1.37461e-06 0.000207342 0.0012724 0.00237193 0.0107222 0.000625365 0.00282781 1.12066e-06 3.22103e-06 0.000101344
internal_weight=3.57415e+06 3.47485e+06 4274 385 141 27 244 40 3.47058e+06 3.17823e+06 3889
internal_count=3574153 3474853 4274 385 141 27 244 40 3470579 3178226 3889
is_linear=0
shrinkage=0.00523217


Tree=225
num_leaves=12
num_cat=0
split_feature=6 1 19 1 16 9 2 2 19 1 9
split_gain=14.0252 5.16161 4.42931 4.35243 10.1877 27.8745 3.46932 3.45948 8.18367 5.24703 3.64772
threshold=-1.4282628893852232 2.3022575378417973 -1.6931408643722532 -2.1404296159744258 -0.0031836626585572954 0.53858560323715221 -2.9894508123397823 2.2186276912689213 0.19769697636365893 -1.0032830238342283 0.49378876388072973
decision_type=2 2 8 2 2 10 8 10 8 2 10
left_child=1 3 6 4 -1 -6 -2 -4 -9 10 -10
right_child=2 -3 7 -5 5 -7 -8 8 9 -11 -12
leaf_value=4.6265447644527239e-05 0.0005297664440763616 -9.1335129623078905e-05 2.1260863986630094e-06 -2.8205760372213376e-05 0.00097398325451848668 0.01096559841173993 8.16654071530107e-05 0.00035664275018061934 0.00047659905034826296 -4.7963891370475676e-05 -0.00030673096947393111
leaf_weight=172 491 41708 3308077 201469 49 7.9999999999999991 12713 2532 931 6206 195
leaf_count=172 491 41708 3308077 201469 49 8 12713 2532 931 6206 195
internal_value=-2.35273e-09 -3.8343e-05 2.79896e-06 -2.73806e-05 0.000691544 0.0025844 9.84351e-05 2.41809e-06 0.000100254 1.15605e-05 0.00034005
internal_weight=3.57455e+06 243406 3.33114e+06 201698 229 57 13204 3.31794e+06 9864 7332 1126
internal_count=3574551 243406 3331145 201698 229 57 13204 3317941 9864 7332 1126
is_linear=0
shrinkage=0.00523217


Tree=226
num_leaves=12
num_cat=0
split_feature=6 18 11 19 6 18 20 20 18 16 16
split_gain=13.8709 6.36164 4.37594 4.4086 3.89506 3.34548 3.47698 2.9651 2.92525 3.51741 4.50381
threshold=-1.4282628893852232 -1.2158750295639036 1.4514055848121645 -1.5669386386871336 -2.8905054330825801 0.176400862634182 0.94982931017875682 1.4992373585700991 2.7396554946899419 -0.0031836626585572954 0.0094234794378280657
decision_type=2 2 8 8 2 2 8 10 2 2 2
left_child=4 7 3 -3 -1 -5 -7 -2 -4 -10 -11
right_child=1 2 8 5 -6 6 -8 -9 9 10 -12
leaf_value=-7.0263388259066012e-05 -2.1542810096297564e-05 7.9161992729153314e-05 2.5742246211820702e-05 7.8439875624445434e-06 -2.4483016594444066e-05 -3.4264245151806777e-08 -2.5151661456126014e-05 6.2299075131517579e-05 -5.3970373471371769e-05 0.00075514912932649991 -1.4001580456608191e-05
leaf_weight=72515 329500 20875 226744 1565970 170830 996627 177802 11961 584 555 330
leaf_count=72515 329500 20875 226744 1565970 170830 996627 177802 11961 584 555 330
internal_value=4.84633e-09 2.79098e-06 5.23493e-06 3.41475e-06 -3.81288e-05 2.83742e-06 -3.8376e-06 -1.86034e-05 2.72547e-05 0.00025995 0.000467805
internal_weight=3.57429e+06 3.33095e+06 2.98949e+06 2.76127e+06 243345 2.7404e+06 1.17443e+06 341461 228213 1469 885
internal_count=3574293 3330948 2989487 2761274 243345 2740399 1174429 341461 228213 1469 885
is_linear=0
shrinkage=0.00523217


Tree=227
num_leaves=12
num_cat=0
split_feature=6 23 12 3 22 23 5 3 15 7 16
split_gain=13.7185 5.13557 4.54646 4.39272 4.27244 4.0138 3.79959 3.52462 3.4859 3.36998 23.1607
threshold=-1.4282628893852232 -1.6498159766197202 1.4582876563072207 -1.6655727624893186 2.1977837085723881 -1.6498159766197202 1.536770284175873 0.52062723040580761 0.21284873783588412 -2.6268898248672481 -0.69770368933677662
decision_type=2 10 8 10 10 10 8 10 2 10 2
left_child=5 3 8 4 -2 -1 -7 -4 -3 10 -9
right_child=1 2 7 -5 -6 6 -8 9 -10 -11 -12
leaf_value=0.00020835312082655887 0.00025843153333698861 -2.4449146125563975e-06 1.688596227384687e-05 5.8513880636458437e-05 0.0015534117030471463 -2.7187967922812609e-05 -7.4036367927249411e-05 0.0078207866627322507 8.8149208365169559e-06 0.00010682017203881476 0.00024860922390000808
leaf_weight=1796 2418 2096787 25839 14610 71 176709 64816 10.999999999999998 1174137 17197 124
leaf_count=1796 2418 2096787 25839 14610 71 176709 64816 11 1174137 17197 124
internal_value=-2.11507e-09 2.7679e-06 2.301e-06 9.32086e-05 0.000296414 -3.79282e-05 -3.97639e-05 5.56435e-05 1.59669e-06 0.000113373 0.000934024
internal_weight=3.57452e+06 3.33119e+06 3.3141e+06 17099 2489 243321 241525 43171 3.27092e+06 17332 135
internal_count=3574515 3331194 3314095 17099 2489 243321 241525 43171 3270924 17332 135
is_linear=0
shrinkage=0.00523217


Tree=228
num_leaves=12
num_cat=0
split_feature=0 0 0 6 6 1 16 22 8 14 1
split_gain=15.2641 5.0339 4.61782 3.6666 3.40948 3.78934 13.4173 18.1971 2.39604 3.30193 2.21175
threshold=-2.8075786828994747 -5.3042252063751212 0.49488061666488653 -0.88526099920272816 -0.73394539952278126 -2.1404296159744258 -0.0031836626585572954 0.3211518675088883 -0.21678195893764493 -2.2794271707534786 -0.42436051368713373
decision_type=2 2 2 2 2 2 2 10 8 2 2
left_child=1 -1 4 -3 5 6 -2 -8 -7 -10 -6
right_child=2 3 -4 -5 10 8 7 -9 9 -11 -12
leaf_value=-0.00016181440320315921 -8.8547161260152046e-05 -7.364699768655607e-05 1.1572042262479808e-05 1.6054852882195136e-06 -9.5206776168468503e-06 -2.3618225700675597e-05 0.0011216132108018038 0.0073563994543368264 0.0014547729693390014 7.4665097090784962e-06 3.4364580723184242e-06
leaf_weight=12802 230 57074 957829 25679 459318 300561 67 14.999999999999998 42 82273 1678684
leaf_count=12802 230 57074 957829 25679 459318 300561 67 15 42 82273 1678684
internal_value=1.39745e-11 -6.52383e-05 1.79211e-06 -5.02861e-05 -1.92309e-06 -1.62953e-05 0.000558922 0.0023601 -1.67678e-05 8.23561e-06 6.5243e-07
internal_weight=3.57457e+06 95555 3.47902e+06 82753 2.52119e+06 383188 312 82 382876 82315 2.138e+06
internal_count=3574574 95555 3479019 82753 2521190 383188 312 82 382876 82315 2138002
is_linear=0
shrinkage=0.00523217


Tree=229
num_leaves=12
num_cat=0
split_feature=6 23 2 6 12 3 3 10 12 6 23
split_gain=13.5428 6.5268 4.68782 4.6212 5.00179 4.0259 3.70814 3.47358 3.00873 2.92721 2.84653
threshold=-2.4560091495513912 -1.6498159766197202 2.2186276912689213 -0.73394539952278126 1.5502182841300967 1.4388955831527712 0.41773562133312231 0.20329132676124576 -2.8687776327133174 -0.056440593674778931 1.1181608438491824
decision_type=2 10 10 2 10 8 10 8 10 2 8
left_child=10 2 9 5 -5 7 -6 -3 -4 -2 -1
right_child=1 3 8 4 6 -7 -8 -9 -10 -11 -12
leaf_value=-7.4568818931815747e-05 0.00018848569641003666 1.3269462632835884e-05 -0.00022607340794400995 2.7481359403538653e-06 2.3420442477618703e-05 0.00019614488332455758 0.0001529557096438174 -2.5553609090432802e-05 0.00054277928914709696 3.5841608264264713e-05 -8.2525463909348433e-06
leaf_weight=78513 4815 79988 161 3049412 14623 2432 10340 298218 949 12099 22920
leaf_count=78513 4815 79988 161 3049412 14623 2432 10340 298218 949 12099 22920
internal_value=4.55988e-10 1.74116e-06 0.000101045 1.22285e-06 3.35224e-06 -1.59739e-05 7.71125e-05 -1.73407e-05 0.000430416 7.93532e-05 -5.95921e-05
internal_weight=3.57447e+06 3.47304e+06 18024 3.45501e+06 3.07438e+06 380638 24963 378206 1110 16914 101433
internal_count=3574470 3473037 18024 3455013 3074375 380638 24963 378206 1110 16914 101433
is_linear=0
shrinkage=0.00523217


Tree=230
num_leaves=12
num_cat=0
split_feature=23 11 7 22 7 22 3 19 15 15 3
split_gain=7.49913 11.8706 25.8613 53.8701 65.2643 15.2385 6.58554 5.15364 5.10075 3.05046 2.89578
threshold=-1.6498159766197202 3.6227375268936162 1.4586503505706789 -0.038775237277150147 2.3875048160552983 0.3211518675088883 -2.5942879915237422 -1.6931408643722532 0.21284873783588412 0.11376779899001123 -2.9232525825500484
decision_type=10 8 8 10 10 10 8 10 2 2 10
left_child=1 -1 -3 9 5 -5 -2 -8 -9 -4 -6
right_child=6 2 3 4 10 -7 7 8 -10 -11 -12
leaf_value=8.6129779244607102e-05 -4.5866182176963427e-05 0.00018714719884211639 0.0020399342342071612 0.0087841145415871562 0.003492566082842707 0.022350157765653651 0.00010002372792851773 -4.4534037109064334e-06 8.9159127715866096e-06 -0.00028646161236679969 -0.00078359506677220191
leaf_weight=18585 85660 247 24 7 7.0000000000000009 7 14205 2262124 1193357 38 7.9999999999999991
leaf_count=18585 85660 247 24 7 7 7 14205 2262124 1193357 38 8
internal_value=6.62266e-09 0.000103885 0.00107411 0.00343961 0.00917516 0.016832 -5.46071e-07 5.72581e-07 1.63484e-07 0.000622682 0.00127166
internal_weight=3.57427e+06 18923 338 91 29 14 3.55535e+06 3.46969e+06 3.45548e+06 62 15
internal_count=3574269 18923 338 91 29 14 3555346 3469686 3455481 62 15
is_linear=0
shrinkage=0.00523217


Tree=231
num_leaves=12
num_cat=0
split_feature=1 9 5 11 12 21 1 12 21 9 23
split_gain=13.4767 6.11919 5.68963 14.632 6.74078 23.2156 58.4975 7.10979 13.7967 4.77098 4.14372
threshold=1.5351145267486574 0.40492063760757452 inf 2.6600701808929448 -2.2809122800827022 1.0000000180025095e-35 -2.0169777870178218 -0.35147278010845179 0.37913183867931372 0.40492063760757452 -1.2720286846160886
decision_type=2 10 8 10 10 2 2 10 2 10 10
left_child=2 10 -1 -4 5 -5 -7 9 -9 -6 -2
right_child=1 -3 3 4 7 6 -8 8 -10 -11 -12
leaf_value=2.6126917526600171e-06 0.00013274814489243035 -7.3576127565457263e-05 9.674598824582031e-05 -0.00017676353172416587 0.00094800438810708999 0.014286583835560014 0.0015675093136973996 -0.00034466037549508175 0.0089191166953610634 -0.0006058648371214954 -2.3194186347579967e-05
leaf_weight=3310787 4792 82313 3877 53 189 11.999999999999998 42 8.9999999999999982 6.9999999999999991 74 172354
leaf_count=3310787 4792 82313 3877 53 189 12 42 9 7 74 172354
internal_value=1.65074e-08 -3.62973e-05 2.85894e-06 0.000193859 0.00116391 0.00227798 0.004654 0.000725981 0.00399625 0.000506999 -1.89704e-05
internal_weight=3.57451e+06 259459 3.31505e+06 4263 386 107 54 279 16 263 177146
internal_count=3574509 259459 3315050 4263 386 107 54 279 16 263 177146
is_linear=0
shrinkage=0.00523217


Tree=232
num_leaves=12
num_cat=0
split_feature=6 23 13 19 13 9 3 12 14 9 5
split_gain=13.2077 5.71663 4.90098 4.62495 4.64176 3.96541 3.9038 3.59843 3.42022 3.583 3.4185
threshold=-1.7362686395645139 -1.6498159766197202 1.6363388299942019 -1.6931408643722532 0.94808888435363781 0.49378876388072973 0.70200651884078991 1.3304923176765444 -2.2794271707534786 -0.0054168582428246728 1.536770284175873
decision_type=2 10 10 10 10 10 8 8 2 10 10
left_child=10 2 -2 7 -5 8 -6 -3 9 -4 -1
right_child=1 3 5 4 6 -7 -8 -9 -10 -11 -12
leaf_value=-2.8597059487320178e-05 6.2097614159083831e-05 5.6202809414732221e-05 4.8525563941255138e-05 4.0505175491319657e-06 -2.0464420847905769e-05 -0.00011872143496234598 1.648450630194662e-05 0.00027200276174636366 0.00025280471400519788 0.00092668564078190162 -7.8101316747716912e-05
leaf_weight=130731 15144 10555 170 2860715 401085 454 97237 2650 1198 530 54001
leaf_count=130731 15144 10555 170 2860715 401085 454 97237 2650 1198 530 54001
internal_value=9.25455e-09 2.35737e-06 9.6687e-05 1.8677e-06 1.48325e-06 0.000318916 -1.3253e-05 9.95912e-05 0.00042403 0.000715005 -4.30729e-05
internal_weight=3.57447e+06 3.38974e+06 17496 3.37224e+06 3.35904e+06 2352 498322 13205 1898 700 184732
internal_count=3574470 3389738 17496 3372242 3359037 2352 498322 13205 1898 700 184732
is_linear=0
shrinkage=0.00523217


Tree=233
num_leaves=12
num_cat=0
split_feature=1 23 11 15 8 22 6 18 11 17 6
split_gain=13.286 6.79266 12.2022 11.9345 15.741 22.4539 6.04973 6.15947 3.42994 3.1213 3.06963
threshold=2.2130547761917119 -1.6498159766197202 3.6227375268936162 0.13101903349161151 -1.0737566351890562 0.61697039008140575 -1.1145261526107786 -1.30484402179718 1.4514055848121645 0.40025636553764349 -0.056440593674778931
decision_type=2 10 8 2 10 10 2 2 10 2 2
left_child=1 2 10 4 5 -4 -3 -8 -9 -2 -1
right_child=9 6 3 -5 -6 -7 7 8 -10 -11 -12
leaf_value=0.00018843209039637744 -2.9196748168352683e-05 -2.2672402734338861e-05 0.0049742147734348381 -0.00018961661816674371 0.00046954973654547564 -0.00045718869383284217 -2.1103761863034703e-05 3.5951175274443105e-06 2.4879668848961171e-05 -9.4235186115267723e-05 3.8740559926536653e-05
leaf_weight=5383 35994 271740 69 122 108 29 265271 2712568 224430 46170 12426
leaf_count=5383 35994 271740 69 122 108 29 265271 2712568 224430 46170 12426
internal_value=9.23695e-09 1.55678e-06 0.000102546 0.00110093 0.00186584 0.00337257 1.02927e-06 3.04082e-06 5.22185e-06 -6.57541e-05 8.40414e-05
internal_weight=3.57431e+06 3.49215e+06 18137 328 206 98 3.47401e+06 3.20227e+06 2.937e+06 82164 17809
internal_count=3574310 3492146 18137 328 206 98 3474009 3202269 2936998 82164 17809
is_linear=0
shrinkage=0.00523217


Tree=234
num_leaves=12
num_cat=0
split_feature=5 18 5 11 17 8 18 20 17 4 10
split_gain=8.00469 6.10967 6.81959 16.1849 10.9028 20.3367 5.76715 6.1942 4.9771 5.15288 4.1784
threshold=2.5338965654373173 -1.2158750295639036 2.5338965654373173 3.6227375268936162 1.2778313755989077 -0.9474249780178069 0.73307579755783092 0.94982931017875682 2.6439664363861088 -2.1924159526824947 1.8063095808029177
decision_type=10 2 8 10 2 10 2 8 2 10 8
left_child=1 -1 6 8 10 -6 -3 -8 -4 -10 -5
right_child=-2 2 3 4 5 -7 7 -9 9 -11 -12
leaf_value=-1.9372362864567346e-05 -4.6239580981225228e-05 7.5969881751044674e-06 0.00011853133318142981 0.0017352863819476499 0.0051879945722799895 -0.0004007357281287231 -1.8711570909784912e-06 -3.9868656240143388e-05 0.0027214033900855132 -0.00047350931100596864 -0.0001716413477849642
leaf_weight=348679 99308 2328615 3634 56 49 27 650506 143336 39 20 68
leaf_count=348679 99308 2328615 3634 56 49 27 650506 143336 39 20 68
internal_value=7.72259e-08 1.4011e-06 3.7182e-06 0.000222539 0.00166814 0.00321639 3.44504e-06 -8.73304e-06 0.000143524 0.00163701 0.000691389
internal_weight=3.57434e+06 3.47503e+06 3.12635e+06 3893 200 76 3.12246e+06 793842 3693 59 124
internal_count=3574337 3475029 3126350 3893 200 76 3122457 793842 3693 59 124
is_linear=0
shrinkage=0.00523217


Tree=235
num_leaves=12
num_cat=0
split_feature=6 18 5 6 1 19 1 20 9 18 1
split_gain=13.0882 6.33904 5.61824 4.57787 5.95178 4.46319 4.38711 4.31503 4.08683 3.63859 3.62281
threshold=-1.7362686395645139 -1.2158750295639036 inf -0.056440593674778931 -1.6686760187149046 -1.6931408643722532 2.3022575378417973 2.388242363929749 0.088203363120555892 0.176400862634182 -2.1404296159744258
decision_type=2 2 8 2 2 10 2 10 10 2 2
left_child=6 -2 5 4 -4 -3 10 9 -6 -7 -1
right_child=1 2 3 -5 8 7 -8 -9 -10 -11 -12
leaf_value=0.000711261442535743 -1.8887818879520305e-05 0.00010607691635403408 0.00024662074385067319 5.5776137730056597e-05 0.0016608567253100278 1.0044631681083033e-05 -9.3463747202548691e-05 -3.7396797361682512e-05 0.00051921495306103314 -1.6897061894472503e-06 -3.092234787022814e-05
leaf_weight=179 345399 11802 1024 1946 158 1707000 37427 66971 196 1255259 147133
leaf_count=179 345399 11802 1024 1946 158 1707000 37427 66971 196 1255259 147133
internal_value=1.6244e-08 2.35375e-06 4.76399e-06 0.000219719 0.000450409 4.52868e-06 -4.28697e-05 4.13274e-06 0.00103485 5.07193e-06 -3.00094e-05
internal_weight=3.57449e+06 3.38976e+06 3.04436e+06 3324 1378 3.04103e+06 184739 3.02923e+06 354 2.96226e+06 147312
internal_count=3574494 3389755 3044356 3324 1378 3041032 184739 3029230 354 2962259 147312
is_linear=0
shrinkage=0.00523217


Tree=236
num_leaves=12
num_cat=0
split_feature=1 6 11 5 19 11 16 3 1 4 1
split_gain=12.9806 5.8908 3.95976 11.7589 4.01249 3.85352 5.84506 3.5482 3.09144 2.97949 2.61198
threshold=2.3022575378417973 -1.1145261526107786 1.4514055848121645 inf -1.4046249985694883 2.3633161783218388 -0.0031836626585572954 1.2130278348922732 0.63483083248138439 -0.52627933025360096 -2.1404296159744258
decision_type=2 2 8 8 8 10 2 10 2 10 2
left_child=1 7 4 -4 9 -5 -7 8 10 -3 -1
right_child=-2 2 3 5 -6 6 -8 -9 -10 -11 -12
leaf_value=0.00047659223897602643 -7.1360285224999063e-05 0.00012036241802992583 2.1681993250884753e-05 0.00037092800308550697 8.6583304810385086e-07 0.00023823622734884327 0.0018212916173354686 0.00013916159670655979 -3.5612635882227133e-05 2.6192679332434773e-05 1.7376616484015934e-07
leaf_weight=315 68437 11444 247542 342 2918068 106 166 3708 189576 47057 87758
leaf_count=315 68437 11444 247542 342 2918068 106 166 3708 189576 47057 87758
internal_value=3.88404e-09 1.39713e-06 3.40062e-06 2.34809e-05 1.72625e-06 0.000745997 0.00121101 -2.15626e-05 -2.37126e-05 4.463e-05 1.89321e-06
internal_weight=3.57452e+06 3.50608e+06 3.22472e+06 248156 2.97657e+06 614 272 281357 277649 58501 88073
internal_count=3574519 3506082 3224725 248156 2976569 614 272 281357 277649 58501 88073
is_linear=0
shrinkage=0.00523217


Tree=237
num_leaves=12
num_cat=0
split_feature=1 18 5 5 18 20 16 1 15 20 13
split_gain=12.893 5.87401 6.55186 4.71096 4.30615 4.13654 3.81369 8.18323 8.4433 5.44198 3.13042
threshold=1.5351145267486574 -1.2158750295639036 inf 1.3029211163520815 0.176400862634182 0.67175978422164928 -0.0031836626585572954 -1.0168489217758176 0.079187825322151198 3.0738145112991337 0.86990413069725048
decision_type=2 2 8 10 2 8 2 2 2 10 10
left_child=1 -1 4 -2 10 -6 -4 8 -8 -9 -3
right_child=3 2 6 -5 5 -7 7 9 -10 -11 -12
leaf_value=-1.7916856734679256e-05 -2.1405559431675435e-05 1.3238440318552355e-05 1.4572847662722536e-05 -7.0748811746347556e-05 2.1329019469201916e-06 -2.1884158321929523e-05 0.0027882328189017284 0.0014364219486604473 0.00027152342681225971 0.0061198753300717341 -6.6686212627807757e-06
leaf_weight=337420 185151 1450165 1520 74240 1026618 242725 36 26 2298 8.9999999999999982 254088
leaf_count=337420 185151 1450165 1520 74240 1026618 242725 36 26 2298 9 254088
internal_value=-7.29265e-09 2.77223e-06 5.11708e-06 -3.55314e-05 4.83607e-06 -2.45905e-06 0.000219705 0.00035091 0.000312077 0.00282352 1.027e-05
internal_weight=3.5743e+06 3.3149e+06 2.97748e+06 259391 2.9736e+06 1.26934e+06 3889 2369 2334 35 1.70425e+06
internal_count=3574296 3314905 2977485 259391 2973596 1269343 3889 2369 2334 35 1704253
is_linear=0
shrinkage=0.00523217


Tree=238
num_leaves=12
num_cat=0
split_feature=6 18 5 11 14 4 17 17 13 18 14
split_gain=12.7183 6.22186 5.5182 12.8644 7.70747 7.72245 7.21423 6.77562 5.37227 4.0691 3.82875
threshold=-2.4560091495513912 -1.2158750295639036 inf 2.501523613929749 -0.44939976930618281 -0.70946845412254322 1.2778313755989077 2.6439664363861088 0.92471164464950573 0.176400862634182 -1.7764344215393064
decision_type=2 2 8 10 2 10 2 2 10 2 2
left_child=-1 -2 8 7 6 -6 -5 -4 9 -3 -9
right_child=1 2 3 4 5 -7 -8 10 -10 -11 -12
leaf_value=-5.7744233154790947e-05 -1.9213975716287033e-05 1.2368469735999463e-05 8.1268126826525039e-05 0.00040566478868820749 0.006513331187502234 0.0015145752871874938 0.0023176430432285196 0.0036933289486896686 -1.1671231045981516e-05 -8.9542869996907606e-07 0.00049287733534563762
leaf_weight=101425 350294 1522548 3160 215 12.999999999999998 25 72 21 512928 1083754 21
leaf_count=101425 350294 1522548 3160 215 13 25 72 21 512928 1083754 21
internal_value=8.06486e-09 1.69488e-06 4.04059e-06 0.000210849 0.001201 0.00339007 0.00089565 0.000109693 3.8064e-06 6.85276e-06 0.002169
internal_weight=3.57448e+06 3.47305e+06 3.12276e+06 3527 325 38 287 3202 3.11923e+06 2.6063e+06 42
internal_count=3574476 3473051 3122757 3527 325 38 287 3202 3119230 2606302 42
is_linear=0
shrinkage=0.00523217


Tree=239
num_leaves=12
num_cat=0
split_feature=1 23 11 7 7 1 13 11 9 15 9
split_gain=12.8909 6.69912 11.8109 25.1552 31.7526 7.47673 4.88797 3.85498 3.33764 3.17538 3.15635
threshold=2.2130547761917119 -1.6498159766197202 3.6227375268936162 1.4586503505706789 1.5496119260787966 -2.0169777870178218 0.94808888435363781 1.3068087100982668 0.31191271543502813 -0.19039365649223325 -0.19181319326162335
decision_type=2 10 8 8 10 2 10 10 10 2 10
left_child=1 2 -1 -4 -5 -6 7 9 -2 -3 -11
right_child=8 6 3 4 5 -7 -8 -9 -10 10 -12
leaf_value=8.3584923772382337e-05 -3.3622851591832924e-05 -4.4871973760078569e-06 0.00018603113032733735 0.013316275218329168 0.0052126967753684172 0.0014757665635962544 -1.3834728667782061e-05 2.2035232723018379e-05 -0.00010050156416406189 1.7654402754040311e-05 1.3522455769406209e-06
leaf_weight=17817 43969 1233591 239 6.9999999999999991 19 64 516276 281380 38238 494997 947802
leaf_count=17817 43969 1233591 239 7 19 64 516276 281380 38238 494997 947802
internal_value=1.90814e-08 1.54382e-06 0.000101811 0.00108256 0.00342124 0.00240193 1.01983e-06 3.61295e-06 -6.47418e-05 1.67583e-06 6.94577e-06
internal_weight=3.5744e+06 3.49219e+06 18146 329 90 83 3.47405e+06 2.95777e+06 82207 2.67639e+06 1.4428e+06
internal_count=3574399 3492192 18146 329 90 83 3474046 2957770 82207 2676390 1442799
is_linear=0
shrinkage=0.00523217


Tree=240
num_leaves=12
num_cat=0
split_feature=0 6 3 0 0 3 1 17 1 17 1
split_gain=14.493 7.12888 4.75267 4.25153 3.29476 3.35054 3.51708 2.80021 2.78395 10.227 2.60774
threshold=-4.814875364303588 -1.1145261526107786 1.3189107179641726 -2.0317389965057369 0.65796944499015819 1.6068084836006167 0.24968536943197253 0.57961556315422069 -2.1404296159744258 2.4210273027420048 -0.35840891301631922
decision_type=2 2 10 2 2 8 2 2 2 2 2
left_child=7 2 3 -2 5 -3 -7 -1 9 -5 -6
right_child=1 4 -4 8 10 6 -8 -9 -10 -11 -12
leaf_value=-5.8310317659238766e-05 -6.1937608979541965e-05 3.4381339099173494e-07 0.00019293553129635395 0.00021992283479986284 1.7368166952431003e-05 2.2877551604264379e-05 0.0001912420179988517 -0.00016584357684897147 -1.5409684576100987e-05 0.0039897094044463203 -3.517359214720037e-05
leaf_weight=11539 67169 2671037 2757 296 527815 10515 5026 15678 235552 20 27181
leaf_count=11539 67169 2671037 2757 296 527815 10515 5026 15678 235552 20 27181
internal_value=-1.32882e-08 9.09323e-07 -2.32395e-05 -2.52097e-05 3.18766e-06 7.89829e-07 7.73891e-05 -0.000120287 -1.47468e-05 0.000475028 1.47934e-05
internal_weight=3.57458e+06 3.54737e+06 305794 303037 3.24157e+06 2.68658e+06 15541 27217 235868 316 554996
internal_count=3574585 3547368 305794 303037 3241574 2686578 15541 27217 235868 316 554996
is_linear=0
shrinkage=0.00523217


Tree=241
num_leaves=12
num_cat=0
split_feature=6 18 23 11 9 13 23 11 19 19 17
split_gain=12.4013 6.08846 5.10781 5.5906 8.57487 4.2916 3.6834 9.65199 8.60151 22.9498 8.85144
threshold=-1.4282628893852232 -1.2158750295639036 -1.6498159766197202 4.3383243083953866 1.6746570467948916 0.86990413069725048 -1.6498159766197202 3.3330680131912236 3.5377088785171513 3.260644912719727 0.8353995978832246
decision_type=2 2 10 8 8 10 10 10 10 10 2
left_child=6 -2 3 -3 -5 -4 7 -1 9 10 -9
right_child=1 2 5 4 -6 -7 -8 8 -10 -11 -12
leaf_value=9.8947082128621679e-05 -1.8327259070941734e-05 9.1535890270500722e-05 7.4501016399812933e-06 0.00080145792066858032 0.0060940480270675413 -8.9057081311085203e-06 -3.7838993358583852e-05 0.0043565614737780889 0.00029749941705185177 0.0095284597599660983 -0.00049740562542827614
leaf_weight=1679 341458 15059 2438843 115 7.9999999999999991 535589 241633 14.999999999999998 61 10.999999999999998 27
leaf_count=1679 341458 15059 2438843 115 8 535589 241633 15 61 11 27
internal_value=-3.14564e-08 2.60284e-06 4.99364e-06 0.000100718 0.00120689 4.50473e-06 -3.60826e-05 0.000200041 0.00166569 0.00318474 0.00128935
internal_weight=3.5745e+06 3.33107e+06 2.98961e+06 15182 123 2.97443e+06 243426 1793 114 53 42
internal_count=3574498 3331072 2989614 15182 123 2974432 243426 1793 114 53 42
is_linear=0
shrinkage=0.00523217


Tree=242
num_leaves=12
num_cat=0
split_feature=1 5 17 21 1 3 17 3 1 21 17
split_gain=12.4368 5.66063 7.56511 16.259 4.56096 4.53049 3.22555 3.04447 3.25701 3.36131 2.75669
threshold=2.3022575378417973 inf 2.6439664363861088 0.18622127920389178 1.3380197882652285 1.3189107179641726 0.45307703316211706 -1.2945810556411741 -1.6686760187149046 0.5616954267024995 0.40025636553764349
decision_type=2 8 2 2 2 10 2 10 2 2 2
left_child=1 4 7 -4 -1 6 -6 8 9 -3 -2
right_child=10 2 3 -5 5 -7 -8 -9 -10 -11 -12
leaf_value=2.8694780515414945e-06 -3.147371979797108e-05 0.00029930731036561549 0.006893011403013136 0.000637273601851379 -6.4623770226570943e-06 0.00015551896724947149 -4.3000406973868405e-05 -7.1953606773189291e-05 0.00059221445139329685 -0.00010831426016840293 -9.8631049124953981e-05
leaf_weight=3226546 29326 1646 12.999999999999998 61 156635 3996 114564 1112 602 830 39104
leaf_count=3226546 29326 1646 13 61 156635 3996 114564 1112 602 830 39104
internal_value=-5.64597e-09 1.35762e-06 0.000191853 0.00183803 1.12537e-06 -1.93206e-05 -2.19004e-05 0.000162078 0.000246883 0.000162354 -6.98632e-05
internal_weight=3.57444e+06 3.506e+06 4264 74 3.50174e+06 275195 271199 4190 3078 2476 68430
internal_count=3574435 3506005 4264 74 3501741 275195 271199 4190 3078 2476 68430
is_linear=0
shrinkage=0.00523217


Tree=243
num_leaves=12
num_cat=0
split_feature=0 5 13 7 3 15 3 1 13 21 15
split_gain=14.0286 5.57124 5.23161 5.81098 5.23568 3.96433 3.9319 5.94214 6.87299 6.00681 4.92814
threshold=-3.8297237157821651 inf 0.86990413069725048 inf 0.65600886940956127 -0.2199435159564018 -1.2945810556411741 -1.0168489217758176 2.3967182636260991 0.92963621020317089 0.051689762622118003
decision_type=2 8 10 8 8 2 10 2 10 2 2
left_child=-1 2 3 5 -4 -2 7 10 -9 -10 -3
right_child=1 6 4 -5 -6 -7 -8 8 9 -11 -12
leaf_value=-8.2836170606784265e-05 -2.8972983484491986e-06 0.0018088917584257879 -2.0368158686340315e-05 0.0036177742337291886 1.6682576955746481e-05 9.4597966044431816e-06 -7.6166142735635095e-05 0.00061152035519268543 0.0081094990226731039 0.0013393592141587578 0.00022834611774692325
leaf_weight=55112 1267894 54 497889 10.999999999999998 132091 1617096 1114 30 6.9999999999999991 7.9999999999999991 3048
leaf_count=55112 1267894 54 497889 11 132091 1617096 1114 30 7 8 3048
internal_value=-6.13808e-09 1.2908e-06 1.06133e-06 4.04437e-06 -1.25983e-05 4.02883e-06 0.000190343 0.000284932 0.00215072 0.00490996 0.000256798
internal_weight=3.57435e+06 3.51924e+06 3.51498e+06 2.885e+06 629980 2.88499e+06 4261 3147 45 15 3102
internal_count=3574354 3519242 3514981 2885001 629980 2884990 4261 3147 45 15 3102
is_linear=0
shrinkage=0.00523217


Tree=244
num_leaves=12
num_cat=0
split_feature=1 23 18 18 20 3 24 4 4 19 18
split_gain=12.2805 6.34889 5.63745 5.2669 5.68992 4.90384 4.98177 5.66374 13.216 3.073 3.04374
threshold=2.3022575378417973 -1.6498159766197202 -1.2862774133682249 0.27306458353996282 0.94982931017875682 -2.7518167495727535 -0.6544455587863921 -1.0589429736137388 -1.5031113624572752 -1.6931408643722532 -2.2969599962234493
decision_type=2 10 2 2 8 10 8 10 8 8 2
left_child=1 5 10 9 -5 6 -1 8 -8 -4 -3
right_child=-2 2 3 4 -6 -7 7 -9 -10 -11 -12
leaf_value=0.00013381421079449295 -6.941496869908851e-05 5.4900286098912091e-05 0.00012155456192602124 -4.2729666337925978e-07 -3.0012902960604484e-05 7.3893550178627407e-05 0.00060640387867844829 0.0002724258413199946 0.0032048285102684957 7.9208263554352602e-06 -2.4892541014354737e-05
leaf_weight=826 68436 13725 6537 1054031 214115 16821 200 304 73 1920500 278686
leaf_count=826 68436 13725 6537 1054031 214115 16821 200 304 73 1920500 278686
internal_value=-9.85711e-10 1.35382e-06 8.44595e-07 2.8572e-06 -5.42322e-06 9.87551e-05 0.000395943 0.000768761 0.00131497 8.30679e-06 -2.11443e-05
internal_weight=3.57425e+06 3.50582e+06 3.48759e+06 3.19518e+06 1.26815e+06 18224 1403 577 273 1.92704e+06 292411
internal_count=3574254 3505818 3487594 3195183 1268146 18224 1403 577 273 1927037 292411
is_linear=0
shrinkage=0.00523217


Tree=245
num_leaves=12
num_cat=0
split_feature=6 5 13 7 6 3 20 22 10 16 17
split_gain=12.3288 4.6775 4.75364 5.54714 4.55177 4.50816 3.72409 3.15422 3.13442 2.82868 3.37371
threshold=-2.4560091495513912 inf 0.92471164464950573 inf -0.056440593674778931 1.0526472330093386 2.1599357128143315 -0.74308964610099781 inf -0.0031836626585572954 1.9968670606613161
decision_type=2 8 10 8 2 8 10 8 8 2 2
left_child=-1 2 3 -2 6 7 -3 -4 -9 -8 -11
right_child=1 4 5 -5 -6 -7 9 8 -10 10 -12
leaf_value=-5.6854224281947928e-05 4.1106086979962071e-06 -5.8592775625106047e-06 -4.490729710659865e-05 0.0035348670867740091 3.4017083749735184e-05 4.1578611869500922e-05 0.00012049905390612108 -1.0941320789695919e-05 0.0011732899165698076 0.00059779777323372136 0.0017006589364615848
leaf_weight=101422 2918294 446 89898 10.999999999999998 2312 39011 305 421901 60 755 85
leaf_count=101422 2918294 446 89898 11 2312 39011 305 421901 60 755 85
internal_value=7.61977e-09 1.66837e-06 1.46444e-06 4.12562e-06 0.00018267 -1.26321e-05 0.000398 -1.67653e-05 -1.07677e-05 0.000555855 0.000712584
internal_weight=3.5745e+06 3.47308e+06 3.46918e+06 2.9183e+06 3903 550870 1591 511859 421961 1145 840
internal_count=3574500 3473078 3469175 2918305 3903 550870 1591 511859 421961 1145 840
is_linear=0
shrinkage=0.00523217


Tree=246
num_leaves=12
num_cat=0
split_feature=0 5 11 15 2 2 11 0 19 2 5
split_gain=13.9383 5.44477 16.3444 15.0368 25.1505 106.645 8.90521 5.51173 6.49548 6.06217 5.1078
threshold=-4.814875364303588 inf 2.6600701808929448 0.13101903349161151 1.5392579436302187 1.4424449205398562 4.3383243083953866 0.34934721887111669 -1.3400400280952451 1.625470042228699 1.4360482692718508
decision_type=2 8 10 2 10 10 10 2 10 8 10
left_child=-1 7 -3 4 5 -4 -6 8 9 -2 -10
right_child=1 2 3 -5 6 -7 -8 -9 10 -11 -12
leaf_value=-0.00011782882532996042 4.1050670100373128e-05 8.5758445001052759e-05 0.0022564161104440526 -8.898714041156121e-05 -0.00033007205340576711 0.021121458051231858 0.0023397636122427495 8.751755134406087e-06 -3.3415348305998599e-06 0.00035198997938527745 -3.0601277147251336e-05
leaf_weight=27256 54556 3881 83 147 91 7.9999999999999991 53 1408172 1869226 1772 209250
leaf_count=27256 54556 3881 83 147 91 8 53 1408172 1869226 1772 209250
internal_value=3.56399e-08 9.41543e-07 0.000187792 0.00121886 0.00203672 0.00417315 0.000658092 7.1643e-07 -4.5835e-06 5.08538e-05 -6.0863e-06
internal_weight=3.5745e+06 3.54724e+06 4263 382 235 91 144 3.54298e+06 2.1348e+06 56328 2.07848e+06
internal_count=3574495 3547239 4263 382 235 91 144 3542976 2134804 56328 2078476
is_linear=0
shrinkage=0.00523217


Tree=247
num_leaves=12
num_cat=0
split_feature=0 6 23 2 1 15 23 0 0 1 20
split_gain=13.5978 6.79272 4.32456 4.58982 7.02576 10.2619 3.88757 3.6925 3.36525 2.60442 2.53853
threshold=-4.814875364303588 -1.1145261526107786 -1.6498159766197202 2.2186276912689213 -1.6686760187149046 0.12197754532098772 -1.3779614567756651 -1.7710608243942259 0.65796944499015819 -0.35840891301631922 2.8556481599807744
decision_type=2 2 10 10 2 2 10 2 2 2 8
left_child=-1 6 3 10 -5 -6 -2 -8 -4 -10 -3
right_child=1 2 8 4 5 -7 7 -9 9 -11 -12
leaf_value=-0.000116496831571758 0.00013757368539805276 4.7164756923549037e-05 2.5195964909223838e-07 9.3312763262373623e-05 0.00038100722691036771 0.0023085713259521487 -5.5774765254691475e-05 -1.4011848260272027e-05 1.7012097464763452e-05 -3.5565633747479004e-05 0.00029827077415138428
leaf_weight=27219 4086 14453 2671868 571 222 115 78300 223404 525847 27111 1194
leaf_count=27219 4086 14453 2671868 571 222 115 78300 223404 525847 27111 1194
internal_value=-7.64347e-10 8.92973e-07 3.11706e-06 8.74639e-05 0.000449026 0.00104693 -2.26797e-05 -2.48532e-05 2.68378e-06 1.44327e-05 6.63987e-05
internal_weight=3.57439e+06 3.54717e+06 3.24138e+06 16555 908 337 305790 301704 3.22483e+06 552958 15647
internal_count=3574390 3547171 3241381 16555 908 337 305790 301704 3224826 552958 15647
is_linear=0
shrinkage=0.00523217


Tree=248
num_leaves=12
num_cat=0
split_feature=5 23 18 18 2 18 17 21 12 18 17
split_gain=7.5449 5.85299 5.5426 4.93585 5.58609 4.85926 7.35565 17.8208 23.8816 2.92543 2.75622
threshold=2.2531644105911259 -1.6498159766197202 -1.2321152687072752 0.74712640047073375 0.10404193773865701 2.7396554946899419 2.4210273027420048 0.18622127920389178 -3.3152588605880733 -2.2969599962234493 0.60303437709808361
decision_type=10 10 2 2 10 2 2 2 10 2 2
left_child=1 5 9 4 -4 -1 -7 8 -8 -3 -2
right_child=10 2 3 -5 -6 6 7 -9 -10 -11 -12
leaf_value=5.679012005555655e-05 -1.9416238629956881e-05 5.5669295792805754e-05 1.4490061953188898e-05 -8.3450326197203952e-06 -1.7524362879514327e-06 0.00023645602990043959 -0.0011641352801844175 0.00053120602974604623 0.0099043485051159823 -2.2561691800144479e-05 -6.8942692658140973e-05
leaf_weight=15091 76172 13641 1250388 766428 1080434 2925 8.0000000000000018 86 12.999999999999998 317786 51672
leaf_count=15091 76172 13641 1250388 766428 1080434 2925 8 86 13 317786 51672
internal_value=2.83604e-08 1.49253e-06 9.96586e-07 3.17292e-06 6.96064e-06 9.52701e-05 0.000286433 0.00162768 0.00581423 -1.93392e-05 -3.94406e-05
internal_weight=3.57464e+06 3.4468e+06 3.42868e+06 3.09725e+06 2.33082e+06 18123 3032 107 21 331427 127844
internal_count=3574644 3446800 3428677 3097250 2330822 18123 3032 107 21 331427 127844
is_linear=0
shrinkage=0.00523217


Tree=249
num_leaves=12
num_cat=0
split_feature=0 5 13 7 3 16 1 12 1 9 12
split_gain=13.4703 4.93576 5.05151 5.72881 5.17622 4.68101 7.37564 5.48585 5.06467 23.3417 4.57273
threshold=-3.8297237157821651 inf 0.86990413069725048 inf 0.65600886940956127 -0.0031836626585572954 -1.0168489217758176 -1.2322008013725279 -2.1404296159744258 0.53858560323715221 1.2882848381996157
decision_type=2 8 10 8 8 2 2 10 2 10 10
left_child=-1 2 3 -2 -4 -3 8 -8 9 -7 -6
right_child=1 5 4 -5 10 6 7 -9 -10 -11 -12
leaf_value=-8.1183913227656553e-05 3.9298850462301147e-06 -1.4629337444929431e-05 -2.0133353154412545e-05 0.0035920336969577533 1.1350884767229933e-05 0.00057486257000855586 0.0052233797056185196 0.00099640519089490742 0.0002095774167727277 0.0070783531103383616 0.00019375350000828216
leaf_weight=55142 2884869 1890 497885 10.999999999999998 128150 242 12.999999999999998 24 2076 14.999999999999998 3876
leaf_count=55142 2884869 1890 497885 11 128150 242 13 24 2076 15 3876
internal_value=-4.11984e-08 1.23007e-06 1.01409e-06 3.94532e-06 -1.24091e-05 0.000179195 0.000334032 0.00261832 0.000296153 0.000988222 1.67136e-05
internal_weight=3.57419e+06 3.51905e+06 3.51479e+06 2.88488e+06 629911 4260 2370 37 2333 257 132026
internal_count=3574193 3519051 3514791 2884880 629911 4260 2370 37 2333 257 132026
is_linear=0
shrinkage=0.00523217


Tree=250
num_leaves=12
num_cat=0
split_feature=6 1 11 11 5 11 12 7 7 12 12
split_gain=11.9442 5.38553 23.0204 4.69891 12.1426 5.27224 7.12732 46.8274 4.66579 4.54405 4.46205
threshold=-2.4560091495513912 -2.1404296159744258 3.953612327575684 1.4514055848121645 inf 2.501523613929749 -3.3152588605880733 1.8860975503921511 -0.78782364726066578 1.4582876563072207 -0.35147278010845179
decision_type=2 2 10 8 8 10 10 10 10 8 10
left_child=1 2 -1 9 -5 8 7 -7 -6 -2 -8
right_child=3 -3 -4 4 5 6 10 -9 -10 -11 -12
leaf_value=0.00030023000629537824 -8.2602743589531658e-07 -5.7270492117413327e-05 0.0082081817274367603 2.0800791412979443e-05 0.0040105901805341463 -0.00041579842476326167 0.00074872170784166152 0.014283405115308108 0.00023557167849523359 5.4452858730013469e-05 0.0033218670461687976
leaf_weight=106 3165201 101292 9.9999999999999982 265822 7.9999999999999991 21.000000000000004 279 6.9999999999999991 468 41238 19
leaf_count=106 3165201 101292 10 265822 8 21 279 7 468 41238 19
internal_value=5.33316e-09 -5.59667e-05 0.00106472 1.63988e-06 2.27449e-05 0.000665135 0.00117753 0.00366117 0.000310478 -1.14816e-07 0.000927941
internal_weight=3.57447e+06 101408 116 3.47306e+06 266624 802 326 28 476 3.20644e+06 298
internal_count=3574471 101408 116 3473063 266624 802 326 28 476 3206439 298
is_linear=0
shrinkage=0.00523217


Tree=251
num_leaves=12
num_cat=0
split_feature=6 11 5 11 7 22 8 8 20 6 8
split_gain=11.7148 4.54988 13.6352 3.79071 9.31594 18.2844 5.05922 5.02453 8.50082 3.70882 3.92022
threshold=-2.4560091495513912 1.6316003203392031 inf 3.3330680131912236 1.8860975503921511 -0.14763293415307996 -2.0425819158554073 0.059582259505987174 3.7034974098205571 -0.73394539952278126 -0.18427962809801099
decision_type=2 8 8 10 10 10 10 10 10 2 8
left_child=-1 9 -3 7 6 -6 -5 -4 -9 10 -2
right_child=1 2 3 4 5 -7 -8 8 -10 -11 -12
leaf_value=-5.5455062483517855e-05 -2.4804554477573497e-05 2.2075459141488787e-05 0.00028375780646160332 -0.00042785513893683886 0.00027122615271917081 0.0062861916644324787 0.0016877826124775969 0.00068935819411384918 0.0045772752047514801 1.9699147498733587e-06 1.7868942531813179e-05
leaf_weight=101445 282591 225709 396 62 29 26 59 61 20 2889257 74438
leaf_count=101445 282591 225709 396 62 29 26 59 61 20 2889257 74438
internal_value=-3.33327e-08 1.58547e-06 2.42654e-05 0.000778585 0.00143582 0.00320139 0.000603511 0.000531453 0.00171114 3.74847e-09 -1.59052e-05
internal_weight=3.57409e+06 3.47265e+06 226362 653 176 55 121 477 81 3.24629e+06 357029
internal_count=3574093 3472648 226362 653 176 55 121 477 81 3246286 357029
is_linear=0
shrinkage=0.00523217


Tree=252
num_leaves=12
num_cat=0
split_feature=6 2 15 15 10 17 13 15 20 2 9
split_gain=11.5982 3.89371 8.27004 5.32878 11.147 5.22511 3.97163 3.75098 5.35912 3.31882 3.13483
threshold=-1.7362686395645139 2.2186276912689213 0.14826669543981555 0.12197754532098772 2.0531895160675053 2.1649115085601811 0.92471164464950573 -0.2199435159564018 -0.39230161905288691 -0.1327225640416145 -0.1227985732257366
decision_type=2 10 2 2 8 2 8 2 10 10 10
left_child=-1 6 3 -3 -5 -6 7 -2 10 -10 -9
right_child=1 2 -4 4 5 -7 -8 8 9 -11 -12
leaf_value=-4.0368905146325835e-05 -2.5407368303915381e-06 0.00021576567133207663 -1.8875581207134146e-05 5.0606538722810388e-07 0.0013482131264015049 0.003787310188536357 -1.1353786918151935e-05 1.1995203599909538e-05 3.1504494725393114e-05 9.5266954395226531e-06 -8.1183416505768743e-06
leaf_weight=184663 1236125 4011 6407 216 177 28 523550 376010 351073 405489 486694
leaf_count=184663 1236125 4011 6407 216 177 28 523550 376010 351073 405489 486694
internal_value=1.09983e-08 2.211e-06 0.000101216 0.000274963 0.000834865 0.00170506 1.89314e-06 4.32231e-06 9.56196e-06 1.97263e-05 6.47231e-07
internal_weight=3.57444e+06 3.38978e+06 10839 4432 421 205 3.37894e+06 2.85539e+06 1.61927e+06 756562 862704
internal_count=3574443 3389780 10839 4432 421 205 3378941 2855391 1619266 756562 862704
is_linear=0
shrinkage=0.00523217


Tree=253
num_leaves=12
num_cat=0
split_feature=6 12 9 3 3 13 7 16 12 3 13
split_gain=11.4352 4.62075 3.60085 3.9749 3.3262 3.26111 3.1641 23.0643 3.37106 2.75953 2.43475
threshold=-1.4282628893852232 1.4582876563072207 0.40492063760757452 1.3738729357719424 0.52062723040580761 0.86990413069725048 -2.6268898248672481 -0.69770368933677662 1.7332157492637636 0.3738850355148316 -1.422984182834625
decision_type=2 8 10 10 10 8 10 2 10 8 10
left_child=2 5 3 -1 -3 10 7 -6 -8 -7 -2
right_child=1 4 -4 -5 6 9 8 -9 -10 -11 -12
leaf_value=-2.3591265538650067e-05 -9.6072071805689498e-06 1.8417975490139959e-05 -6.5184128833969593e-05 0.00026766540449880543 0.0077777503585550094 -1.8091975364716951e-05 6.157705830953134e-05 0.00022992971545015507 0.00022666742572160668 5.8976959454570034e-06 5.9751967322178454e-06
leaf_weight=168390 309831 25965 73687 1291 10.999999999999998 368464 12807 127 4614 203842 2405371
leaf_count=168390 309831 25965 73687 1291 11 368464 12807 127 4614 203842 2405371
internal_value=-1.58945e-08 2.51345e-06 -3.46387e-05 -2.13687e-05 5.60705e-05 1.80413e-06 0.000111698 0.00089828 0.00010536 -9.54602e-06 4.19679e-06
internal_weight=3.5744e+06 3.33103e+06 243368 169681 43524 3.28751e+06 17559 138 17421 572306 2.7152e+06
internal_count=3574400 3331032 243368 169681 43524 3287508 17559 138 17421 572306 2715202
is_linear=0
shrinkage=0.00523217


Tree=254
num_leaves=12
num_cat=0
split_feature=1 23 18 6 6 18 13 15 6 14 1
split_gain=11.5661 5.89553 5.52948 5.20299 4.47754 3.34213 3.13829 3.22775 2.75434 2.71985 2.7602
threshold=2.1312575340271001 -1.6498159766197202 -1.4122443199157713 -0.81965321302413929 -0.056440593674778931 -2.2969599962234493 0.86990413069725048 0.0083143655210733431 -4.5878462791442862 -2.2794271707534786 -1.5496603250503538
decision_type=2 10 2 2 2 2 10 2 2 2 2
left_child=1 4 5 -4 9 -3 7 -5 -2 10 -1
right_child=8 2 3 6 -6 -7 -8 -9 -10 -11 -12
leaf_value=0.00032275415192659014 -0.00014136689031604523 5.4138822175951245e-05 -1.6050337163497578e-05 1.8955071673092964e-06 4.1313132475309459e-05 -3.0631089739428059e-05 -6.9056763503611162e-06 1.4061152947010215e-05 -4.7280348784817435e-05 0.00017524601344729408 0.0010626043411463499
leaf_weight=524 9455 13618 358051 1281066 12531 194212 494737 1118395 86930 4773 190
leaf_count=524 9455 13618 358051 1281066 12531 194212 494737 1118395 86930 4773 190
internal_value=1.6827e-08 1.58382e-06 1.092e-06 2.76425e-06 9.59791e-05 -2.50724e-05 5.09215e-06 7.56629e-06 -5.65198e-05 0.000220641 0.000522187
internal_weight=3.57448e+06 3.4781e+06 3.46008e+06 3.25225e+06 18018 207830 2.8942e+06 2.39946e+06 96385 5487 714
internal_count=3574482 3478097 3460079 3252249 18018 207830 2894198 2399461 96385 5487 714
is_linear=0
shrinkage=0.00523217


Tree=255
num_leaves=12
num_cat=0
split_feature=0 1 18 11 18 1 19 12 19 18 12
split_gain=13.1708 5.89385 5.7023 4.53283 4.95982 10.6314 3.8606 3.79239 4.24047 3.08727 2.66549
threshold=-4.814875364303588 1.3685232996940615 -1.2158750295639036 1.3492949008941653 2.7396554946899419 -1.4235091805458067 -1.4934427738189695 1.2882848381996157 -1.1162987351417539 0.176400862634182 0.18388403952121737
decision_type=2 2 2 8 2 2 10 10 8 2 8
left_child=-1 2 -2 7 -5 -6 10 9 -9 -4 -3
right_child=1 6 3 4 5 -7 -8 8 -10 -11 -12
leaf_value=-0.00011461913156140643 -1.7587253896728477e-05 -1.9535118124245982e-05 7.1971170138556751e-06 2.4257184974613729e-05 0.00068547893899594513 -0.0001004505210038409 -2.380603752992411e-05 0.00012786679229112767 2.140420948780611e-05 -4.3518859565733245e-06 0.00020969687078166926
leaf_weight=27230 332257 2380 1491290 256161 944 936 296456 12970 48821 1101722 3312
leaf_count=27230 332257 2380 1491290 256161 944 936 296456 12970 48821 1101722 3312
internal_value=9.73353e-09 8.89932e-07 2.94808e-06 5.29075e-06 2.62265e-05 0.000293942 -2.12121e-05 3.25554e-06 4.37658e-05 2.28985e-06 0.000113723
internal_weight=3.57448e+06 3.54725e+06 3.2451e+06 2.91284e+06 258041 1880 302148 2.6548e+06 61791 2.59301e+06 5692
internal_count=3574479 3547249 3245101 2912844 258041 1880 302148 2654803 61791 2593012 5692
is_linear=0
shrinkage=0.00523217


Tree=256
num_leaves=12
num_cat=0
split_feature=0 6 18 0 2 19 10 0 19 18 18
split_gain=13.0028 6.38635 5.97428 3.5808 3.51942 8.64918 5.14028 3.48121 3.65916 2.79267 2.74476
threshold=-4.814875364303588 -1.1145261526107786 -1.2158750295639036 -2.0317389965057369 2.2186276912689213 0.16420286893844607 2.0531895160675053 0.7021738886833192 -1.5669386386871336 -0.87998563051223744 -2.2969599962234493
decision_type=2 2 2 2 10 8 8 2 8 2 2
left_child=-1 3 10 -2 7 -6 -7 8 -4 -9 -3
right_child=1 2 4 -5 5 6 -8 9 -10 -11 -12
leaf_value=-0.00011388177953600171 -5.540357033170247e-05 5.5729373668403627e-05 7.5757361590695808e-05 -1.236514540911281e-05 0.000373581044184989 -4.8631222016858419e-05 0.00040427210704300121 5.3581532150421352e-05 2.2999831316283103e-06 1.3867486762071256e-05 -2.090718207815782e-05
leaf_weight=27223 68110 13317 18704 237689 2455 5525 782 56396 2476601 345983 321792
leaf_count=27223 68110 13317 18704 237689 2455 5525 782 56396 2476601 345983 321792
internal_value=2.81565e-08 9.02585e-07 3.05905e-06 -2.19538e-05 5.47116e-06 0.000110172 7.46181e-06 5.15425e-06 2.85095e-06 1.94358e-05 -1.78591e-05
internal_weight=3.57458e+06 3.54735e+06 3.24156e+06 305799 2.90645e+06 8762 6307 2.89768e+06 2.4953e+06 402379 335109
internal_count=3574577 3547354 3241555 305799 2906446 8762 6307 2897684 2495305 402379 335109
is_linear=0
shrinkage=0.00523217


Tree=257
num_leaves=12
num_cat=0
split_feature=0 18 5 17 21 0 17 5 18 2 21
split_gain=12.8481 5.59301 5.56289 7.85874 15.2711 5.36435 3.7847 3.73316 3.30657 2.9372 2.90481
threshold=-3.8297237157821651 -1.2862774133682249 inf 2.6439664363861088 0.18622127920389178 0.37942911684513098 0.096008226275444045 1.4360482692718508 -2.2969599962234493 2.2186276912689213 0.78518834710121166
decision_type=2 2 8 2 2 2 2 10 2 10 2
left_child=6 8 5 10 -5 7 -1 -3 -2 -7 -4
right_child=1 2 3 4 -6 9 -8 -9 -10 -11 -12
leaf_value=-1.3621758739630659e-05 5.8176980442238688e-05 2.1727168356574707e-07 0.0002662363652528129 0.0067776763967423194 0.00071035711109387314 1.1749875937721916e-05 -0.00010788896697329715 -2.3620150427022653e-05 -2.4461501272743961e-05 0.00039487463814914445 -4.1043321111995704e-05
leaf_weight=16778 13905 1847981 2608 12.999999999999998 61 1172716 38373 199238 280864 547 1237
leaf_count=16778 13905 1847981 2608 13 61 1172716 38373 199238 280864 547 1237
internal_value=1.28857e-08 1.25495e-06 3.24951e-06 0.000200229 0.00187672 3.00949e-06 -7.92265e-05 -2.10224e-06 -2.05603e-05 1.19296e-05 0.000167188
internal_weight=3.57432e+06 3.51917e+06 3.2244e+06 3919 74 3.22048e+06 55151 2.04722e+06 294769 1.17326e+06 3845
internal_count=3574321 3519170 3224401 3919 74 3220482 55151 2047219 294769 1173263 3845
is_linear=0
shrinkage=0.00523217


Tree=258
num_leaves=12
num_cat=0
split_feature=23 2 3 2 3 3 17 2 8 22 9
split_gain=6.40121 6.67212 4.59785 5.91358 5.47406 4.21814 3.94377 9.5267 4.16362 3.62074 3.32702
threshold=-1.6498159766197202 0.47092927992343908 -2.5942879915237422 2.2186276912689213 0.055319590494036681 -2.7518167495727535 2.6439664363861088 1.9665635824203493 0.78613939881324779 0.24626787006855014 -0.6404777169227599
decision_type=10 8 8 10 8 10 2 10 8 10 10
left_child=5 -2 -3 9 -5 6 10 -8 -9 -4 -1
right_child=1 2 3 4 -6 -7 7 8 -10 -11 -12
leaf_value=0.0013750263720621865 4.8086771957619948e-06 -5.1266671315810429e-05 -1.4252945399655044e-05 7.9926925774627253e-05 0.00048064906133780347 7.3266267343660474e-05 0.0063126599601868328 0 0.0038835231034940773 6.2112324441851041e-06 0.00024720129247837844
leaf_weight=75 2292611 70371 859323 5550 1123 17418 8.9999999999999982 41 7.9999999999999991 326595 1338
leaf_count=75 2292611 70371 859323 5550 1123 17418 9 41 8 326595 1338
internal_value=-2.3048e-10 -5.10808e-07 -1.01677e-05 -7.74188e-06 0.000147558 9.60599e-05 0.000365136 0.00169209 0.000698711 -8.61655e-06 0.000308732
internal_weight=3.57446e+06 3.55557e+06 1.26296e+06 1.19259e+06 6673 18889 1471 58 49 1.18592e+06 1413
internal_count=3574462 3555573 1262962 1192591 6673 18889 1471 58 49 1185918 1413
is_linear=0
shrinkage=0.00523217


Tree=259
num_leaves=12
num_cat=0
split_feature=1 17 5 17 21 1 22 13 15 20 14
split_gain=11.1313 5.39234 4.64426 7.62481 15.3628 3.14133 2.95779 2.92612 3.37794 4.84578 2.53457
threshold=1.5351145267486574 0.43206351995468145 inf 2.6439664363861088 0.18622127920389178 2.5351264476776127 2.1977837085723881 0.92471164464950573 -0.2199435159564018 -0.40854065120220179 -1.7764344215393064
decision_type=2 2 8 2 2 2 10 10 2 10 2
left_child=2 -2 7 6 -5 -3 -4 8 -1 -10 -6
right_child=1 5 3 4 10 -7 -8 -9 9 -11 -12
leaf_value=-2.1996657683955074e-06 -1.0288829887137426e-05 -4.5296061839114492e-05 0.00012292861786156124 0.0067390251156708237 0.0020439358293146059 -0.00011279072438978234 0.0010256362890586558 -9.4954696358682698e-06 7.0622745718445326e-07 1.8842470324440916e-05 -0.00011039562911894679
leaf_weight=1208910 136165 99930 4074 12.999999999999998 22 23305 101 484970 845146 771598 40
leaf_count=1208910 136165 99930 4074 13 22 23305 101 484970 845146 771598 40
internal_value=1.64045e-08 -3.29906e-05 2.59957e-06 0.000175427 0.00181682 -5.80675e-05 0.000145243 2.3774e-06 4.41544e-06 9.36233e-06 0.000665269
internal_weight=3.57427e+06 259400 3.31487e+06 4250 75 123235 4175 3.31062e+06 2.82565e+06 1.61674e+06 62
internal_count=3574274 259400 3314874 4250 75 123235 4175 3310624 2825654 1616744 62
is_linear=0
shrinkage=0.00523217


end of trees

feature_importances:
LOW_TURNOVER=296
LN_TURNOVER=244
IMAX60=222
CONSEC_UP5=211
AMIHUD_20=168
CNTD10=143
KLOW=135
VOL_CV20=132
BP=132
VOL_OF_VOL_20=130
VSTD5=129
MAX_DD60=123
CORR20=113
WVMA30=112
OBV_CHG_20=94
CORR60=88
CORD60=70
Q_SALES_YOY=60
CNTD60=42
RET_VOL_CORR5=38
CORD5=38
NEG_SKEW_20=38
EP=37
RET_AMT_CORR20=34
VOL_PRICE_DIVERGENCE=31

parameters:
[boosting: gbdt]
[objective: regression]
[metric: l2]
[tree_learner: serial]
[device_type: cpu]
[data_sample_strategy: bagging]
[data: ]
[valid: ]
[num_iterations: 1000]
[learning_rate: 0.00523217]
[num_leaves: 12]
[num_threads: 8]
[seed: 42]
[deterministic: 0]
[force_col_wise: 0]
[force_row_wise: 0]
[histogram_pool_size: -1]
[max_depth: 6]
[min_data_in_leaf: 7]
[min_sum_hessian_in_leaf: 0.001]
[bagging_fraction: 0.993677]
[pos_bagging_fraction: 1]
[neg_bagging_fraction: 1]
[bagging_freq: 1]
[bagging_seed: 400]
[bagging_by_query: 0]
[feature_fraction: 0.452778]
[feature_fraction_bynode: 1]
[feature_fraction_seed: 30056]
[extra_trees: 0]
[extra_seed: 12879]
[early_stopping_round: 0]
[early_stopping_min_delta: 0]
[first_metric_only: 0]
[max_delta_step: 0]
[lambda_l1: 0.153507]
[lambda_l2: 1.18198]
[linear_lambda: 0]
[min_gain_to_split: 0]
[drop_rate: 0.1]
[max_drop: 50]
[skip_drop: 0.5]
[xgboost_dart_mode: 0]
[uniform_drop: 0]
[drop_seed: 17869]
[top_rate: 0.2]
[other_rate: 0.1]
[min_data_per_group: 100]
[max_cat_threshold: 32]
[cat_l2: 10]
[cat_smooth: 10]
[max_cat_to_onehot: 4]
[top_k: 20]
[monotone_constraints: ]
[monotone_constraints_method: basic]
[monotone_penalty: 0]
[feature_contri: ]
[forcedsplits_filename: ]
[refit_decay_rate: 0.9]
[cegb_tradeoff: 1]
[cegb_penalty_split: 0]
[cegb_penalty_feature_lazy: ]
[cegb_penalty_feature_coupled: ]
[path_smooth: 0]
[interaction_constraints: ]
[verbosity: -1]
[saved_feature_importance_type: 0]
[use_quantized_grad: 0]
[num_grad_quant_bins: 4]
[quant_train_renew_leaf: 0]
[stochastic_rounding: 1]
[linear_tree: 0]
[max_bin: 255]
[max_bin_by_feature: ]
[min_data_in_bin: 3]
[bin_construct_sample_cnt: 200000]
[data_random_seed: 175]
[is_enable_sparse: 1]
[enable_bundle: 1]
[use_missing: 1]
[zero_as_missing: 0]
[feature_pre_filter: 1]
[pre_partition: 0]
[two_round: 0]
[header: 0]
[label_column: ]
[weight_column: ]
[group_column: ]
[ignore_column: ]
[categorical_feature: ]
[forcedbins_filename: ]
[precise_float_parser: 0]
[parser_config_file: ]
[objective_seed: 16083]
[num_class: 1]
[is_unbalance: 0]
[scale_pos_weight: 1]
[sigmoid: 1]
[boost_from_average: 1]
[reg_sqrt: 0]
[alpha: 0.9]
[fair_c: 1]
[poisson_max_delta_step: 0.7]
[tweedie_variance_power: 1.5]
[lambdarank_truncation_level: 30]
[lambdarank_norm: 1]
[label_gain: ]
[lambdarank_position_bias_regularization: 0]
[eval_at: ]
[multi_error_top_k: 1]
[auc_mu_weights: ]
[num_machines: 1]
[local_listen_port: 12400]
[time_out: 120]
[machine_list_filename: ]
[machines: ]
[gpu_platform_id: -1]
[gpu_device_id: -1]
[gpu_use_dp: 0]
[num_gpu: 1]

end of parameters

pandas_categorical:[]
