tree
version=v4
num_class=1
num_tree_per_iteration=1
label_index=0
max_feature_idx=24
objective=regression
feature_names=LOW_TURNOVER LN_TURNOVER CORR20 VOL_CV20 RET_AMT_CORR20 KLOW CONSEC_UP5 CORD60 RET_VOL_CORR5 OBV_CHG_20 CORD5 AMIHUD_20 VOL_OF_VOL_20 CORR60 VOL_PRICE_DIVERGENCE BP EP CNTD10 IMAX60 WVMA30 MAX_DD60 CNTD60 Q_SALES_YOY VSTD5 NEG_SKEW_20
feature_infos=[-6.8071346282958984:3.0654995441436768] [-8.1787328720092773:4.3197021484375] [-4.1779446601867676:3.3623044490814209] [-6.1968994140625:3.106165885925293] [-3.6931850910186768:3.8129510879516602] [-3.2235176563262939:7.2395181655883789] [-5.9474821090698242:3.4279632568359375] [-3.6233525276184082:3.9601516723632812] [-3.0509953498840332:4.1336426734924316] [-7.8667488098144531:8.4457416534423828] [-4.1893391609191895:3.1113626956939697] [-3.031641960144043:6.4247946739196777] [-5.8935556411743164:3.5954625606536865] [-4.1258950233459473:3.7144722938537598] [-3.2624225616455078:3.3388996124267578] [-3.5366487503051758:6.313018798828125] [-4.49798583984375:6.9084763526916504] [-3.7737298011779785:3.8452911376953125] [-3.4561100006103516:4.3983879089355469] [-2.512291431427002:6.1850838661193848] [-2.7077310085296631:5.7511692047119141] [-3.5762693881988525:3.5946342945098877] [-3.6763041019439697:7.2312769889831543] [-3.2357299327850342:6.358586311340332] [-3.5882980823516846:3.6176519393920898]
tree_sizes=1318 1313 1346 1314 1355 1322 1368 1346 1320 1335 1326 1336 1327 1335 1365 1345 1286 1330 1368 1338 1320 1340 1342 1342 1345 1331 1348 1342 1342 1343 1337 1318 1314 1316 1359 1368 1379 1335 1353 1315 1330 1381 1320 1354 1335 1327 1312 1319 1328 1337 1365 1379 1360 1337 1367 1335 1343 1336 1340 1335 1365 1366 1343 1340 1333 1352 1373 1351 1331 1344 1337 1348 1329 1382 1321 1365 1351 1372 1299 1312 1343 1296 1350 1361 1337 1366 1345 1355 1276 1345 1313 1292 1304 1345 1366 1336 1325 1348 1349 1354 1323 1340 1321 1348 1355 1344 1335 1360 1331 1349 1365 1331 1374 1331 1331 1342 1351 1332 1374 1376 1339 1326 1344 1341 1372 1353 1326 1333 1357 1349 1382 1362 1352 1343 1385 1339 1339 1371 1368 1334 1368 1359 1343 1356 1362 1352 1353 1335 1347 1342 1340 1346 1336 1342 1333 1354 1364 1386 1352 1401 1360 1375 1371 1335 1310 1364 1345 1333 1366 1358 1374 1335 1337 1389 1339 1372 1343 1361 1383 1350 1340 1387 1333 1366 1385 1323 1359 1347 1349 1343 1348 1340 1408 1335 1338 1319 1359 1298 1389 1396 1345 1355 1373 1318 1340 1345 1376 1345 1375 1346 1395 1401 1342 1382 1389 1362 1394 1360 1374 1361 1360 1372 1348 1312 1375 1363 1397 1398 1387 1349 1337 1343 1321 1376 1388 1371 1343 1340 1371 1335 1364 1368 1361 1352 1337 1365 1365 1371 1368 1350 1360 1353 1377 1374 1355 1363 1401 1366 1372 1348 1373 1355 1368 1404 1379 1368 1365 1347 1365 1381 1351 1374 1390 1333 1356 1351 1317 1339 1351 1373 1380 1347 1353 1376 1384 1403 1331 1383 1374 1375 1381 1361 1378 1406 1349 1384 1409 1377 1340 1366 1378 1411 1347 1380 1399 1387 1342 1325 1352 1382 1355 1319 1382 1378 1364 1346 1393 1355 1400 1390 1360 1400 1377 1345 1366 1385 1312 1331 1384 1366 1388 1377 1313 1371 1357 1353 1384 1406 1373 1318 1340 1351 1381 1373 1386 1343 1370 1381 1361 1390 1342 1384 1359 1363 1361 1382 1396 1369 1372 1372 1373 1402 1363 1382 1355 1393 1381 1399 1368 1404 1402 1345 1390 1368 1365 1377 1356 1398 1372 1337 1406 1381 1394 1355 1405 1345 1389 1363 1335 1408 1377 1355 1378 1384 1379 1362 1347 1389 1371 1373 1368 1378 1361 1365 1352 1384 1362 1396 1360 1396 1394 1375 1355 1374 1353 1378 1386 1400 1373 1350 1333 1376 1370 1398 1379 1360 1378 1396 1389 1390 1401 1358 1352 1356 1386 1362 1403 1328 1370 1400 1394 1370 1340 1347 1381 1331 1346 1375 1366 1353 1386 1361 1372 1392 1388 1405 1412 1390 1391 1353 1380 1393 1367 1366 1376 1363 1385 1389 1390 1306 1351 1377 1380 1378 1350 1358 1346 1374 1360 1382 1352 1295 1397 1388 1317 1351 1409 1398 1369 1370 1381 1349 1383 1401 1342 1392 1398 1363 1350 1308 1379 1405 1347 1390

Tree=0
num_leaves=12
num_cat=0
split_feature=6 7 2 9 9 9 15 11 6 6 2
split_gain=24.4187 10.8486 8.50528 8.01999 4.2071 3.25426 3.51952 23.088 3.08222 2.97942 2.33314
threshold=-0.77405205368995655 inf 0.20515803992748263 0.52295345067977916 0.28984406590461737 0.3174464106559754 3.5451488494873051 -0.23865526914596555 -3.6667821407318111 -2.4138929843902583 0.056119063869118697
decision_type=2 8 8 10 8 8 2 10 2 2 8
left_child=3 2 5 8 -4 -2 -7 -8 -1 -5 -10
right_child=1 -3 4 9 -6 6 7 -9 10 -11 -12
leaf_value=0.0073238437194265271 0.0074506426590729641 0.0071850073482656145 0.0074322227408584471 0.0073041171087638813 0.0074034745812328624 0.0074231389818227387 0.014582211440433059 0.0075351601465093532 0.0074317002077036644 0.007369787177626176 0.0073994247995094386
leaf_weight=11874 1150186 4616 827465 27255 167565 140394 12.999999999999998 127 90969 62133 188407
leaf_count=11874 1150186 4616 827465 27255 167565 140394 13 127 90969 62133 188407
internal_value=0.00743192 0.00743836 0.00743888 0.00739311 0.00742738 0.00744774 0.00742397 0.0082496 0.00740642 0.00734975 0.00740993
internal_weight=2.671e+06 2.29037e+06 2.28575e+06 380638 995030 1.29072e+06 140534 140 291250 89388 279376
internal_count=2671004 2290366 2285750 380638 995030 1290720 140534 140 291250 89388 279376
is_linear=0
shrinkage=1


Tree=1
num_leaves=12
num_cat=0
split_feature=6 19 5 9 9 8 17 24 15 21 13
split_gain=24.1408 10.7104 10.5406 8.08878 7.96106 3.72675 6.64619 7.29726 3.76363 5.04261 3.69442
threshold=-0.77405205368995655 inf inf 0.26362279057502752 0.52295345067977916 0.79203337430953991 -2.2249805927276607 -0.11121729388833045 0.088724624365568175 -1.1238989830017088 0.72138541936874401
decision_type=2 8 8 8 10 10 2 10 2 2 10
left_child=4 2 3 10 -1 8 7 -7 -4 -10 -2
right_child=1 -3 5 -5 -6 6 -8 -9 9 -11 -12
leaf_value=-2.5347865500220273e-05 1.3970528406985255e-05 -0.00022619334432003632 0.0001601441320634134 -1.6943449742304688e-05 -8.1805780642061363e-05 0.0072453143583541789 0.00050032167955873195 0.0014157127891287872 0.003534271353683767 0.00062365134607530689 -4.8442801828560596e-06
leaf_weight=291293 1588006 5406 3848 344094 89377 6.9999999999999991 584 26 17 186 348305
leaf_count=291293 1588006 5406 3848 344094 89377 7 584 26 17 186 348305
internal_value=-2.25323e-08 6.38956e-06 6.94027e-06 6.43142e-06 -3.86059e-05 0.000255286 0.000634358 0.00288357 0.000197184 0.00089038 1.05857e-05
internal_weight=2.67115e+06 2.29048e+06 2.28507e+06 2.2804e+06 380670 4668 617 33 4051 203 1.93631e+06
internal_count=2671149 2290479 2285073 2280405 380670 4668 617 33 4051 203 1936311
is_linear=0
shrinkage=0.00523217


Tree=2
num_leaves=12
num_cat=0
split_feature=6 7 2 6 2 12 10 6 15 19 7
split_gain=23.7246 10.6096 8.4263 7.49905 3.37358 2.50589 3.05492 2.98666 2.30417 2.22282 1.92187
threshold=-0.77405205368995655 inf 0.20515803992748263 -3.2862304449081416 0.12767694145441058 -0.20901065319776532 inf -0.035307282581925385 -1.0000000180025095e-35 -0.85606262087821949 0.54235857725143444
decision_type=2 8 8 2 8 10 8 2 2 10 10
left_child=3 2 10 -1 9 6 -4 -8 -3 -5 -2
right_child=1 8 5 4 -6 -7 7 -9 -10 -11 -12
leaf_value=-0.00011407660942030095 1.8665179075659488e-05 -0.00033006833168679737 -1.808143220920817e-05 -6.2101027845942478e-05 -4.2671750665300975e-05 1.2032911938409766e-06 0.00046910153421741893 6.3792539207455014e-05 -8.402767598658931e-05 1.5116077862389418e-06 1.9398196342595388e-06
leaf_weight=32629 1062319 3000 320378 17729 231509 671430 632 2361 1613 98885 228672
leaf_count=32629 1062319 3000 320378 17729 231509 671430 632 2361 1613 98885 228672
internal_value=2.05174e-08 6.37847e-06 6.88475e-06 -3.82234e-05 -3.11111e-05 -4.55856e-06 -1.65246e-05 0.000149797 -0.000244254 -8.15316e-06 1.57033e-05
internal_weight=2.67116e+06 2.2904e+06 2.28579e+06 380752 348123 994801 323371 2993 4613 116614 1.29099e+06
internal_count=2671157 2290405 2285792 380752 348123 994801 323371 2993 4613 116614 1290991
is_linear=0
shrinkage=0.00523217


Tree=3
num_leaves=12
num_cat=0
split_feature=2 5 7 5 11 11 5 11 17 15 17
split_gain=18.5051 9.30163 8.80355 6.16128 5.37303 4.03689 3.60064 4.89684 4.4465 3.25993 3.06391
threshold=0.43745510280132299 1.2069954276084902 inf 1.2069954276084902 -0.86895382404327381 0.29023545980453497 inf 1.1239410042762759 -2.3578816652297969 -0.85418486595153797 -2.2249805927276607
decision_type=8 10 8 8 8 10 8 10 2 2 2
left_child=4 2 3 -2 9 -5 -6 -8 -9 -1 -7
right_child=1 -3 -4 5 6 10 7 8 -10 -11 -12
leaf_value=-5.2527925829677951e-05 -1.2027275495146317e-05 -6.0374168446239028e-05 -0.00024053128773434429 -2.691036555912116e-05 1.3546469185093455e-05 0.0019607954776521969 7.9512102676667279e-05 0.00461545106374559 0.00068721153613670195 -3.3943378659633427e-06 0.00025328094462981609
leaf_weight=47009 816810 126055 4593 1972 1496386 28 954 6.9999999999999991 389 173240 3553
leaf_count=47009 816810 126055 4593 1972 1496386 28 954 7 389 173240 3553
internal_value=-1.46905e-08 -1.85056e-05 -1.21224e-05 -1.08454e-05 1.02422e-05 0.000162819 1.37908e-05 0.000283793 0.000772201 -1.38851e-05 0.000267499
internal_weight=2.671e+06 953011 826956 822363 1.71798e+06 5553 1.49774e+06 1350 396 220249 3581
internal_count=2670996 953011 826956 822363 1717985 5553 1497736 1350 396 220249 3581
is_linear=0
shrinkage=0.00523217


Tree=4
num_leaves=12
num_cat=0
split_feature=1 18 1 1 23 11 4 9 9 22 22
split_gain=45.667 9.74999 9.43088 7.30377 6.93669 6.31031 4.45691 4.37415 3.27107 2.90489 2.51188
threshold=1.5674355030059817 inf -0.017447886988520619 2.2527654170989995 inf 0.82314845919609081 0.33972814679145819 0.0091148857027292269 -0.084001872688531862 -0.12720210105180738 -0.23331446945667264
decision_type=2 8 2 2 8 10 10 10 8 10 8
left_child=1 2 4 10 8 -6 9 -7 -1 -4 -2
right_child=3 -3 6 -5 5 7 -8 -9 -10 -11 -12
leaf_value=2.157062724296699e-05 -9.9131709937676446e-05 -0.00023790494998607404 -2.1845187030296908e-05 -0.00014667841897800869 4.5907222256700253e-05 0.00062125048852608509 1.1263319473360457e-05 0.00020429797513437029 5.2451730789103802e-06 -2.1470678127525476e-06 -4.7531797799250087e-05
leaf_weight=754701 39567 4498 397606 41219 4070 1123 322562 1806 605873 423175 74708
leaf_count=754701 39567 4498 397606 41219 4070 1123 322562 1806 605873 423175 74708
internal_value=5.9807e-08 5.43917e-06 5.87553e-06 -8.6956e-05 1.51473e-05 0.000179439 -5.21388e-06 0.000364621 1.43014e-05 -1.16903e-05 -6.54058e-05
internal_weight=2.67091e+06 2.51541e+06 2.51092e+06 155494 1.36757e+06 6999 1.14334e+06 2929 1.36057e+06 820781 114275
internal_count=2670908 2515414 2510916 155494 1367573 6999 1143343 2929 1360574 820781 114275
is_linear=0
shrinkage=0.00523217


Tree=5
num_leaves=12
num_cat=0
split_feature=0 0 2 19 5 0 9 5 11 8 0
split_gain=54.4735 12.9576 10.3455 9.04264 8.35722 6.35686 3.2057 3.47022 4.33707 3.17592 2.84526
threshold=-1.4861466288566587 -4.1393516063690177 0.26386126875877386 inf inf -0.020995306782424446 0.3174464106559754 inf 1.1239410042762759 0.91120022535324108 0.025595837272703651
decision_type=2 2 8 8 8 2 10 8 10 10 2
left_child=1 -1 6 4 5 -4 7 -2 -9 -10 -5
right_child=2 -3 3 10 -6 -7 -8 8 9 -11 -12
leaf_value=-0.00018795667068332065 1.7739685198604494e-05 -6.9421793808930099e-05 -2.4000858562188457e-05 -4.1902067414787551e-05 0.00020995758074346675 3.094867880250093e-06 -6.8439473914203023e-06 9.383233869334814e-05 0.00054352032374032949 0.0018230758577395718 -0.00030190719681106118
leaf_weight=30994 1280644 136436 360806 1688 4918 690827 159964 773 267 67 3684
leaf_count=30994 1280644 136436 360806 1688 4918 690827 159964 773 267 67 3684
internal_value=-1.01461e-09 -9.13705e-05 6.10901e-06 -6.28313e-06 -5.19353e-06 -6.20069e-06 1.52372e-05 1.79936e-05 0.000310701 0.000808118 -0.000220385
internal_weight=2.67107e+06 167430 2.50364e+06 1.06192e+06 1.05655e+06 1.05163e+06 1.44172e+06 1.28175e+06 1107 334 5372
internal_count=2671068 167430 2503638 1061923 1056551 1051633 1441715 1281751 1107 334 5372
is_linear=0
shrinkage=0.00523217


Tree=6
num_leaves=12
num_cat=0
split_feature=0 0 0 7 7 9 8 8 16 18 0
split_gain=53.3852 12.1309 10.1928 9.24593 4.54515 3.30398 3.1774 3.04368 2.89715 2.53289 2.06888
threshold=-1.5733938217163084 -4.1393516063690177 0.28200697898864752 inf 0.60439798235893261 -0.084001872688531862 -0.58881214261054982 -2.0727592706680293 -0.067246664315462099 2.1534955501556401 -0.067018620669841752
decision_type=2 2 2 8 8 8 8 10 2 10 2
left_child=1 -1 3 4 6 -4 -2 9 -5 -6 -9
right_child=2 -3 5 8 7 -7 -8 10 -10 -11 -12
leaf_value=-0.00018642519541418764 -1.2038822057054844e-05 -7.0817257072648321e-05 2.3691660707834595e-05 -0.00032604445522596695 4.6502795683681712e-07 6.4046743658844285e-06 9.8172855597789085e-06 -3.0416058293239503e-05 -4.1274746784610013e-05 0.00018584688545455154 -6.2801822137884583e-06
leaf_weight=31002 262451 125449 728172 3188 4628 518215 594585 229288 1421 3588 168968
leaf_count=31002 262451 125449 728172 3188 4628 518215 594585 229288 1421 3588 168968
internal_value=4.39801e-08 -9.37323e-05 5.87904e-06 -4.56405e-06 -3.71001e-06 1.65048e-05 3.12332e-06 -1.81199e-05 -0.000238454 8.15358e-05 -2.0178e-05
internal_weight=2.67096e+06 156451 2.5145e+06 1.26812e+06 1.26351e+06 1.24639e+06 857036 406472 4609 8216 398256
internal_count=2670955 156451 2514504 1268117 1263508 1246387 857036 406472 4609 8216 398256
is_linear=0
shrinkage=0.00523217


Tree=7
num_leaves=12
num_cat=0
split_feature=1 18 1 1 5 18 3 10 9 9 16
split_gain=44.1725 9.48152 9.13968 7.13305 6.71434 4.99335 4.46018 3.78883 3.60231 3.18496 2.86996
threshold=1.5674355030059817 inf -0.017447886988520619 2.2527654170989995 inf 2.1534955501556401 -0.65833011269569386 0.63032981753349315 1.8862680792808535 -0.084001872688531862 -0.067246664315462099
decision_type=2 8 2 2 8 10 8 8 10 8 2
left_child=1 2 4 -2 9 -6 -4 -8 -7 -1 -3
right_child=3 10 6 -5 5 8 7 -9 -10 -11 -12
leaf_value=2.1228949203476308e-05 -6.4239579827276178e-05 -0.00032292054309584144 -2.5665974976788488e-05 -0.0001445516489088967 -0.00010432896825744142 0.00027412100762885154 7.3931029514007726e-06 -1.5438276219831516e-05 -0.00039046039982442441 5.119845300458294e-06 -3.7142523606141549e-05
leaf_weight=754712 114324 3109 231512 41220 1382 5361 618629 293321 231 605875 1403
leaf_count=754712 114324 3109 231512 41220 1382 5361 618629 293321 231 605875 1403
internal_value=3.69047e-08 5.32808e-06 5.75903e-06 -8.55288e-05 1.48868e-05 0.000176815 -5.15697e-06 4.86918e-08 0.000246447 1.40561e-05 -0.000234269
internal_weight=2.67108e+06 2.51554e+06 2.51102e+06 155544 1.36756e+06 6974 1.14346e+06 911950 5592 1.36059e+06 4512
internal_count=2671079 2515535 2511023 155544 1367561 6974 1143462 911950 5592 1360587 4512
is_linear=0
shrinkage=0.00523217


Tree=8
num_leaves=12
num_cat=0
split_feature=0 0 2 19 0 23 22 0 0 23 17
split_gain=52.5056 11.9861 10.5059 8.85244 7.58654 6.96514 3.2965 2.7824 2.60624 2.64356 2.58099
threshold=-1.5733938217163084 -4.1393516063690177 0.15409007668495181 inf -0.035463314503431313 inf -0.057426346465945237 0.025595837272703651 0.55012133717536937 inf -2.2249805927276607
decision_type=2 2 8 8 2 8 8 2 2 8 2
left_child=1 6 8 4 -4 -6 -1 -5 9 -2 -7
right_child=2 -3 3 7 5 10 -8 -9 -10 -11 -12
leaf_value=-0.00024613262570851016 1.0722980279182348e-05 -7.0213786235145525e-05 -2.3491627245490227e-05 -4.049203825557959e-05 3.4789816429141664e-06 0.0016819626842080966 -0.00013721940850344564 -0.00029748128114233093 2.697915468821935e-05 0.00025209444543998992 0.00019143752783945303
leaf_weight=13625 907193 125566 387478 1688 800550 31 17370 3696 407780 1243 4863
leaf_count=13625 907193 125566 387478 1688 800550 31 17370 3696 407780 1243 4863
internal_value=-3.94062e-09 -9.29705e-05 5.78413e-06 -5.42393e-06 -4.46775e-06 4.68316e-06 -0.00018513 -0.000217085 1.59888e-05 1.10545e-05 0.000201447
internal_weight=2.67108e+06 156561 2.51452e+06 1.19831e+06 1.19292e+06 805444 30995 5384 1.31622e+06 908436 4894
internal_count=2671083 156561 2514522 1198306 1192922 805444 30995 5384 1316216 908436 4894
is_linear=0
shrinkage=0.00523217


Tree=9
num_leaves=12
num_cat=0
split_feature=0 0 0 18 23 11 4 17 16 15 0
split_gain=52.1075 12.506 9.57199 8.56916 7.50925 6.7443 4.4344 3.59778 2.79887 2.69252 2.5082
threshold=-1.4861466288566587 -4.1393516063690177 0.31527259945869451 inf inf 0.89736339449882518 -0.92880553007125843 -1.005290627479553 -0.067246664315462099 0.088724624365568175 0.7509855628013612
decision_type=2 2 2 8 8 10 8 2 2 2 2
left_child=1 -1 3 4 6 9 -2 -7 -5 -6 -4
right_child=2 -3 10 8 5 7 -8 -9 -10 -11 -12
leaf_value=-0.00018427554220825317 -2.3018010389512481e-05 -6.7818406534605438e-05 1.2026708078110469e-05 -0.0003192897896685184 8.9482362638592913e-06 0.00089396747131095301 9.9685046486350226e-07 0.00029959785589023935 -3.6714762410235016e-05 0.00060145402925208455 2.8980197469917063e-05
leaf_weight=30990 262804 136439 837564 3099 4209 316 1057212 2456 1400 220 334410
leaf_count=30990 262804 136439 837564 3099 4209 316 1057212 2456 1400 220 334410
internal_value=-1.62693e-08 -8.93798e-05 5.95945e-06 -3.63729e-06 -2.86383e-06 0.000165621 -3.78371e-06 0.000367996 -0.000231569 3.87135e-05 1.68649e-05
internal_weight=2.67112e+06 167429 2.50369e+06 1.33172e+06 1.32722e+06 7201 1.32002e+06 2772 4499 4429 1.17197e+06
internal_count=2671119 167429 2503690 1331716 1327217 7201 1320016 2772 4499 4429 1171974
is_linear=0
shrinkage=0.00523217


Tree=10
num_leaves=12
num_cat=0
split_feature=0 0 7 0 5 11 15 0 10 4 0
split_gain=51.5215 12.361 9.6992 9.59723 7.64835 5.74695 5.23454 4.38821 3.9507 3.92579 2.62592
threshold=-1.4861466288566587 -3.6869672536849971 inf -0.020995306782424446 inf 0.89736339449882518 0.088724624365568175 0.72744932770729076 -0.59933307766914357 -0.84921774268150318 0.025595837272703651
decision_type=2 2 8 2 8 10 2 2 8 8 2
left_child=1 -1 3 9 7 6 -6 -5 -7 -2 -4
right_child=2 -3 10 4 5 8 -8 -9 -10 -11 -12
leaf_value=-0.00016747874843553204 -3.0953646571062722e-05 -6.3108652910977853e-05 -5.7349978518623689e-05 7.8941728852566624e-06 2.7797944467388725e-05 0.00094744205370925791 0.001041531095060851 2.813402567053282e-05 0.00031296703273061953 -2.6491527854303361e-06 -0.00032253020070608187
leaf_weight=41227 187666 126242 1547 1468128 3598 309 144 366516 2125 470645 3063
leaf_count=41227 187666 126242 1547 1468128 3598 309 144 366516 2125 470645 3063
internal_value=3.97849e-08 -8.8808e-05 5.98295e-06 6.42561e-06 1.25574e-05 0.000196364 6.73397e-05 1.1938e-05 0.000394265 -1.07192e-05 -0.000233754
internal_weight=2.67121e+06 167469 2.50374e+06 2.49913e+06 1.84082e+06 6176 3742 1.83464e+06 2434 658311 4610
internal_count=2671210 167469 2503741 2499131 1840820 6176 3742 1834644 2434 658311 4610
is_linear=0
shrinkage=0.00523217


Tree=11
num_leaves=12
num_cat=0
split_feature=0 0 7 0 23 11 8 0 4 16 3
split_gain=50.8939 12.2645 9.61101 9.43605 7.59536 5.66497 4.73739 4.36224 3.89936 2.77597 2.45541
threshold=-1.4861466288566587 -4.1393516063690177 inf -0.020995306782424446 inf 0.82314845919609081 0.82598853111267101 0.72744932770729076 -0.8386423885822295 -0.067246664315462099 -1.3542556166648863
decision_type=2 2 8 2 8 10 10 2 8 2 8
left_child=1 10 3 8 7 -6 -7 -5 -2 -4 -1
right_child=2 -3 9 4 5 6 -8 -9 -10 -11 -12
leaf_value=-0.00025436924708982332 -3.0602937504484156e-05 -6.695037739236359e-05 -0.00031847504345447014 7.7826752245936057e-06 6.1604014334063791e-05 0.00029777716461121582 0.00098336316293709579 2.7962319027579918e-05 -2.5184038067181581e-06 -3.9983635409653855e-05 -0.00015202432473185459
leaf_weight=9149 190464 136467 3188 1467978 3649 2273 315 366536 467865 1425 21845
leaf_count=9149 190464 136467 3188 1467978 3649 2273 315 366536 467865 1425 21845
internal_value=7.32688e-09 -8.82998e-05 5.91416e-06 6.35496e-06 1.24353e-05 0.000194703 0.000381945 1.1815e-05 -1.06449e-05 -0.000232653 -0.00018227
internal_weight=2.67115e+06 167461 2.50369e+06 2.49908e+06 1.84075e+06 6237 2588 1.83451e+06 658329 4613 30994
internal_count=2671154 167461 2503693 2499080 1840751 6237 2588 1834514 658329 4613 30994
is_linear=0
shrinkage=0.00523217


Tree=12
num_leaves=12
num_cat=0
split_feature=1 2 19 23 1 1 9 23 13 17 6
split_gain=42.2587 10.5844 8.54753 7.53238 6.83235 5.08926 3.22438 3.04744 2.66179 3.13615 2.46562
threshold=1.5674355030059817 0.15409007668495181 inf inf 2.2527654170989995 0.26342400908470159 0.21065057814121249 inf 2.6879446506500249 -2.2249805927276607 -3.2862304449081416
decision_type=2 8 8 8 2 2 10 8 10 2 2
left_child=1 6 3 5 -2 -3 7 -1 9 -5 -6
right_child=4 2 -4 8 10 -7 -8 -9 -10 -11 -12
leaf_value=1.8663183192651621e-05 -6.2839538866149875e-05 2.624208810929208e-06 -0.00021394053891892159 0.0017862865079946379 -0.00021692816186740522 -1.9609175791769252e-05 -3.6291421415922395e-06 0.00029740279047064477 0.00042030525189404555 0.00011819727156554592 -0.00011965385605701714
leaf_weight=1111405 114311 726921 5390 30 9221 460266 205343 1074 1125 3951 32016
leaf_count=1111405 114311 726921 5390 30 9221 460266 205343 1074 1125 3951 32016
internal_value=9.80071e-09 5.18522e-06 -6.07228e-06 -5.13168e-06 -8.36807e-05 -5.99489e-06 1.5417e-05 1.89333e-05 0.000195369 0.000131496 -0.00014143
internal_weight=2.67105e+06 2.5155e+06 1.19768e+06 1.19229e+06 155548 1.18719e+06 1.31782e+06 1.11248e+06 5106 3981 41237
internal_count=2671053 2515505 1197683 1192293 155548 1187187 1317822 1112479 5106 3981 41237
is_linear=0
shrinkage=0.00523217


Tree=13
num_leaves=12
num_cat=0
split_feature=1 2 7 1 1 5 9 5 22 2 22
split_gain=41.6599 10.4564 8.50473 6.72805 5.76372 4.8492 3.07702 3.36952 2.87945 2.69271 2.49355
threshold=1.5674355030059817 0.13715466111898425 inf 2.2527654170989995 0.026195236481726173 inf 0.21065057814121249 inf -0.016170961782336232 2.0760914087295537 -0.23331446945667264
decision_type=2 8 8 2 2 8 10 8 10 8 8
left_child=1 6 4 10 5 -3 7 -1 -6 -7 -2
right_child=3 2 -4 -5 8 9 -8 -9 -10 -11 -12
leaf_value=1.8662251314866736e-05 -9.6045639159017657e-05 4.8477658882217358e-06 -0.00023024720062319895 -0.00014045828333394302 -2.63111419870408e-05 0.00027411361174294675 -3.2808817387016421e-06 0.00032847595287650979 -3.1143732014924555e-06 4.7781083130138016e-05 -4.4632307462016847e-05
leaf_weight=1095202 39549 605870 4606 41185 347377 2788 202079 961 253471 2995 74741
leaf_count=1095202 39549 605870 4606 41185 347377 2788 202079 961 253471 2995 74741
internal_value=9.30117e-09 5.14709e-06 -5.87004e-06 -8.31065e-05 -5.0168e-06 6.28859e-06 1.54763e-05 1.89349e-05 -1.65268e-05 0.000157069 -6.24313e-05
internal_weight=2.67082e+06 2.51535e+06 1.21711e+06 155475 1.2125e+06 611653 1.29824e+06 1.09616e+06 600848 5783 114290
internal_count=2670824 2515349 1217107 155475 1212501 611653 1298242 1096163 600848 5783 114290
is_linear=0
shrinkage=0.00523217


Tree=14
num_leaves=12
num_cat=0
split_feature=0 0 7 0 18 11 17 0 7 16 20
split_gain=49.5598 11.8129 9.24217 9.22701 4.87204 5.03374 5.42655 4.18259 3.79732 2.71346 2.35821
threshold=-1.4861466288566587 -4.1393516063690177 inf -0.020995306782424446 2.8698217868804936 1.0316537618637087 -1.0229446291923521 0.73527646064758312 0.60439798235893261 -0.067246664315462099 -0.80342465639114369
decision_type=2 2 8 2 10 10 2 2 8 2 10
left_child=1 -1 3 8 7 -6 -7 10 -2 -4 -5
right_child=2 -3 9 4 5 6 -8 -9 -10 -11 -12
leaf_value=-0.00017933887702709523 -7.0713335164109821e-07 -6.6164218465944999e-05 -0.00031284796203585245 -5.0295713064857522e-06 5.0772974236829496e-05 0.0011620627569248689 0.00029097685373769005 2.7987231470573111e-05 -2.6613233406063578e-05 -3.7470189249566558e-05 1.134505772160711e-05
leaf_weight=30996 408838 136456 3190 302538 2976 226 1476 355436 249439 1424 1178127
leaf_count=30996 408838 136456 3190 302538 2976 226 1476 355436 249439 1424 1178127
internal_value=2.53511e-08 -8.71192e-05 5.85417e-06 6.28648e-06 1.22988e-05 0.000180927 0.000407842 1.18686e-05 -1.05249e-05 -0.000228065 7.99876e-06
internal_weight=2.67112e+06 167452 2.50367e+06 2.49906e+06 1.84078e+06 4678 1702 1.8361e+06 658277 4614 1.48066e+06
internal_count=2671122 167452 2503670 2499056 1840779 4678 1702 1836101 658277 4614 1480665
is_linear=0
shrinkage=0.00523217


Tree=15
num_leaves=12
num_cat=0
split_feature=0 0 0 7 23 11 7 9 10 22 9
split_gain=49.2237 11.3866 9.49659 8.49246 7.76101 6.03158 5.42998 4.32911 3.21212 3.17841 3.13795
threshold=-1.5733938217163084 -4.1393516063690177 0.31527259945869451 inf inf 0.82314845919609081 0.60439798235893261 0.0091148857027292269 0.70362555980682384 -0.06793526932597159 -0.074855603277683244
decision_type=2 2 2 8 8 10 8 10 8 8 8
left_child=1 9 3 4 6 -6 8 -7 -2 -1 -4
right_child=2 -3 10 -5 5 7 -8 -9 -10 -11 -12
leaf_value=-0.00024047832213380026 8.8609240905744316e-06 -6.7841456348591473e-05 2.342610934193906e-05 -0.00022814944854139725 4.1120295573119676e-05 0.00060476711208050122 -1.9643501472335182e-05 0.00019113767580791237 -1.3662895907267531e-05 -0.00013337454550052554 5.9209235650130191e-06
leaf_weight=13441 679452 125494 707317 4606 4179 1131 418752 1811 232669 17558 464627
leaf_count=13441 679452 125494 707317 4606 4179 1131 418752 1811 232669 17558 464627
internal_value=0 -9.00346e-05 5.60342e-06 -3.89594e-06 -3.12315e-06 0.000169131 -4.04557e-06 0.000350602 3.11453e-06 -0.000179847 1.64867e-05
internal_weight=2.67104e+06 156493 2.51454e+06 1.3426e+06 1.33799e+06 7121 1.33087e+06 2942 912121 30999 1.17194e+06
internal_count=2671037 156493 2514544 1342600 1337994 7121 1330873 2942 912121 30999 1171944
is_linear=0
shrinkage=0.00523217


Tree=16
num_leaves=12
num_cat=0
split_feature=1 2 7 1 1 5 18 5 11 8 15
split_gain=40.576 10.2855 8.35451 6.5697 5.69465 4.75142 3.57513 2.82416 4.65014 3.32143 3.23583
threshold=1.5674355030059817 0.13715466111898425 inf 2.2527654170989995 0.026195236481726173 inf 2.1534955501556401 inf 1.1239410042762759 0.91120022535324108 0.018549944274127487
decision_type=2 8 8 2 2 8 10 8 10 10 2
left_child=1 7 4 -2 5 -3 -7 -1 -9 -10 -11
right_child=3 2 -4 -5 -6 6 -8 8 9 10 -12
leaf_value=1.5035406160368031e-05 -6.162421112362072e-05 4.7474505419179354e-06 -0.00022836651731153042 -0.00013869170360542715 -1.6501512212785993e-05 -9.8323490100774092e-05 0.00022181306735209117 6.0296601964722935e-05 0.000530515535696076 0.0027922934144297583 0.00036521123284578464
leaf_weight=1297304 114302 605975 4603 41236 600958 1201 4592 791 260 39 26
leaf_count=1297304 114302 605975 4603 41236 600958 1201 4592 791 260 39 26
internal_value=-5.14485e-08 5.01865e-06 -5.90695e-06 -8.20623e-05 -5.0617e-06 6.17466e-06 0.000155297 1.52625e-05 0.000278257 0.000804135 0.00185746
internal_weight=2.67129e+06 2.51575e+06 1.21733e+06 155538 1.21273e+06 611768 5793 1.29842e+06 1116 325 65
internal_count=2671287 2515749 1217329 155538 1212726 611768 5793 1298420 1116 325 65
is_linear=0
shrinkage=0.00523217


Tree=17
num_leaves=12
num_cat=0
split_feature=1 19 5 9 3 1 9 17 10 15 1
split_gain=40.3355 9.07619 9.3955 8.34765 6.48705 6.48127 3.57561 3.06916 8.37993 3.09258 2.80857
threshold=1.5674355030059817 inf inf 0.26362279057502752 -0.45360761880874628 2.2527654170989995 1.8862680792808535 -2.2249805927276607 -1.6876858472824094 0.088724624365568175 -0.17526067048311231
decision_type=2 8 8 8 10 2 8 2 8 2 2
left_child=1 2 3 4 -1 -2 7 8 -4 -9 -6
right_child=5 -3 6 -5 10 -7 -8 9 -10 -11 -12
leaf_value=-8.960385813341909e-06 -6.1471524593414832e-05 -0.00020895193604280834 0.0049197371794881192 -1.6774765136362162e-05 2.0403961954059456e-05 -0.00013802739507849117 -0.00039032284358679744 0.00019409841273584035 0.00042433716114848507 0.00073572320864236638 6.8314590483362698e-06
leaf_weight=428343 114291 5412 12.999999999999998 403602 865796 41225 258 5491 61 305 806315
leaf_count=428343 114291 5412 13 403602 865796 41225 258 5491 61 305 806315
internal_value=1.44431e-09 5.05706e-06 5.51888e-06 5.01775e-06 9.20557e-06 -8.17714e-05 0.000210124 0.000236725 0.00128968 0.000222883 1.38596e-05
internal_weight=2.67111e+06 2.5156e+06 2.51018e+06 2.50406e+06 2.10045e+06 155516 6128 5870 74 5796 1.67211e+06
internal_count=2671112 2515596 2510184 2504056 2100454 155516 6128 5870 74 5796 1672111
is_linear=0
shrinkage=0.00523217


Tree=18
num_leaves=12
num_cat=0
split_feature=6 7 7 6 22 10 22 20 4 10 6
split_gain=21.2544 9.14251 6.85212 6.66103 4.21376 3.32909 2.32786 2.29296 2.7421 2.14496 2.81454
threshold=-0.77405205368995655 inf 0.59414795041084301 -3.2862304449081416 -1.8086421489715574 0.86300581693649303 0.14046356827020648 -0.80342465639114369 0.33972814679145819 inf -0.035307282581925385
decision_type=2 8 8 2 10 10 10 10 10 8 2
left_child=3 2 5 -1 -4 7 -5 -2 -9 -6 -11
right_child=1 -3 4 6 9 -7 -8 8 -10 10 -12
leaf_value=-0.00010769348766556693 2.2949019387491692e-06 -0.00022654653124815362 -8.3851387006029661e-05 -3.9206846601487289e-05 -7.1337917762724177e-06 -6.4626532816667185e-06 -1.0630027206717148e-05 1.0417685764096906e-05 2.6602492754888193e-05 0.00044314925971548886 5.1140146042990894e-05
leaf_weight=32629 318971 4617 19895 229862 558936 235959 118279 599789 549172 628 2504
leaf_count=32629 318971 4617 19895 229862 558936 235959 118279 599789 549172 628 2504
internal_value=-5.41741e-09 6.01183e-06 6.48202e-06 -3.62034e-05 -9.01761e-06 1.17764e-05 -2.95004e-05 1.47087e-05 1.81543e-05 -6.36718e-06 0.000130136
internal_weight=2.67124e+06 2.29047e+06 2.28585e+06 380770 581963 1.70389e+06 348141 1.46793e+06 1.14896e+06 562068 3132
internal_count=2671241 2290471 2285854 380770 581963 1703891 348141 1467932 1148961 562068 3132
is_linear=0
shrinkage=0.00523217


Tree=19
num_leaves=12
num_cat=0
split_feature=6 7 9 9 23 16 7 14 16 6 6
split_gain=20.9739 8.95041 7.53457 7.37455 6.60811 5.4537 5.15087 4.76087 2.66465 2.65927 2.56551
threshold=-0.77405205368995655 inf 0.3174464106559754 0.52295345067977916 inf -0.073228619992732988 0.59414795041084301 -0.47678370773792261 -0.067246664315462099 -3.6667821407318111 -2.4138929843902583
decision_type=2 8 8 10 8 2 10 2 2 2 2
left_child=3 2 4 9 6 -6 -2 -7 -3 -1 -5
right_child=1 8 -4 10 5 7 -8 -9 -10 -11 -12
leaf_value=-9.9924686670742159e-05 1.443963052430959e-05 -0.0003076503007295847 -1.8152149692304208e-05 -0.00011984008515426973 -6.7628566750139925e-05 0.00024226956277412795 -5.1799430283132056e-06 0.00084078162341545974 -3.4721054424523057e-05 -1.9924589657846182e-05 -5.8919676905661897e-05
leaf_weight=11863 1499734 3202 296428 27284 1448 3058 484650 414 1421 279314 62133
leaf_count=11863 1499734 3202 296428 27284 1448 3058 484650 414 1421 279314 62133
internal_value=1.29303e-08 5.99003e-06 6.45558e-06 -3.59541e-05 1.01228e-05 0.000201622 9.6475e-06 0.000314129 -0.000223962 -2.31871e-05 -7.75188e-05
internal_weight=2.67095e+06 2.29036e+06 2.28573e+06 380594 1.9893e+06 4920 1.98438e+06 3472 4623 291177 89417
internal_count=2670949 2290355 2285732 380594 1989304 4920 1984384 3472 4623 291177 89417
is_linear=0
shrinkage=0.00523217


Tree=20
num_leaves=12
num_cat=0
split_feature=1 2 2 5 1 1 5 22 22 17 8
split_gain=39.4602 10.0986 7.5003 7.46664 6.40477 4.89485 2.67079 2.48274 2.34187 2.33358 8.13756
threshold=1.5674355030059817 0.13715466111898425 0.13715466111898425 inf 2.2527654170989995 0.26342400908470159 inf -0.2386384308338165 -1.2126677632331846 -2.2249805927276607 1.087032198905945
decision_type=2 8 10 8 2 2 8 8 8 2 10
left_child=1 6 -3 5 7 -4 -1 -2 -7 10 -5
right_child=4 2 3 9 -6 8 -8 -9 -10 -11 -12
leaf_value=1.49286564972427e-05 -9.4477265630907959e-05 -0.00019697259139734029 2.5951626404247004e-06 0 -0.00013682801326487517 -6.736656990506134e-05 0.00027136427647752632 -4.3067929281016266e-05 -1.6197548271360364e-05 0.00019106169689214078 0.0057795322822426932
leaf_weight=1297283 39203 5593 740535 25 41207 25940 1112 75074 440210 4762 7.9999999999999991
leaf_count=1297283 39203 5593 740535 25 41207 25940 1112 75074 440210 4762 8
internal_value=-4.70319e-10 4.99915e-06 -5.82838e-06 -4.94508e-06 -8.08905e-05 -5.76463e-06 1.51491e-05 -6.07118e-05 -1.90469e-05 0.000201083 0.00156701
internal_weight=2.67095e+06 2.51547e+06 1.21707e+06 1.21148e+06 155484 1.20668e+06 1.2984e+06 114277 466150 4795 33
internal_count=2670952 2515468 1217073 1211480 155484 1206685 1298395 114277 466150 4795 33
is_linear=0
shrinkage=0.00523217


Tree=21
num_leaves=12
num_cat=0
split_feature=9 2 19 23 20 3 2 15 3 20 20
split_gain=19.7743 9.65438 7.79114 8.09783 5.83814 4.31982 3.09992 3.36877 14.3227 18.5866 2.98785
threshold=0.3174464106559754 0.20515803992748263 inf inf 2.0423238277435307 -0.45360761880874628 0.4042391330003739 3.5451488494873051 0.62963715195655834 0.57862454652786266 4.0456516742706308
decision_type=8 8 8 8 10 10 8 2 10 10 10
left_child=1 -1 3 5 6 -3 7 -2 -9 -10 -5
right_child=4 2 -4 10 -6 -7 -8 8 9 -11 -12
leaf_value=1.5900439318635717e-05 -1.3559464213477495e-05 -2.0914926173055607e-05 -0.00020427536102792998 0.00020595689263029136 -9.8322326087676648e-05 2.1033497510419637e-06 -4.2497846926957368e-05 0.00013192888722740668 -0.00010436358379449476 0.0098482402614974637 0.00098094976565984439
leaf_weight=1245886 204883 339410 5391 3699 34183 651693 185608 133 10.000000000000002 8.9999999999999982 141
leaf_count=1245886 204883 339410 5391 3699 34183 651693 185608 133 10 9 141
internal_value=-1.02467e-08 6.1806e-06 -5.92437e-06 -4.84857e-06 -3.27455e-05 -5.77862e-06 -2.70049e-05 -1.29758e-05 0.000762558 0.0048709 0.000234916
internal_weight=2.67105e+06 2.24622e+06 1.00033e+06 994943 424826 991103 390643 205035 152 19 3840
internal_count=2671046 2246220 1000334 994943 424826 991103 390643 205035 152 19 3840
is_linear=0
shrinkage=0.00523217


Tree=22
num_leaves=12
num_cat=0
split_feature=0 0 0 7 23 7 18 9 22 16 9
split_gain=46.8601 11.5155 8.7617 8.10069 6.9874 5.62561 4.45792 3.46672 3.29427 2.69652 2.35344
threshold=-1.4861466288566587 -3.6869672536849971 0.48711182177066809 inf inf 0.61482834815979015 2.1534955501556401 1.8862680792808535 -0.06793526932597159 -0.067246664315462099 -0.062885079532861696
decision_type=2 2 2 8 8 10 10 10 8 2 8
left_child=1 8 3 4 5 -2 -6 -8 -1 -5 -4
right_child=2 -3 10 9 6 -7 7 -9 -10 -11 -12
leaf_value=-0.00021387371973687568 4.9568023104815575e-06 -5.9970005640445728e-05 2.6489457247610177e-05 -0.00030472146756135962 -9.1009842976456294e-05 -1.603558583059332e-05 0.00025714218867012631 -0.00039605770369602518 -0.00011940167901106206 -2.9763512863567207e-05 7.5834149356109985e-06
leaf_weight=18012 1201851 126285 521807 3185 1491 492740 5409 230 23182 1418 275575
leaf_count=18012 1201851 126285 521807 3185 1491 492740 5409 230 23182 1418 275575
internal_value=-2.90478e-08 -8.47602e-05 5.63854e-06 -1.05195e-06 -4.58493e-07 -1.14673e-06 0.000162976 0.00023028 -0.000160734 -0.000220222 1.99566e-05
internal_weight=2.67118e+06 167479 2.50371e+06 1.70632e+06 1.70172e+06 1.69459e+06 7130 5639 41194 4603 797382
internal_count=2671185 167479 2503706 1706324 1701721 1694591 7130 5639 41194 4603 797382
is_linear=0
shrinkage=0.00523217


Tree=23
num_leaves=12
num_cat=0
split_feature=1 2 7 1 1 5 18 22 9 5 22
split_gain=38.5565 9.81552 7.74841 6.26398 5.33398 4.42138 3.40823 2.99954 2.98576 3.07617 2.39705
threshold=1.5674355030059817 0.14543738216161731 inf 2.2527654170989995 -0.053894808515906327 inf 2.1534955501556401 -0.016170961782336232 0.21065057814121249 inf -0.23331446945667264
decision_type=2 8 8 2 2 8 10 10 10 8 8
left_child=1 8 4 10 5 -3 -7 -6 9 -1 -2
right_child=3 2 -4 -5 7 6 -8 -9 -10 -11 -12
leaf_value=1.7999280187332989e-05 -9.2959829200739189e-05 5.2940589423968487e-06 -0.00022003567234579407 -0.00013528052181305746 -2.4926633968743077e-05 -9.7222860974991644e-05 0.00021556490691285971 -2.0297485358300019e-06 -3.5348508913631837e-06 0.00031310379100653031 -4.255010773076973e-05
leaf_weight=1103305 39557 554377 4604 41216 372172 1199 4590 270580 203791 967 74703
leaf_count=1103305 39557 554377 4604 41216 372172 1199 4590 270580 203791 967 74703
internal_value=-9.1417e-09 4.93255e-06 -5.82384e-06 -7.99698e-05 -5.00309e-06 6.79783e-06 0.000150636 -1.5289e-05 1.48628e-05 1.82588e-05 -6.00098e-05
internal_weight=2.67106e+06 2.51558e+06 1.20752e+06 155476 1.20292e+06 560166 5789 642752 1.30806e+06 1.10427e+06 114260
internal_count=2671061 2515585 1207522 155476 1202918 560166 5789 642752 1308063 1104272 114260
is_linear=0
shrinkage=0.00523217


Tree=24
num_leaves=12
num_cat=0
split_feature=0 0 0 19 8 0 3 0 20 21 8
split_gain=46.0964 11.4219 8.65762 7.58869 3.74381 2.5632 2.47046 2.37621 2.34584 2.01636 2.00974
threshold=-1.4861466288566587 -3.6869672536849971 0.31527259945869451 inf -0.63414832949638356 0.025595837272703651 -1.1850799918174741 0.7509855628013612 -0.80342465639114369 -2.0947774648666377 inf
decision_type=2 2 2 8 8 2 8 2 10 2 8
left_child=1 6 3 4 -2 -5 -1 8 -4 -3 -6
right_child=2 9 7 5 10 -7 -8 -9 -10 -11 -12
leaf_value=-0.00022033136268330129 -1.510525139625876e-05 0.0001240943418684565 -3.6845144270910179e-06 -3.0824767506568867e-05 2.9574205553951303e-06 -0.00027698173257303791 -0.0001324798048435676 2.7811474698671401e-05 1.6422440305478028e-05 -6.1697257931756197e-05 0.00011114644329574773
leaf_weight=12733 442603 1616 212938 1700 878887 3686 28482 334372 624570 124681 4725
leaf_count=12733 442603 1616 212938 1700 878887 3686 28482 334372 624570 124681 4725
internal_value=2.37843e-08 -8.40045e-05 5.64661e-06 -3.48064e-06 -2.68395e-06 -0.000199459 -0.000159646 1.60185e-05 1.13093e-05 -5.93125e-05 3.537e-06
internal_weight=2.67099e+06 167512 2.50348e+06 1.3316e+06 1.32622e+06 5386 41215 1.17188e+06 837508 126297 883612
internal_count=2670993 167512 2503481 1331601 1326215 5386 41215 1171880 837508 126297 883612
is_linear=0
shrinkage=0.00523217


Tree=25
num_leaves=12
num_cat=0
split_feature=0 0 2 19 5 0 22 9 5 11 22
split_gain=45.6649 10.7189 9.39812 7.37497 6.90401 5.57196 3.14665 2.87552 3.11227 4.14611 2.78276
threshold=-1.5733938217163084 -4.1393516063690177 0.2802532315254212 inf inf -0.035463314503431313 -0.06793526932597159 0.3174464106559754 inf 1.1239410042762759 0.066656205803155913
decision_type=2 2 8 8 8 2 8 10 8 8 10
left_child=1 6 7 4 5 -4 -1 8 -2 -10 -11
right_child=2 -3 3 -5 -6 -7 -8 -9 9 10 -12
leaf_value=-0.00023420582510321085 1.6317910293148358e-05 -6.5176388745937202e-05 -2.3358379717476706e-05 -0.00019965339577432189 0.00019006562174449509 2.215612935499254e-06 -0.00012763730698602335 -6.7093152007701159e-06 8.0478698369858536e-05 0.0012559452567927245 0.00029625763843576912
leaf_weight=13431 1300619 125565 353506 5386 4914 685303 17570 163690 771 167 170
leaf_count=13431 1300619 125565 353506 5386 4914 685303 17570 163690 771 167 170
internal_value=-1.08409e-09 -8.66988e-05 5.39684e-06 -6.5575e-06 -5.56006e-06 -6.48644e-06 -0.000173841 1.39556e-05 1.65548e-05 0.000293633 0.000776932
internal_weight=2.67109e+06 156566 2.51453e+06 1.04911e+06 1.04372e+06 1.03881e+06 31001 1.46542e+06 1.30173e+06 1108 337
internal_count=2671092 156566 2514526 1049109 1043723 1038809 31001 1465417 1301727 1108 337
is_linear=0
shrinkage=0.00523217


Tree=26
num_leaves=12
num_cat=0
split_feature=1 7 9 1 1 3 20 12 7 16 10
split_gain=37.4493 8.31285 7.98934 6.17724 4.73452 3.40054 2.69794 3.37652 2.68997 2.55532 2.0036
threshold=1.5674355030059817 inf 0.28087367117404943 2.2527654170989995 -0.16622994840145108 -0.65833011269569386 4.0456516742706308 -1.5555489063262937 0.59414795041084301 -0.067246664315462099 inf
decision_type=2 8 8 2 2 10 10 10 10 2 8
left_child=1 2 4 -2 6 -6 10 -8 -7 -3 -1
right_child=3 9 -4 -5 5 8 7 -9 -10 -11 -12
leaf_value=1.6408840479517736e-05 -5.8954318399819976e-05 -0.00029856480639280927 -1.6603156611878143e-05 -0.00013370290730059875 -1.8221560883533283e-05 1.1443800758561761e-05 0.00011237312853274923 0.0010255849939573231 -9.6755891372399907e-06 -3.177037531339156e-05 0.00014232951352144871
leaf_weight=1071150 114280 3204 385582 41212 196842 629394 369 159 223769 1428 3471
leaf_count=1071150 114280 3204 385582 41212 196842 629394 369 159 223769 1428 3471
internal_value=2.7271e-08 4.89874e-06 5.30764e-06 -7.87719e-05 9.28346e-06 1.38015e-06 1.70012e-05 0.000390569 5.90363e-06 -0.000216517 1.68165e-05
internal_weight=2.67086e+06 2.51537e+06 2.51074e+06 155492 2.12515e+06 1.05e+06 1.07515e+06 528 853163 4632 1.07462e+06
internal_count=2670860 2515368 2510736 155492 2125154 1050005 1075149 528 853163 4632 1074621
is_linear=0
shrinkage=0.00523217


Tree=27
num_leaves=12
num_cat=0
split_feature=0 0 0 7 23 7 18 9 22 9 0
split_gain=44.6637 10.5729 8.77917 7.49691 7.03872 4.9677 4.31208 3.49882 3.15534 2.95182 2.46803
threshold=-1.5733938217163084 -4.1393516063690177 0.31527259945869451 inf inf 0.60439798235893261 2.1534955501556401 1.8862680792808535 -0.073168788105249391 -0.074855603277683244 0.025595837272703651
decision_type=2 2 2 8 8 10 10 10 8 8 2
left_child=1 8 3 4 5 -2 -6 -8 -1 -4 -5
right_child=2 -3 9 10 6 -7 7 -9 -10 -11 -12
leaf_value=-0.00023303095819537275 2.9109357935847539e-06 -6.4370765898151997e-05 2.254348134393123e-05 -4.3386204928173383e-05 -8.9320721876045138e-05 -1.8856103975121438e-05 0.00025430111203464411 -0.00040060273272033358 -0.00012623545400216378 5.564512404375424e-06 -0.00030059501084350097
leaf_weight=13361 912211 125509 707254 1545 1485 418771 5400 231 17628 464577 3060
leaf_count=13361 912211 125509 707254 1545 1485 418771 5400 231 17628 464577 3060
internal_value=9.80896e-09 -8.57514e-05 5.34772e-06 -3.78499e-06 -3.05901e-06 -3.9371e-06 0.000161041 0.000227214 -0.000172314 1.58128e-05 -0.000214508
internal_weight=2.67103e+06 156498 2.51453e+06 1.3427e+06 1.3381e+06 1.33098e+06 7116 5631 30989 1.17183e+06 4605
internal_count=2671032 156498 2514534 1342703 1338098 1330982 7116 5631 30989 1171831 4605
is_linear=0
shrinkage=0.00523217


Tree=28
num_leaves=12
num_cat=0
split_feature=1 2 7 1 1 6 3 10 6 8 10
split_gain=36.7693 9.5482 7.35077 6.03672 5.06744 2.25374 1.8395 1.6919 1.66677 1.62394 1.46373
threshold=1.5674355030059817 0.15409007668495181 inf 2.2527654170989995 0.26342400908470159 -3.2862304449081416 -1.3102807402610777 0.61269679665565502 0.073502786457538619 -0.96853280067443837 inf
decision_type=2 8 8 2 2 2 8 10 2 10 8
left_child=1 7 4 -2 10 -5 -6 -1 -4 -8 -3
right_child=3 2 8 5 6 -7 9 -9 -10 -11 -12
leaf_value=1.7928935928963459e-05 -5.8495616943861912e-05 2.9448983183381953e-06 -0.00014580900516482302 -0.00020457453253321613 -4.0869861378335431e-05 -0.0001115562497783807 -3.4129686586453677e-05 4.1795531280356897e-06 -0.0003601975238876277 -7.9493273580276969e-06 0.00010700065651209631
leaf_weight=992177 114288 729017 3135 9218 83685 32008 83325 325561 1470 293355 3719
leaf_count=992177 114288 729017 3135 9218 83685 32008 83325 325561 1470 293355 3719
internal_value=-1.25922e-08 4.81403e-06 -5.87788e-06 -7.80879e-05 -5.0718e-06 -0.00013238 -1.86759e-05 1.45326e-05 -0.000214495 -1.37429e-05 3.4743e-06
internal_weight=2.67096e+06 2.51544e+06 1.19771e+06 155514 1.1931e+06 41226 460365 1.31774e+06 4605 376680 732736
internal_count=2670958 2515444 1197706 155514 1193101 41226 460365 1317738 4605 376680 732736
is_linear=0
shrinkage=0.00523217


Tree=29
num_leaves=12
num_cat=0
split_feature=0 0 0 13 23 16 17 4 16 13 20
split_gain=43.9966 10.9108 8.43655 7.33483 6.57683 4.35093 5.87623 4.34803 2.55346 2.17799 2.14244
threshold=-1.4861466288566587 -3.6869672536849971 0.48711182177066809 inf inf -0.073228619992732988 -2.2249805927276607 -0.8718082308769225 -0.067246664315462099 0.31278547644615179 2.1264798641204838
decision_type=2 2 2 8 8 2 2 8 2 8 8
left_child=1 -1 3 4 7 -6 -7 10 -5 -9 -2
right_child=2 -3 -4 8 5 6 -8 9 -10 -11 -12
leaf_value=-0.00015602258126571204 -1.3256192672107242e-05 -5.7953815191588595e-05 1.9550224720554506e-05 -0.00029234766587495401 -7.7084575841191539e-05 0.0021316752139440022 0.00021325758667347364 8.3393996934359185e-06 -2.4246979691241775e-05 -5.3036947567830106e-06 -5.5533658040013469e-05
leaf_weight=41212 307195 126266 797480 3174 1651 43 5442 827952 1412 522394 36757
leaf_count=41212 307195 126266 797480 3174 1651 43 5442 827952 1412 522394 36757
internal_value=9.21371e-09 -8.20917e-05 5.50192e-06 -1.0645e-06 -5.00716e-07 0.000157993 0.0002289 -1.16884e-06 -0.000210004 3.06085e-06 -1.77768e-05
internal_weight=2.67098e+06 167478 2.5035e+06 1.70602e+06 1.70143e+06 7136 5485 1.6943e+06 4586 1.35035e+06 343952
internal_count=2670978 167478 2503500 1706020 1701434 7136 5485 1694298 4586 1350346 343952
is_linear=0
shrinkage=0.00523217


Tree=30
num_leaves=12
num_cat=0
split_feature=0 0 0 13 5 3 17 21 4 13 0
split_gain=43.5063 10.9857 8.40551 7.28196 6.89793 4.90014 3.4387 8.63517 2.74226 2.7046 2.42596
threshold=-1.4861466288566587 -4.1393516063690177 0.48711182177066809 inf inf -0.65833011269569386 -2.2249805927276607 -0.51489168405532826 0.15686056762933734 2.6879446506500249 0.025595837272703651
decision_type=2 2 2 8 8 8 2 2 10 10 2
left_child=1 -1 3 4 5 -2 7 -6 -7 -8 -5
right_child=2 -3 -4 10 6 8 9 -9 -10 -11 -12
leaf_value=-0.00017057429719578789 -1.9353269023801617e-05 -6.1420349718511452e-05 1.9507451604011035e-05 -3.8653337201388886e-05 0.0006325973221673394 -2.999902168687859e-06 0.00010410364386123443 0.0063730194015516302 1.2067332239134523e-05 0.00037882589958026028 -0.00029474726988193656
leaf_weight=30985 327680 136488 797413 1528 66 806839 5632 6.9999999999999991 560256 1192 3049
leaf_count=30985 327680 136488 797413 1528 66 806839 5632 7 560256 1192 3049
internal_value=2.23377e-08 -8.16213e-05 5.48394e-06 -1.06947e-06 -5.08344e-07 -1.18088e-06 0.000164608 0.00128665 3.17429e-06 0.000152266 -0.00020946
internal_weight=2.67114e+06 167473 2.50366e+06 1.70625e+06 1.70167e+06 1.69478e+06 6897 73 1.3671e+06 6824 4577
internal_count=2671135 167473 2503662 1706249 1701672 1694775 6897 73 1367095 6824 4577
is_linear=0
shrinkage=0.00523217


Tree=31
num_leaves=12
num_cat=0
split_feature=9 2 7 5 5 11 22 11 5 11 14
split_gain=18.5594 8.8656 7.1873 5.75271 5.68447 4.1995 3.36088 3.19565 2.58881 3.8278 4.10485
threshold=0.30838249623775488 0.15409007668495181 inf inf 1.1737715005874636 0.04689461179077626 -0.93807104229927052 -0.77098208665847767 inf 1.1239410042762759 -0.47678370773792261
decision_type=8 8 8 8 10 10 10 8 8 10 2
left_child=1 8 3 6 7 -5 -3 -2 -1 -10 -11
right_child=4 2 -4 5 -6 -7 -8 -9 9 10 -12
leaf_value=1.5657914464781486e-05 -5.0003620290971496e-05 -3.2182410174719166e-05 -0.00021119379755907158 -8.0984820802850163e-05 -7.1006680106671085e-05 0.00027886759969380977 -1.6444067037027576e-06 -1.3345376104284257e-05 6.8160648775270484e-05 0.00041640248970895526 0.0018358256378385445
leaf_weight=1187198 86023 110391 4606 1209 80350 3304 928952 268093 711 230 74
leaf_count=1187198 86023 110391 4606 1209 80350 3304 928952 268093 711 230 74
internal_value=2.06292e-08 6.09937e-06 -4.98938e-06 -4.07849e-06 -3.12714e-05 0.000182292 -4.88872e-06 -2.22529e-05 1.58846e-05 0.000279905 0.000770324
internal_weight=2.67114e+06 2.23668e+06 1.04846e+06 1.04386e+06 434466 4513 1.03934e+06 354116 1.18821e+06 1015 304
internal_count=2671141 2236675 1048462 1043856 434466 4513 1039343 354116 1188213 1015 304
is_linear=0
shrinkage=0.00523217


Tree=32
num_leaves=12
num_cat=0
split_feature=0 0 2 7 0 5 11 0 5 11 10
split_gain=42.5211 10.2312 8.93025 6.86689 5.74999 4.4953 3.7819 2.66977 2.69781 4.67312 2.67895
threshold=-1.5733938217163084 -3.6869672536849971 0.2802532315254212 inf -0.020995306782424446 inf 0.085049267858266844 0.55012133717536937 inf 1.1239410042762759 0.92325353622436535
decision_type=2 2 8 8 2 8 10 2 8 10 8
left_child=1 -1 7 4 -4 -6 -7 8 -2 -10 -11
right_child=2 -3 3 -5 5 6 -8 -9 9 10 -12
leaf_value=-0.00015446732774379717 8.5388860438561716e-06 -5.8386537098780273e-05 -2.2370192578616669e-05 -0.00020821078022491431 2.233158518505343e-06 -8.2957233015450412e-05 0.00024232965058838341 2.4144990106833978e-05 4.6103756915660678e-05 0.0014689930720340563 0.00046001911030024348
leaf_weight=41206 1014124 115269 363470 4597 675879 1315 3780 450314 870 103 253
leaf_count=41206 1014124 115269 363470 4597 675879 1315 3780 450314 870 103 253
internal_value=-8.36623e-09 -8.36945e-05 5.19864e-06 -6.45528e-06 -5.56627e-06 3.40167e-06 0.000158217 1.35404e-05 8.8364e-06 0.000254031 0.000758085
internal_weight=2.67118e+06 156475 2.5147e+06 1.04904e+06 1.04444e+06 680974 5095 1.46566e+06 1.01535e+06 1226 356
internal_count=2671180 156475 2514705 1049041 1044444 680974 5095 1465664 1015350 1226 356
is_linear=0
shrinkage=0.00523217


Tree=33
num_leaves=12
num_cat=0
split_feature=6 19 5 2 6 11 10 20 11 20 19
split_gain=19.1842 7.78701 8.58095 7.19505 6.03132 4.95088 4.56222 9.41778 3.54965 3.2721 2.63038
threshold=-0.77405205368995655 inf inf 0.20515803992748263 -3.2862304449081416 0.73603066802024852 0.88335543870925914 3.4771887063980107 -0.89958983659744252 1.2785778641700747 3.9810845851898198
decision_type=2 8 8 8 2 10 8 10 10 8 10
left_child=4 2 3 -2 -1 -4 7 -7 -6 -5 -8
right_child=1 -3 5 9 8 6 10 -9 -10 -11 -12
leaf_value=-0.00010244855794516813 1.3858080956909842e-05 -0.00019277774891571085 6.6718485594210886e-05 -1.7330451928360618e-06 -7.0014096022402348e-05 0.00062055143669748807 0.00036167508899214541 0.0031396308598530781 -2.137335855004927e-05 -3.3535664328036677e-05 -0.00029606690613305357
leaf_weight=32616 1289972 5397 2437 892147 47601 365 1639 45 300448 98335 183
leaf_count=32616 1289972 5397 2437 892147 47601 365 1639 45 300448 98335 183
internal_value=-1.16927e-08 5.7042e-06 6.17342e-06 5.71423e-06 -3.44071e-05 0.000230224 0.000408258 0.000907219 -2.80282e-05 -4.89125e-06 0.000295022
internal_weight=2.67118e+06 2.29052e+06 2.28512e+06 2.28045e+06 380665 4669 2232 410 348049 990482 1822
internal_count=2671185 2290520 2285123 2280454 380665 4669 2232 410 348049 990482 1822
is_linear=0
shrinkage=0.00523217


Tree=34
num_leaves=12
num_cat=0
split_feature=0 0 0 10 5 17 20 3 22 1 20
split_gain=42.3108 10.5572 8.1389 4.32948 5.27567 5.30383 6.25252 4.01452 3.06943 2.72354 6.32102
threshold=-1.4861466288566587 -4.1393516063690177 0.48711182177066809 0.73877617716789257 inf -2.2249805927276607 3.4771887063980107 -0.65833011269569386 -0.057426346465945237 -2.6243940591812129 0.77370283007621776
decision_type=2 2 2 8 8 2 10 10 8 2 8
left_child=1 8 3 4 7 6 -6 -2 -1 10 -5
right_child=2 -3 -4 9 5 -7 -8 -9 -10 -11 -12
leaf_value=-0.00022650529102225239 -1.733779624902516e-05 -6.0690161110144977e-05 1.9202156696587414e-05 -0.00025785116432477137 0.00094267611763880173 0.00028902424853646395 0.0055443222142044814 8.0087613213798079e-06 -0.00012144017777726558 -1.3044693898214593e-05 7.9001834175228443e-05
leaf_weight=13633 205232 136435 797303 3787 34 1064 9.9999999999999982 1027143 17374 466389 2547
leaf_count=13633 205232 136435 797303 3787 34 1064 10 1027143 17374 466389 2547
internal_value=1.57459e-08 -8.05061e-05 5.40164e-06 -1.04682e-06 4.11233e-06 0.000364802 0.00212396 3.78704e-06 -0.000167667 -1.45103e-05 -0.000122281
internal_weight=2.67095e+06 167442 2.50351e+06 1.70621e+06 1.23348e+06 1108 44 1.23238e+06 31007 472723 6334
internal_count=2670951 167442 2503509 1706206 1233483 1108 44 1232375 31007 472723 6334
is_linear=0
shrinkage=0.00523217


Tree=35
num_leaves=12
num_cat=0
split_feature=1 13 1 1 4 22 18 11 1 22 3
split_gain=34.7981 7.31411 7.39443 5.62878 3.95664 2.74072 2.68894 3.03732 3.46079 2.4447 2.2966
threshold=1.5674355030059817 inf -0.017447886988520619 2.2527654170989995 0.33972814679145819 -0.12720210105180738 2.8698217868804936 1.0316537618637087 -2.3306863307952876 -0.23331446945667264 -0.45360761880874628
decision_type=2 8 2 2 10 10 10 10 2 8 10
left_child=1 2 6 9 5 -4 10 -8 -9 -2 -1
right_child=3 -3 4 -5 -6 -7 7 8 -10 -11 -12
leaf_value=-1.4818554395087165e-06 -9.026468046277959e-05 -0.00020403520894793294 -2.0685449816432992e-05 -0.00012834492993251361 1.0805743581054722e-05 -1.5523998303227504e-06 1.9406563253242597e-05 0.00046007169584073442 9.4813955186220472e-05 -3.9377224923105266e-05 1.6027516190437085e-05
leaf_weight=251482 39590 4585 397627 41231 322526 423181 3809 1198 1761 74739 1109266
leaf_count=251482 39590 4585 397627 41231 322526 423181 3809 1198 1761 74739 1109266
internal_value=2.0632e-08 4.71735e-06 5.09897e-06 -7.59206e-05 -4.72033e-06 -1.08221e-05 1.33091e-05 0.000117346 0.000243091 -5.70064e-05 1.2791e-05
internal_weight=2.671e+06 2.51544e+06 2.51085e+06 155560 1.14333e+06 820808 1.36752e+06 6768 2959 114329 1.36075e+06
internal_count=2670995 2515435 2510850 155560 1143334 820808 1367516 6768 2959 114329 1360748
is_linear=0
shrinkage=0.00523217


Tree=36
num_leaves=12
num_cat=0
split_feature=6 7 2 6 13 2 16 12 7 3 3
split_gain=18.4335 7.59252 6.71377 5.8166 2.95951 2.95309 2.49604 2.35412 2.80651 2.44654 2.01403
threshold=-0.77405205368995655 inf 0.13715466111898425 -3.6667821407318111 0.25656341016292578 -0.068967439234256731 -0.067246664315462099 0.41952750086784368 0.60439798235893261 -0.20415772497653958 -0.97483772039413441
decision_type=2 8 8 2 10 10 2 10 10 10 10
left_child=3 2 4 10 -2 -5 -3 8 -4 -9 -1
right_child=1 6 7 5 -6 -7 -8 9 -10 -11 -12
leaf_value=-0.00015211086178912233 1.9833181022804055e-05 -0.00028760779181271929 -8.0086523254245865e-07 -4.0241460366465714e-06 2.0509257688295544e-06 -3.779332525068751e-05 -2.3784096312268675e-05 -1.3134465388143695e-05 -2.3092978746220584e-05 1.4197342095796598e-05 -4.5072242452011177e-05
leaf_weight=14573 849846 3191 381493 97329 366957 261546 1428 127952 260048 299400 7223
leaf_count=14573 849846 3191 381493 97329 366957 261546 1428 127952 260048 299400 7223
internal_value=3.38546e-08 5.63789e-06 6.06653e-06 -3.36807e-05 1.44712e-05 -2.86372e-05 -0.000206245 -3.50038e-06 -9.83823e-06 6.01213e-06 -0.00011668
internal_weight=2.67099e+06 2.29032e+06 2.2857e+06 380671 1.2168e+06 358875 4619 1.06889e+06 641541 427352 21796
internal_count=2670986 2290315 2285696 380671 1216803 358875 4619 1068893 641541 427352 21796
is_linear=0
shrinkage=0.00523217


Tree=37
num_leaves=12
num_cat=0
split_feature=1 19 5 3 1 11 11 3 20 13 1
split_gain=34.0662 7.47603 8.28368 7.21098 5.59396 4.68684 3.52323 3.62274 3.826 2.82868 1.75364
threshold=1.5674355030059817 inf inf -0.61536589264869679 2.2527654170989995 -0.89958983659744252 0.82314845919609081 -2.9485645294189449 3.4771887063980107 0.39026442170143133 0.70737731456756603
decision_type=2 8 8 8 2 8 10 10 10 10 2
left_child=1 2 3 10 -2 -5 -4 -8 -9 -7 -1
right_child=4 -3 6 5 -6 9 7 8 -10 -11 -12
leaf_value=-8.6714677325002366e-06 -5.6284297099630039e-05 -0.0001896832703544444 7.649699254783279e-05 -1.1486243481102008e-05 -0.00012741083305753355 1.6240881199575955e-05 2.2944455756417058e-05 0.00037655400379631941 0.0012306791391900728 1.9780157908504319e-06 -3.3088994870522118e-05
leaf_weight=343378 114272 5406 3192 271818 41224 1232589 786 1995 155 550936 105250
leaf_count=343378 114272 5406 3192 271818 41224 1232589 786 1995 155 550936 105250
internal_value=7.90318e-09 4.65395e-06 5.0729e-06 4.60231e-06 -7.51469e-05 8.75081e-06 0.000197191 0.000328052 0.000439146 1.18355e-05 -1.44018e-05
internal_weight=2.671e+06 2.5155e+06 2.5101e+06 2.50397e+06 155496 2.05534e+06 6128 2936 2150 1.78352e+06 448628
internal_count=2671001 2515505 2510099 2503971 155496 2055343 6128 2936 2150 1783525 448628
is_linear=0
shrinkage=0.00523217


Tree=38
num_leaves=12
num_cat=0
split_feature=1 7 9 5 3 1 16 7 22 16 22
split_gain=33.6149 7.33933 7.6022 6.81226 5.85643 5.56685 4.61185 2.52621 2.48848 2.39716 2.34544
threshold=1.5674355030059817 inf 0.26362279057502752 inf -0.45360761880874628 2.2527654170989995 -0.073228619992732988 0.49170890450477606 -0.1221071034669876 -0.067246664315462099 -0.23331446945667264
decision_type=2 8 8 8 10 2 2 8 8 2 8
left_child=1 2 3 4 -1 10 -5 -6 -4 -3 -2
right_child=5 9 8 6 7 -7 -8 -9 -10 -11 -12
leaf_value=-8.7286953763540582e-06 -8.8429825306769963e-05 -0.00028328507618690128 -2.9953094811621728e-05 -6.4160406678265129e-05 1.6700445928224138e-05 -0.00012678616695712924 0.00028692836598783638 1.9139298680327763e-06 -3.909933867765311e-06 -2.4583243431503506e-05 -3.856075950151206e-05
leaf_weight=428401 39542 3195 184078 1378 1248167 41225 3946 423835 221242 1425 74696
leaf_count=428401 39542 3195 184078 1378 1248167 41225 3946 423835 221242 1425 74696
internal_value=1.19233e-08 4.62634e-06 5.01004e-06 9.00441e-06 8.53015e-06 -7.46519e-05 0.000195912 1.29527e-05 -1.57396e-05 -0.000203691 -5.58301e-05
internal_weight=2.67113e+06 2.51567e+06 2.51105e+06 2.10573e+06 2.1004e+06 155463 5324 1.672e+06 405320 4620 114238
internal_count=2671130 2515667 2511047 2105727 2100403 155463 5324 1672002 405320 4620 114238
is_linear=0
shrinkage=0.00523217


Tree=39
num_leaves=12
num_cat=0
split_feature=1 19 5 1 1 11 8 22 7 15 22
split_gain=33.4459 7.30888 7.98193 6.85526 5.49813 3.60807 4.10653 6.717 3.52243 3.29402 2.31579
threshold=1.5674355030059817 inf inf 0.7643013894557954 2.2527654170989995 0.82314845919609081 0.82598853111267101 -0.3405162096023559 0.61482834815979015 0.088724624365568175 -0.23331446945667264
decision_type=2 8 8 2 2 10 10 8 10 2 8
left_child=1 2 3 8 10 9 -7 -8 -1 -4 -2
right_child=4 -3 5 -5 -6 6 7 -9 -10 -11 -12
leaf_value=1.1963313404612284e-05 -8.8133246181169896e-05 -0.00018749022998918919 3.7580903657591846e-05 -1.6261130119187424e-05 -0.00012624533759396839 0.0002539359310052223 0.0022153637809326581 0.00046330529855321916 -3.7427372539670394e-06 0.00090067671776093998 -3.8586576744612924e-05
leaf_weight=1620606 39545 5408 3078 368496 41234 2583 77 269 515076 125 74743
leaf_count=1620606 39545 5408 3078 368496 41234 2583 77 269 515076 125 74743
internal_value=2.30747e-08 4.62661e-06 5.0409e-06 4.57884e-06 -7.44379e-05 0.000193566 0.000326328 0.000861742 8.17501e-06 7.18345e-05 -5.57381e-05
internal_weight=2.67124e+06 2.51572e+06 2.51031e+06 2.50418e+06 155522 6132 2929 346 2.13568e+06 3203 114288
internal_count=2671240 2515718 2510310 2504178 155522 6132 2929 346 2135682 3203 114288
is_linear=0
shrinkage=0.00523217


Tree=40
num_leaves=12
num_cat=0
split_feature=0 0 2 7 0 23 11 9 23 11 17
split_gain=40.4092 10.2911 8.39939 6.3596 5.19087 4.26698 3.68428 2.66285 2.44059 4.26379 4.19026
threshold=-1.4861466288566587 -4.1393516063690177 0.2802532315254212 inf -0.020995306782424446 inf 0.085049267858266844 0.3174464106559754 inf 1.1239410042762759 -2.3578816652297969
decision_type=2 2 8 8 2 8 10 10 8 10 2
left_child=1 -1 7 4 -4 -6 -7 8 -2 -10 -11
right_child=2 -3 3 -5 5 6 -8 -9 9 10 -12
leaf_value=-0.0001646980706817662 1.5623269666757169e-05 -5.9116804007596897e-05 -2.1405832179801224e-05 -0.0002002736382500821 2.0944130351279437e-06 -8.1884056412085267e-05 0.00023758754826456291 -6.6204093625899636e-06 5.7951374009578192e-05 0.0044741197040239541 0.00065303974298278652
leaf_weight=31031 1297703 136518 356613 4596 675883 1334 3770 162467 887 6.9999999999999991 329
leaf_count=31031 1297703 136518 356613 4596 675883 1334 3770 162467 887 7 329
internal_value=-1.13507e-08 -7.86769e-05 5.25294e-06 -6.09489e-06 -5.23379e-06 3.23388e-06 0.000153932 1.33462e-05 1.58442e-05 0.000249397 0.000750432
internal_weight=2.67114e+06 167549 2.50359e+06 1.0422e+06 1.0376e+06 680987 5104 1.46139e+06 1.29893e+06 1223 336
internal_count=2671138 167549 2503589 1042196 1037600 680987 5104 1461393 1298926 1223 336
is_linear=0
shrinkage=0.00523217


Tree=41
num_leaves=12
num_cat=0
split_feature=2 19 20 11 13 15 22 2 16 22 17
split_gain=14.5089 5.63118 5.09256 4.63169 3.02528 2.96691 2.39985 2.39823 2.01719 1.98346 1.94617
threshold=0.43745510280132299 inf 0.67258802056312572 -0.86895382404327381 0.31278547644615179 -0.85418486595153797 -1.6494436860084531 -0.42564702033996576 -0.067246664315462099 -0.77408435940742482 -0.051376314833760255
decision_type=8 8 8 8 10 2 10 10 2 8 2
left_child=3 2 9 5 7 -1 -4 -5 -3 -2 -8
right_child=1 8 6 4 -6 -7 10 -9 -10 -11 -12
leaf_value=-5.0179438191432875e-05 -3.1722151805496632e-05 -0.0002495076823699367 -8.1698095028558918e-05 2.4922648804934301e-05 8.9561364604805546e-07 -3.2934460570183296e-06 -1.2413659077277073e-05 9.1480689862850898e-06 -2.5316082628069059e-05 -5.0720288269954103e-06 -4.4442434960988436e-05
leaf_weight=46969 87195 3833 28133 539572 441504 173360 93502 516725 1552 621708 117068
leaf_count=46969 87195 3833 28133 539572 441504 173360 93502 516725 1552 621708 117068
internal_value=2.21336e-08 -1.63509e-05 -1.5391e-05 9.10417e-06 1.23993e-05 -1.32923e-05 -3.62946e-05 1.72067e-05 -0.000185063 -8.35117e-06 -3.02243e-05
internal_weight=2.67112e+06 952991 947606 1.71813e+06 1.4978e+06 220329 238703 1.0563e+06 5385 708903 210570
internal_count=2671121 952991 947606 1718130 1497801 220329 238703 1056297 5385 708903 210570
is_linear=0
shrinkage=0.00523217


Tree=42
num_leaves=12
num_cat=0
split_feature=6 2 9 18 5 15 16 5 9 16 9
split_gain=17.7945 7.13567 6.59874 6.09821 3.48265 4.19033 3.97858 3.17168 3.12215 2.46583 2.4186
threshold=-0.77405205368995655 0.20515803992748263 0.52295345067977916 inf inf -0.087978344410657869 -0.060419784858822816 inf 0.28984406590461737 -0.067246664315462099 0.3174464106559754
decision_type=2 8 10 8 8 2 2 8 8 2 8
left_child=2 7 -1 4 8 -6 -7 10 -3 -5 -2
right_child=1 3 -4 9 5 6 -8 -9 -10 -11 -12
leaf_value=-2.104711033198253e-05 1.5909369799182483e-05 -6.0098792537715283e-07 -7.2429897307416582e-05 -0.00027952320088643287 -0.00010036757500671143 0.00063431165275399195 0.00015625279806953774 0.00030982661141589721 -2.5428129920855989e-05 -1.4450152082009423e-05 -7.0875773885152258e-06
leaf_weight=291315 1149380 823803 89458 3098 1371 587 2568 988 166745 1402 140447
leaf_count=291315 1149380 823803 89458 3098 1371 587 2568 988 166745 1402 140447
internal_value=-4.58352e-10 5.50546e-06 -3.31212e-05 -4.98863e-06 -4.11861e-06 0.000140664 0.000245656 1.36324e-05 -4.78113e-06 -0.000197142 1.34046e-05
internal_weight=2.67116e+06 2.29039e+06 380773 999574 995074 4526 3155 1.29082e+06 990548 4500 1.28983e+06
internal_count=2671162 2290389 380773 999574 995074 4526 3155 1290815 990548 4500 1289827
is_linear=0
shrinkage=0.00523217


Tree=43
num_leaves=12
num_cat=0
split_feature=1 9 13 23 1 16 1 16 22 4 22
split_gain=32.5659 7.05902 7.09717 6.28876 5.51037 4.66142 3.77646 2.42269 2.38788 2.33212 2.29816
threshold=1.5674355030059817 0.26362279057502752 inf inf 2.2527654170989995 -0.073228619992732988 -0.053894808515906327 -0.067246664315462099 -0.12720210105180738 0.33972814679145819 -0.23331446945667264
decision_type=2 8 8 8 2 2 2 2 8 8 8
left_child=1 2 3 6 10 -5 -1 -4 -3 -8 -2
right_child=4 8 7 5 -6 -7 9 -9 -10 -11 -12
leaf_value=1.4534777017798113e-05 -8.7060551534846016e-05 -2.9525194096298071e-05 -0.00027728723719631714 -6.5469794592777351e-05 -0.00012537796710736205 0.0002769708354125824 -5.3047189533154366e-06 -1.6257259288123789e-05 -3.9914653912153058e-06 1.2559298216275829e-05 -3.7696356553158451e-05
leaf_weight=1179341 39541 182462 3177 1483 41237 4047 627025 1413 222756 293792 74697
leaf_count=1179341 39541 182462 3177 1483 41237 4047 627025 1413 222756 293792 74697
internal_value=-3.1548e-08 4.51017e-06 8.35117e-06 8.79958e-06 -7.35185e-05 0.000184998 8.33514e-06 -0.000197131 -1.54909e-05 3.94036e-07 -5.47905e-05
internal_weight=2.67097e+06 2.5155e+06 2.11028e+06 2.10569e+06 155475 5530 2.10016e+06 4590 405218 920817 114238
internal_count=2670971 2515496 2110278 2105688 155475 5530 2100158 4590 405218 920817 114238
is_linear=0
shrinkage=0.00523217


Tree=44
num_leaves=12
num_cat=0
split_feature=9 7 5 7 11 5 11 8 8 20 20
split_gain=17.0484 7.05455 7.15768 5.78019 5.67232 5.45989 3.07981 2.95817 2.86436 10.4759 2.79493
threshold=0.30838249623775488 inf inf 0.61482834815979015 0.73603066802024852 1.1737715005874636 -0.77098208665847767 -0.72312507033348072 0.82598853111267101 3.4771887063980107 0.24869402498006823
decision_type=8 8 8 8 10 10 8 10 10 10 8
left_child=1 2 3 7 -4 6 -2 -1 -6 -10 -5
right_child=5 -3 4 10 8 -7 -8 -9 9 -11 -12
leaf_value=-2.8494963372658825e-06 -4.8402204239348173e-05 -0.00019816776597841222 4.9184705477751916e-05 -5.6986025024500688e-07 0.00031567510431617469 -6.8938226556045581e-05 -1.2413295828252172e-05 1.4313985527633585e-05 0.00050108738635498283 0.0034670228090882731 -2.5349462971218563e-05
leaf_weight=347779 86011 4630 3163 383603 2043 80345 268131 1310508 281 36 184608
leaf_count=347779 86011 4630 3163 383603 2043 80345 268131 1310508 281 36 184608
internal_value=-3.20414e-09 5.82243e-06 6.24604e-06 5.77896e-06 0.000194354 -2.99942e-05 -2.11564e-05 1.07139e-05 0.000388455 0.000852065 -8.62204e-06
internal_weight=2.67114e+06 2.23665e+06 2.23202e+06 2.2265e+06 5523 434487 354142 1.65829e+06 2360 317 568211
internal_count=2671138 2236651 2232021 2226498 5523 434487 354142 1658287 2360 317 568211
is_linear=0
shrinkage=0.00523217


Tree=45
num_leaves=12
num_cat=0
split_feature=6 7 19 23 6 14 16 11 8 12 16
split_gain=17.4091 7.01621 5.87185 5.77002 5.63481 3.64292 4.53257 3.3437 2.96848 2.54924 2.06946
threshold=-0.77405205368995655 0.59414795041084301 inf inf -3.2862304449081416 0.44677798449993139 -0.039669290184974663 -0.89958983659744252 -0.59776535630226124 0.39239135384559637 -0.067246664315462099
decision_type=2 8 8 8 2 2 2 10 8 10 2
left_child=4 8 3 9 -1 -5 -7 -6 -2 -3 -4
right_child=1 2 10 5 7 6 -8 -9 -10 -11 -12
leaf_value=-9.8526777240303325e-05 -1.4314615637822309e-06 -1.8382808906506066e-05 -0.00025783807208930803 0.00016896202430780855 -6.7347850219970075e-05 5.5255423967742192e-05 0.0021116393702881064 -2.0145771280832534e-05 1.4705953828697629e-05 4.354448951294651e-06 -2.5778384020025109e-05
leaf_weight=32628 411246 363148 3515 3485 47617 59 59 300426 1292610 214775 1513
leaf_count=32628 411246 363148 3515 3485 47617 59 59 300426 1292610 214775 1513
internal_value=-7.95312e-09 5.43733e-06 -1.01697e-05 -8.62869e-06 -3.2773e-05 0.000200058 0.00110093 -2.66062e-05 1.08105e-05 -9.93152e-06 -0.00018819
internal_weight=2.67108e+06 2.29041e+06 586554 581526 380671 3603 118 348043 1.70386e+06 577923 5028
internal_count=2671081 2290410 586554 581526 380671 3603 118 348043 1703856 577923 5028
is_linear=0
shrinkage=0.00523217


Tree=46
num_leaves=12
num_cat=0
split_feature=6 7 7 6 23 20 17 20 10 6 16
split_gain=17.3751 6.87721 5.87171 5.56305 4.77494 3.38571 3.32219 10.0821 3.0815 3.05402 2.35653
threshold=-0.77405205368995655 inf 0.59414795041084301 -3.2862304449081416 inf 0.27332046627998358 -2.3578816652297969 3.1645727157592778 0.84313404560089122 -0.035307282581925385 -0.067246664315462099
decision_type=2 8 10 2 8 8 2 8 10 2 2
left_child=3 2 8 -1 5 -4 7 -6 -2 -8 -3
right_child=1 10 4 -5 6 -7 9 -9 -10 -11 -12
leaf_value=-9.8094923142287072e-05 1.3639278519812495e-05 -0.00027527310584382343 -2.0137599159260637e-06 -2.6617152580138099e-05 0 -3.0466056573531852e-05 0.00036528795963442336 0.0061633158962450998 -6.3260985487919213e-06 5.5733340616027621e-05 -1.9051323152758199e-05
leaf_weight=32611 1456250 3191 420507 348111 25 157365 1297 8.9999999999999982 247551 2687 1430
leaf_count=32611 1456250 3191 420507 348111 25 157365 1297 9 247551 2687 1430
internal_value=-1.15809e-08 5.42891e-06 5.83697e-06 -3.2742e-05 -8.51201e-06 -9.76327e-06 0.000171195 0.00177442 1.0738e-05 0.00015679 -0.000196182
internal_weight=2.67103e+06 2.29031e+06 2.28569e+06 380722 581890 577872 4018 34 1.7038e+06 3984 4621
internal_count=2671034 2290312 2285691 380722 581890 577872 4018 34 1703801 3984 4621
is_linear=0
shrinkage=0.00523217


Tree=47
num_leaves=12
num_cat=0
split_feature=3 11 5 5 11 5 22 22 3 21 13
split_gain=10.3709 9.2324 7.25066 6.02796 6.88153 5.26371 5.15091 3.79132 7.60388 4.45075 3.18226
threshold=-0.61536589264869679 -0.86895382404327381 inf inf 0.73603066802024852 2.6781778335571294 -1.1425130963325498 -0.18288315832614896 -2.6717535257339473 0.51269307732582103 0.39026442170143133
decision_type=8 8 8 8 10 8 10 8 10 2 8
left_child=3 6 10 5 -5 -1 -2 8 -6 -10 -3
right_child=1 2 -4 4 7 -7 -8 -9 9 -11 -12
leaf_value=-1.9474309182221302e-05 -8.3557214797709147e-05 1.4897604095730261e-05 -0.00023531599124385717 7.6190670109320657e-07 2.1559632353990675e-05 -9.748884549854219e-05 -1.3393132026166208e-05 0.0001788125723281777 0.0013096925374733966 0.00043677293440916141 -7.2914217681052838e-08
leaf_weight=484086 31563 1243433 3297 5070 432 24899 310261 2025 359 297 565331
leaf_count=484086 31563 1243433 3297 5070 432 24899 310261 2025 359 297 565331
internal_value=1.34687e-08 5.06565e-06 9.77077e-06 -2.10261e-05 0.000119827 -2.32925e-05 -1.98745e-05 0.000313412 0.000562726 0.000917202 1.02181e-05
internal_weight=2.67105e+06 2.15388e+06 1.81206e+06 517168 8183 508985 341824 3113 1088 656 1.80876e+06
internal_count=2671053 2153885 1812061 517168 8183 508985 341824 3113 1088 656 1808764
is_linear=0
shrinkage=0.00523217


Tree=48
num_leaves=12
num_cat=0
split_feature=0 0 19 5 0 0 7 11 17 0 18
split_gain=39.1048 9.65484 7.15928 7.81472 6.50033 3.85895 3.72041 3.14527 4.65153 2.18668 1.69384
threshold=-2.122995018959045 -0.020995306782424446 inf inf -4.1393516063690177 0.72744932770729076 0.60439798235893261 0.82314845919609081 -2.3578816652297969 0.025595837272703651 1.8528348207473757
decision_type=2 2 8 8 2 2 8 10 2 2 10
left_child=4 6 3 5 10 -3 -2 -5 -9 -4 -1
right_child=1 2 9 7 -6 -7 -8 8 -10 -11 -12
leaf_value=-0.00014657408121003721 -2.8002009296835253e-06 6.5756968776046257e-06 -1.5678612905825804e-05 8.8551258947795999e-05 -7.2196176529435883e-05 2.5555206301466536e-05 -2.725721473929455e-05 0.0024996375486526093 0.00031792545131711415 -0.00025185520291105807 -0.00025772300740516547
leaf_weight=26597 444076 1468095 1523 2839 74560 366545 276250 26 2560 3695 4401
leaf_count=26597 444076 1468095 1523 2839 74560 366545 276250 26 2560 3695 4401
internal_value=2.95684e-09 4.06394e-06 1.04057e-05 1.0955e-05 -9.86914e-05 1.03681e-05 -1.21808e-05 0.00020923 0.000341303 -0.000183094 -0.00016239
internal_weight=2.67117e+06 2.56561e+06 1.84528e+06 1.84006e+06 105558 1.83464e+06 720326 5425 2586 5218 30998
internal_count=2671167 2565609 1845283 1840065 105558 1834640 720326 5425 2586 5218 30998
is_linear=0
shrinkage=0.00523217


Tree=49
num_leaves=12
num_cat=0
split_feature=0 0 0 7 23 11 7 17 22 0 16
split_gain=38.7146 8.33407 8.14286 6.0106 5.69946 5.18476 4.63165 3.93466 2.98162 2.40102 2.26705
threshold=-1.757364749908447 -4.1393516063690177 0.28200697898864752 inf inf 0.73603066802024852 0.60439798235893261 -2.3578816652297969 -0.06793526932597159 0.7509855628013612 -0.067246664315462099
decision_type=2 2 2 8 8 10 10 2 8 2 2
left_child=1 8 3 4 6 -6 -2 -7 -1 -4 -5
right_child=2 -3 9 10 5 7 -8 -9 -10 -11 -12
leaf_value=-0.00022008805052219345 2.0640673745962802e-06 -6.3720403463102601e-05 9.714389011149518e-06 -0.00027054709510933018 1.8682021982758829e-05 0.002157600088475414 -1.927884046886005e-05 0.00028449101757285799 -0.00011637472966326332 2.6107597909438424e-05 -1.8254522094173655e-05
leaf_weight=13435 866407 105307 912145 3192 3995 30 410068 3088 17577 334357 1414
leaf_count=13435 866407 105307 912145 3192 3995 30 410068 3088 17577 334357 1414
internal_value=-4.05605e-08 -8.59351e-05 4.57867e-06 -4.64579e-06 -3.96805e-06 0.000143711 -4.79173e-06 0.000303582 -0.000161338 1.41123e-05 -0.000193294
internal_weight=2.67102e+06 136319 2.5347e+06 1.28819e+06 1.28359e+06 7113 1.27648e+06 3118 31012 1.2465e+06 4606
internal_count=2671015 136319 2534696 1288194 1283588 7113 1276475 3118 31012 1246502 4606
is_linear=0
shrinkage=0.00523217


Tree=50
num_leaves=12
num_cat=0
split_feature=0 0 0 19 7 1 0 9 0 9 18
split_gain=38.2224 9.82094 7.50692 6.14051 4.04098 3.51726 2.26379 2.20806 1.80981 1.80461 1.69189
threshold=-1.4861466288566587 -4.1393516063690177 0.48711182177066809 inf 0.60439798235893261 -2.0414247512817378 0.025595837272703651 -0.074855603277683244 -0.067018620669841752 0.12168252095580102 1.8528348207473757
decision_type=2 2 2 8 10 2 2 8 2 10 10
left_child=1 10 3 4 -2 -6 -5 -4 -7 -3 -1
right_child=2 9 7 6 5 8 -8 -9 -10 -11 -12
leaf_value=-0.0001447986989425469 4.7294871274823046e-06 -3.7575941836434213e-05 2.4917993352223023e-05 -1.9031519194360096e-05 0.00012011719119496981 -2.5180084716356579e-05 -0.00024993658947772252 6.7809255171325512e-06 -5.1774405094598627e-06 -7.5708146381398038e-05 -0.00025590718538805521
leaf_weight=26614 1196511 65454 509951 1707 5379 229119 3696 287492 269734 70929 4398
leaf_count=26614 1196511 65454 509951 1707 5379 229119 3696 287492 269734 70929 4398
internal_value=9.75215e-09 -7.65344e-05 5.128e-06 -1.06558e-06 -5.05578e-07 -1.29296e-05 -0.000177154 1.83803e-05 -1.43661e-05 -5.74138e-05 -0.000160591
internal_weight=2.67098e+06 167395 2.50359e+06 1.70615e+06 1.70074e+06 504232 5403 797443 498853 136383 31012
internal_count=2670984 167395 2503589 1706146 1700743 504232 5403 797443 498853 136383 31012
is_linear=0
shrinkage=0.00523217


Tree=51
num_leaves=12
num_cat=0
split_feature=0 0 0 4 1 20 1 0 20 10 16
split_gain=37.9273 8.19224 7.97331 3.8092 2.98072 3.39801 3.29014 2.3415 2.41742 2.04757 1.99953
threshold=-1.757364749908447 -4.1393516063690177 0.28200697898864752 -1.3723175525665281 -2.6243940591812129 0.84245088696479808 -1.4284492731094358 0.7509855628013612 -0.80342465639114369 0.54881539940834057 -0.060419784858822816
decision_type=2 2 2 10 2 10 2 2 10 10 2
left_child=1 -1 3 4 5 -2 10 8 -4 -5 -6
right_child=2 -3 7 9 6 -7 -8 -9 -10 -11 -12
leaf_value=-0.00015979130343759951 -0.00023554901227581423 -6.2979182746956437e-05 -5.1150563566186585e-06 3.482145821880496e-06 0.00038641995126833948 5.9744480945371056e-05 -3.2702935718799014e-05 2.5884804626269647e-05 1.4593114683102513e-05 -1.1037596430913341e-05 6.5542939548418752e-05
leaf_weight=30993 3840 105253 226673 756845 607 1471 111455 334275 685440 409833 4337
leaf_count=30993 3840 105253 226673 756845 607 1471 111455 334275 685440 409833 4337
internal_value=3.1133e-08 -8.50089e-05 4.60245e-06 -4.52422e-06 -3.23784e-05 -0.000153615 -2.68383e-05 1.40373e-05 9.69447e-06 -1.6177e-06 0.000105184
internal_weight=2.67102e+06 136246 2.53478e+06 1.28839e+06 121710 5311 116399 1.24639e+06 912113 1.16668e+06 4944
internal_count=2671022 136246 2534776 1288388 121710 5311 116399 1246388 912113 1166678 4944
is_linear=0
shrinkage=0.00523217


Tree=52
num_leaves=12
num_cat=0
split_feature=0 0 19 0 18 0 16 8 0 20 0
split_gain=37.4839 9.3474 6.8944 6.20574 3.6269 3.54766 2.81045 3.77021 2.63476 2.34466 2.10242
threshold=-2.122995018959045 -0.020995306782424446 inf -4.1393516063690177 2.8698217868804936 0.73527646064758312 -0.073228619992732988 0.82598853111267101 -1.0951598286628721 -0.46173910796642298 0.025595837272703651
decision_type=2 2 8 2 10 2 2 10 2 10 2
left_child=3 8 4 -1 5 9 -6 -8 -2 -3 -4
right_child=1 2 10 -5 6 -7 7 -9 -10 -11 -12
leaf_value=-0.00015883938928208538 -3.3748392963089514e-05 -9.1833932610271015e-07 -1.5303756982344472e-05 -7.0729267118459682e-05 -4.5728680280093758e-05 2.5227056270883075e-05 0.00016708072629137796 0.00068003599713361965 -7.4016548030116258e-06 1.2423114228352357e-05 -0.0002468952701542004
leaf_weight=31022 125964 621868 1522 74520 1340 355394 2887 455 594337 858003 3701
leaf_count=31022 125964 621868 1522 74520 1340 355394 2887 455 594337 858003 3701
internal_value=-1.307e-09 3.97394e-06 1.02142e-05 -9.66366e-05 1.07535e-05 1.03819e-05 0.000156186 0.000237374 -1.20103e-05 6.81626e-06 -0.000179581
internal_weight=2.67101e+06 2.56547e+06 1.84517e+06 105542 1.83995e+06 1.83526e+06 4682 3342 720301 1.47987e+06 5223
internal_count=2671013 2565471 1845170 105542 1839947 1835265 4682 3342 720301 1479871 5223
is_linear=0
shrinkage=0.00523217


Tree=53
num_leaves=12
num_cat=0
split_feature=0 0 18 0 5 11 2 10 0 2 1
split_gain=37.4775 9.25262 6.49163 6.16936 5.23403 4.98997 4.55696 3.97473 3.69376 2.3762 2.28161
threshold=-2.122995018959045 -0.02802418731153011 inf -4.1393516063690177 inf 0.82314845919609081 0.23045577853918078 -0.59933307766914357 0.73527646064758312 0.082531370222568526 -1.9459577202796934
decision_type=2 2 8 2 8 10 8 8 2 10 2
left_child=3 6 4 -1 8 10 -2 -7 9 -3 -6
right_child=1 2 -4 -5 5 7 -8 -9 -10 -11 -12
leaf_value=-0.00015865508882517153 3.2302722876935347e-06 1.2792531388596869e-05 -0.000189648103770123 -7.0801222257268052e-05 1.0647189797272623e-05 0.00085581636838307331 -2.3559435920829303e-05 0.00025258748508049408 2.5225620304770612e-05 -4.3738063200501685e-07 0.00067963572645205503
leaf_weight=31015 303813 775479 4441 74548 3695 343 406101 2387 355479 713462 144
leaf_count=31015 303813 775479 4441 74548 3695 343 406101 2387 355479 713462 144
internal_value=-5.20872e-09 3.97028e-06 1.01169e-05 -9.66223e-05 1.05968e-05 0.000158019 -1.20935e-05 0.000329009 1.00712e-05 6.45257e-06 3.61514e-05
internal_weight=2.67091e+06 2.56534e+06 1.85543e+06 105563 1.85099e+06 6569 709914 2730 1.84442e+06 1.48894e+06 3839
internal_count=2670907 2565344 1855430 105563 1850989 6569 709914 2730 1844420 1488941 3839
is_linear=0
shrinkage=0.00523217


Tree=54
num_leaves=12
num_cat=0
split_feature=0 0 0 19 10 1 3 18 3 0 1
split_gain=36.9056 9.86003 7.02175 5.86068 3.68853 2.86594 3.30316 2.73326 2.34905 2.17331 1.73099
threshold=-1.4085726141929624 -3.6869672536849971 0.48711182177066809 inf 0.73877617716789257 -2.0414247512817378 -0.65833011269569386 2.1534955501556401 -2.6717535257339473 0.025595837272703651 -0.11408114805817603
decision_type=2 2 2 8 10 2 10 10 8 2 2
left_child=1 8 3 4 5 7 -7 -2 -1 -5 -4
right_child=2 -3 10 9 -6 6 -8 -9 -10 -11 -12
leaf_value=-0.0002507641920838305 -2.5691241515456877e-05 -5.1356274569389761e-05 1.9881650979842522e-05 -1.7554919749261173e-05 -1.2903371677426007e-05 -1.5362316564774319e-05 7.7380588641066562e-06 0.00020150618111942263 -0.00012903115752847371 -0.00024418030511398484 -1.4078023956899633e-05
leaf_weight=4950 2303 136860 753992 1699 459032 203128 1021771 3883 36285 3695 43429
leaf_count=4950 2303 136860 753992 1699 459032 203128 1021771 3883 36285 3695 43429
internal_value=2.81985e-08 -7.27355e-05 5.22679e-06 -7.9479e-07 -2.44709e-07 4.47465e-06 3.9066e-06 0.000116804 -0.000143671 -0.000172966 1.80311e-05
internal_weight=2.67103e+06 178095 2.49293e+06 1.69551e+06 1.69012e+06 1.23108e+06 1.2249e+06 6186 41235 5394 797421
internal_count=2671027 178095 2492932 1695511 1690117 1231085 1224899 6186 41235 5394 797421
is_linear=0
shrinkage=0.00523217


Tree=55
num_leaves=12
num_cat=0
split_feature=0 0 19 5 0 0 7 15 20 16 20
split_gain=36.4885 9.04712 6.66368 7.49852 5.90118 3.62188 3.5805 2.80662 4.1046 3.46627 2.18226
threshold=-2.122995018959045 -0.020995306782424446 inf inf -4.1393516063690177 0.72744932770729076 0.60439798235893261 0.088724624365568175 4.0456516742706308 -0.073228619992732988 -0.46173910796642298
decision_type=2 2 8 8 2 2 8 2 10 2 10
left_child=4 6 3 5 -1 10 -2 9 -9 -5 -3
right_child=1 2 -4 7 -6 -7 -8 8 -10 -11 -12
leaf_value=-0.00015602049707647564 -2.6097252873694365e-06 -1.1667395586009162e-06 -0.00017659408194382331 -0.00013163537268050932 -7.0092118137543929e-05 2.4720704097675624e-05 -2.660138891090347e-05 0.00052327817545980029 0.0029301644168357299 0.0002359351623486802 1.1758840030218513e-05
leaf_weight=31008 444137 616135 5220 836 74565 366532 276267 278 20 4290 851748
leaf_count=31008 444137 616135 5220 836 74565 366532 276267 278 20 4290 851748
internal_value=-1.03083e-08 3.91237e-06 1.00522e-05 1.05823e-05 -9.53393e-05 1.00074e-05 -1.18114e-05 0.000204822 0.000698437 0.000175815 6.33286e-06
internal_weight=2.67104e+06 2.56546e+06 1.84506e+06 1.83984e+06 105573 1.83442e+06 720404 5424 298 5126 1.46788e+06
internal_count=2671036 2565463 1845059 1839839 105573 1834415 720404 5424 298 5126 1467883
is_linear=0
shrinkage=0.00523217


Tree=56
num_leaves=12
num_cat=0
split_feature=0 0 13 0 5 11 2 22 0 22 22
split_gain=35.988 8.90941 6.37388 5.9397 5.61008 4.72493 4.46468 4.34174 3.52558 3.03732 2.27397
threshold=-2.122995018959045 -0.020995306782424446 inf -4.1393516063690177 inf 0.82314845919609081 0.24696958810091021 -0.073168788105249391 0.72744932770729076 -0.057426346465945237 -1.6494436860084531
decision_type=2 2 8 2 8 10 8 8 2 8 8
left_child=3 6 4 9 8 -6 -2 -7 -3 -1 -8
right_child=1 2 -4 -5 5 7 10 -9 -10 -11 -12
leaf_value=-0.0002141054008897172 3.0835771211537313e-06 6.287659531070423e-06 -0.00018762332296201609 -6.9364931869223234e-05 4.4847539330521438e-05 0.00059734379613081445 -9.6250919044595603e-05 0.00015989174429743733 2.4431302301466029e-05 -0.00010960587172669009 -2.1084423221573387e-05
leaf_weight=13630 313944 1468099 4457 74573 3597 1052 11340 1534 366425 17380 394985
leaf_count=13630 313944 1468099 4457 74573 3597 1052 11340 1534 366425 17380 394985
internal_value=-2.416e-08 3.87174e-06 9.96392e-06 -9.46925e-05 1.04429e-05 0.000167775 -1.17339e-05 0.000338352 9.91209e-06 -0.000155569 -2.31845e-05
internal_weight=2.67102e+06 2.56543e+06 1.84516e+06 105583 1.84071e+06 6183 720269 2586 1.83452e+06 31010 406325
internal_count=2671016 2565433 1845164 105583 1840707 6183 720269 2586 1834524 31010 406325
is_linear=0
shrinkage=0.00523217


Tree=57
num_leaves=12
num_cat=0
split_feature=0 0 19 23 0 2 0 16 0 2 0
split_gain=35.6464 8.77461 6.56084 7.24205 5.83068 4.41297 3.53787 2.63299 4.44007 2.30362 2.2631
threshold=-2.122995018959045 -0.020995306782424446 inf inf -4.1393516063690177 0.24696958810091021 0.73527646064758312 -0.073228619992732988 0.019596530124545101 0.082531370222568526 0.019596530124545101
decision_type=2 2 8 8 2 8 2 2 2 8 2
left_child=4 5 3 6 -1 -2 9 10 -9 -3 -5
right_child=1 2 -4 7 -6 -7 -8 8 -10 -11 -12
leaf_value=-0.00015457743979800767 3.1311943072635797e-06 1.2583400349767304e-05 -0.00017532287903707449 0.0011401528022764095 -6.9138045337598152e-05 -2.2983082558092033e-05 2.4709774005315661e-05 0.00016250558249816097 0.00055093957420470415 -4.8746670427583947e-07 -9.7811468071106359e-05
leaf_weight=30978 313935 770864 5217 41 74585 406425 355477 3452 1055 708039 944
leaf_count=30978 313935 770864 5217 41 74585 406425 355477 3452 1055 708039 944
internal_value=6.89482e-09 3.88448e-06 9.93089e-06 1.04567e-05 -9.42197e-05 -1.16013e-05 9.88821e-06 0.000200157 0.000253729 6.32506e-06 -4.41628e-05
internal_weight=2.67101e+06 2.56545e+06 1.84509e+06 1.83987e+06 105563 720360 1.83438e+06 5492 4507 1.4789e+06 985
internal_count=2671012 2565449 1845089 1839872 105563 720360 1834380 5492 4507 1478903 985
is_linear=0
shrinkage=0.00523217


Tree=58
num_leaves=12
num_cat=0
split_feature=0 0 0 7 5 7 16 0 3 0 3
split_gain=35.2918 8.96895 6.97528 5.65449 5.66974 4.55006 3.522 5.48258 2.51208 2.34354 2.30721
threshold=-1.4861466288566587 -3.6869672536849971 0.48711182177066809 inf inf 0.60439798235893261 -0.073228619992732988 0.019596530124545101 -0.52237418293952931 0.025595837272703651 -1.3542556166648863
decision_type=2 2 2 8 8 8 2 2 8 2 8
left_child=1 10 3 4 5 8 9 -8 -2 -6 -1
right_child=2 -3 -4 -5 6 -7 7 -9 -10 -11 -12
leaf_value=-0.00020299600624470304 -1.259318864266844e-05 -5.1681451735523942e-05 1.7663126842338319e-05 -0.00018403315463327423 0.00069635954162431031 -1.4458944885982431e-05 0.00012740822886246611 0.00054311725356228214 7.7438845965408459e-06 -0.00012690187992637518 -0.00011592721241300849
leaf_weight=11668 199583 126232 797597 4611 100 499330 4279 1092 995601 1429 29534
leaf_count=11668 199583 126232 797597 4611 100 499330 4279 1092 995601 1429 29534
internal_value=-2.75227e-08 -7.35703e-05 4.89048e-06 -1.08049e-06 -5.8407e-07 -1.19407e-06 0.00014908 0.000212178 4.34713e-06 -7.20376e-05 -0.000140609
internal_weight=2.67106e+06 167434 2.50362e+06 1.70602e+06 1.70141e+06 1.69451e+06 6900 5371 1.19518e+06 1529 41202
internal_count=2671056 167434 2503622 1706025 1701414 1694514 6900 5371 1195184 1529 41202
is_linear=0
shrinkage=0.00523217


Tree=59
num_leaves=12
num_cat=0
split_feature=0 0 0 7 5 7 16 17 10 0 16
split_gain=34.9575 8.91156 6.86136 5.60188 5.70401 4.5563 3.54029 5.39446 3.17608 2.41347 2.18869
threshold=-1.4861466288566587 -3.6869672536849971 0.48711182177066809 inf inf 0.61482834815979015 -0.073228619992732988 -2.2249805927276607 0.73877617716789257 0.025595837272703651 -0.067246664315462099
decision_type=2 2 2 8 8 8 2 2 8 2 2
left_child=1 -1 3 4 5 8 9 -8 -2 -6 -5
right_child=2 -3 -4 10 6 -7 7 -9 -10 -11 -12
leaf_value=-0.00014000251720255158 9.031779774420248e-06 -5.1346876234893006e-05 1.7601847533619186e-05 -0.00025903354740097143 0.00069999883337324093 -1.4506891811536905e-05 0.0020151818253033903 0.00019722673850363783 -1.1181338553961917e-05 -0.00012780406748667811 -1.1893083955152012e-05
leaf_weight=41190 925655 126192 797293 3193 102 492782 44 5338 276308 1433 1426
leaf_count=41190 925655 126192 797293 3193 102 492782 44 5338 276308 1433 1426
internal_value=3.58106e-08 -7.31692e-05 4.93045e-06 -9.90046e-07 -4.95584e-07 -1.10809e-06 0.000149435 0.000212678 4.3845e-06 -7.17779e-05 -0.000182932
internal_weight=2.67096e+06 167382 2.50357e+06 1.70628e+06 1.70166e+06 1.69474e+06 6917 5382 1.20196e+06 1535 4619
internal_count=2670956 167382 2503574 1706281 1701662 1694745 6917 5382 1201963 1535 4619
is_linear=0
shrinkage=0.00523217


Tree=60
num_leaves=12
num_cat=0
split_feature=1 9 19 1 1 20 12 7 4 16 20
split_gain=28.4491 6.61774 6.22248 4.67089 3.69585 2.63469 3.24836 2.49388 2.17309 1.75097 1.49429
threshold=1.5674355030059817 0.28087367117404943 inf 2.2527654170989995 -0.16622994840145108 4.0456516742706308 -1.5555489063262937 0.59414795041084301 0.33972814679145819 -0.067246664315462099 3.4771887063980107
decision_type=2 8 8 2 2 10 10 10 10 2 10
left_child=1 2 4 -2 5 -1 -7 8 -6 -4 -3
right_child=3 10 9 -5 7 6 -8 -9 -10 -11 -12
leaf_value=1.4963275928102423e-05 -5.1425902365986244e-05 -1.4804142063741665e-05 -0.0002294809517113062 -0.00011641767529261686 -9.7874616057045551e-07 0.00010798634803428167 0.0010146645971996872 -1.0990220752954382e-05 1.7265032044357044e-05 -2.1125417970807533e-05 -0.00013666931388200515
leaf_weight=1074008 114315 382938 3842 41226 429402 351 157 314545 306088 1562 2775
leaf_count=1074008 114315 382938 3842 41226 429402 351 157 314545 306088 1562 2775
internal_value=1.15277e-08 4.25763e-06 7.86913e-06 -6.86578e-05 8.32056e-06 1.51425e-05 0.000391482 1.33883e-06 6.61267e-06 -0.000169423 -1.56834e-05
internal_weight=2.67121e+06 2.51567e+06 2.12996e+06 155541 2.12455e+06 1.07452e+06 508 1.05004e+06 735490 5404 385713
internal_count=2671209 2515668 2129955 155541 2124551 1074516 508 1050035 735490 5404 385713
is_linear=0
shrinkage=0.00523217


Tree=61
num_leaves=12
num_cat=0
split_feature=2 5 2 5 11 3 11 17 10 15 5
split_gain=12.9226 7.76559 4.77339 5.476 3.21839 3.18877 3.68317 2.34852 5.90714 2.32878 2.18782
threshold=0.26386126875877386 1.1737715005874636 inf 1.1737715005874636 -0.89958983659744252 -1.1471772789955137 -0.70623287558555592 -2.2249805927276607 -1.1044335365295408 0.088724624365568175 inf
decision_type=8 10 8 8 8 10 10 2 8 2 8
left_child=4 2 3 5 -1 -2 -7 8 -5 -9 -6
right_child=1 -3 -4 7 10 6 -8 9 -10 -11 -12
leaf_value=-1.127724826293999e-05 -2.7784870266098385e-05 -4.8056436277252208e-05 -0.00016052903931189089 0.0046552280299318859 1.2760216265240943e-05 -2.0614012665798429e-05 3.5726677323182895e-06 0.00013348233684123189 -1.4217226629175105e-05 0.0006605264809559871 0.00023527417211378758
leaf_weight=168987 179707 150486 5571 9.9999999999999982 1326302 243366 590613 4437 21.000000000000004 242 1210
leaf_count=168987 179707 150486 5571 10 1326302 243366 590613 4437 21 242 1210
internal_value=3.02842e-08 -1.29605e-05 -7.80179e-06 -6.96534e-06 1.0226e-05 -7.79321e-06 -3.48438e-06 0.000170995 0.00158275 0.000161073 1.29638e-05
internal_weight=2.67095e+06 1.17445e+06 1.02397e+06 1.0184e+06 1.4965e+06 1.01369e+06 833979 4710 31 4679 1.32751e+06
internal_count=2670952 1174453 1023967 1018396 1496499 1013686 833979 4710 31 4679 1327512
is_linear=0
shrinkage=0.00523217


Tree=62
num_leaves=12
num_cat=0
split_feature=0 0 2 7 0 13 13 23 3 16 21
split_gain=34.4149 8.77572 7.35731 5.1275 4.90613 3.99219 2.59762 2.5112 2.23677 2.13476 1.90303
threshold=-1.4861466288566587 -4.1393516063690177 0.13715466111898425 inf -0.035463314503431313 2.6879446506500249 0.25656341016292578 inf -1.3542556166648863 -0.067246664315462099 -2.0947774648666377
decision_type=2 2 8 8 2 10 8 8 8 2 2
left_child=1 8 6 4 -4 -6 -2 -8 -1 -5 -3
right_child=2 10 3 9 5 -7 7 -9 -10 -11 -12
leaf_value=-0.00022084742492651025 1.8328645717403746e-05 0.00011834099688299004 -1.9220659117943837e-05 -0.00025394826350246631 2.9283642882684928e-06 0.00027095855907954814 1.5678169254916649e-06 0.00032309085353194591 -0.00012325085374624824 -8.991452928334543e-06 -5.6803109234990544e-05
leaf_weight=9163 906917 1716 384426 3184 819634 1523 385625 665 21858 1413 134712
leaf_count=9163 906917 1716 384426 3184 819634 1523 385625 665 21858 1413 134712
internal_value=-4.53415e-08 -7.2665e-05 4.81182e-06 -4.45995e-06 -3.79414e-06 3.42685e-06 1.34889e-05 2.12439e-06 -0.000152112 -0.000178851 -5.45932e-05
internal_weight=2.67084e+06 167449 2.50339e+06 1.21018e+06 1.20558e+06 821157 1.29321e+06 386290 31021 4597 136428
internal_count=2670836 167449 2503387 1210180 1205583 821157 1293207 386290 31021 4597 136428
is_linear=0
shrinkage=0.00523217


Tree=63
num_leaves=12
num_cat=0
split_feature=1 9 7 5 3 1 4 20 7 5 5
split_gain=27.866 6.62945 6.0141 5.86624 5.23821 4.6438 2.99192 3.21698 2.16002 1.66023 1.47083
threshold=1.5674355030059817 0.26362279057502752 inf inf -0.45360761880874628 2.2527654170989995 1.7165185213088991 4.0456516742706308 0.49170890450477606 2.6781778335571294 1.1105189323425295
decision_type=2 8 8 8 10 2 8 10 8 10 10
left_child=1 2 3 4 -1 -2 7 -5 -6 -7 -3
right_child=5 10 -4 6 8 9 -8 -9 -10 -11 -12
leaf_value=-8.4302086681541048e-06 -5.0794897405219094e-05 -1.0883744856175371e-05 -0.00018047733108712729 0.00021203044469699615 1.5538925243653479e-05 -0.00010064450252709504 -6.5396104344216002e-05 0.00090484105690229297 1.8650889215209561e-06 -0.00018972573985422204 -3.8297229651995306e-05
leaf_weight=428458 114304 341650 4627 4074 1248230 34298 1068 192 423764 6911 63590
leaf_count=428458 114304 341650 4627 4074 1248230 34298 1068 192 423764 6911 63590
internal_value=-6.58627e-09 4.19484e-06 7.91702e-06 8.33146e-06 7.89093e-06 -6.79756e-05 0.000181614 0.000243642 1.20738e-05 -0.000115608 -1.51875e-05
internal_weight=2.67117e+06 2.51565e+06 2.11041e+06 2.10579e+06 2.10045e+06 155513 5334 4266 1.67199e+06 41209 405240
internal_count=2671166 2515653 2110413 2105786 2100452 155513 5334 4266 1671994 41209 405240
is_linear=0
shrinkage=0.00523217


Tree=64
num_leaves=12
num_cat=0
split_feature=0 0 0 10 23 17 24 9 1 12 5
split_gain=33.4923 9.10934 6.58369 3.66604 4.48886 5.17265 8.79818 2.13414 2.08958 4.25667 2.72703
threshold=-1.4085726141929624 -3.6869672536849971 0.48711182177066809 0.73877617716789257 inf -2.2249805927276607 -0.52367645502090443 -0.074855603277683244 -2.6243940591812129 -0.59159183502197255 inf
decision_type=2 2 2 8 8 2 10 8 2 8 8
left_child=1 -1 3 4 -2 6 -6 -4 9 -5 -10
right_child=2 -3 7 8 5 -7 -8 -9 10 -11 -12
leaf_value=-0.00013747435866988178 3.6049353360658312e-06 -4.873804478376494e-05 2.3807916531028448e-05 9.6026155593486885e-05 0.0070176208300557668 0.00026258167133010388 0.00092221219117020884 5.9752205937851119e-06 -1.3205287127396657e-05 -0.00019782892785263147 0.00012229876506960182
leaf_weight=41226 1225886 136892 510028 1942 6.9999999999999991 1066 36 287372 458121 4396 4100
leaf_count=41226 1225886 136892 510028 1942 7 1066 36 287372 458121 4396 4100
internal_value=3.08822e-08 -6.92816e-05 4.98352e-06 -8.4702e-07 3.90676e-06 0.000336464 0.00209386 1.73823e-05 -1.32972e-05 -0.000107662 -1.20013e-05
internal_weight=2.67107e+06 178118 2.49295e+06 1.69555e+06 1.227e+06 1109 43 797400 468559 6338 462221
internal_count=2671072 178118 2492954 1695554 1226995 1109 43 797400 468559 6338 462221
is_linear=0
shrinkage=0.00523217


Tree=65
num_leaves=12
num_cat=0
split_feature=1 7 1 1 3 22 1 16 22 22 12
split_gain=27.5198 5.73197 5.91197 4.61333 2.97748 2.63454 2.13754 2.05514 1.83173 1.7665 1.41613
threshold=1.5674355030059817 inf 0.7643013894557954 2.067751526832581 -0.26524187624454493 -0.25545366108417505 -2.3306863307952876 -0.067246664315462099 -0.23331446945667264 0.066656205803155913 -0.55448961257934559
decision_type=2 8 2 2 10 8 2 2 8 8 8
left_child=1 2 4 8 6 -5 10 -3 -2 -4 -1
right_child=3 7 9 5 -6 -7 -8 -9 -10 -11 -12
leaf_value=0.00014911581034231591 -7.6116780987069667e-05 -0.00025365895571771214 -2.5188359458506048e-05 -0.00015084166718911946 1.1429099202265413e-05 -7.8382080646635389e-05 -4.0175983569883492e-06 -1.4042408096004562e-05 -2.747029122592722e-05 -2.1543783698833841e-06 7.9750871292422763e-06
leaf_weight=4161 32503 3194 203050 20681 1600403 41203 534261 1424 61129 165533 3679
leaf_count=4161 32503 3194 203050 20681 1600403 41203 534261 1424 61129 165533 3679
internal_value=-5.13717e-09 4.17007e-06 4.50911e-06 -6.755e-05 7.8392e-06 -0.000102613 -2.7575e-06 -0.000179968 -4.43665e-05 -1.48459e-05 8.29977e-05
internal_weight=2.67122e+06 2.5157e+06 2.51109e+06 155516 2.1425e+06 61884 542101 4618 93632 368583 7840
internal_count=2671221 2515705 2511087 155516 2142504 61884 542101 4618 93632 368583 7840
is_linear=0
shrinkage=0.00523217


Tree=66
num_leaves=12
num_cat=0
split_feature=0 0 7 0 7 0 18 11 20 10 16
split_gain=33.1541 8.22545 5.82869 5.6562 3.40055 3.18432 3.37397 4.26306 2.29806 2.17126 1.96894
threshold=-2.122995018959045 -0.020995306782424446 inf -4.1393516063690177 0.61482834815979015 0.73527646064758312 2.8698217868804936 1.0316537618637087 -0.80342465639114369 0.52173995971679699 -0.067246664315462099
decision_type=2 2 8 2 8 2 10 10 10 8 2
left_child=3 4 5 -1 9 6 8 -8 -3 -2 -4
right_child=1 2 10 -5 -6 -7 7 -9 -10 -11 -12
leaf_value=-0.0001503031408944618 6.5291211225646331e-06 -6.6239054288868393e-06 -0.00024950431264671386 -6.6165843857802633e-05 -2.5805706916966104e-05 2.4112752903503732e-05 2.7432525378505031e-05 0.00035781421761972066 9.5402974084676857e-06 -1.7298582739143977e-05 -5.8432934136520444e-06
leaf_weight=30998 280123 302574 3168 74552 273142 355487 2948 1682 1177988 167149 1282
leaf_count=30998 280123 302574 3168 74552 273142 355487 2948 1682 1177988 167149 1282
internal_value=-4.94832e-09 3.73368e-06 9.58788e-06 -9.08844e-05 -1.1259e-05 1.00456e-05 6.67799e-06 0.000147689 6.23637e-06 -2.3737e-06 -0.000179509
internal_weight=2.67109e+06 2.56554e+06 1.84513e+06 105550 720414 1.84068e+06 1.48519e+06 4630 1.48056e+06 447272 4450
internal_count=2671093 2565543 1845129 105550 720414 1840679 1485192 4630 1480562 447272 4450
is_linear=0
shrinkage=0.00523217


Tree=67
num_leaves=12
num_cat=0
split_feature=0 2 0 0 7 22 22 16 22 14 20
split_gain=32.9869 7.69189 7.20708 4.92052 5.29306 2.94036 2.17825 2.09569 2.01775 1.93769 1.8925
threshold=-1.757364749908447 0.15409007668495181 -4.1393516063690177 -0.035463314503431313 inf -0.073168788105249391 0.077804323285818114 -0.067246664315462099 -1.6494436860084531 -2.3133711814880367 2.7956387996673588
decision_type=2 8 2 2 8 8 8 2 8 2 10
left_child=2 -2 5 8 9 -1 -4 -6 -3 10 -5
right_child=1 3 6 4 7 -7 -8 -9 -10 -11 -12
leaf_value=-0.00020801410160695941 1.300258795889332e-05 -9.0113574887045977e-05 -8.1104635376157383e-05 9.4693069257548924e-05 -0.00024974122647913302 -0.00010494308309144388 -3.3391660522450537e-05 -5.2060828478068643e-06 -1.8254110508643247e-05 2.7314057740627577e-06 0.00053568285460155434
leaf_weight=13367 1322718 11004 55672 2134 3172 17623 49621 1385 390339 803720 305
leaf_count=13367 1322718 11004 55672 2134 3172 17623 49621 1385 390339 803720 305
internal_value=1.38155e-08 4.27759e-06 -7.92831e-05 -5.24333e-06 2.17314e-06 -0.000149433 -5.86274e-05 -0.000175617 -2.02266e-05 3.17939e-06 0.000150401
internal_weight=2.67106e+06 2.53478e+06 136283 1.21206e+06 810716 30990 105293 4557 401343 806159 2439
internal_count=2671060 2534777 136283 1212059 810716 30990 105293 4557 401343 806159 2439
is_linear=0
shrinkage=0.00523217


Tree=68
num_leaves=12
num_cat=0
split_feature=0 0 13 0 5 11 15 9 0 9 0
split_gain=32.6023 8.07865 5.69055 5.42268 4.71956 4.52483 4.81667 4.41039 3.36241 2.82101 1.93963
threshold=-2.122995018959045 -0.02802418731153011 inf -4.1393516063690177 inf 0.82314845919609081 0.088724624365568175 0.011971684638410808 0.73527646064758312 0.28984406590461737 0.025595837272703651
decision_type=2 2 8 2 8 10 2 10 2 10 2
left_child=3 9 4 -1 8 6 -6 -7 -3 -2 -4
right_child=1 2 10 -5 5 7 -8 -9 -10 -11 -12
leaf_value=-0.00014827814336930065 -5.3022183367125786e-06 5.9536715315936147e-06 -1.8323995761214919e-05 -6.5907480038794283e-05 -3.1614918504729612e-06 0.00057458451374747094 0.00099535358805370516 0.00014313361480977952 2.3865927508344863e-05 -2.9435901724649714e-05 -0.00025106413258139091
leaf_weight=31006 533627 1488934 1455 74585 3639 1071 136 1662 355432 176487 3054
leaf_count=31006 533627 1488934 1455 74585 3639 1071 136 1662 355432 176487 3054
internal_value=-2.24002e-09 3.7059e-06 9.45012e-06 -9.0104e-05 9.90285e-06 0.00015055 3.28991e-05 0.000312678 9.40603e-06 -1.13014e-05 -0.000176164
internal_weight=2.67109e+06 2.5655e+06 1.85538e+06 105591 1.85087e+06 6508 3775 2733 1.84437e+06 710114 4509
internal_count=2671088 2565497 1855383 105591 1850874 6508 3775 2733 1844366 710114 4509
is_linear=0
shrinkage=0.00523217


Tree=69
num_leaves=12
num_cat=0
split_feature=2 5 7 5 15 14 3 16 2 15 22
split_gain=12.3128 6.70018 4.51871 3.54208 3.28748 5.0574 3.0762 3.07016 2.85506 2.29591 2.25795
threshold=0.43745510280132299 1.3184128999710085 inf 1.3184128999710085 0.088724624365568175 -2.3133711814880367 -1.1471772789955137 -0.073228619992732988 -0.61408442258834828 -0.87648198008537281 -0.76003947854042042
decision_type=8 10 8 8 2 2 10 2 10 2 10
left_child=8 2 3 6 7 -6 -2 -5 -1 -10 -8
right_child=1 -3 -4 4 5 -7 10 -9 9 -11 -12
leaf_value=1.7145400535031814e-05 -2.9535015272889399e-05 -5.2991624278049368e-05 -0.00017340306187621287 -0.00015513936767683233 0.0017633803365578969 0.00018705302620363186 -2.7150666080539519e-05 0.00015800906908245387 -1.5582521250105654e-05 6.3108234655139259e-06 -5.6237205354602185e-07
leaf_weight=641842 173593 112334 4605 1072 82 174 103871 4220 152809 923595 553061
leaf_count=641842 173593 112334 4605 1072 82 174 103871 4220 152809 923595 553061
internal_value=4.48452e-08 -1.50381e-05 -9.96566e-06 -9.06426e-06 0.000122675 0.000700877 -9.94543e-06 9.44024e-05 8.41098e-06 3.20203e-06 -4.76765e-06
internal_weight=2.67126e+06 953012 840678 836073 5548 256 830525 5292 1.71825e+06 1.0764e+06 656932
internal_count=2671258 953012 840678 836073 5548 256 830525 5292 1718246 1076404 656932
is_linear=0
shrinkage=0.00523217


Tree=70
num_leaves=12
num_cat=0
split_feature=1 19 5 3 1 11 11 3 21 10 16
split_gain=26.147 5.42919 6.5086 6.11724 4.34152 4.0141 3.36164 3.40158 3.14897 2.3601 1.71367
threshold=1.5674355030059817 inf inf -0.61536589264869679 2.2527654170989995 -0.86895382404327381 0.89736339449882518 -2.9485645294189449 0.50069785118103038 0.6851119101047517 -0.20847065746784207
decision_type=2 8 8 8 2 8 10 10 2 8 2
left_child=1 2 3 -1 -2 10 -4 -8 -9 -7 -5
right_child=4 -3 6 5 -6 9 7 8 -10 -11 -12
leaf_value=-1.3494116805918014e-05 -4.9217827616083209e-05 -0.00016137220629951552 6.2926786522207132e-05 -2.2841078576460351e-05 -0.0001118709521220829 1.4305383529690866e-05 6.8081885835681601e-06 0.0005959074666330368 0.00017553319482780378 2.2109324215313272e-07 2.2500377815965795e-06
leaf_weight=448615 114277 5417 3347 144639 41242 1325158 747 1179 845 432000 153592
leaf_count=448615 114277 5417 3347 144639 41242 1325158 747 1179 845 432000 153592
internal_value=-8.15989e-10 4.06921e-06 4.42664e-06 4.00981e-06 -6.58387e-05 7.83067e-06 0.000174861 0.000309688 0.000421007 1.08432e-05 -9.91625e-06
internal_weight=2.67106e+06 2.51554e+06 2.51012e+06 2.504e+06 155519 2.05539e+06 6118 2771 2024 1.75716e+06 298231
internal_count=2671058 2515539 2510122 2504004 155519 2055389 6118 2771 2024 1757158 298231
is_linear=0
shrinkage=0.00523217


Tree=71
num_leaves=12
num_cat=0
split_feature=2 5 7 5 2 13 13 22 5 14 16
split_gain=12.1552 6.50896 4.48882 3.57037 2.83718 2.81049 2.77916 2.74209 2.17561 2.03508 2.02094
threshold=0.43745510280132299 1.3184128999710085 inf 1.3184128999710085 -0.61408442258834828 2.6879446506500249 0.25656341016292578 -0.77408435940742482 1.1401758193969729 -0.43740203976631159 -0.067246664315462099
decision_type=8 10 8 8 8 10 10 10 10 2 2
left_child=4 2 3 7 6 9 -1 -2 -6 -5 -4
right_child=1 -3 10 5 8 -7 -8 -9 -10 -11 -12
leaf_value=2.3118080282277311e-05 -3.1637124821621859e-05 -5.2391305419624074e-05 -0.00024624009502500029 2.6192040590859151e-05 5.4721037570145102e-06 0.00035437278655831635 -2.4241999191065201e-06 -5.7992021585294048e-06 -2.0418419259248053e-05 0.00040938897861730975 -7.7865769724596433e-06
leaf_weight=488541 134130 112349 3180 3986 978754 1143 153108 696319 97712 419 1412
leaf_count=488541 134130 112349 3180 3986 978754 1143 153108 696319 97712 419 1412
internal_value=3.97406e-10 -1.49863e-05 -9.9859e-06 -9.08866e-06 8.31311e-06 0.000123176 1.7022e-05 -9.97342e-06 3.12123e-06 6.29237e-05 -0.000173113
internal_weight=2.67105e+06 952938 840589 835997 1.71812e+06 5548 641649 830449 1.07647e+06 4405 4592
internal_count=2671053 952938 840589 835997 1718115 5548 641649 830449 1076466 4405 4592
is_linear=0
shrinkage=0.00523217


Tree=72
num_leaves=12
num_cat=0
split_feature=0 0 2 2 5 0 9 11 9 5 11
split_gain=31.734 8.13877 6.78738 4.37776 4.96741 3.72929 2.42733 3.16795 2.38279 2.39212 3.76365
threshold=-1.4861466288566587 -3.6869672536849971 0.2802532315254212 0.2802532315254212 inf -0.035463314503431313 1.8862680792808535 3.3645783662796025 0.3174464106559754 inf 1.1239410042762759
decision_type=2 2 8 10 8 2 8 10 10 8 10
left_child=1 -1 8 -4 5 -5 -6 -8 9 -2 -11
right_child=2 -3 3 4 6 -7 7 -9 -10 10 -12
leaf_value=-0.00013359263482537714 1.41082349160246e-05 -4.8873280208611899e-05 -0.00015170932163333968 -1.9491472084961648e-05 0.00019253767824319569 1.5656352561135506e-06 -0.00055614764570481839 0.0014009734046729516 -6.9316916413280183e-06 5.493615804841232e-05 0.00071855807744259379
leaf_weight=41192 1297938 126246 5577 346708 4461 685263 213 24 162500 775 336
leaf_count=41192 1297938 126246 5577 346708 4461 685263 213 24 162500 775 336
internal_value=1.50362e-08 -6.9721e-05 4.67889e-06 -5.52187e-06 -4.73448e-06 -5.50809e-06 0.000164986 -0.000348617 1.19537e-05 1.43167e-05 0.000256908
internal_weight=2.67123e+06 167438 2.5038e+06 1.04225e+06 1.03667e+06 1.03197e+06 4698 237 1.46155e+06 1.29905e+06 1111
internal_count=2671233 167438 2503795 1042246 1036669 1031971 4698 237 1461549 1299049 1111
is_linear=0
shrinkage=0.00523217


Tree=73
num_leaves=12
num_cat=0
split_feature=7 22 4 10 12 8 12 13 4 4 13
split_gain=8.63791 4.78672 4.60227 4.27366 2.40769 2.19549 2.38185 1.86942 3.39171 1.69136 2.0916
threshold=0.61482834815979015 -1.6494436860084531 2.8768199682235722 0.86300581693649303 -2.4598629474639888 -2.0727592706680293 0.39239135384559637 2.6879446506500249 1.2595108151435854 0.33972814679145819 0.24914450943470004
decision_type=8 10 8 10 8 10 8 10 10 10 10
left_child=3 -2 5 4 -1 7 -7 -3 -9 -6 -11
right_child=1 2 -4 -5 9 6 -8 8 -10 10 -12
leaf_value=-3.2720623926612495e-05 -7.6424581143402049e-05 3.5763475735831828e-05 -0.00016726636846671605 -1.1617033941131334e-05 5.2486769732048444e-06 -1.9186285994750172e-05 1.585596630245187e-06 0.00021739492144624454 0.0034146072666959202 2.2111373185080991e-05 2.9472279253080128e-06
leaf_weight=36570 33509 7241 5213 322211 859265 454695 226248 1521 7.9999999999999991 497432 227228
leaf_count=36570 33509 7241 5213 322211 859265 454695 226248 1521 8 497432 227228
internal_value=2.3429e-08 -1.53417e-05 -1.23951e-05 5.78515e-06 9.24582e-06 -1.12231e-05 -1.22835e-05 7.10143e-05 0.000237273 1.02153e-05 1.61033e-05
internal_weight=2.67114e+06 728435 694926 1.94271e+06 1.6205e+06 689713 680943 8770 1529 1.58392e+06 724660
internal_count=2671141 728435 694926 1942706 1620495 689713 680943 8770 1529 1583925 724660
is_linear=0
shrinkage=0.00523217


Tree=74
num_leaves=12
num_cat=0
split_feature=1 1 19 5 1 3 15 20 22 22 22
split_gain=25.7944 5.34938 5.34485 6.04241 4.33158 3.96562 2.68237 4.779 2.99695 2.53079 1.81538
threshold=1.5674355030059817 0.7643013894557954 inf inf 2.067751526832581 -0.59544420242309559 0.088724624365568175 4.0456516742706308 -0.83467108011245716 -0.25545366108417505 -0.23331446945667264
decision_type=2 2 8 8 2 10 2 10 8 8 8
left_child=1 2 3 5 10 -1 8 -8 -5 -6 -2
right_child=4 -3 -4 6 9 -7 7 -9 -10 -11 -12
leaf_value=-8.6684088678776523e-06 -7.4531701137928947e-05 -1.4376835349014129e-05 -0.00015719035745280309 0.00049942081179896235 -0.00014660004956680507 1.0359903255324864e-05 0.00044329751544250025 0.0027904327656677352 0.00010574522382489406 -7.5604120349135256e-05 -2.6100342758245256e-05
leaf_weight=360729 32497 368457 5399 590 20698 1774871 290 25 5220 41216 61126
leaf_count=360729 32497 368457 5399 590 20698 1774871 290 25 5220 41216 61126
internal_value=-1.92693e-09 4.04071e-06 7.20163e-06 7.6165e-06 -6.53903e-05 7.14541e-06 0.000171708 0.000641853 0.000145954 -9.93535e-05 -4.29204e-05
internal_weight=2.67112e+06 2.51558e+06 2.14712e+06 2.14172e+06 155537 2.1356e+06 6125 315 5810 61914 93623
internal_count=2671118 2515581 2147124 2141725 155537 2135600 6125 315 5810 61914 93623
is_linear=0
shrinkage=0.00523217


Tree=75
num_leaves=12
num_cat=0
split_feature=5 7 7 5 4 8 17 20 20 20 4
split_gain=8.60943 5.50277 4.29461 4.70702 3.45361 3.01462 2.9378 8.29047 2.67448 2.14836 2.00925
threshold=1.1737715005874636 0.61482834815979015 -1.0000000180025095e-35 1.1737715005874636 -0.84921774268150318 -0.58881214261054982 -2.3578816652297969 3.4771887063980107 0.24869402498006823 -0.8121381103992461 0.14611879736185077
decision_type=10 8 10 8 8 8 2 10 8 10 10
left_child=1 5 -3 8 -2 -1 7 -5 -4 -7 -11
right_child=4 2 3 6 -6 9 -8 -9 -10 10 -12
leaf_value=-3.1005645368212451e-06 -5.518922662144101e-05 -0.00016906426130539208 -2.8898901914797012e-06 0 -1.5368534382066388e-05 -8.7658428738935179e-07 0.00013812089743296479 0.0053839452652079782 -2.6611063522637311e-05 7.2471928059733822e-06 2.2177094099621593e-05
leaf_weight=478835 83418 4612 425931 26 209361 267821 5091 9.9999999999999982 187408 431439 577123
leaf_count=478835 83418 4612 425931 26 209361 267821 5091 10 187408 431439 577123
internal_value=5.50566e-08 3.35118e-06 -1.0006e-05 -8.81826e-06 -2.67171e-05 8.09325e-06 0.000149029 0.00161662 -1.01393e-05 1.22932e-05 1.57912e-05
internal_weight=2.67108e+06 2.3783e+06 623078 618466 292779 1.75522e+06 5127 36 613339 1.27638e+06 1.00856e+06
internal_count=2671075 2378296 623078 618466 292779 1755218 5127 36 613339 1276383 1008562
is_linear=0
shrinkage=0.00523217


Tree=76
num_leaves=12
num_cat=0
split_feature=9 2 6 19 8 6 22 6 20 20 22
split_gain=14.6706 6.48383 6.35636 4.63085 3.09942 2.94536 2.78913 2.67562 2.14564 2.12617 1.79901
threshold=0.28087367117404943 0.15409007668495181 -2.4138929843902583 inf inf -0.29535564780235285 -0.33442121744155878 -0.025927134789526459 3.4771887063980107 3.4771887063980107 -0.13203510642051694
decision_type=8 8 2 8 8 2 8 2 10 10 8
left_child=1 -1 10 4 5 -3 -4 -6 -8 -7 -2
right_child=2 3 6 -5 7 9 8 -9 -10 -11 -12
leaf_value=1.4053346698750889e-05 -0.00013125281550920069 -1.8458011638834212e-05 -4.1365289112729675e-05 -0.00015684341450980315 0.00064217875838229368 1.3317235421924189e-06 -1.1037111045869778e-05 0.00011807240145164352 -0.00018140774599570718 0.00018181455070916792 -5.8480349352210093e-05
leaf_weight=1174606 17261 266715 128274 5392 325 755497 297369 1504 2037 1790 20300
leaf_count=1174606 17261 266715 128274 5392 325 755497 297369 1504 2037 1790 20300
internal_value=1.64212e-08 5.64812e-06 -2.66832e-05 -3.92501e-06 -3.12027e-06 -3.50552e-06 -2.09492e-05 0.000211996 -1.21996e-05 1.75967e-06 -9.19471e-05
internal_weight=2.67107e+06 2.20583e+06 465241 1.03122e+06 1.02583e+06 1.024e+06 427680 1829 299406 757287 37561
internal_count=2671070 2205829 465241 1031223 1025831 1024002 427680 1829 299406 757287 37561
is_linear=0
shrinkage=0.00523217


Tree=77
num_leaves=12
num_cat=0
split_feature=1 9 19 1 1 18 15 4 7 18 15
split_gain=25.4611 6.10812 5.20243 4.31442 3.31821 4.04601 2.51108 2.28622 2.60266 1.58552 1.56893
threshold=1.5674355030059817 0.28087367117404943 inf 2.2527654170989995 -0.16622994840145108 2.6146798133850102 0.25411505997180944 0.33972814679145819 0.25942662358284002 -2.1090607643127437 -1.0000000180025095e-35
decision_type=2 8 8 2 2 10 2 10 8 8 2
left_child=1 2 4 -2 5 9 -7 -6 -9 -1 -4
right_child=3 -3 10 -5 7 6 -8 8 -10 -11 -12
leaf_value=8.0658497956895728e-05 -4.8384894644930136e-05 -1.5117833330515012e-05 -0.00021676304153186781 -0.00011086063503200163 -4.0306681411719296e-06 0.00021725972767471714 -4.179933545991173e-06 1.9345972643089569e-05 -1.8022242016137136e-05 1.2995625276788142e-05 -2.6371417438077566e-05
leaf_weight=9570 114311 385642 3636 41204 710174 4327 2063 277330 62506 1058430 1773
leaf_count=9570 114311 385642 3636 41204 710174 4327 2063 277330 62506 1058430 1773
internal_value=2.49385e-08 4.04191e-06 7.51153e-06 -6.49438e-05 7.92455e-06 1.43891e-05 0.000145655 1.30916e-06 1.24704e-05 1.36028e-05 -0.000154523
internal_weight=2.67097e+06 2.51545e+06 2.12981e+06 155515 2.1244e+06 1.07439e+06 6390 1.05001e+06 339836 1.068e+06 5409
internal_count=2670966 2515451 2129809 155515 2124400 1074390 6390 1050010 339836 1068000 5409
is_linear=0
shrinkage=0.00523217


Tree=78
num_leaves=12
num_cat=0
split_feature=0 0 2 18 0 22 5 16 16 5 14
split_gain=30.8592 8.01309 6.62079 4.18314 4.29591 3.05773 2.87718 3.18475 1.98872 1.92526 2.06831
threshold=-1.4861466288566587 -3.6869672536849971 0.13715466111898425 inf -0.02802418731153011 -0.06793526932597159 inf -0.073228619992732988 -0.067246664315462099 inf -0.51397347450256337
decision_type=2 2 8 8 2 8 8 2 2 8 2
left_child=1 5 9 4 -4 -1 -6 -8 -5 -2 -11
right_child=2 -3 3 8 6 -7 7 -9 -10 10 -12
leaf_value=-0.00018334835139743918 1.2618981059691442e-05 -4.8104622783072419e-05 -1.7902658577783415e-05 -0.0002372467980353815 2.3924419032344297e-06 -9.2351244583077923e-05 -0.00010696896185475589 0.0001906239002696138 0 0.00011468274372416477 0.00067501635788373747
leaf_weight=18014 1292330 126224 390144 3102 810158 23180 1275 4267 1401 891 227
leaf_count=18014 1292330 126224 390144 3102 810158 23180 1275 4267 1401 891 227
internal_value=-2.12548e-08 -6.87943e-05 4.57701e-06 -4.21791e-06 -3.62274e-06 -0.000132168 3.20628e-06 0.000122006 -0.000163375 1.28075e-05 0.000229764
internal_weight=2.67121e+06 167418 2.5038e+06 1.21035e+06 1.20584e+06 41194 815700 5542 4503 1.29345e+06 1118
internal_count=2671213 167418 2503795 1210347 1205844 41194 815700 5542 4503 1293448 1118
is_linear=0
shrinkage=0.00523217


Tree=79
num_leaves=12
num_cat=0
split_feature=9 6 19 5 6 11 11 20 8 20 19
split_gain=14.3107 6.24764 5.06692 7.91427 4.40368 3.52241 3.14132 2.62705 2.56621 10.2998 2.71901
threshold=0.28087367117404943 -2.4138929843902583 inf inf -0.322830781340599 0.73603066802024852 -0.78818863630294789 3.4771887063980107 0.82598853111267101 3.1645727157592778 3.9810845851898198
decision_type=8 2 8 8 2 10 8 10 10 10 10
left_child=2 -2 3 4 -1 -5 -3 -8 10 -10 -7
right_child=1 6 -4 5 -6 8 7 -9 9 -11 -12
leaf_value=-9.3835047864899698e-06 -9.1074656690998294e-05 -4.6298892099482606e-05 -0.00015439333899361325 7.7572960440147127e-05 9.1943114879182702e-06 0.00036320354794054378 -1.1205303793332611e-05 -0.00014847752679343794 0.0003865170240793228 0.0029579192322285483 -0.00025784086282735791
leaf_weight=435746 37549 100304 5406 2327 1759860 1783 323634 3862 266 50 214
leaf_count=435746 37549 100304 5406 2327 1759860 1783 323634 3862 266 50 214
internal_value=6.93514e-09 -2.63593e-05 5.57007e-06 5.96355e-06 5.50694e-06 0.000221799 -2.0677e-05 -1.28271e-05 0.000366438 0.000805423 0.000296137
internal_weight=2.671e+06 465349 2.20565e+06 2.20025e+06 2.19561e+06 4640 427800 327496 2313 316 1997
internal_count=2671001 465349 2205652 2200246 2195606 4640 427800 327496 2313 316 1997
is_linear=0
shrinkage=0.00523217


Tree=80
num_leaves=12
num_cat=0
split_feature=0 0 19 5 0 2 0 11 10 20 0
split_gain=30.5094 7.92518 5.27042 6.22689 4.48629 3.9897 3.27612 2.93567 3.81623 2.18399 1.87858
threshold=-2.2887891530990596 -0.020995306782424446 inf inf -4.1393516063690177 0.12767694145441058 0.73527646064758312 0.82314845919609081 -0.59933307766914357 -0.80342465639114369 0.025595837272703651
decision_type=2 2 8 8 2 8 2 10 8 10 2
left_child=4 5 3 6 -1 -2 9 -5 -9 -3 -4
right_child=1 2 10 7 -6 -7 -8 8 -10 -11 -12
leaf_value=-0.0001439273020501961 4.1906644006682438e-06 -6.8628910733565696e-06 -1.4653941432332869e-06 6.9930868450097835e-05 -6.7119051181844223e-05 -2.0903111875005617e-05 2.3354170959485548e-05 0.00084246688052512931 0.00023692438550432799 8.8909854224637683e-06 -0.00022047812943658035
leaf_weight=31000 282615 302911 1520 2836 63624 448842 355526 327 2261 1175901 3699
leaf_count=31000 282615 302911 1520 2836 63624 448842 355526 327 2261 1175901 3699
internal_value=-2.15306e-08 3.367e-06 9.1452e-06 9.61666e-06 -9.22924e-05 -1.12065e-05 9.09271e-06 0.000186623 0.000314096 5.66351e-06 -0.000156861
internal_weight=2.67106e+06 2.57644e+06 1.84498e+06 1.83976e+06 94624 731457 1.83434e+06 5424 2588 1.47881e+06 5219
internal_count=2671062 2576438 1844981 1839762 94624 731457 1834338 5424 2588 1478812 5219
is_linear=0
shrinkage=0.00523217


Tree=81
num_leaves=12
num_cat=0
split_feature=9 6 6 4 23 14 20 20 23 6 6
split_gain=14.0067 5.38983 4.70842 4.78765 4.90903 4.50283 11.3355 2.70745 2.22365 2.15846 1.85818
threshold=0.35016092658042913 -2.4138929843902583 -0.322830781340599 inf inf -0.47678370773792261 3.1645727157592778 3.4771887063980107 inf 0.0082615916617214697 -3.6667821407318111
decision_type=8 2 2 8 8 2 10 10 8 2 2
left_child=2 -2 8 4 -4 9 -7 -3 10 -6 -1
right_child=1 7 3 -5 5 6 -8 -9 -10 -11 -12
leaf_value=-8.1964524531460262e-05 -9.1362076786737732e-05 -2.1401209669051842e-05 8.8462733430495869e-06 -0.00014562013027804134 0.0003766672016445876 0.00035423910105815512 0.0029493893680006301 -0.00016680947329987338 0.00018959614748644232 6.2138022064913245e-05 -9.0680876240738567e-06
leaf_weight=9783 34448 355520 1807210 5481 804 289 54 3541 1522 2351 450123
leaf_count=9783 34448 355520 1807210 5481 804 289 54 3541 1522 2351 450123
internal_value=-1.39154e-08 -2.88389e-05 4.9659e-06 8.75799e-06 9.22583e-06 0.00020502 0.000773864 -2.2838e-05 -9.95804e-06 0.000142656 -1.06207e-05
internal_weight=2.67113e+06 393509 2.27762e+06 1.81619e+06 1.81071e+06 3498 343 359061 461428 3155 459906
internal_count=2671126 393509 2277617 1816189 1810708 3498 343 359061 461428 3155 459906
is_linear=0
shrinkage=0.00523217


Tree=82
num_leaves=12
num_cat=0
split_feature=1 9 19 1 1 10 22 22 7 20 13
split_gain=24.3553 5.92587 5.01301 4.14881 3.25513 3.10358 2.43918 2.34173 2.21447 2.23049 2.05614
threshold=1.5674355030059817 0.28087367117404943 inf 2.067751526832581 -0.16622994840145108 inf -0.25545366108417505 -0.1221071034669876 0.59414795041084301 1.5676684975624087 2.6879446506500249
decision_type=2 8 8 2 2 8 8 8 8 10 10
left_child=1 2 4 -2 5 -1 -5 -3 9 -6 -7
right_child=3 7 -4 6 8 10 -8 -9 -10 -11 -12
leaf_value=1.3670611473609832e-05 -4.1579898478122478e-05 -2.9123845918803154e-05 -0.00015183741272260348 -0.00014320262228811957 3.692429906484905e-06 0.00012466453767946711 -7.3487044239705428e-05 -3.2194029289614075e-06 -1.044239263457919e-05 4.0009573144648233e-05 0.0005089799593122619
leaf_weight=1071605 93671 174840 5402 20691 685752 2402 41188 210784 314527 49655 455
leaf_count=1071605 93671 174840 5402 20691 685752 2402 41188 210784 314527 49655 455
internal_value=-2.28763e-08 3.90576e-06 7.32317e-06 -6.35581e-05 7.72835e-06 1.41307e-05 -9.68137e-05 -1.49665e-05 1.17568e-06 6.14573e-06 0.000186336
internal_weight=2.67097e+06 2.51542e+06 2.1298e+06 155550 2.1244e+06 1.07446e+06 61879 385624 1.04993e+06 735407 2857
internal_count=2670972 2515422 2129798 155550 2124396 1074462 61879 385624 1049934 735407 2857
is_linear=0
shrinkage=0.00523217


Tree=83
num_leaves=12
num_cat=0
split_feature=9 6 19 23 6 22 18 18 13 22 6
split_gain=13.9288 6.05047 4.95431 6.96835 4.28275 2.76109 2.15716 2.06022 1.81992 1.78099 2.05327
threshold=0.28087367117404943 -2.4138929843902583 inf inf -0.322830781340599 -0.33442121744155878 -2.1090607643127437 2.1534955501556401 0.37440684437751776 0.14046356827020648 -3.6667821407318111
decision_type=8 2 8 8 2 8 10 10 10 10 2
left_child=2 -2 3 4 9 -3 -6 -5 -8 10 -1
right_child=1 5 -4 7 6 -7 8 -9 -10 -11 -12
leaf_value=-0.00011251674789436098 -8.9672128908173447e-05 -4.0715696380772212e-05 -0.00015245112773318149 -7.1837640467134145e-05 7.2261623373652981e-05 -1.1699185056232254e-05 1.2401266386393786e-05 0.00024515825549505999 1.1248116825294268e-06 5.4641975166243768e-06 -1.4788898243134722e-05
leaf_weight=6013 37559 128282 5421 642 14678 299505 1150573 4241 594373 148747 281138
leaf_count=6013 37559 128282 5421 642 14678 299505 1150573 4241 594373 148747 281138
internal_value=1.71412e-08 -2.59953e-05 5.50515e-06 5.89475e-06 5.45521e-06 -2.04024e-05 9.09255e-06 0.000203309 8.56068e-06 -9.22609e-06 -1.68386e-05
internal_weight=2.67117e+06 465346 2.20583e+06 2.2004e+06 2.19552e+06 427787 1.75962e+06 4883 1.74495e+06 435898 287151
internal_count=2671172 465346 2205826 2200405 2195522 427787 1759624 4883 1744946 435898 287151
is_linear=0
shrinkage=0.00523217


Tree=84
num_leaves=12
num_cat=0
split_feature=0 2 0 0 4 5 22 15 22 22 0
split_gain=29.8428 7.3593 5.20901 5.15957 4.38924 3.96993 2.89921 2.25705 2.08896 1.79642 1.78307
threshold=-2.122995018959045 0.14543738216161731 -0.035463314503431313 -4.1393516063690177 inf inf -0.057426346465945237 0.088724624365568175 -1.6494436860084531 -0.25545366108417505 0.55012133717536937
decision_type=2 8 2 2 8 8 8 2 8 8 2
left_child=3 10 8 6 5 -4 -1 -7 -3 -5 -2
right_child=1 2 4 9 -6 7 -8 -9 -10 -11 -12
leaf_value=-0.0002002376788148592 8.0458844055973391e-06 -8.9686075113869709e-05 2.2368442754821961e-06 -9.8206074235450782e-05 -0.00013760166872185943 0.00012758610814637077 -9.8121298165963631e-05 0.00064633918300191159 -1.8563279133288117e-05 -4.4065056994125164e-05 2.1229652918812074e-05
leaf_weight=13621 917147 11629 807409 25605 6112 4468 17373 242 413178 48960 405017
leaf_count=13621 917147 11629 807409 25605 6112 4468 17373 242 413178 48960 405017
internal_value=-5.56119e-08 3.492e-06 -5.64743e-06 -8.62733e-05 2.06916e-06 3.12151e-06 -0.00014303 0.000154566 -2.05124e-05 -6.26687e-05 1.20851e-05
internal_weight=2.67076e+06 2.5652e+06 1.24304e+06 105559 818231 812119 30994 4710 424807 74565 1.32216e+06
internal_count=2670761 2565202 1243038 105559 818231 812119 30994 4710 424807 74565 1322164
is_linear=0
shrinkage=0.00523217


Tree=85
num_leaves=12
num_cat=0
split_feature=2 5 19 5 22 13 17 8 13 5 2
split_gain=10.9926 6.78793 3.93375 4.46182 3.31498 3.03267 2.27486 7.58835 2.50927 2.25826 2.18834
threshold=0.26386126875877386 1.1737715005874636 inf 1.1737715005874636 -0.91935065388679493 0.25656341016292578 -2.2249805927276607 1.087032198905945 2.6879446506500249 inf -0.45170311629772181
decision_type=8 10 8 8 10 8 2 10 10 8 8
left_child=5 2 3 4 -2 10 7 -5 -8 -7 -1
right_child=1 -3 -4 6 -6 9 8 -9 -10 -11 -12
leaf_value=2.1293535933923919e-05 -3.2648982717252059e-05 -4.4828003941876622e-05 -0.00014830826587571285 -2.9093445600730923e-05 -3.681569424151807e-06 -2.011876511213616e-06 7.6543935817725343e-05 0.0055619399358508969 0.00035928599678245528 0.00029449929085520796 5.8932175219452397e-06
leaf_weight=568221 123115 150399 5378 23.000000000000004 890598 472651 3769 7.9999999999999991 1117 703 455055
leaf_count=568221 123115 150399 5378 23 890598 472651 3769 8 1117 703 455055
internal_value=-2.21521e-08 -1.20047e-05 -7.18304e-06 -6.43699e-06 -7.20048e-06 9.38005e-06 0.000150767 0.00154008 0.000141418 -1.56908e-06 1.44458e-05
internal_weight=2.67104e+06 1.17441e+06 1.02401e+06 1.01863e+06 1.01371e+06 1.49663e+06 4917 31 4886 473354 1.02328e+06
internal_count=2671037 1174407 1024008 1018630 1013713 1496630 4917 31 4886 473354 1023276
is_linear=0
shrinkage=0.00523217


Tree=86
num_leaves=12
num_cat=0
split_feature=0 0 2 7 0 5 18 3 0 0 5
split_gain=29.2806 8.16001 6.16709 4.14392 4.15191 2.97384 2.41544 2.13645 1.85282 1.72767 1.61489
threshold=-1.4085726141929624 -3.6869672536849971 -0.068967439234256731 inf -0.035463314503431313 inf 2.1534955501556401 -1.1850799918174741 0.025595837272703651 0.63491395115852367 0.50893422961235057
decision_type=2 2 8 8 2 8 10 8 2 2 10
left_child=1 7 -2 4 10 9 -7 -1 -5 -6 -4
right_child=2 -3 3 8 5 6 -8 -9 -10 -11 -12
leaf_value=-0.00018571369177994168 1.4141005318667033e-05 -4.534662451133194e-05 -7.9008838417544778e-06 -1.0460645493908595e-05 -8.5229362821421892e-07 -8.7924614915170981e-05 0.00017666603971261109 -0.00010406569965041263 -0.00023385510804176368 1.5053170124019804e-05 -2.9092609513050859e-05
leaf_weight=12745 1068897 136865 267638 1534 740044 1184 4589 28501 3057 250109 155855
leaf_count=12745 1068897 136865 267638 1534 740044 1184 4589 28501 3057 250109 155855
internal_value=1.1558e-08 -6.47977e-05 4.64235e-06 -2.48702e-06 -1.97878e-06 3.85584e-06 0.000122254 -0.000129319 -0.000159409 3.16457e-06 -1.57019e-05
internal_weight=2.67102e+06 178111 2.49291e+06 1.42401e+06 1.41942e+06 995926 5773 41246 4591 990153 423493
internal_count=2671018 178111 2492907 1424010 1419419 995926 5773 41246 4591 990153 423493
is_linear=0
shrinkage=0.00523217


Tree=87
num_leaves=12
num_cat=0
split_feature=0 0 0 7 23 7 16 0 4 9 21
split_gain=29.0932 8.09021 5.91081 4.26531 4.30656 3.84513 3.37936 5.17091 2.19473 2.02757 2.02627
threshold=-1.4085726141929624 -3.6869672536849971 0.48711182177066809 inf inf 0.63491910696029674 -0.073228619992732988 0.019596530124545101 0.14611879736185077 -0.074855603277683244 -2.0947774648666377
decision_type=2 2 2 8 8 10 2 2 8 8 2
left_child=1 -1 3 4 5 8 -6 -8 -2 -4 -3
right_child=2 10 9 -5 6 -7 7 -9 -10 -11 -12
leaf_value=-0.00012892070726310941 -2.8459519937733167e-06 0.00012963095798157408 2.2602298174904826e-05 -0.00015976087973944311 -7.9340861906399289e-05 -1.3658335146080854e-05 0.00010867698131034458 0.00050781307696501712 1.1265495073572208e-05 5.2222222311380922e-06 -4.7594277689070406e-05
leaf_weight=41204 629911 1786 510023 4615 1651 474919 4363 1118 578981 287456 135065
leaf_count=41204 629911 1786 510023 4615 1651 474919 4363 1118 578981 287456 135065
internal_value=-2.31983e-08 -6.46364e-05 4.59124e-06 -9.33466e-07 -4.99401e-07 -1.04335e-06 0.000127788 0.00019033 3.91186e-06 1.63386e-05 -4.52744e-05
internal_weight=2.67109e+06 178055 2.49304e+06 1.69556e+06 1.69094e+06 1.68381e+06 7132 5481 1.20889e+06 797479 136851
internal_count=2671092 178055 2493037 1695558 1690943 1683811 7132 5481 1208892 797479 136851
is_linear=0
shrinkage=0.00523217


Tree=88
num_leaves=12
num_cat=0
split_feature=3 10 5 5 5 4 15 20 14 22 14
split_gain=8.57701 5.82832 4.61066 4.32855 3.99121 3.23689 2.71001 4.88626 3.21115 2.78336 8.15669
threshold=-0.61536589264869679 0.90249487757682811 inf 2.6781778335571294 inf 1.8039882779121401 0.088724624365568175 4.0456516742706308 -2.3133711814880367 -0.83467108011245716 0.44677798449993139
decision_type=8 8 8 10 8 8 2 10 2 8 2
left_child=2 -2 3 -1 -3 6 9 8 -8 10 -4
right_child=1 4 5 -5 -6 -7 7 -9 -10 -11 -12
leaf_value=-1.7693572792120892e-05 8.4185670564056916e-06 -1.2953138787297199e-05 0.00035463827264495658 -8.8456667039353733e-05 -0.00019579379157711686 -6.0266645578372616e-05 0.0012640189712775629 0.0028630730160531027 6.6694221034651108e-05 0.00010380084615012894 0.0034106684456305862
leaf_weight=484070 1792842 357580 522 24887 3298 2340 89 24 197 4997 24
leaf_count=484070 1792842 357580 522 24887 3298 2340 89 24 197 4997 24
internal_value=-3.75147e-08 4.55667e-06 -1.9172e-05 -2.11555e-05 -1.46269e-05 0.000103936 0.000169719 0.000645646 0.000445754 0.000142825 0.000497514
internal_weight=2.67087e+06 2.15372e+06 517150 508957 360878 8193 5853 310 286 5543 546
internal_count=2670870 2153720 517150 508957 360878 8193 5853 310 286 5543 546
is_linear=0
shrinkage=0.00523217


Tree=89
num_leaves=12
num_cat=0
split_feature=0 0 18 0 23 11 10 2 0 20 3
split_gain=28.8917 7.4226 4.54809 4.28942 4.10834 4.27835 3.92704 3.81346 3.12842 2.16723 1.98217
threshold=-2.2887891530990596 -0.020995306782424446 inf -4.6120386123657218 inf 0.82314845919609081 -0.59933307766914357 0.12767694145441058 0.72744932770729076 -0.46173910796642298 -1.3542556166648863
decision_type=2 2 8 2 8 10 8 8 2 10 8
left_child=3 7 4 10 8 -6 -7 -2 9 -3 -1
right_child=1 2 -4 -5 5 6 -8 -9 -10 -11 -12
leaf_value=-0.00023306968629234991 4.2464274247348613e-06 -2.0555694364598935e-06 -0.00015951642722509458 -7.1176624359980245e-05 2.8818337106413677e-05 0.00084182004765437335 0.00022765414668139247 -2.0288032064423825e-05 2.2508233414097812e-05 1.0824761415573073e-05 -0.00012198293330376125
leaf_weight=6411 282604 616259 4378 73937 3731 327 2261 448756 366438 851771 14225
leaf_count=6411 282604 616259 4378 73937 3731 327 2261 448756 366438 851771 14225
internal_value=1.49192e-09 3.29859e-06 8.88984e-06 -8.98143e-05 9.29091e-06 0.000142469 0.000305915 -1.08066e-05 8.83164e-06 5.41723e-06 -0.000156545
internal_weight=2.6711e+06 2.57652e+06 1.84516e+06 94573 1.84079e+06 6319 2588 731360 1.83447e+06 1.46803e+06 20636
internal_count=2671098 2576525 1845165 94573 1840787 6319 2588 731360 1834468 1468030 20636
is_linear=0
shrinkage=0.00523217


Tree=90
num_leaves=12
num_cat=0
split_feature=9 6 3 19 23 19 17 8 7 6 15
split_gain=13.5351 5.45611 4.98719 4.90824 4.33287 5.93524 3.54937 7.28588 2.93566 2.57065 2.31932
threshold=0.30838249623775488 -2.4138929843902583 -0.45360761880874628 3.4909721612930302 inf 3.9810845851898198 -2.2249805927276607 0.97868484258651745 0.61482834815979015 -3.6667821407318111 0.13784443587064746
decision_type=8 2 8 8 8 8 2 10 10 2 2
left_child=2 -2 4 8 9 6 7 -6 -4 -1 -10
right_child=1 -3 3 -5 5 -7 -8 -9 10 -11 -12
leaf_value=-0.00010947025124974567 -8.8201902404175573e-05 -2.1150993077306094e-05 1.3152787082366165e-05 -0.00019599977792349602 0 -7.561628472712247e-05 0.00022155467858063285 0.0037233940241646435 -1.2328340097920092e-05 -1.0140198386409904e-05 1.5625094860983388e-05
leaf_weight=7244 36258 398140 1379191 3182 35 2630 4252 23 253953 466877 119471
leaf_count=7244 36258 398140 1379191 3182 35 2630 4252 23 253953 466877 119471
internal_value=-2.3561e-08 -2.67496e-05 5.16629e-06 9.25587e-06 -9.75834e-06 0.000120008 0.000239554 0.00151477 9.62912e-06 -1.16598e-05 -3.38292e-06
internal_weight=2.67126e+06 434398 2.23686e+06 1.7558e+06 481061 6940 4310 58 1.75262e+06 474121 373424
internal_count=2671256 434398 2236858 1755797 481061 6940 4310 58 1752615 474121 373424
is_linear=0
shrinkage=0.00523217


Tree=91
num_leaves=12
num_cat=0
split_feature=1 2 7 1 1 13 5 13 5 17 16
split_gain=22.7861 6.6075 3.91249 3.87685 3.39434 2.66351 2.55664 2.71446 2.2915 2.8409 3.19489
threshold=1.5674355030059817 0.13715466111898425 inf 2.2527654170989995 -0.10534657910466193 0.25656341016292578 inf 2.6879446506500249 inf -1.5776025652885435 -0.039669290184974663
decision_type=2 8 8 2 2 8 8 10 8 2 2
left_child=1 5 4 -2 6 -1 -3 -8 -7 10 -10
right_child=3 2 -4 -5 -6 8 7 -9 9 -11 -12
leaf_value=1.6933806543868688e-05 -4.5738814349242711e-05 4.288304704146354e-06 -0.00015717173247071893 -0.00010496079343060706 -1.2143528097656592e-05 5.4041639980536824e-08 5.7771698151182597e-05 0.00034083660769977273 0.00022466248458448738 0.00019319759739303913 0.0025641576219156467
leaf_weight=909633 114283 529910 4603 41212 676806 388128 4620 1163 35 568 30
leaf_count=909633 114283 529910 4603 41212 676806 388128 4620 1163 35 568 30
internal_value=2.46078e-08 3.82442e-06 -4.93358e-06 -6.14407e-05 -4.35483e-06 1.20347e-05 5.48409e-06 0.000114895 5.69586e-07 0.000314823 0.00134308
internal_weight=2.67099e+06 2.5155e+06 1.2171e+06 155495 1.2125e+06 1.29839e+06 535693 5783 388761 633 65
internal_count=2670991 2515496 1217102 155495 1212499 1298394 535693 5783 388761 633 65
is_linear=0
shrinkage=0.00523217


Tree=92
num_leaves=12
num_cat=0
split_feature=1 2 7 1 1 5 15 9 5 11 10
split_gain=22.6193 6.5211 3.87026 3.85491 3.32115 2.53665 2.92768 2.13071 2.45898 4.55083 3.00368
threshold=1.5674355030059817 0.13715466111898425 inf 2.067751526832581 -0.053894808515906327 inf 0.088724624365568175 0.13593445718288424 inf 1.1239410042762759 0.92325353622436535
decision_type=2 8 8 2 2 8 2 10 8 10 8
left_child=1 7 4 -2 5 -3 -7 8 -1 -10 -11
right_child=3 2 -4 -5 -6 6 -8 -9 9 10 -12
leaf_value=1.5112552343153332e-05 -4.0011463939834528e-05 3.8197288301033988e-06 -0.00015638443423339875 -9.3250794541449916e-05 -1.2407421273472222e-05 8.7616888045978383e-05 0.00064513097675284251 -1.3011130036646322e-06 4.8245833620334156e-05 0.0016615736090553998 0.00046578031895054301
leaf_weight=1033513 93652 559789 4598 61899 647102 5523 270 263799 654 86 182
leaf_count=1033513 93652 559789 4598 61899 647102 5523 270 263799 654 86 182
internal_value=2.5473e-08 3.81197e-06 -4.88737e-06 -6.12029e-05 -4.31214e-06 4.94854e-06 0.000113866 1.19695e-05 1.53545e-05 0.000285315 0.0008581
internal_weight=2.67107e+06 2.51552e+06 1.21728e+06 155551 1.21268e+06 565582 5793 1.29823e+06 1.03444e+06 922 268
internal_count=2671067 2515516 1217282 155551 1212684 565582 5793 1298234 1034435 922 268
is_linear=0
shrinkage=0.00523217


Tree=93
num_leaves=12
num_cat=0
split_feature=6 7 6 19 5 14 17 2 13 5 12
split_gain=12.5569 5.49841 4.16608 3.69957 4.51964 3.31127 4.48691 2.96416 2.63741 2.32935 2.2163
threshold=-0.77405205368995655 0.59414795041084301 -3.6667821407318111 inf inf 0.44677798449993139 -2.1346042156219478 -0.50813230872154225 0.25656341016292578 1.5434468984603884 0.39915086328983312
decision_type=2 8 2 8 8 2 2 8 10 10 10
left_child=2 7 -1 4 10 -6 -7 8 -2 -4 -3
right_child=1 3 9 -5 5 6 -8 -9 -10 -11 -12
leaf_value=-9.8111904453224524e-05 2.5009659444290201e-05 -1.6942860590533038e-05 -1.7019227912659144e-05 -0.00015033909607257479 0.00014884295337363866 0.0048054784389951234 0.00074488046653319766 4.4369930885829149e-06 -2.0079594549424298e-06 -5.0680868649726641e-05 4.302437692241055e-06
leaf_weight=21787 447371 365359 288872 5041 3384 6.9999999999999991 111 1129643 126919 69944 212580
leaf_count=21787 447371 365359 288872 5041 3384 7 111 1129643 126919 69944 212580
internal_value=-2.21206e-08 4.60208e-06 -2.78519e-05 -9.21513e-06 -7.98992e-06 0.000179365 0.00103777 9.35834e-06 1.90373e-05 -2.35833e-05 -9.12694e-06
internal_weight=2.67102e+06 2.29042e+06 380603 586482 581441 3502 118 1.70393e+06 574290 358816 577939
internal_count=2671018 2290415 380603 586482 581441 3502 118 1703933 574290 358816 577939
is_linear=0
shrinkage=0.00523217


Tree=94
num_leaves=12
num_cat=0
split_feature=0 0 0 19 0 1 22 3 22 0 0
split_gain=28.085 6.84073 4.81228 3.7603 3.18478 2.85823 2.8071 2.29791 2.06939 1.93941 1.91433
threshold=-2.122995018959045 0.28200697898864752 -4.1393516063690177 inf -1.0951598286628721 -2.0414247512817378 -0.057426346465945237 -0.70363074541091908 -0.83467108011245716 0.7509855628013612 0.025595837272703651
decision_type=2 2 2 8 2 2 8 8 8 2 2
left_child=2 3 6 4 -2 8 -1 -7 -6 -3 -5
right_child=1 9 -4 10 5 7 -8 -9 -10 -11 -12
leaf_value=-0.000194736482223125 -2.935025561898483e-05 8.2381728623121784e-06 -6.0873111283517047e-05 1.4902568632580709e-06 0.00037820587284698387 -1.6778043753369486e-05 -9.4282922452832452e-05 1.3796450251728615e-06 7.4518875171726288e-05 2.2971748822077663e-05 -0.00020972565011367485
leaf_weight=13631 125974 912033 74561 1712 684 239264 17378 941644 6123 334368 3690
leaf_count=13631 125974 912033 74561 1712 684 239264 17378 941644 6123 334368 3690
internal_value=-3.94887e-08 3.40184e-06 -8.36751e-05 -4.90272e-06 -4.33554e-06 -1.68167e-06 -0.000138472 -2.29862e-06 0.000105213 1.21914e-05 -0.000142653
internal_weight=2.67106e+06 2.56549e+06 105570 1.31909e+06 1.31369e+06 1.18772e+06 31009 1.18091e+06 6807 1.2464e+06 5402
internal_count=2671062 2565492 105570 1319091 1313689 1187715 31009 1180908 6807 1246401 5402
is_linear=0
shrinkage=0.00523217


Tree=95
num_leaves=12
num_cat=0
split_feature=0 0 0 4 23 0 4 17 21 15 0
split_gain=27.6545 7.17158 4.15983 3.63912 5.65102 3.07794 3.01858 2.72834 7.56499 2.46501 1.88019
threshold=-2.2887891530990596 -0.020995306782424446 -4.6120386123657218 inf inf 0.72744932770729076 -1.2772648930549619 -2.2249805927276607 -0.51489168405532826 0.088724624365568175 -1.0951598286628721
decision_type=2 2 2 8 8 2 8 2 2 2 2
left_child=2 6 -1 4 5 -3 -2 8 -6 -9 -8
right_child=1 3 -4 -5 7 -7 10 9 -10 -11 -12
leaf_value=-0.00015358378844132774 -3.7072164170477614e-05 5.2645569823313165e-06 -6.952467141048932e-05 -0.00011233513044852385 0.00055892320452576277 2.2220534953750911e-05 -2.5502789766734213e-05 0.00013610520182843444 0.0059466870925703238 0.00060949348582581503 -2.1008086041445141e-06
leaf_weight=20639 101941 1466555 73978 6773 63 366344 115023 4938 6.9999999999999991 321 514408
leaf_count=20639 101941 1466555 73978 6773 63 366344 115023 4938 7 321 514408
internal_value=-1.96863e-08 3.20636e-06 -8.78708e-05 8.70272e-06 9.14919e-06 8.65402e-06 -1.06579e-05 0.000179272 0.00119878 0.000165283 -6.37863e-06
internal_weight=2.67099e+06 2.57637e+06 94617 1.845e+06 1.83823e+06 1.8329e+06 731372 5329 70 5259 629431
internal_count=2670990 2576373 94617 1845001 1838228 1832899 731372 5329 70 5259 629431
is_linear=0
shrinkage=0.00523217


Tree=96
num_leaves=12
num_cat=0
split_feature=0 0 2 23 0 2 0 11 10 15 3
split_gain=27.369 7.14428 4.29711 5.71694 4.14814 3.67767 3.03079 2.84 3.4351 2.96715 1.96863
threshold=-2.2887891530990596 -0.020995306782424446 inf inf -4.6120386123657218 0.24696958810091021 0.72744932770729076 0.89736339449882518 -0.59933307766914357 0.088724624365568175 -1.3542556166648863
decision_type=2 2 8 8 2 8 2 10 8 2 8
left_child=4 5 3 6 10 -2 -3 9 -9 -5 -1
right_child=1 2 -4 7 -6 -7 -8 8 -10 -11 -12
leaf_value=-0.00022918740850396861 2.7286593786437879e-06 5.2464232357925424e-06 -0.00013830419006979981 2.8626635180585931e-05 -6.9091675871692793e-05 -2.0938400380310722e-05 2.2068230841128821e-05 0.00082799856267318369 0.00023659238322252946 0.00078958195320546749 -0.0001185657934975643
leaf_weight=6422 317770 1467946 5428 2700 73956 413637 366465 309 2121 147 14237
leaf_count=6422 317770 1467946 5428 2700 73956 413637 366465 309 2121 147 14237
internal_value=-2.63628e-08 3.18277e-06 8.66846e-06 9.10262e-06 -8.74238e-05 -1.06548e-05 8.60741e-06 0.000181058 0.000312492 6.85106e-05 -0.000153003
internal_weight=2.67114e+06 2.57652e+06 1.84512e+06 1.83969e+06 94615 731407 1.83441e+06 5277 2430 2847 20659
internal_count=2671138 2576523 1845116 1839688 94615 731407 1834411 5277 2430 2847 20659
is_linear=0
shrinkage=0.00523217


Tree=97
num_leaves=12
num_cat=0
split_feature=1 9 7 1 3 8 11 6 18 6 6
split_gain=21.8138 5.52116 4.31756 3.73226 3.47965 3.62565 2.30301 2.15946 2.00809 1.81111 1.41146
threshold=1.5674355030059817 0.26362279057502752 inf 2.2527654170989995 -0.45360761880874628 inf -0.87945973873138417 -0.025927134789526459 -2.1090607643127437 -3.2862304449081416 0.073502786457538619
decision_type=2 8 8 2 8 8 10 2 8 2 2
left_child=1 2 4 -2 5 -1 -6 -7 -8 -5 -4
right_child=3 -3 10 9 6 7 8 -9 -10 -11 -12
leaf_value=-6.9280832301439695e-06 -4.4763480942300503e-05 -1.4010239181301963e-05 -8.9229995849723643e-05 -0.00016752607341134705 -4.7441848882895799e-06 0.00053747930315662046 8.0150269294168125e-05 0.00012381268481617087 1.2699104136194129e-05 -8.4181350384707345e-05 -0.00028553290343638957
leaf_weight=430643 114325 405163 3140 9228 224385 419 12189 2010 1435962 31998 1487
leaf_count=430643 114325 405163 3140 9228 224385 419 12189 2010 1435962 31998 1487
internal_value=-3.82999e-08 3.67974e-06 7.07658e-06 -6.0167e-05 7.42782e-06 -5.78905e-06 1.08506e-05 0.000195727 1.32675e-05 -0.000102861 -0.000152547
internal_weight=2.67095e+06 2.5154e+06 2.11024e+06 155551 2.10561e+06 433072 1.67254e+06 2429 1.44815e+06 41226 4627
internal_count=2670949 2515398 2110235 155551 2105608 433072 1672536 2429 1448151 41226 4627
is_linear=0
shrinkage=0.00523217


Tree=98
num_leaves=12
num_cat=0
split_feature=0 0 0 19 23 7 9 22 22 4 22
split_gain=26.7532 7.42745 5.42459 3.84304 5.03335 3.61982 3.13827 2.97633 2.67781 2.09106 2.03153
threshold=-1.4085726141929624 -3.6869672536849971 0.48711182177066809 inf inf 0.63491910696029674 1.8862680792808535 -0.06793526932597159 -0.83467108011245716 0.14611879736185077 -1.6494436860084531
decision_type=2 2 2 8 8 8 8 8 8 8 10
left_child=1 7 3 4 5 9 8 -1 -6 -2 -7
right_child=2 -3 -4 -5 6 10 -8 -9 -10 -11 -12
leaf_value=-0.00017404114929045115 -2.7732436849367211e-06 -4.3414114382088675e-05 1.5669985024240944e-05 -0.00014034797498652509 0.00051251585002402172 -6.691053686179186e-05 -0.00041085762595779139 -8.4280866831392784e-05 0.00013537769496344118 1.1000637012342104e-05 -1.1043193883800906e-05
leaf_weight=18020 630052 136883 797560 5390 570 18549 263 23184 5513 578900 456228
leaf_count=18020 630052 136883 797560 5390 570 18549 263 23184 5513 578900 456228
internal_value=-8.31957e-09 -6.19626e-05 4.41703e-06 -8.75976e-07 -4.30598e-07 -9.85456e-07 0.000146631 -0.00012356 0.000170942 3.82164e-06 -1.32277e-05
internal_weight=2.67111e+06 178087 2.49302e+06 1.69546e+06 1.69008e+06 1.68373e+06 6346 41204 6083 1.20895e+06 474777
internal_count=2671112 178087 2493025 1695465 1690075 1683729 6346 41204 6083 1208952 474777
is_linear=0
shrinkage=0.00523217


Tree=99
num_leaves=12
num_cat=0
split_feature=0 2 0 0 19 9 20 15 0 15 19
split_gain=26.6986 6.69874 4.73168 4.52092 3.88566 2.06073 2.03358 2.97524 1.89013 1.81319 8.98519
threshold=-2.122995018959045 0.13715466111898425 -0.035463314503431313 -4.1393516063690177 inf 0.21065057814121249 -0.21302888542413709 1.2241169810295107 0.025595837272703651 3.5451488494873051 -0.54978159070014943
decision_type=2 8 2 2 8 10 10 2 2 2 10
left_child=3 5 -3 -1 -4 6 -2 -8 -6 -7 -11
right_child=1 2 4 -5 8 9 7 -9 -10 10 -12
leaf_value=-0.00013464605871718724 7.8278854105280118e-06 -1.9455709363054942e-05 2.9098926768269485e-06 -5.9449124854918504e-05 8.4467660913095881e-06 -4.2250052979057936e-06 1.8450720651768564e-05 6.6095757332051465e-05 -0.00020459110592458207 0.0033169233223145056 0.00013557732251657181
leaf_weight=31025 592707 427115 820436 74588 1640 206477 474236 38834 3686 25 352
leaf_count=31025 592707 427115 820436 74588 1640 206477 474236 38834 3686 25 352
internal_value=-2.0031e-08 3.33591e-06 -5.31749e-06 -8.15479e-05 1.99438e-06 1.1596e-05 1.44316e-05 2.20587e-05 -0.000138854 -3.55823e-06 0.000358373
internal_weight=2.67112e+06 2.56551e+06 1.25288e+06 105613 825762 1.31263e+06 1.10578e+06 513070 5326 206854 377
internal_count=2671121 2565508 1252877 105613 825762 1312631 1105777 513070 5326 206854 377
is_linear=0
shrinkage=0.00523217


Tree=100
num_leaves=12
num_cat=0
split_feature=1 1 7 23 7 16 15 20 16 8 6
split_gain=21.1324 5.73052 4.02316 3.65709 3.65645 3.17507 3.31378 5.78322 3.12063 2.74543 2.15858
threshold=1.3070775866508486 2.067751526832581 inf inf 0.59414795041084301 -0.073228619992732988 -0.036527806892991059 2.9596308469772343 -0.060419784858822816 -0.84559392929077137 -0.85840973258018483
decision_type=2 2 8 8 8 2 2 10 2 8 2
left_child=2 -2 3 4 9 -5 7 -7 -8 -1 -3
right_child=1 10 -4 5 -6 6 8 -9 -10 -11 -12
leaf_value=-6.285826782936793e-06 -3.1870431975556682e-05 -0.00011338388933969266 -0.00014974176893168574 -7.8443131567775738e-05 -6.2603184310983698e-06 0.00029639377925298337 0.00047367088459791167 0.0015607261045972329 8.2882310190675456e-05 1.1226574525598383e-05 -4.8696490320163549e-05
leaf_weight=293150 176214 39875 4615 1638 635755 543 647 121 4168 1492424 21953
leaf_count=293150 176214 39875 4615 1638 635755 543 647 121 4168 1492424 21953
internal_value=-3.38561e-08 -4.70842e-05 4.56907e-06 4.86272e-06 4.51425e-06 0.000123288 0.000183748 0.000530363 0.000135663 8.35099e-06 -9.043e-05
internal_weight=2.6711e+06 238042 2.43306e+06 2.42845e+06 2.42133e+06 7117 5479 664 4815 1.78557e+06 61828
internal_count=2671103 238042 2433061 2428446 2421329 7117 5479 664 4815 1785574 61828
is_linear=0
shrinkage=0.00523217


Tree=101
num_leaves=12
num_cat=0
split_feature=0 0 19 5 0 0 4 17 10 15 20
split_gain=25.9159 6.8236 4.29853 5.46351 3.9452 2.958 2.88465 2.59252 8.63753 2.56625 2.20322
threshold=-2.2887891530990596 -0.020995306782424446 inf inf -4.6120386123657218 0.73527646064758312 -1.3723175525665281 -2.2249805927276607 -1.6876858472824094 0.088724624365568175 -0.84651517868041981
decision_type=2 2 8 8 2 2 8 2 8 2 10
left_child=4 6 3 5 -1 10 -2 8 -5 -9 -3
right_child=1 2 -4 7 -6 -7 -8 9 -10 -11 -12
leaf_value=-0.00014900304180808085 -3.9072872652881212e-05 -8.3878476874068725e-06 -0.00014139584373807506 0.0049954239286515633 -6.7169833626426373e-05 2.1968616525069814e-05 -6.6364685807762996e-06 0.00013298920864408695 0.0002857431341121298 0.00063115264305736805 8.1681233197049391e-06
leaf_weight=20660 84937 268898 5222 11.999999999999998 73954 355459 646372 5056 59 300 1210258
leaf_count=20660 84937 268898 5222 12 73954 355459 646372 5056 59 300 1210258
internal_value=-2.83224e-09 3.11987e-06 8.4804e-06 8.90628e-06 -8.50491e-05 8.4154e-06 -1.04049e-05 0.000174662 0.00116164 0.000161175 5.15784e-06
internal_weight=2.67119e+06 2.57657e+06 1.84526e+06 1.84004e+06 94614 1.83462e+06 731309 5427 71 5356 1.47916e+06
internal_count=2671187 2576573 1845264 1840042 94614 1834615 731309 5427 71 5356 1479156
is_linear=0
shrinkage=0.00523217


Tree=102
num_leaves=12
num_cat=0
split_feature=6 7 6 7 5 14 20 22 11 3 5
split_gain=11.8054 5.22413 3.85024 3.34216 3.47117 3.51805 6.28853 3.51153 2.7916 2.41639 2.34266
threshold=-0.77405205368995655 0.59414795041084301 -3.6667821407318111 0.59414795041084301 inf 0.44677798449993139 2.9596308469772343 -1.6494436860084531 -0.813860923051834 -0.27742689847946161 inf
decision_type=2 8 2 10 8 2 10 10 10 8 8
left_child=2 9 -1 -3 7 -6 -7 -5 -4 10 -2
right_child=1 3 8 4 5 6 -8 -9 -10 -11 -12
leaf_value=-9.4439095318940696e-05 -4.2472260430772675e-06 -0.00014906348235836181 -5.5021105079517306e-05 -7.0594113885882572e-05 0.00011945102292803576 0.0003941509290298858 0.0033623740257526864 -6.1740667117953707e-06 -1.6205098113553115e-05 1.225554179319048e-05 0.00022760685346638517
leaf_weight=21807 334000 4622 61170 24178 3800 93 24 553807 297778 1368765 1196
leaf_count=21807 334000 4622 61170 24178 3800 93 24 553807 297778 1368765 1196
internal_value=5.09958e-08 4.5359e-06 -2.69264e-05 -8.93168e-06 -7.81694e-06 0.000147378 0.00103735 -8.87038e-06 -2.28223e-05 9.17208e-06 -3.41676e-06
internal_weight=2.67124e+06 2.29048e+06 380755 586524 581902 3917 117 577985 358948 1.70396e+06 335196
internal_count=2671240 2290485 380755 586524 581902 3917 117 577985 358948 1703961 335196
is_linear=0
shrinkage=0.00523217


Tree=103
num_leaves=12
num_cat=0
split_feature=0 0 2 7 0 5 12 2 21 9 0
split_gain=25.7303 7.07967 5.65873 3.54138 3.56042 2.41673 2.32166 2.21301 1.92725 1.78155 1.77658
threshold=-1.4085726141929624 -4.1393516063690177 -0.068967439234256731 inf -0.035463314503431313 inf 0.33189557492733007 2.0760914087295537 -2.0947774648666377 -0.14123066514730451 0.025595837272703651
decision_type=2 2 8 8 2 8 10 8 2 10 2
left_child=1 -1 6 4 -4 -6 -2 -7 -3 -8 -5
right_child=2 8 3 10 5 7 9 -9 -10 -11 -12
leaf_value=-0.00013259853847369464 2.1645662413046063e-05 0.00012053846672867856 -1.4675358656306044e-05 -1.1027117151997643e-06 2.8087688769147497e-06 0.00021385209089150182 1.6002829644028987e-05 8.777909155846416e-06 -4.7722848092628983e-05 -2.6082744866851959e-06 -0.00021989779912190161
leaf_weight=30989 504237 1884 423735 1529 990020 2851 267216 2928 145213 297512 3071
leaf_count=30989 504237 1884 423735 1529 990020 2851 267216 2928 145213 297512 3071
internal_value=4.59028e-08 -6.07121e-05 4.38629e-06 -2.44256e-06 -1.97225e-06 3.43242e-06 1.34848e-05 0.000110111 -4.55614e-05 6.19665e-06 -0.000147366
internal_weight=2.67118e+06 178086 2.4931e+06 1.42413e+06 1.41953e+06 995799 1.06896e+06 5779 147097 564728 4600
internal_count=2671185 178086 2493099 1424134 1419534 995799 1068965 5779 147097 564728 4600
is_linear=0
shrinkage=0.00523217


Tree=104
num_leaves=12
num_cat=0
split_feature=0 2 0 0 13 13 13 3 11 16 16
split_gain=25.2803 6.73169 4.82551 3.79019 3.5886 3.43326 2.56207 1.92531 1.85116 1.83281 1.7577
threshold=-2.2887891530990596 0.13715466111898425 -0.035463314503431313 -4.6120386123657218 inf 2.6879446506500249 0.25656341016292578 -1.3542556166648863 -0.95142823457717884 -0.067246664315462099 -0.17635739594697949
decision_type=2 8 2 2 8 10 10 8 8 2 2
left_child=3 6 -3 7 5 -4 8 -1 -2 -6 -5
right_child=1 2 4 10 9 -7 -8 -9 -10 -11 -12
leaf_value=-0.00022213536176722906 -9.0754059387623954e-06 -1.9658481488768781e-05 2.2261351334876619e-06 -8.9182043876885497e-05 -0.00021420010762699551 0.00025005635750954673 2.335524679356088e-07 -0.00011267611341439051 1.8337953119036455e-05 1.343248493542226e-05 -3.775338365461457e-05
leaf_weight=6410 73226 434738 819815 41279 3162 1532 395722 14239 847072 1386 32663
leaf_count=6410 73226 434738 819815 41279 3162 1532 395722 14239 847072 1386 32663
internal_value=7.07245e-09 3.09138e-06 -5.54897e-06 -8.39998e-05 1.8771e-06 2.68973e-06 1.13687e-05 -0.000146705 1.61559e-05 -0.000144667 -6.64759e-05
internal_weight=2.67124e+06 2.57665e+06 1.26063e+06 94591 825895 821347 1.31602e+06 20649 920298 4548 73942
internal_count=2671244 2576653 1260633 94591 825895 821347 1316020 20649 920298 4548 73942
is_linear=0
shrinkage=0.00523217


Tree=105
num_leaves=12
num_cat=0
split_feature=0 0 7 5 0 11 22 2 0 22 22
split_gain=25.2313 6.58432 4.02448 3.97792 3.86388 3.74121 4.26469 3.41946 2.94472 2.32187 2.21523
threshold=-2.2887891530990596 -0.020995306782424446 inf inf -4.6120386123657218 0.82314845919609081 -0.073168788105249391 0.24696958810091021 0.73527646064758312 -1.6494436860084531 0.11386564001441003
decision_type=2 2 8 8 2 10 8 8 2 8 8
left_child=4 7 3 8 -1 -5 -7 -2 -3 -9 -6
right_child=1 2 -4 5 10 6 -8 9 -10 -11 -12
leaf_value=-0.00014722595340634046 2.6761498213616321e-06 5.0042095699323848e-06 -0.00014859334249397158 3.1643125754793455e-05 -9.2718319211247728e-05 0.00054953902627112247 0.00011627595479065849 -9.3375072567828841e-05 2.1777236996793143e-05 -1.8044553855620921e-05 -3.5216722166095326e-05
leaf_weight=20663 317716 1479109 4462 3590 39892 1052 1536 11527 355458 402107 34064
leaf_count=20663 317716 1479109 4462 3590 39892 1052 1536 11527 355458 402107 34064
internal_value=-2.67325e-08 3.05454e-06 8.32049e-06 8.70139e-06 -8.39398e-05 0.000141239 0.000292874 -1.02304e-05 8.25453e-06 -2.0146e-05 -6.6245e-05
internal_weight=2.67118e+06 2.57656e+06 1.84521e+06 1.84074e+06 94619 6178 2588 731350 1.83457e+06 413634 73956
internal_count=2671176 2576557 1845207 1840745 94619 6178 2588 731350 1834567 413634 73956
is_linear=0
shrinkage=0.00523217


Tree=106
num_leaves=12
num_cat=0
split_feature=0 0 2 0 7 23 17 0 20 9 0
split_gain=25.0441 6.30966 5.79895 3.64223 3.12207 2.9123 3.22653 1.74548 1.66395 1.94528 1.59032
threshold=-1.5733938217163084 -4.1393516063690177 -0.068967439234256731 0.41894605755805975 inf inf -2.2249805927276607 0.025595837272703651 -0.15268614143133161 0.21065057814121249 0.62946948409080516
decision_type=2 2 8 2 8 8 2 2 10 10 2
left_child=1 -1 8 4 5 -4 -7 -6 10 -10 -2
right_child=2 -3 3 -5 7 6 -8 -9 9 -11 -12
leaf_value=-0.00013104932875856684 1.3531902522478652e-06 -4.7676115268683666e-05 -8.8031822259153674e-06 8.9266889003457322e-06 -2.6717167633208013e-07 0.001644461289090471 9.679292527360073e-05 -0.00021691348599717404 2.5231148682516283e-05 -2.603684183550397e-06 1.9610773707707128e-05
leaf_weight=31007 398469 125506 949799 479497 1536 36 5999 3062 398790 82985 194364
leaf_count=31007 398469 125506 949799 479497 1536 36 5999 3062 398790 82985 194364
internal_value=1.67643e-08 -6.41993e-05 4.01413e-06 -2.84949e-06 -8.7296e-06 -8.07434e-06 0.000106478 -0.000144734 1.32118e-05 2.0435e-05 7.34043e-06
internal_weight=2.67105e+06 156513 2.51454e+06 1.43993e+06 960432 955834 6035 4598 1.07461e+06 481775 592833
internal_count=2671050 156513 2514537 1439929 960432 955834 6035 4598 1074608 481775 592833
is_linear=0
shrinkage=0.00523217


Tree=107
num_leaves=12
num_cat=0
split_feature=1 2 1 7 22 3 23 12 22 22 16
split_gain=19.7247 5.43849 4.6091 3.38455 3.02332 2.63981 3.59256 2.44208 2.35645 2.20418 1.80768
threshold=1.3962472081184389 -0.068967439234256731 2.067751526832581 inf -1.2126677632331846 -0.61536589264869679 inf 0.32456612586975103 -0.25545366108417505 -0.2386384308338165 -0.067246664315462099
decision_type=2 8 2 8 10 10 8 10 8 8 2
left_child=1 7 9 4 -3 6 -6 -1 -4 -2 -5
right_child=2 3 8 10 5 -7 -8 -9 -10 -11 -12
leaf_value=2.1581384344819282e-05 -6.0983340901607211e-05 -3.094568757492581e-05 -0.00013252485038729126 -0.00021369299860197926 -1.5168401519571792e-05 4.1890212789319026e-06 0.00012695223025634559 5.670103377307423e-06 -6.3985075409627115e-05 -1.8039224967573346e-05 1.0643744580646369e-05
leaf_weight=493801 50118 93213 20677 3177 320648 979296 4942 567981 41160 94488 1414
leaf_count=493801 50118 93213 20677 3177 320648 979296 4942 567981 41160 94488 1414
internal_value=2.15138e-08 4.13707e-06 -4.91049e-05 -2.62478e-06 -2.1584e-06 -1.01376e-07 -1.30083e-05 1.30707e-05 -8.69184e-05 -3.29289e-05 -0.000144439
internal_weight=2.67092e+06 2.46447e+06 206443 1.40269e+06 1.3981e+06 1.30489e+06 325590 1.06178e+06 61837 144606 4591
internal_count=2670915 2464472 206443 1402690 1398099 1304886 325590 1061782 61837 144606 4591
is_linear=0
shrinkage=0.00523217


Tree=108
num_leaves=12
num_cat=0
split_feature=1 1 7 19 5 22 14 13 22 22 4
split_gain=19.7879 4.69157 3.81605 3.30308 3.90162 2.80207 7.59847 2.80456 2.71157 2.35155 2.24607
threshold=1.3962472081184389 2.067751526832581 0.59414795041084301 inf inf -0.83467108011245716 0.48281492292881018 2.6879446506500249 -1.6494436860084531 -0.25545366108417505 0.15686056762933734
decision_type=2 2 8 8 8 8 2 10 10 8 10
left_child=2 -2 10 4 8 6 -6 -7 -4 -3 -1
right_child=1 9 3 -5 5 7 -8 -9 -10 -11 -12
leaf_value=2.1811666585588888e-06 -3.2876508141009408e-05 -0.00013282735660577753 -6.5147176763448637e-05 -0.00014020426316918835 0.00042353338615738344 2.8245720799469568e-05 0.0048025229183042972 0.00034594580792143121 -4.7783090853320652e-06 -6.4417104561782684e-05 1.3851514914074673e-05
leaf_weight=899558 144648 20716 21054 5032 447 3291 9.9999999999999982 991 627364 41217 906688
leaf_count=899558 144648 20716 21054 5032 447 3291 10 991 627364 41217 906688
internal_value=-1.34649e-08 -4.92014e-05 4.1094e-06 -6.67549e-06 -5.64529e-06 0.000143911 0.000533249 0.000102035 -6.73983e-06 -8.73148e-05 8.03982e-06
internal_weight=2.67102e+06 206581 2.46444e+06 658189 653157 4739 457 4282 648418 61933 1.80625e+06
internal_count=2671016 206581 2464435 658189 653157 4739 457 4282 648418 61933 1806246
is_linear=0
shrinkage=0.00523217


Tree=109
num_leaves=12
num_cat=0
split_feature=0 0 2 0 18 23 16 12 3 3 16
split_gain=24.5121 6.49438 5.37229 3.45878 2.87165 2.51596 3.00145 2.27521 2.01851 2.01525 1.93187
threshold=-1.4861466288566587 -3.6869672536849971 -0.068967439234256731 0.41894605755805975 inf inf -0.073228619992732988 0.32456612586975103 -2.5541100502014156 -1.2253153324127195 -0.20052303373813626
decision_type=2 2 8 2 8 8 2 10 8 8 2
left_child=1 8 7 4 5 9 -7 -2 -1 -4 -10
right_child=2 -3 3 -5 -6 6 -8 -9 10 -11 -12
leaf_value=-0.00021156371072485718 2.1091265637590685e-05 -4.265514601006619e-05 -2.520057644534278e-05 8.9296074148001344e-06 -0.00014021067813685783 -0.00011613907110405174 0.00016061102670815087 5.8111555146413739e-06 -0.00013275352930431429 -4.8801028148773333e-06 -5.2411201194289212e-05
leaf_weight=5521 501501 126271 161248 479645 4496 1382 4742 570349 22845 780466 12841
leaf_count=5521 501501 126271 161248 479645 4496 1382 4742 570349 22845 780466 12841
internal_value=3.21525e-09 -6.12783e-05 4.10261e-06 -2.5276e-06 -8.29889e-06 -7.67216e-06 9.80155e-05 1.29612e-05 -0.000118323 -8.36042e-06 -0.000103869
internal_weight=2.67131e+06 167478 2.50383e+06 1.43198e+06 952334 947838 6124 1.07185e+06 41207 941714 35686
internal_count=2671307 167478 2503829 1431979 952334 947838 6124 1071850 41207 941714 35686
is_linear=0
shrinkage=0.00523217


Tree=110
num_leaves=12
num_cat=0
split_feature=0 2 0 0 7 9 3 20 15 0 15
split_gain=24.1654 6.39076 4.22367 3.73284 3.56598 2.26397 1.88949 1.88822 2.9291 2.01671 1.70641
threshold=-2.2887891530990596 0.26386126875877386 -0.020995306782424446 -4.6120386123657218 inf 0.21065057814121249 -1.3542556166648863 -0.21302888542413709 1.1938624382019045 0.62946948409080516 3.5451488494873051
decision_type=2 8 2 2 8 10 8 10 2 2 2
left_child=3 5 -3 6 -4 7 -1 9 -9 -2 -7
right_child=1 2 4 -5 -6 10 -8 8 -10 -11 -12
leaf_value=-0.00021915069247234922 5.2040471840911341e-07 -1.9809548283609604e-05 2.3063029220381924e-06 -6.4712604008389203e-05 -0.00014624099801496121 -5.278936509113885e-06 -0.00011065711692925496 1.6597025255559119e-05 6.0857443769063255e-05 1.9714423593904549e-05 0.00032568241103005276
leaf_weight=6399 438960 408385 695897 73968 4451 234558 14245 521529 44437 227604 426
leaf_count=6399 438960 408385 695897 73968 4451 234558 14245 521529 44437 227604 426
internal_value=2.77125e-08 3.04404e-06 -6.43625e-06 -8.20963e-05 1.36083e-06 1.02071e-05 -0.000144336 1.30449e-05 2.00737e-05 7.0756e-06 -4.67389e-06
internal_weight=2.67086e+06 2.57625e+06 1.10873e+06 94612 700348 1.46751e+06 20644 1.23253e+06 565966 666564 234984
internal_count=2670859 2576247 1108733 94612 700348 1467514 20644 1232530 565966 666564 234984
is_linear=0
shrinkage=0.00523217


Tree=111
num_leaves=12
num_cat=0
split_feature=0 0 0 19 5 9 11 10 11 9 16
split_gain=24.2132 6.69639 5.14296 3.30853 4.95532 3.17053 3.29704 2.90436 2.9008 1.94173 1.9143
threshold=-1.4085726141929624 -3.6869672536849971 0.48711182177066809 inf inf 1.8862680792808535 3.3645783662796025 0.73877617716789257 0.89736339449882518 -0.074855603277683244 -0.20052303373813626
decision_type=2 2 2 8 8 8 10 8 10 8 2
left_child=1 10 3 4 7 8 -7 -2 -6 -4 -1
right_child=2 -3 9 -5 5 6 -8 -9 -10 -11 -12
leaf_value=-0.00014612494221369297 3.0933923452564549e-06 -4.1355077211697735e-05 2.126084600524427e-05 -0.00013038949561085622 6.7237574900063949e-05 -0.00060514701428952637 0.0013805182777593963 -1.2346114334187327e-05 0.00030158211557647358 4.2513473389225873e-06 -7.2980709679372569e-05
leaf_weight=25049 1225919 136847 510051 5390 3212 237 24 458190 2647 287372 16187
leaf_count=25049 1225919 136847 510051 5390 3212 237 24 458190 2647 287372 16187
internal_value=-3.62556e-08 -5.89769e-05 4.1737e-06 -9.7938e-07 -5.66135e-07 0.000148031 -0.000414093 -1.10671e-06 0.000173287 1.51321e-05 -0.000117435
internal_weight=2.67112e+06 178083 2.49304e+06 1.69562e+06 1.69023e+06 6120 261 1.68411e+06 5859 797423 41236
internal_count=2671125 178083 2493042 1695619 1690229 6120 261 1684109 5859 797423 41236
is_linear=0
shrinkage=0.00523217


Tree=112
num_leaves=12
num_cat=0
split_feature=0 0 0 0 4 22 21 4 17 3 0
split_gain=23.5593 6.27763 3.69793 3.02849 2.25914 2.1564 1.93422 6.7176 8.95495 1.90291 1.75292
threshold=-2.2887891530990596 0.28200697898864752 -4.6120386123657218 -1.0951598286628721 -1.3723175525665281 0.11386564001441003 -2.2787501811981197 -2.2136638164520259 -2.3578816652297969 -1.3542556166648863 0.78363871574401867
decision_type=2 2 2 2 10 8 2 8 2 8 2
left_child=2 3 9 6 -5 -4 7 8 -2 -1 -3
right_child=1 10 5 4 -6 -7 -8 -9 -10 -11 -12
leaf_value=-0.00021800607567001341 0.0058161508379987719 7.9707616526240695e-06 -8.9901075621202814e-05 -2.5279773956644504e-05 -5.1140783948027941e-09 -3.317183462603337e-05 -3.0179354707841794e-05 7.8507001326695859e-05 0.00086354324308423258 -0.00010920034663524103 2.2611533666147149e-05
leaf_weight=6410 10.999999999999998 953872 39893 106286 1086875 34070 135657 1246 63 14248 292672
leaf_count=6410 11 953872 39893 106286 1086875 34070 135657 1246 63 14248 292672
internal_value=-4.75634e-09 2.97255e-06 -8.10892e-05 -4.93299e-06 -2.25726e-06 -6.37814e-05 -2.82343e-05 0.000170904 0.00169029 -0.000143011 1.14089e-05
internal_weight=2.6713e+06 2.57668e+06 94621 1.33014e+06 1.19316e+06 73963 136977 1320 74 20658 1.24654e+06
internal_count=2671303 2576682 94621 1330138 1193161 73963 136977 1320 74 20658 1246544
is_linear=0
shrinkage=0.00523217


Tree=113
num_leaves=12
num_cat=0
split_feature=1 1 3 5 5 18 15 20 17 8 20
split_gain=18.8189 5.07654 3.55457 4.15848 3.23188 3.78635 2.44679 4.91363 2.38259 2.32523 1.94578
threshold=1.3070775866508486 2.067751526832581 -0.52237418293952931 inf inf 2.1534955501556401 0.088724624365568175 4.0456516742706308 -0.0076612173579633227 -0.76940274238586415 -0.84651517868041981
decision_type=2 2 10 8 8 10 2 10 2 10 10
left_child=2 -2 4 9 -1 -6 8 -8 -7 -4 -11
right_child=1 -3 3 -5 5 6 7 -9 -10 10 -12
leaf_value=-1.0264953276144956e-05 -3.0095388589346762e-05 -8.5202772600143572e-05 -3.3203745743551096e-06 -0.00017927693373545364 -6.6323181638683066e-05 0.0002798116569248995 0.00043787370346985656 0.003008997640162177 5.2414631800867167e-05 -1.4011437290188579e-06 1.3557719544220863e-05
leaf_weight=469933 176210 61860 409372 3258 2694 2146 282 21 3086 294018 1248302
leaf_count=469933 176210 61860 409372 3258 2694 2146 282 21 3086 294018 1248302
internal_value=-2.07101e-08 -4.44182e-05 4.32309e-06 7.45093e-06 -8.46329e-06 9.43134e-05 0.000172641 0.000629711 0.000145881 7.76316e-06 1.07055e-05
internal_weight=2.67118e+06 238070 2.43311e+06 1.95495e+06 478162 8229 5535 303 5232 1.95169e+06 1.54232e+06
internal_count=2671182 238070 2433112 1954950 478162 8229 5535 303 5232 1951692 1542320
is_linear=0
shrinkage=0.00523217


Tree=114
num_leaves=12
num_cat=0
split_feature=1 1 7 19 5 8 17 8 22 22 22
split_gain=18.74 4.43024 3.6873 3.08474 3.87486 2.82351 2.7731 6.85891 2.66712 2.36072 2.19506
threshold=1.3962472081184389 2.067751526832581 0.59414795041084301 inf inf -0.84559392929077137 -2.3578816652297969 0.97868484258651745 -1.6494436860084531 -0.25545366108417505 -0.2386384308338165
decision_type=2 2 8 8 8 8 2 10 10 8 8
left_child=2 10 5 4 8 -1 7 -6 -4 -3 -2
right_child=1 9 3 -5 6 -7 -8 -9 -10 -11 -12
leaf_value=-6.8226596329833138e-06 -5.9996769157143223e-05 -0.00013058793564767128 -6.4586874814598469e-05 -0.00013543927215312908 -9.7013937983269114e-05 1.0795174258760905e-05 0.00013212658986573039 0.0045993522436601087 -4.7269522982493328e-06 -6.198902619001567e-05 -1.7152894701625915e-05
leaf_weight=298215 50143 20672 21063 5046 23 1508321 4705 11.999999999999998 627202 41183 94538
leaf_count=298215 50143 20672 21063 5046 23 1508321 4705 12 627202 41183 94538
internal_value=1.15624e-08 -4.78614e-05 4.02373e-06 -6.5793e-06 -5.58208e-06 7.88645e-06 0.000143444 0.00158862 -6.67323e-06 -8.49299e-05 -3.20075e-05
internal_weight=2.67112e+06 206536 2.46459e+06 658051 653005 1.80654e+06 4740 35 648265 61855 144681
internal_count=2671123 206536 2464587 658051 653005 1806536 4740 35 648265 61855 144681
is_linear=0
shrinkage=0.00523217


Tree=115
num_leaves=12
num_cat=0
split_feature=0 0 0 0 19 5 22 22 4 21 4
split_gain=23.0974 6.16787 3.59064 3.05333 3.16819 4.75675 2.67272 2.46126 2.32806 1.81843 6.79181
threshold=-2.2887891530990596 0.31527259945869451 -4.1393516063690177 -1.0951598286628721 inf inf -0.057426346465945237 -0.83467108011245716 -1.3723175525665281 -2.2787501811981197 -2.2136638164520259
decision_type=2 2 2 2 8 8 8 8 8 2 8
left_child=2 3 6 9 5 8 -1 -7 -5 10 -2
right_child=1 -3 -4 4 -6 7 -8 -9 -10 -11 -12
leaf_value=-0.00018142295672866885 0.0017040830281450498 1.1784841601739327e-05 -5.7781656997425838e-05 -2.7069725378391343e-05 -0.00012859845270441622 0.00046311844266309367 -8.3405027554954742e-05 0.00010936788088805198 -7.10382159352871e-08 -2.9819162993527983e-05 7.2915858992058855e-05
leaf_weight=13622 73 1171900 63619 94553 5382 598 17388 5515 1161653 135666 1238
leaf_count=13622 73 1171900 63619 94553 5382 598 17388 5515 1161653 135666 1238
internal_value=-2.63516e-08 2.92186e-06 -8.03083e-05 -4.47182e-06 -1.93544e-06 -1.39465e-06 -0.000126493 0.000144187 -2.10386e-06 -2.79395e-05 0.000165809
internal_weight=2.67121e+06 2.57658e+06 94629 1.40468e+06 1.2677e+06 1.26232e+06 31010 6113 1.25621e+06 136977 1311
internal_count=2671207 2576578 94629 1404678 1267701 1262319 31010 6113 1256206 136977 1311
is_linear=0
shrinkage=0.00523217


Tree=116
num_leaves=12
num_cat=0
split_feature=0 0 0 19 23 11 3 3 22 8 22
split_gain=22.9354 6.48029 5.00232 3.22038 4.17558 3.16922 3.20362 3.01061 2.90134 2.54022 1.79732
threshold=-1.4085726141929624 -3.6869672536849971 0.48711182177066809 inf inf 0.89736339449882518 -2.9485645294189449 -0.61536589264869679 -0.06793526932597159 -0.63414832949638356 0.11386564001441003
decision_type=2 2 2 8 8 10 10 8 8 8 8
left_child=1 8 3 4 7 -6 -7 -2 -1 -9 -3
right_child=2 10 -4 -5 5 6 -8 9 -10 -11 -12
leaf_value=-0.00016460613338115121 -1.5020456522422062e-05 -5.712621609184057e-05 1.492844802591721e-05 -0.00012857578530439339 2.9998792912789504e-05 -2.6461149299602191e-05 0.00037361292902449324 -8.6861692025844822e-06 -7.6045266853573223e-05 7.0889718302606955e-06 -1.8984289106642099e-05
leaf_weight=18054 337924 75390 797564 5395 3569 745 2031 395889 23194 949819 61485
leaf_count=18054 337924 75390 797564 5395 3569 745 2031 395889 23194 949819 61485
internal_value=2.39264e-08 -5.73329e-05 4.12248e-06 -9.60569e-07 -5.52612e-07 0.000133404 0.00026599 -1.05802e-06 -0.000114831 2.44754e-06 -3.99988e-05
internal_weight=2.67106e+06 178123 2.49294e+06 1.69537e+06 1.68998e+06 6345 2776 1.68363e+06 41248 1.34571e+06 136875
internal_count=2671059 178123 2492936 1695372 1689977 6345 2776 1683632 41248 1345708 136875
is_linear=0
shrinkage=0.00523217


Tree=117
num_leaves=12
num_cat=0
split_feature=0 0 0 10 5 17 24 3 22 22 18
split_gain=22.7981 6.4637 4.94403 3.0129 3.78686 4.5503 8.59083 2.90555 2.88463 2.82616 2.41529
threshold=-1.4085726141929624 -3.6869672536849971 0.53930494189262401 0.88335543870925914 inf -2.2249805927276607 -0.81185802817344654 -0.61536589264869679 -1.0257932543754575 -0.06793526932597159 inf
decision_type=2 2 2 8 8 2 10 8 8 8 8
left_child=1 9 3 4 7 6 -6 -2 -7 -1 -5
right_child=2 -3 -4 10 5 8 -8 -9 -10 -11 -12
leaf_value=-0.00016383164294481376 -1.362914762612111e-05 -3.9902047499040344e-05 1.5958208331370129e-05 -1.2089748531995416e-05 0.0067990856774587955 0.0011491959282297209 0.00081494823107717748 6.1902407549595679e-06 0.00015545030087368267 -7.6400532896242745e-05 -0.0001340422013000675
leaf_weight=18029 244731 136829 691294 378404 6.9999999999999991 86 38 1172873 1034 23208 4499
leaf_count=18029 244731 136829 691294 378404 7 86 38 1172873 1034 23208 4499
internal_value=-2.19999e-08 -5.72173e-05 4.06301e-06 -5.00688e-07 3.01385e-06 0.00030105 0.0019134 2.7681e-06 0.000233603 -0.000114649 -1.35252e-05
internal_weight=2.67103e+06 178066 2.49297e+06 1.80167e+06 1.41877e+06 1165 45 1.4176e+06 1120 41237 382903
internal_count=2671032 178066 2492966 1801672 1418769 1165 45 1417604 1120 41237 382903
is_linear=0
shrinkage=0.00523217


Tree=118
num_leaves=12
num_cat=0
split_feature=9 2 6 2 23 3 17 8 22 22 22
split_gain=11.5265 4.99706 4.78534 2.96893 4.43437 3.06059 2.94165 10.4983 2.82571 2.00678 1.75777
threshold=0.28087367117404943 0.047015514224767692 -2.4138929843902583 0.047015514224767692 inf -0.45360761880874628 -2.2249805927276607 0.97868484258651745 -0.25545366108417505 -1.2493496537208555 -0.13203510642051694
decision_type=8 8 2 10 8 10 2 10 8 10 8
left_child=1 -1 10 -3 5 -5 7 -6 -4 -7 -2
right_child=2 3 8 4 6 9 -8 -9 -10 -11 -12
leaf_value=1.3116076407685185e-05 -0.00011911687615628358 -0.00012292551930110057 -3.7101717454001837e-05 -1.5401455061852987e-05 -6.2098272933210687e-05 -3.2024740357023758e-05 0.00016582184980367453 0.0061730139384594939 -8.8648749041840315e-06 5.1982070995191178e-06 -4.7197842628846664e-05
leaf_weight=1068552 17271 5589 148824 353066 26 41912 3568 8.9999999999999982 279029 732991 20288
leaf_count=1068552 17271 5589 148824 353066 26 41912 3568 9 279029 732991 20288
internal_value=-5.09104e-10 4.99181e-06 -2.36621e-05 -2.6416e-06 -2.04666e-06 -2.63284e-06 0.000181182 0.0016683 -1.86887e-05 3.18386e-06 -8.02929e-05
internal_weight=2.67112e+06 2.20571e+06 465412 1.13716e+06 1.13157e+06 1.12797e+06 3603 35 427853 774903 37559
internal_count=2671125 2205713 465412 1137161 1131572 1127969 3603 35 427853 774903 37559
is_linear=0
shrinkage=0.00523217


Tree=119
num_leaves=12
num_cat=0
split_feature=5 11 22 19 5 4 11 22 7 10 22
split_gain=7.03637 4.64841 3.4284 3.41858 4.25841 3.04616 3.02417 3.26648 2.7699 2.00729 1.53539
threshold=1.1401758193969729 -0.90943422913551319 -1.1425130963325498 inf 1.1401758193969729 -0.84921774268150318 0.89736339449882518 -0.06793526932597159 0.61482834815979015 0.85288444161415111 -1.6494436860084531
decision_type=10 8 10 8 8 8 10 8 10 8 10
left_child=1 2 -1 4 8 -2 -6 -8 9 -3 -10
right_child=5 3 -4 -5 6 -7 7 -9 10 -11 -12
leaf_value=-7.1679653191017323e-05 -5.0031098604483535e-05 1.186615758087596e-05 -1.0497662359752898e-05 -0.00012579792491072326 3.8188432903697157e-05 -1.3278690888479692e-05 0.00048387084985122142 0.00011855201352791948 -4.9091653286563621e-05 -4.2188865797714972e-06 -3.0256350512148314e-06
leaf_weight=27569 86276 1297430 277680 5384 3363 217405 1159 1607 20665 253878 478705
leaf_count=27569 86276 1297430 277680 5384 3363 217405 1159 1607 20665 253878 478705
internal_value=-1.21589e-08 3.02898e-06 -1.60263e-05 5.84997e-06 6.19504e-06 -2.37229e-05 0.000143896 0.000272058 5.78301e-06 9.23325e-06 -4.93367e-06
internal_weight=2.67112e+06 2.36744e+06 305249 2.06219e+06 2.05681e+06 303681 6129 2766 2.05068e+06 1.55131e+06 499370
internal_count=2671121 2367440 305249 2062191 2056807 303681 6129 2766 2050678 1551308 499370
is_linear=0
shrinkage=0.00523217


Tree=120
num_leaves=12
num_cat=0
split_feature=0 0 0 13 23 9 9 9 13 3 20
split_gain=22.33 5.9259 3.43018 2.80886 3.40398 2.7555 2.62375 2.573 2.43398 1.9028 1.74687
threshold=-2.2887891530990596 0.21646717935800555 -4.1393516063690177 inf inf 1.8862680792808535 0.28087367117404943 -0.074855603277683244 2.6879446506500249 -1.3542556166648863 -0.79496321082115162
decision_type=2 2 2 8 8 8 10 8 10 8 10
left_child=2 3 9 4 6 8 -2 -3 -6 -1 -9
right_child=1 7 -4 -5 5 -7 -8 10 -10 -11 -12
leaf_value=-0.00018755531933682467 -1.835818310210274e-06 1.6197250956106259e-05 -5.6947256415939217e-05 -0.00013511426966754026 8.4711854304969956e-05 -0.00041099297944057481 -2.0926420791600023e-05 -1.2722593318191049e-05 0.00034901689749440693 -9.7497877378362988e-05 7.4593948383179222e-06
leaf_weight=9150 920824 813101 63634 4575 5724 267 250791 163450 1148 21845 416696
leaf_count=9150 920824 813101 63634 4575 5724 267 250791 163450 1148 21845 416696
internal_value=-2.05398e-08 2.87827e-06 -7.89575e-05 -5.7312e-06 -5.22822e-06 0.00010866 -5.92298e-06 1.01912e-05 0.000129035 -0.000124116 1.77193e-06
internal_weight=2.6712e+06 2.57658e+06 94629 1.18333e+06 1.17875e+06 7139 1.17162e+06 1.39325e+06 6872 30995 580146
internal_count=2671205 2576576 94629 1183329 1178754 7139 1171615 1393247 6872 30995 580146
is_linear=0
shrinkage=0.00523217


Tree=121
num_leaves=12
num_cat=0
split_feature=9 3 5 18 20 4 20 18 16 5 20
split_gain=11.3137 4.10071 3.98354 4.72896 5.28865 8.75959 3.96422 3.90476 2.44693 2.26623 2.10179
threshold=0.28087367117404943 -0.45360761880874628 inf 2.1534955501556401 4.0456516742706308 -1.6248865723609922 2.0423238277435307 2.6146798133850102 -0.073228619992732988 1.1737715005874636 3.4771887063980107
decision_type=8 8 8 10 10 8 10 8 2 10 10
left_child=1 2 10 -4 8 -6 9 -3 -5 -2 -1
right_child=6 7 3 4 5 -7 -8 -9 -10 -11 -12
leaf_value=-1.2340536429543235e-05 -1.3769981505980638e-05 9.1169375125285897e-06 -5.7269601584110879e-05 -0.00012338971435429643 0.0033868243473999656 0.00048213671372145822 -7.5819875611312935e-05 -0.00014954573251460678 0.00024234644238857995 -4.6941051598786336e-05 5.6112192924316578e-05
leaf_weight=453536 362066 1728479 2602 583 36 127 36402 4255 3413 66821 12616
leaf_count=453536 362066 1728479 2602 583 36 127 36402 4255 3413 66821 12616
internal_value=5.32252e-08 4.99945e-06 -8.65554e-06 0.000117415 0.000226881 0.00114832 -2.3392e-05 8.72675e-06 0.000188765 -1.89401e-05 -1.04861e-05
internal_weight=2.67094e+06 2.20565e+06 472913 6761 4159 163 465289 1.73273e+06 3996 428887 466152
internal_count=2670936 2205647 472913 6761 4159 163 465289 1732734 3996 428887 466152
is_linear=0
shrinkage=0.00523217


Tree=122
num_leaves=12
num_cat=0
split_feature=9 2 6 2 23 20 12 20 6 16 12
split_gain=11.1396 4.8631 4.64724 2.78978 4.46044 4.98087 11.6763 2.48663 2.30105 2.27307 1.92472
threshold=0.28087367117404943 0.047015514224767692 -2.4138929843902583 0.047015514224767692 inf 4.0456516742706308 -1.5555489063262937 3.4771887063980107 -0.29535564780235285 -0.073228619992732988 0.41952750086784368
decision_type=8 8 2 10 8 10 10 10 2 2 10
left_child=1 -1 -2 -3 8 9 -7 -4 -5 -6 -10
right_child=2 3 7 4 5 6 -8 -9 10 -11 -12
leaf_value=1.2866169875783232e-05 -7.9115404083661501e-05 -0.00011941367568518648 -1.7195184422076894e-05 -1.5588455495185658e-05 -0.00017964366601609172 0.0001832959852571794 0.0038182845675314363 -0.00014905902276153013 -5.251251593295108e-06 0.00020016084460471864 1.0693665734036055e-05
leaf_weight=1068626 37572 5576 423828 283504 501 85 33 3952 479544 2987 364947
leaf_count=1068626 37572 5576 423828 283504 501 85 33 3952 479544 2987 364947
internal_value=-5.54523e-08 4.85192e-06 -2.33184e-05 -2.67852e-06 -2.10247e-06 0.000181588 0.00123439 -1.84157e-05 -2.6906e-06 0.000145335 1.6384e-06
internal_weight=2.67116e+06 2.2058e+06 465352 1.13718e+06 1.1316e+06 3606 118 427780 1.128e+06 3488 844491
internal_count=2671155 2205803 465352 1137177 1131601 3606 118 427780 1127995 3488 844491
is_linear=0
shrinkage=0.00523217


Tree=123
num_leaves=12
num_cat=0
split_feature=0 0 19 5 22 9 11 7 0 11 16
split_gain=22.0626 6.13297 3.50976 4.68632 3.32182 3.07183 2.90731 2.75891 2.74651 2.33518 2.3329
threshold=-2.4759553670883174 -0.020995306782424446 inf inf -0.25545366108417505 1.8862680792808535 0.89736339449882518 0.60439798235893261 0.73527646064758312 3.3645783662796025 -0.18426529318094251
decision_type=2 2 8 8 8 8 10 8 2 10 2
left_child=4 7 3 8 -1 6 -5 -2 -3 -7 -6
right_child=1 2 -4 5 10 9 -8 -9 -10 -11 -12
leaf_value=-0.00012977998326623206 -2.0394539490947803e-06 4.5827759455683522e-06 -0.00012767633371896028 7.5761319035224557e-05 -8.9335362768457781e-05 -0.00058017623074325421 0.00032540919309878135 -2.2777171424112477e-05 2.0780834818237804e-05 0.001417507638661754 -2.08748626660747e-05
leaf_weight=28215 456494 1479313 5219 2850 31891 212 2330 285532 355482 15.999999999999998 23856
leaf_count=28215 456494 1479313 5219 2850 31891 212 2330 285532 355482 16 23856
internal_value=-2.58568e-08 2.68246e-06 7.79062e-06 8.17533e-06 -8.34963e-05 0.00016196 0.000188258 -1.00204e-05 7.72151e-06 -0.000429896 -6.00543e-05
internal_weight=2.67141e+06 2.58745e+06 1.84542e+06 1.8402e+06 83962 5408 5180 742026 1.8348e+06 228 55747
internal_count=2671410 2587448 1845422 1840203 83962 5408 5180 742026 1834795 228 55747
is_linear=0
shrinkage=0.00523217


Tree=124
num_leaves=12
num_cat=0
split_feature=0 2 0 0 4 22 22 9 20 22 0
split_gain=21.6178 5.96929 4.17942 3.53262 3.03425 2.22594 2.09711 1.85701 2.05458 1.67969 1.61548
threshold=-2.2887891530990596 0.13715466111898425 -0.035463314503431313 -4.6120386123657218 inf -1.6494436860084531 0.11386564001441003 0.21065057814121249 -0.21302888542413709 -0.06793526932597159 0.66601887345314037
decision_type=2 8 2 2 8 8 8 10 10 8 2
left_child=3 7 5 9 -4 -3 -5 8 10 -1 -2
right_child=1 2 4 6 -6 -7 -8 -9 -10 -11 -12
leaf_value=-0.00019312350228816098 9.3402766711836085e-07 -8.9072821872626911e-05 2.5141861899232454e-06 -8.648808420726188e-05 -0.00011439897465412154 -1.6410252831829417e-05 -3.0537106809426527e-05 -3.6707236400852992e-06 2.1010898864109606e-05 -9.7436058210673227e-05 1.9609650292984935e-05
leaf_weight=8786 409380 11870 819659 39906 6121 422844 34042 208114 514650 11866 183760
leaf_count=8786 409380 11870 819659 39906 6121 422844 34042 208114 514650 11866 183760
internal_value=1.90314e-08 2.87161e-06 -5.26523e-06 -7.76606e-05 1.64645e-06 -1.83964e-05 -6.07428e-05 1.06664e-05 1.33606e-05 -0.000138192 6.72128e-06
internal_weight=2.671e+06 2.5764e+06 1.26049e+06 94600 825780 434714 73948 1.3159e+06 1.10779e+06 20652 593140
internal_count=2670998 2576398 1260494 94600 825780 434714 73948 1315904 1107790 20652 593140
is_linear=0
shrinkage=0.00523217


Tree=125
num_leaves=12
num_cat=0
split_feature=0 0 2 0 18 12 21 0 20 4 12
split_gain=21.5312 6.16598 5.03113 3.0818 2.50303 2.27781 1.98484 1.70367 1.69231 1.68742 4.02218
threshold=-1.4085726141929624 -3.6869672536849971 -0.068967439234256731 0.48215444386005407 inf 0.32456612586975103 -2.0947774648666377 0.025595837272703651 2.1264798641204838 -2.4756387472152706 -2.2224149703979488
decision_type=2 2 8 2 8 10 2 2 10 10 10
left_child=1 -1 5 4 -4 -2 8 -6 -3 10 -10
right_child=2 6 3 -5 7 -7 -8 -9 9 -11 -12
leaf_value=-0.00011175418679127041 2.0645761057976239e-05 -3.2551710158585929e-05 -6.8454076130566886e-06 9.6462034293587791e-06 1.2047095617269895e-05 5.3363628133755735e-06 -4.103398254251981e-05 -0.00020285975944211635 -8.5286670620864324e-05 0.00024034243457151896 0.0032548031674239923
leaf_weight=41210 499629 860 1012767 406707 1514 569485 135089 2990 22 895 15.999999999999998
leaf_count=41210 499629 860 1012767 406707 1514 569485 135089 2990 22 895 16
internal_value=-5.63909e-08 -5.56355e-05 3.91356e-06 -2.52627e-06 -7.39364e-06 1.24917e-05 -3.87336e-05 -0.000130457 0.000134045 0.000288314 0.00135633
internal_weight=2.67118e+06 178092 2.49309e+06 1.42398e+06 1.01727e+06 1.06911e+06 136882 4504 1793 933 38
internal_count=2671184 178092 2493092 1423978 1017271 1069114 136882 4504 1793 933 38
is_linear=0
shrinkage=0.00523217


Tree=126
num_leaves=12
num_cat=0
split_feature=1 1 9 19 23 16 18 6 21 4 19
split_gain=17.0634 4.5284 4.13031 3.32974 5.02452 2.2143 2.07806 1.96727 1.72332 5.70868 17.2726
threshold=1.3070775866508486 2.067751526832581 0.26362279057502752 inf inf -0.073228619992732988 -2.1090607643127437 -0.85840973258018483 -2.4141910076141353 -2.2136638164520259 1.9823088049888613
decision_type=2 2 8 8 8 2 10 2 2 8 10
left_child=2 8 3 4 6 -6 -1 -3 9 10 -2
right_child=1 7 -4 -5 5 -7 -8 -9 -10 -11 -12
leaf_value=6.6500674341593853e-05 0.0084254536536542569 -0.00010271857632198474 -1.1874650317719636e-05 -0.00012255141695913363 -5.675182219442955e-05 0.00023245781819069625 6.5173894861635924e-06 -4.0977619006535853e-05 -2.9865311421477052e-05 0.00010144309136204019 0.00038877563294892608
leaf_weight=15937 7.9999999999999991 39880 373515 5412 888 3832 2033490 21964 175450 757 38
leaf_count=15937 8 39880 373515 5412 888 3832 2033490 21964 175450 757 38
internal_value=-4.28099e-09 -4.22776e-05 4.13221e-06 7.03556e-06 7.37744e-06 0.000177876 6.98427e-06 -8.08054e-05 -2.87539e-05 0.00021278 0.00197954
internal_weight=2.67117e+06 238097 2.43307e+06 2.05956e+06 2.05415e+06 4720 2.04943e+06 61844 176253 803 46
internal_count=2671171 238097 2433074 2059559 2054147 4720 2049427 61844 176253 803 46
is_linear=0
shrinkage=0.00523217


Tree=127
num_leaves=12
num_cat=0
split_feature=0 0 19 5 0 4 0 11 8 15 16
split_gain=21.2875 5.98965 3.36439 4.50869 3.04465 2.90237 2.68118 2.54316 3.99343 3.14783 1.82178
threshold=-2.4759553670883174 -0.020995306782424446 inf inf -4.6120386123657218 -1.3723175525665281 0.73527646064758312 0.82314845919609081 0.82598853111267101 0.088724624365568175 -0.18426529318094251
decision_type=2 2 8 8 2 8 2 10 10 2 2
left_child=4 5 3 6 -1 -2 -3 9 -9 -5 -6
right_child=1 2 -4 7 10 -7 -8 8 -10 -11 -12
leaf_value=-0.00013725652299407664 -3.8406270247978528e-05 4.5275693427312254e-06 -0.00012500990506160737 1.3464928812901682e-05 -8.906251667196046e-05 -6.1452457247023346e-06 2.0532292307429885e-05 0.00020044843806005662 0.00083135091092149276 0.00088262644616595365 -3.2469454852435871e-05
leaf_weight=20638 86421 1479179 5213 2720 35229 655613 355465 2270 313 118 28013
leaf_count=20638 86421 1479179 5213 2720 35229 655613 355465 2270 313 118 28013
internal_value=-9.48301e-09 2.64971e-06 7.69818e-06 8.07467e-06 -8.20418e-05 -9.90366e-06 7.62896e-06 0.000158736 0.000277555 5.02387e-05 -6.40084e-05
internal_weight=2.67119e+06 2.58731e+06 1.84528e+06 1.84006e+06 83880 742034 1.83464e+06 5421 2583 2838 63242
internal_count=2671192 2587312 1845278 1840065 83880 742034 1834644 5421 2583 2838 63242
is_linear=0
shrinkage=0.00523217


Tree=128
num_leaves=12
num_cat=0
split_feature=3 11 5 18 15 5 11 17 8 3 8
split_gain=6.88916 6.51975 3.91863 3.86944 3.82007 3.46135 4.49042 3.48721 6.27142 2.54334 2.34009
threshold=-0.65833011269569386 -0.86895382404327381 2.6781778335571294 2.4283109903335576 -0.85418486595153797 2.6781778335571294 0.73603066802024852 -2.3578816652297969 0.97868484258651745 -2.9485645294189449 -0.778722584247589
decision_type=8 8 10 8 2 8 10 2 10 10 10
left_child=2 4 5 10 -2 -1 -7 8 -8 -9 -3
right_child=1 3 -4 -5 -6 6 7 9 -10 -11 -12
leaf_value=-1.6188631298125898e-05 -5.0055354786440279e-05 -2.992973142618341e-06 -8.2339182031438004e-05 -0.00010931579105240291 -7.7539535880665645e-06 -3.3192773352249937e-06 0 -2.0154657535679111e-05 0.0047360179092303164 0.0003209571148280136 1.1476083378237042e-05
leaf_weight=463210 74588 388913 24379 7676 270291 5076 18.000000000000004 807 11.999999999999998 2265 1433807
leaf_count=463210 74588 388913 24379 7676 270291 5076 18 807 12 2265 1433807
internal_value=-4.91169e-08 3.96208e-06 -1.76506e-05 7.89427e-06 -1.69051e-05 -1.43032e-05 9.23786e-05 0.000249175 0.00199404 0.000231114 8.38839e-06
internal_weight=2.67104e+06 2.17528e+06 495767 1.8304e+06 344879 471388 8178 3102 30 3072 1.82272e+06
internal_count=2671042 2175275 495767 1830396 344879 471388 8178 3102 30 3072 1822720
is_linear=0
shrinkage=0.00523217


Tree=129
num_leaves=12
num_cat=0
split_feature=1 9 22 13 5 11 22 22 1 1 10
split_gain=16.5302 4.79566 3.69195 3.02855 3.78915 5.0412 2.53298 2.30788 2.04275 1.86548 1.54516
threshold=1.5674355030059817 0.26362279057502752 -0.25545366108417505 inf inf 0.73603066802024852 -0.073168788105249391 -0.1221071034669876 -0.1842757239937782 2.1540496349334721 0.60430067777633678
decision_type=2 8 8 8 8 10 8 8 2 2 8
left_child=1 3 9 4 8 -6 -7 -3 -1 -2 -10
right_child=2 7 -4 -5 5 6 -8 -9 10 -11 -12
leaf_value=1.1501248781325038e-05 -6.6237708004629204e-05 -2.6976232095227091e-05 -3.4283114061870047e-05 -0.00012796028937441144 8.294502071373763e-06 0.00054806370798861402 0.0001885592766879054 -1.891282999802773e-06 5.6184027871513727e-06 -0.00013286878295510086 -7.8365919312964735e-06
leaf_weight=1043226 34823 183985 103383 4583 3082 908 1339 221179 708398 17251 348622
leaf_count=1043226 34823 183985 103383 4583 3082 908 1339 221179 708398 17251 348622
internal_value=-3.34023e-08 3.20232e-06 -5.23928e-05 6.36826e-06 6.6611e-06 0.000145994 0.000334402 -1.32844e-05 6.3071e-06 -8.83291e-05 1.17997e-06
internal_weight=2.67078e+06 2.51532e+06 155457 2.11016e+06 2.10558e+06 5329 2247 405164 2.10025e+06 52074 1.05702e+06
internal_count=2670779 2515322 155457 2110158 2105575 5329 2247 405164 2100246 52074 1057020
is_linear=0
shrinkage=0.00523217


Tree=130
num_leaves=12
num_cat=0
split_feature=0 0 2 0 19 0 20 4 8 14 0
split_gain=20.8957 5.34957 5.09998 3.11047 2.49898 1.73661 1.70289 2.13873 1.50277 2.84977 1.46307
threshold=-1.5733938217163084 -4.1393516063690177 -0.068967439234256731 0.48215444386005407 inf 0.025595837272703651 -0.15268614143133161 0.41345734894275671 -0.6792919635772704 -2.2055832147598262 0.62946948409080516
decision_type=2 2 8 2 8 2 10 8 8 2 2
left_child=1 -1 6 4 8 -6 10 -8 -4 -10 -2
right_child=2 -3 3 -5 5 -7 7 -9 9 -11 -12
leaf_value=-0.00012021172217606522 6.201194960808693e-07 -4.3421797368194031e-05 -1.5760960677541537e-05 9.4991315917784573e-06 1.8546996158014653e-05 -0.00018366213247660625 8.4365439831970889e-06 3.0488650600179528e-05 0.00019398187522193624 -3.0151759003270726e-06 1.8131505092524646e-05
leaf_weight=30988 398380 125493 351913 406704 1687 3690 237787 244150 2015 673950 194397
leaf_count=30988 398380 125493 351913 406704 1687 3690 237787 244150 2015 673950 194397
internal_value=2.89484e-08 -5.86345e-05 3.67975e-06 -2.75699e-06 -7.58196e-06 -0.000120081 1.23048e-05 1.96099e-05 -6.99254e-06 -2.42642e-06 6.36423e-06
internal_weight=2.67115e+06 156481 2.51467e+06 1.43996e+06 1.03326e+06 5377 1.07471e+06 481937 1.02788e+06 675965 592777
internal_count=2671154 156481 2514673 1439959 1033255 5377 1074714 481937 1027878 675965 592777
is_linear=0
shrinkage=0.00523217


Tree=131
num_leaves=12
num_cat=0
split_feature=6 7 6 22 7 11 5 17 11 22 22
split_gain=9.73236 4.54988 3.20838 2.94947 2.75511 2.42634 2.42497 3.37118 2.02179 1.75485 1.6626
threshold=-0.77405205368995655 0.59414795041084301 -3.6667821407318111 -1.6494436860084531 -1.0000000180025095e-35 -0.813860923051834 inf -2.3578816652297969 -0.85959830880165089 0.14046356827020648 -0.46745052933692927
decision_type=2 8 2 10 10 10 8 2 8 8 8
left_child=2 8 10 -3 -5 -4 -6 -8 -2 -7 -1
right_child=1 3 5 4 6 9 7 -9 -10 -11 -12
leaf_value=-0.00015465179277842966 -6.2467912152665114e-06 -6.4324929836244462e-05 -5.0778741294464215e-05 -0.00014061650451997268 -5.9258597592760393e-06 -2.4305561759316814e-05 0.0018420170124375434 0.00011244046838611799 1.0623359678509308e-05 1.9953484968644009e-06 -5.5536327647406851e-05
leaf_weight=6719 223830 24805 61109 4132 553792 187701 30 3755 1479997 110149 15073
leaf_count=6719 223830 24805 61109 4132 553792 187701 30 3755 1479997 110149 15073
internal_value=7.32839e-09 4.07972e-06 -2.44873e-05 -8.48872e-06 -6.02144e-06 -2.07419e-05 -5.02227e-06 0.000126932 8.40667e-06 -1.45765e-05 -8.61396e-05
internal_weight=2.67109e+06 2.29034e+06 380751 586514 561709 358959 557577 3785 1.70383e+06 297850 21792
internal_count=2671092 2290341 380751 586514 561709 358959 557577 3785 1703827 297850 21792
is_linear=0
shrinkage=0.00523217


Tree=132
num_leaves=12
num_cat=0
split_feature=0 2 0 22 13 13 22 16 13 5 20
split_gain=20.6194 5.82238 3.87192 3.23643 3.05548 2.73499 2.37671 2.33961 2.22924 2.07668 2.17253
threshold=-2.4759553670883174 0.26386126875877386 -0.035463314503431313 -0.25545366108417505 2.6879446506500249 2.6879446506500249 -1.6494436860084531 -0.20052303373813626 0.28087963163852697 inf 0.5974613130092622
decision_type=2 8 2 8 10 8 8 2 10 8 8
left_child=3 8 6 -1 5 -4 -3 -5 -2 -10 -11
right_child=1 2 4 7 -6 -7 -8 -9 9 10 -12
leaf_value=-0.00012642020229713079 1.3680694602484328e-05 -9.3826777981910277e-05 1.2827117474365851e-06 -8.7553844847581888e-05 0.00023652308872671525 -0.00012744849380147416 -1.7150285079338313e-05 -1.9169335382251409e-05 -7.9545082380642488e-07 0.0025812826203009879 0.00024565912995573347
leaf_weight=28203 1027157 11391 704545 31275 1503 4546 393916 24430 443635 10 688
leaf_count=28203 1027157 11391 704545 31275 1503 4546 393916 24430 443635 10 688
internal_value=-7.58376e-09 2.60989e-06 -6.40263e-06 -8.07285e-05 9.56905e-07 4.56069e-07 -1.93075e-05 -5.75786e-05 9.44506e-06 -3.44598e-07 0.000284577
internal_weight=2.6713e+06 2.58739e+06 1.1159e+06 83908 710594 709091 405307 55705 1.47149e+06 444333 698
internal_count=2671299 2587391 1115901 83908 710594 709091 405307 55705 1471490 444333 698
is_linear=0
shrinkage=0.00523217


Tree=133
num_leaves=12
num_cat=0
split_feature=0 0 7 22 9 19 5 22 22 0 0
split_gain=20.3432 5.69149 3.29386 3.1742 2.46333 2.07798 3.83379 2.63889 1.86646 2.12315 1.85406
threshold=-2.4759553670883174 0.21646717935800555 0.60439798235893261 -0.25545366108417505 -0.13133528083562848 inf inf -0.83467108011245716 0.14046356827020648 -0.95451655983924855 -4.1393516063690177
decision_type=2 2 8 8 8 8 8 8 8 2 2
left_child=3 2 8 10 -3 6 -4 -8 9 -2 -1
right_child=1 4 5 -5 -6 -7 7 -9 -10 -11 -12
leaf_value=-0.00018157903283246379 -3.5665206272505036e-05 1.6648560144383182e-05 -1.8305948463636767e-05 -5.7246250000158501e-05 2.731350108715355e-06 -0.00012365051192810188 0.00050974491878706359 9.0840564660403482e-05 1.0933967588862132e-05 -1.8069146106542689e-06 -9.3241377829400847e-05
leaf_weight=10265 57376 704728 397849 55718 688438 5022 456 4272 292562 436319 17960
leaf_count=10265 57376 704728 397849 55718 688438 5022 456 4272 292562 436319 17960
internal_value=-1.31327e-08 2.58764e-06 -5.79534e-06 -8.01743e-05 9.77191e-06 -1.78658e-05 -1.65439e-05 0.00013153 4.61054e-07 -5.74354e-06 -0.000125403
internal_weight=2.67096e+06 2.58702e+06 1.19386e+06 83943 1.39317e+06 407599 402577 4728 786257 493695 28225
internal_count=2670965 2587022 1193856 83943 1393166 407599 402577 4728 786257 493695 28225
is_linear=0
shrinkage=0.00523217


Tree=134
num_leaves=12
num_cat=0
split_feature=0 0 2 0 22 13 7 22 22 0 20
split_gain=20.1106 5.83506 4.71823 2.89284 2.69788 2.52405 2.41871 2.25727 1.67502 1.6244 1.54586
threshold=-1.4085726141929624 -3.6869672536849971 -0.068967439234256731 0.48215444386005407 -0.06793526932597159 0.17581719160079959 inf -0.91935065388679493 0.11386564001441003 0.025595837272703651 -0.13690238445997235
decision_type=2 2 8 2 8 10 8 8 8 2 10
left_child=1 4 5 6 -1 10 7 -4 -3 -8 -2
right_child=2 8 3 -5 -6 -7 9 -9 -10 -11 -12
leaf_value=-0.00015639232823370567 1.1153737382950891e-05 -5.3817444944754398e-05 -3.0598838132971968e-05 9.3834860044685503e-06 -7.0941778435200628e-05 3.1604769498252166e-07 1.1893983849944139e-05 -4.0395184006795549e-06 -1.6993327089008685e-05 -0.00019632409112138623 2.6588224117089369e-05
leaf_weight=18015 425481 75384 96885 406699 23196 338357 1530 915796 61472 3067 305326
leaf_count=18015 425481 75384 96885 406699 23196 338357 1530 915796 61472 3067 305326
internal_value=-1.00406e-08 -5.37284e-05 3.82638e-06 -2.41005e-06 -0.000108319 1.21332e-05 -7.12581e-06 -6.58132e-06 -3.72832e-05 -0.000126864 1.76033e-05
internal_weight=2.67121e+06 178067 2.49314e+06 1.42398e+06 41211 1.06916e+06 1.01728e+06 1.01268e+06 136856 4597 730807
internal_count=2671208 178067 2493141 1423977 41211 1069164 1017278 1012681 136856 4597 730807
is_linear=0
shrinkage=0.00523217


Tree=135
num_leaves=12
num_cat=0
split_feature=2 5 13 13 2 5 20 5 13 3 12
split_gain=8.12921 4.7639 2.73251 2.28848 2.59538 2.23518 2.16527 2.06465 2.43287 2.32994 1.92081
threshold=0.43745510280132299 1.3184128999710085 -2.5627611875534053 0.31278547644615179 -0.45170311629772181 inf 0.5974613130092622 1.3184128999710085 2.6879446506500249 -1.1471772789955137 0.24548606574535373
decision_type=8 10 10 8 10 8 8 8 10 10 8
left_child=3 2 -2 4 10 -5 -7 9 -9 -4 -1
right_child=1 -3 7 5 -6 6 -8 8 -10 -11 -12
leaf_value=2.9670556795977379e-05 -0.00010032144190829157 -4.4297067156504099e-05 -2.4789050030026474e-05 -2.745081215341674e-06 3.176871417142127e-06 0.0025691518246752951 0.00024021453145896799 3.7419216226273522e-05 0.00030813970554498721 -3.206230656959738e-06 1.0487675417166523e-05
leaf_weight=248339 8690 112374 173304 526164 605783 10 788 4422 1146 652954 337005
leaf_count=248339 8690 112374 173304 526164 605783 10 788 4422 1146 652954 337005
internal_value=-4.37099e-08 -1.23007e-05 -8.02185e-06 6.7538e-06 1.07704e-05 -2.32361e-06 0.000274161 -7.0565e-06 9.33364e-05 -7.73413e-06 1.86277e-05
internal_weight=2.67098e+06 952890 840516 1.71809e+06 1.19113e+06 526962 798 831826 5568 826258 585344
internal_count=2670979 952890 840516 1718089 1191127 526962 798 831826 5568 826258 585344
is_linear=0
shrinkage=0.00523217


Tree=136
num_leaves=12
num_cat=0
split_feature=0 0 0 13 23 11 9 15 9 21 9
split_gain=19.8129 5.73417 4.45479 2.56783 2.93468 3.92813 3.68977 2.49692 1.96394 1.9235 1.68704
threshold=-1.4085726141929624 -3.6869672536849971 0.53930494189262401 inf inf 0.82314845919609081 0.0091148857027292269 0.088724624365568175 0.30838249623775488 -2.0947774648666377 -0.084001872688531862
decision_type=2 2 2 8 8 10 10 2 10 2 8
left_child=1 -1 3 4 8 7 -7 -6 -2 -3 -4
right_child=2 9 10 -5 5 6 -8 -9 -10 -11 -12
leaf_value=-0.00010736959249989228 1.7802771624299282e-06 0.00013350640216074997 2.127316294324613e-05 -0.00012430884719088526 -2.6572704115760318e-05 0.00048787900600696303 0.00010561831059414707 0.0005546211967021906 -1.3251979542310439e-05 -3.922795259623177e-05 4.2436809897808552e-06
leaf_weight=41234 1507523 1785 442213 4572 3980 1125 1811 212 282509 135118 249087
leaf_count=41234 1507523 1785 442213 4572 3980 1125 1811 212 282509 135118 249087
internal_value=3.7643e-08 -5.32698e-05 3.84702e-06 -4.84869e-07 -1.6933e-07 0.000105775 0.000252502 2.77624e-06 -5.91724e-07 -3.69688e-05 1.51383e-05
internal_weight=2.67117e+06 178137 2.49303e+06 1.80173e+06 1.79716e+06 7128 2936 4192 1.79003e+06 136903 691300
internal_count=2671169 178137 2493032 1801732 1797160 7128 2936 4192 1790032 136903 691300
is_linear=0
shrinkage=0.00523217


Tree=137
num_leaves=12
num_cat=0
split_feature=6 7 6 22 4 5 22 22 20 4 23
split_gain=9.26863 4.43638 3.1232 2.82687 2.91122 2.48335 2.16176 1.98601 1.84306 3.4195 1.64904
threshold=-0.77405205368995655 0.59414795041084301 -3.6667821407318111 -1.6494436860084531 2.8768199682235722 inf 0.14046356827020648 -0.30651849508285517 -0.51709809899330128 0.33972814679145819 -0.036133451387286179
decision_type=2 8 2 10 8 8 8 10 10 10 10
left_child=2 8 -1 -3 5 -5 10 -7 -2 -10 -4
right_child=1 3 6 4 -6 7 -8 -9 9 -11 -12
leaf_value=-8.4761343158617892e-05 1.3463486018941341e-06 -6.3123136133794096e-05 -4.7526009966008452e-05 -5.7566548878697832e-06 -0.00013019983519280872 0.00036955973889289825 -3.5044915017017757e-06 6.6800042228702927e-05 3.9346260925159716e-06 2.2924414547800522e-05 -1.8608802878487515e-05
leaf_weight=21786 655624 24801 89620 553319 5122 774 133181 2573 573500 474442 136146
leaf_count=21786 655624 24801 89620 553319 5122 774 133181 2573 573500 474442 136146
internal_value=-1.91131e-08 3.9547e-06 -2.39241e-05 -8.45475e-06 -6.03977e-06 -4.89563e-06 -2.02291e-05 0.000137159 8.22812e-06 1.25328e-05 -3.00915e-05
internal_weight=2.67089e+06 2.29016e+06 380733 586589 561788 556666 358947 3347 1.70357e+06 1.04794e+06 225766
internal_count=2670888 2290155 380733 586589 561788 556666 358947 3347 1703566 1047942 225766
is_linear=0
shrinkage=0.00523217


Tree=138
num_leaves=12
num_cat=0
split_feature=3 8 8 19 3 20 16 15 18 13 4
split_gain=6.52242 4.35826 2.7247 2.70249 2.12673 1.81541 3.06453 3.15663 2.40535 1.81029 2.07945
threshold=-0.65833011269569386 -0.91635063290595997 -2.0727592706680293 3.4909721612930302 -2.253310918807983 0.73066231608390819 -0.05369449965655803 -0.087978344410657869 -0.068451393395662294 0.70285081863403331 0.33972814679145819
decision_type=8 10 10 8 10 10 2 2 10 10 10
left_child=2 3 5 -2 -4 -1 7 -7 -9 10 -3
right_child=1 9 4 -5 -6 6 -8 8 -10 -11 -12
leaf_value=-6.3177198138069098e-05 -1.1452297766374772e-05 4.3062435687120744e-06 -4.0326722331852318e-05 -0.0001642780104485841 -1.3404033362180078e-05 1.308326138818105e-05 4.2388442760816164e-05 -6.3249964683408924e-05 0.00052309141044939815 -4.178933159432897e-06 1.6773932285692486e-05
leaf_weight=2549 353573 866769 101776 3196 382013 839 7310 228 1116 317212 634454
leaf_count=2549 353573 866769 101776 3196 382013 839 7310 228 1116 317212 634454
internal_value=-7.95102e-09 3.89533e-06 -1.71332e-05 -1.28241e-05 -1.90696e-05 6.05887e-05 9.39099e-05 0.000265951 0.000423058 7.17607e-06 9.57594e-06
internal_weight=2.67104e+06 2.1752e+06 495831 356769 483789 12042 9493 2183 1344 1.81844e+06 1.50122e+06
internal_count=2671035 2175204 495831 356769 483789 12042 9493 2183 1344 1818435 1501223
is_linear=0
shrinkage=0.00523217


Tree=139
num_leaves=12
num_cat=0
split_feature=1 1 9 13 5 11 3 15 3 22 22
split_gain=15.656 4.42634 3.89051 2.82157 3.48045 4.73574 3.39682 3.11838 2.63808 2.27837 2.04762
threshold=1.2783576846122744 2.067751526832581 0.26362279057502752 inf inf 0.73603066802024852 -0.45360761880874628 0.10771213844418527 -2.9485645294189449 0.14046356827020648 -0.25545366108417505
decision_type=2 2 8 8 8 10 10 2 10 8 8
left_child=2 9 3 4 6 7 -1 -6 -7 -2 -3
right_child=1 10 -4 -5 5 8 -8 -9 -10 -11 -12
leaf_value=-6.6805815163673212e-06 -4.2807232498932757e-05 -0.00012044732510757012 -1.1570481225391708e-05 -0.00012269921621083435 -1.9471127681705985e-05 -5.4153412435801645e-06 1.0184268151734634e-05 0.0010389286334205395 0.00042075554446640174 -5.9474379142809567e-06 -5.6538428644055891e-05
leaf_weight=408661 105972 20662 369685 4589 2999 511 1634002 77 1734 81093 41157
leaf_count=408661 105972 20662 369685 4589 2999 511 1634002 77 1734 81093 41157
internal_value=-6.77309e-09 -3.95241e-05 4.05327e-06 6.86763e-06 7.15842e-06 0.000140792 6.80984e-06 7.15115e-06 0.000323442 -2.68329e-05 -7.79138e-05
internal_weight=2.67114e+06 248884 2.42226e+06 2.05257e+06 2.04798e+06 5321 2.04266e+06 3076 2245 187065 61819
internal_count=2671142 248884 2422258 2052573 2047984 5321 2042663 3076 2245 187065 61819
is_linear=0
shrinkage=0.00523217


Tree=140
num_leaves=12
num_cat=0
split_feature=3 7 5 5 17 4 12 19 4 20 22
split_gain=6.45065 4.57205 3.58738 3.19051 2.8188 5.8956 2.50528 2.35037 2.2956 3.16555 2.85263
threshold=-0.65833011269569386 1.2645485401153567 2.6781778335571294 2.6781778335571294 -2.2249805927276607 -1.528226315975189 0.16754918545484546 3.9810845851898198 -0.041084667667746537 -0.51709809899330128 -0.77408435940742482
decision_type=8 8 10 8 2 10 10 8 10 10 8
left_child=2 8 3 -1 5 -5 -3 -6 10 -10 -2
right_child=1 6 -4 4 7 -7 -8 -9 9 -11 -12
leaf_value=-1.5664306859934928e-05 -2.5400413563310355e-05 -4.9394622679871622e-05 -7.8949804862452652e-05 0.0046142306133861184 0.00014226907115942077 0.00046241224119228114 -2.2871252958692812e-06 -4.633731250840739e-05 -7.811067477632609e-07 1.7664953058787047e-05 3.0390777822390081e-06
leaf_weight=463152 108983 65014 24380 9.9999999999999982 5395 64 58980 2712 402385 693474 846448
leaf_count=463152 108983 65014 24380 10 5395 64 58980 2712 402385 693474 846448
internal_value=-2.36455e-08 3.8576e-06 -1.70569e-05 -1.38535e-05 8.85496e-05 0.00109787 -2.69938e-05 7.90788e-05 5.72287e-06 1.08911e-05 -2.04112e-07
internal_weight=2.671e+06 2.17528e+06 495713 471333 8181 74 123994 8107 2.05129e+06 1.09586e+06 955431
internal_count=2670997 2175284 495713 471333 8181 74 123994 8107 2051290 1095859 955431
is_linear=0
shrinkage=0.00523217


Tree=141
num_leaves=12
num_cat=0
split_feature=5 11 22 4 19 5 11 22 15 15 4
split_gain=6.30338 4.22653 3.2998 2.74659 2.74257 3.67231 2.84695 3.18125 2.88894 2.30839 2.15023
threshold=1.1401758193969729 -0.90943422913551319 -1.1425130963325498 -0.84921774268150318 inf 1.1401758193969729 0.89736339449882518 -0.06793526932597159 0.088724624365568175 -0.85418486595153797 -0.92880553007125843
decision_type=10 8 10 8 8 8 10 8 2 2 8
left_child=1 2 -1 -2 5 10 8 -8 -7 -4 -3
right_child=3 4 9 -5 -6 6 7 -9 -10 -11 -12
leaf_value=-6.9855049119569158e-05 -4.741732061907824e-05 -7.5490495349425211e-06 -4.0432544201475707e-05 -1.2524658195764028e-05 -0.0001125356402872686 -1.4842770072645337e-07 0.00046757838463301686 0.000106962514794436 0.00077759672084005678 -2.4169711787170707e-06 7.6929499702673535e-06
leaf_weight=27604 86312 296092 54391 217447 5367 3224 1156 1610 135 223294 1754454
leaf_count=27604 86312 296092 54391 217447 5367 3224 1156 1610 135 223294 1754454
internal_value=-3.54156e-09 2.87529e-06 -1.52933e-05 -2.24421e-05 5.56557e-06 5.87422e-06 0.000133791 0.000258101 3.11331e-05 -9.86623e-06 5.49166e-06
internal_weight=2.67109e+06 2.36733e+06 305289 303759 2.06204e+06 2.05667e+06 6125 2766 3359 277685 2.05055e+06
internal_count=2671086 2367327 305289 303759 2062038 2056671 6125 2766 3359 277685 2050546
is_linear=0
shrinkage=0.00523217


Tree=142
num_leaves=12
num_cat=0
split_feature=0 2 0 0 19 5 17 5 16 0 19
split_gain=19.3232 5.48832 4.2355 2.76241 2.64904 2.49618 3.01822 1.82498 1.74279 1.73923 1.67065
threshold=-2.4759553670883174 -0.068967439234256731 -0.035463314503431313 -4.6120386123657218 inf inf -2.2249805927276607 0.52362319827079784 -0.18426529318094251 0.025595837272703651 -0.54341405630111683
decision_type=2 8 2 2 8 8 2 10 2 2 10
left_child=3 10 7 -1 5 -4 -7 -3 -5 -6 -2
right_child=1 2 4 8 9 6 -8 -9 -10 -11 -12
leaf_value=-0.00013069997927666645 3.391574973650083e-06 -8.6987374016750445e-06 2.2573646532794474e-06 -8.5458330355974016e-05 2.7345166919757208e-05 0.0016480603578695192 0.00010824084719852247 -2.9459199304737861e-05 -3.0111317728966235e-05 -0.00017696231320247382 1.6653952186136685e-05
leaf_weight=20656 427495 309067 990172 35228 1640 34 4986 185642 28023 3696 664413
leaf_count=20656 427495 309067 990172 35228 1640 34 4986 185642 28023 3696 664413
internal_value=9.74659e-09 2.54443e-06 -3.96739e-06 -7.81327e-05 2.22403e-06 2.84828e-06 0.000119215 -1.64909e-05 -6.09509e-05 -0.000114027 1.14623e-05
internal_weight=2.67105e+06 2.58714e+06 1.49524e+06 83907 1.00053e+06 995192 5020 494709 63251 5336 1.09191e+06
internal_count=2671052 2587145 1495237 83907 1000528 995192 5020 494709 63251 5336 1091908
is_linear=0
shrinkage=0.00523217


Tree=143
num_leaves=12
num_cat=0
split_feature=6 7 6 22 4 23 14 11 3 3 11
split_gain=9.01945 4.31068 3.05379 2.80179 2.79286 2.46221 2.57245 2.42473 2.08196 1.85325 1.84145
threshold=-0.77405205368995655 0.59414795041084301 -3.6667821407318111 -1.6494436860084531 2.8768199682235722 inf 0.44677798449993139 -0.89958983659744252 -0.27742689847946161 -0.97483772039413441 -0.69878646731376637
decision_type=2 8 2 10 8 8 2 10 8 10 10
left_child=2 8 9 -3 5 -5 -7 -4 -2 -1 -11
right_child=1 3 7 4 -6 6 -8 -9 -10 10 -12
leaf_value=-0.00011774693235781229 -3.5871580778713225e-06 -6.2744518711168982e-05 -5.4182504205519747e-05 -5.6927491104339801e-06 -0.00012758824348436116 0.00010783295270433717 0.00091122606423177626 -1.4553964765225766e-05 1.0959373789063293e-05 -0.00011875558619004756 5.2189889694254553e-05
leaf_weight=14569 335249 24826 48971 553157 5119 3341 112 309857 1368672 2845 4373
leaf_count=14569 335249 24826 48971 553157 5119 3341 112 309857 1368672 2845 4373
internal_value=-3.37369e-08 3.88526e-06 -2.36196e-05 -8.34789e-06 -5.94223e-06 -4.82177e-06 0.000134427 -1.99647e-05 8.09685e-06 -8.37751e-05 -1.5086e-05
internal_weight=2.67109e+06 2.29048e+06 380615 586555 561729 556610 3453 358828 1.70392e+06 21787 7218
internal_count=2671091 2290476 380615 586555 561729 556610 3453 358828 1703921 21787 7218
is_linear=0
shrinkage=0.00523217


Tree=144
num_leaves=12
num_cat=0
split_feature=0 0 7 22 13 23 13 0 22 0 20
split_gain=19.1349 5.4055 3.17251 3.00078 2.02834 2.71795 2.0576 1.79834 1.69746 2.13151 1.69135
threshold=-2.4759553670883174 0.28200697898864752 0.60439798235893261 -0.25545366108417505 -2.4302383661270137 inf 2.6879446506500249 -4.1393516063690177 0.14046356827020648 -0.95451655983924855 -0.80342465639114369
decision_type=2 2 8 8 10 8 10 2 8 2 10
left_child=3 2 8 7 -4 -6 -7 -1 9 -2 -3
right_child=1 10 4 -5 5 6 -8 -9 -10 -11 -12
leaf_value=-0.00017707797391735842 -3.4813176661012703e-05 7.7019598808700522e-07 -0.00010931294842746875 -5.5456298374879883e-05 -1.6327981762880642e-05 4.8997220438974954e-05 0.00030187428948122349 -9.006105952810848e-05 1.0345725121606867e-05 -1.1952443932836116e-06 1.4237161013852146e-05
leaf_weight=10259 57426 358501 6320 55719 430840 4089 1126 17959 328676 512176 888022
leaf_count=10259 57426 358501 6320 55719 430840 4089 1126 17959 328676 512176 888022
internal_value=-8.35776e-10 2.52127e-06 -4.77086e-06 -7.77478e-05 -1.62402e-05 -1.48891e-05 0.000103807 -0.000121732 8.76563e-07 -4.586e-06 1.03647e-05
internal_weight=2.67111e+06 2.58718e+06 1.34065e+06 83937 442375 436055 5215 28218 898278 569602 1.24652e+06
internal_count=2671113 2587176 1340653 83937 442375 436055 5215 28218 898278 569602 1246523
is_linear=0
shrinkage=0.00523217


Tree=145
num_leaves=12
num_cat=0
split_feature=9 20 3 18 20 17 24 10 10 16 7
split_gain=10.0663 3.76054 3.56062 3.47 3.29808 2.56564 2.57254 4.78173 2.3327 2.0431 2.00239
threshold=0.28087367117404943 2.0423238277435307 -0.45360761880874628 2.6146798133850102 3.4771887063980107 -1.9796295166015623 -1.1150788664817808 -1.3244342803955076 0.76605853438377391 -0.073228619992732988 0.42472846806049352
decision_type=8 10 10 8 10 2 10 10 8 2 8
left_child=2 -2 4 8 -1 6 7 -6 10 -7 -4
right_child=1 -3 3 -5 5 9 -8 -9 -10 -11 -12
leaf_value=-1.0386519026854753e-05 -1.777243528917108e-05 -7.3178798524369481e-05 1.5326030119712648e-05 -0.00014126602437664754 0.0021276321034124209 0.0003773127986004272 0.0001699923495955782 0.00039398951469923226 -3.4442526488356513e-06 3.2940790850374751e-05 8.8229081285229591e-07
leaf_weight=459787 428872 36392 1019519 4243 53 492 1185 237 354821 11150 354151
leaf_count=459787 428872 36392 1019519 4243 53 492 1185 237 354821 11150 354151
internal_value=7.50891e-09 -2.21081e-05 4.67302e-06 8.1462e-06 -8.0511e-06 7.3744e-05 0.000279348 0.000720936 8.51353e-06 4.76e-05 1.16028e-05
internal_weight=2.6709e+06 465264 2.20564e+06 1.73273e+06 472904 13117 1475 290 1.72849e+06 11642 1.37367e+06
internal_count=2670902 465264 2205638 1732734 472904 13117 1475 290 1728491 11642 1373670
is_linear=0
shrinkage=0.00523217


Tree=146
num_leaves=12
num_cat=0
split_feature=1 1 3 19 23 11 17 17 3 11 6
split_gain=14.842 4.12951 2.89264 3.24284 2.67565 4.22912 3.99167 3.2214 2.60145 2.42921 1.83842
threshold=1.2783576846122744 2.067751526832581 -0.52237418293952931 3.4909721612930302 inf 0.82314845919609081 -2.3578816652297969 -2.5314713716506954 -2.9485645294189449 -0.85959830880165089 -0.85840973258018483
decision_type=2 2 8 8 8 8 2 2 10 10 2
left_child=2 -2 4 9 -1 -6 7 -7 -8 -4 -3
right_child=1 10 3 -5 5 6 8 -9 -10 -11 -12
leaf_value=-9.2864507769626463e-06 -2.621070903101317e-05 -9.6727448328509107e-05 -7.3451352917779256e-06 -0.00015989154396721215 -1.5689074578854067e-06 0.00056153053941219912 -3.163009058918533e-05 0.0042524764241488339 0.00032117689774032994 9.4262453965555109e-06 -3.705355360091147e-05
leaf_weight=466241 187070 39877 275380 3189 5364 15.999999999999998 778 11.000000000000002 2118 1669217 21977
leaf_count=466241 187070 39877 275380 3189 5364 16 778 11 2118 1669217 21977
internal_value=7.42076e-10 -3.84716e-05 3.95462e-06 6.77695e-06 -7.62843e-06 8.5546e-05 0.000245621 0.00220903 0.000226145 7.05079e-06 -7.55391e-05
internal_weight=2.67124e+06 248924 2.42231e+06 1.94779e+06 474528 8287 2923 27 2896 1.9446e+06 61854
internal_count=2671238 248924 2422314 1947786 474528 8287 2923 27 2896 1944597 61854
is_linear=0
shrinkage=0.00523217


Tree=147
num_leaves=12
num_cat=0
split_feature=0 2 0 22 19 5 9 22 0 0 22
split_gain=18.6771 5.36665 4.12529 3.04789 2.52302 2.5265 2.29581 2.16291 1.97231 1.69871 1.6697
threshold=-2.4759553670883174 -0.068967439234256731 -0.035463314503431313 0.077804323285818114 inf inf 1.8862680792808535 -1.6494436860084531 -4.1393516063690177 0.025595837272703651 0.29210555553436285
decision_type=2 8 2 8 8 8 8 8 2 2 10
left_child=3 -2 7 8 5 -4 -7 -3 -1 -6 -9
right_child=1 2 4 -5 9 6 -8 10 -10 -11 -12
leaf_value=-0.00015437356161374715 1.1310709063308282e-05 -8.2702542807451949e-05 2.1789571442545565e-06 -4.4270091499062797e-05 2.8334934078662627e-05 0.00014479859861858449 -0.00038504636029328322 -2.0327436048750395e-05 -8.0727346175677643e-05 -0.00017349299279650489 1.7825914364717641e-06
leaf_weight=15661 1092047 13080 990228 40650 1642 4780 233 354740 27578 3696 126881
leaf_count=15661 1092047 13080 990228 40650 1642 4780 233 354740 27578 3696 126881
internal_value=1.4448e-09 2.49297e-06 -3.94636e-06 -7.68321e-05 2.16367e-06 2.773e-06 0.000119927 -1.63061e-05 -0.000107424 -0.000111267 -1.4501e-05
internal_weight=2.67122e+06 2.58733e+06 1.49528e+06 83889 1.00058e+06 995241 5013 494701 43239 5338 481621
internal_count=2671216 2587327 1495280 83889 1000579 995241 5013 494701 43239 5338 481621
is_linear=0
shrinkage=0.00523217


Tree=148
num_leaves=12
num_cat=0
split_feature=0 0 0 10 5 22 22 22 22 18 9
split_gain=18.4845 4.64721 4.46675 2.82918 3.21967 3.41956 3.07657 2.4068 1.86737 1.81674 1.78381
threshold=-1.757364749908447 0.48711182177066809 -4.1393516063690177 0.73877617716789257 inf -0.90217912197113026 -0.93807104229927052 -0.057426346465945237 0.077804323285818114 inf -0.074855603277683244
decision_type=2 2 2 8 8 8 10 8 8 8 8
left_child=2 3 7 4 -2 6 -6 -1 -4 -5 -3
right_child=1 10 8 9 5 -7 -8 -9 -10 -11 -12
leaf_value=-0.00016671229156903791 2.2760232151367822e-06 1.9504135887613897e-05 -6.3930447161511818e-05 -1.1373485276725101e-05 0.00085001046069696213 0.00018850848333856648 0.0038090864836200621 -7.3667658805429682e-05 -1.9762888891703185e-05 -0.00011689637960251156 3.2024045568077247e-06
leaf_weight=13625 1251076 509920 55669 480594 95 1005 9.9999999999999982 17357 49641 4509 287486
leaf_count=13625 1251076 509920 55669 480594 95 1005 10 17357 49641 4509 287486
internal_value=-2.06734e-08 3.17074e-06 -5.93785e-05 -1.6286e-06 2.52671e-06 0.000284048 0.00117866 -0.000114617 -4.31188e-05 -1.23563e-05 1.3628e-05
internal_weight=2.67099e+06 2.5347e+06 136292 1.73729e+06 1.25219e+06 1110 105 30982 105310 485103 797406
internal_count=2670987 2534695 136292 1737289 1252186 1110 105 30982 105310 485103 797406
is_linear=0
shrinkage=0.00523217


Tree=149
num_leaves=12
num_cat=0
split_feature=0 0 0 7 7 5 17 16 16 9 18
split_gain=18.5027 5.313 4.19341 2.81209 1.98427 2.79149 2.53884 1.78889 1.64882 1.63977 1.42999
threshold=-1.4085726141929624 -3.6869672536849971 0.53930494189262401 0.61482834815979015 0.61482834815979015 inf -2.3578816652297969 -0.20052303373813626 -0.067246664315462099 -0.084001872688531862 1.798184394836426
decision_type=2 2 2 8 10 8 2 2 2 8 10
left_child=1 7 3 -2 8 -6 -7 -1 -5 -4 -9
right_child=2 -3 9 4 5 6 -8 10 -10 -11 -12
leaf_value=-0.00013142369713142768 3.6224796981706275e-06 -3.5858600613678049e-05 2.0659420342566923e-05 -0.00018497307158825237 -1.1052194345785067e-05 0.0014755097820681605 0.0001014169033538639 -3.5118240969222893e-05 2.873167318835444e-05 3.8694673953551029e-06 -0.00015559511292889241
leaf_weight=25005 1281199 136866 442370 3188 510854 36 5097 12759 1423 249002 3430
leaf_count=25005 1281199 136866 442370 3188 510854 36 5097 12759 1423 249002 3430
internal_value=-2.05352e-08 -5.15478e-05 3.6592e-06 -5.43695e-07 -1.07982e-05 -9.83077e-06 0.000111548 -0.000103653 -0.000118857 1.46136e-05 -6.07031e-05
internal_weight=2.67123e+06 178060 2.49317e+06 1.8018e+06 520598 515987 5133 41194 4611 691372 16189
internal_count=2671229 178060 2493169 1801797 520598 515987 5133 41194 4611 691372 16189
is_linear=0
shrinkage=0.00523217


Tree=150
num_leaves=12
num_cat=0
split_feature=0 0 0 7 9 19 23 17 3 12 20
split_gain=18.1048 5.00204 3.08627 2.97038 2.21643 1.83677 3.09793 2.48695 1.76616 1.75628 1.74865
threshold=-2.2887891530990596 0.31527259945869451 -4.6120386123657218 0.60439798235893261 -0.074855603277683244 inf inf -2.3578816652297969 -1.3542556166648863 0.37218870222568518 -0.18946473300456998
decision_type=2 2 2 8 8 8 8 2 8 10 10
left_child=2 3 8 10 -3 6 -5 -8 -1 -6 -2
right_child=1 4 -4 5 9 -7 7 -9 -10 -11 -12
leaf_value=-0.0001998959604945544 -7.0152559581354906e-06 1.6437203760559307e-05 -5.5264181764560575e-05 -1.5335589233509283e-05 1.3431707714920359e-05 -0.00011444200927593901 0.0014680350395139161 0.00010754879981764924 -9.5072475074901348e-05 -7.1130190171959443e-06 7.3464964825986706e-06
leaf_weight=6410 404034 707285 73950 445421 199928 5032 36 4763 14237 264709 545297
leaf_count=6410 404034 707285 73950 445421 199928 5032 36 4763 14237 264709 545297
internal_value=1.33232e-08 2.62374e-06 -7.10763e-05 -4.03495e-06 1.06051e-05 -1.50225e-05 -1.39092e-05 0.000118281 -0.000127664 1.72543e-06 1.23331e-06
internal_weight=2.6711e+06 2.5765e+06 94597 1.40458e+06 1.17192e+06 455252 450220 4799 20647 464637 949331
internal_count=2671102 2576505 94597 1404583 1171922 455252 450220 4799 20647 464637 949331
is_linear=0
shrinkage=0.00523217


Tree=151
num_leaves=12
num_cat=0
split_feature=0 0 7 22 8 20 0 16 19 23 22
split_gain=18.0485 4.91308 3.19276 3.11483 2.51075 2.6188 2.03467 1.98768 1.86663 3.15743 2.29843
threshold=-2.2887891530990596 0.48711182177066809 0.61482834815979015 -0.25545366108417505 -0.58881214261054982 -0.15963301062583921 -4.1393516063690177 -0.20052303373813626 inf inf -0.83467108011245716
decision_type=2 2 8 8 8 10 2 2 8 8 8
left_child=3 2 4 6 -2 -6 -1 -5 9 -4 -11
right_child=1 -3 8 7 5 -7 -8 -9 -10 10 -12
leaf_value=-0.00017397871034480818 -9.111577968795014e-06 1.3390772422043494e-05 -1.3214985079882526e-05 -7.5948466708457239e-05 -2.1631090504036282e-06 1.5926179393089942e-05 -8.431864599790472e-05 -1.6606066448442082e-05 -0.00011324140071624706 0.00047292218082378452 8.4060019910153555e-05
leaf_weight=10228 368460 797425 523657 34739 424802 452277 21711 27905 5033 461 4319
leaf_count=10228 368460 797425 523657 34739 424802 452277 21711 27905 5033 461 4319
internal_value=-6.78066e-09 2.59885e-06 -2.23809e-06 -7.09916e-05 2.34862e-06 7.16396e-06 -0.000113061 -4.95278e-05 -1.29486e-05 -1.19916e-05 0.000121839
internal_weight=2.67102e+06 2.57643e+06 1.77901e+06 94583 1.24554e+06 877079 31939 62644 533470 528437 4780
internal_count=2671017 2576434 1779009 94583 1245539 877079 31939 62644 533470 528437 4780
is_linear=0
shrinkage=0.00523217


Tree=152
num_leaves=12
num_cat=0
split_feature=2 5 13 13 11 5 13 5 11 10 16
split_gain=7.37308 4.93532 2.53933 2.35199 2.24146 1.91978 2.2949 1.87376 2.20685 2.62039 2.76039
threshold=0.26386126875877386 1.1737715005874636 0.25656341016292578 -2.5627611875534053 -0.90943422913551319 1.1737715005874636 2.6879446506500249 inf 1.2325468659400942 -0.89295622706413258 -0.039669290184974663
decision_type=8 10 10 10 8 8 10 8 10 8 2
left_child=2 3 4 -2 -1 -5 -7 -4 -9 10 -10
right_child=1 -3 7 5 -6 6 -8 8 9 -11 -12
leaf_value=-1.1384922190252184e-05 -8.5107797755883824e-05 -3.778116348851361e-05 -2.7083396857135069e-06 -5.4361845052500659e-06 1.4876997436762677e-05 3.7650741071173631e-05 0.00029896391147361297 6.1099050563260344e-05 0.00014955901537983048 0.00039973260701022797 0.0028324488314039769
leaf_weight=98404 10107 150453 472654 1008219 924812 4543 1156 476 18 185 27
leaf_count=98404 10107 150453 472654 1008219 924812 4543 1156 476 18 185 27
internal_value=1.37133e-08 -9.79876e-06 7.71485e-06 -5.68668e-06 1.23506e-05 -4.8941e-06 9.08481e-05 -2.30401e-06 0.000266807 0.000686568 0.00180798
internal_weight=2.67105e+06 1.17448e+06 1.49658e+06 1.02402e+06 1.02322e+06 1.01392e+06 5699 473360 706 230 45
internal_count=2671054 1174478 1496576 1024025 1023216 1013918 5699 473360 706 230 45
is_linear=0
shrinkage=0.00523217


Tree=153
num_leaves=12
num_cat=0
split_feature=2 5 15 19 5 22 2 12 15 15 20
split_gain=7.37917 4.37566 2.35625 2.02047 2.33768 2.18115 2.01861 2.37513 2.496 1.92534 4.49908
threshold=0.43745510280132299 1.3184128999710085 -1.1140463352203367 inf 1.3184128999710085 -0.77408435940742482 -0.61408442258834828 0.31796820461750036 1.7143732309341433 0.088724624365568175 4.0456516742706308
decision_type=8 10 2 8 8 10 8 10 2 2 10
left_child=2 3 -1 4 5 -2 7 8 -4 -6 -11
right_child=1 -3 6 -5 9 -7 -8 -9 -10 10 -12
leaf_value=-1.4163009621607079e-05 -2.6898810442876999e-05 -4.2327112682941316e-05 2.3518433354794216e-05 -0.00010857035287568291 8.4052333622158532e-05 -3.85614524147472e-06 3.7701764402734176e-06 6.2156989637232571e-06 9.2865815486538255e-05 0.00033115744037663934 0.0028161384362391292
leaf_weight=139031 134148 112415 255624 5387 4533 696325 995231 313387 15054 219 21
leaf_count=139031 134148 112415 255624 5387 4533 696325 995231 313387 15054 219 21
internal_value=8.0429e-09 -1.16682e-05 6.48458e-06 -7.56725e-06 -6.91471e-06 -7.57927e-06 8.30278e-06 1.60248e-05 2.73786e-05 0.000108521 0.000564659
internal_weight=2.67138e+06 953048 1.71833e+06 840633 835246 830473 1.5793e+06 584065 270678 4773 240
internal_count=2671375 953048 1718327 840633 835246 830473 1579296 584065 270678 4773 240
is_linear=0
shrinkage=0.00523217


Tree=154
num_leaves=12
num_cat=0
split_feature=1 1 9 19 5 3 17 16 22 22 22
split_gain=14.0697 3.98461 3.74816 2.58156 4.3428 3.1592 2.26785 4.8481 2.16024 1.96784 1.89115
threshold=1.2783576846122744 2.067751526832581 0.26362279057502752 inf inf -0.45360761880874628 -2.2249805927276607 -0.039669290184974663 -0.2386384308338165 -0.25545366108417505 -0.12720210105180738
decision_type=2 2 8 8 8 10 2 2 8 8 8
left_child=2 8 3 4 5 -1 7 -6 -2 -3 -4
right_child=1 9 10 -5 6 -7 -8 -9 -10 -11 -12
leaf_value=-6.4281113562540468e-06 -4.9787859655594983e-05 -0.00011550822757283882 -2.4384414971550455e-05 -0.00010749250152850925 -5.8074495212473974e-05 9.8365586900503509e-06 0.00015301744576555246 0.0026080602195913292 -1.2417099842191121e-05 -5.2887784217433169e-05 -6.188774703829991e-07
leaf_weight=408646 64874 20681 168562 5409 43 1633831 4475 31 122177 41199 201080
leaf_count=408646 64874 20681 168562 5409 43 1633831 4475 31 122177 41199 201080
internal_value=2.76218e-08 -3.74297e-05 3.87768e-06 6.64011e-06 6.94214e-06 6.58203e-06 0.000168411 0.00107158 -2.53827e-05 -7.3831e-05 -1.14585e-05
internal_weight=2.67101e+06 248931 2.42208e+06 2.05244e+06 2.04703e+06 2.04248e+06 4549 74 187051 61880 369642
internal_count=2671008 248931 2422077 2052435 2047026 2042477 4549 74 187051 61880 369642
is_linear=0
shrinkage=0.00523217


Tree=155
num_leaves=12
num_cat=0
split_feature=9 22 3 20 21 4 19 4 10 20 4
split_gain=9.52027 3.63067 3.52502 3.1518 3.33151 3.06521 3.01476 14.5064 2.2939 2.03928 1.90598
threshold=0.35016092658042913 -0.25545366108417505 -0.52237418293952931 3.4771887063980107 -2.2787501811981197 inf 2.1286613941192631 -2.2136638164520259 0.76605853438377391 -0.84651517868041981 -1.909196615219116
decision_type=8 8 8 10 2 8 10 8 8 10 8
left_child=2 -2 3 -1 6 8 7 -5 9 -4 -3
right_child=1 10 5 4 -6 -7 -8 -9 -10 -11 -12
leaf_value=-1.1317394135382882e-05 -4.5570574732890862e-05 -9.3195834580796227e-05 -2.3348716808086463e-06 0.0045838668126369905 3.6765924043174888e-05 -0.00015392207191079719 0.00014875396674345989 0.00041974498531515032 -3.8320484969940995e-06 1.3635659856008762e-05 -9.674294100473749e-06
leaf_weight=443395 136673 7713 269146 23 11810 3219 1379 464 378095 1169995 249174
leaf_count=443395 136673 7713 269146 23 11810 3219 1379 464 378095 1169995 249174
internal_value=-1.88575e-08 -2.37814e-05 4.08701e-06 -8.90278e-06 6.93177e-05 7.34887e-06 0.000274756 0.000628675 7.63508e-06 1.06483e-05 -1.21856e-05
internal_weight=2.67109e+06 393560 2.27753e+06 457071 13676 1.82046e+06 1866 487 1.81724e+06 1.43914e+06 256887
internal_count=2671086 393560 2277526 457071 13676 1820455 1866 487 1817236 1439141 256887
is_linear=0
shrinkage=0.00523217


Tree=156
num_leaves=12
num_cat=0
split_feature=0 0 22 0 9 13 5 11 4 20 22
split_gain=17.7188 5.07309 2.88108 2.6044 2.22114 2.09681 2.59489 3.62317 1.88627 1.8774 1.73328
threshold=-2.4759553670883174 0.28200697898864752 -0.25545366108417505 -1.0951598286628721 -0.11828728392720221 inf inf 0.82314845919609081 -1.3723175525665281 -0.80342465639114369 -1.7137829661369322
decision_type=2 2 8 2 8 8 8 10 8 10 8
left_child=2 3 -1 10 -3 6 8 -8 -5 -6 -2
right_child=1 4 -4 5 9 -7 7 -9 -10 -11 -12
leaf_value=-0.0001179211765829355 -0.00015561165014582604 1.650596209075088e-05 -5.2975854627174863e-05 -2.5005196953678537e-05 -1.2258214947643784e-05 -0.000113830927866864 -3.0943089230526825e-06 0.00023884002986276256 -3.1178486636574959e-07 8.5377091648254415e-06 -2.2890288393488994e-05
leaf_weight=28213 2746 669935 55712 91826 167469 4577 3992 2935 1089752 409146 144913
leaf_count=28213 2746 669935 55712 91826 167469 4577 3992 2935 1089752 409146 144913
internal_value=5.04218e-10 2.42781e-06 -7.48194e-05 -4.63622e-06 1.00263e-05 -2.07006e-06 -1.63887e-06 9.93217e-05 -2.23153e-06 2.49645e-06 -2.53652e-05
internal_weight=2.67122e+06 2.58729e+06 83925 1.34074e+06 1.24655e+06 1.19308e+06 1.1885e+06 6927 1.18158e+06 576615 147659
internal_count=2671216 2587291 83925 1340741 1246550 1193082 1188505 6927 1181578 576615 147659
is_linear=0
shrinkage=0.00523217


Tree=157
num_leaves=12
num_cat=0
split_feature=9 6 3 18 22 10 7 10 18 7 22
split_gain=9.284 3.83665 3.30927 3.19327 2.57441 2.19702 1.9193 1.8178 2.0166 1.72908 1.55559
threshold=0.28087367117404943 -2.4138929843902583 -0.45360761880874628 2.6146798133850102 -0.25545366108417505 0.76605853438377391 0.50137263536453258 2.1022378206253056 2.1534955501556401 0.72075378894805919 -0.13203510642051694
decision_type=8 2 8 8 8 8 10 8 10 8 8
left_child=2 10 7 5 -3 6 -4 -1 -9 -6 -2
right_child=1 4 3 -5 9 -7 -8 8 -10 -11 -12
leaf_value=-9.2342172975672385e-06 -0.00010841445846863697 -3.4310954005523181e-05 1.4600952778130434e-05 -0.00013531690895301056 9.7589843207204637e-07 -3.3719097003784174e-06 -1.1301131912065689e-07 3.9077888287549052e-06 0.00015842992317156548 -2.7709575262423958e-05 -4.0769404049008751e-05
leaf_weight=463035 17270 148777 1058900 4251 197936 354931 314707 6103 3732 81062 20305
leaf_count=463035 17270 148777 1058900 4251 197936 354931 314707 6103 3732 81062 20305
internal_value=4.89029e-08 -2.11877e-05 4.52977e-06 7.87793e-06 -1.67325e-05 8.23065e-06 1.12293e-05 -7.73756e-06 6.26366e-05 -7.35578e-06 -7.18838e-05
internal_weight=2.67101e+06 465350 2.20566e+06 1.73279e+06 427775 1.72854e+06 1.37361e+06 472870 9835 278998 37575
internal_count=2671009 465350 2205659 1732789 427775 1728538 1373607 472870 9835 278998 37575
is_linear=0
shrinkage=0.00523217


Tree=158
num_leaves=12
num_cat=0
split_feature=0 0 0 7 8 7 23 3 14 0 1
split_gain=17.339 5.1243 4.03928 2.72542 2.38548 1.86895 2.61055 1.78965 1.67351 1.51896 1.45146
threshold=-1.4085726141929624 -4.1393516063690177 0.55012133717536937 0.61482834815979015 -0.59776535630226124 -1.0000000180025095e-35 inf -1.3542556166648863 0.44677798449993139 0.025595837272703651 -0.22797777503728864
decision_type=2 2 2 8 8 10 8 8 2 2 2
left_child=1 7 3 4 -2 9 -7 -1 -8 -5 -4
right_child=2 -3 10 5 -6 6 8 -9 -10 -11 -12
leaf_value=-0.0001724631773406615 -7.6194461071846014e-06 -3.6972887064462891e-05 1.6756910570924932e-05 1.7628049437171738e-05 8.0852783036935668e-06 -1.0772974207752837e-05 8.9239724466743612e-05 -8.5177618215863214e-05 0.00060908345945093288 -0.00018303283359518102 -1.2421244971635296e-05
leaf_weight=9164 370499 147112 619379 1548 927598 515245 5025 21838 175 3059 50442
leaf_count=9164 370499 147112 619379 1548 927598 515245 5025 21838 175 3059 50442
internal_value=7.13348e-09 -4.98648e-05 3.57065e-06 -4.65785e-07 3.60226e-06 -1.05248e-05 -9.59423e-06 -0.00011101 0.000107023 -0.000115447 1.45584e-05
internal_weight=2.67108e+06 178114 2.49297e+06 1.82315e+06 1.2981e+06 525052 520445 31002 5200 4607 669821
internal_count=2671084 178114 2492970 1823149 1298097 525052 520445 31002 5200 4607 669821
is_linear=0
shrinkage=0.00523217


Tree=159
num_leaves=12
num_cat=0
split_feature=2 2 11 13 15 11 19 8 19 2 21
split_gain=7.04922 2.76559 3.23965 2.53535 2.32625 2.28548 1.64301 1.89265 1.50851 1.29869 1.24055
threshold=0.26386126875877386 1.9195818305015566 -0.72248905897140492 0.31278547644615179 -1.0292619466781614 -0.90943422913551319 0.42498655617237097 -2.0727592706680293 -0.65609708428382862 -0.61408442258834828 0.82107442617416393
decision_type=8 8 10 10 2 8 8 8 10 10 2
left_child=3 2 4 5 -2 -1 -3 -8 -5 -7 -6
right_child=1 6 -4 8 10 9 7 -9 -10 -11 -12
leaf_value=-1.1538741532091592e-05 -6.1732096524024597e-05 8.0923889404309489e-05 -2.4627098261127486e-06 -1.7567304596977486e-05 -1.0778194488898711e-05 2.0750836367140989e-05 8.0115645181415537e-05 -5.8951777497326515e-05 3.4729669015542896e-06 8.5706645242567556e-06 -3.7917070981953012e-05
leaf_weight=102997 36605 2682 824224 136027 196943 459186 2822 50942 296751 501906 60269
leaf_count=102997 36605 2682 824224 136027 196943 459186 2822 50942 296751 501906 60269
internal_value=8.54525e-09 -9.58635e-06 -7.78145e-06 7.53753e-06 -2.26989e-05 1.18803e-05 -4.53215e-05 -5.16358e-05 -3.1384e-06 1.43909e-05 -1.71405e-05
internal_weight=2.67135e+06 1.17449e+06 1.11804e+06 1.49687e+06 293817 1.06409e+06 56446 53764 432778 961092 257212
internal_count=2671354 1174487 1118041 1496867 293817 1064089 56446 53764 432778 961092 257212
is_linear=0
shrinkage=0.00523217


Tree=160
num_leaves=12
num_cat=0
split_feature=9 6 7 22 22 7 23 17 15 6 7
split_gain=9.17739 3.58822 2.85498 3.26887 2.55631 2.28425 2.51382 2.51353 2.156 1.7748 1.7053
threshold=0.30838249623775488 -2.4138929843902583 0.47267079353332525 -1.8086421489715574 -0.25545366108417505 -1.0000000180025095e-35 inf -2.3578816652297969 -1.0446416735649107 -0.77405205368995655 0.65636807680130016
decision_type=8 2 8 10 8 10 8 2 2 2 8
left_child=2 -2 9 -4 -3 -5 8 -8 -7 -1 -6
right_child=1 4 3 5 10 6 7 -9 -10 -11 -12
leaf_value=-9.9184230764180447e-06 -7.1852522334524106e-05 -3.5676504438082093e-05 -7.8531861953032357e-05 -0.00012085179720215714 1.3129013168730822e-06 -3.4229612639605157e-05 0.0015016310196511323 0.00011427859462593419 1.1893383738522249e-09 9.9868888699834775e-06 -2.7463724419581797e-05
leaf_weight=134304 36246 137955 15959 4455 177699 54839 35 4096 617466 1405461 82536
leaf_count=134304 36246 137955 15959 4455 177699 54839 35 4096 617466 1405461 82536
internal_value=-8.30239e-10 -2.20067e-05 4.2732e-06 -4.51314e-06 -1.74672e-05 -2.77695e-06 -1.99791e-06 0.000126654 -2.78983e-06 8.25015e-06 -7.81088e-06
internal_weight=2.67105e+06 434436 2.23662e+06 696850 398190 680891 676436 4131 672305 1.53976e+06 260235
internal_count=2671051 434436 2236615 696850 398190 680891 676436 4131 672305 1539765 260235
is_linear=0
shrinkage=0.00523217


Tree=161
num_leaves=12
num_cat=0
split_feature=0 0 7 0 10 20 3 16 7 10 1
split_gain=17.1092 4.82542 2.8203 2.61071 2.23329 2.10663 1.75368 1.70143 1.64927 1.76669 1.864
threshold=-2.4759553670883174 0.31527259945869451 0.60439798235893261 -4.6120386123657218 0.70362555980682384 -0.15268614143133161 -1.3542556166648863 -0.18426529318094251 0.60439798235893261 2.1022378206253056 1.3070775866508486
decision_type=2 2 8 2 10 10 8 2 10 8 2
left_child=3 2 4 6 5 -2 -1 -5 -4 10 -10
right_child=1 -3 8 7 -6 -7 -8 -9 9 -11 -12
leaf_value=-0.00019677391675106538 -4.3852517693407868e-06 1.0202468193571884e-05 -0.00011320009267074357 -8.1086433033468298e-05 -1.259716036900735e-05 1.3759607995769595e-05 -9.2256127284600007e-05 -2.6413677322322963e-05 -1.0729697646993655e-05 5.8426853120134777e-05 -4.0481267681731701e-05
leaf_weight=6396 315469 1171863 4617 35229 246416 393706 14245 28042 378175 9081 68055
leaf_count=6396 315469 1171863 4617 35229 246416 393706 14245 28042 378175 9081 68055
internal_value=-3.51091e-08 2.34922e-06 -4.15167e-06 -7.35632e-05 9.71206e-07 5.68693e-06 -0.000124691 -5.68689e-05 -1.47972e-05 -1.37973e-05 -1.5269e-05
internal_weight=2.67129e+06 2.58738e+06 1.41552e+06 83912 955591 709175 20641 63271 459928 455311 446230
internal_count=2671294 2587382 1415519 83912 955591 709175 20641 63271 459928 455311 446230
is_linear=0
shrinkage=0.00523217


Tree=162
num_leaves=12
num_cat=0
split_feature=1 2 1 2 5 16 16 20 3 24 5
split_gain=13.4569 3.89356 3.79226 2.30305 3.41387 2.01659 2.00268 1.81476 1.69918 2.20465 1.63221
threshold=1.2783576846122744 -0.068967439234256731 2.067751526832581 1.9195818305015566 inf -0.073228619992732988 -0.05369449965655803 1.5676684975624087 -0.61536589264869679 -0.01782346703112125 1.900140702724457
decision_type=2 8 2 8 8 2 2 10 8 8 10
left_child=1 7 -2 4 8 -6 -7 -1 -3 -10 -4
right_child=2 3 10 -5 5 6 -8 -9 9 -11 -12
leaf_value=9.9132554364093441e-06 -2.4924492524688315e-05 -1.2043150231403904e-05 -5.6829059315394428e-05 -4.1155640948621097e-05 -0.0001399520960762033 0.00052240170877866513 0.0001581830110256676 4.5304125751447794e-05 1.0151664841723468e-05 -5.2489707456855835e-06 -0.00011936022123080511
leaf_weight=1008497 187085 308047 46682 40084 420 566 1573 41303 479327 542361 15185
leaf_count=1008497 187085 308047 46682 40084 420 566 1573 41303 479327 542361 15185
internal_value=-4.29685e-08 3.72171e-06 -3.66745e-05 -2.07968e-06 -9.03382e-07 0.000189971 0.000255169 1.13065e-05 -1.27148e-06 1.97549e-06 -7.2192e-05
internal_weight=2.67113e+06 2.42218e+06 248952 1.37238e+06 1.33229e+06 2559 2139 1.0498e+06 1.32974e+06 1.02169e+06 61867
internal_count=2671130 2422178 248952 1372378 1332294 2559 2139 1049800 1329735 1021688 61867
is_linear=0
shrinkage=0.00523217


Tree=163
num_leaves=12
num_cat=0
split_feature=1 22 9 1 7 23 16 3 7 21 7
split_gain=13.2181 3.81624 3.49054 2.61274 2.36003 3.08432 2.98228 2.92929 2.08347 1.80627 3.82503
threshold=1.2783576846122744 -0.25545366108417505 0.26362279057502752 2.1540496349334721 inf inf -0.073228619992732988 -0.45360761880874628 0.77773231267929088 -2.4141910076141353 1.9798831939697268
decision_type=2 8 8 2 8 8 2 10 8 2 10
left_child=2 3 4 9 5 7 -7 -1 -3 10 -2
right_child=1 8 -4 -5 -6 6 -8 -9 -10 -11 -12
leaf_value=-6.2102592648766919e-06 0.00012645725031308405 -8.3141768216434973e-06 -1.1081558382636134e-05 -0.00012244541781874816 -0.00011186711678008684 -7.1952417754546483e-05 0.00020402929301797202 9.4513722655435253e-06 -4.7541456631370795e-05 -5.2407853893905604e-05 0.0018234980383778664
leaf_weight=408646 403 108717 369639 17264 4608 1455 4025 1633816 56292 66220 39
leaf_count=408646 403 108717 369639 17264 4608 1455 4025 1633816 56292 66220 39
internal_value=-1.26737e-08 -3.63191e-05 3.71832e-06 -6.50488e-05 6.38399e-06 6.65052e-06 0.000130607 6.31747e-06 -2.17015e-05 -5.01704e-05 0.000282472
internal_weight=2.67112e+06 248935 2.42219e+06 83926 2.05255e+06 2.04794e+06 5480 2.04246e+06 165009 66662 442
internal_count=2671124 248935 2422189 83926 2052550 2047942 5480 2042462 165009 66662 442
is_linear=0
shrinkage=0.00523217


Tree=164
num_leaves=12
num_cat=0
split_feature=1 9 1 19 23 6 15 15 21 7 9
split_gain=13.1027 3.56345 3.55801 2.42125 4.58206 1.7631 1.75927 7.87456 1.63311 2.64743 14.826
threshold=1.3070775866508486 0.18551159650087359 2.067751526832581 inf inf -0.85840973258018483 -0.087978344410657869 -0.071046020835638032 -2.4141910076141353 1.9798831939697268 -1.0828197002410886
decision_type=2 8 2 8 8 2 2 2 2 10 10
left_child=1 3 8 4 -1 -4 -6 -8 9 -2 -11
right_child=2 -3 5 -5 6 -7 7 -9 -10 10 -12
leaf_value=6.6489169844759467e-06 0.00012820292596370708 -9.2054800237955006e-06 -9.1969090907588979e-05 -0.00010390540418460182 -7.0632119860730922e-07 -3.3535061010930022e-05 0.0018808044444668815 0.0001979633365368467 -2.6169630316371386e-05 0.0064127405216154515 -0.00012258209389587403
leaf_weight=1944665 744 478756 39893 5399 1122 21976 77 3135 175367 10.999999999999998 42
leaf_count=1944665 744 478756 39893 5399 1122 21976 77 3135 175367 11 42
internal_value=-3.70896e-08 3.58708e-06 -3.70863e-05 6.7212e-06 7.02813e-06 -7.12272e-05 0.000176948 0.000239232 -2.5091e-05 0.000210931 0.00132929
internal_weight=2.67119e+06 2.43315e+06 238033 1.9544e+06 1.949e+06 61869 4334 3212 176164 797 53
internal_count=2671187 2433154 238033 1954398 1948999 61869 4334 3212 176164 797 53
is_linear=0
shrinkage=0.00523217


Tree=165
num_leaves=12
num_cat=0
split_feature=1 9 1 7 11 15 20 1 18 20 18
split_gain=13.046 4.03563 2.34789 2.31631 2.06075 2.4252 1.95143 2.90767 1.6254 1.47047 1.2247
threshold=1.5674355030059817 0.3174464106559754 2.2527654170989995 inf -0.86895382404327381 -0.85418486595153797 4.0456516742706308 -1.3430704474449155 -2.1090607643127437 3.4771887063980107 1.520852327346802
decision_type=2 10 2 8 8 2 10 2 10 10 10
left_child=1 3 -2 4 5 -1 8 -8 -6 -3 -4
right_child=2 9 10 -5 6 -7 7 -9 -10 -11 -12
leaf_value=-4.0169191036506026e-05 -3.4305634173205016e-05 -1.2969657632773415e-05 -6.2502886734679721e-05 -0.00011148669618193642 6.2126276387770412e-05 -2.7925159957378001e-07 0.00065151142004694212 8.4546207508254652e-05 7.0135346293879758e-06 -0.00013736495302285527 -0.000126071193600141
leaf_weight=50816 114292 336518 29634 4624 14768 233403 264 3895 1868780 2622 11587
leaf_count=50816 114292 336518 29634 4624 14768 233403 264 3895 1868780 2622 11587
internal_value=-2.13459e-08 2.85325e-06 -4.65278e-05 5.46938e-06 5.71881e-06 -7.41421e-06 7.69658e-06 0.000120903 7.44611e-06 -1.39342e-05 -8.03942e-05
internal_weight=2.6712e+06 2.51569e+06 155513 2.17655e+06 2.17193e+06 284219 1.88771e+06 4159 1.88355e+06 339140 41221
internal_count=2671203 2515690 155513 2176550 2171926 284219 1887707 4159 1883548 339140 41221
is_linear=0
shrinkage=0.00523217


Tree=166
num_leaves=12
num_cat=0
split_feature=0 2 0 16 12 19 23 19 16 0 0
split_gain=16.4514 4.92274 3.6459 2.57137 2.23381 2.09369 2.037 1.81762 1.73025 1.64162 1.60869
threshold=-2.4759553670883174 -0.068967439234256731 -0.035463314503431313 -0.18426529318094251 0.32456612586975103 inf inf -0.65609708428382862 -0.073228619992732988 -4.1393516063690177 0.025595837272703651
decision_type=2 8 2 2 10 8 8 10 2 2 2
left_child=3 4 -3 9 7 6 -4 -2 -8 -1 -7
right_child=1 2 5 -5 -6 10 8 -9 -10 -11 -12
leaf_value=-0.0001334935583090597 -1.8080121889257939e-07 -1.541869457169005e-05 1.9658909006873949e-06 -3.7905396084930781e-05 3.7291186119901306e-06 3.4641257760762891e-05 -0.00013575130082648721 2.3818793456269727e-05 0.00014612489676820594 -7.1550419261282814e-05 -0.00016220616265205548
leaf_weight=19749 109622 494677 989743 35172 576084 1634 687 406455 4347 29042 3684
leaf_count=19749 109622 494677 989743 35172 576084 1634 687 406455 4347 29042 3684
internal_value=2.95061e-08 2.36923e-06 -3.79985e-06 -7.20478e-05 1.08132e-05 1.94638e-06 2.50074e-06 1.87194e-05 0.000107474 -9.66421e-05 -0.000101578
internal_weight=2.6709e+06 2.58693e+06 1.49477e+06 83963 1.09216e+06 1.0001e+06 994777 516077 5034 48791 5318
internal_count=2670896 2586933 1494772 83963 1092161 1000095 994777 516077 5034 48791 5318
is_linear=0
shrinkage=0.00523217


Tree=167
num_leaves=12
num_cat=0
split_feature=0 0 0 8 23 3 16 0 3 16 19
split_gain=16.255 4.86845 3.89096 2.39315 2.98274 2.33683 2.08614 10.7421 1.77267 1.70438 1.54195
threshold=-1.4085726141929624 -4.1393516063690177 0.53930494189262401 -0.93733447790145863 inf -0.61536589264869679 -0.039669290184974663 0.019596530124545101 -1.3542556166648863 -0.20052303373813626 inf
decision_type=2 2 2 10 8 10 2 2 8 2 8
left_child=1 8 3 10 5 -5 -6 -8 9 -1 -2
right_child=2 -3 -4 4 6 -7 7 -9 -10 -11 -12
leaf_value=-0.00024676913412472753 -1.1629845967010548e-05 -3.5757131865824917e-05 1.3972808880956264e-05 -1.2388216199311362e-05 5.9763311303807809e-05 5.099526276646199e-06 0.00025456144484013656 0.002703371569063185 -8.2230939003772406e-05 -0.00010306409508907031 -0.00010124781762273769
leaf_weight=4202 339664 147083 691264 253242 907 1201910 655 52 21835 4954 5340
leaf_count=4202 339664 147083 691264 253242 907 1201910 655 52 21835 4954 5340
internal_value=-2.94736e-08 -4.83237e-05 3.41981e-06 -6.28492e-07 2.30554e-06 2.05555e-06 0.000227028 0.000440018 -0.000107935 -0.000169126 -1.30196e-05
internal_weight=2.67111e+06 178074 2.49303e+06 1.80177e+06 1.45677e+06 1.45515e+06 1614 707 30991 9156 345004
internal_count=2671108 178074 2493034 1801770 1456766 1455152 1614 707 30991 9156 345004
is_linear=0
shrinkage=0.00523217


Tree=168
num_leaves=12
num_cat=0
split_feature=5 11 22 13 4 19 5 11 4 22 18
split_gain=5.66802 3.8985 3.19326 2.38246 2.25632 1.84938 3.07035 2.35797 1.70779 1.52517 1.1783
threshold=1.1737715005874636 -0.90943422913551319 -1.1425130963325498 0.70285081863403331 -0.84921774268150318 inf 1.1737715005874636 0.73603066802024852 0.14611879736185077 0.16895828396081927 -2.1090607643127437
decision_type=10 8 10 8 8 8 8 10 10 8 8
left_child=1 2 -1 8 -2 6 -5 -8 9 -3 -10
right_child=4 3 -4 5 -6 -7 7 -9 10 -11 -12
leaf_value=-6.8329214080416672e-05 -4.4773867690036906e-05 -1.3701603804874356e-06 -9.4443850842770097e-06 -6.4317277655491692e-06 -1.2586021433310601e-05 -0.00010750896408489486 1.9605080262855714e-07 0.00023744004505857314 8.2217714695486063e-05 1.3181072120823781e-05 1.3230871696611747e-05
leaf_weight=27721 83424 627293 279174 399345 209338 4864 2122 2512 6844 287542 740954
leaf_count=27721 83424 627293 279174 399345 209338 4864 2122 2512 6844 287542 740954
internal_value=-3.71265e-08 2.63661e-06 -1.47662e-05 5.21528e-06 -2.1761e-05 -6.09911e-06 -4.87582e-06 0.000129002 7.99798e-06 3.20257e-06 1.38635e-05
internal_weight=2.67113e+06 2.37837e+06 306895 2.07148e+06 292762 408843 403979 4634 1.66263e+06 914835 747798
internal_count=2671133 2378371 306895 2071476 292762 408843 403979 4634 1662633 914835 747798
is_linear=0
shrinkage=0.00523217


Tree=169
num_leaves=12
num_cat=0
split_feature=0 0 0 7 10 22 22 19 5 22 9
split_gain=16.1329 4.58604 3.87318 2.56348 2.42848 2.34079 1.8206 1.87173 2.73665 1.76315 1.5326
threshold=-1.4861466288566587 -4.1393516063690177 0.53930494189262401 0.61482834815979015 0.84313404560089122 -0.057426346465945237 -1.8086421489715574 inf inf 0.11386564001441003 -0.084001872688531862
decision_type=2 2 2 8 10 8 10 8 8 8 8
left_child=1 5 3 4 -2 -1 -5 8 -8 -3 -4
right_child=2 9 10 6 -6 -7 7 -9 -10 -11 -12
leaf_value=-0.00015867870549018712 6.6984490957128697e-06 -5.3748271462838558e-05 1.9697549310579802e-05 -6.7958499077199776e-05 -1.1789142734765429e-05 -6.6884702380362834e-05 -8.9923900302647123e-06 -0.00011127418015329855 0.00011818790152486336 -1.5935949503465893e-05 3.4643402629588334e-06
leaf_weight=13600 1048481 74860 442228 14652 238787 17363 500892 4833 4673 61625 248992
leaf_count=13600 1048481 74860 442228 14652 238787 17363 500892 4833 4673 61625 248992
internal_value=-1.18887e-08 -4.9733e-05 3.31339e-06 -7.053e-07 3.26839e-06 -0.000107234 -1.04491e-05 -8.79648e-06 -7.81498e-06 -3.66816e-05 1.38512e-05
internal_weight=2.67099e+06 167448 2.50354e+06 1.81232e+06 1.28727e+06 30963 525050 510398 505565 136485 691220
internal_count=2670986 167448 2503538 1812318 1287268 30963 525050 510398 505565 136485 691220
is_linear=0
shrinkage=0.00523217


Tree=170
num_leaves=12
num_cat=0
split_feature=9 20 11 15 11 13 20 15 13 5 20
split_gain=8.62199 3.18009 2.56217 3.19684 2.48232 2.36055 2.14729 2.0977 1.86863 4.32769 6.39956
threshold=0.35016092658042913 2.0423238277435307 -0.86895382404327381 -0.8656162917613982 -0.51239278912544239 0.3822199553251267 -0.21302888542413709 1.2851154804229739 -1.0000000180025095e-35 inf 4.0456516742706308
decision_type=8 10 10 2 8 8 10 2 10 8 10
left_child=2 4 3 -1 -2 6 -4 -8 -7 -10 -11
right_child=1 -3 5 -5 -6 8 7 -9 9 10 -12
leaf_value=-4.3687579396647593e-05 -3.5047102713802109e-05 -7.2278690743941864e-05 4.6077448325730813e-06 -1.7275733245410482e-06 -7.0142731543956386e-06 -0.00010717704107433138 1.5572524798958037e-05 5.7336946710818241e-05 -2.1152947174697697e-06 0.00013236261015188745 0.0014001763274792114
leaf_weight=61798 143706 32422 753214 254262 217367 4573 495158 35286 668965 4080 111
leaf_count=61798 143706 32422 753214 254262 217367 4573 495158 35286 668965 4080 111
internal_value=-1.79336e-08 -2.26338e-05 3.88927e-06 -9.93453e-06 -1.81736e-05 6.11726e-06 1.02881e-05 1.83524e-05 -1.78129e-06 -1.06392e-06 0.000166518
internal_weight=2.67094e+06 393495 2.27745e+06 316060 361073 1.96139e+06 1.28366e+06 530444 677729 673156 4191
internal_count=2670942 393495 2277447 316060 361073 1961387 1283658 530444 677729 673156 4191
is_linear=0
shrinkage=0.00523217


Tree=171
num_leaves=12
num_cat=0
split_feature=1 1 10 23 11 20 6 7 20 7 6
split_gain=12.5003 3.54226 2.49847 2.85257 3.84143 2.98538 7.73628 2.53793 2.08092 1.82237 1.72443
threshold=1.2783576846122744 2.067751526832581 0.84313404560089122 inf 1.2325468659400942 2.658916831016541 -0.11108956113457678 0.54235857725143444 -0.51709809899330128 -2.736079096794128 -0.77405205368995655
decision_type=2 2 8 8 10 10 2 10 10 10 2
left_child=2 -2 3 7 -5 -6 -7 8 -1 -4 -3
right_child=1 10 9 4 5 6 -8 -9 -10 -11 -12
leaf_value=1.4329494620824243e-06 -2.3977596776747446e-05 -8.9297323648462965e-05 -0.00010192469601439519 2.2826312429603288e-05 0.00033854953178384309 0.00052596331237365673 0.0032540031517043293 -4.2315984048462096e-06 1.4405836987040316e-05 -5.9239657327748515e-06 -3.0695600702835039e-05
leaf_weight=539120 187025 41114 5475 697 300 110 38 486288 910225 479971 20727
leaf_count=539120 187025 41114 5475 697 300 110 38 486288 910225 479971 20727
internal_value=-2.30884e-08 -3.53353e-05 3.60466e-06 6.26525e-06 0.000267224 0.00064461 0.00125202 6.11031e-06 9.58081e-06 -7.00859e-06 -6.967e-05
internal_weight=2.67109e+06 248866 2.42222e+06 1.93678e+06 1145 448 148 1.93563e+06 1.44934e+06 485446 61841
internal_count=2671090 248866 2422224 1936778 1145 448 148 1935633 1449345 485446 61841
is_linear=0
shrinkage=0.00523217


Tree=172
num_leaves=12
num_cat=0
split_feature=1 1 9 13 23 16 17 3 18 16 3
split_gain=12.2937 3.48286 3.30508 2.15015 3.0566 3.39594 4.16863 2.72368 1.79864 1.62234 1.38861
threshold=1.2783576846122744 2.067751526832581 0.18551159650087359 inf inf -0.073228619992732988 -2.2249805927276607 -0.45360761880874628 -2.1090607643127437 -0.067246664315462099 -2.6717535257339473
decision_type=2 2 8 8 8 2 2 8 10 2 8
left_child=2 -2 3 4 7 -6 -7 -1 -9 -5 -3
right_child=1 10 -4 9 5 6 -8 8 -10 -11 -12
leaf_value=-5.9513316196734587e-06 -2.3799899161243939e-05 -0.0001316148565885872 -8.8332113903997085e-06 -0.00017240393341071779 -8.0042937654258372e-05 0.0018011094553636905 0.00019912474534632086 6.9908725874603557e-05 9.0609508737467147e-06 4.0064570355706452e-05 -5.9229304893880168e-05
leaf_weight=385412 187023 8423 474399 3169 1443 44 3628 13418 1539154 1418 53452
leaf_count=385412 187023 8423 474399 3169 1443 44 3628 13418 1539154 1418 53452
internal_value=-4.7857e-08 -3.50644e-05 3.55019e-06 6.56684e-06 6.83436e-06 0.000134561 0.000219113 6.49675e-06 9.58739e-06 -0.000106554 -6.90984e-05
internal_weight=2.67098e+06 248898 2.42208e+06 1.94769e+06 1.9431e+06 5115 3672 1.93798e+06 1.55257e+06 4587 61875
internal_count=2670983 248898 2422085 1947686 1943099 5115 3672 1937984 1552572 4587 61875
is_linear=0
shrinkage=0.00523217


Tree=173
num_leaves=12
num_cat=0
split_feature=6 7 22 6 22 10 19 22 3 16 19
split_gain=7.40583 3.44241 2.62882 2.87109 2.58739 2.11076 1.96354 1.50764 1.461 1.5559 1.34437
threshold=-0.70294305682182301 0.59414795041084301 0.14046356827020648 -3.6667821407318111 -1.6494436860084531 0.86300581693649303 inf -1.8086421489715574 -0.26524187624454493 -0.25567522644996638 -0.41386362910270685
decision_type=2 8 8 2 10 10 8 10 8 2 10
left_child=2 5 3 -1 -3 8 -6 -5 -2 -10 -11
right_child=1 4 -4 7 6 -7 -8 -9 9 10 -12
leaf_value=-0.00010366440694829722 -8.3811853702834572e-07 -6.0242682698948219e-05 -3.1781515230121972e-06 -0.00011610636054074582 -4.1175028843324526e-06 -7.2795761625581044e-06 -0.0001133624672774352 -2.4533356041383236e-05 1.974049776963784e-05 6.6946697554320854e-07 1.5201082928052628e-05
leaf_weight=13927 284254 24253 152377 5029 546081 229228 4541 240173 470699 374363 326292
leaf_count=13927 284254 24253 152377 5029 546081 229228 4541 240173 470699 374363 326292
internal_value=-1.40213e-08 3.70339e-06 -2.04294e-05 -3.05706e-05 -7.35141e-06 7.47583e-06 -5.02015e-06 -2.64153e-05 9.80006e-06 1.23823e-05 7.43794e-06
internal_weight=2.67122e+06 2.25971e+06 411506 259129 574875 1.68484e+06 550622 245202 1.45561e+06 1.17135e+06 700655
internal_count=2671217 2259711 411506 259129 574875 1684836 550622 245202 1455608 1171354 700655
is_linear=0
shrinkage=0.00523217


Tree=174
num_leaves=12
num_cat=0
split_feature=0 0 0 7 3 9 3 16 19 23 9
split_gain=15.4977 4.374 3.02787 2.78233 1.64133 1.62799 1.58451 1.54853 1.49278 2.76391 1.91056
threshold=-2.122995018959045 0.48711182177066809 -4.6120386123657218 0.61482834815979015 -1.3542556166648863 -0.12801420688629148 -0.65833011269569386 -0.17635739594697949 inf inf 1.8862680792808535
decision_type=2 2 2 8 8 8 8 2 8 8 8
left_child=2 3 4 6 -1 -3 -2 -4 9 -5 -11
right_child=1 5 7 8 -6 -7 -8 -9 -10 10 -12
leaf_value=-0.0001887056293224175 -1.2117085579366804e-05 1.9202458701119162e-05 -6.8339584287813591e-05 -1.2387770740082425e-05 -8.7615958207662271e-05 4.0989469713208147e-06 4.6767744966591319e-06 -2.3338177796332208e-05 -0.00010174839586790161 0.00013590493544709075 -0.00038420211829976819
leaf_weight=6401 179908 454647 47107 519108 14246 342862 1059220 37801 5037 4585 200
leaf_count=6401 179908 454647 47107 519108 14246 342862 1059220 37801 5037 4585 200
internal_value=-1.80235e-08 2.53802e-06 -6.21508e-05 -2.04986e-06 -0.000119004 1.27102e-05 2.23783e-06 -4.8315e-05 -1.20962e-05 -1.12325e-05 0.000113909
internal_weight=2.67112e+06 2.56557e+06 105555 1.76806e+06 20647 797509 1.23913e+06 84908 528930 523893 4785
internal_count=2671122 2565567 105555 1768058 20647 797509 1239128 84908 528930 523893 4785
is_linear=0
shrinkage=0.00523217


Tree=175
num_leaves=12
num_cat=0
split_feature=1 11 4 1 20 1 16 16 7 7 23
split_gain=12.1548 2.84033 2.27764 2.18443 1.74843 1.77508 3.60478 1.71394 1.67954 1.61026 2.07355
threshold=1.5674355030059817 -0.89958983659744252 -1.0147365331649778 2.2527654170989995 2.3109606504440312 -2.6243940591812129 -0.039669290184974663 -0.20847065746784207 1.2878480553627016 -2.736079096794128 -1.2611501216888426
decision_type=2 8 10 2 10 2 2 2 8 10 10
left_child=1 7 9 -2 8 6 -6 -1 -4 -3 -11
right_child=3 2 4 -5 5 -7 -8 -9 -10 10 -12
leaf_value=-2.4505445423166307e-05 -3.3120595997656197e-05 -0.00010488976413793678 7.1928069252099748e-06 -7.757416742498902e-05 0.00015236014756368792 3.980545327705035e-05 0.0013028395623305535 7.5852688605559131e-08 -1.9339917707345665e-05 7.0570829237094976e-05 -9.8943208292981263e-06
leaf_weight=153364 114312 4707 1818082 41225 473 31900 88 157159 67729 9055 273006
leaf_count=153364 114312 4707 1818082 41225 473 31900 88 157159 67729 9055 273006
internal_value=-2.25455e-08 2.75246e-06 4.83907e-06 -4.49087e-05 6.89532e-06 4.49718e-05 0.000336616 -1.2062e-05 6.23945e-06 -8.91295e-06 -7.30802e-06
internal_weight=2.6711e+06 2.51556e+06 2.20504e+06 155537 1.91827e+06 32461 561 310523 1.88581e+06 286768 282061
internal_count=2671100 2515563 2205040 155537 1918272 32461 561 310523 1885811 286768 282061
is_linear=0
shrinkage=0.00523217


Tree=176
num_leaves=12
num_cat=0
split_feature=1 22 1 7 22 8 7 19 5 22 16
split_gain=12.0274 3.72428 2.34644 2.32689 2.24452 2.15731 2.08364 1.92059 2.33737 2.36104 1.43153
threshold=1.2783576846122744 -0.25545366108417505 2.1540496349334721 0.59414795041084301 -1.8086421489715574 -0.84559392929077137 0.77773231267929088 inf inf -0.83467108011245716 -0.77998304367065419
decision_type=2 8 2 8 10 8 8 8 8 10 2
left_child=3 2 -2 5 -5 -1 10 8 -6 -10 -3
right_child=1 6 -4 4 7 -7 -8 -9 9 -11 -12
leaf_value=-6.3758478150927208e-06 -4.8926960589188418e-05 -4.1379211489734388e-05 -0.00011743327222309195 -7.0064825800075889e-05 -3.5978291063936933e-06 9.1775940857436598e-06 -4.6060814810940666e-05 -0.00010730342116823984 0.00048240181143328957 7.5956584100019887e-05 3.5961792516244248e-06
leaf_weight=291944 66646 25213 17259 14191 617592 1488979 56243 4843 431 4268 83540
leaf_count=291944 66646 25213 17259 14191 617592 1488979 56243 4843 431 4268 83540
internal_value=-8.71881e-09 -3.46439e-05 -6.30295e-05 3.54994e-06 -4.99497e-06 6.62749e-06 -2.02038e-05 -3.52114e-06 -2.71196e-06 0.000113519 -6.82374e-06
internal_weight=2.67115e+06 248901 83905 2.42225e+06 641325 1.78092e+06 164996 627134 622291 4699 108753
internal_count=2671149 248901 83905 2422248 641325 1780923 164996 627134 622291 4699 108753
is_linear=0
shrinkage=0.00523217


Tree=177
num_leaves=12
num_cat=0
split_feature=0 0 7 16 8 20 11 1 1 8 19
split_gain=15.1213 4.46118 2.78544 2.45353 2.38192 2.65077 1.71772 1.54922 1.50688 1.62648 1.58982
threshold=-2.4759553670883174 0.48711182177066809 0.61482834815979015 -0.18426529318094251 -0.58881214261054982 -0.15268614143133161 1.6065768599510195 -0.11408114805817603 1.3070775866508486 -2.0727592706680293 inf
decision_type=2 2 8 2 8 10 10 2 2 8 8
left_child=3 2 4 6 -2 -6 -1 -3 10 -10 -4
right_child=1 7 8 -5 5 -7 -8 -9 9 -11 -12
leaf_value=-8.7394960522962177e-05 -9.1544391012960738e-06 1.4322561762698722e-05 -7.8979551948606307e-06 -3.5714356643689364e-05 -2.652560469872717e-06 1.5504054049500335e-05 -0.00026311586713146355 -1.7794847705264399e-05 0.000129235844498199 -3.9027969634311195e-05 -0.00010137867847681786
leaf_weight=47206 370741 753953 463886 35150 429368 451552 1578 43463 1607 67405 5035
leaf_count=47206 370741 753953 463886 35150 429368 451552 1578 43463 1607 67405 5035
internal_value=3.5097e-08 2.27781e-06 -2.30822e-06 -6.90793e-05 1.97053e-06 6.65346e-06 -9.31016e-05 1.2571e-05 -1.22655e-05 -3.5096e-05 -8.90366e-06
internal_weight=2.67094e+06 2.58701e+06 1.78959e+06 83934 1.25166e+06 880920 48784 797416 537933 69012 468921
internal_count=2670944 2587010 1789594 83934 1251661 880920 48784 797416 537933 69012 468921
is_linear=0
shrinkage=0.00523217


Tree=178
num_leaves=12
num_cat=0
split_feature=0 0 2 22 22 7 21 3 22 24 8
split_gain=15.1313 4.59869 3.80434 2.53853 2.38632 2.22164 1.92294 1.79243 1.77245 1.74406 1.50906
threshold=-1.4085726141929624 -3.6869672536849971 -0.068967439234256731 -0.93807104229927052 -0.06793526932597159 inf -2.0947774648666377 -0.61536589264869679 -0.25545366108417505 -0.01782346703112125 -2.0727592706680293
decision_type=2 2 8 10 8 8 2 10 8 8 10
left_child=1 4 -2 -4 -1 7 -3 10 -8 -9 -5
right_child=2 6 3 5 -6 -7 8 9 -10 -11 -12
leaf_value=-0.00014026841544812155 1.0767183753408365e-05 0.00013815901169608518 -2.2425051259055173e-05 7.0333243543378856e-05 -5.9908903073299466e-05 -0.00013035025927649974 -6.0359292249670464e-05 1.1592725200711453e-05 -2.0489844086047098e-05 -2.605158381436356e-06 -1.1892561240034096e-05
leaf_weight=18023 1069023 1791 153027 6229 23188 3561 46703 448381 88413 501912 310785
leaf_count=18023 1069023 1791 153027 6229 23188 3561 46703 448381 88413 501912 310785
internal_value=-2.09479e-08 -4.66097e-05 3.3075e-06 -2.29247e-06 -9.50754e-05 1.31104e-07 -3.20143e-05 4.98498e-07 -3.42771e-05 4.09305e-06 -1.02741e-05
internal_weight=2.67104e+06 178118 2.49292e+06 1.4239e+06 41211 1.27087e+06 136907 1.26731e+06 135116 950293 317014
internal_count=2671036 178118 2492918 1423895 41211 1270868 136907 1267307 135116 950293 317014
is_linear=0
shrinkage=0.00523217


Tree=179
num_leaves=12
num_cat=0
split_feature=0 2 0 13 13 0 7 14 2 20 15
split_gain=15.1306 4.51916 3.34802 2.72107 2.53025 2.39082 1.82962 1.77362 2.03711 1.52528 3.2838
threshold=-2.4759553670883174 -0.068967439234256731 -0.035463314503431313 2.6879446506500249 0.17581719160079959 -4.6120386123657218 inf -2.2055832147598262 1.5353461503982546 -0.13690238445997235 0.89888364076614391
decision_type=2 8 2 10 10 2 8 2 8 10 2
left_child=5 4 -3 6 9 -1 -4 8 -5 -2 -11
right_child=1 2 3 7 -6 -7 -8 -9 -10 10 -12
leaf_value=-0.00011804905501775139 9.3801789996704936e-06 -1.4786074710999664e-05 1.9931716554003883e-06 0.00097850618020391112 -1.290217407475398e-06 -5.3152459298359418e-05 -0.00010305814101624858 8.4098113009357589e-05 0.00026308220749000883 1.9253046807284655e-05 7.8534276070883538e-05
leaf_weight=20650 429181 494759 994246 149 348165 63251 4558 971 422 286479 28101
leaf_count=20650 429181 494759 994246 149 348165 63251 4558 971 422 286479 28101
internal_value=1.36529e-08 2.25661e-06 -3.65276e-06 1.85285e-06 1.03487e-05 -6.9136e-05 1.51285e-06 0.000221394 0.000452808 1.57981e-05 2.45514e-05
internal_weight=2.67093e+06 2.58703e+06 1.4951e+06 1.00035e+06 1.09193e+06 83901 998804 1542 571 743761 314580
internal_count=2670932 2587031 1495105 1000346 1091926 83901 998804 1542 571 743761 314580
is_linear=0
shrinkage=0.00523217


Tree=180
num_leaves=12
num_cat=0
split_feature=0 0 22 8 23 17 10 16 22 0 8
split_gain=14.7816 4.41692 2.80962 2.72518 2.73369 3.43301 7.6685 2.11514 1.58107 1.55101 1.40414
threshold=-2.4759553670883174 0.48711182177066809 -0.25545366108417505 -0.63414832949638356 inf -2.2249805927276607 -1.6876858472824094 -0.18426529318094251 -1.0257932543754575 -4.6120386123657218 -2.0727592706680293
decision_type=2 2 8 10 8 2 8 2 8 2 8
left_child=2 3 9 10 -5 6 -6 -4 -7 -1 -2
right_child=1 -3 7 4 5 8 -8 -9 -10 -11 -12
leaf_value=-0.00018038666530926633 5.2527770140972046e-05 1.2465173347217165e-05 -7.4669774569441314e-05 1.9143760828501997e-06 0.0050015619756598123 0.00080310194111675546 0.00037480180299402573 -9.4744880807226068e-06 0.00012767720061022857 -8.9121818046889291e-05 -1.2559377734209427e-05
leaf_weight=6725 9212 797663 31871 1198092 11.999999999999998 102 41 23847 1297 21454 581047
leaf_count=6725 9212 797663 31871 1198092 12 102 41 23847 1297 21454 581047
internal_value=8.55318e-09 2.22509e-06 -6.8341e-05 -2.33818e-06 2.19014e-06 0.00022899 0.00152345 -4.67818e-05 0.000178132 -0.000110938 -1.15421e-05
internal_weight=2.67136e+06 2.58747e+06 83897 1.7898e+06 1.19954e+06 1452 53 55718 1399 28179 590259
internal_count=2671363 2587466 83897 1789803 1199544 1452 53 55718 1399 28179 590259
is_linear=0
shrinkage=0.00523217


Tree=181
num_leaves=12
num_cat=0
split_feature=1 2 22 22 11 13 2 3 22 21 13
split_gain=11.4172 4.09931 3.18763 2.52753 2.92507 2.51468 2.2801 2.10929 1.66735 1.74122 1.81889
threshold=1.5674355030059817 -0.068967439234256731 -0.25545366108417505 -1.2126677632331846 -0.79661205410957325 0.17581719160079959 -0.068967439234256731 -0.61536589264869679 -1.7137829661369322 -1.9029641747474668 -1.1865702271461485
decision_type=2 8 8 10 8 10 10 10 10 2 10
left_child=1 5 8 4 -3 -1 -5 -8 -2 10 -10
right_child=2 3 -4 6 -6 -7 7 -9 9 -11 -12
leaf_value=1.5849598948216057e-05 -0.00019825595424603052 -8.7932105649837672e-05 -2.6707850751394134e-05 -0.00011807733069647014 -1.4990166157392494e-05 -1.3374116951009874e-06 -1.212600530966803e-05 3.0051055389425166e-06 0.00044689266532600827 -7.4455723512399695e-05 -5.9406409853297409e-06
leaf_weight=734076 2932 18485 103434 4554 81230 341326 337446 998357 348 48023 786
leaf_count=734076 2932 18485 103434 4554 81230 341326 337446 998357 348 48023 786
internal_value=-2.5015e-08 2.66444e-06 -4.353e-05 -3.10705e-06 -2.8521e-05 1.03938e-05 -1.21578e-06 -8.1667e-07 -7.69172e-05 -6.96589e-05 0.000132637
internal_weight=2.671e+06 2.51547e+06 155523 1.44007e+06 99715 1.0754e+06 1.34036e+06 1.3358e+06 52089 49157 1134
internal_count=2670997 2515474 155523 1440072 99715 1075402 1340357 1335803 52089 49157 1134
is_linear=0
shrinkage=0.00523217


Tree=182
num_leaves=12
num_cat=0
split_feature=1 2 1 13 2 5 13 11 9 23 11
split_gain=11.3463 3.58455 3.10396 2.43206 2.13029 3.18567 2.12626 1.8049 1.78906 1.56568 2.06674
threshold=1.2783576846122744 -0.068967439234256731 2.067751526832581 0.17581719160079959 1.9195818305015566 inf 2.6879446506500249 1.1239410042762759 0.28087367117404943 inf 1.4022243022918703
decision_type=2 8 2 10 8 8 10 10 8 8 10
left_child=1 3 -2 -1 5 8 7 -7 -3 -5 -11
right_child=2 4 -4 9 -6 6 -8 -9 -10 10 -12
leaf_value=1.6149952180883318e-05 -2.3001879762737235e-05 1.3447821584646889e-06 -6.577717033231488e-05 -1.4644623491873929e-06 -3.9695035161883556e-05 -8.2836820017562558e-06 0.00051908985420912968 0.00030240500534730583 -1.511652218986973e-05 6.5923820206332105e-05 0.00075157780795037221
leaf_weight=718598 187047 1114066 61831 330645 40058 1281 430 846 215732 411 171
leaf_count=718598 187047 1114066 61831 330645 40058 1281 430 846 215732 411 171
internal_value=8.82779e-09 3.46572e-06 -3.36324e-05 1.07432e-05 -2.10061e-06 -9.69679e-07 0.000183487 0.000115013 -1.32513e-06 -9.84312e-07 0.000269871
internal_weight=2.67112e+06 2.42224e+06 248878 1.04982e+06 1.37241e+06 1.33236e+06 2557 2127 1.3298e+06 331227 582
internal_count=2671116 2422238 248878 1049825 1372413 1332355 2557 2127 1329798 331227 582
is_linear=0
shrinkage=0.00523217


Tree=183
num_leaves=12
num_cat=0
split_feature=0 0 0 22 22 21 22 19 16 0 9
split_gain=14.4011 4.89851 2.73721 2.49752 2.44774 2.02827 1.92068 1.80778 1.6882 1.56633 1.5219
threshold=-2.9707015752792354 -0.47019396722316736 0.7509855628013612 0.15475148707628253 -0.24403611570596692 -1.7960952520370481 -1.6494436860084531 inf -0.20052303373813626 0.025595837272703651 0.12168252095580102
decision_type=2 2 2 8 8 2 10 8 2 2 8
left_child=4 3 7 5 -1 -2 -7 10 -6 -9 -3
right_child=1 2 -4 -5 8 6 -8 9 -10 -11 -12
leaf_value=-0.00012441418488642536 5.4510253713219004e-05 5.3251015112456397e-06 1.8603981606580498e-05 5.8879946393909372e-07 -8.3855976220935662e-05 -0.00010607918164177398 -2.6833989718037636e-05 3.8554681401664013e-05 -1.579262613423031e-05 -0.00015380158910614862 -5.5408058025955904e-06
leaf_weight=21183 8041 1429354 334343 151781 23613 8741 202692 1680 17332 3690 468481
leaf_count=21183 8041 1429354 334343 151781 23613 8741 202692 1680 17332 3690 468481
internal_value=8.62923e-10 1.87605e-06 4.79674e-06 -1.57247e-05 -7.87254e-05 -2.70101e-05 -3.01145e-05 2.37073e-06 -5.50657e-05 -9.34783e-05 2.64242e-06
internal_weight=2.67093e+06 2.6088e+06 2.23755e+06 371255 62128 219474 211433 1.9032e+06 40945 5370 1.89784e+06
internal_count=2670931 2608803 2237548 371255 62128 219474 211433 1903205 40945 5370 1897835
is_linear=0
shrinkage=0.00523217


Tree=184
num_leaves=12
num_cat=0
split_feature=0 0 0 7 8 20 16 1 13 8 1
split_gain=14.4148 4.15733 2.63065 2.60396 2.29015 2.60992 1.60601 1.55663 1.50598 1.79741 1.68934
threshold=-2.2887891530990596 0.48711182177066809 -4.6120386123657218 0.61482834815979015 -0.58881214261054982 -0.15268614143133161 -0.17635739594697949 -0.11408114805817603 -2.4302383661270137 -2.0727592706680293 1.3070775866508486
decision_type=2 2 2 8 8 10 2 2 10 10 2
left_child=2 3 -1 4 -2 -6 -4 -3 -5 -10 -11
right_child=1 7 6 8 5 -7 -8 -9 9 10 -12
leaf_value=-0.00011566953211913769 -8.9372882482821472e-06 1.3997287986256656e-05 -7.054006660604056e-05 -8.9251991247123869e-05 -2.6305990674049795e-06 1.5423378015722329e-05 -2.1393910091296199e-05 -1.8199859425788144e-05 6.1987744398616114e-05 -8.570579027706356e-06 -3.7487487827386859e-05
leaf_weight=20660 368508 753951 41280 6788 428351 448802 32666 43455 9120 454619 62996
leaf_count=20660 368508 753951 41280 6788 428351 448802 32666 43455 9120 454619 62996
internal_value=-1.46365e-08 2.31408e-06 -6.34448e-05 -2.13488e-06 2.00709e-06 6.60595e-06 -4.88411e-05 1.22417e-05 -1.1807e-05 -1.08072e-05 -1.20915e-05
internal_weight=2.6712e+06 2.57659e+06 94606 1.77918e+06 1.24566e+06 877153 73946 797406 533523 526735 517615
internal_count=2671196 2576590 94606 1779184 1245661 877153 73946 797406 533523 526735 517615
is_linear=0
shrinkage=0.00523217


Tree=185
num_leaves=12
num_cat=0
split_feature=1 22 9 1 4 23 20 12 22 22 17
split_gain=11.0283 3.54256 3.18128 2.17569 1.87016 3.90193 2.94571 7.20091 1.80347 1.7815 1.76082
threshold=1.2783576846122744 -0.25545366108417505 0.26362279057502752 2.1540496349334721 inf inf 4.0456516742706308 -1.5555489063262937 -1.8086421489715574 -0.12720210105180738 -2.2249805927276607
decision_type=2 8 8 2 8 8 10 10 10 8 2
left_child=2 3 4 -2 5 8 10 -8 -1 -4 -7
right_child=1 -3 9 -5 -6 6 7 -9 -10 -11 -12
leaf_value=-2.831672672101164e-05 -4.7226697314342165e-05 -1.9045901205842609e-05 -2.3232928364172531e-05 -0.00011317041564157066 -9.0224436559829243e-05 0.00097216845297347105 4.074831451187131e-05 0.0021029141270223731 6.6081310058307665e-06 -1.6739246445060269e-07 0.00011651822105942651
leaf_weight=41303 66669 164992 168593 17274 5514 66 132 71 2000968 201064 4311
leaf_count=41303 66669 164992 168593 17274 5514 66 132 71 2000968 201064 4311
internal_value=3.04549e-08 -3.31318e-05 3.43921e-06 -6.08077e-05 5.98434e-06 6.24396e-06 0.000158778 0.00077393 5.9014e-06 -1.06893e-05 0.000129863
internal_weight=2.67096e+06 248935 2.42202e+06 83943 2.05236e+06 2.04685e+06 4580 203 2.04227e+06 369657 4377
internal_count=2670957 248935 2422022 83943 2052365 2046851 4580 203 2042271 369657 4377
is_linear=0
shrinkage=0.00523217


Tree=186
num_leaves=12
num_cat=0
split_feature=1 22 2 12 15 9 3 15 22 1 2
split_gain=10.8809 3.55289 3.45439 2.45569 2.40122 18.9061 16.0755 2.38621 2.26608 2.17711 2.09838
threshold=1.2783576846122744 -0.25545366108417505 -0.068967439234256731 0.32456612586975103 3.5451488494873051 0.44698815047740942 0.41600663959980017 0.46438801288604742 -0.93807104229927052 2.1540496349334721 inf
decision_type=2 8 8 10 2 10 10 2 10 2 8
left_child=2 9 3 7 -5 -6 -7 -1 -4 -2 -10
right_child=1 -3 8 4 5 6 -8 -9 10 -11 -12
leaf_value=1.307301457557642e-05 -4.7103467391785315e-05 -1.8856683281957551e-05 -2.1698916097287108e-05 2.6281091135598475e-06 0.00016987835694955641 0.00010267454388607774 0.011039086737722333 4.1349318910454366e-05 6.1340319836083231e-07 -0.00011309456371154165 -0.00011405808345113343
leaf_weight=381684 66697 164989 144530 563067 958 6.9999999999999982 7 104014 1223600 17255 4383
leaf_count=381684 66697 164989 144530 563067 958 7 7 104014 1223600 17255 4383
internal_value=-2.36116e-08 -3.29638e-05 3.36142e-06 1.05061e-05 3.07836e-06 0.000262759 0.0060575 1.91302e-05 -2.10246e-06 -6.06779e-05 2.03347e-07
internal_weight=2.67119e+06 248941 2.42225e+06 1.04974e+06 564039 972 14 485698 1.37251e+06 83952 1.22798e+06
internal_count=2671191 248941 2422250 1049737 564039 972 14 485698 1372513 83952 1227983
is_linear=0
shrinkage=0.00523217


Tree=187
num_leaves=12
num_cat=0
split_feature=0 0 10 0 3 1 17 3 1 18 0
split_gain=14.1645 4.22052 2.64093 2.32297 2.11245 2.44575 4.41443 1.67822 1.48529 1.18239 1.47008
threshold=-2.4759553670883174 0.48711182177066809 0.73877617716789257 -4.6120386123657218 -0.65833011269569386 -2.3306863307952876 -2.2249805927276607 -1.3102807402610777 -0.12257806584239005 inf 0.025595837272703651
decision_type=2 2 8 2 10 2 2 8 2 8 2
left_child=3 2 4 7 5 6 -2 -1 -3 -4 -11
right_child=1 8 9 -5 -6 -7 -8 -9 -10 10 -12
leaf_value=-0.00018439504246713819 0.0017293367157947353 1.3933336503961377e-05 -1.1660761042906947e-05 -5.1162186190934553e-05 4.7511857566358294e-06 -1.4312372558490942e-05 0.0001555109270151431 -8.2848485031223414e-05 -1.6757306266256749e-05 3.5374797891658232e-05 -0.00016427187255601766
leaf_weight=6555 50 751643 501881 63253 1062479 219627 1126 14094 45774 1516 2985
leaf_count=6555 50 751643 501881 63253 1062479 219627 1126 14094 45774 1516 2985
internal_value=-1.0722e-08 2.15883e-06 -2.30164e-06 -6.69167e-05 1.69039e-06 -1.30341e-05 0.000224777 -0.000115132 1.21706e-05 -1.24199e-05 -9.6858e-05
internal_weight=2.67098e+06 2.58708e+06 1.78966e+06 83902 1.28328e+06 220803 1176 20649 797417 506382 4501
internal_count=2670983 2587081 1789664 83902 1283282 220803 1176 20649 797417 506382 4501
is_linear=0
shrinkage=0.00523217


Tree=188
num_leaves=12
num_cat=0
split_feature=0 0 0 16 3 20 7 5 16 16 20
split_gain=13.8476 4.77598 2.69702 1.96079 2.05616 1.88206 1.7466 2.19901 1.58156 1.51367 1.32123
threshold=-2.9707015752792354 -0.47019396722316736 0.7509855628013612 -0.18426529318094251 -1.599824786186218 -0.92353871464729298 inf inf -0.067246664315462099 -1.0721608400344846 3.1645727157592778
decision_type=2 2 2 2 8 10 8 8 2 2 10
left_child=3 9 5 4 -1 -3 7 -7 -8 10 -2
right_child=1 2 -4 -5 -6 6 8 -9 -10 -11 -12
leaf_value=-0.00019041609223470455 -4.5961412713564674e-05 -1.1197770971982846e-05 1.8431195835254463e-05 -4.13935068303651e-05 -8.4236595003999654e-05 4.2139483724237614e-06 -0.00016290285376846178 9.7995362962063724e-05 4.7256744394458573e-05 -1.2260251065881893e-05 -0.00035418484328430437
leaf_weight=5968 32119 245596 334385 25095 31110 1646308 3159 6873 1413 338771 385
leaf_count=5968 32119 245596 334385 25095 31110 1646308 3159 6873 1413 338771 385
internal_value=3.54116e-09 1.84285e-06 4.72662e-06 -7.71663e-05 -0.000101354 2.31854e-06 4.32147e-06 4.60439e-06 -9.77809e-05 -1.55359e-05 -4.96497e-05
internal_weight=2.67118e+06 2.60901e+06 2.23773e+06 62173 37078 1.90335e+06 1.65775e+06 1.65318e+06 4572 371275 32504
internal_count=2671182 2609009 2237734 62173 37078 1903349 1657753 1653181 4572 371275 32504
is_linear=0
shrinkage=0.00523217


Tree=189
num_leaves=12
num_cat=0
split_feature=1 9 1 18 19 23 17 13 18 10 20
split_gain=10.5419 3.22538 2.95341 1.99039 1.93645 3.78994 1.99997 1.38636 1.37866 0.957236 0.947025
threshold=1.3070775866508486 0.26362279057502752 2.067751526832581 -2.1090607643127437 inf inf -2.2249805927276607 0.33551347255706793 1.520852327346802 2.1022378206253056 3.4771887063980107
decision_type=2 8 2 8 8 8 2 10 8 10 10
left_child=1 3 -2 -1 5 7 -7 -5 -4 -10 -3
right_child=2 10 8 4 -6 6 -8 -9 9 -11 -12
leaf_value=6.4094451774608635e-05 -2.2287670449379308e-05 -1.0223024178972899e-05 -4.9700718473756735e-05 8.6018812793405828e-06 -9.3527154553088983e-05 0.0010021756712499422 0.00013977664864464479 -3.4689600621713794e-07 -0.00011343427899175893 0.00011977919053081765 -0.00011698351185800439
leaf_weight=15928 176211 371269 45878 1281993 5403 74 4646 751618 15504 493 2289
leaf_count=15928 176211 371269 45878 1281993 5403 74 4646 751618 15504 493 2289
internal_value=1.28157e-08 3.26442e-06 -3.32148e-05 5.83012e-06 5.3756e-06 5.63821e-06 0.000153715 5.29404e-06 -6.43197e-05 -0.000106189 -1.08797e-05
internal_weight=2.67131e+06 2.43322e+06 238086 2.05966e+06 2.04373e+06 2.03833e+06 4720 2.03361e+06 61875 15997 373558
internal_count=2671306 2433220 238086 2059662 2043734 2038331 4720 2033611 61875 15997 373558
is_linear=0
shrinkage=0.00523217


Tree=190
num_leaves=12
num_cat=0
split_feature=1 9 5 7 10 19 5 17 10 18 18
split_gain=10.4665 3.58594 1.92306 1.91893 1.82081 1.66828 2.97621 2.12256 1.25082 1.21382 1.17425
threshold=1.5674355030059817 0.3174464106559754 1.3579029440879824 0.49170890450477606 0.84313404560089122 inf inf -2.3578816652297969 2.1022378206253056 -2.1090607643127437 -0.69612541794776905
decision_type=2 10 10 8 10 8 8 2 10 10 8
left_child=1 3 -2 4 9 6 -5 -8 -4 -1 -11
right_child=2 -3 8 5 -6 -7 7 -9 -10 10 -12
leaf_value=6.2110366146959486e-05 -3.0147128437928575e-05 -1.3290214882359566e-05 -7.5056636825481489e-05 -2.655114214539659e-06 -5.0861150151385266e-06 -9.7272764317772145e-05 0.0014281691500313606 0.0001339450648175012 0.00012432023194682335 2.6325953985172814e-06 1.3498369520902042e-05
leaf_weight=12434 111624 339026 42997 638797 238271 5049 34 3644 875 393633 884571
leaf_count=12434 111624 339026 42997 638797 238271 5049 34 3644 875 393633 884571
internal_value=-3.75457e-08 2.53729e-06 -4.16956e-05 5.00314e-06 8.20051e-06 -2.54511e-06 -1.79925e-06 0.000146582 -7.10586e-05 1.0654e-05 1.01528e-05
internal_weight=2.67096e+06 2.51546e+06 155496 2.17643e+06 1.52891e+06 647524 642475 3678 43872 1.29064e+06 1.2782e+06
internal_count=2670955 2515459 155496 2176433 1528909 647524 642475 3678 43872 1290638 1278204
is_linear=0
shrinkage=0.00523217


Tree=191
num_leaves=12
num_cat=0
split_feature=9 22 3 5 11 17 10 11 5 22 5
split_gain=7.69106 3.16925 2.93874 3.15949 4.3902 2.88521 7.54788 2.68259 2.52206 2.47209 2.00424
threshold=0.35016092658042913 -0.25545366108417505 -0.45360761880874628 inf 0.73603066802024852 -2.3578816652297969 -1.3244342803955076 -0.85959830880165089 inf -1.2493496537208555 1.1401758193969729
decision_type=10 8 8 8 10 2 8 8 8 10 10
left_child=2 10 3 -1 -5 6 -6 9 -9 -4 -2
right_child=1 -3 7 4 5 -7 -8 8 -10 -11 -12
leaf_value=-9.2887956022864291e-06 -3.1943796226438951e-05 -1.052376067489697e-05 -6.3920655716230633e-05 6.6135912844572451e-06 0.0061907028609199648 0.00026109513932007043 0.00028148889495697229 9.7345728511417296e-06 -0.00013631108261684161 -3.8813598477011387e-06 -8.1818169327224952e-05
leaf_weight=486816 107472 239974 20259 4546 7 2403 23.000000000000004 1522205 3242 256619 27797
leaf_count=486816 107472 239974 20259 4546 7 2403 23 1522205 3242 256619 27797
internal_value=1.6031e-08 -2.19445e-05 3.60529e-06 -7.70253e-06 0.000102814 0.000282142 0.00186846 6.70381e-06 9.42355e-06 -8.27755e-06 -4.21993e-05
internal_weight=2.67136e+06 375243 2.29612e+06 493795 6979 2433 30 1.80232e+06 1.52545e+06 276878 135269
internal_count=2671363 375243 2296120 493795 6979 2433 30 1802325 1525447 276878 135269
is_linear=0
shrinkage=0.00523217


Tree=192
num_leaves=12
num_cat=0
split_feature=1 22 2 13 22 1 2 3 24 20 22
split_gain=10.4293 3.44894 3.44488 2.40514 2.20252 2.06895 1.99782 1.77234 2.01106 1.68026 2.03725
threshold=1.2783576846122744 -0.25545366108417505 -0.068967439234256731 0.17581719160079959 -0.93807104229927052 2.1540496349334721 -0.068967439234256731 -0.61536589264869679 -0.01782346703112125 0.47795137763023382 -1.2493496537208555
decision_type=2 8 8 10 10 2 10 10 8 10 8
left_child=2 5 3 9 -4 -2 -6 -8 -9 -1 -11
right_child=1 -3 4 -5 6 -7 7 8 -10 10 -12
leaf_value=1.2077278313290398e-05 -4.6335807521575394e-05 -1.8372054634121676e-05 -2.1480355384479387e-05 -1.2334995482271048e-06 -0.00011131523477915249 -0.00011065462372627065 -1.0545939625935581e-05 1.2295570059370871e-05 -3.1706591028765187e-06 0.00012159786965223855 2.8063626510178909e-05
leaf_weight=590436 66673 165041 144556 331229 4388 17266 299614 434238 489584 6734 121343
leaf_count=590436 66673 165041 144556 331229 4388 17266 299614 434238 489584 6734 121343
internal_value=-2.04264e-08 -3.2267e-05 3.29401e-06 1.04287e-05 -2.16277e-06 -5.95769e-05 1.10923e-07 5.1133e-07 4.0983e-06 1.5806e-05 3.29888e-05
internal_weight=2.6711e+06 248980 2.42212e+06 1.04974e+06 1.37238e+06 83939 1.22782e+06 1.22344e+06 923822 718513 128077
internal_count=2671102 248980 2422122 1049742 1372380 83939 1227824 1223436 923822 718513 128077
is_linear=0
shrinkage=0.00523217


Tree=193
num_leaves=12
num_cat=0
split_feature=9 5 3 5 11 11 4 3 20 16 20
split_gain=7.6275 2.94241 2.91195 3.40886 4.24039 2.42639 2.49752 2.31177 6.06118 2.21931 2.10969
threshold=0.35016092658042913 1.1737715005874636 -0.59544420242309559 inf 0.73603066802024852 -0.85959830880165089 inf -2.9485645294189449 3.4771887063980107 -0.20847065746784207 3.4771887063980107
decision_type=8 8 10 8 10 10 8 10 10 2 10
left_child=2 -2 3 10 -5 9 -7 -6 -9 -4 -1
right_child=1 -3 5 4 7 6 -8 8 -10 -11 -12
leaf_value=-1.2770876478599986e-05 -1.4309039263243147e-05 -5.0599239940243246e-05 -2.2494613812555449e-05 1.1228397391696528e-05 -1.2040372385414734e-05 9.3128914537656064e-06 -0.00013570454761720882 0.00029053393204296808 0.0014939353052322189 6.839308974222544e-06 5.4613252353009156e-05
leaf_weight=403714 317829 75777 139466 4529 558 1568302 3256 1753 122 142942 13128
leaf_count=403714 317829 75777 139466 4529 558 1568302 3256 1753 122 142942 13128
internal_value=-2.93949e-08 -2.12978e-05 3.64551e-06 -8.72701e-06 0.000106074 6.47422e-06 9.01183e-06 0.000282207 0.000370155 -7.64431e-06 -1.06466e-05
internal_weight=2.67138e+06 393606 2.27777e+06 423804 6962 1.85397e+06 1.57156e+06 2433 1875 282408 416842
internal_count=2671376 393606 2277770 423804 6962 1853966 1571558 2433 1875 282408 416842
is_linear=0
shrinkage=0.00523217


Tree=194
num_leaves=12
num_cat=0
split_feature=9 2 5 13 13 5 20 12 17 20 15
split_gain=7.55272 3.57366 2.9748 2.24063 1.694 2.33923 2.89148 11.1183 2.12934 1.655 2.97409
threshold=0.35016092658042913 -0.01963804196566343 1.1737715005874636 0.25656341016292578 -2.8866817951202388 inf 4.0456516742706308 -1.5555489063262937 -2.2249805927276607 -0.17468455433845517 1.0244660973548891
decision_type=8 8 8 10 10 8 10 8 2 10 2
left_child=1 3 -2 9 -3 -6 8 -8 -7 -1 -11
right_child=2 4 -4 -5 5 6 7 -9 -10 10 -12
leaf_value=8.8333329122963461e-06 -1.4134069793800438e-05 -7.7375779261642909e-05 -5.0625881884161248e-05 -1.3874024892437315e-06 -2.2543737685015923e-06 0.001431259237922398 6.3137586389964758e-05 0.0032307841586661072 7.8877491875209194e-05 1.9926494654489599e-05 7.8477185505622285e-05
leaf_weight=417249 317757 8174 75768 292731 1232536 31 137 38 4528 296117 25833
leaf_count=417249 317757 8174 75768 292731 1232536 31 137 38 4528 296117 25833
internal_value=3.26953e-09 3.66099e-06 -2.11623e-05 1.08615e-05 -2.3045e-06 -1.80782e-06 0.000114258 0.000772589 8.86181e-05 1.57133e-05 2.46273e-05
internal_weight=2.6709e+06 2.27737e+06 393525 1.03193e+06 1.24544e+06 1.23727e+06 4734 175 4559 739199 321950
internal_count=2670899 2277374 393525 1031930 1245444 1237270 4734 175 4559 739199 321950
is_linear=0
shrinkage=0.00523217


Tree=195
num_leaves=12
num_cat=0
split_feature=1 3 5 23 13 21 5 6 15 13 4
split_gain=10.283 2.6432 2.42405 2.32176 2.25959 1.95273 1.91684 1.7034 1.64171 1.62509 1.65064
threshold=1.5674355030059817 -0.52237418293952931 inf inf 2.6879446506500249 1.4205158948898318 1.3579029440879824 -2.5762006044387813 0.078658685088157668 0.72138541936874401 0.33972814679145819
decision_type=2 8 8 8 10 2 10 2 2 8 10
left_child=1 2 -1 9 5 8 -2 -7 -4 10 -3
right_child=6 3 4 -5 -6 7 -8 -9 -10 -11 -12
leaf_value=-9.6709849870538689e-06 -2.9804288004421521e-05 3.3409696370956162e-06 4.4611236406533459e-05 -0.00013055985206159273 0.00029256093922957208 0.00046375066801794947 -7.0655255812784374e-05 -0.00034775159289994034 0.0003285707776376043 -5.1409428829120771e-06 1.3970895248891872e-05
leaf_weight=496374 111653 1015415 5825 3441 1182 80 43850 525 617 331983 660020
leaf_count=496374 111653 1015415 5825 3441 1182 80 43850 525 617 331983 660020
internal_value=-3.90999e-08 2.51312e-06 -8.19291e-06 5.20008e-06 8.08556e-05 4.5189e-05 -4.13294e-05 -0.000238426 7.19882e-05 5.43327e-06 7.529e-06
internal_weight=2.67096e+06 2.51546e+06 504603 2.01086e+06 8229 7047 155503 605 6442 2.00742e+06 1.67544e+06
internal_count=2670965 2515462 504603 2010859 8229 7047 155503 605 6442 2007418 1675435
is_linear=0
shrinkage=0.00523217


Tree=196
num_leaves=12
num_cat=0
split_feature=1 11 13 4 20 15 15 1 13 5 17
split_gain=10.1065 2.68425 2.13219 2.05399 3.3736 3.18694 2.03316 1.91734 1.40256 2.49926 2.85414
threshold=1.5674355030059817 -0.89958983659744252 0.3822199553251267 0.33972814679145819 -0.21302888542413709 1.2241169810295107 -0.85418486595153797 2.2527654170989995 0.3822199553251267 inf -2.2249805927276607
decision_type=2 8 8 10 10 2 2 2 10 8 2
left_child=1 6 3 -3 -5 -6 -1 -2 -4 -10 -11
right_child=7 2 8 4 5 -7 -8 -9 9 10 -12
leaf_value=-4.0042642126388202e-05 -2.9915318174682826e-05 3.2311671367044573e-06 -9.3862477815806239e-05 4.8883534463315765e-06 2.5360599779868713e-05 9.8283148860540032e-05 -5.5217814356929592e-06 -7.1574487086567087e-05 -2.7540883808108263e-06 0.001408250103763166 0.00010014767774056521
leaf_weight=57297 114257 869492 4573 322933 228724 17684 253127 41203 756389 45 5200
leaf_count=57297 114257 869492 4573 322933 228724 17684 253127 41203 756389 45 5200
internal_value=-2.18104e-08 2.50808e-06 4.53628e-06 8.29093e-06 1.60167e-05 3.05977e-05 -1.18962e-05 -4.09623e-05 -2.5134e-06 -1.96372e-06 0.000111839
internal_weight=2.67092e+06 2.51546e+06 2.20504e+06 1.43883e+06 569341 246408 310424 155460 766207 761634 5245
internal_count=2670924 2515464 2205040 1438833 569341 246408 310424 155460 766207 761634 5245
is_linear=0
shrinkage=0.00523217


Tree=197
num_leaves=12
num_cat=0
split_feature=6 3 6 23 23 14 20 16 13 16 12
split_gain=6.38343 2.37762 2.35 2.24305 2.20739 5.39833 10.0935 7.99516 2.54417 2.3699 1.91527
threshold=-0.70294305682182301 -0.26524187624454493 -3.6667821407318111 inf inf -0.48919464647769922 3.1645727157592778 -0.039669290184974663 2.6879446506500249 -0.039669290184974663 -1.0749866962432859
decision_type=2 8 2 8 8 2 10 2 10 2 8
left_child=2 4 -1 10 -2 8 9 -8 -6 -7 -3
right_child=1 3 -4 -5 5 6 7 -9 -10 -11 -12
leaf_value=-7.1834399106023909e-05 -7.3774523499665331e-06 -1.3466019359664906e-05 -1.5989369860445607e-05 -0.00012700744949669412 3.5592499662927849e-06 -3.6718126153200878e-05 0.00026684617982379772 0.0034561783572524384 0.00032447000448322563 0.00071921638179898713 8.2263604124986268e-06
leaf_weight=21791 528934 119734 389729 3439 5491 279 37 53 771 188 1600594
leaf_count=21791 528934 119734 389729 3439 5491 279 37 53 771 188 1600594
internal_value=4.17309e-09 3.45636e-06 -1.89487e-05 6.44877e-06 -6.1701e-06 8.73487e-05 0.000580509 0.00217427 4.3253e-05 0.00026693 6.71611e-06
internal_weight=2.67104e+06 2.25952e+06 411520 1.72377e+06 535753 6819 557 90 6262 467 1.72033e+06
internal_count=2671040 2259520 411520 1723767 535753 6819 557 90 6262 467 1720328
is_linear=0
shrinkage=0.00523217


Tree=198
num_leaves=12
num_cat=0
split_feature=0 0 0 20 4 13 4 20 21 3 4
split_gain=13.1868 4.38841 2.65375 1.86733 1.84624 2.00742 1.6858 2.6455 2.53299 1.55278 1.38191
threshold=-2.9707015752792354 -0.47019396722316736 0.73527646064758312 -0.92353871464729298 -0.041084667667746537 0.31278547644615179 -1.6248865723609922 4.0456516742706308 -0.1583035737276077 -2.6717535257339473 -0.041084667667746537
decision_type=2 2 2 10 10 8 8 10 2 8 8
left_child=9 6 3 -3 10 -6 -2 -8 -9 -1 -5
right_child=1 2 -4 4 5 -7 7 8 -10 -11 -12
leaf_value=-0.00014963233314879942 -5.1544016522058529e-05 -1.1545828832169064e-05 1.7655931662924037e-05 -8.5942619038403014e-07 1.5507834214871541e-05 -1.9682233521972423e-06 -1.3126758963864811e-05 0.00020916276550870432 -6.1574650309424275e-05 -6.6074097502035937e-05 -8.4078977520230699e-05
leaf_weight=6863 31433 240539 355485 826383 540140 269703 335610 2819 1417 55326 5498
leaf_count=6863 31433 240539 355485 826383 540140 269703 335610 2819 1417 55326 5498
internal_value=-1.4146e-08 1.78036e-06 4.54465e-06 2.06802e-06 4.06316e-06 9.68678e-06 -1.48782e-05 -1.14844e-05 0.000118416 -7.53109e-05 -1.41052e-06
internal_weight=2.67122e+06 2.60903e+06 2.23775e+06 1.88226e+06 1.64172e+06 809843 371279 339846 4236 62189 831881
internal_count=2671216 2609027 2237748 1882263 1641724 809843 371279 339846 4236 62189 831881
is_linear=0
shrinkage=0.00523217


Tree=199
num_leaves=12
num_cat=0
split_feature=0 0 0 2 20 2 24 5 0 4 20
split_gain=13.012 4.33866 2.56064 2.10715 2.22584 1.79957 1.50823 1.4822 1.47994 1.43893 1.33284
threshold=-2.9707015752792354 -0.47019396722316736 0.73527646064758312 0.29680582880973821 -0.52400797605514515 -0.67846113443374623 -0.01782346703112125 0.082938864827156081 -4.6120386123657218 0.4260945469141007 4.0456516742706308
decision_type=2 2 2 8 10 8 8 10 2 8 10
left_child=8 5 3 4 -3 -2 -5 10 -1 -6 -7
right_child=1 2 -4 6 9 7 -8 -9 -10 -11 -12
leaf_value=-0.00011103646071596494 1.3789082783526709e-05 -4.0008889005594577e-06 1.7421480606010215e-05 1.9323978677934199e-06 5.2947649195235197e-06 -7.8352287369454158e-06 -1.2887265129656325e-05 -2.9540199674257185e-05 -5.6752086108991683e-05 1.9798990040502426e-05 0.00025694876758968724
leaf_weight=20654 51926 361603 355479 426482 419417 142140 336090 176765 41503 338556 521
leaf_count=20654 51926 361603 355479 426482 419417 142140 336090 176765 41503 338556 521
internal_value=1.04666e-08 1.79323e-06 4.54218e-06 2.10924e-06 6.67848e-06 -1.47687e-05 -4.59806e-06 -1.94136e-05 -7.48048e-05 1.17743e-05 -6.86048e-06
internal_weight=2.67114e+06 2.60898e+06 2.23763e+06 1.88215e+06 1.11958e+06 371352 762572 319426 62157 757973 142661
internal_count=2671136 2608979 2237627 1882148 1119576 371352 762572 319426 62157 757973 142661
is_linear=0
shrinkage=0.00523217


Tree=200
num_leaves=12
num_cat=0
split_feature=0 0 0 22 22 19 5 9 0 22 7
split_gain=12.9705 4.35003 2.55659 2.4194 2.27961 1.58705 2.65349 2.86049 1.5018 1.48163 1.47522
threshold=-2.9707015752792354 -0.47019396722316736 0.72744932770729076 0.15475148707628253 -0.24403611570596692 inf inf 1.8862680792808535 0.025595837272703651 -1.7137829661369322 0.61482834815979015
decision_type=2 2 2 8 8 8 8 8 2 10 10
left_child=4 3 5 9 -1 6 10 -8 -7 -2 -3
right_child=1 2 -4 -5 -6 8 7 -9 -10 -11 -12
leaf_value=-0.00011880532089824191 -0.0001003004233788666 4.671818649763148e-06 1.7157780738331409e-05 1.2379376869360846e-06 -5.1886949943445876e-05 4.1411923920691534e-05 0.00013478937200378939 -0.00042733131365540355 -0.00014675996092181157 -2.3431118277100462e-05 -6.0202127020654995e-06
leaf_weight=21185 7100 1385687 366500 151841 40963 1684 5870 257 3694 212434 474089
leaf_count=21185 7100 1385687 366500 151841 40963 1684 5870 257 3694 212434 474089
internal_value=-1.07747e-08 1.76829e-06 4.52074e-06 -1.48148e-05 -7.47128e-05 2.04527e-06 2.30441e-06 0.000111002 -8.76927e-05 -2.59214e-05 1.9458e-06
internal_weight=2.6713e+06 2.60916e+06 2.23778e+06 371375 62148 1.87128e+06 1.8659e+06 6127 5378 219534 1.85978e+06
internal_count=2671304 2609156 2237781 371375 62148 1871281 1865903 6127 5378 219534 1859776
is_linear=0
shrinkage=0.00523217


Tree=201
num_leaves=12
num_cat=0
split_feature=9 22 3 23 11 22 3 18 6 11 16
split_gain=7.31048 3.4468 2.66417 2.96371 4.45489 2.77536 5.71429 2.61672 2.35461 2.24109 2.04169
threshold=0.28087367117404943 -0.25545366108417505 -0.59544420242309559 inf 0.73603066802024852 -0.073168788105249391 -2.9485645294189449 2.4283109903335576 -1.0850223302841184 -0.86895382404327381 -0.22441072016954419
decision_type=8 8 10 8 10 8 10 8 2 8 2
left_child=2 8 3 -1 -5 6 -6 9 -2 10 -4
right_child=1 -3 7 4 5 -7 -8 -9 -10 -11 -12
leaf_value=-9.9313863053883893e-06 -7.348718849957101e-05 -8.3569256806754897e-06 -2.1910997843918718e-05 3.9099183736087017e-06 -0.00017846752054087229 0.00013754235449704629 0.00075376774370719698 -0.00010004854964410549 -2.6997545374470789e-05 9.5323647807929636e-06 7.2030542660655981e-06
leaf_weight=400391 39328 301958 128556 4475 242 1380 683 6259 123907 1528591 135322
leaf_count=400391 39328 301958 128556 4475 242 1380 683 6259 123907 1528591 135322
internal_value=1.67609e-08 -1.88318e-05 3.99204e-06 -8.09254e-06 0.000100364 0.000287178 0.000509091 6.72803e-06 -3.82036e-05 7.10139e-06 -6.97771e-06
internal_weight=2.67109e+06 465193 2.2059e+06 407171 6780 2305 925 1.79873e+06 163235 1.79247e+06 263878
internal_count=2671092 465193 2205899 407171 6780 2305 925 1798728 163235 1792469 263878
is_linear=0
shrinkage=0.00523217


Tree=202
num_leaves=12
num_cat=0
split_feature=9 20 11 3 20 21 23 11 17 23 20
split_gain=7.11897 3.02755 2.60684 2.58397 3.36877 3.04046 2.21345 2.18377 2.09709 3.71919 2.09599
threshold=0.28087367117404943 2.0423238277435307 -0.62983426451683033 -0.45360761880874628 3.4771887063980107 -2.2787501811981197 inf -0.86895382404327381 -2.3578816652297969 0.20651500672101977 -0.22057837247848508
decision_type=8 10 8 10 10 2 8 10 2 10 10
left_child=3 2 -2 4 -1 8 7 -5 9 -6 -9
right_child=1 -3 -4 6 5 -7 -8 10 -10 -11 -12
leaf_value=-9.2211554914249559e-06 -3.333476048016835e-05 -6.4372690090207837e-05 -5.7441732061911326e-06 -6.9329727327588476e-06 0.0039880782747931465 4.3564803649989565e-05 -0.00012604559978174934 4.3551599287735746e-06 0.000197561722898173 0.0005745858647962786 1.7006278841748197e-05
leaf_weight=459865 138508 36389 290380 255158 7.9999999999999991 11252 3418 857876 1560 270 616165
leaf_count=459865 138508 36389 290380 255158 8 11252 3418 857876 1560 270 616165
internal_value=5.12965e-08 -1.85466e-05 -1.46564e-05 3.97498e-06 -6.86359e-06 7.58921e-05 6.93407e-06 7.19747e-06 0.000273204 0.000692161 9.64402e-06
internal_weight=2.67085e+06 465277 428888 2.20557e+06 472955 13090 1.73262e+06 1.7292e+06 1838 278 1.47404e+06
internal_count=2670849 465277 428888 2205572 472955 13090 1732617 1729199 1838 278 1474041
is_linear=0
shrinkage=0.00523217


Tree=203
num_leaves=12
num_cat=0
split_feature=1 9 1 20 1 24 13 18 6 13 23
split_gain=9.67047 3.12342 2.36162 2.0457 2.37143 7.18794 9.25911 1.81579 1.61787 1.58277 1.74165
threshold=1.3962472081184389 0.18551159650087359 2.067751526832581 4.0456516742706308 -1.3430704474449155 -0.12063996493816374 0.9851396679878236 -2.1090607643127437 -0.85840973258018483 inf inf
decision_type=2 8 2 10 2 10 10 8 2 8 8
left_child=1 3 -2 7 5 6 -5 -1 -4 10 -9
right_child=2 -3 8 4 -6 -7 -8 9 -10 -11 -12
leaf_value=6.1677898143928491e-05 -2.2825838555171338e-05 -8.9320484797975336e-06 -8.1315635348050473e-05 0.00010907483517358884 9.4707636635690346e-05 9.3811422868109808e-06 0.0037356533213790078 5.1091682843631822e-06 -2.5353245844006159e-05 -9.1936548939542051e-05 0.00010391315156867498
leaf_weight=15671 144646 491936 39924 39 3236 166 38 1944037 21977 4586 4896
leaf_count=15671 144646 491936 39924 39 3236 166 38 1944037 21977 4586 4896
internal_value=-1.94468e-08 2.86225e-06 -3.44087e-05 5.80387e-06 0.000132555 0.000630382 0.00193851 5.57945e-06 -6.14609e-05 5.12898e-06 5.35785e-06
internal_weight=2.67115e+06 2.4646e+06 206547 1.97267e+06 3479 243 77 1.96919e+06 61901 1.95352e+06 1.94893e+06
internal_count=2671152 2464605 206547 1972669 3479 243 77 1969190 61901 1953519 1948933
is_linear=0
shrinkage=0.00523217


Tree=204
num_leaves=12
num_cat=0
split_feature=0 0 0 22 22 21 22 15 13 5 15
split_gain=12.7091 4.14997 2.52505 2.40617 2.22359 2.00546 2.03986 1.55626 1.4377 1.99892 3.22879
threshold=-2.9707015752792354 -0.47019396722316736 0.73527646064758312 0.15475148707628253 -0.24403611570596692 -1.4542503952980039 -1.7137829661369322 0.36038379371166235 inf inf 0.088724624365568175
decision_type=2 2 2 8 8 2 10 2 8 8 2
left_child=4 3 8 5 -1 7 -7 -2 9 -3 -11
right_child=1 2 -4 -5 -6 6 -8 -9 -10 10 -12
leaf_value=-0.00011743238423638737 -1.5133839142384089e-05 1.939783234629262e-06 1.7246751096324944e-05 1.5832414605954544e-06 -5.136840144890114e-05 -0.00012485322298955607 -2.6855118865050015e-05 9.3410145260968905e-05 -9.0519621802547675e-05 6.5458061229904552e-05 0.00059312568339899604
leaf_weight=21209 8010 1870523 355519 151789 40975 5994 198936 6575 4581 6573 333
leaf_count=21209 8010 1870523 355519 151789 40975 5994 198936 6575 4581 6573 333
internal_value=7.36203e-09 1.76972e-06 4.4582e-06 -1.44292e-05 -7.39155e-05 -2.5505e-05 -2.97261e-05 3.37469e-05 2.04196e-06 2.26829e-06 9.11151e-05
internal_weight=2.67102e+06 2.60883e+06 2.23753e+06 371304 62184 219515 204930 14585 1.88201e+06 1.87743e+06 6906
internal_count=2671017 2608833 2237529 371304 62184 219515 204930 14585 1882010 1877429 6906
is_linear=0
shrinkage=0.00523217


Tree=205
num_leaves=12
num_cat=0
split_feature=1 9 1 19 23 16 15 7 15 10 9
split_gain=9.3969 2.86861 2.77092 1.7121 3.75935 2.2675 2.25099 1.24264 1.45186 1.3687 1.19793
threshold=1.2783576846122744 0.18551159650087359 2.067751526832581 inf inf -0.073228619992732988 0.018549944274127487 0.24972344934940341 -1.0606151223182676 0.86300581693649303 0.36206103861331945
decision_type=2 8 2 8 8 2 2 8 2 8 10
left_child=1 3 -2 4 7 -6 -7 9 -9 -1 -4
right_child=2 -3 10 -5 5 6 -8 8 -10 -11 -12
leaf_value=1.1401504783557462e-05 -2.0565540063702835e-05 -8.3920566761225221e-06 -3.8735471836829645e-05 -8.6998764254228868e-05 -7.8598073406722834e-05 0.00046622962325381712 0.00014718071399445599 -2.5937383879012846e-05 2.5738517926093031e-06 -4.8740994449857182e-06 -8.4882414898110339e-05
leaf_weight=1032068 187095 474330 32081 5407 865 788 2674 52624 689427 163838 29792
leaf_count=1032068 187095 474330 32081 5407 865 788 2674 52624 689427 163838 29792
internal_value=-4.50737e-10 3.14571e-06 -3.06101e-05 5.95596e-06 6.2152e-06 0.000160251 0.000220167 5.87076e-06 5.50801e-07 9.17109e-06 -6.09695e-05
internal_weight=2.67099e+06 2.42202e+06 248968 1.94769e+06 1.94228e+06 4327 3462 1.93796e+06 742051 1.19591e+06 61873
internal_count=2670989 2422021 248968 1947691 1942284 4327 3462 1937957 742051 1195906 61873
is_linear=0
shrinkage=0.00523217


Tree=206
num_leaves=12
num_cat=0
split_feature=0 9 2 0 12 15 20 0 16 0 20
split_gain=12.5976 4.16734 3.05703 2.32027 2.14188 2.46303 2.00032 2.70168 1.98909 1.93644 1.29304
threshold=-2.9707015752792354 0.28087367117404943 -0.45170311629772181 0.43806774914264685 0.23746246844530108 0.4239324033260346 4.0456516742706308 -0.051058275625109666 -0.18426529318094251 -1.1465162038803098 3.4771887063980107
decision_type=2 10 8 2 10 2 10 2 2 2 10
left_child=8 2 4 6 5 -2 -4 -8 -1 -3 -11
right_child=1 9 3 -5 -6 -7 7 -9 -10 10 -12
leaf_value=-9.7964957375420178e-05 1.6782176375018817e-05 -4.0420139735820519e-05 -4.6454268820710393e-06 9.3696126007714268e-06 6.062932216278069e-06 5.4406395294698857e-05 7.8451598582879523e-05 0.00071787457247364744 -3.7572293556422503e-05 -7.9473953062788899e-06 -0.00013806430920795885
leaf_weight=37097 213795 62101 995351 533376 385954 61333 4372 188 25079 350260 2103
leaf_count=37097 213795 62101 995351 533376 385954 61333 4372 188 25079 350260 2103
internal_value=-1.59651e-08 1.73794e-06 4.61215e-06 5.5658e-07 1.40172e-05 2.51727e-05 -4.1437e-06 0.000105169 -7.36194e-05 -1.34775e-05 -8.72671e-06
internal_weight=2.67101e+06 2.60883e+06 2.19437e+06 1.53329e+06 661082 275128 999911 4560 62176 414464 352363
internal_count=2671009 2608833 2194369 1533287 661082 275128 999911 4560 62176 414464 352363
is_linear=0
shrinkage=0.00523217


Tree=207
num_leaves=12
num_cat=0
split_feature=9 22 7 22 15 4 23 4 4 22 23
split_gain=6.94343 3.1352 2.41087 2.8746 1.97968 1.90597 2.2691 1.76588 1.33077 1.35262 1.34736
threshold=0.35016092658042913 -0.25545366108417505 0.49170890450477606 -1.8086421489715574 -1.0446416735649107 2.8768199682235722 inf -1.909196615219116 -0.44621515274047846 -0.97798731923103321 inf
decision_type=10 8 8 10 2 8 8 10 8 10 8
left_child=2 -2 8 -4 -5 6 -6 -3 9 -1 -11
right_child=1 7 3 4 5 -7 -8 -9 -10 10 -12
leaf_value=-3.5503824506253862e-05 -4.0983499972964102e-05 -8.7525248437670582e-05 -6.6568565021458769e-05 -3.2900960423181292e-05 -9.11256022313357e-08 -9.5656452007733035e-05 0.00012850646528847425 -6.8893984880450173e-06 9.4552728171887163e-06 6.3851212986431937e-07 0.00030293622961730191
leaf_weight=30511 135227 7682 19937 55078 616496 5671 3778 232254 1261672 302203 403
leaf_count=30511 135227 7682 19937 55078 616496 5671 3778 232254 1261672 302203 403
internal_value=3.38207e-08 -2.08343e-05 3.44438e-06 -4.64238e-06 -2.8282e-06 -1.80703e-07 6.91092e-07 -9.47487e-06 6.99927e-06 -2.30036e-06 1.04494e-06
internal_weight=2.67091e+06 375163 2.29575e+06 700960 681023 625945 620274 239936 1.59479e+06 333117 302606
internal_count=2670912 375163 2295749 700960 681023 625945 620274 239936 1594789 333117 302606
is_linear=0
shrinkage=0.00523217


Tree=208
num_leaves=12
num_cat=0
split_feature=0 0 7 10 9 16 3 3 1 10 13
split_gain=12.371 4.08054 2.42781 2.04275 1.92479 1.90482 2.10738 1.73804 1.34021 1.50138 1.24957
threshold=-2.9707015752792354 0.31527259945869451 0.60439798235893261 0.70362555980682384 -0.12801420688629148 -0.18426529318094251 -1.599824786186218 -1.8202520012855528 1.5302020311355593 2.1022378206253056 -2.3211027383804317
decision_type=2 2 8 10 8 2 8 8 2 10 10
left_child=5 2 3 7 -3 6 -1 -2 10 -10 -4
right_child=1 4 8 -5 -6 -7 -8 -9 9 -11 -12
leaf_value=-0.00018695854291281917 -3.4368114631793499e-05 1.5261447068439891e-05 -8.1965624089932746e-05 -1.2316259789063537e-05 1.8218918742785678e-06 -3.7711429422255159e-05 -7.9480671661970363e-05 6.7214417287772615e-06 -4.427069626122168e-05 0.00013120097166274009 -9.7406912826672613e-06
leaf_weight=5969 29379 622514 6666 250597 549290 25090 31098 687715 48952 1369 412299
leaf_count=5969 29379 622514 6666 250597 549290 25090 31098 687715 48952 1369 412299
internal_value=-2.21207e-08 1.71571e-06 -4.19305e-06 5.42181e-07 8.96227e-06 -7.29717e-05 -9.68152e-05 5.03685e-06 -1.3959e-05 -3.9478e-05 -1.0892e-05
internal_weight=2.67094e+06 2.60878e+06 1.43698e+06 967691 1.1718e+06 62157 37067 717094 469286 50321 418965
internal_count=2670938 2608781 1436977 967691 1171804 62157 37067 717094 469286 50321 418965
is_linear=0
shrinkage=0.00523217


Tree=209
num_leaves=12
num_cat=0
split_feature=0 0 0 16 21 4 10 9 10 5 11
split_gain=12.2776 4.03392 2.36018 1.9268 1.90936 5.41785 17.238 1.88698 1.53001 2.68083 3.30697
threshold=-2.9707015752792354 0.31527259945869451 -1.0951598286628721 -0.18426529318094251 -2.2787501811981197 -2.2136638164520259 -1.2027834653854368 -0.074855603277683244 0.70362555980682384 inf 1.3546740412712099
decision_type=2 2 2 2 2 8 10 8 8 8 10
left_child=3 2 4 -1 5 6 -2 -3 9 -4 -11
right_child=1 7 8 -5 -6 -7 -8 -9 -10 10 -12
leaf_value=-9.6657452654306554e-05 0.007833932689268127 1.4300834502365068e-05 1.7662095454007551e-06 -3.72244118557785e-05 -2.4208538454017592e-05 8.3853543070197073e-05 0.00056093406605439017 7.257266332494306e-07 -1.0406090567435989e-05 4.0593674302322288e-05 0.0006375340515031901
leaf_weight=37077 8.9999999999999982 707234 881355 25099 167809 1485 77 464579 385405 696 402
leaf_count=37077 9 707234 881355 25099 167809 1485 77 464579 385405 696 402
internal_value=-1.71311e-08 1.71421e-06 -4.15989e-06 -7.26798e-05 -2.25042e-05 0.000158918 0.00142717 8.91952e-06 -1.70852e-06 2.08918e-06 0.000260327
internal_weight=2.67123e+06 2.60905e+06 1.43724e+06 62176 169380 1571 86 1.17181e+06 1.26786e+06 882453 1098
internal_count=2671227 2609051 1437238 62176 169380 1571 86 1171813 1267858 882453 1098
is_linear=0
shrinkage=0.00523217


Tree=210
num_leaves=12
num_cat=0
split_feature=0 0 7 10 20 0 4 9 13 9 20
split_gain=12.1213 3.77337 2.44287 2.22672 2.35903 2.10832 1.45957 1.40309 1.31635 1.40463 2.22075
threshold=-2.4759553670883174 0.53930494189262401 0.61482834815979015 0.73877617716789257 -0.15268614143133161 -4.6120386123657218 0.40081627666950231 -0.084001872688531862 -2.3211027383804317 0.28087367117404943 3.4771887063980107
decision_type=2 2 8 8 10 2 10 8 10 8 10
left_child=5 2 3 4 -2 -1 -6 -3 -4 10 -10
right_child=1 7 8 -5 6 -7 -8 -9 9 -11 -12
leaf_value=-0.00010781986235041202 -2.1608323972721062e-06 1.8086783144299159e-05 -7.9818063510119324e-05 -1.0260773724086435e-05 5.7952440889193914e-06 -4.6866040655631437e-05 2.355558585560976e-05 2.5546292816089594e-06 -7.0281439550717708e-06 -2.5425628483411538e-05 8.7737669698314833e-05
leaf_weight=20638 513509 442264 7499 308631 284823 63268 228363 248979 420993 125298 6878
leaf_count=20638 513509 442264 7499 308631 284823 63268 228363 248979 420993 125298 6878
internal_value=2.09894e-08 2.02848e-06 -1.78642e-06 2.06141e-06 5.76633e-06 -6.18695e-05 1.37e-05 1.24934e-05 -1.09521e-05 -1.00169e-05 -5.50267e-06
internal_weight=2.67114e+06 2.58724e+06 1.89599e+06 1.33533e+06 1.0267e+06 83906 513186 691243 560668 553169 427871
internal_count=2671143 2587237 1895994 1335326 1026695 83906 513186 691243 560668 553169 427871
is_linear=0
shrinkage=0.00523217


Tree=211
num_leaves=12
num_cat=0
split_feature=0 2 0 22 22 16 4 20 9 22 22
split_gain=11.9972 4.14731 3.16678 2.18549 2.17869 1.63681 1.55347 1.52227 1.86413 1.39419 1.30845
threshold=-2.9707015752792354 -0.068967439234256731 -0.035463314503431313 -0.91935065388679493 -0.24403611570596692 -0.20052303373813626 2.6833177804946904 -0.15268614143133161 0.1458784565329552 -1.0011669993400572 0.31087502837181097
decision_type=2 8 2 8 8 2 8 10 8 10 10
left_child=4 7 3 -3 -1 -6 9 -2 -9 -4 -5
right_child=1 2 6 10 5 -7 -8 8 -10 -11 -12
leaf_value=-0.00011492720920597621 3.8299747463074673e-06 -4.5956421998535981e-05 -1.8987284778405711e-05 -1.6267615173080985e-05 -7.7839467659308751e-05 -1.082324969526718e-05 -7.3459288090504593e-05 2.1564266549082264e-05 -2.9246221708212227e-06 3.8988512287788516e-06 3.4765314697547019e-06
leaf_weight=21200 598616 54078 79175 330387 23634 17319 7509 389307 108826 913685 127198
leaf_count=21200 598616 54078 79175 330387 23634 17319 7509 389307 108826 913685 127198
internal_value=-2.64534e-09 1.70867e-06 -3.90945e-06 -1.44972e-05 -7.18441e-05 -4.95191e-05 1.50513e-06 9.4548e-06 1.62126e-05 2.07298e-06 -1.07775e-05
internal_weight=2.67093e+06 2.60878e+06 1.51203e+06 511663 62153 40953 1.00037e+06 1.09675e+06 498133 992860 457585
internal_count=2670934 2608781 1512032 511663 62153 40953 1000369 1096749 498133 992860 457585
is_linear=0
shrinkage=0.00523217


Tree=212
num_leaves=12
num_cat=0
split_feature=1 2 12 1 2 23 16 16 20 19 6
split_gain=8.87315 3.0102 2.79927 2.75048 1.96531 2.30223 2.27435 2.14538 1.94632 1.54622 1.52675
threshold=1.226970434188843 -0.45170311629772181 0.23746246844530108 2.067751526832581 1.9195818305015566 inf -0.073228619992732988 -0.05369449965655803 1.5676684975624087 0.4554992020130158 -0.85840973258018483
decision_type=2 8 10 2 8 8 2 2 10 8 2
left_child=1 2 8 -2 5 -3 -7 -8 -1 -6 -5
right_child=3 4 -4 10 9 6 7 -9 -10 -11 -12
leaf_value=2.066113360811414e-05 -1.9310493480897581e-05 1.1169746200152307e-08 3.5779090422412465e-06 -7.8361854272991313e-05 0.00010082546671464561 -0.00015484358305474912 0.00048828254193291048 0.00012495118532565333 7.0650898244676295e-05 -4.4997225919549368e-05 -2.3991682947151554e-05
leaf_weight=270712 207725 1642505 422854 39898 2099 547 602 1740 23162 37173 21978
leaf_count=270712 207725 1642505 422854 39898 2099 547 602 1740 23162 37173 21978
internal_value=2.35349e-08 3.21915e-06 1.22003e-05 -2.84374e-05 -6.0132e-07 2.71274e-07 0.000147812 0.000218886 2.46041e-05 -3.71801e-05 -5.90637e-05
internal_weight=2.671e+06 2.40139e+06 716728 269601 1.68467e+06 1.64539e+06 2889 2342 293874 39272 61876
internal_count=2670995 2401394 716728 269601 1684666 1645394 2889 2342 293874 39272 61876
is_linear=0
shrinkage=0.00523217


Tree=213
num_leaves=12
num_cat=0
split_feature=9 22 11 22 20 11 6 16 19 4 16
split_gain=6.65463 3.01159 2.33373 2.66097 2.11282 2.65164 2.08808 1.91289 1.88523 1.73472 1.70806
threshold=0.35016092658042913 -0.25545366108417505 -0.86895382404327381 -1.2493496537208555 4.0456516742706308 0.75632205605506908 -1.0850223302841184 -0.31147064268589014 0.79818826913833629 -1.909196615219116 -0.073228619992732988
decision_type=10 8 8 10 10 10 2 2 8 8 2
left_child=2 6 3 -1 8 10 -2 -5 -4 -3 -6
right_child=1 9 4 7 5 -7 -8 -9 -10 -11 -12
leaf_value=-6.3667306463990157e-05 -7.5116946674825896e-05 -8.6555680196665472e-05 7.365684122193034e-06 -2.0646745796670689e-05 0.00042341791620625576 0.0001951521417362301 -2.8079529385353689e-05 6.0979930587102921e-06 -6.5636371090101093e-06 -6.760104291055824e-06 -5.0017618102425226e-05
leaf_weight=23265 34845 7707 1651400 129786 224 3583 100368 167882 316999 232277 2815
leaf_count=23265 34845 7707 1651400 129786 224 3583 100368 167882 316999 232277 2815
internal_value=-2.84273e-08 -2.04577e-05 3.30971e-06 -9.7753e-06 5.43638e-06 9.87363e-05 -4.02078e-05 -5.5603e-06 5.12204e-06 -9.32647e-06 -1.47062e-05
internal_weight=2.67115e+06 375197 2.29595e+06 320933 1.97502e+06 6622 135213 297668 1.9684e+06 239984 3039
internal_count=2671151 375197 2295954 320933 1975021 6622 135213 297668 1968399 239984 3039
is_linear=0
shrinkage=0.00523217


Tree=214
num_leaves=12
num_cat=0
split_feature=6 2 6 20 15 19 2 15 18 18 8
split_gain=5.63829 2.7833 2.0415 1.56321 2.18777 1.54933 1.48375 1.76097 1.38703 1.43473 1.31137
threshold=-0.77405205368995655 -0.45170311629772181 -3.6667821407318111 -0.15963301062583921 1.2241169810295107 0.79818826913833629 -0.69560804963111866 1.1077580451965334 -2.1090607643127437 0.45516897737979894 -2.0727592706680293
decision_type=2 8 2 10 2 8 10 2 10 8 10
left_child=2 3 -1 -2 -5 8 7 -4 -3 -10 -8
right_child=1 5 6 4 -6 -7 10 -9 9 -11 -12
leaf_value=-6.7799940871122487e-05 4.7641964334703321e-06 5.6246094776035154e-05 1.0838724557695856e-06 1.6878652116869534e-05 7.2617306279872069e-05 -1.3058994840625136e-05 5.181204255507139e-05 0.00011117533321486541 -2.2381880780223648e-06 1.0048208980854075e-05 -2.159301558507892e-05
leaf_weight=21793 380068 12539 46732 291293 20655 235584 6806 4348 998444 351864 300956
leaf_count=21793 380068 12539 46732 291293 20655 235584 6806 4348 998444 351864 300956
internal_value=2.62709e-08 3.12547e-06 -1.86208e-05 1.18913e-05 2.05721e-05 -6.69068e-07 -1.56316e-05 1.04731e-05 1.4721e-06 9.62819e-07 -1.99669e-05
internal_weight=2.67108e+06 2.29045e+06 380635 692016 311948 1.59843e+06 358842 51080 1.36285e+06 1.35031e+06 307762
internal_count=2671082 2290447 380635 692016 311948 1598431 358842 51080 1362847 1350308 307762
is_linear=0
shrinkage=0.00523217


Tree=215
num_leaves=12
num_cat=0
split_feature=9 22 3 20 16 11 18 11 17 22 18
split_gain=6.59971 2.93566 2.61892 2.98133 2.61946 2.53537 2.44652 2.38582 2.38711 2.35635 2.18372
threshold=0.36206103861331945 -0.25545366108417505 -0.45360761880874628 3.4771887063980107 -0.073228619992732988 -0.85959830880165089 2.4283109903335576 0.75632205605506908 -2.1346042156219478 -1.2493496537208555 -0.017976718023419377
decision_type=10 8 8 10 2 8 8 10 2 10 10
left_child=2 -2 3 -1 10 9 -7 -6 -9 -4 -5
right_child=1 -3 5 4 7 6 -8 8 -10 -11 -12
leaf_value=-9.5620392297346554e-06 -4.0486933444155919e-05 -9.5597512209586194e-06 -6.2550698943597202e-05 -0.00050745196939744547 -3.563306215153914e-05 9.2068555972300682e-06 -0.0001014093168125742 0.00038329096852883498 7.9281107856355658e-05 -4.0755511119242627e-06 0.0005173234507402628
leaf_weight=482779 131385 233339 20357 62 5085 1526074 5491 784 7318 257976 532
leaf_count=482779 131385 233339 20357 62 5085 1526074 5491 784 7318 257976 532
internal_value=-2.11655e-08 -2.0703e-05 3.24895e-06 -7.39447e-06 6.84765e-05 6.1695e-06 8.80967e-06 5.3077e-05 0.00010885 -8.3555e-06 0.000408216
internal_weight=2.67118e+06 364724 2.30646e+06 496560 13781 1.8099e+06 1.53156e+06 13187 8102 278333 594
internal_count=2671182 364724 2306458 496560 13781 1809898 1531565 13187 8102 278333 594
is_linear=0
shrinkage=0.00523217


Tree=216
num_leaves=12
num_cat=0
split_feature=0 0 16 3 0 9 12 4 20 20 18
split_gain=11.7064 3.64506 2.30018 2.6037 2.08073 1.4559 1.45159 1.38683 2.97556 1.83153 1.58804
threshold=-2.4759553670883174 0.48711182177066809 -0.18426529318094251 -1.599824786186218 -1.0951598286628721 -0.12801420688629148 0.53133395314216625 0.030331192538142208 -0.18220926821231839 2.3109606504440312 0.50891870260238659
decision_type=2 2 2 8 2 8 10 10 10 8 10
left_child=2 4 3 -1 -2 -3 -7 10 -9 -10 -6
right_child=1 5 -4 -5 7 6 -8 8 9 -11 -12
leaf_value=-0.00017478879030296369 -2.0996096173160307e-05 1.7404844856730048e-05 -2.8525474014314656e-05 -6.7928340716762832e-05 -9.5777960656938551e-06 1.3829223578523943e-05 -7.7008614581650588e-06 -6.3998566825518882e-06 1.2708198514486499e-05 6.8389331149063098e-05 4.6595190148618278e-06
leaf_weight=7366 147677 454596 35156 41411 616154 172388 170483 326815 353430 16955 328896
leaf_count=7366 147677 454596 35156 41411 616154 172388 170483 326815 353430 16955 328896
internal_value=-1.16667e-08 1.96077e-06 -6.08244e-05 -8.40861e-05 -2.18403e-06 1.12648e-05 3.12166e-06 -4.91874e-07 5.10544e-06 1.52595e-05 -4.62208e-06
internal_weight=2.67133e+06 2.58739e+06 83933 48777 1.78993e+06 797467 342871 1.64225e+06 697200 370385 945050
internal_count=2671327 2587394 83933 48777 1789927 797467 342871 1642250 697200 370385 945050
is_linear=0
shrinkage=0.00523217


Tree=217
num_leaves=12
num_cat=0
split_feature=6 22 6 10 23 16 15 20 17 20 4
split_gain=5.63885 2.57016 2.40741 1.91538 4.66013 5.40262 11.0095 7.90482 3.5782 1.66532 1.78172
threshold=-0.70294305682182301 0.14046356827020648 -3.6667821407318111 0.8928564488887788 inf -0.039669290184974663 -0.0091774598695337755 2.9596308469772343 -1.0956054329872129 -0.92353871464729298 0.40081627666950231
decision_type=2 8 2 8 8 2 2 10 2 10 10
left_child=1 2 -1 4 9 -6 7 -7 -8 -2 -11
right_child=3 -3 -4 -5 5 6 8 -9 -10 10 -12
leaf_value=-9.4749478706228734e-05 -5.9579330154017632e-06 -7.5868758624538566e-07 -2.403436858449699e-05 -8.237798434688239e-06 3.0818100326718926e-05 0.0011999670941548861 0.0014125759994534726 0.0070560052406317799 0.00020272542371955994 2.9465642153766808e-06 1.4296974503522403e-05
leaf_weight=13937 311957 152415 245148 338081 432 14.000000000000002 103 11.999999999999998 194 998967 609887
leaf_count=13937 311957 152415 245148 338081 432 14 103 12 194 998967 609887
internal_value=1.21284e-09 -1.78125e-05 -2.78419e-05 3.24561e-06 5.26642e-06 0.000415939 0.000926556 0.0041216 0.000628933 5.10433e-06 7.2498e-06
internal_weight=2.67115e+06 411500 259085 2.25965e+06 1.92157e+06 755 323 26 297 1.92081e+06 1.60885e+06
internal_count=2671147 411500 259085 2259647 1921566 755 323 26 297 1920811 1608854
is_linear=0
shrinkage=0.00523217


Tree=218
num_leaves=12
num_cat=0
split_feature=0 0 0 22 22 22 8 5 22 18 24
split_gain=11.5568 3.80874 2.40991 2.3199 2.16093 1.48402 1.3534 2.83837 2.69991 1.29433 1.29425
threshold=-2.9707015752792354 -0.47019396722316736 0.7509855628013612 0.15475148707628253 -0.24403611570596692 -1.7137829661369322 -0.93733447790145863 inf -0.86722922325134266 -2.1090607643127437 -1.7570679187774656
decision_type=2 2 2 8 8 10 10 8 8 10 10
left_child=4 3 6 5 -1 -2 -3 9 -9 -8 -7
right_child=1 2 -4 -5 -6 10 7 8 -10 -11 -12
leaf_value=-0.00011338702639182808 -9.9196861733389307e-05 -7.8353261614925544e-06 1.7227354537660202e-05 1.8970974778011755e-06 -4.8257159706354948e-05 -7.1204458691598299e-05 6.3434044124027229e-05 0.00088184890468828161 0.00015479940834382716 3.3826520719552534e-06 -1.8798581171727156e-05
leaf_weight=21203 7089 319165 334224 151804 40980 13811 9888 156 1336 1572655 198621
leaf_count=21203 7089 319165 334224 151804 40980 13811 9888 156 1336 1572655 198621
internal_value=1.28619e-08 1.69348e-06 4.26925e-06 -1.38246e-05 -7.04796e-05 -2.47002e-05 1.99322e-06 3.97407e-06 0.000231994 3.75842e-06 -2.22098e-05
internal_weight=2.67093e+06 2.60875e+06 2.23742e+06 371325 62183 219521 1.9032e+06 1.58404e+06 1492 1.58254e+06 212432
internal_count=2670932 2608749 2237424 371325 62183 219521 1903200 1584035 1492 1582543 212432
is_linear=0
shrinkage=0.00523217


Tree=219
num_leaves=12
num_cat=0
split_feature=0 0 22 10 5 22 22 3 0 1 20
split_gain=11.3958 3.59006 2.57011 2.35501 2.717 3.58535 2.46915 2.29763 1.50316 1.35443 1.3157
threshold=-2.4759553670883174 0.55012133717536937 0.077804323285818114 0.92325353622436535 inf -0.90217912197113026 -0.93807104229927052 -2.0900694131851192 -4.1393516063690177 -0.22797777503728864 -0.46173910796642298
decision_type=2 2 8 8 8 8 10 8 2 2 8
left_child=2 3 8 4 7 6 -6 -2 -1 -3 -11
right_child=1 9 -4 -5 5 -7 -8 -9 -10 10 -12
leaf_value=-0.00012907525606734071 -3.0607117633732846e-05 1.446917364153032e-05 -3.0133337746558918e-05 -1.3262505767604614e-05 0.00084490943754223511 0.00015619578243189155 0.0033941867286477619 2.2961904110467158e-06 -6.4799931084732969e-05 -4.4333652183967907e-05 9.5838513303375021e-06
leaf_weight=15679 60488 619394 40646 386662 103 1067 10.999999999999998 1469112 27581 21815 28633
leaf_count=15679 60488 619394 40646 386662 103 1067 11 1469112 27581 21815 28633
internal_value=-2.83951e-08 1.91747e-06 -6.00388e-05 -1.72497e-06 1.1888e-06 0.000251927 0.00113017 9.94482e-07 -8.81171e-05 1.23452e-05 -1.3716e-05
internal_weight=2.67119e+06 2.58728e+06 83906 1.91744e+06 1.53078e+06 1181 114 1.5296e+06 43260 669842 50448
internal_count=2671191 2587285 83906 1917443 1530781 1181 114 1529600 43260 669842 50448
is_linear=0
shrinkage=0.00523217


Tree=220
num_leaves=12
num_cat=0
split_feature=9 5 7 15 8 20 6 19 5 20 6
split_gain=6.49047 2.73563 2.24307 2.15039 1.72149 2.24178 1.51793 1.40128 3.13289 1.78748 1.52773
threshold=0.35016092658042913 1.1105189323425295 0.49170890450477606 -1.0446416735649107 -0.84559392929077137 -0.21302888542413709 -0.80176368355751026 3.9810845851898198 inf 4.0456516742706308 0.073502786457538619
decision_type=10 8 8 2 8 10 2 8 8 10 2
left_child=2 -2 4 -4 -1 -6 -7 8 -5 -10 -9
right_child=1 -3 3 7 5 6 -8 10 9 -11 -12
leaf_value=-5.7316098067976438e-06 -1.2947498388809135e-05 -4.792820664398764e-05 -3.4839587584536375e-05 -1.4994221865859007e-06 3.0053727212414219e-06 -7.1846981572455709e-06 1.9492698541489977e-05 -3.4223629076491224e-05 0.00013450426518051773 0.00081973343578148762 -0.00020683002444465696
leaf_weight=253599 298256 77044 58471 627074 736988 65437 538819 10317 3362 107 1628
leaf_count=253599 298256 77044 58471 627074 736988 65437 538819 10317 3362 107 1628
internal_value=4.09996e-08 -2.01308e-05 3.33889e-06 -4.46138e-06 6.76774e-06 9.13169e-06 1.66024e-05 -1.69543e-06 -6.30569e-07 0.000156143 -5.78338e-05
internal_weight=2.6711e+06 375300 2.2958e+06 700959 1.59484e+06 1.34124e+06 604256 642488 630543 3469 11945
internal_count=2671102 375300 2295802 700959 1594843 1341244 604256 642488 630543 3469 11945
is_linear=0
shrinkage=0.00523217


Tree=221
num_leaves=12
num_cat=0
split_feature=0 0 2 0 21 4 10 3 2 15 10
split_gain=11.2545 3.78573 3.02416 1.88065 1.77513 1.64009 10.0473 1.62473 1.50554 1.35009 1.23797
threshold=-1.4085726141929624 -4.1393516063690177 -0.068967439234256731 0.48215444386005407 -2.0947774648666377 -2.2136638164520259 -1.391467213630676 -1.3542556166648863 1.9195818305015566 2.6933304071426396 0.070365350693464293
decision_type=2 2 8 2 2 8 10 8 8 2 10
left_child=1 7 9 8 5 6 -3 10 -4 -2 -1
right_child=2 4 3 -5 -6 -7 -8 -9 -10 -11 -12
leaf_value=-0.00023585437759734889 8.8940714947953405e-06 0.006347288248530817 -4.5049221872923322e-06 7.4415602713725001e-06 -3.1125036851570221e-05 9.3702744196208203e-05 0.00027014106656872623 -6.8091569726303524e-05 -3.5592161149876776e-05 6.0321449527866198e-05 -0.00010711754173986615
leaf_weight=3132 1054798 6.9999999999999991 972858 406739 145213 1794 89 21838 44612 14167 6023
leaf_count=3132 1054798 7 972858 406739 145213 1794 89 21838 44612 14167 6023
internal_value=5.42536e-08 -4.01277e-05 2.92493e-06 -2.06694e-06 -2.90466e-05 0.000130138 0.000793341 -9.26929e-05 -5.8688e-06 9.57646e-06 -0.000151272
internal_weight=2.67127e+06 178096 2.49317e+06 1.42421e+06 147103 1890 96 30993 1.01747e+06 1.06896e+06 9155
internal_count=2671270 178096 2493174 1424209 147103 1890 96 30993 1017470 1068965 9155
is_linear=0
shrinkage=0.00523217


Tree=222
num_leaves=12
num_cat=0
split_feature=11 4 13 10 4 11 18 7 23 11 17
split_gain=4.16356 2.76262 1.94774 1.63582 1.5064 1.48232 1.30797 1.19521 1.11405 4.04308 3.4758
threshold=-0.86895382404327381 -1.2772648930549619 0.3822199553251267 0.98681694269180309 0.33972814679145819 3.9951572418212895 0.629784256219864 0.094741504639387145 inf 1.3114559650421145 -1.0956054329872129
decision_type=8 10 8 8 10 10 10 8 8 10 2
left_child=3 -2 4 -1 6 7 -3 -6 -4 -10 -11
right_child=1 2 8 -5 5 -7 -8 -9 9 10 -12
leaf_value=-1.1016691016560408e-05 -1.6725455365096484e-05 -1.1042653364395988e-07 -3.0119226621640408e-06 -4.0039363227649537e-05 1.8307810515380936e-05 -0.00012294627335492843 1.5728813262441873e-05 -2.4148094096638116e-06 -5.1419848023317587e-05 0.0013876444166162371 0.00029395024435505498
leaf_weight=329753 183564 632643 700902 63426 482139 2137 184262 90415 1321 91 623
leaf_count=329753 183564 632643 700902 63426 482139 2137 184262 90415 1321 91 623
internal_value=2.23949e-08 2.73641e-06 4.44243e-06 -1.57007e-05 8.02853e-06 1.45193e-05 3.46132e-06 1.5034e-05 -2.65579e-06 0.000119541 0.000436529
internal_weight=2.67128e+06 2.2781e+06 2.09453e+06 393179 1.3916e+06 574691 816905 572554 702937 2035 714
internal_count=2671276 2278097 2094533 393179 1391596 574691 816905 572554 702937 2035 714
is_linear=0
shrinkage=0.00523217


Tree=223
num_leaves=12
num_cat=0
split_feature=1 22 22 3 23 23 14 17 22 13 1
split_gain=8.26048 3.26832 2.33475 2.00064 2.05487 1.91787 2.30979 6.46623 5.38879 3.10911 1.83236
threshold=1.226970434188843 0.11386564001441003 -1.7137829661369322 -0.21595221012830731 inf inf -0.50181639194488514 -0.50970765948295582 -0.1414191201329231 2.6879446506500249 2.2527654170989995
decision_type=2 8 10 10 8 8 2 2 8 10 2
left_child=3 2 -2 5 -5 -1 9 8 -8 -7 -4
right_child=1 -3 10 4 -6 6 7 -9 -10 -11 -12
leaf_value=-5.5713614310495185e-06 -0.00015617079427654492 -7.3054038143726734e-06 -3.2328014368078287e-05 6.3255045807759473e-06 -0.00012294651574747822 -8.6132542917520118e-07 0.0017917907053319703 1.5445566837484454e-05 0.00037882196050985443 0.00030824554658441425 -8.5346046379922329e-05
leaf_weight=661094 4909 121433 122382 1728522 3371 6313 121 651 194 1035 20923
leaf_count=661094 4909 121433 122382 1728522 3371 6313 121 651 194 1035 20923
internal_value=2.0336e-08 -2.74378e-05 -4.39269e-05 3.10402e-06 6.07334e-06 -4.57701e-06 7.43824e-05 0.000314877 0.000928791 4.26111e-05 -4.00751e-05
internal_weight=2.67095e+06 269647 148214 2.4013e+06 1.73189e+06 669408 8314 966 315 7348 143305
internal_count=2670948 269647 148214 2401301 1731893 669408 8314 966 315 7348 143305
is_linear=0
shrinkage=0.00523217


Tree=224
num_leaves=12
num_cat=0
split_feature=5 11 22 3 5 17 10 4 18 18 11
split_gain=4.55815 3.0866 2.79284 2.31614 2.84459 2.14775 8.11863 2.03023 1.87075 1.73699 1.5206
threshold=1.1401758193969729 -0.90943422913551319 -1.1425130963325498 -1.0728502273559568 1.1401758193969729 -2.2249805927276607 -1.6876858472824094 -0.84921774268150318 2.4283109903335576 -2.1090607643127437 0.89736339449882518
decision_type=10 8 10 8 8 2 8 8 8 8 10
left_child=1 2 -1 4 -3 6 -6 -2 9 -5 -7
right_child=7 3 -4 8 5 10 -8 -9 -10 -11 -12
leaf_value=-6.3281694323803848e-05 -4.0579994889778287e-05 -1.3524308016698193e-05 -8.1005024198179926e-06 6.2394284596483965e-05 0.0045529477808321749 1.1816124380581443e-05 0.00013269661019556938 -1.0572743908631833e-05 -6.5917333286502061e-05 6.6389936481795389e-06 0.0001848932658183154
leaf_weight=27612 86273 230778 277714 15430 12.999999999999998 2973 60 217343 9650 1800452 2626
leaf_count=27612 86273 230778 277714 15430 13 2973 60 217343 9650 1800452 2626
internal_value=-1.60553e-08 2.43147e-06 -1.30936e-05 4.73073e-06 -1.06759e-05 0.000105054 0.000990694 -1.91021e-05 6.72671e-06 7.11324e-06 9.31567e-05
internal_weight=2.67092e+06 2.36731e+06 305326 2.06198e+06 236450 5672 73 303616 1.82553e+06 1.81588e+06 5599
internal_count=2670924 2367308 305326 2061982 236450 5672 73 303616 1825532 1815882 5599
is_linear=0
shrinkage=0.00523217


Tree=225
num_leaves=12
num_cat=0
split_feature=1 2 1 20 2 19 6 9 20 1 20
split_gain=8.16331 2.80332 2.58922 2.27095 1.8866 1.5318 1.51273 1.4308 1.82356 1.66101 1.4226
threshold=1.226970434188843 -0.45170311629772181 2.067751526832581 1.5676684975624087 1.9195818305015566 0.4554992020130158 -0.80176368355751026 0.12168252095580102 4.0456516742706308 -1.3430704474449155 4.0456516742706308
decision_type=2 8 2 10 8 8 2 8 10 2 8
left_child=1 3 -2 -1 7 -6 -4 8 10 -10 -3
right_child=2 4 6 -5 5 -7 -8 -9 9 -11 -12
leaf_value=9.7894883150382098e-06 -1.8441720103571643e-05 3.245638971658092e-06 -7.5639704051530209e-05 5.6387400637295888e-05 0.00010078183598853249 -4.4226836846454945e-05 -2.1010649606485442e-05 -8.077923350023542e-06 0.00090272891345089771 0.0001402587350052824 -8.1882827603466281e-05
leaf_weight=686783 207816 1216986 40757 29885 2103 37200 21112 421548 82 1488 5396
leaf_count=686783 207816 1216986 40757 29885 2103 37200 21112 421548 82 1488 5396
internal_value=7.78192e-10 3.06626e-06 -2.72934e-05 1.17338e-05 -6.20213e-07 -3.64446e-05 -5.7012e-05 2.34995e-07 3.09875e-06 0.000181242 2.86912e-06
internal_weight=2.67116e+06 2.40147e+06 269685 716668 1.6848e+06 39303 61869 1.6455e+06 1.22395e+06 1570 1.22238e+06
internal_count=2671156 2401471 269685 716668 1684803 39303 61869 1645500 1223952 1570 1222382
is_linear=0
shrinkage=0.00523217


Tree=226
num_leaves=12
num_cat=0
split_feature=9 20 11 16 20 11 13 20 4 11 16
split_gain=6.28434 2.49715 2.21034 2.46997 2.06744 2.52991 1.86851 2.01219 2.63363 1.7129 1.64843
threshold=0.35016092658042913 2.0423238277435307 -0.86895382404327381 -0.20847065746784207 4.0456516742706308 0.75632205605506908 0.31278547644615179 -0.21302888542413709 0.41345734894275671 -0.50559249520301808 -0.073228619992732988
decision_type=10 10 8 2 10 10 8 10 10 10 2
left_child=2 9 3 -1 6 10 7 -4 -9 -2 -6
right_child=1 -3 4 -5 5 -7 -8 8 -10 -11 -12
leaf_value=-2.4017092182474426e-05 -3.0039156777816815e-05 -6.3724022032736382e-05 3.4026169127883117e-06 5.0089884664602998e-06 0.00041709647975784537 0.00019163229755672433 -1.4791467023279643e-06 6.9545922643702485e-06 3.1316598892063006e-05 -6.1495684031344404e-06 -4.8021503683110885e-05
leaf_weight=160170 136748 32432 717951 160782 224 3589 749758 292681 207804 206117 2813
leaf_count=160170 136748 32432 717951 160782 224 3589 749758 292681 207804 206117 2813
internal_value=1.47868e-08 -1.98342e-05 3.25992e-06 -9.47391e-06 5.32987e-06 9.75945e-05 5.01879e-06 9.01791e-06 1.70715e-05 -1.56801e-05 -1.33025e-05
internal_weight=2.67107e+06 375297 2.29577e+06 320952 1.97482e+06 6626 1.96819e+06 1.21844e+06 500485 342865 3037
internal_count=2671069 375297 2295772 320952 1974820 6626 1968194 1218436 500485 342865 3037
is_linear=0
shrinkage=0.00523217


Tree=227
num_leaves=12
num_cat=0
split_feature=6 7 22 22 6 8 12 22 23 15 8
split_gain=5.25055 2.73558 2.46158 2.28988 2.28802 1.7996 1.57479 1.46893 1.32628 1.32407 1.6572
threshold=-0.70294305682182301 0.59414795041084301 0.14046356827020648 -1.6494436860084531 -3.6667821407318111 -0.58881214261054982 0.39915086328983312 -1.8086421489715574 -0.036133451387286179 -0.087978344410657869 1.9836586117744448
decision_type=2 8 8 10 2 8 10 10 10 2 8
left_child=2 5 4 -3 -1 -2 9 -6 -9 10 -5
right_child=1 3 -4 6 7 -7 -8 8 -10 -11 -12
leaf_value=-9.2243167392637394e-05 -3.0848673519378473e-06 -5.6508025623060933e-05 -5.0505011798363431e-07 -1.7773684795229912e-05 -0.0001118465907684629 9.5394342674391235e-06 7.0364722812665232e-06 -3.6443781661655775e-05 -1.1353402960690084e-05 -7.8912430170140167e-07 -9.4891883642827255e-05
leaf_weight=13936 407704 24237 152358 170830 5027 1277252 202989 96541 143598 168831 7990
leaf_count=13936 407704 24237 152358 170830 5027 1277252 202989 96541 143598 168831 7990
internal_value=-8.18172e-09 3.12156e-06 -1.71993e-05 -6.73317e-06 -2.70128e-05 6.48429e-06 -4.5407e-06 -2.33012e-05 -2.14437e-05 -1.13028e-05 -2.12246e-05
internal_weight=2.67129e+06 2.25983e+06 411460 574877 259102 1.68496e+06 550640 245166 240139 347651 178820
internal_count=2671293 2259833 411460 574877 259102 1684956 550640 245166 240139 347651 178820
is_linear=0
shrinkage=0.00523217


Tree=228
num_leaves=12
num_cat=0
split_feature=0 0 22 0 22 20 16 8 1 1 22
split_gain=10.9383 3.63721 2.1606 2.79784 2.12471 1.58624 1.53733 1.50048 3.28801 1.42116 1.34704
threshold=-2.9707015752792354 0.31527259945869451 0.14046356827020648 -1.0459859371185301 -0.24403611570596692 -0.80342465639114369 -0.20052303373813626 -0.6968875229358672 -2.3306863307952876 -0.26486235857009882 -1.7137829661369322
decision_type=2 2 8 2 8 10 2 10 2 2 10
left_child=4 2 3 10 -1 9 -6 -5 -9 -3 -2
right_child=1 5 -4 7 6 -7 -8 8 -10 -11 -12
leaf_value=-0.00011114839362802137 -0.00013872908636556382 3.6550952013213527e-06 4.5674904450758677e-06 -1.6218806775783498e-05 -7.4020089589366307e-05 1.2407517598065091e-05 -9.100735883000519e-06 0.00035828630871172212 -1.2485305688079995e-06 -2.5449490229974375e-05 -3.1043060285882427e-05
leaf_weight=21191 3289 290126 520792 249238 23627 827245 17349 696 563614 54563 99518
leaf_count=21191 3289 290126 520792 249238 23627 827245 17349 696 563614 54563 99518
internal_value=2.30708e-09 1.63694e-06 -3.94126e-06 -8.77791e-06 -6.85872e-05 8.47819e-06 -4.65543e-05 -5.52672e-06 -8.0292e-07 -9.49795e-07 -3.44975e-05
internal_weight=2.67125e+06 2.60908e+06 1.43715e+06 916355 62167 1.17193e+06 40976 813548 564310 344689 102807
internal_count=2671248 2609081 1437147 916355 62167 1171934 40976 813548 564310 344689 102807
is_linear=0
shrinkage=0.00523217


Tree=229
num_leaves=12
num_cat=0
split_feature=6 7 6 10 23 2 6 3 12 3 16
split_gain=5.19911 2.77377 1.93949 1.77745 2.58818 3.02958 12.2135 1.74494 1.72903 1.40172 1.62449
threshold=-0.70294305682182301 0.59414795041084301 -3.6667821407318111 0.86300581693649303 inf 1.5998455286026003 -0.045240852981805794 -0.97483772039413441 0.39915086328983312 -0.26524187624454493 -0.25567522644996638
decision_type=2 8 2 8 8 10 2 10 10 8 2
left_child=2 3 7 4 9 -6 -7 -1 -3 -2 -11
right_child=1 8 -4 -5 5 6 -8 -9 -10 10 -12
leaf_value=-9.8044540381804257e-05 -1.8387217302607137e-06 -1.3642537114871948e-05 -1.4366797458661546e-05 -6.9325399435831397e-06 0.00030366154358191287 0 0.0068282022126382718 1.2542164530393259e-06 5.2045404205329739e-06 1.8654435179121062e-05 6.080435510435129e-06
leaf_weight=14577 283009 364977 389773 230962 167 24 8.9999999999999982 7232 209804 470474 700148
leaf_count=14577 283009 364977 389773 230962 167 24 9 7232 209804 470474 700148
internal_value=4.68441e-08 3.16253e-06 -1.70562e-05 6.54873e-06 8.69098e-06 0.000602159 0.00202651 -6.50813e-05 -6.76167e-06 8.60829e-06 1.11346e-05
internal_weight=2.67116e+06 2.25957e+06 411582 1.68479e+06 1.45383e+06 200 33 21809 574781 1.45363e+06 1.17062e+06
internal_count=2671156 2259574 411582 1684793 1453831 200 33 21809 574781 1453631 1170622
is_linear=0
shrinkage=0.00523217


Tree=230
num_leaves=12
num_cat=0
split_feature=3 11 22 8 15 7 16 15 11 14 23
split_gain=4.08899 4.76159 4.00887 2.95971 2.51968 2.26027 1.75953 3.60694 3.10166 1.95827 1.6778
threshold=-1.0071256160736082 -0.86895382404327381 -1.1425130963325498 -2.0727592706680293 -0.87648198008537281 1.2645485401153567 -0.05369449965655803 -0.087978344410657869 0.20829644799232486 -2.2055832147598262 inf
decision_type=8 8 10 10 2 8 2 2 10 2 8
left_child=3 2 -2 6 -4 -3 7 -1 -9 -10 -5
right_child=1 5 4 10 -6 -7 -8 8 9 -11 -12
leaf_value=-3.3892658291737724e-05 -6.9273285984627024e-05 7.1347009967156186e-06 -3.8656502594214243e-05 -2.0009503525920751e-05 -2.1704578795268134e-06 -1.8280976989234862e-05 3.2457296857714643e-05 -4.4412165413034086e-06 0.0007752793184024018 0.00030145039778825338 0.00010492181380235287
leaf_weight=1061 33558 1847919 64307 344754 267012 101010 7044 419 471 504 2965
leaf_count=1061 33558 1847919 64307 344754 267012 101010 7044 419 471 504 2965
internal_value=2.5136e-08 2.56907e-06 -1.47771e-05 -1.64504e-05 -9.25471e-06 5.81702e-06 7.46471e-05 0.000195299 0.000370198 0.000531831 -1.89416e-05
internal_weight=2.67102e+06 2.31381e+06 364877 357218 331319 1.94893e+06 9499 2455 1394 975 347719
internal_count=2671024 2313806 364877 357218 331319 1948929 9499 2455 1394 975 347719
is_linear=0
shrinkage=0.00523217


Tree=231
num_leaves=12
num_cat=0
split_feature=1 9 5 11 19 5 11 23 5 21 6
split_gain=7.93922 2.83376 1.78034 1.53471 1.47912 3.58166 3.28087 1.2429 1.19884 1.14783 0.995392
threshold=1.5674355030059817 0.20413617044687274 1.3579029440879824 -0.89958983659744252 inf inf 0.73603066802024852 2.6356443166732793 1.1105189323425295 0.52419051527977001 0.073502786457538619
decision_type=2 10 10 8 8 8 10 8 10 2 2
left_child=1 3 -2 -1 5 7 -7 -5 -3 10 -6
right_child=2 8 -4 4 9 6 -8 -9 -10 -11 -12
leaf_value=-7.5151704245637766e-06 -2.5192977342326747e-05 -5.7642704068334495e-06 -6.4552390998968582e-05 7.1945578510097369e-06 -3.8229690542410813e-05 1.485336332030424e-05 0.00030498581822523526 -1.9339294026055845e-05 -2.8917905446558169e-05 0.00088809113273589208 -0.00019315610616693643
leaf_weight=240385 111654 403595 43877 1740045 3701 2172 2108 49692 72203 32 1649
leaf_count=240385 111654 403595 43877 1740045 3701 2172 2108 49692 72203 32 1649
internal_value=-2.47753e-08 2.21785e-06 -3.63023e-05 4.90014e-06 6.55917e-06 6.81943e-06 0.000157983 6.45739e-06 -9.27962e-06 -8.00284e-05 -8.6164e-05
internal_weight=2.67111e+06 2.51558e+06 155531 2.03978e+06 1.7994e+06 1.79402e+06 4280 1.78974e+06 475798 5382 5350
internal_count=2671113 2515582 155531 2039784 1799399 1794017 4280 1789737 475798 5382 5350
is_linear=0
shrinkage=0.00523217


Tree=232
num_leaves=12
num_cat=0
split_feature=9 5 3 5 19 23 8 6 12 8 8
split_gain=6.04275 2.66332 2.41409 2.9121 2.82611 1.99225 1.61611 1.49343 1.41055 1.32003 1.14533
threshold=0.35016092658042913 1.1737715005874636 -0.45360761880874628 inf 3.9810845851898198 inf -0.75976663827896107 -3.6667821407318111 -0.16048545390367505 0.8100184202194215 -2.0727592706680293
decision_type=10 8 8 8 8 8 8 2 10 10 8
left_child=2 -2 3 7 8 6 -4 -1 9 -5 -9
right_child=1 -3 5 4 -6 -7 -8 10 -10 -11 -12
leaf_value=-8.076538188408954e-05 -1.2630325465193278e-05 -4.7842433892316797e-05 -3.393053142476494e-06 0.0001383584032239897 -3.6572422626206304e-05 -0.00011999474797986299 8.7698686510280762e-06 7.2420709195559186e-05 0.0013519811491297356 0.00041888575120115686 -8.2695926696986319e-06
leaf_weight=7730 302239 73046 378733 3813 2622 3429 1420098 4862 27 526 474087
leaf_count=7730 302239 73046 378733 3813 2622 3429 1420098 4862 27 526 474087
internal_value=-2.15446e-08 -1.94863e-05 3.15977e-06 -7.09061e-06 9.89417e-05 5.96795e-06 6.20859e-06 -8.61497e-06 0.000180496 0.000172656 -7.44862e-06
internal_weight=2.67121e+06 375285 2.29593e+06 493667 6988 1.80226e+06 1.79883e+06 486679 4366 4339 478949
internal_count=2671212 375285 2295927 493667 6988 1802260 1798831 486679 4366 4339 478949
is_linear=0
shrinkage=0.00523217


Tree=233
num_leaves=12
num_cat=0
split_feature=1 22 2 22 11 2 15 22 23 18 11
split_gain=7.83011 3.17123 2.89814 2.30339 2.61204 1.78998 1.69615 1.67089 1.66283 1.60212 1.49548
threshold=1.3962472081184389 -0.25545366108417505 -0.45170311629772181 -1.2126677632331846 -0.79661205410957325 1.9195818305015566 1.6046285033226015 -1.7137829661369322 inf -2.1090607643127437 1.0929296612739565
decision_type=2 8 8 10 8 8 2 10 8 10 10
left_child=2 7 6 4 -4 8 -1 -2 9 -5 -10
right_child=1 -3 3 5 -6 -7 -8 -9 10 -11 -12
leaf_value=9.3799724541243497e-06 -0.00016592515420285592 -1.6349243527785511e-05 -7.8325964208516164e-05 6.0977278157753411e-05 -1.2323590696669191e-05 -3.6126569681498494e-05 4.3957080341645642e-05 -5.3530830931863549e-05 3.4338113591639799e-05 6.4558610356792405e-07 0.00028679845875813109
leaf_weight=687714 3840 136961 19852 12142 95061 35706 41178 65660 1711 1570221 1036
leaf_count=687714 3840 136961 19852 12142 95061 35706 41178 65660 1711 1570221 1036
internal_value=-1.34339e-08 -3.09649e-05 2.57905e-06 -1.09722e-06 -2.37336e-05 5.07186e-07 1.13345e-05 -5.97551e-05 1.33293e-06 1.10908e-06 0.000129925
internal_weight=2.67108e+06 206461 2.46462e+06 1.73573e+06 114913 1.62082e+06 728892 69500 1.58511e+06 1.58236e+06 2747
internal_count=2671082 206461 2464621 1735729 114913 1620816 728892 69500 1585110 1582363 2747
is_linear=0
shrinkage=0.00523217


Tree=234
num_leaves=12
num_cat=0
split_feature=5 11 3 5 17 10 18 4 18 11 20
split_gain=4.29821 2.95301 2.19745 2.72468 2.13062 8.01755 1.80437 1.79014 1.66111 1.33257 1.26313
threshold=1.1737715005874636 -0.90943422913551319 -1.0728502273559568 1.1737715005874636 -2.2249805927276607 -1.6876858472824094 2.1534955501556401 -0.84921774268150318 -2.1090607643127437 0.89736339449882518 -0.80342465639114369
decision_type=10 8 8 8 2 8 8 8 10 10 10
left_child=1 -1 3 -3 5 -5 8 -2 -4 -6 -10
right_child=7 2 6 4 9 -7 -8 -9 10 -11 -12
leaf_value=-1.2843538886171587e-05 -3.9438929696747387e-05 -1.3140220774556764e-05 6.0913578091954051e-05 0.0045245717784992796 1.4668830816308419e-05 0.00013868888324048261 -4.8165160617760639e-05 -1.0769085591580318e-05 -1.4219461262252141e-06 0.00017652496332912288 8.9390978283988363e-06
leaf_weight=306863 83434 233180 15506 12.999999999999998 2976 61 16381 209348 419957 2636 1380677
leaf_count=306863 83434 233180 15506 13 2976 61 16381 209348 419957 2636 1380677
internal_value=-2.51461e-08 2.30334e-06 4.54765e-06 -1.03775e-05 0.000102758 0.000978885 6.49357e-06 -1.8942e-05 6.98704e-06 9.08582e-05 6.52217e-06
internal_weight=2.67103e+06 2.37825e+06 2.07139e+06 238866 5686 74 1.83252e+06 292782 1.81614e+06 5612 1.80063e+06
internal_count=2671032 2378250 2071387 238866 5686 74 1832521 292782 1816140 5612 1800634
is_linear=0
shrinkage=0.00523217


Tree=235
num_leaves=12
num_cat=0
split_feature=1 22 9 22 7 18 1 20 18 14 22
split_gain=7.65996 3.19453 2.36475 2.32422 1.89058 1.77012 1.70579 1.69608 2.2999 3.32486 1.54281
threshold=1.226970434188843 0.11386564001441003 0.18551159650087359 -1.7137829661369322 0.7662540376186372 -2.1090607643127437 2.2527654170989995 3.1645727157592778 2.8698217868804936 -0.48919464647769922 -1.9833674430847166
decision_type=2 8 8 10 8 8 2 10 10 2 10
left_child=2 3 5 -2 -3 -1 -5 10 -9 -10 -7
right_child=1 4 -4 6 -6 7 -8 8 9 -11 -12
leaf_value=6.1308877601563716e-05 -0.00015460216965896629 7.9442821604988338e-06 -7.5511119168890822e-06 -3.1363280059055419e-05 -3.6006315721238826e-05 -3.2208015935557189e-05 -8.2516630907068038e-05 4.797438829063797e-05 6.5371699534904186e-05 0.00077406888263994989 5.3317495900515401e-06
leaf_weight=15477 4915 81578 466180 122383 39884 30450 20925 11415 465 299 1877263
leaf_count=15477 4915 81578 466180 122383 39884 30450 20925 11415 465 299 1877263
internal_value=5.75021e-08 -2.63818e-05 3.02689e-06 -4.26839e-05 -6.4812e-06 5.57527e-06 -3.88386e-05 5.12552e-06 6.66761e-05 0.000344545 4.73212e-06
internal_weight=2.67123e+06 269685 2.40155e+06 148223 121462 1.93537e+06 143308 1.91989e+06 12179 764 1.90771e+06
internal_count=2671234 269685 2401549 148223 121462 1935369 143308 1919892 12179 764 1907713
is_linear=0
shrinkage=0.00523217


Tree=236
num_leaves=12
num_cat=0
split_feature=1 11 3 5 5 11 3 3 16 16 13
split_gain=7.61944 2.32514 2.23363 2.01949 1.97876 3.16812 2.89999 1.76022 1.73639 1.69318 1.6677
threshold=1.5674355030059817 -0.89958983659744252 -0.52237418293952931 inf inf 0.89736339449882518 -2.9485645294189449 -2.6717535257339473 -0.20052303373813626 -0.033904301002621644 0.39026442170143133
decision_type=2 8 8 8 8 10 10 8 2 2 10
left_child=1 -1 4 10 -3 -6 -7 9 -9 -2 -4
right_child=7 2 3 -5 5 6 -8 8 -10 -11 -12
leaf_value=-1.1245271285862815e-05 -0.00014979695737946965 -7.6756600888140648e-06 1.0407932183855447e-05 -0.0001233754631007536 9.18667240759938e-07 -6.0288238026263118e-05 0.00032118323382598077 -4.4806459186567741e-05 -7.2130029479391325e-06 -3.8933919046564724e-05 -6.8166525156132261e-07
leaf_weight=310442 6883 451611 1206062 3257 5450 742 2022 84073 56158 8400 536127
leaf_count=310442 6883 451611 1206062 3257 5450 742 2022 84073 56158 8400 536127
internal_value=-3.62079e-08 2.16056e-06 4.0481e-06 6.75104e-06 -6.21018e-06 7.42546e-05 0.000218504 -3.55777e-05 -2.97574e-05 -8.89235e-05 6.99485e-06
internal_weight=2.67123e+06 2.51571e+06 2.20527e+06 1.74545e+06 459825 8214 2764 155514 140231 15283 1.74219e+06
internal_count=2671227 2515713 2205271 1745446 459825 8214 2764 155514 140231 15283 1742189
is_linear=0
shrinkage=0.00523217


Tree=237
num_leaves=12
num_cat=0
split_feature=1 1 8 5 16 15 20 1 7 20 4
split_gain=7.59 2.31396 1.78789 2.57496 2.23519 12.7035 7.0082 2.13284 1.83291 1.99312 2.0273
threshold=1.2783576846122744 2.067751526832581 -0.87516042590141285 inf -0.039669290184974663 -0.0091774598695337755 2.9596308469772343 -2.3306863307952876 0.49170890450477606 -0.51709809899330128 0.4260945469141007
decision_type=2 2 10 8 2 2 10 2 8 10 10
left_child=2 -2 -1 8 -5 6 -6 -7 9 -4 -11
right_child=1 -3 3 4 5 7 -8 -9 -10 10 -12
leaf_value=-6.5007758617634681e-06 -1.8320791484725651e-05 -5.5243600586878433e-05 -1.0863675494783584e-07 4.2893267246470617e-05 0.001119319215325768 0.00058739069269290946 0.0060991919723598007 -3.1397549049149066e-05 -3.4273700564560474e-06 5.5048590747232196e-06 2.1285662304632362e-05
leaf_weight=455684 187072 61878 531076 818 17 307 14.999999999999998 297 534590 490853 408450
leaf_count=455684 187072 61878 531076 818 17 307 15 297 534590 490853 408450
internal_value=8.71551e-09 -2.75016e-05 2.83664e-06 5.00083e-06 0.000225026 0.000457503 0.00361195 0.000282325 4.83748e-06 7.92694e-06 1.26732e-05
internal_weight=2.67106e+06 248950 2.42211e+06 1.96642e+06 1454 636 32 604 1.96497e+06 1.43038e+06 899303
internal_count=2671057 248950 2422107 1966423 1454 636 32 604 1964969 1430379 899303
is_linear=0
shrinkage=0.00523217


Tree=238
num_leaves=12
num_cat=0
split_feature=9 5 20 11 11 5 13 6 13 20 4
split_gain=5.95409 2.50179 2.17136 2.48202 2.04392 1.87368 6.19232 13.0995 1.80965 2.03632 2.59972
threshold=0.36206103861331945 1.1737715005874636 4.0456516742706308 0.75632205605506908 -0.86895382404327381 -0.070621233433485017 1.6415028572082522 0.025145482271909717 0.33551347255706793 -0.21302888542413709 0.41345734894275671
decision_type=10 8 10 10 8 10 10 2 8 10 10
left_child=2 -2 4 -4 -1 6 -5 -8 9 -6 -11
right_child=1 -3 3 5 8 -7 7 -9 -10 10 -12
leaf_value=-9.3442187412197961e-06 -1.2845249701317438e-05 -4.7381993915210055e-05 -1.1997565752332659e-05 0.00011856989906293766 3.1070177458167892e-06 0.00016375421105116375 0.00070185332981235278 0.0073202888843160122 -1.6773983282384291e-06 6.805054835872278e-06 3.0759536043543166e-05
leaf_weight=322677 293223 71440 3060 122 734412 3446 33 9.9999999999999982 730965 300284 211437
leaf_count=322677 293223 71440 3060 122 734412 3446 33 10 730965 300284 211437
internal_value=3.18933e-08 -1.96136e-05 3.13832e-06 9.73927e-05 2.86451e-06 0.000190287 0.000734485 0.00241386 4.85748e-06 8.69139e-06 1.67044e-05
internal_weight=2.67111e+06 364663 2.30645e+06 6671 2.29978e+06 3611 165 43 1.9771e+06 1.24613e+06 511721
internal_count=2671109 364663 2306446 6671 2299775 3611 165 43 1977098 1246133 511721
is_linear=0
shrinkage=0.00523217


Tree=239
num_leaves=12
num_cat=0
split_feature=1 9 16 11 15 11 7 23 11 21 13
split_gain=7.39129 2.68872 1.72906 2.12502 1.50273 2.15641 1.43079 2.37544 4.20762 1.40313 1.81815
threshold=1.5674355030059817 0.20413617044687274 -0.20052303373813626 1.6065768599510195 -1.0292619466781614 -0.813860923051834 inf inf 0.73603066802024852 -2.0947774648666377 -1.1865702271461485
decision_type=2 10 2 10 2 10 8 8 10 2 10
left_child=1 4 3 -2 5 -1 7 -6 -9 10 -4
right_child=2 -3 9 -5 6 -7 -8 8 -10 -11 -12
leaf_value=-4.6949209276892718e-05 -4.6054938810941885e-05 -8.9797757771840981e-06 0.00050681010950906307 -0.00021055216369748718 6.1040736866756818e-06 -6.5715576126290862e-07 -8.586898966350845e-05 -4.1392341800777254e-06 0.00029822521947208661 -1.8132653585971221e-05 3.8908322987053743e-05
leaf_weight=34536 86062 475871 311 2207 1859034 136301 4608 3114 2109 66122 854
leaf_count=34536 86062 475871 311 2207 1859034 136301 4608 3114 2109 66122 854
internal_value=5.38874e-08 2.2185e-06 -3.49458e-05 -5.01797e-05 4.83151e-06 -1.00204e-05 6.18959e-06 6.41762e-06 0.000117839 -1.4949e-05 0.000164892
internal_weight=2.67113e+06 2.51557e+06 155556 88269 2.0397e+06 170837 1.86886e+06 1.86426e+06 5223 67287 1165
internal_count=2671129 2515573 155556 88269 2039702 170837 1868865 1864257 5223 67287 1165
is_linear=0
shrinkage=0.00523217


Tree=240
num_leaves=12
num_cat=0
split_feature=0 0 0 22 21 7 9 22 16 7 8
split_gain=10.4521 3.49451 2.2944 2.01785 1.94069 2.19792 15.1771 1.77327 1.57067 1.54282 1.69928
threshold=-2.9707015752792354 0.55012133717536937 -1.0951598286628721 -0.24403611570596692 -2.2787501811981197 1.9798831939697268 -1.4019325971603391 0.15475148707628253 -0.20052303373813626 0.63491910696029674 -0.63414832949638356
decision_type=2 2 2 8 2 10 8 8 2 8 8
left_child=3 2 4 -1 5 -2 -7 -6 -5 10 -4
right_child=1 -3 9 8 7 6 -8 -9 -10 -11 -12
leaf_value=-0.00010847724409852393 0.00010843776944537282 1.1944123058529505e-05 -7.068325297105378e-06 -7.3292550215810429e-05 -3.6583224871643643e-05 0.0049767156150588125 -3.9633642961974066e-05 -2.1454762903487711e-06 -7.6654553414714342e-06 -8.0590708568442248e-06 6.5209027642603872e-06
leaf_weight=21196 1463 669889 344619 23621 96890 19 89 70964 17343 489292 935998
leaf_count=21196 1463 669889 344619 23621 96890 19 89 70964 17343 489292 935998
internal_value=4.37069e-08 1.64143e-06 -1.91694e-06 -6.7008e-05 -2.0311e-05 0.000162601 0.000879839 -2.20288e-05 -4.55285e-05 -1.55701e-07 2.86336e-06
internal_weight=2.67138e+06 2.60922e+06 1.93933e+06 62160 169425 1571 108 167854 40964 1.76991e+06 1.28062e+06
internal_count=2671383 2609223 1939334 62160 169425 1571 108 167854 40964 1769909 1280617
is_linear=0
shrinkage=0.00523217


Tree=241
num_leaves=12
num_cat=0
split_feature=9 22 11 22 16 6 13 18 18 19 23
split_gain=5.72121 2.77855 2.0614 2.47749 1.85553 1.82565 1.66312 1.20976 1.47615 1.15894 3.82963
threshold=0.36206103861331945 -0.25545366108417505 -0.86895382404327381 -1.2493496537208555 -0.31147064268589014 -1.0850223302841184 0.31278547644615179 -0.73692360520362843 -2.1090607643127437 inf inf
decision_type=10 8 8 10 2 2 8 10 10 8 8
left_child=2 5 3 -1 -5 -2 7 8 -4 10 -8
right_child=1 -3 6 4 -6 -7 9 -9 -10 -11 -12
leaf_value=-6.1080657418924371e-05 -7.1430018975734055e-05 -8.4363484104532745e-06 5.7129514929536512e-05 -1.9988822515337607e-05 6.2752691491981114e-06 -2.6944978418561284e-05 -1.4108569994810223e-06 1.2062903958276536e-05 -1.5077134582056188e-06 -8.1015329951452983e-05 0.00016093055816198372
leaf_weight=23406 34180 233326 12177 130612 168752 97187 748940 877317 336411 4931 3998
leaf_count=23406 34180 233326 12177 130612 168752 97187 748940 877317 336411 4931 3998
internal_value=-2.01436e-08 -1.92773e-05 3.02432e-06 -9.23737e-06 -5.18106e-06 -3.85261e-05 5.01976e-06 8.78658e-06 5.38506e-07 -1.07227e-06 -5.47528e-07
internal_weight=2.67124e+06 364693 2.30654e+06 322770 299364 131367 1.98377e+06 1.2259e+06 348588 757869 752938
internal_count=2671237 364693 2306544 322770 299364 131367 1983774 1225905 348588 757869 752938
is_linear=0
shrinkage=0.00523217


Tree=242
num_leaves=12
num_cat=0
split_feature=1 2 5 16 2 5 16 16 3 24 3
split_gain=7.3146 2.66438 2.61212 1.72397 1.66297 2.68788 1.94984 1.95046 1.50802 1.32183 2.32121
threshold=1.226970434188843 -0.068967439234256731 1.3579029440879824 -0.17635739594697949 1.9195818305015566 inf -0.073228619992732988 -0.05369449965655803 -2.0158718824386592 0.1386554762721062 -0.21595221012830731
decision_type=2 8 10 2 8 8 2 2 8 8 8
left_child=1 -1 3 8 5 9 -7 -8 -2 10 -3
right_child=2 4 -4 -5 -6 6 7 -9 -10 -11 -12
leaf_value=9.1807985410743974e-06 -0.00010228970637357741 -7.0652041239498462e-06 -5.4248663929073475e-05 9.7158438588672888e-07 -3.5469649977920941e-05 -0.00015496805199444378 0.00049709185991087315 0.0001372153566465176 -2.4851512579710264e-05 -7.606921236954094e-06 1.1091800431752999e-05
leaf_weight=1043727 7362 345244 66732 87683 39313 422 564 1570 107816 534497 436295
leaf_count=1043727 7362 345244 66732 87683 39313 422 564 1570 107816 534497 436295
internal_value=-5.78069e-09 2.89476e-06 -2.58477e-05 -1.65009e-05 -1.93629e-06 -9.35878e-07 0.000168528 0.000232927 -2.98092e-05 -1.26577e-06 3.06994e-06
internal_weight=2.67122e+06 2.40163e+06 269593 202861 1.3579e+06 1.31859e+06 2556 2134 115178 1.31604e+06 781539
internal_count=2671225 2401632 269593 202861 1357905 1318592 2556 2134 115178 1316036 781539
is_linear=0
shrinkage=0.00523217


Tree=243
num_leaves=12
num_cat=0
split_feature=0 0 7 3 1 3 1 1 5 15 13
split_gain=10.2432 3.41492 2.23064 1.47724 1.41938 1.41031 1.34262 1.27594 1.22132 2.37842 1.06352
threshold=-2.9707015752792354 0.48711182177066809 0.60439798235893261 -0.65833011269569386 -0.12257806584239005 -2.6717535257339473 1.364724934101105 1.5674355030059817 inf 0.078658685088157668 -2.3211027383804317
decision_type=2 2 8 8 2 8 2 2 8 2 10
left_child=5 2 3 8 -3 -1 -7 10 -2 -10 -4
right_child=1 4 7 -5 -6 6 -8 -9 9 -11 -12
leaf_value=-0.00013721689151659542 -1.3323050315742904e-05 1.2358326466646821e-05 -7.1770492609774517e-05 3.8576398493663004e-06 -1.7636490782265476e-05 -0.00013995376525179301 -4.9442487242360742e-05 -3.7370218297571903e-05 7.4505185707938277e-05 0.00084234592514033119 -7.7891807572687579e-06
leaf_weight=6853 183954 751701 7217 1071421 45799 4938 50394 46396 1300 120 500928
leaf_count=6853 183954 751701 7217 1071421 45799 4938 50394 46396 1300 120 500928
internal_value=3.07621e-08 1.61298e-06 -2.35871e-06 1.49757e-06 1.06347e-05 -6.63336e-05 -5.75373e-05 -1.10999e-05 -1.21387e-05 0.000140605 -8.69963e-06
internal_weight=2.67102e+06 2.60884e+06 1.81134e+06 1.2568e+06 797500 62185 55332 554541 185374 1420 508145
internal_count=2671021 2608836 1811336 1256795 797500 62185 55332 554541 185374 1420 508145
is_linear=0
shrinkage=0.00523217


Tree=244
num_leaves=12
num_cat=0
split_feature=1 3 18 5 10 20 24 1 10 3 20
split_gain=7.15483 2.16017 2.43706 2.04668 2.18002 2.18761 3.64079 1.92325 1.80104 1.70251 1.51491
threshold=1.5674355030059817 -0.59544420242309559 2.4283109903335576 inf -0.59933307766914357 3.4771887063980107 -0.87946635484695423 -1.8654117584228513 0.98681694269180309 -2.6717535257339473 -0.84651517868041981
decision_type=2 8 8 8 8 10 10 2 8 8 10
left_child=1 3 8 -1 5 -5 -7 -6 10 -2 -3
right_child=9 2 -4 4 7 6 -8 -9 -10 -11 -12
leaf_value=-9.5297963098375206e-06 -8.6943589312996742e-05 -3.2859987390066201e-06 -8.3699654777786162e-05 0.00021637762073306902 2.7946055435663573e-05 0.0027267273808115632 0.00049880056073775601 0.00042015634631399683 -7.9513047646850738e-06 -2.8754582645465962e-05 9.0207508097794404e-06
leaf_weight=458486 15283 338143 8556 611 7090 25 96 359 264732 140185 1437480
leaf_count=458486 15283 338143 8556 611 7090 25 96 359 264732 140185 1437480
internal_value=-3.43315e-08 2.09421e-06 4.40839e-06 -8.06449e-06 7.39465e-05 0.000346346 0.000987615 4.70199e-05 4.7783e-06 -3.44805e-05 6.67665e-06
internal_weight=2.67105e+06 2.51558e+06 2.04891e+06 466667 8181 732 121 7449 2.04036e+06 155468 1.77562e+06
internal_count=2671046 2515578 2048911 466667 8181 732 121 7449 2040355 155468 1775623
is_linear=0
shrinkage=0.00523217


Tree=245
num_leaves=12
num_cat=0
split_feature=6 7 22 22 6 20 10 22 13 5 17
split_gain=4.68061 2.50384 2.31378 2.18494 2.10313 1.85425 2.85089 1.39718 1.31415 1.21769 2.74189
threshold=-0.70294305682182301 0.59414795041084301 0.14046356827020648 -1.6494436860084531 -3.6667821407318111 -0.51709809899330128 0.60430067777633678 -1.8086421489715574 -2.3211027383804317 inf -2.3578816652297969
decision_type=2 8 8 10 2 10 10 10 10 8 2
left_child=2 5 4 -3 -1 -2 -7 -6 -5 -10 -11
right_child=1 3 -4 8 7 6 -8 -9 9 10 -12
leaf_value=-8.8274851536040549e-05 -6.6605075880370071e-07 -5.4985762649006897e-05 1.0705007705260131e-08 -7.4211627730880254e-05 -0.00010845838090863101 1.5301588563546998e-05 -5.4746317054201099e-06 -2.0308333299875075e-05 -3.9770218868553535e-06 0.0016371466547649941 7.75160010673171e-05
leaf_weight=13911 651822 24273 152414 7255 5029 799427 233583 240156 539610 30 3708
leaf_count=13911 651822 24273 152414 7255 5029 799427 233583 240156 539610 30 3708
internal_value=6.94987e-08 3.02538e-06 -1.616e-05 -6.40259e-06 -2.56755e-05 6.24274e-06 1.06029e-05 -2.21202e-05 -4.25926e-06 -3.32359e-06 9.07615e-05
internal_weight=2.67122e+06 2.25971e+06 411510 574876 259096 1.68483e+06 1.03301e+06 245185 550603 543348 3738
internal_count=2671218 2259708 411510 574876 259096 1684832 1033010 245185 550603 543348 3738
is_linear=0
shrinkage=0.00523217


Tree=246
num_leaves=12
num_cat=0
split_feature=0 2 0 21 20 19 19 15 0 15 20
split_gain=9.96494 3.47035 3.02261 1.94049 3.05239 2.3118 1.84158 2.29557 1.66323 1.45104 6.83826
threshold=-2.9707015752792354 -0.45170311629772181 -0.45035584270954127 -2.1830325126647945 3.4771887063980107 2.2049134969711308 -0.53698402643203724 1.2541139721870425 0.72744932770729076 3.5451488494873051 0.57862454652786266
decision_type=2 8 2 2 10 10 10 2 2 2 10
left_child=-1 6 3 4 -3 -6 9 -8 -4 -2 -11
right_child=1 2 8 -5 5 -7 7 -9 -10 10 -12
leaf_value=-6.5445862666862594e-05 5.9920579082526754e-07 2.2369804437142485e-06 -1.5552364321854995e-06 -1.8581205278496249e-05 0.00064345861979245918 0.00015365088348806254 1.3954361418888002e-05 5.473009101419542e-05 1.3631400928531274e-05 0.00017326516427572982 0.0036686566838453234
leaf_weight=62196 299235 2765 1311620 308906 400 792 410916 41645 232393 309 14.999999999999998
leaf_count=62196 299235 2765 1311620 308906 400 792 410916 41645 232393 309 15
internal_value=5.08471e-09 1.56571e-06 -2.2744e-06 -1.71041e-05 9.79771e-05 0.000319164 1.10474e-05 1.77085e-05 7.30028e-07 9.81507e-07 0.000350306
internal_weight=2.67119e+06 2.609e+06 1.85688e+06 312863 3957 1192 752120 452561 1.54401e+06 299559 324
internal_count=2671192 2608996 1856876 312863 3957 1192 752120 452561 1544013 299559 324
is_linear=0
shrinkage=0.00523217


Tree=247
num_leaves=12
num_cat=0
split_feature=0 2 0 15 0 24 20 9 9 20 1
split_gain=9.81987 3.47657 2.38688 1.46331 1.3565 1.29255 2.0029 7.35225 1.1858 1.75317 1.25638
threshold=-2.9707015752792354 0.14543738216161731 -0.02802418731153011 2.6933304071426396 -4.6120386123657218 -0.045559279620647423 4.0456516742706308 0.1564096733927727 0.13593445718288424 1.5676684975624087 -2.6243940591812129
decision_type=2 8 2 2 2 8 10 10 10 10 2
left_child=4 3 -3 8 -1 6 -4 -8 9 -2 -11
right_child=1 2 5 -5 -6 -7 7 -9 -10 10 -12
leaf_value=-9.9703881861388699e-05 7.9749663334702689e-06 -1.4172506121476417e-05 6.8910875844187966e-06 5.514614398978537e-05 -4.7741110155745713e-05 -6.0463621028702071e-06 0.0022215720493921286 -2.6847838711111825e-05 -2.8830532997253695e-06 0.00030894465304339905 3.9971533551292273e-05
leaf_weight=20656 1002703 461292 416902 17359 41513 395597 51 165 274668 481 39718
leaf_count=20656 1002703 461292 416902 17359 41513 395597 51 165 274668 481 39718
internal_value=-3.27068e-08 1.51563e-06 -4.66656e-06 7.41627e-06 -6.50205e-05 7.27988e-07 7.15474e-06 0.000509532 6.78677e-06 9.33427e-06 4.32189e-05
internal_weight=2.6711e+06 2.60894e+06 1.27401e+06 1.33493e+06 62169 812715 417118 216 1.31757e+06 1.0429e+06 40199
internal_count=2671105 2608936 1274007 1334929 62169 812715 417118 216 1317570 1042902 40199
is_linear=0
shrinkage=0.00523217


Tree=248
num_leaves=12
num_cat=0
split_feature=2 5 24 12 18 12 2 5 14 14 24
split_gain=4.47524 3.48446 1.48938 1.45697 2.43966 1.36327 1.77507 1.18404 1.60015 6.46641 1.0861
threshold=0.14543738216161731 1.3184128999710085 -0.01782346703112125 -0.12557200342416761 -0.635941982269287 0.32456612586975103 -0.47927565872669214 inf -0.48919464647769922 -0.46451544761657709 0.68859344720840465
decision_type=8 10 8 10 10 10 8 8 2 2 8
left_child=5 2 -2 4 -4 6 7 10 -9 -10 -1
right_child=1 -3 3 -5 -6 -7 -8 8 9 -11 -12
leaf_value=1.3037594119477178e-05 1.4400755623743145e-06 -3.1565799353474207e-05 -6.240012270217905e-05 -4.3314908948412098e-06 -1.3161810722687866e-05 1.6201661888668505e-06 2.7099326555035404e-06 0.00010343456165612161 0.0047446226954260722 0.00040953675256976302 3.247371351799384e-05
leaf_weight=231866 641602 139867 34129 361857 143246 702045 296551 593 8.9999999999999982 143 119347
leaf_count=231866 641602 139867 34129 361857 143246 702045 296551 593 9 143 119347
internal_value=-2.28469e-08 -6.8715e-06 -3.94581e-06 -1.03557e-05 -2.26407e-05 6.67383e-06 1.21434e-05 2.00895e-05 0.000228393 0.000706093 1.96446e-05
internal_weight=2.67126e+06 1.3207e+06 1.18083e+06 539232 177375 1.35055e+06 648509 351958 745 152 351213
internal_count=2671255 1320701 1180834 539232 177375 1350554 648509 351958 745 152 351213
is_linear=0
shrinkage=0.00523217


Tree=249
num_leaves=12
num_cat=0
split_feature=0 0 10 5 16 0 3 16 3 7 1
split_gain=9.72987 3.30513 2.23629 2.33313 2.69671 12.2442 2.24971 1.75413 1.90583 1.73983 1.32343
threshold=-2.9707015752792354 0.53930494189262401 0.70362555980682384 inf -0.039669290184974663 0.019596530124545101 -2.0900694131851192 -0.18426529318094251 -1.599824786186218 0.6457161307334901 -0.11408114805817603
decision_type=2 2 8 8 2 2 8 2 8 10 2
left_child=7 2 3 6 -5 -6 -2 8 -1 -8 -3
right_child=1 10 -4 4 5 -7 9 -9 -10 -11 -12
leaf_value=-0.00017313827007002698 -3.1678205982244713e-05 1.2867544874810888e-05 -1.0689517608499956e-05 6.5921584550507474e-06 0.00030561983352682902 0.003601331584934901 6.1323017122436321e-06 -3.083569703655834e-05 -7.1029568638243318e-05 -8.4004205068807581e-06 -2.3779326909176531e-05
leaf_weight=5983 53731 663149 566916 605 463 32 1005104 25111 31094 290715 28105
leaf_count=5983 53731 663149 566916 605 463 32 1005104 25111 31094 290715 28105
internal_value=2.54052e-08 1.56752e-06 -1.968e-06 1.69214e-06 0.000242435 0.000528366 1.49511e-06 -6.46531e-05 -8.75332e-05 2.87128e-06 1.13764e-05
internal_weight=2.67101e+06 2.60882e+06 1.91757e+06 1.35065e+06 1100 495 1.34955e+06 62188 37077 1.29582e+06 691254
internal_count=2671008 2608820 1917566 1350650 1100 495 1349550 62188 37077 1295819 691254
is_linear=0
shrinkage=0.00523217


Tree=250
num_leaves=12
num_cat=0
split_feature=1 11 3 7 5 11 3 5 8 13 24
split_gain=6.93985 2.15225 2.119 1.89736 1.87334 3.11284 3.00189 1.66133 1.3326 1.29813 1.06126
threshold=1.5674355030059817 -0.89958983659744252 -0.52237418293952931 1.68023157119751 inf 0.89736339449882518 -2.9485645294189449 1.3579029440879824 -2.0727592706680293 0.39026442170143133 0.015510076191276314
decision_type=2 8 8 8 8 10 10 10 10 10 10
left_child=1 -1 4 9 -3 -6 -7 -2 -9 -4 -11
right_child=7 2 3 -5 5 6 -8 8 -10 10 -12
leaf_value=-1.0808152491884678e-05 -2.319279325534413e-05 -7.5119957165331229e-06 1.0135604816525149e-05 -4.329404295182763e-05 -2.4095283604107116e-07 -6.7677005898394169e-05 0.00031971213190326055 0.00010435133552573666 -6.6238491032835376e-05 8.888635984727581e-06 -6.1608213926417393e-06
leaf_weight=310431 111586 451611 1200533 20663 5451 746 2022 1287 42598 223904 300329
leaf_count=310431 111586 451611 1200533 20663 5451 746 2022 1287 42598 223904 300329
internal_value=-6.37436e-09 2.08987e-06 3.90588e-06 6.53858e-06 -6.08562e-06 7.21819e-05 0.000215033 -3.39308e-05 -6.12147e-05 7.13608e-06 2.65393e-07
internal_weight=2.67116e+06 2.51569e+06 2.20526e+06 1.74543e+06 459830 8219 2768 155471 43885 1.72477e+06 524233
internal_count=2671161 2515690 2205259 1745429 459830 8219 2768 155471 43885 1724766 524233
is_linear=0
shrinkage=0.00523217


Tree=251
num_leaves=12
num_cat=0
split_feature=9 22 20 11 7 22 5 9 6 6 4
split_gain=5.51067 2.9024 2.17155 2.56582 2.07425 2.56826 1.8567 6.36897 10.7629 1.79347 1.67343
threshold=0.35016092658042913 -0.25545366108417505 4.0456516742706308 0.75632205605506908 0.49170890450477606 -1.8086421489715574 -0.070621233433485017 -0.18585617095232007 0.025145482271909717 -1.0850223302841184 -1.909196615219116
decision_type=10 8 10 10 8 10 10 10 2 2 10
left_child=2 9 4 -4 -1 -6 7 -5 -9 -2 -3
right_child=1 10 3 6 5 -7 -8 8 -10 -11 -12
leaf_value=6.113161143853752e-06 -7.0274095739609639e-05 -8.3526820887819145e-05 -1.404196589348629e-05 4.3091608769270235e-05 -6.3657088821677109e-05 -2.997068432118673e-06 0.0001657517436583002 0.0007343553641173449 0.0061575862954791963 -2.6681732023339427e-05 -5.091812726668214e-06
leaf_weight=1592079 34852 7694 3037 115 19663 677242 3426 37 12.999999999999998 100365 232344
leaf_count=1592079 34852 7694 3037 115 19663 677242 3426 37 13 100365 232344
internal_value=5.29657e-08 -1.85352e-05 3.09186e-06 9.76558e-05 2.81764e-06 -4.70983e-06 0.000192319 0.000734007 0.00226973 -3.79241e-05 -7.60966e-06
internal_weight=2.67087e+06 375255 2.29561e+06 6628 2.28898e+06 696905 3591 165 50 135217 240038
internal_count=2670867 375255 2295612 6628 2288984 696905 3591 165 50 135217 240038
is_linear=0
shrinkage=0.00523217


Tree=252
num_leaves=12
num_cat=0
split_feature=9 2 20 13 20 15 2 16 2 17 20
split_gain=5.49857 2.98208 2.29922 2.00792 1.90739 1.6762 1.61624 1.45343 1.42994 1.51626 1.39079
threshold=0.36206103861331945 -0.61408442258834828 2.0423238277435307 0.25656341016292578 4.0456516742706308 -0.82171744108200062 2.0760914087295537 -1.10889196395874 2.4511311054229741 -1.9796295166015623 0.47795137763023382
decision_type=10 8 10 10 10 2 8 2 8 2 10
left_child=1 3 7 10 5 -3 -7 -2 9 -6 -1
right_child=2 4 -4 -5 8 6 -8 -9 -10 -11 -12
leaf_value=1.3911873085157861e-05 -4.9769203051931555e-05 -1.3201540399249559e-05 -6.1366992148887279e-05 -4.2756723884234798e-06 0.00039343594053489869 2.2027168467113556e-06 -3.5097610606966451e-05 -1.1382193054815387e-05 -9.5191681421085753e-05 9.8398289574440099e-05 3.6759924149892291e-05
leaf_weight=351228 29660 253184 31823 136613 541 1435229 32519 303188 893 4149 92139
leaf_count=351228 29660 253184 31823 136613 541 1435229 32519 303188 893 4149 92139
internal_value=7.79659e-09 2.99301e-06 -1.8871e-05 1.32577e-05 -4.54696e-07 -7.68426e-07 1.37573e-06 -1.48054e-05 9.60868e-05 0.000132693 1.8662e-05
internal_weight=2.67117e+06 2.3065e+06 364671 579980 1.72652e+06 1.72093e+06 1.46775e+06 332848 5583 4690 443367
internal_count=2671166 2306495 364671 579980 1726515 1720932 1467748 332848 5583 4690 443367
is_linear=0
shrinkage=0.00523217


Tree=253
num_leaves=12
num_cat=0
split_feature=9 3 7 6 12 6 12 7 16 4 7
split_gain=5.3902 2.1748 2.15226 2.1328 1.53712 1.43094 1.55006 1.37457 1.12788 1.14227 1.11915
threshold=0.35016092658042913 -0.45360761880874628 1.2878480553627016 -1.0850223302841184 0.16754918545484546 -3.6667821407318111 -0.55448961257934559 -1.3358408808708189 -0.27963982522487635 0.092947624623775496 1.1833962798118594
decision_type=10 8 8 2 10 2 10 8 2 10 8
left_child=1 5 -3 7 -4 -1 8 -2 -7 -10 -5
right_child=3 2 4 10 -6 6 -8 -9 9 -11 -12
leaf_value=-7.6965420938892405e-05 -0.00013964516295851504 6.9760183527939615e-06 -4.0764682572231502e-05 -7.2275488780294339e-06 3.3293067627733591e-06 -1.302516895952645e-05 -1.3042272959520118e-05 -3.6010448056924993e-05 5.5688392553464159e-06 4.0975214949361587e-05 -3.8588998908101516e-05
leaf_weight=7810 3652 1715349 45379 246444 41316 58301 296522 89430 97618 33539 35680
leaf_count=7810 3652 1715349 45379 246444 41316 58301 296522 89430 97618 33539 35680
internal_value=1.91926e-08 3.02425e-06 5.69018e-06 -1.83661e-05 -1.97419e-05 -6.7032e-06 -5.57221e-06 -4.00868e-05 6.11502e-06 1.46292e-05 -1.11968e-05
internal_weight=2.67104e+06 2.29583e+06 1.80204e+06 375206 86695 493790 485980 93082 189458 131157 282124
internal_count=2671040 2295834 1802044 375206 86695 493790 485980 93082 189458 131157 282124
is_linear=0
shrinkage=0.00523217


Tree=254
num_leaves=12
num_cat=0
split_feature=1 1 10 23 16 15 7 6 7 6 18
split_gain=6.77446 2.20258 1.6958 2.27258 2.61573 13.1355 5.29748 2.64831 1.60113 1.45543 1.33295
threshold=1.226970434188843 2.067751526832581 0.90249487757682811 inf -0.039669290184974663 -0.0091774598695337755 1.1461704373359682 -0.65755531191825856 0.54235857725143444 -0.77405205368995655 -2.1090607643127437
decision_type=2 2 8 8 2 2 8 2 10 2 10
left_child=2 -2 3 8 -5 6 -6 -7 10 -3 -1
right_child=1 9 -4 4 5 7 -8 -9 -10 -11 -12
leaf_value=5.8278996559515295e-05 -1.6702487500623762e-05 -7.0300218667820343e-05 -6.7036828508693473e-06 9.6384270209111272e-06 0.0072876544350078277 -0.00014679894931541232 0.0022022915435360464 0.0006228943835976746 -3.4002213827228532e-06 -1.6462763352931764e-05 6.9446852043208433e-06
leaf_weight=13983 207840 41131 423914 643 7.9999999999999991 207 21.000000000000004 292 500036 20713 1462449
leaf_count=13983 207840 41131 423914 643 8 207 21 292 500036 20713 1462449
internal_value=-1.11313e-11 -2.48649e-05 2.79188e-06 4.8277e-06 0.000235153 0.000507633 0.00386222 0.000302405 4.69069e-06 -5.22824e-05 7.43145e-06
internal_weight=2.67124e+06 269684 2.40155e+06 1.97764e+06 1171 528 29 499 1.97647e+06 61844 1.47643e+06
internal_count=2671237 269684 2401553 1977639 1171 528 29 499 1976468 61844 1476432
is_linear=0
shrinkage=0.00523217


Tree=255
num_leaves=12
num_cat=0
split_feature=0 0 10 7 18 1 1 19 7 10 19
split_gain=9.48047 3.2664 2.15595 1.98623 1.3569 1.32798 1.30517 1.12784 1.061 1.33853 1.85607
threshold=-2.9707015752792354 0.53930494189262401 0.70362555980682384 0.60439798235893261 1.5535102486610415 -0.11408114805817603 1.4607613682746889 -1.2470931410789488 -2.736079096794128 2.1022378206253056 1.3857352733612063
decision_type=2 2 8 10 10 2 2 10 10 8 10
left_child=4 2 3 -2 6 -3 -1 -6 -4 -10 -11
right_child=1 5 8 -5 7 -7 -8 -9 9 10 -12
leaf_value=-0.00012707726023452457 5.2902863694958963e-06 1.2771806251532e-05 -8.3200298524296282e-05 -9.3213875998765442e-06 0.00021124054729601359 -2.3939941666653639e-05 -4.2262394899965318e-05 -0.00012140022605624582 -1.1145071795410516e-05 -3.8840273853479628e-05 8.5542111194944083e-05
leaf_weight=5606 1010184 663149 5452 340509 283 28102 44436 11846 547347 5149 9033
leaf_count=5606 1010184 663149 5452 340509 283 28102 44436 11846 547347 5149 9033
internal_value=4.86812e-09 1.52683e-06 -1.98774e-06 1.60609e-06 -6.38483e-05 1.12781e-05 -5.17827e-05 -0.000113553 -1.05506e-05 -9.84358e-06 4.0327e-05
internal_weight=2.6711e+06 2.60892e+06 1.91767e+06 1.35069e+06 62171 691251 50042 12129 566981 561529 14182
internal_count=2671096 2608925 1917674 1350693 62171 691251 50042 12129 566981 561529 14182
is_linear=0
shrinkage=0.00523217


Tree=256
num_leaves=12
num_cat=0
split_feature=0 2 22 0 22 19 20 16 16 22 2
split_gain=9.51138 3.31411 2.89651 2.12973 2.01229 1.80372 1.94043 1.534 1.47346 1.36349 1.825
threshold=-2.9707015752792354 -0.45170311629772181 -0.93807104229927052 0.33834774792194372 -0.24403611570596692 -0.54341405630111683 1.2387714982032778 -0.24788267165422437 -0.20052303373813626 0.14046356827020648 -0.45170311629772181
decision_type=2 8 8 2 8 10 10 2 2 10 10
left_child=4 5 -3 9 -1 7 -7 -2 -6 10 -4
right_child=1 2 3 -5 8 6 -8 -9 -10 -11 -12
leaf_value=-0.00010535902251239278 1.4193240504988173e-05 -2.2845131878228395e-05 -0.00018073789957236372 7.0336553537340314e-06 -6.9357102496589429e-05 1.4147208919523988e-05 5.3856904376991536e-05 -9.7936789200551856e-06 -5.7954157100268832e-06 3.2388436595455531e-06 -9.0156428430966077e-06
leaf_weight=21191 130303 169241 1698 677858 23650 419101 36652 165911 17329 358470 649849
leaf_count=21191 130303 169241 1698 677858 23650 419101 36652 165911 17329 358470 649849
internal_value=1.80691e-08 1.54241e-06 -2.20957e-06 -1.39975e-07 -6.39397e-05 1.08096e-05 1.73426e-05 7.55345e-07 -4.2499e-05 -4.95525e-06 -9.46473e-06
internal_weight=2.67125e+06 2.60908e+06 1.85712e+06 1.68788e+06 62170 751967 455753 296214 40979 1.01002e+06 651547
internal_count=2671253 2609083 1857116 1687875 62170 751967 455753 296214 40979 1010017 651547
is_linear=0
shrinkage=0.00523217


Tree=257
num_leaves=12
num_cat=0
split_feature=0 2 0 13 21 20 17 20 15 18 0
split_gain=9.25657 3.24091 2.86065 2.33771 1.93255 3.00217 1.78481 1.63726 2.31249 1.65664 1.61271
threshold=-2.9707015752792354 -0.45170311629772181 -0.45035584270954127 0.16759563237428668 -2.1830325126647945 3.4771887063980107 -2.3578816652297969 0.47795137763023382 1.3919608592987063 -0.76712435483932484 0.72744932770729076
decision_type=2 8 2 10 2 10 2 10 2 10 2
left_child=-1 3 4 7 5 -3 -7 -2 -9 -10 -4
right_child=1 2 10 -5 -6 6 -8 8 9 -11 -12
leaf_value=-6.3043791288776174e-05 1.19125246895403e-05 3.2164763820216685e-06 -1.4916903678769454e-06 -3.7890334793750209e-06 -1.8064708910266554e-05 0.00081935056004093295 0.00023417352868941669 2.8753442526026718e-05 0.00029623607386495404 8.748025401452149e-05 1.3460247449197244e-05
leaf_weight=62187 424909 2762 1311693 216601 308902 167 1026 104353 1343 4716 232473
leaf_count=62187 424909 2762 1311693 216601 308902 167 1026 104353 1343 4716 232473
internal_value=4.25914e-08 1.54666e-06 -2.16373e-06 1.07113e-05 -1.65909e-05 9.82849e-05 0.000317491 1.65798e-05 3.4534e-05 0.000133933 7.58801e-07
internal_weight=2.67113e+06 2.60894e+06 1.85702e+06 751922 312857 3955 1193 535321 110412 6059 1.54417e+06
internal_count=2671132 2608945 1857023 751922 312857 3955 1193 535321 110412 6059 1544166
is_linear=0
shrinkage=0.00523217


Tree=258
num_leaves=12
num_cat=0
split_feature=9 22 2 22 7 15 7 22 22 15 23
split_gain=5.29331 2.88199 2.63771 1.91131 1.64578 1.49678 1.38969 1.38174 1.36815 1.35913 1.27552
threshold=0.28087367117404943 -0.25545366108417505 -0.61408442258834828 -0.93807104229927052 inf -0.8117547035217284 0.65636807680130016 -1.2126677632331846 -0.016170961782336232 1.6046285033226015 inf
decision_type=10 8 8 10 8 2 8 10 10 2 8
left_child=2 7 9 -4 5 8 -3 -2 -5 -1 -7
right_child=1 6 3 4 -6 10 -8 -9 -10 -11 -12
leaf_value=1.1054173635252834e-05 -7.179002404247789e-05 1.7457138738000697e-06 -1.5985876527113766e-05 -2.4843774317726029e-05 -0.00011017554107833553 4.1027434024640574e-06 -2.27584679858627e-05 -2.785570461959655e-05 1.5635763069120304e-06 4.5663255390038131e-05 9.270045574301714e-05
leaf_weight=530993 22853 190126 182579 98713 3573 1253243 94984 138933 117690 33012 4464
leaf_count=530993 22853 190126 182579 98713 3573 1253243 94984 138933 117690 33012 4464
internal_value=3.94023e-09 -1.64275e-05 3.3057e-06 -1.47197e-08 1.95811e-06 2.23053e-06 -6.41506e-06 -3.40671e-05 -1.04786e-05 1.30814e-05 4.41793e-06
internal_weight=2.67116e+06 446896 2.22427e+06 1.66026e+06 1.47768e+06 1.47411e+06 285110 161786 216403 564005 1.25771e+06
internal_count=2671163 446896 2224267 1660262 1477683 1474110 285110 161786 216403 564005 1257707
is_linear=0
shrinkage=0.00523217


Tree=259
num_leaves=12
num_cat=0
split_feature=1 22 22 22 1 21 13 17 6 13 15
split_gain=6.48333 2.97517 1.71916 1.63186 1.73601 1.41959 2.06462 4.10734 1.27488 1.21712 1.95081
threshold=1.3962472081184389 -0.25545366108417505 -1.7137829661369322 0.25760389864444738 -0.053894808515906327 -2.0947774648666377 -1.1865702271461485 -2.3578816652297969 -4.1554896831512442 -1.2148852348327634 2.5203709602355961
decision_type=2 8 10 10 2 2 10 2 2 8 2
left_child=3 2 -2 4 -1 6 7 -4 -7 10 -6
right_child=1 -3 5 -5 9 8 -8 -9 -10 -11 -12
leaf_value=4.4078243615404563e-06 -0.00016381306420496257 -1.4052348941707084e-05 0.0021709079371754069 9.7148107807906318e-06 9.2367541164278721e-06 -0.0001543051242130203 -1.8577410721764516e-05 0.00027598815128157111 -4.7558386151234613e-05 -7.992678965427625e-06 0.00019936451962410438
leaf_weight=1025701 3837 136968 34 611996 87958 3231 721 309 61419 737376 1502
leaf_count=1025701 3837 136968 34 611996 87958 3231 721 309 61419 737376 1502
internal_value=-5.19752e-08 -2.82118e-05 -5.6084e-05 2.3074e-06 -1.39245e-07 -4.97788e-05 0.000139476 0.000472967 -5.29084e-05 -5.78091e-06 1.24405e-05
internal_weight=2.67105e+06 206519 69551 2.46453e+06 1.85254e+06 65714 1064 343 64650 826836 89460
internal_count=2671052 206519 69551 2464533 1852537 65714 1064 343 64650 826836 89460
is_linear=0
shrinkage=0.00523217


Tree=260
num_leaves=12
num_cat=0
split_feature=2 5 19 15 15 5 12 2 15 12 19
split_gain=4.18388 3.33571 1.59472 1.82671 1.82085 2.10698 1.35868 1.88853 1.19104 1.20906 1.06717
threshold=0.14543738216161731 1.1737715005874636 -0.58270049095153797 0.89888364076614391 3.5451488494873051 1.3994880914688113 0.16754918545484546 -0.72947135567665089 -1.0606151223182676 0.50592258572578441 inf
decision_type=8 10 10 2 2 10 10 10 2 10 8
left_child=2 10 4 8 -1 -6 7 -5 -4 -10 -2
right_child=1 -3 3 6 5 -7 -8 -9 9 -11 -12
leaf_value=-1.3995722653067604e-06 -3.1348357163062181e-06 -2.8755544338646916e-05 -1.1698759257097722e-05 8.4976542775680935e-05 0.00025090432253846299 0.0023065822577085404 1.3594342640979687e-05 2.2880193458269675e-05 1.4917808913498449e-05 -8.5762822024327185e-08 -7.6968202744373047e-05
leaf_weight=486863 1152198 163082 77664 22994 502 12.999999999999998 66428 32278 444163 219639 5384
leaf_count=486863 1152198 163082 77664 22994 502 13 66428 32278 444163 219639 5384
internal_value=2.05781e-08 -6.60091e-06 6.49617e-06 1.07685e-05 -1.06864e-06 0.000309514 2.95582e-05 4.8729e-05 7.68332e-06 9.95222e-06 -3.47901e-06
internal_weight=2.67121e+06 1.32066e+06 1.35054e+06 863166 487378 515 121700 55272 741466 663802 1.15758e+06
internal_count=2671208 1320664 1350544 863166 487378 515 121700 55272 741466 663802 1157582
is_linear=0
shrinkage=0.00523217


Tree=261
num_leaves=12
num_cat=0
split_feature=0 0 8 5 11 0 16 8 5 9 20
split_gain=9.25791 3.16577 2.01421 2.50651 3.64674 3.51221 1.71459 1.37218 1.4827 1.28304 1.27808
threshold=-2.9707015752792354 0.53930494189262401 -0.63414832949638356 inf 1.1239410042762759 0.044172596186399467 -0.18426529318094251 -2.0727592706680293 0.78668567538261425 -0.084001872688531862 -0.51709809899330128
decision_type=2 2 10 8 10 2 2 8 10 8 10
left_child=6 2 7 10 -5 -6 -1 -2 -9 -3 -4
right_child=1 9 3 4 5 -7 -8 8 -10 -11 -12
leaf_value=-8.5714442911835883e-05 5.2458128335087855e-05 1.6443755734846866e-05 -6.723033424092435e-06 4.0430183597194896e-06 0.00042529252393499431 0.0019025134565294588 -2.9658940563998414e-05 -6.3731568141979267e-06 -2.6102438637077766e-05 1.5920624203821241e-06 4.8256297069211466e-06
leaf_weight=37083 9583 442287 366596 798 483 48 25107 485061 132906 249024 922183
leaf_count=37083 9583 442287 366596 798 483 48 25107 485061 132906 249024 922183
internal_value=-7.93551e-09 1.49566e-06 -1.96448e-06 1.77489e-06 0.000228785 0.000564265 -6.30979e-05 -9.65309e-06 -1.06177e-05 1.10951e-05 1.53996e-06
internal_weight=2.67116e+06 2.60897e+06 1.91766e+06 1.29011e+06 1329 531 62190 627550 617967 691311 1.28878e+06
internal_count=2671159 2608969 1917658 1290108 1329 531 62190 627550 617967 691311 1288779
is_linear=0
shrinkage=0.00523217


Tree=262
num_leaves=12
num_cat=0
split_feature=0 0 0 22 22 22 8 5 9 1 8
split_gain=8.94286 3.18535 2.02771 1.95091 1.63605 1.4419 1.37066 3.11089 1.2907 1.23586 1.23239
threshold=-2.9707015752792354 0.53930494189262401 -1.0951598286628721 -0.24403611570596692 -1.7137829661369322 0.14046356827020648 -0.91635063290595997 inf -0.084001872688531862 1.364724934101105 -2.0727592706680293
decision_type=2 2 2 8 8 10 10 8 8 2 8
left_child=3 2 4 -1 -2 6 -4 -8 -3 -5 -6
right_child=1 8 5 9 10 -7 7 -9 -10 -11 -12
leaf_value=-0.00010284798623998723 -0.00013818418456068484 1.6438673675654647e-05 -1.5082454031863781e-05 -0.00013935965482894674 0.00011468062749597755 6.5450832472758576e-06 -1.1348014602002948e-06 0.00032605199451854841 1.5421740554801508e-06 -3.251354057693273e-05 -1.8623606744959479e-05
leaf_weight=21187 3112 442321 230304 3222 1918 562849 954295 795 248984 37730 164341
leaf_count=21187 3112 442321 230304 3222 1918 562849 954295 795 248984 37730 164341
internal_value=-3.16362e-08 1.44559e-06 -2.0253e-06 -6.20649e-05 -1.9311e-05 -3.50182e-07 -3.62487e-06 -8.61213e-07 1.10746e-05 -4.09433e-05 -1.70801e-05
internal_weight=2.67106e+06 2.60892e+06 1.91761e+06 62139 169371 1.74824e+06 1.18539e+06 955090 691305 40952 166259
internal_count=2671058 2608919 1917614 62139 169371 1748243 1185394 955090 691305 40952 166259
is_linear=0
shrinkage=0.00523217


Tree=263
num_leaves=12
num_cat=0
split_feature=0 2 22 0 22 19 5 16 16 22 2
split_gain=8.98612 3.14265 2.82966 2.10081 1.90548 1.83384 1.59258 1.57605 1.4972 1.33559 1.17627
threshold=-2.9707015752792354 -0.45170311629772181 -0.93807104229927052 0.33834774792194372 -0.24403611570596692 -0.53698402643203724 0.017212929204106334 -0.24788267165422437 -0.20052303373813626 -1.8086421489715574 -0.45170311629772181
decision_type=2 8 8 2 8 10 8 2 2 10 10
left_child=4 5 9 6 -1 7 -4 -2 -6 -3 -8
right_child=1 2 3 -5 8 -7 10 -9 -10 -11 -12
leaf_value=-0.0001024421331564182 1.4046069460325171e-05 -6.0306162744562857e-05 1.2366939408632216e-06 7.0333460324563892e-06 -6.8353654166134511e-05 1.7186283043791514e-05 -9.7103304127382127e-05 -1.0138288032821922e-05 -4.2737958530539667e-06 -1.6803282170627001e-05 -1.1126924504581454e-05
leaf_weight=21192 131647 22267 541464 677808 23635 452550 4399 167774 17327 147027 464237
leaf_count=21192 131647 22267 541464 677808 23635 452550 4399 167774 17327 147027 464237
internal_value=3.43294e-08 1.51575e-06 -2.13773e-06 -9.19001e-08 -6.21406e-05 1.05401e-05 -4.87396e-06 4.92225e-07 -4.12683e-05 -2.25303e-05 -1.19359e-05
internal_weight=2.67133e+06 2.60917e+06 1.8572e+06 1.68791e+06 62154 751971 1.0101e+06 299421 40962 169294 468636
internal_count=2671327 2609173 1857202 1687908 62154 751971 1010100 299421 40962 169294 468636
is_linear=0
shrinkage=0.00523217


Tree=264
num_leaves=12
num_cat=0
split_feature=11 22 15 7 22 10 21 17 23 10 10
split_gain=3.53485 3.8987 2.58776 2.12062 1.56279 1.40138 1.38196 1.34881 1.77936 1.12199 0.989866
threshold=-0.86895382404327381 -1.1425130963325498 -0.87648198008537281 1.2645485401153567 0.14046356827020648 0.70362555980682384 1.1058717966079714 -0.061255579814314835 inf 2.1022378206253056 1.2267519831657412
decision_type=8 10 2 8 8 10 2 2 8 10 8
left_child=1 -1 -3 4 5 7 9 8 -2 -5 -4
right_child=3 2 10 6 -6 -7 -8 -9 -10 -11 -12
leaf_value=-6.6437679431163933e-05 9.429573080805464e-06 -3.8217225537821373e-05 4.4785071665143534e-07 -1.058238282868932e-05 1.0524083742903111e-05 -8.2324975172499575e-06 -5.0055272529495161e-05 -2.1521743165044915e-06 0.00034303602330502719 8.4089018364333045e-05 -3.5363419106410479e-05
leaf_weight=35914 535591 68259 265955 164816 686386 347020 25357 514965 437 3497 22949
leaf_count=35914 535591 68259 265955 164816 686386 347020 25357 514965 437 3497 22949
internal_value=1.87641e-08 -1.44707e-05 -9.24282e-06 2.51926e-06 4.05832e-06 8.83229e-07 -1.40409e-05 3.89386e-06 9.7038e-06 -8.61007e-06 -2.39416e-06
internal_weight=2.67115e+06 393077 357163 2.27807e+06 2.0844e+06 1.39801e+06 193670 1.05099e+06 536028 168313 288904
internal_count=2671146 393077 357163 2278069 2084399 1398013 193670 1050993 536028 168313 288904
is_linear=0
shrinkage=0.00523217


Tree=265
num_leaves=12
num_cat=0
split_feature=0 0 0 21 15 7 8 16 7 8 16
split_gain=8.87672 3.15944 2.33836 1.94625 2.20272 6.16756 17.1881 1.73044 1.5299 1.54469 1.30986
threshold=-3.2939242124557491 -1.0951598286628721 0.7509855628013612 -2.1830325126647945 1.6586847305297854 1.9798831939697268 1.2587552070617678 -0.20052303373813626 0.61482834815979015 -0.59776535630226124 1.1570251584053042
decision_type=2 2 2 2 2 10 10 2 8 8 2
left_child=7 3 8 4 -2 -6 -7 -1 9 -3 -11
right_child=1 2 -4 -5 5 6 -8 -9 -10 10 -12
leaf_value=-9.2999376143675867e-05 3.7658762012852243e-05 -4.8929265477986267e-06 1.5799408118170815e-05 -2.1653323074298502e-05 0.00026284190761349699 0.00051648499008269226 0.0086920077081099854 -3.1208505804127135e-05 -6.4048015143493294e-06 8.8720641269661214e-06 -9.1811218673811537e-06
leaf_weight=30636 1576 422246 334309 177882 507 32 7.9999999999999991 20935 571338 987947 123767
leaf_count=30636 1576 422246 334309 177882 507 32 8 20935 571338 987947 123767
internal_value=4.496e-08 1.38354e-06 2.94464e-06 -1.97695e-05 0.000137617 0.000423446 0.00237364 -6.79325e-05 9.02988e-07 3.62537e-06 6.86147e-06
internal_weight=2.67118e+06 2.61961e+06 2.43961e+06 180005 2123 547 40 51571 2.1053e+06 1.53396e+06 1.11171e+06
internal_count=2671183 2619612 2439607 180005 2123 547 40 51571 2105298 1533960 1111714
is_linear=0
shrinkage=0.00523217


Tree=266
num_leaves=12
num_cat=0
split_feature=1 1 3 18 11 18 18 12 21 4 8
split_gain=6.15254 2.07943 1.6867 2.14631 1.47661 1.48691 1.25456 1.29891 1.17682 4.78491 11.0033
threshold=1.226970434188843 2.067751526832581 -0.61536589264869679 2.4283109903335576 -0.89958983659744252 -2.1090607643127437 1.520852327346802 -3.1459270715713497 -2.4141910076141353 -2.2136638164520259 0.7283155918121339
decision_type=2 2 10 8 10 10 10 8 2 8 10
left_child=2 8 -1 4 -4 -6 7 -3 9 10 -2
right_child=1 6 3 -5 5 -7 -8 -9 -10 -11 -12
leaf_value=-6.834627290976974e-06 0.00066288259718035307 -0.00012634952307273901 -7.0805620138340807e-06 -8.005409382913278e-05 5.9727379865751246e-05 6.2735579951991872e-06 -9.0270577165755674e-05 -2.7747940826640743e-05 -1.6630707404845441e-05 7.2877638183803424e-05 0.0072676313170269031
leaf_weight=423326 49 4014 241968 8149 14368 1713530 16003 41839 206827 896 6.9999999999999991
leaf_count=423326 49 4014 241968 8149 14368 1713530 16003 41839 206827 896 7
internal_value=-1.73109e-08 -2.37156e-05 2.64333e-06 4.67217e-06 5.02313e-06 6.71855e-06 -5.03516e-05 -3.64001e-05 -1.5782e-05 0.000167564 0.00163568
internal_weight=2.67098e+06 269635 2.40134e+06 1.97802e+06 1.96987e+06 1.7279e+06 61856 45853 207779 952 56
internal_count=2670976 269635 2401341 1978015 1969866 1727898 61856 45853 207779 952 56
is_linear=0
shrinkage=0.00523217


Tree=267
num_leaves=12
num_cat=0
split_feature=1 22 8 5 17 21 22 22 7 22 21
split_gain=6.05402 2.35392 1.86972 2.42599 2.74613 7.28737 2.54107 1.91843 1.85456 1.92307 1.64246
threshold=1.6507430672645571 -0.24403611570596692 -0.93733447790145863 inf -2.2249805927276607 -0.51489168405532826 -0.1414191201329231 -1.0257932543754575 0.47267079353332525 -1.6494436860084531 -1.9580128192901609
decision_type=2 8 10 8 2 2 10 8 8 10 2
left_child=2 10 -1 8 5 6 -5 -6 -4 -10 -2
right_child=1 -3 3 4 7 -7 -8 -9 9 -11 -12
leaf_value=-8.1178009159462811e-06 0.00013897358593476346 -1.8423019768030918e-05 6.8107859340994706e-06 0.0025112029488317624 0.00082786478629854341 0.0059306649532588091 -0.000152292341558073 0.00011311797018206683 -5.2742951406319007e-05 -2.2554497651416002e-06 -6.934249377804028e-05
leaf_weight=431026 1057 88963 1499800 11.999999999999998 111 6.9999999999999991 36 1320 21414 582652 44961
leaf_count=431026 1057 88963 1499800 12 111 7 36 1320 21414 582652 44961
internal_value=-6.90416e-09 -3.41506e-05 1.80985e-06 3.84271e-06 0.000215099 0.00135212 0.000541599 0.000169758 3.693e-06 -4.04665e-06 -6.45367e-05
internal_weight=2.67136e+06 134981 2.53638e+06 2.10535e+06 1486 55 48 1431 2.10387e+06 604066 46018
internal_count=2671359 134981 2536378 2105352 1486 55 48 1431 2103866 604066 46018
is_linear=0
shrinkage=0.00523217


Tree=268
num_leaves=12
num_cat=0
split_feature=0 0 0 16 3 16 16 13 3 0 12
split_gain=8.68804 3.07388 1.8639 1.75677 1.61852 1.35647 1.64529 7.75865 1.46376 1.12703 1.1103
threshold=-3.2939242124557491 0.31527259945869451 -1.0951598286628721 -0.20052303373813626 -2.1688723564147945 -0.033904301002621644 -0.030067418701946732 -0.93219253420829762 -1.599824786186218 0.80204889178276073 -1.1069696545600889
decision_type=2 2 2 2 8 2 2 10 8 2 8
left_child=3 2 5 4 -1 8 7 -7 -2 -3 -5
right_child=1 9 -4 10 -6 6 -8 -9 -10 -11 -12
leaf_value=-0.00019841890268715401 -7.7662906544812162e-05 4.79262109836347e-06 -1.552271100545127e-06 -7.4289472527593598e-05 -7.8791798546691864e-05 0.001536555906370334 -5.0298168743565091e-06 6.8517813428972327e-05 -2.3040731548894225e-05 1.6963990530654606e-05 2.6492487024821195e-06
leaf_weight=3508 15592 900619 1267618 8966 27128 104 65004 1597 97723 271055 11969
leaf_count=3508 15592 900619 1267618 8966 27128 104 65004 1597 97723 271055 11969
internal_value=-1.52598e-08 1.30857e-06 -3.7903e-06 -6.7267e-05 -9.25231e-05 -1.95449e-05 -8.13056e-07 0.000159751 -3.05645e-05 7.60904e-06 -3.02659e-05
internal_weight=2.67088e+06 2.61931e+06 1.44764e+06 51571 30636 180020 66705 1701 113315 1.17167e+06 20935
internal_count=2670883 2619312 1447638 51571 30636 180020 66705 1701 113315 1171674 20935
is_linear=0
shrinkage=0.00523217


Tree=269
num_leaves=12
num_cat=0
split_feature=0 0 0 16 1 16 16 13 18 7 20
split_gain=8.63318 3.09356 2.0651 1.66588 1.39046 1.31841 1.57621 7.69311 1.37097 1.30652 2.05538
threshold=-3.2939242124557491 0.48711182177066809 -1.0951598286628721 -0.20052303373813626 -0.11408114805817603 -0.033904301002621644 -0.030067418701946732 -0.93219253420829762 1.9118469357490542 0.63491910696029674 -0.17468455433845517
decision_type=2 2 2 2 2 2 2 10 10 8 10
left_child=3 2 5 -1 -3 8 7 -7 -2 10 -4
right_child=1 4 9 -5 -6 6 -8 -9 -10 -11 -12
leaf_value=-9.1577258873075653e-05 -2.5198067626407998e-05 1.160221245638466e-05 -4.7065182869125978e-06 -3.093846316338855e-05 -1.882506974997388e-05 0.0015342399914684782 -4.9067098774960938e-06 6.6032091015689513e-05 -9.7819579507908843e-05 -8.0144175535527215e-06 9.1130786939881839e-06
leaf_weight=30663 105640 754103 576343 20911 43465 103 65024 1603 7640 463131 602653
leaf_count=30663 105640 754103 576343 20911 43465 103 65024 1603 7640 463131 602653
internal_value=2.87868e-08 1.34887e-06 -2.41243e-06 -6.70077e-05 9.94299e-06 -1.9236e-05 -7.74536e-07 0.000156147 -3.0104e-05 -5.67723e-07 2.3568e-06
internal_weight=2.67128e+06 2.6197e+06 1.82214e+06 51574 797568 180010 66730 1706 113280 1.64213e+06 1.179e+06
internal_count=2671279 2619705 1822137 51574 797568 180010 66730 1706 113280 1642127 1178996
is_linear=0
shrinkage=0.00523217


Tree=270
num_leaves=12
num_cat=0
split_feature=1 1 6 7 20 4 15 20 16 21 4
split_gain=5.93344 1.95816 1.38868 1.32967 1.57379 2.65034 2.22255 1.49139 1.272 1.65368 6.41077
threshold=1.226970434188843 2.067751526832581 -0.57504734396934498 0.59414795041084301 -0.19742738455533979 0.33972814679145819 1.2241169810295107 2.2166688442230229 -0.033904301002621644 -2.4141910076141353 -2.2136638164520259
decision_type=2 2 2 8 10 10 2 8 2 2 8
left_child=3 8 -3 4 -1 -6 7 -7 -2 10 -10
right_child=1 2 -4 -5 5 6 -8 -9 9 -11 -12
leaf_value=6.1562603004700923e-07 -2.5202819462106096e-05 -6.4870992757951157e-05 -1.0044014410730126e-05 -3.8698044084223413e-06 1.8933297642249291e-06 1.56665875839883e-05 6.6344339878954774e-05 8.9964711966492511e-05 0.0023732472467589806 -6.577516441906622e-08 0.00012326611012258571
leaf_weight=995331 133559 44037 17794 633165 428998 308397 27699 7582 37 73760 391
leaf_count=995331 133559 44037 17794 633165 428998 308397 27699 7582 37 73760 391
internal_value=2.22997e-08 -2.32523e-05 -4.91061e-05 2.63566e-06 4.96588e-06 1.05687e-05 2.13953e-05 1.74523e-05 -1.55534e-05 1.80763e-06 0.000325646
internal_weight=2.67075e+06 269578 61831 2.40117e+06 1.76801e+06 772676 343678 315979 207747 74188 428
internal_count=2670750 269578 61831 2401172 1768007 772676 343678 315979 207747 74188 428
is_linear=0
shrinkage=0.00523217


Tree=271
num_leaves=12
num_cat=0
split_feature=1 2 12 1 3 2 18 6 21 4 10
split_gain=5.85686 2.35385 2.44449 1.86415 1.60047 1.55715 1.52356 1.37594 1.31459 5.0683 10.4795
threshold=1.2783576846122744 -0.068967439234256731 0.32456612586975103 2.067751526832581 0.96564596891403209 1.9195818305015566 0.39200654625892645 -0.57504734396934498 -2.4141910076141353 -2.2136638164520259 -0.46253104507923121
decision_type=2 8 10 2 8 8 8 2 2 8 10
left_child=1 2 4 8 -1 6 -3 -5 9 10 -2
right_child=3 5 -4 7 -6 -7 -8 -9 -10 -11 -12
leaf_value=2.1076847363230238e-05 0.0072180289174484796 -5.0582537638300419e-06 9.6318479273583853e-07 -6.4751390970029047e-05 -5.0212396500321736e-06 -3.4163880321944347e-05 6.7772343314487219e-06 -1.0185244989865159e-05 -1.6877140590030233e-05 8.3749977644296289e-05 0.00072333824952641908
leaf_weight=409430 6.9999999999999991 883202 564141 44089 76261 40090 449150 17794 186189 801 45
leaf_count=409430 7 883202 564141 44089 76261 40090 449150 17794 186189 801 45
internal_value=-7.94783e-09 2.47537e-06 8.37272e-06 -2.41761e-05 1.69774e-05 -2.03515e-06 -1.06778e-06 -4.90748e-05 -1.59338e-05 0.00018878 0.00175372
internal_weight=2.6712e+06 2.42227e+06 1.04983e+06 248925 485691 1.37244e+06 1.33235e+06 61883 187042 853 52
internal_count=2671199 2422274 1049832 248925 485691 1372442 1332352 61883 187042 853 52
is_linear=0
shrinkage=0.00523217


Tree=272
num_leaves=12
num_cat=0
split_feature=0 9 0 20 22 17 0 7 22 22 0
split_gain=8.28301 3.07866 2.35634 2.36993 2.29275 2.26357 5.49048 1.71647 1.7048 1.364 1.32122
threshold=-3.2939242124557491 0.26362279057502752 0.57761248946189891 3.4771887063980107 -0.33442121744155878 -2.0497308969497676 0.044172596186399467 2.1021010875701909 -0.06793526932597159 0.14046356827020648 -0.47019396722316736
decision_type=2 10 2 10 8 2 2 10 8 10 2
left_child=8 2 3 9 -3 6 -5 -7 -1 10 -2
right_child=1 4 -4 5 -6 7 -8 -9 -10 -11 -12
leaf_value=-9.9646913977194574e-05 -1.7046321862326023e-05 -2.9012096555396788e-05 1.309636045964015e-05 0.00025144379608809021 -3.2581044332656758e-06 7.7440447505177029e-05 0.0045587661854056324 -9.6984468941071621e-05 -3.8972789777356102e-05 7.1252778467021874e-06 -8.2147245928285345e-07
leaf_weight=22668 161169 137819 560132 1291 302251 9282 6.9999999999999991 1848 28916 513313 932389
leaf_count=22668 161169 137819 560132 1291 302251 9282 7 1848 28916 513313 932389
internal_value=3.80178e-09 1.29706e-06 3.84618e-06 6.45944e-07 -1.13255e-05 7.26167e-05 0.000279417 4.84e-05 -6.56526e-05 8.87489e-08 -3.21345e-06
internal_weight=2.67108e+06 2.6195e+06 2.17943e+06 1.6193e+06 440070 12428 1298 11130 51584 1.60687e+06 1.09356e+06
internal_count=2671085 2619501 2179431 1619299 440070 12428 1298 11130 51584 1606871 1093558
is_linear=0
shrinkage=0.00523217


Tree=273
num_leaves=12
num_cat=0
split_feature=2 2 23 16 16 24 14 19 24 19 16
split_gain=3.91376 1.75338 2.14529 1.97211 1.96675 2.11134 1.92247 1.54066 1.54926 1.51251 1.80687
threshold=0.14543738216161731 1.9195818305015566 inf -0.073228619992732988 -0.05369449965655803 2.3090171813964848 -2.3133711814880367 -0.45334929227828974 -0.14064195007085797 0.42498655617237097 -0.033904301002621644
decision_type=8 8 8 2 2 10 2 10 8 8 2
left_child=7 2 -2 -4 6 -6 -5 -1 -9 -3 -11
right_child=1 9 3 4 5 -7 -8 8 -10 10 -12
leaf_value=7.7347904201115646e-08 -5.4132199284148255e-06 8.6063938154634265e-05 -0.00015476306473025009 0.00098629733734394609 0.00015116975871721098 -0.001077120085286965 0.00028766564619219648 1.7214509726560312e-06 1.7242891727468449e-05 -8.5452173288822481e-05 -2.0253904323125116e-05
leaf_weight=604346 1261527 2689 482 152 1514 38 389 284902 461267 17076 36680
leaf_count=604346 1261527 2689 482 152 1514 38 389 284902 461267 17076 36680
internal_value=2.52196e-08 -6.37934e-06 -5.10459e-06 0.000145716 0.000215346 0.000119782 0.000487158 6.28826e-06 1.13176e-05 -3.49128e-05 -4.0981e-05
internal_weight=2.67106e+06 1.32055e+06 1.2641e+06 2575 2093 1552 541 1.35052e+06 746169 56445 53756
internal_count=2671062 1320547 1264102 2575 2093 1552 541 1350515 746169 56445 53756
is_linear=0
shrinkage=0.00523217


Tree=274
num_leaves=12
num_cat=0
split_feature=2 3 24 10 16 16 19 19 2 17 7
split_gain=3.9078 1.86019 2.01981 1.83054 1.75636 3.45767 2.44521 1.42115 1.49236 1.46583 1.39504
threshold=0.26386126875877386 -1.1471772789955137 -0.01782346703112125 2.1022378206253056 -0.05369449965655803 -0.073228619992732988 1.6972761154174807 -0.53053024411201466 -0.45170311629772181 -0.07133933529257773 1.3340589404106142
decision_type=8 8 8 8 2 2 8 10 10 2 8
left_child=7 3 10 -2 5 -5 -7 9 -9 -1 -3
right_child=1 2 -4 4 -6 6 -8 8 -10 -11 -12
leaf_value=7.7780220057821629e-06 -2.2525938515265996e-05 6.7050101517352545e-06 -1.1807367085074689e-05 -4.9205712886482519e-05 1.5373805557008902e-05 0.0017719281392352252 0.00035852241173214632 1.6446841767167114e-05 3.0456488333323818e-06 -8.7739437919244824e-06 -2.195462218859863e-05
leaf_weight=284998 237124 433454 444330 815 5801 34 957 453077 457224 301317 52072
leaf_count=284998 237124 433454 444330 815 5801 34 957 453077 457224 301317 52072
internal_value=1.80342e-08 -7.1251e-06 -3.74607e-06 -1.99604e-05 5.98978e-05 0.000202364 0.000409877 5.62471e-06 9.71661e-06 -7.26938e-07 3.6296e-06
internal_weight=2.6712e+06 1.17459e+06 929856 244731 7607 1806 991 1.49662e+06 910301 586315 485526
internal_count=2671203 1174587 929856 244731 7607 1806 991 1496616 910301 586315 485526
is_linear=0
shrinkage=0.00523217


Tree=275
num_leaves=12
num_cat=0
split_feature=9 22 15 11 5 19 5 11 22 15 19
split_gain=4.91493 2.81248 2.10466 2.40129 1.50479 1.42132 4.24741 3.61815 3.21043 1.85952 1.11689
threshold=0.28087367117404943 -0.25545366108417505 -1.0292619466781614 -0.813860923051834 1.1401758193969729 3.9810845851898198 inf 0.77874362468719494 -0.073168788105249391 0.097940593957901015 2.3632599115371709
decision_type=10 8 2 10 10 8 8 10 8 2 8
left_child=2 4 3 -1 -2 6 -4 9 -9 -8 -3
right_child=1 10 5 -5 -6 -7 7 8 -10 -11 -12
leaf_value=-4.584685329787664e-05 -2.5324353652581649e-05 -3.6977606259237633e-06 4.8529371979067283e-06 -2.9881448908199747e-06 -6.5561758359538515e-05 -4.7779816575753309e-05 -2.1627850466785259e-06 0.00059231063344766571 0.00016088528399982289 0.00079463118511712201 -5.4785695632668633e-05
leaf_weight=46553 130139 272970 2004277 154953 31678 13953 2171 791 1190 82 12243
leaf_count=46553 130139 272970 2004277 154953 31678 13953 2171 791 1190 82 12243
internal_value=4.78919e-08 -1.57825e-05 3.23025e-06 -1.28938e-05 -3.32068e-05 4.83715e-06 5.20311e-06 0.000170728 0.000333806 2.68824e-05 -5.89379e-06
internal_weight=2.671e+06 447030 2.22397e+06 201506 161817 2.02246e+06 2.00851e+06 4234 1981 2253 285213
internal_count=2671000 447030 2223970 201506 161817 2022464 2008511 4234 1981 2253 285213
is_linear=0
shrinkage=0.00523217


Tree=276
num_leaves=12
num_cat=0
split_feature=1 2 20 2 5 11 3 3 11 1 11
split_gain=5.66817 2.61045 2.08519 1.71008 2.21535 1.95974 1.72131 1.57167 1.47101 1.34281 3.19176
threshold=1.5674355030059817 -0.61408442258834828 1.2016049027442934 1.9195818305015566 inf 1.159331262111664 -1.0071256160736082 -2.6717535257339473 -0.51906180381774891 -2.6243940591812129 0.89736339449882518
decision_type=2 8 10 8 8 10 10 8 8 2 10
left_child=1 2 -1 4 8 -6 -7 -2 -3 10 -4
right_child=7 3 9 -5 5 6 -8 -9 -10 -11 -12
leaf_value=8.3711940602436334e-06 -8.1044461750083284e-05 -7.0783819919874272e-06 0 -3.3323479476333819e-05 3.6290172311406842e-05 0.00028183628513616695 0.001518258855230602 -2.5132767661383675e-05 2.7708231414513548e-06 4.1213960506059386e-05 0.0010288659876135032
leaf_weight=573128 15280 630712 234 44141 1748 1063 31 140199 1214362 49864 126
leaf_count=573128 15280 630712 234 44141 1748 1063 31 140199 1214362 49864 126
internal_value=2.42396e-08 1.91954e-06 1.12058e-05 -1.13947e-06 -3.70237e-07 0.000145566 0.000319206 -3.06333e-05 -5.95553e-07 4.35357e-05 0.000361707
internal_weight=2.67089e+06 2.51541e+06 623352 1.89206e+06 1.84792e+06 2842 1094 155479 1.84507e+06 50224 360
internal_count=2670888 2515409 623352 1892057 1847916 2842 1094 155479 1845074 50224 360
is_linear=0
shrinkage=0.00523217


Tree=277
num_leaves=12
num_cat=0
split_feature=1 5 16 10 5 16 15 20 6 20 7
split_gain=5.60729 2.38469 1.6249 1.5787 2.11152 2.66127 12.3914 6.32789 2.40655 1.41599 1.77406
threshold=1.226970434188843 1.3579029440879824 -0.17635739594697949 0.98681694269180309 inf -0.039669290184974663 -0.0091774598695337755 2.9596308469772343 -0.65755531191825856 -0.8835771083831786 0.59414795041084301
decision_type=2 10 2 8 8 2 2 10 2 10 8
left_child=3 2 -2 4 9 -6 7 -7 -8 -1 -11
right_child=1 -3 -4 -5 5 6 8 -9 -10 10 -12
leaf_value=-5.4020642501778837e-06 -2.6562648653482805e-05 -4.9704672061279312e-05 3.3162722140437866e-06 -7.6468755764765017e-06 0 0.0010874076215419755 -0.00011711615195397999 0.0059905733538492554 0.00060299659049514005 9.1662933595472036e-06 -3.3940785630244649e-06
leaf_weight=347629 115210 66749 87720 351916 661 15.000000000000002 218 14.999999999999998 297 1297219 403517
leaf_count=347629 115210 66749 87720 351916 661 15 218 15 297 1297219 403517
internal_value=4.93697e-08 -2.25719e-05 -1.36431e-05 2.59001e-06 4.3481e-06 0.00022312 0.000493374 0.0036989 0.000297046 4.21878e-06 6.18574e-06
internal_weight=2.67117e+06 269679 202930 2.40149e+06 2.04957e+06 1206 545 30 515 2.04836e+06 1.70074e+06
internal_count=2671166 269679 202930 2401487 2049571 1206 545 30 515 2048365 1700736
is_linear=0
shrinkage=0.00523217


Tree=278
num_leaves=12
num_cat=0
split_feature=0 0 0 21 20 4 18 8 5 6 20
split_gain=8.18049 2.96284 1.99249 1.91117 2.59788 3.24079 1.38782 1.31951 2.45574 1.53644 1.53497
threshold=-3.2939242124557491 0.53930494189262401 -1.0951598286628721 -1.7960952520370481 3.4771887063980107 -2.4756387472152706 1.8528348207473757 -0.63414832949638356 inf -0.77405205368995655 -0.51709809899330128
decision_type=2 2 2 2 10 10 10 10 8 2 10
left_child=6 2 3 4 -2 -6 -1 -4 10 -10 -9
right_child=1 -3 7 -5 5 -7 -8 8 9 -11 -12
leaf_value=-5.4748553691742525e-05 6.9461017119768825e-06 1.0524946059671049e-05 -7.0925569064240669e-06 -2.1512123063658195e-05 0.001455032656759528 0.00021974411762345144 -0.00013535834312195687 -6.7868061899829431e-06 -6.2566207950266934e-05 0.00033688359977661412 6.2487032553664921e-06
leaf_weight=44828 3476 691303 551070 175256 60 1327 6745 349265 358 963 846692
leaf_count=44828 3476 691303 551070 175256 60 1327 6745 349265 358 963 846692
internal_value=-5.30401e-08 1.23133e-06 -2.09977e-06 -1.86693e-05 8.35991e-05 0.000274953 -6.53096e-05 -3.92271e-07 2.691e-06 0.000228063 2.44116e-06
internal_weight=2.67134e+06 2.61977e+06 1.92847e+06 180119 4863 1387 51573 1.74835e+06 1.19728e+06 1321 1.19596e+06
internal_count=2671343 2619770 1928467 180119 4863 1387 51573 1748348 1197278 1321 1195957
is_linear=0
shrinkage=0.00523217


Tree=279
num_leaves=12
num_cat=0
split_feature=0 0 7 3 3 15 7 9 9 0 5
split_gain=8.14505 2.85854 1.8677 1.38583 1.34573 1.20756 1.50456 1.43315 1.14463 1.08601 1.04982
threshold=-2.9707015752792354 0.55012133717536937 0.61482834815979015 -0.65833011269569386 -2.6717535257339473 -0.044870533049106591 -1.0000000180025095e-35 0.28087367117404943 -0.14123066514730451 -0.37563751637935633 inf
decision_type=2 2 8 8 8 2 10 8 8 2 8
left_child=4 2 3 10 -1 6 -4 -7 -3 -8 -2
right_child=1 8 5 -5 -6 7 9 -9 -10 -11 -12
leaf_value=-0.00012836742727747482 -1.2325412283884287e-05 1.6702145315080112e-05 -0.00013501066588338069 3.6998159171664997e-06 -5.0583337952266303e-05 4.6557509923352019e-06 -3.0097289077870325e-05 -2.5219126266450038e-05 2.8919379448774967e-06 -8.8879848776206451e-06 0.00012950985724829103
leaf_weight=6862 195995 380474 2919 1167328 55290 211132 97025 55512 289442 207851 1437
leaf_count=6862 195995 380474 2919 1167328 55290 211132 97025 55512 289442 207851 1437
internal_value=8.28156e-09 1.4187e-06 -1.79984e-06 1.53098e-06 -5.91864e-05 -9.71465e-06 -1.67756e-05 -1.5609e-06 1.07366e-05 -1.56404e-05 -1.12882e-05
internal_weight=2.67127e+06 2.60912e+06 1.9392e+06 1.36476e+06 62152 574439 307795 266644 669916 304876 197432
internal_count=2671267 2609115 1939199 1364760 62152 574439 307795 266644 669916 304876 197432
is_linear=0
shrinkage=0.00523217


Tree=280
num_leaves=12
num_cat=0
split_feature=0 0 0 16 16 16 15 18 1 19 15
split_gain=8.13211 2.93495 2.00252 1.66315 1.28001 1.59506 1.92702 1.3789 1.24959 1.49199 1.31066
threshold=-3.2939242124557491 0.55012133717536937 -1.0951598286628721 -0.20052303373813626 -0.033904301002621644 -0.030067418701946732 1.5551685094833376 1.9118469357490542 -0.22797777503728864 -0.75520259141921986 -2.1313951015472408
decision_type=2 2 2 2 2 2 2 10 2 10 2
left_child=3 2 4 -1 7 6 -6 -2 -3 10 -10
right_child=1 8 -4 -5 5 -7 -8 -9 9 -11 -12
leaf_value=-8.9638690611953988e-05 -2.438598880605633e-05 1.2763584489693578e-05 -2.7958495579345154e-07 -2.9054870083013911e-05 4.9836733584358605e-05 -4.5596118888008877e-06 0.00044708534435575258 -9.7203025065453833e-05 0.0019014846146981823 -9.0196738381737552e-08 -7.3207724015819322e-05
leaf_weight=30643 105618 619398 1769603 20924 1245 64992 459 7643 7.9999999999999991 40377 10048
leaf_count=30643 105618 619398 1769603 20924 1245 64992 459 7643 8 40377 10048
internal_value=-5.73456e-09 1.27494e-06 -1.97107e-06 -6.50728e-05 -1.85997e-05 -4.03182e-07 0.000157549 -2.93078e-05 1.07237e-05 -1.43129e-05 -7.13336e-05
internal_weight=2.67096e+06 2.61939e+06 1.94956e+06 51567 179957 66696 1704 113261 669831 50433 10056
internal_count=2670958 2619391 1949560 51567 179957 66696 1704 113261 669831 50433 10056
is_linear=0
shrinkage=0.00523217


Tree=281
num_leaves=12
num_cat=0
split_feature=9 22 20 23 16 24 21 12 24 21 18
split_gain=4.77435 2.70316 2.12662 2.26389 7.77352 4.67171 5.08187 2.54423 2.61835 1.93585 1.49003
threshold=0.35016092658042913 -0.25545366108417505 4.0456516742706308 0.20651500672101977 -0.028346313163638111 -0.61166349053382862 1.6475030779838564 -1.5555489063262937 -0.97093549370765675 -0.62077674269676197 -2.1090607643127437
decision_type=10 8 10 10 2 10 2 10 10 2 8
left_child=2 -2 10 4 7 6 -6 -4 -9 -5 -1
right_child=1 -3 3 9 5 -7 -8 8 -10 -11 -12
leaf_value=5.0166803551664539e-05 -3.6038131541520944e-05 -6.7843599247995522e-06 -0.00010802636740139258 0.00015137654445633136 0.0079027650861915166 0.00083226036352372808 0.0017402775675874982 0.0033041730394943701 0.00057137447430946728 -3.466074800558815e-05 2.1535355063642446e-06
leaf_weight=17834 135260 239979 172 3788 6.9999999999999991 17 8.9999999999999982 10.999999999999998 55 2559 2271434
leaf_count=17834 135260 239979 172 3788 7 17 9 11 55 2559 2271434
internal_value=-2.85627e-08 -1.73315e-05 2.79908e-06 9.64501e-05 0.000564202 0.00289972 0.00484129 0.000224282 0.00108892 7.62505e-05 2.52795e-06
internal_weight=2.67112e+06 375239 2.29589e+06 6618 271 33 16 238 66 6347 2.28927e+06
internal_count=2671125 375239 2295886 6618 271 33 16 238 66 6347 2289268
is_linear=0
shrinkage=0.00523217


Tree=282
num_leaves=12
num_cat=0
split_feature=1 22 9 22 20 1 8 8 13 20 22
split_gain=5.46791 2.96852 1.95725 1.88809 1.77465 2.03034 6.0586 8.47459 1.46029 1.40989 1.33157
threshold=1.226970434188843 -1.2493496537208555 0.12168252095580102 0.11386564001441003 3.1645727157592778 -2.0414247512817378 0.8100184202194215 0.92782664299011242 0.94454702734947216 3.1645727157592778 -0.12720210105180738
decision_type=2 8 8 8 10 2 10 10 10 8 8
left_child=2 -2 4 -3 9 6 8 -8 -6 -1 -4
right_child=1 3 10 -5 5 -7 7 -9 -10 -11 -12
leaf_value=5.0793750214942886e-06 -9.4391850982861324e-05 -3.1741144198271914e-05 -1.4390624964645122e-05 -3.2187744039957067e-06 -7.7203341665621481e-05 5.27099110263607e-05 0.0063875531562803079 0.0010385390014387588 0.00045920973095594353 -6.3692557647927482e-05 1.5008786025530159e-06
leaf_weight=1801441 14797 133364 268647 121475 330 10852 7.9999999999999991 85 236 8195 311784
leaf_count=1801441 14797 133364 268647 121475 330 10852 8 85 236 8195 311784
internal_value=4.44523e-09 -2.23359e-05 2.51305e-06 -1.81485e-05 5.17989e-06 6.99414e-05 0.00035188 0.00158159 0.000145535 4.76745e-06 -5.85298e-06
internal_weight=2.67121e+06 269636 2.40158e+06 254839 1.82115e+06 11511 659 93 566 1.80964e+06 580431
internal_count=2671214 269636 2401578 254839 1821147 11511 659 93 566 1809636 580431
is_linear=0
shrinkage=0.00523217


Tree=283
num_leaves=12
num_cat=0
split_feature=6 22 2 22 13 12 23 4 6 23 19
split_gain=3.7277 2.28062 1.97584 2.2205 2.17157 2.01347 1.96817 1.85205 1.83463 1.3486 1.26568
threshold=-0.70294305682182301 0.14046356827020648 -0.45170311629772181 -0.93807104229927052 0.25656341016292578 0.23746246844530108 inf 2.8768199682235722 -4.1554896831512442 -0.036133451387286179 -0.7122703194618224
decision_type=2 8 8 10 10 10 8 8 2 10 10
left_child=1 8 4 -4 5 -2 10 -5 -1 -10 -6
right_child=2 -3 3 7 6 -7 -8 -9 9 -11 -12
leaf_value=-0.00010763291918292738 2.8131140140754814e-05 1.5647852954616043e-06 -1.8097749837217193e-05 2.0493565012579646e-06 -2.83477972094548e-05 6.9689711107226844e-06 0.00039627494159618861 -8.1198900999879026e-05 -3.642524809996181e-05 -1.1718285055361485e-05 2.553201544888821e-06
leaf_weight=6980 205424 152443 176204 1391301 52076 307397 331 7353 100963 151187 119543
leaf_count=6980 205424 152443 176204 1391301 52076 307397 331 7353 100963 151187 119543
internal_value=-5.42437e-09 -1.44882e-05 2.63215e-06 -5.93573e-07 1.00519e-05 1.54476e-05 -6.0355e-06 1.61106e-06 -2.39351e-05 -2.16145e-05 -6.81884e-06
internal_weight=2.6712e+06 411573 2.25963e+06 1.57486e+06 684771 512821 171950 1.39865e+06 259130 252150 171619
internal_count=2671202 411573 2259629 1574858 684771 512821 171950 1398654 259130 252150 171619
is_linear=0
shrinkage=0.00523217


Tree=284
num_leaves=12
num_cat=0
split_feature=5 7 4 18 18 4 5 15 18 12 15
split_gain=3.48697 1.71884 1.51186 1.41852 1.23583 1.69913 1.44371 3.22524 1.48625 1.16831 1.12078
threshold=1.1737715005874636 1.2645485401153567 -0.84921774268150318 -1.9570049643516538 0.44272741675376898 0.14611879736185077 1.1737715005874636 0.078658685088157668 2.1534955501556401 -2.2224149703979488 -0.044870533049106591
decision_type=10 8 8 8 10 10 8 2 10 8 2
left_child=1 3 -2 -1 5 9 8 -8 -6 -5 -3
right_child=2 10 -4 4 6 -7 7 -9 -10 -11 -12
leaf_value=4.0586441194625437e-05 -3.5851720000106356e-05 -2.6280741040702365e-05 -9.5034030354407524e-06 -4.6335435406475065e-05 1.0605598110864832e-05 6.3613319013139604e-06 7.7258298232453298e-05 0.00075119682038393806 -3.6237467280673064e-05 -3.5688888239271814e-06 -8.4656224355836985e-07
leaf_weight=27777 83434 90602 209328 17866 546050 744259 2393 211 19186 830376 99676
leaf_count=27777 83434 90602 209328 17866 546050 744259 2393 211 19186 830376 99676
internal_value=2.32917e-08 2.12095e-06 -1.70152e-05 3.43289e-06 2.95478e-06 5.91191e-07 9.58203e-06 0.000132491 9.01409e-06 -4.47066e-06 -1.29615e-05
internal_weight=2.67116e+06 2.3784e+06 292762 2.18812e+06 2.16034e+06 1.5925e+06 567840 2604 565236 848242 190278
internal_count=2671158 2378396 292762 2188118 2160341 1592501 567840 2604 565236 848242 190278
is_linear=0
shrinkage=0.00523217


Tree=285
num_leaves=12
num_cat=0
split_feature=2 5 22 15 22 12 15 2 15 4 22
split_gain=3.67429 2.99463 1.97795 1.5915 1.39184 1.23758 1.74567 1.30511 1.11717 1.01887 1.015
threshold=0.14543738216161731 1.3184128999710085 -0.010962668340653179 2.6933304071426396 -1.6494436860084531 0.56985819339752208 -1.1140463352203367 -0.59790065884590138 -0.45539277791976923 -1.0024977922439573 -1.7137829661369322
decision_type=8 10 10 2 8 10 2 10 2 10 8
left_child=3 2 4 5 -2 6 -1 -8 -6 -10 -3
right_child=1 10 -4 -5 8 -7 7 -9 9 -11 -12
leaf_value=-1.3600804394566613e-05 -4.8561445884218671e-05 -0.00011681715145806182 4.8542443443097853e-06 5.5683780139556195e-05 -1.8054442090409847e-05 -1.2901337948579215e-06 1.8811141711627543e-05 5.157818801653773e-06 -1.746971819686058e-05 6.745387772450134e-07 -2.6829664560865847e-05
leaf_weight=82906 23533 3525 468351 17470 199950 481300 366344 402395 109023 379772 136303
leaf_count=82906 23533 3525 468351 17470 199950 481300 366344 402395 109023 379772 136303
internal_value=-2.38136e-09 -6.20871e-06 -3.49628e-06 6.06566e-06 -8.98821e-06 5.4147e-06 9.20482e-06 1.16654e-05 -7.63483e-06 -3.37083e-06 -2.91049e-05
internal_weight=2.67087e+06 1.32046e+06 1.18063e+06 1.35042e+06 712278 1.33294e+06 851645 768739 688745 488795 139828
internal_count=2670872 1320457 1180629 1350415 712278 1332945 851645 768739 688745 488795 139828
is_linear=0
shrinkage=0.00523217


Tree=286
num_leaves=12
num_cat=0
split_feature=0 0 10 5 17 4 3 7 17 3 1
split_gain=7.89513 2.81559 1.92932 2.07092 3.9074 8.14529 2.0696 1.53612 1.45576 1.30352 1.34003
threshold=-2.9707015752792354 0.53930494189262401 0.70362555980682384 inf -2.2249805927276607 -0.1184701770544052 -2.0900694131851192 0.6457161307334901 -0.52061226963996876 -2.6717535257339473 1.364724934101105
decision_type=2 2 8 8 2 10 8 10 2 8 2
left_child=9 2 3 6 5 -5 -2 -8 -6 -1 -11
right_child=1 -3 -4 4 8 -7 7 -9 -10 10 -12
leaf_value=-0.00012641140749138934 -3.0524870546169034e-05 1.0387501040695464e-05 -1.0028676250262676e-05 0.0044450696407852272 0.00043240280000024544 -5.4193116568413214e-05 5.6702490546546046e-06 -7.9862393203563461e-06 2.1537922587970993e-05 -0.00013206854284752908 -4.17584078529832e-05
leaf_weight=6862 53753 691397 566942 17 360 27 1005114 290656 695 4950 50365
leaf_count=6862 53753 691397 566942 17 360 27 1005114 290656 695 4950 50365
internal_value=-5.30356e-08 1.33533e-06 -1.9281e-06 1.47163e-06 0.000228386 0.00173719 1.28605e-06 2.60632e-06 0.000162826 -5.83211e-05 -4.98572e-05
internal_weight=2.67114e+06 2.60896e+06 1.91756e+06 1.35062e+06 1099 44 1.34952e+06 1.29577e+06 1055 62177 55315
internal_count=2671138 2608961 1917564 1350622 1099 44 1349523 1295770 1055 62177 55315
is_linear=0
shrinkage=0.00523217


Tree=287
num_leaves=12
num_cat=0
split_feature=9 22 20 11 7 22 10 20 16 23 16
split_gain=4.67474 2.54534 2.15382 2.40535 1.67193 2.4533 1.59967 2.04881 1.57954 1.52376 10.7511
threshold=0.36206103861331945 -0.25545366108417505 4.0456516742706308 0.75632205605506908 0.49170890450477606 -1.8086421489715574 0.86300581693649303 -0.21302888542413709 -0.073228619992732988 0.20651500672101977 -0.028346313163638111
decision_type=10 8 10 10 8 10 10 10 2 10 2
left_child=2 -2 4 8 6 -6 7 -1 -4 10 -5
right_child=1 -3 3 9 5 -7 -8 -9 -10 -11 -12
leaf_value=1.8450511617566788e-06 -3.5817939714500793e-05 -7.015906115643343e-06 0.00041125747922843986 0.00011396149407884978 -6.1661171047779176e-05 -2.5720426549455217e-06 -6.8851710416235705e-06 1.4779082040883834e-05 -4.4864583138985954e-05 0.00016783667411040889 0.0046018208989673541
leaf_weight=744750 131353 233242 223 101 19795 681379 243885 610029 2834 3500 15.999999999999998
leaf_count=744750 131353 233242 223 101 19795 681379 243885 610029 2834 3500 16
internal_value=1.4482e-08 -1.73947e-05 2.76675e-06 9.66181e-05 2.494e-06 -4.24145e-06 5.44867e-06 7.66958e-06 -1.1183e-05 0.000187925 0.000774368
internal_weight=2.67111e+06 364595 2.30651e+06 6674 2.29984e+06 701174 1.59866e+06 1.35478e+06 3057 3617 117
internal_count=2671107 364595 2306512 6674 2299838 701174 1598664 1354779 3057 3617 117
is_linear=0
shrinkage=0.00523217


Tree=288
num_leaves=12
num_cat=0
split_feature=0 0 22 0 21 15 22 22 9 16 16
split_gain=7.81189 2.83022 1.94209 2.70982 2.29299 2.54079 1.63209 1.51324 1.36927 1.02091 0.999604
threshold=-3.2939242124557491 0.48711182177066809 0.14046356827020648 -1.0459859371185301 -1.7960952520370481 1.6046285033226015 -0.06793526932597159 -1.5740174055099485 -0.14123066514730451 -1.8011790513992307 1.0000000180025095e-35
decision_type=2 2 8 2 2 2 8 10 8 2 2
left_child=6 2 3 4 5 -2 10 -6 -3 -4 -1
right_child=1 8 9 -5 7 -7 -8 -9 -10 -11 -12
leaf_value=-0.00011507788292045393 2.038440901048213e-05 1.5619479991678613e-05 -4.7568927327399252e-05 -3.8303860714668919e-06 -0.00012221315816724442 0.0003542540026417549 -3.7685819493856749e-05 -3.1009194292591768e-05 1.8293351729409934e-06 5.7930533380481551e-06 -2.976458841177246e-05
leaf_weight=17872 2528 440315 9966 1073052 5248 830 28893 99933 357134 630633 4797
leaf_count=17872 2528 440315 9966 1073052 5248 830 28893 99933 357134 630633 4797
internal_value=-3.14199e-08 1.2236e-06 -2.37375e-06 -6.35126e-06 -3.12657e-05 0.000103242 -6.38078e-05 -3.55688e-05 9.44464e-06 4.96154e-06 -9.70626e-05
internal_weight=2.6712e+06 2.61964e+06 1.82219e+06 1.18159e+06 108539 3358 51562 105181 797449 640599 22669
internal_count=2671201 2619639 1822190 1181591 108539 3358 51562 105181 797449 640599 22669
is_linear=0
shrinkage=0.00523217


Tree=289
num_leaves=12
num_cat=0
split_feature=1 16 3 11 8 4 11 11 18 13 7
split_gain=5.23837 1.90172 3.25883 2.37019 2.13764 1.82339 1.72186 1.6209 1.50787 1.4738 10.4527
threshold=1.226970434188843 -0.20847065746784207 -1.6496527791023252 -0.80520915985107411 -2.0727592706680293 -1.5742818713188169 1.4488692879676821 -0.89958983659744252 -2.1090607643127437 -1.2441169619560239 2.2753107547760014
decision_type=2 2 8 10 10 8 10 10 8 8 10
left_child=7 2 6 -4 -3 9 -2 -1 -9 10 -6
right_child=1 4 3 -5 5 -7 -8 8 -10 -11 -12
leaf_value=-9.3968531191674504e-06 -8.4359756255156449e-05 0.00011795332909747478 -5.0909866795541048e-05 -6.1787632583360141e-06 0.00011539126320835136 -2.1103523970769294e-06 -0.00024434983329332252 5.4567541444819265e-05 3.6587957663364251e-06 -6.7591420830394563e-05 0.0054966968651037132
leaf_weight=277717 13075 3654 58627 72673 355 102352 2152 16050 2107801 16791 8.9999999999999982
leaf_count=277717 13075 3654 58627 72673 355 102352 2152 16050 2107801 16791 9
internal_value=3.36852e-08 -2.18304e-05 -3.45697e-05 -2.61581e-05 -6.66758e-06 -1.04858e-05 -0.000107041 2.4893e-06 4.04392e-06 -6.04058e-05 0.000268005
internal_weight=2.67126e+06 269688 146527 131300 123161 119507 15227 2.40157e+06 2.12385e+06 17155 364
internal_count=2671256 269688 146527 131300 123161 119507 15227 2401568 2123851 17155 364
is_linear=0
shrinkage=0.00523217


Tree=290
num_leaves=12
num_cat=0
split_feature=0 2 0 12 15 15 1 19 24 5 8
split_gain=7.73596 2.87134 2.20309 2.1489 2.30078 2.27624 14.6372 16.5856 1.93773 1.5739 1.34187
threshold=-3.2939242124557491 -0.068967439234256731 -0.035463314503431313 0.32456612586975103 0.46438801288604742 3.5451488494873051 0.11553277447819711 -0.54978159070014943 0.91753992438316356 0.52362319827079784 -2.0727592706680293
decision_type=2 8 2 10 2 2 2 8 10 10 8
left_child=-1 3 9 4 -2 -5 -7 -8 -6 -3 -11
right_child=1 2 -4 5 8 6 7 -9 -10 10 -12
leaf_value=-6.3507656154555955e-05 9.7338541822970969e-06 -5.0646606736793559e-06 1.0783524280938575e-06 2.5677699478492352e-07 2.3277553981594025e-05 0.00016138285191282019 0.0098582345123940165 3.3364422945600317e-05 7.3161810059476352e-05 7.126374216452863e-05 -2.5773386232925612e-05
leaf_weight=51582 413886 322362 1000377 576618 78170 956 7.9999999999999991 10.000000000000002 29355 3976 193787
leaf_count=51582 413886 322362 1000377 576618 78170 956 8 10 29355 3976 193787
internal_value=-5.45935e-08 1.19461e-06 -3.46217e-06 7.63814e-06 1.53386e-05 6.8532e-07 0.000253256 0.00478024 3.69044e-05 -1.21967e-05 -2.3818e-05
internal_weight=2.67109e+06 2.6195e+06 1.5205e+06 1.099e+06 521411 577592 974 18 107525 520125 197763
internal_count=2671087 2619505 1520502 1099003 521411 577592 974 18 107525 520125 197763
is_linear=0
shrinkage=0.00523217


Tree=291
num_leaves=12
num_cat=0
split_feature=9 22 20 11 15 11 21 16 18 18 20
split_gain=4.50658 2.69975 2.18628 2.61154 1.96212 2.25901 1.53239 1.5213 2.77363 1.47218 1.32683
threshold=0.28087367117404943 -0.25545366108417505 4.0456516742706308 0.75632205605506908 -1.0292619466781614 -0.813860923051834 0.96681812405586254 -0.073228619992732988 -0.017976718023419377 -2.1090607643127437 2.7956387996673588
decision_type=10 8 10 10 2 10 2 2 10 8 10
left_child=2 10 4 7 5 -1 -5 8 -4 -6 -2
right_child=1 -3 3 6 9 -7 -8 -9 -10 -11 -12
leaf_value=-4.4737759162647793e-05 -2.886512218078338e-05 -5.4304139506429485e-06 -0.00081945740226935021 0.00023267894723618307 5.4455366335515721e-05 -3.1565565320958476e-06 -0.00013780895490391964 -5.0217606768960086e-05 0.00068030727756479732 3.9638805549432905e-06 -9.9895922939495315e-05
leaf_weight=46515 154273 285192 40 3137 15936 155010 335 2687 180 2000345 7562
leaf_count=46515 154273 285192 40 3137 15936 155010 335 2687 180 2000345 7562
internal_value=3.87983e-08 -1.51198e-05 3.08582e-06 9.98047e-05 2.80722e-06 -1.27583e-05 0.000196666 -1.56392e-05 0.00040107 4.36338e-06 -3.21898e-05
internal_weight=2.67121e+06 447027 2.22418e+06 6379 2.21781e+06 201525 3472 2907 220 2.01628e+06 161835
internal_count=2671212 447027 2224185 6379 2217806 201525 3472 2907 220 2016281 161835
is_linear=0
shrinkage=0.00523217


Tree=292
num_leaves=12
num_cat=0
split_feature=1 1 11 13 18 6 18 4 8 4 23
split_gain=5.13285 1.75531 1.55099 1.49566 1.52194 1.33536 1.22983 1.42692 1.04836 0.962241 2.06464
threshold=1.226970434188843 2.067751526832581 -0.89958983659744252 0.70285081863403331 -2.1090607643127437 -0.57504734396934498 1.1592159867286684 0.12432643398642541 -2.0727592706680293 1.6787248849868777 inf
decision_type=2 2 10 8 8 2 8 8 8 8 8
left_child=2 -2 -1 4 -4 8 7 -6 -3 10 -5
right_child=1 5 3 9 6 -7 -8 -9 -10 -11 -12
leaf_value=-9.2102153102034279e-06 -1.4364286312987279e-05 0.00010132147317223318 5.8914366507667496e-05 -4.4796910315709517e-06 -6.1964711241040851e-07 -7.8236028811902297e-06 1.9912228000308021e-05 9.4290320204915429e-06 -6.5564652449579631e-05 -3.9357901314811952e-05 0.00010758949951515384
leaf_weight=277644 207806 1051 14802 383999 800067 17805 150377 748767 43037 21212 4552
leaf_count=277644 207806 1051 14802 383999 800067 17805 150377 748767 43037 21212 4552
internal_value=-1.19089e-08 -2.16547e-05 2.41843e-06 3.93904e-06 6.08611e-06 -4.61188e-05 5.62541e-06 4.23776e-06 -6.15655e-05 -5.04005e-06 -3.16437e-06
internal_weight=2.67112e+06 269699 2.40142e+06 2.12378e+06 1.71401e+06 61893 1.69921e+06 1.54883e+06 44088 409763 388551
internal_count=2671119 269699 2401420 2123776 1714013 61893 1699211 1548834 44088 409763 388551
is_linear=0
shrinkage=0.00523217


Tree=293
num_leaves=12
num_cat=0
split_feature=9 22 2 13 22 4 6 18 18 4 11
split_gain=4.48344 2.61187 2.27434 1.93249 1.71003 1.82025 1.60345 1.5983 1.56758 1.42598 1.32952
threshold=0.28087367117404943 -0.25545366108417505 -0.61408442258834828 0.25656341016292578 -0.93807104229927052 2.8768199682235722 -1.0850223302841184 -2.1090607643127437 0.1301228925585747 -1.909196615219116 -0.85959830880165089
decision_type=10 8 8 10 10 8 2 8 10 10 8
left_child=2 6 3 -1 10 7 -2 -6 -9 -3 -4
right_child=1 9 4 -5 5 -7 -8 8 -10 -11 -12
leaf_value=1.7472871988267794e-05 -6.108755683914617e-05 -7.0450402578192914e-05 -4.6642707778297761e-05 -5.357412550429863e-06 6.4535112503437682e-05 -7.5644542925918724e-05 -2.2610572322313018e-05 -2.820694601051914e-06 8.1831894911308293e-06 -3.4906265908314151e-06 -8.826387625228002e-06
leaf_weight=431274 39157 8991 30595 132673 11189 8259 122704 850740 607400 276185 151945
leaf_count=431274 39157 8991 30595 132673 11189 8259 122704 850740 607400 276185 151945
internal_value=-1.62377e-08 -1.51363e-05 3.02252e-06 1.21004e-05 -6.07832e-08 1.80518e-06 -3.19242e-05 2.24113e-06 1.76251e-06 -5.60483e-06 -1.51693e-05
internal_weight=2.67111e+06 447037 2.22408e+06 563947 1.66013e+06 1.47759e+06 161861 1.46933e+06 1.45814e+06 285176 182540
internal_count=2671112 447037 2224075 563947 1660128 1477588 161861 1469329 1458140 285176 182540
is_linear=0
shrinkage=0.00523217


Tree=294
num_leaves=12
num_cat=0
split_feature=0 0 8 5 17 8 3 20 3 8 5
split_gain=7.51843 2.72703 1.86298 2.4099 2.90816 4.22859 1.9672 1.48944 1.4367 1.41938 1.51173
threshold=-3.2939242124557491 0.53930494189262401 -0.60674092173576344 inf -2.2249805927276607 0.97868484258651745 -2.0900694131851192 -0.51709809899330128 -2.6717535257339473 -2.0727592706680293 0.78668567538261425
decision_type=2 2 10 8 2 10 10 10 8 8 10
left_child=8 2 9 6 5 -5 -4 -8 -1 -2 -11
right_child=1 -3 3 4 -6 -7 7 -9 -10 10 -12
leaf_value=-0.00013932055472482046 5.3700748817120165e-05 1.0154471990272871e-05 -3.0201279577779111e-05 -0.00022011054217435682 0.00017459245084773572 0.0027175664397680686 -6.1916648114790656e-06 6.5397680842984846e-06 -5.2569883926363017e-05 -5.8739514929486564e-06 -2.5357386568567956e-05
leaf_weight=5918 9694 691409 51408 23 1253 29 354590 865369 45677 506818 138967
leaf_count=5918 9694 691409 51408 23 1253 29 354590 865369 45677 506818 138967
internal_value=7.16158e-09 1.2394e-06 -1.95701e-06 1.7334e-06 0.000226362 0.00142709 1.50199e-06 2.83862e-06 -6.25388e-05 -9.12348e-06 -1.00679e-05
internal_weight=2.67116e+06 2.61956e+06 1.92815e+06 1.27267e+06 1305 52 1.27137e+06 1.21996e+06 51595 655479 645785
internal_count=2671155 2619560 1928151 1272672 1305 52 1271367 1219959 51595 655479 645785
is_linear=0
shrinkage=0.00523217


Tree=295
num_leaves=12
num_cat=0
split_feature=0 2 0 21 13 7 13 0 16 3 18
split_gain=7.53242 2.88542 2.77069 2.23095 2.5428 17.2565 2.0023 1.76819 1.64921 1.59288 1.50733
threshold=-3.2939242124557491 -0.61408442258834828 -1.0951598286628721 -2.2787501811981197 -0.93219253420829762 1.9798831939697268 0.25656341016292578 0.77511435747146618 -0.20052303373813626 -1.599824786186218 0.48241601884365087
decision_type=2 8 2 2 10 10 10 2 2 8 10
left_child=8 6 3 4 5 -3 -2 10 9 -1 -4
right_child=1 2 7 -5 -6 -7 -8 -9 -10 -11 -12
leaf_value=-0.00017108023463380384 1.6096449779716804e-05 0.0003165509855128828 -5.269008672916975e-06 -2.4800260325542437e-05 3.9470715342081719e-05 0.0058467060833028613 -5.7016755773953109e-06 1.4292330420351736e-05 -2.675670737034973e-05 -7.0073522021847019e-05 5.6951211135930575e-06
leaf_weight=5155 485203 360 1125317 154993 848 14.999999999999998 151278 207670 20908 25490 493870
leaf_count=5155 485203 360 1125317 154993 848 15 151278 207670 20908 25490 493870
internal_value=-1.1044e-08 1.22125e-06 -1.88938e-06 -2.30386e-05 0.000199372 0.000557568 1.09142e-05 -8.04351e-08 -6.26418e-05 -8.70967e-05 -1.92433e-06
internal_weight=2.67111e+06 2.61955e+06 1.98307e+06 156216 1223 375 636481 1.82686e+06 51553 30645 1.61919e+06
internal_count=2671107 2619554 1983073 156216 1223 375 636481 1826857 51553 30645 1619187
is_linear=0
shrinkage=0.00523217


Tree=296
num_leaves=12
num_cat=0
split_feature=5 11 22 15 4 13 22 4 12 22 15
split_gain=3.33384 2.32658 2.39379 1.72707 1.60594 1.37021 1.14364 1.32253 1.25523 1.05057 0.944849
threshold=1.1401758193969729 -0.90943422913551319 -1.1425130963325498 -0.85418486595153797 -0.84921774268150318 0.70285081863403331 0.25760389864444738 0.33972814679145819 0.29680359363555914 -1.9833674430847166 0.92244240641593944
decision_type=10 8 10 2 8 8 8 10 10 10 2
left_child=1 2 -1 -4 -2 6 7 9 -9 -3 -6
right_child=4 5 3 -5 10 -7 -8 8 -10 -11 -12
leaf_value=-5.787110323121372e-05 -3.5421212483570112e-05 -6.4313275458838647e-05 -3.3196011267411719e-05 -3.1992642976936537e-07 -1.2448254121081605e-05 -4.5196280710153946e-06 1.3457385386696454e-05 2.0401183091473284e-05 3.0329542925149437e-06 -8.2960732044921643e-08 2.3315509537054364e-05
leaf_weight=27590 86286 7036 54416 223277 194914 406301 437640 200694 263742 746672 22549
leaf_count=27590 86286 7036 54416 223277 194914 406301 437640 200694 263742 746672 22549
internal_value=-3.76732e-10 2.09311e-06 -1.13868e-05 -6.76524e-06 -1.63193e-05 4.08915e-06 6.20208e-06 3.59482e-06 1.05399e-05 -6.83728e-07 -8.73607e-06
internal_weight=2.67112e+06 2.36737e+06 305283 277693 303749 2.06208e+06 1.65578e+06 1.21814e+06 464436 753708 217463
internal_count=2671117 2367368 305283 277693 303749 2062085 1655784 1218144 464436 753708 217463
is_linear=0
shrinkage=0.00523217


Tree=297
num_leaves=12
num_cat=0
split_feature=1 2 12 15 15 1 3 16 3 8 24
split_gain=4.92256 2.03911 2.35408 2.15436 2.09204 11.9578 12.475 1.77932 3.20407 2.12085 1.76147
threshold=1.226970434188843 -0.068967439234256731 0.33189557492733007 0.46438801288604742 3.5451488494873051 0.11553277447819711 0.40899881720542913 -0.20847065746784207 -1.6496527791023252 -2.0727592706680293 0.91753992438316356
decision_type=2 8 10 2 2 2 10 2 8 10 10
left_child=1 2 3 -1 -4 -6 -7 8 -2 -9 -5
right_child=7 -3 4 10 5 6 -8 9 -10 -11 -12
leaf_value=1.0521186179661419e-05 -0.00010538808960483033 -1.8485026583560491e-06 1.1431578927335221e-07 2.4167513320447805e-05 0.00016434175750003837 0.00020189784820202824 0.0092507446174779594 0.00011736740677838385 -2.5183184040329433e-05 -1.0346077182488386e-05 7.2405645036198617e-05
leaf_weight=381532 15226 1357885 556612 76107 950 8.9999999999999982 6.9999999999999991 3667 131215 119511 28526
leaf_count=381532 15226 1357885 556612 76107 950 9 7 3667 131215 119511 28526
internal_value=-1.66685e-09 2.37785e-06 7.877e-06 1.62921e-05 5.38225e-07 0.000243667 0.00457155 -2.12001e-05 -3.35286e-05 -6.53645e-06 3.7327e-05
internal_weight=2.67125e+06 2.40163e+06 1.04374e+06 486165 557578 966 16 269619 146441 123178 104633
internal_count=2671247 2401628 1043743 486165 557578 966 16 269619 146441 123178 104633
is_linear=0
shrinkage=0.00523217


Tree=298
num_leaves=12
num_cat=0
split_feature=6 18 10 23 16 15 6 12 8 13 12
split_gain=3.45664 1.49887 1.42531 3.75858 5.03343 10.4131 1.41968 1.22328 1.36302 1.07972 1.03641
threshold=-0.70294305682182301 -2.1090607643127437 0.8928564488887788 inf -0.039669290184974663 -0.0091774598695337755 -4.1554896831512442 0.59583145380020153 -2.0727592706680293 0.72138541936874401 -2.5945391654968257
decision_type=2 8 8 8 2 2 2 10 8 8 8
left_child=6 -2 3 9 -5 -6 -1 8 -8 10 -3
right_child=1 2 -4 4 5 -7 7 -9 -10 -11 -12
leaf_value=-7.3161781298439709e-05 4.9472059726617129e-05 -2.9700050313015957e-05 -7.7767935082949178e-06 0 0.0039696913019420573 0.00057497727911105703 6.3168399641779145e-05 -3.4302170414914213e-05 -1.0051800156156015e-05 -4.6104521916472942e-06 6.1380155491078848e-06
leaf_weight=10792 18489 22404 335435 430 26 300 7104 59170 334463 344494 1537988
leaf_count=10792 18489 22404 335435 430 26 300 7104 59170 334463 344494 1537988
internal_value=1.48842e-08 2.55529e-06 2.16784e-06 3.91874e-06 0.000372489 0.000861539 -1.39317e-05 -1.23343e-05 -8.52638e-06 3.77181e-06 5.62292e-06
internal_weight=2.6711e+06 2.25957e+06 2.24108e+06 1.90564e+06 756 326 411529 400737 341567 1.90489e+06 1.56039e+06
internal_count=2671095 2259566 2241077 1905642 756 326 411529 400737 341567 1904886 1560392
is_linear=0
shrinkage=0.00523217


Tree=299
num_leaves=12
num_cat=0
split_feature=6 7 5 12 15 5 15 7 11 16 23
split_gain=3.45125 2.01354 1.9386 1.55813 1.34021 1.59583 5.34179 1.40661 1.13417 1.11902 1.2597
threshold=-0.70294305682182301 0.59414795041084301 1.5434468984603884 0.39915086328983312 -0.087978344410657869 inf -0.062228348106145852 2.5355269908905034 -0.90943422913551319 1.1883995532989504 1.6321186423301699
decision_type=2 8 10 10 2 8 2 8 8 2 10
left_child=2 9 8 4 7 -6 -7 -3 -1 10 -2
right_child=1 3 -4 -5 5 6 -8 -9 -10 -11 -12
leaf_value=-3.2982117767092733e-05 7.970844129870629e-06 -2.0148425412093926e-05 -3.6507220725376807e-05 5.4422883029213589e-06 -4.6063149654874279e-06 0.0013691938792386416 6.8494485024250321e-05 -0.00012905272935671741 -4.3953187584815007e-06 -7.1178602315348271e-06 -1.3947672953798046e-05
leaf_weight=43872 1434637 187209 83145 209840 169790 87 4620 3306 284422 174509 75535
leaf_count=43872 1434637 187209 83145 209840 169790 87 4620 3306 284422 174509 75535
internal_value=5.04832e-10 2.53873e-06 -1.39369e-05 -5.91598e-06 -1.24479e-05 -1.96702e-06 9.30437e-05 -2.20432e-05 -8.2181e-06 5.42416e-06 6.87399e-06
internal_weight=2.67097e+06 2.25953e+06 411439 574852 365012 174497 4707 190515 328294 1.68468e+06 1.51017e+06
internal_count=2670972 2259533 411439 574852 365012 174497 4707 190515 328294 1684681 1510172
is_linear=0
shrinkage=0.00523217


Tree=300
num_leaves=12
num_cat=0
split_feature=0 2 0 12 15 0 2 23 19 19 19
split_gain=7.32718 2.73581 2.65086 2.07543 2.76306 1.76803 1.37682 2.01416 1.15398 1.08987 1.05864
threshold=-3.2939242124557491 -0.61408442258834828 -1.0951598286628721 0.24548606574535373 0.73680096864700328 0.77511435747146618 1.9195818305015566 inf 0.4554992020130158 -0.83188828825950611 -0.50509706139564503
decision_type=2 8 2 10 2 2 8 8 8 10 10
left_child=-1 3 -3 4 9 6 7 -4 -8 -2 -6
right_child=1 2 5 -5 10 -7 8 -9 -10 -11 -12
leaf_value=-6.1772912416692131e-05 -1.464109118983263e-05 -2.2513024340063154e-05 -1.3749545044700278e-06 2.4572989799851141e-06 9.4659481045189664e-06 1.431778785363862e-05 8.6368996446741631e-05 0.00013500137764960681 -3.8255647644547128e-05 1.8991780918694776e-05 7.5288559091103724e-05
leaf_weight=51567 30307 156174 1575015 363596 8498 207678 2141 2969 39058 202091 31937
leaf_count=51567 30307 156174 1575015 363596 8498 207678 2141 2969 39058 202091 31937
internal_value=-9.93792e-09 1.20565e-06 -1.8232e-06 1.06445e-05 2.15522e-05 -5.40272e-08 -1.89788e-06 -1.11775e-06 -3.17575e-05 1.46022e-05 6.14755e-05
internal_weight=2.67103e+06 2.61946e+06 1.98304e+06 636429 272833 1.82686e+06 1.61918e+06 1.57798e+06 41199 232398 40435
internal_count=2671031 2619464 1983035 636429 272833 1826861 1619183 1577984 41199 232398 40435
is_linear=0
shrinkage=0.00523217


Tree=301
num_leaves=12
num_cat=0
split_feature=1 2 12 22 22 19 18 12 1 3 16
split_gain=4.79705 2.45917 2.31495 2.2069 2.14495 1.52822 1.46342 1.79962 1.54042 1.44996 1.36476
threshold=1.6507430672645571 -0.068967439234256731 0.32456612586975103 -0.93807104229927052 -0.93807104229927052 -0.65609708428382862 0.1301228925585747 0.14302811771631244 -2.6243940591812129 -0.75150591135025013 -0.68930348753929127
decision_type=2 8 10 8 10 10 10 10 2 8 2
left_child=1 2 5 -2 -3 -1 7 8 -6 -8 -5
right_child=3 4 -4 10 6 -7 9 -9 -10 -11 -12
leaf_value=-1.8053076503359825e-06 -9.3112106214421412e-05 -2.0886814474210948e-05 4.1377309000682525e-07 -4.9754523544372479e-05 -0.00012994544828521138 2.0455293814904088e-05 -6.6918126774140866e-06 9.5999892811726181e-07 -1.4760239107243588e-05 1.1151052064994555e-05 -1.1587379705340764e-05
leaf_weight=106915 13790 159818 573439 36932 3217 400209 181018 440568 270738 400288 84209
leaf_count=106915 13790 159818 573439 36932 3217 400209 181018 440568 270738 400288 84209
internal_value=1.94421e-08 1.63702e-06 7.61702e-06 -3.0379e-05 -2.80153e-06 1.57606e-05 -5.70382e-07 -5.58612e-06 -1.61163e-05 5.59342e-06 -2.32303e-05
internal_weight=2.67114e+06 2.53621e+06 1.08056e+06 134931 1.45565e+06 507124 1.29583e+06 714523 273955 581306 121141
internal_count=2671141 2536210 1080563 134931 1455647 507124 1295829 714523 273955 581306 121141
is_linear=0
shrinkage=0.00523217


Tree=302
num_leaves=12
num_cat=0
split_feature=1 9 20 5 12 5 3 5 8 6 15
split_gain=4.81108 2.58766 2.34112 2.15316 2.30226 5.57167 2.09152 1.59446 1.44042 1.43787 1.29896
threshold=1.9940663576126101 0.26362279057502752 4.0456516742706308 1.0000000180025095e-35 -1.5555489063262937 -0.01859166286885738 -0.45360761880874628 inf -2.0727592706680293 -0.092270366847515092 -1.0292619466781614
decision_type=2 10 10 10 10 8 8 8 10 2 2
left_child=1 2 6 4 -4 -6 8 10 -1 -2 -8
right_child=9 -3 3 -5 5 -7 7 -9 -10 -11 -12
leaf_value=6.0550269427340472e-05 -5.3284082138099314e-05 -1.0564975881858757e-05 0.00016259712143266192 7.1742763270702032e-05 0.00027491730523124307 0.0019924790259252339 -8.2577736730195966e-06 -0.00011052891568580597 -8.1409236559770646e-06 7.350613218221233e-06 7.5168510224773035e-06
leaf_weight=8515 58796 430720 470 4275 177 73 157328 3215 440599 13062 1553869
leaf_count=8515 58796 430720 470 4275 177 73 157328 3215 440599 13062 1553869
internal_value=-1.89383e-08 1.14831e-06 3.47522e-06 0.000116609 0.000381333 0.000786659 3.21359e-06 5.84686e-06 -6.83663e-06 -4.22511e-05 6.06605e-06
internal_weight=2.6711e+06 2.59924e+06 2.16852e+06 4995 720 250 2.16353e+06 1.71441e+06 449114 71858 1.7112e+06
internal_count=2671099 2599241 2168521 4995 720 250 2163526 1714412 449114 71858 1711197
is_linear=0
shrinkage=0.00523217


Tree=303
num_leaves=12
num_cat=0
split_feature=9 2 5 15 11 11 15 2 5 11 3
split_gain=4.28123 2.12754 2.03796 1.65909 1.96475 1.38671 1.31159 1.18699 2.42328 1.81145 1.06907
threshold=0.28087367117404943 -0.61408442258834828 1.1737715005874636 -0.8117547035217284 -0.85959830880165089 -0.94055569171905506 1.6046285033226015 2.0760914087295537 inf 1.0316537618637087 -0.3455826193094253
decision_type=10 8 8 2 10 10 2 8 8 10 8
left_child=1 6 5 4 -3 -2 -1 8 10 -10 -5
right_child=2 3 -4 7 -6 -7 -8 -9 9 -11 -12
leaf_value=9.7358919688711996e-06 -3.3237515689496775e-05 -3.9540694929801228e-05 -3.8168720457051003e-05 -4.9568382519814593e-06 -4.4852638562155041e-06 -5.0631183880222296e-06 4.3750505706077579e-05 -2.9249833560171368e-05 4.0667256948860337e-05 0.00032300863187407873 5.4055685438753631e-06
leaf_weight=531043 56669 56796 83166 374140 191115 307133 32977 32189 1433 1109 1003264
leaf_count=531043 56669 56796 83166 374140 191115 307133 32977 32189 1433 1109 1003264
internal_value=-2.23883e-08 2.94686e-06 -1.47988e-05 -3.55291e-08 -1.25198e-05 -9.45411e-06 1.17262e-05 2.15562e-06 2.8888e-06 0.000164253 2.59028e-06
internal_weight=2.67103e+06 2.22407e+06 446968 1.66005e+06 247911 363802 564020 1.41214e+06 1.37995e+06 2542 1.3774e+06
internal_count=2671034 2224066 446968 1660046 247911 363802 564020 1412135 1379946 2542 1377404
is_linear=0
shrinkage=0.00523217


Tree=304
num_leaves=12
num_cat=0
split_feature=2 6 13 11 24 3 7 7 3 11 18
split_gain=3.37031 2.25393 1.79958 1.49191 1.47316 1.43216 1.35189 1.21521 1.11069 1.28948 0.989873
threshold=0.26386126875877386 -2.4138929843902583 0.31278547644615179 -0.90943422913551319 -0.01782346703112125 -0.37463775277137751 0.97198456525802623 -0.81704983115196217 -2.8063440322875972 -1.1491759419441221 0.61589452624320995
decision_type=8 2 8 8 8 10 8 8 10 10 10
left_child=2 7 3 -1 5 -3 -7 -2 -9 -10 -6
right_child=1 4 -4 -5 10 6 -8 8 9 -11 -12
leaf_value=-1.0046188065166977e-05 -0.00013225386915718829 -8.0247068048904977e-06 -3.7833603916198816e-06 1.0899217397436928e-05 -1.6162700411130785e-05 1.3565854951128584e-05 -1.212607908737184e-05 -7.8044017167453264e-05 -0.00012351317871972701 -1.1226752106157681e-05 4.5537510186307258e-07
leaf_weight=103043 3600 293080 432831 960803 365610 254623 71867 11526 3030 37116 133995
leaf_count=103043 3600 293080 432831 960803 365610 254623 71867 11526 3030 37116 133995
internal_value=3.44998e-09 -6.63088e-06 5.20997e-06 8.8697e-06 -5.01925e-06 3.69963e-07 7.90806e-06 -3.92488e-05 -3.27506e-05 -1.97249e-05 -1.17041e-05
internal_weight=2.67112e+06 1.17445e+06 1.49668e+06 1.06385e+06 1.11918e+06 619570 326490 55272 51672 40146 499605
internal_count=2671124 1174447 1496677 1063846 1119175 619570 326490 55272 51672 40146 499605
is_linear=0
shrinkage=0.00523217


Tree=305
num_leaves=12
num_cat=0
split_feature=0 0 8 3 16 3 20 7 8 20 0
split_gain=7.14372 2.66132 1.78035 1.66657 1.59855 1.53073 1.48467 2.21952 1.39501 1.17645 1.15044
threshold=-3.2939242124557491 0.53930494189262401 -0.63414832949638356 -2.253310918807983 -0.20052303373813626 -1.599824786186218 -0.51709809899330128 0.61482834815979015 -2.0727592706680293 0.67258802056312572 -0.47019396722316736
decision_type=2 2 10 10 2 8 10 10 8 10 2
left_child=4 2 8 -4 5 -1 -5 -8 9 -2 -10
right_child=1 -3 3 6 -6 -7 7 -9 10 -11 -12
leaf_value=-0.00016738170911881491 -2.1946976241213394e-05 1.0015451385945474e-05 -3.0105253299342571e-05 -6.2482387512912407e-06 -2.5664350433790232e-05 -6.8369691529594271e-05 1.0895049243683331e-05 -8.6011517102001169e-06 -2.2157740460770371e-05 9.7273329308369475e-05 -5.9141835812254494e-06
leaf_weight=5156 3585 691233 43947 362556 20920 25488 680253 208910 161089 6111 461721
leaf_count=5156 3585 691233 43947 362556 20920 25488 680253 208910 161089 6111 461721
internal_value=6.14737e-09 1.20702e-06 -1.95032e-06 1.5619e-06 -6.09799e-05 -8.5061e-05 2.67438e-06 6.31348e-06 -9.14624e-06 5.31127e-05 -1.01169e-05
internal_weight=2.67097e+06 2.6194e+06 1.92817e+06 1.29567e+06 51564 30644 1.25172e+06 889163 632506 9696 622810
internal_count=2670969 2619405 1928172 1295666 51564 30644 1251719 889163 632506 9696 622810
is_linear=0
shrinkage=0.00523217


Tree=306
num_leaves=12
num_cat=0
split_feature=0 0 0 21 15 4 3 20 8 23 17
split_gain=7.20813 2.69313 1.77423 1.98179 2.78503 3.36128 1.54391 1.28071 1.14624 2.01635 2.88183
threshold=-3.6869672536849971 0.43806774914264685 -1.0951598286628721 -1.7960952520370481 1.6046285033226015 -2.4756387472152706 -2.6717535257339473 -0.8835771083831786 -0.63414832949638356 inf -2.2249805927276607
decision_type=2 2 2 2 2 10 8 10 10 8 2
left_child=6 2 3 4 -2 -6 -1 -3 -4 -10 -11
right_child=1 7 8 -5 5 -7 -8 -9 9 10 -12
leaf_value=-0.00015544888884483723 1.9470427593271458e-05 -1.9139702424952035e-06 -7.4017407880419205e-06 -2.0595501701996172e-05 0.0015118716458672463 0.0002456906945267554 -5.6779865583754073e-05 1.2186325105388763e-05 1.9860674072840143e-06 0.0013961137830019858 0.00015188233360713941
leaf_weight=4946 3982 240368 496968 185311 60 1040 36259 661086 1039679 52 1370
leaf_count=4946 3982 240368 496968 185311 60 1040 36259 661086 1039679 52 1370
internal_value=1.77057e-08 1.09387e-06 -2.72946e-06 -1.77964e-05 8.40947e-05 0.000317033 -6.86471e-05 8.42567e-06 -8.6384e-07 2.25625e-06 0.000199068
internal_weight=2.67112e+06 2.62992e+06 1.72846e+06 190393 5082 1100 41205 901454 1.53807e+06 1.0411e+06 1422
internal_count=2671121 2629916 1728462 190393 5082 1100 41205 901454 1538069 1041101 1422
is_linear=0
shrinkage=0.00523217


Tree=307
num_leaves=12
num_cat=0
split_feature=0 0 10 23 11 0 9 9 10 5 19
split_gain=6.8587 2.60789 1.77348 2.12121 3.34935 2.68501 1.42624 1.03853 1.03085 1.17614 1.05137
threshold=-3.2939242124557491 0.57761248946189891 0.90249487757682811 inf 1.2325468659400942 0.044172596186399467 -1.1627550721168516 -0.084001872688531862 2.1022378206253056 0.94783887267112743 1.3857352733612063
decision_type=2 2 8 8 10 2 10 8 10 10 10
left_child=-1 2 3 -2 6 -6 -5 -3 9 -4 -10
right_child=1 7 8 4 5 -7 -8 -9 10 -11 -12
leaf_value=-5.9757704612969822e-05 6.4789179007140863e-07 1.5575529892835301e-05 -8.1317772295212066e-06 0.00111039168070879 0.00044603704921912399 0.0019070159531583964 -5.1825152098422608e-05 1.3466082625026015e-06 -2.3608624248596847e-05 -3.0413211095534019e-05 8.9314731008999066e-05
leaf_weight=51569 1581444 400195 330230 29 425 37 681 216530 3805 80765 5513
leaf_count=51569 1581444 400195 330230 29 425 37 681 216530 3805 80765 5513
internal_value=-2.94648e-09 1.17307e-06 -1.72338e-06 8.13386e-07 0.000223213 0.000569344 -1.4584e-06 1.05811e-05 -1.1277e-05 -1.25124e-05 4.31192e-05
internal_weight=2.67122e+06 2.61965e+06 2.00293e+06 1.58262e+06 1172 462 710 616725 420313 410995 9318
internal_count=2671223 2619654 2002929 1582616 1172 462 710 616725 420313 410995 9318
is_linear=0
shrinkage=0.00523217


Tree=308
num_leaves=12
num_cat=0
split_feature=0 9 20 21 4 17 0 20 4 0 7
split_gain=6.96793 2.57505 2.02642 2.79848 3.18669 20.5731 2.18256 1.36362 1.37484 1.30059 1.29852
threshold=-3.2939242124557491 0.28087367117404943 3.4771887063980107 -2.2787501811981197 -2.2136638164520259 -2.3578816652297969 0.57761248946189891 2.658916831016541 -2.0359294414520259 0.019596530124545101 1.9798831939697268
decision_type=2 10 10 2 8 2 2 10 10 2 10
left_child=-1 2 6 4 5 -4 -2 -3 9 -9 -5
right_child=1 7 3 10 -6 -7 -8 8 -10 -11 -12
leaf_value=-6.0236197315508093e-05 -1.7759989937047305e-08 -8.8804931327553433e-06 0.0082114650219881208 6.7945272011556347e-05 0.00020329757792172552 0.00041026237495662944 1.1932671823908135e-05 -0.00014797251134023826 -2.8467555759359899e-05 0.00095731639843155787 -7.2203307851050424e-05
leaf_weight=51572 1623896 404334 8.9999999999999982 8531 1633 107 563503 4163 10885 28 2291
leaf_count=51572 1623896 404334 9 8531 1633 107 563503 4163 10885 28 2291
internal_value=-9.32643e-09 1.17618e-06 3.44155e-06 6.9681e-05 0.000263872 0.0010991 3.06047e-06 -1.07047e-05 -5.95702e-05 -0.000140129 3.81972e-05
internal_weight=2.67095e+06 2.61938e+06 2.19997e+06 12571 1749 116 2.1874e+06 419410 15076 4191 10822
internal_count=2670952 2619380 2199970 12571 1749 116 2187399 419410 15076 4191 10822
is_linear=0
shrinkage=0.00523217


Tree=309
num_leaves=12
num_cat=0
split_feature=2 15 20 15 11 2 16 8 16 16 2
split_gain=3.24917 1.50141 1.52541 2.97827 1.47897 2.18019 2.10449 1.55656 1.51903 5.12075 1.37307
threshold=0.26386126875877386 -1.1140463352203367 -0.21302888542413709 1.2241169810295107 -0.77098208665847767 1.9195818305015566 -0.22441072016954419 -2.0727592706680293 -0.033904301002621644 -0.030067418701946732 -3.0457649230957027
decision_type=8 2 8 2 8 8 2 8 2 2 10
left_child=1 -1 -3 -4 6 -6 -2 -7 -9 -10 -5
right_child=4 2 3 10 5 7 -8 8 9 -11 -12
leaf_value=-1.2380765274321701e-05 -3.1528265015656549e-05 1.4196507807293611e-06 9.256032427182954e-06 0.00033713211447479219 -1.304228142680912e-06 8.3222519401544924e-05 -1.9818404376307756e-06 -8.2335617720861269e-05 0.00017626697925149387 -4.2321629207060806e-05 4.8737938960513099e-05
leaf_weight=123363 138171 720073 603418 456 854980 2868 126450 17078 3231 31703 49216
leaf_count=123363 138171 720073 603418 456 854980 2868 126450 17078 3231 31703 49216
internal_value=-1.03555e-08 5.10158e-06 6.67277e-06 1.24634e-05 -6.52468e-06 -3.35719e-06 -1.74125e-05 -3.53252e-05 -4.18792e-05 -2.20764e-05 5.14096e-05
internal_weight=2.67101e+06 1.49653e+06 1.37316e+06 653090 1.17448e+06 909860 264621 54880 52012 34934 49672
internal_count=2671007 1496526 1373163 653090 1174481 909860 264621 54880 52012 34934 49672
is_linear=0
shrinkage=0.00523217


Tree=310
num_leaves=12
num_cat=0
split_feature=1 22 22 9 20 1 17 22 16 9 20
split_gain=4.51742 2.91622 2.23442 1.76833 1.67239 1.89611 3.37479 5.17511 2.97441 1.33175 2.03033
threshold=1.226970434188843 -1.7137829661369322 0.11386564001441003 0.12168252095580102 3.1645727157592778 -2.0414247512817378 -2.3578816652297969 -0.1414191201329231 -0.028346313163638111 0.52295345067977916 4.0456516742706308
decision_type=2 8 8 8 10 2 2 8 2 8 10
left_child=3 -2 9 4 -1 6 7 -6 -8 10 -3
right_child=1 2 -4 -5 5 -7 8 -9 -10 -11 -12
leaf_value=4.4352049110480844e-06 -0.00014671701585346788 -2.4902189084586113e-05 -1.416652939661768e-06 -5.6507146487686237e-06 0.0048374682160032241 5.1011320167022543e-05 0.00013896724966435016 -0.00037213636488060724 0.001243697216455479 -5.6348968053491518e-05 0.00014116843117903044
leaf_weight=1809512 4904 98386 121409 580449 9.9999999999999982 10882 565 9.0000000000000018 75 42885 2055
leaf_count=1809512 4904 98386 121409 580449 10 10882 565 9 75 42885 2055
internal_value=2.08327e-08 -2.0285e-05 -1.79393e-05 2.3011e-06 4.83614e-06 6.76218e-05 0.00034011 0.00245269 0.000271734 -3.19296e-05 -2.14948e-05
internal_weight=2.67114e+06 269639 264735 2.4015e+06 1.82105e+06 11541 659 19 640 143326 100441
internal_count=2671141 269639 264735 2401502 1821053 11541 659 19 640 143326 100441
is_linear=0
shrinkage=0.00523217


Tree=311
num_leaves=12
num_cat=0
split_feature=9 20 3 23 16 6 15 20 7 21 5
split_gain=4.10238 2.1455 2.28312 2.02524 7.12532 7.29064 4.00954 1.99982 1.89359 1.85629 1.50842
threshold=0.28087367117404943 4.0456516742706308 -0.45360761880874628 0.20651500672101977 -0.028346313163638111 0.025145482271909717 0.078658685088157668 2.0423238277435307 1.9798831939697268 -0.62077674269676197 inf
decision_type=10 10 8 10 2 2 2 10 8 2 8
left_child=1 2 10 4 6 -6 -3 -2 -4 -5 -1
right_child=7 3 8 9 5 -7 -8 -9 -10 -11 -12
leaf_value=-8.7553821363409101e-06 -1.1174189704228903e-05 0 5.7404405567726714e-06 0.00015262764952984185 0.0011530059607065841 0.0068523641189002695 0.0023405337756395384 -5.1640453391444919e-05 -7.45351819316781e-05 -3.3828162599905757e-05 7.1374462786587004e-05
leaf_weight=461758 410581 207 1741338 3717 22.000000000000004 7.9999999999999991 21 36412 8079 2398 6519
leaf_count=461758 410581 207 1741338 3717 22 8 21 36412 8079 2398 6519
internal_value=-8.43739e-09 2.89819e-06 2.62231e-06 9.87557e-05 0.000552313 0.00290073 0.00022644 -1.44725e-05 5.36921e-06 7.93852e-05 -7.63798e-06
internal_weight=2.67106e+06 2.22407e+06 2.21769e+06 6373 258 30 228 446993 1.74942e+06 6115 468277
internal_count=2671060 2224067 2217694 6373 258 30 228 446993 1749417 6115 468277
is_linear=0
shrinkage=0.00523217


Tree=312
num_leaves=12
num_cat=0
split_feature=9 22 2 13 22 4 5 22 18 5 12
split_gain=4.0696 2.57786 2.04833 1.87265 1.65355 1.70459 1.85492 2.20503 1.60225 1.33479 1.33119
threshold=0.28087367117404943 -0.25545366108417505 -0.61408442258834828 0.25656341016292578 -0.93807104229927052 2.8768199682235722 inf -0.83467108011245716 -2.1090607643127437 1.1401758193969729 0.23746246844530108
decision_type=10 8 8 10 10 8 8 10 10 10 10
left_child=2 9 3 10 -4 6 8 -8 -6 -2 -1
right_child=1 -3 4 -5 5 -7 7 -9 -10 -11 -12
leaf_value=2.7610478923404361e-05 -2.3670507878457255e-05 -4.9472874930854676e-06 -1.4896875616495427e-05 -5.6872636023805105e-06 6.4280463140150337e-05 -7.3187129529608504e-05 0.0010343291154215201 0.00010249716667693993 1.4439160374550467e-06 -6.1561184271967723e-05 8.9743926575523408e-06
leaf_weight=180776 130155 285168 182579 132662 11194 8252 70 3499 1454557 31692 250532
leaf_count=180776 130155 285168 182579 132662 11194 8252 70 3499 1454557 31692 250532
internal_value=-1.06065e-08 -1.44164e-05 2.88438e-06 1.14992e-05 -4.16924e-08 1.79338e-06 2.21509e-06 0.000121335 1.9244e-06 -3.10954e-05 1.67873e-05
internal_weight=2.67114e+06 447015 2.22412e+06 563970 1.66015e+06 1.47757e+06 1.46932e+06 3569 1.46575e+06 161847 431308
internal_count=2671136 447015 2224121 563970 1660151 1477572 1469320 3569 1465751 161847 431308
is_linear=0
shrinkage=0.00523217


Tree=313
num_leaves=12
num_cat=0
split_feature=9 22 2 22 13 4 5 20 4 20 3
split_gain=4.0854 2.43807 2.20615 1.88509 1.81924 1.65759 1.88379 3.66421 1.59692 1.40765 1.38632
threshold=0.36206103861331945 -0.25545366108417505 -0.61408442258834828 -0.93807104229927052 0.25656341016292578 2.8768199682235722 inf 4.0456516742706308 -1.909196615219116 0.47795137763023382 -0.59544420242309559
decision_type=10 8 8 10 8 8 8 10 10 10 8
left_child=2 -2 4 -4 9 6 10 -8 -3 -1 -5
right_child=1 8 3 5 -6 -7 7 -9 -10 -11 -12
leaf_value=1.1729719493850182e-05 -3.43419232862854e-05 -8.1324614915939927e-05 -1.6014480893162639e-05 -8.1086531820676252e-06 -5.3203714262012595e-06 -7.2242540901077323e-05 8.7740195495890699e-05 0.00099538467335685095 -3.6569582404876335e-06 3.4705540853488332e-05 4.1631263529808776e-06
leaf_weight=351246 131328 7488 189133 318499 136657 8300 3691 125 225832 92230 1206718
leaf_count=351246 131328 7488 189133 318499 136657 8300 3691 125 225832 92230 1206718
internal_value=-3.36324e-08 -1.63078e-05 2.53879e-06 -4.26948e-07 1.13661e-05 1.49022e-06 1.89105e-06 0.000117981 -6.15341e-06 1.65099e-05 1.59998e-06
internal_weight=2.67125e+06 364648 2.3066e+06 1.72647e+06 580133 1.53733e+06 1.52903e+06 3816 233320 443476 1.52522e+06
internal_count=2671247 364648 2306599 1726466 580133 1537333 1529033 3816 233320 443476 1525217
is_linear=0
shrinkage=0.00523217


Tree=314
num_leaves=12
num_cat=0
split_feature=0 0 22 0 22 16 8 5 22 7 15
split_gain=6.79872 2.43208 1.91779 2.23488 1.76619 1.36454 1.26062 2.79821 1.21462 1.08652 1.05238
threshold=-2.9707015752792354 0.57761248946189891 0.14046356827020648 -1.0459859371185301 -0.24403611570596692 -0.20052303373813626 -0.64278486371040333 inf -1.7137829661369322 1.1119816303253176 1.6586847305297854
decision_type=2 2 8 2 8 2 10 8 10 8 2
left_child=4 2 3 8 -1 -6 -5 -8 -2 -4 -10
right_child=1 -3 9 6 5 -7 7 -9 10 -11 -12
leaf_value=-9.2888577733172428e-05 -0.00012765081362645401 1.036421385656579e-05 8.1246811676484862e-06 -1.1308707092014437e-05 -5.9866962419997991e-05 1.2147063983833848e-06 3.5727913509106032e-08 0.00033046772997702309 -2.9880516295809906e-05 -1.10495968250811e-05 3.9261097386296797e-05
leaf_weight=21190 3289 616701 596650 368650 23618 17335 830038 701 93036 93560 6433
leaf_count=21190 3289 616701 596650 368650 23618 17335 830038 701 93036 93560 6433
internal_value=-3.66497e-09 1.28429e-06 -1.52586e-06 -5.26349e-06 -5.40898e-05 -3.39928e-05 -3.25637e-06 3.15992e-07 -2.86824e-05 5.52437e-06 -2.54004e-05
internal_weight=2.6712e+06 2.60906e+06 1.99236e+06 1.30215e+06 62143 40953 1.19939e+06 830739 102758 690210 99469
internal_count=2671201 2609058 1992357 1302147 62143 40953 1199389 830739 102758 690210 99469
is_linear=0
shrinkage=0.00523217


Tree=315
num_leaves=12
num_cat=0
split_feature=0 0 22 0 21 22 13 22 8 5 18
split_gain=6.73297 2.50672 1.88558 2.4149 2.24993 1.60565 1.50865 1.48569 1.24683 2.83085 1.24462
threshold=-3.2939242124557491 0.55012133717536937 0.14046356827020648 -1.0459859371185301 -1.7960952520370481 -0.06793526932597159 -0.93219253420829762 -1.5740174055099485 -0.63414832949638356 inf 0.37889628112316137
decision_type=2 2 8 2 2 8 10 10 10 8 10
left_child=5 2 3 4 6 -1 -2 -6 -5 -10 -4
right_child=1 -3 10 8 7 -7 -8 -9 9 -11 -12
leaf_value=-9.2178617130661634e-05 0.00026149663606454305 9.9213350380843768e-06 -4.1189693895775344e-08 -1.1393633644193453e-05 -0.00011938507568208185 -3.3289099275145849e-05 2.5584449640760861e-05 -2.8927806740530322e-05 0 0.00033330870189651139 1.4746802077601772e-05
leaf_weight=22657 1113 669976 437090 363864 5237 28913 2250 99936 797478 697 242014
leaf_count=22657 1113 669976 437090 363864 5237 28913 2250 99936 797478 697 242014
internal_value=2.43407e-08 1.19014e-06 -1.80979e-06 -5.57185e-06 -2.9175e-05 -5.9179e-05 0.000103964 -3.3441e-05 -3.36657e-06 2.91739e-07 5.22768e-06
internal_weight=2.67122e+06 2.61966e+06 1.94968e+06 1.27058e+06 108536 51570 3363 105173 1.16204e+06 798175 679104
internal_count=2671225 2619655 1949679 1270575 108536 51570 3363 105173 1162039 798175 679104
is_linear=0
shrinkage=0.00523217


Tree=316
num_leaves=12
num_cat=0
split_feature=1 9 22 22 15 18 18 12 17 13 18
split_gain=4.39687 2.29424 1.966 1.57749 1.54245 1.3345 1.36786 2.53843 1.20991 1.04351 0.951851
threshold=1.9940663576126101 0.26362279057502752 -0.26097050309181208 -1.1425130963325498 -1.0606151223182676 -2.1090607643127437 -0.69612541794776905 -1.0749866962432859 -1.0229446291923521 0.31278547644615179 1.520852327346802
decision_type=2 10 8 8 2 8 10 8 2 8 10
left_child=1 4 -3 8 -1 -6 7 -7 -2 -8 -5
right_child=3 2 -4 10 5 6 9 -9 -10 -11 -12
leaf_value=-1.1714074386940311e-05 8.5266805627616369e-05 -2.4830416692795111e-05 -1.5465754817205227e-06 -2.2125346165326424e-05 5.2373906961180239e-05 -5.3192547123959705e-05 1.0635995047236138e-05 -3.5904803911069319e-07 -0.00015410390301412566 1.6227652095405267e-06 -6.8486481400033763e-05
leaf_weight=172821 651 155251 275563 50333 15867 26173 836463 510046 4848 607087 16013
leaf_count=172821 651 155251 275563 50333 15867 26173 836463 510046 4848 607087 16013
internal_value=-2.71934e-08 1.08855e-06 -9.9392e-06 -4.04042e-05 3.27985e-06 4.57872e-06 4.19523e-06 -2.93948e-06 -0.000125608 6.84603e-06 -3.3328e-05
internal_weight=2.67112e+06 2.59927e+06 430814 71845 2.16846e+06 1.99564e+06 1.97977e+06 536219 5499 1.44355e+06 66346
internal_count=2671116 2599271 430814 71845 2168457 1995636 1979769 536219 5499 1443550 66346
is_linear=0
shrinkage=0.00523217


Tree=317
num_leaves=12
num_cat=0
split_feature=9 22 11 22 16 4 11 22 7 23 11
split_gain=3.96491 2.3022 1.55329 2.16976 1.68017 1.54234 1.0883 1.09856 1.08396 2.06077 2.84522
threshold=0.36206103861331945 -0.25545366108417505 -0.86895382404327381 -1.2493496537208555 -0.31147064268589014 -1.909196615219116 -0.77098208665847767 -0.19853145629167554 inf inf 0.82314845919609081
decision_type=10 8 8 10 2 10 10 10 8 8 10
left_child=2 -2 3 -1 -5 -3 -7 -8 9 -4 -11
right_child=1 5 8 4 -6 6 7 -9 -10 10 -12
leaf_value=-5.6621814356528696e-05 -3.3525985759587857e-05 -7.9946130908786872e-05 4.1902590278910931e-06 -1.8381347508500622e-05 6.6148372334055683e-06 -2.3597476241407992e-05 3.2794666263373009e-05 -3.0000707935729997e-06 -7.5866327235839861e-05 8.5315653708977543e-06 0.000244679547305538
leaf_weight=23386 131351 7501 1973245 130566 168711 56372 28139 141356 4605 3519 2323
leaf_count=23386 131351 7501 1973245 130566 168711 56372 28139 141356 4605 3519 2323
internal_value=2.69777e-08 -1.60029e-05 2.56224e-06 -8.08339e-06 -4.28763e-06 -6.13651e-06 -3.68134e-06 2.9379e-06 4.29425e-06 4.48122e-06 0.000102601
internal_weight=2.67107e+06 364719 2.30636e+06 322663 299277 233368 225867 169495 1.98369e+06 1.97909e+06 5842
internal_count=2671074 364719 2306355 322663 299277 233368 225867 169495 1983692 1979087 5842
is_linear=0
shrinkage=0.00523217


Tree=318
num_leaves=12
num_cat=0
split_feature=2 22 22 13 11 22 3 11 2 4 15
split_gain=3.14037 2.58501 1.92438 1.74087 1.5548 2.14188 1.51212 1.43649 1.21297 1.07688 1.00656
threshold=0.26386126875877386 -1.6494436860084531 0.25760389864444738 0.25656341016292578 -0.84985676407814015 -1.1425130963325498 -2.9485645294189449 -0.90943422913551319 0.26386126875877386 -0.2972129732370376 -1.0606151223182676
decision_type=8 8 10 8 8 10 8 8 10 8 2
left_child=3 9 4 7 5 -3 -6 -1 -8 -2 -5
right_child=1 2 -4 10 6 -7 8 -9 -10 -11 -12
leaf_value=-1.0129241441476067e-05 -8.3841381442261145e-05 -7.8963622499816677e-05 6.6278328766549823e-06 -2.9499458672108253e-05 -4.6780485314218652e-05 -1.7180895814269303e-05 -0.00011614067404129462 1.0894126636917779e-05 -3.9121850250684214e-06 -1.3956760161988636e-05 -1.0411208051540027e-06
leaf_weight=98403 16363 17247 282544 36907 23795 141271 2646 924975 681062 9613 436442
leaf_count=98403 16363 17247 282544 36907 23795 141271 2646 924975 681062 9613 436442
internal_value=8.19554e-09 -6.3955e-06 -5.22738e-06 5.03396e-06 -9.09614e-06 -2.39086e-05 -5.77621e-06 8.87183e-06 -4.34789e-06 -5.80117e-05 -3.26178e-06
internal_weight=2.67127e+06 1.17454e+06 1.14856e+06 1.49673e+06 866021 158518 707503 1.02338e+06 683708 25976 473349
internal_count=2671268 1174541 1148565 1496727 866021 158518 707503 1023378 683708 25976 473349
is_linear=0
shrinkage=0.00523217


Tree=319
num_leaves=12
num_cat=0
split_feature=0 2 0 12 19 16 0 2 16 19 20
split_gain=6.6892 2.4685 2.38655 2.09152 1.69983 1.63923 1.62199 1.28819 1.17452 1.1609 1.14102
threshold=-3.2939242124557491 -0.61408442258834828 -1.0951598286628721 0.24548606574535373 -0.83188828825950611 -0.20052303373813626 0.77511435747146618 1.9195818305015566 -0.14435844123363492 0.4554992020130158 1.2016049027442934
decision_type=2 8 2 10 10 2 2 8 2 8 10
left_child=5 3 8 4 -2 -1 7 -4 -3 -9 -6
right_child=1 2 6 -5 10 -7 -8 9 -10 -11 -12
leaf_value=-8.3436886919183419e-05 -1.3502540537616715e-05 -3.4973110918681905e-05 -1.0743798979866736e-06 1.8834162276281826e-06 2.1333087066135318e-05 -2.3289401477963176e-05 1.370269162244185e-05 8.7732151842868594e-05 -6.2236615212694732e-06 -3.7243760768192951e-05 5.4152823174254441e-05
leaf_weight=30634 34072 82272 1578080 363614 204884 20920 207680 2142 73944 39032 33833
leaf_count=30634 34072 82272 1578080 363614 204884 20920 207680 2142 73944 39032 33833
internal_value=-2.59361e-08 1.13533e-06 -1.74154e-06 1.01015e-05 2.10527e-05 -5.90464e-05 -6.27175e-08 -1.82873e-06 -2.137e-05 -3.07203e-05 2.59882e-05
internal_weight=2.67111e+06 2.61955e+06 1.98315e+06 636403 272789 51554 1.82693e+06 1.61925e+06 156216 41174 238717
internal_count=2671107 2619553 1983150 636403 272789 51554 1826934 1619254 156216 41174 238717
is_linear=0
shrinkage=0.00523217


Tree=320
num_leaves=12
num_cat=0
split_feature=0 0 22 0 22 16 8 5 22 15 3
split_gain=6.48486 2.34202 1.84016 2.14114 1.75535 1.34307 1.24926 2.74011 1.22266 1.02568 1.01666
threshold=-2.9707015752792354 0.57761248946189891 0.14046356827020648 -1.0459859371185301 -0.24403611570596692 -0.20052303373813626 -0.64278486371040333 inf -1.7137829661369322 1.6586847305297854 -2.0158718824386592
decision_type=2 2 8 2 8 2 10 8 10 2 8
left_child=4 2 3 8 -1 10 -5 -8 -2 -10 -6
right_child=1 -3 -4 6 5 -7 7 -9 9 -11 -12
leaf_value=-9.1489685055509991e-05 -0.00012741521027294565 1.017125048249933e-05 5.4093587276572164e-06 -1.1208899357158838e-05 -0.00016237071329158745 2.1443484802792609e-06 8.6802593734779568e-08 0.00032800533141916552 -2.9209740442479138e-05 3.8983608816379386e-05 -4.7038634403825851e-05
leaf_weight=21191 3286 616657 690180 368647 2328 17341 830029 697 93080 6446 21313
leaf_count=21191 3286 616657 690180 368647 2328 17341 830029 697 93080 6446 21313
internal_value=1.83289e-09 1.26061e-06 -1.49692e-06 -5.15799e-06 -5.28075e-05 -3.2784e-05 -3.1929e-06 3.63368e-07 -2.8074e-05 -2.47846e-05 -5.84373e-05
internal_weight=2.6712e+06 2.60902e+06 1.99236e+06 1.30218e+06 62173 40982 1.19937e+06 830726 102812 99526 23641
internal_count=2671195 2609022 1992365 1302185 62173 40982 1199373 830726 102812 99526 23641
is_linear=0
shrinkage=0.00523217


Tree=321
num_leaves=12
num_cat=0
split_feature=0 0 22 0 22 20 17 18 22 20 14
split_gain=6.36691 2.31713 1.87372 2.33192 1.55742 1.30928 1.70917 1.17765 1.04166 1.01316 1.18938
threshold=-3.2939242124557491 0.57761248946189891 0.14046356827020648 -1.0459859371185301 -0.06793526932597159 3.4771887063980107 -2.0497308969497676 0.37889628112316137 -1.2493496537208555 -0.84651517868041981 -0.84931573271751393
decision_type=2 2 8 2 8 10 2 10 10 10 2
left_child=4 2 3 5 -1 8 -7 -4 -2 -5 -11
right_child=1 -3 7 9 -6 6 -8 -9 -10 10 -12
leaf_value=-9.0095372476428983e-05 -8.7237018872471977e-05 9.9876561743379972e-06 2.8421803350446349e-07 -1.5244743441561432e-05 -3.2089675571575871e-05 0.00034526610511380215 2.0705375827827751e-05 1.4525721190077266e-05 -2.7708793221114114e-05 -1.2133680720165644e-05 1.6209402354711656e-06
leaf_weight=22653 8818 616696 448809 164863 28903 485 5244 246219 93956 218054 816428
leaf_count=22653 8818 616696 448809 164863 28903 485 5244 246219 93956 218054 816428
internal_value=-1.36232e-08 1.11933e-06 -1.61087e-06 -5.30036e-06 -5.75936e-05 -2.85291e-05 4.83874e-05 5.33055e-06 -3.28251e-05 -3.19819e-06 -1.27757e-06
internal_weight=2.67113e+06 2.61957e+06 2.00288e+06 1.30785e+06 51556 108503 5729 695028 102774 1.19934e+06 1.03448e+06
internal_count=2671128 2619572 2002876 1307848 51556 108503 5729 695028 102774 1199345 1034482
is_linear=0
shrinkage=0.00523217


Tree=322
num_leaves=12
num_cat=0
split_feature=0 2 0 21 4 9 0 18 15 15 18
split_gain=6.33637 2.53339 2.57887 2.30144 4.14906 19.3084 1.59067 1.5388 1.67311 1.46299 1.27056
threshold=-3.6869672536849971 -0.61408442258834828 -1.0951598286628721 -2.2787501811981197 -2.2136638164520259 -1.0828197002410886 0.77511435747146618 0.48241601884365087 1.1938624382019045 1.6046285033226015 1.8528348207473757
decision_type=2 8 2 2 8 10 2 10 2 2 10
left_child=10 9 3 4 5 -3 7 -4 -9 -2 -1
right_child=1 2 6 -5 -6 -7 -8 8 -10 -11 -12
leaf_value=-5.2878188467697582e-05 8.1729932354706332e-06 0.0074133937225004214 -5.2210439525361937e-06 -2.3390338989699461e-05 0.00011699979258662124 0.00030506436035769834 1.3540824829422866e-05 9.6434631206300368e-06 -1.8631845764026947e-05 4.2758417862508118e-05 -0.00013820819961721034
leaf_weight=35682 602179 10.999999999999998 1125218 164144 1185 77 207643 427833 66130 35468 5534
leaf_count=35682 602179 11 1125218 164144 1185 77 207643 427833 66130 35468 5534
internal_value=1.16798e-08 1.02083e-06 -1.88408e-06 -2.16667e-05 0.000199775 0.00128909 -9.23378e-08 -1.84115e-06 5.8564e-06 1.00981e-05 -6.43584e-05
internal_weight=2.6711e+06 2.62989e+06 1.99224e+06 165417 1273 88 1.82682e+06 1.61918e+06 493963 637647 41216
internal_count=2671104 2629888 1992241 165417 1273 88 1826824 1619181 493963 637647 41216
is_linear=0
shrinkage=0.00523217


Tree=323
num_leaves=12
num_cat=0
split_feature=1 16 11 10 21 15 7 11 7 7 13
split_gain=4.03568 1.7551 2.01631 1.55644 1.51276 1.85159 3.82224 1.44469 1.43586 1.42345 1.30592
threshold=1.226970434188843 -0.20847065746784207 1.6065768599510195 2.1022378206253056 -2.0947774648666377 1.6586847305297854 1.68023157119751 -0.89958983659744252 1.2878480553627016 -0.51332080364227284 0.70285081863403331
decision_type=2 2 10 10 2 2 10 10 8 10 8
left_child=7 2 8 4 5 9 -7 -1 -2 -3 -9
right_child=1 3 -4 -5 -6 6 -8 10 -10 -11 -12
leaf_value=-9.047489872242397e-06 -2.2393832572092964e-05 0.00031059991503635832 -0.00015721917482629342 0.00013159452321868326 -9.5878792756770551e-06 0.00019384337822423849 0.001343908993687195 5.6483437418642539e-06 -7.416912172717981e-05 -6.1814960531775511e-05 -4.748528800090839e-06
leaf_weight=277699 126490 377 3408 2253 118889 489 94 1713966 16607 1086 409725
leaf_count=277699 126490 377 3408 2253 118889 489 94 1713966 16607 1086 409725
internal_value=1.87496e-08 -1.91717e-05 -3.14119e-05 -4.60806e-06 -7.1534e-06 0.000133841 0.000382993 2.17432e-06 -2.84087e-05 3.37772e-05 3.64209e-06
internal_weight=2.67108e+06 269693 146505 123188 120935 2046 583 2.40139e+06 143097 1463 2.12369e+06
internal_count=2671083 269693 146505 123188 120935 2046 583 2401390 143097 1463 2123691
is_linear=0
shrinkage=0.00523217


Tree=324
num_leaves=12
num_cat=0
split_feature=0 2 0 21 11 9 12 15 0 2 19
split_gain=6.30895 2.44672 2.47571 2.29229 2.52354 4.79735 2.01342 2.64323 1.58718 1.24244 1.14984
threshold=-3.6869672536849971 -0.61408442258834828 -1.0951598286628721 -2.2787501811981197 0.73603066802024852 -1.4019325971603391 0.24548606574535373 0.73680096864700328 0.77511435747146618 1.9195818305015566 0.33766210079193121
decision_type=2 8 2 2 10 8 10 2 2 8 8
left_child=-1 6 3 4 -3 -6 7 -2 9 -4 -11
right_child=1 2 8 -5 5 -7 -8 -9 -10 10 -12
leaf_value=-6.4188592351426647e-05 1.3920317076134865e-05 2.8424575768109365e-05 -1.0434407385591561e-06 -2.2892845186291353e-05 0.0017350410908870567 0.00027123640580874626 1.9154458774951172e-06 5.9713910400854925e-05 1.3582269917768578e-05 9.3246939654832657e-05 -3.6346440871765927e-05
leaf_weight=41201 233195 830 1578225 164199 73 370 363870 40519 207588 1964 39241
leaf_count=41201 233195 830 1578225 164199 73 370 363870 40519 207588 1964 39241
internal_value=5.39601e-08 1.06068e-06 -1.79369e-06 -2.11731e-05 0.00019983 0.000518234 9.98198e-06 2.07025e-05 -3.80491e-08 -1.78449e-06 -3.01475e-05
internal_weight=2.67128e+06 2.63007e+06 1.99249e+06 165472 1273 443 637584 273714 1.82702e+06 1.61943e+06 41205
internal_count=2671275 2630074 1992490 165472 1273 443 637584 273714 1827018 1619430 41205
is_linear=0
shrinkage=0.00523217


Tree=325
num_leaves=12
num_cat=0
split_feature=0 0 22 9 22 9 10 3 16 16 9
split_gain=6.16835 2.33446 1.9959 2.00641 1.50691 1.45083 1.07495 1.20553 1.027 0.948263 0.928962
threshold=-3.2939242124557491 0.31527259945869451 0.14046356827020648 0.56847214698791515 -0.06793526932597159 -0.12801420688629148 0.70362555980682384 -2.253310918807983 -1.8011790513992307 -0.16850627958774564 -0.54120543599128712
decision_type=2 2 8 8 8 8 8 8 2 2 10
left_child=4 2 3 6 9 10 7 -2 -4 -1 -3
right_child=1 5 8 -5 -6 -7 -8 -9 -10 -11 -12
leaf_value=-0.00011483705055526899 -3.6737098252420547e-05 4.5752263032539998e-07 -5.2792581512246774e-05 -2.9871931829723909e-05 -3.1562685982418622e-05 4.1776366079089038e-07 -1.4208114441304547e-05 4.0038259963293493e-07 5.7500059556181652e-06 -4.473498377996512e-05 1.56004933547708e-05
leaf_weight=14173 25030 144549 8332 101741 28924 549266 252874 542502 517243 8498 478007
leaf_count=14173 25030 144549 8332 101741 28924 549266 252874 542502 517243 8498 478007
internal_value=1.09362e-08 1.12711e-06 -3.31628e-06 -7.95456e-06 -5.66417e-05 6.61735e-06 -5.2355e-06 -1.23616e-06 4.82028e-06 -8.85991e-05 1.20858e-05
internal_weight=2.67114e+06 2.61954e+06 1.44772e+06 922147 51595 1.17182e+06 820406 567532 525575 22671 622556
internal_count=2671139 2619544 1447722 922147 51595 1171822 820406 567532 525575 22671 622556
is_linear=0
shrinkage=0.00523217


Tree=326
num_leaves=12
num_cat=0
split_feature=1 3 10 5 10 22 16 1 22 16 22
split_gain=4.10236 1.85008 2.06055 1.82356 1.76964 3.3695 3.61628 1.87528 1.53847 1.29327 1.23732
threshold=1.9940663576126101 -0.65833011269569386 1.1498247385025027 inf -0.59933307766914357 -0.3405162096023559 -0.039669290184974663 -1.8654117584228513 -1.1425130963325498 -0.067246664315462099 0.25760389864444738
decision_type=2 8 8 8 8 8 2 2 8 2 10
left_child=1 3 10 -1 5 6 -5 -6 -2 -9 -3
right_child=8 2 -4 4 7 -7 -8 9 -10 -11 -12
leaf_value=-9.786232416439568e-06 -0.00012322778526462641 2.2947891364601799e-06 -1.3652333295984496e-05 0.00015505275117865127 2.5880360577850147e-05 0.00012396346753384746 0.0017337024731553276 0.0012936143850075224 -3.2036686090752912e-05 0.00029629290177195624 1.1930221490118793e-05
leaf_weight=456855 5491 1465071 183293 78 7096 575 83 40 66361 317 485967
leaf_count=456855 5491 1465071 183293 78 7096 575 83 40 66361 317 485967
internal_value=-1.92707e-08 1.05846e-06 3.11917e-06 -8.39748e-06 6.89718e-05 0.000313702 0.000980547 4.46505e-05 -3.90187e-05 0.00041418 4.69521e-06
internal_weight=2.67123e+06 2.59938e+06 2.13433e+06 465044 8189 736 161 7453 71852 357 1.95104e+06
internal_count=2671227 2599375 2134331 465044 8189 736 161 7453 71852 357 1951038
is_linear=0
shrinkage=0.00523217


Tree=327
num_leaves=12
num_cat=0
split_feature=1 1 6 23 8 15 5 13 5 15 6
split_gain=4.01867 1.72107 1.34159 1.16596 1.16196 1.04534 1.00169 0.997047 1.28038 3.21856 1.14155
threshold=1.9940663576126101 0.86046850681304943 -0.092270366847515092 1.1607865095138552 -2.0727592706680293 0.81144323945045482 0.017212929204106334 inf inf 0.088724624365568175 0.073502786457538619
decision_type=2 2 2 10 8 2 10 8 8 2 2
left_child=1 3 4 7 5 -2 -3 8 -1 -10 -9
right_child=2 6 -4 -5 -6 -7 -8 10 9 -11 -12
leaf_value=4.1670944978853097e-06 -1.7009481142621332e-05 1.4133501936778062e-07 9.3234087983938723e-06 -7.8475625488560692e-06 -5.2595262460468405e-05 0.00029399356403803269 -1.6740359046523963e-05 -1.6197490365032214e-05 4.9983591882629306e-05 0.00057820173594354664 -0.00019395853158826751
leaf_weight=1953986 711 176500 13081 245792 57585 500 211295 3124 6592 331 1454
leaf_count=1953986 711 176500 13081 245792 57585 500 211295 3124 6592 331 1454
internal_value=4.40799e-08 1.11166e-06 -3.85479e-05 2.89494e-06 -4.92121e-05 0.000110897 -9.05482e-06 4.23875e-06 4.41921e-06 7.5449e-05 -7.28663e-05
internal_weight=2.67095e+06 2.59907e+06 71877 2.21128e+06 58796 1211 387795 1.96549e+06 1.96091e+06 6923 4578
internal_count=2670951 2599074 71877 2211279 58796 1211 387795 1965487 1960909 6923 4578
is_linear=0
shrinkage=0.00523217


Tree=328
num_leaves=12
num_cat=0
split_feature=0 2 0 21 17 2 12 22 22 22 0
split_gain=6.06844 2.41999 2.44386 2.28206 2.35269 7.56199 2.01172 1.77043 1.68829 1.68625 1.63138
threshold=-3.6869672536849971 -0.61408442258834828 -1.0951598286628721 -2.2787501811981197 -2.3578816652297969 2.0760914087295537 0.24548606574535373 -0.06793526932597159 -1.8086421489715574 -1.5740174055099485 0.77511435747146618
decision_type=2 8 2 2 2 10 10 8 8 8 2
left_child=7 6 3 4 5 -3 -2 -1 -4 -5 -10
right_child=1 2 8 9 -6 -7 -8 -9 10 -11 -12
leaf_value=-0.00010190556853238409 2.0582656936587445e-05 0.0003975697582075316 -4.5855618546492774e-05 -0.00011838268961525141 0.00012219300180918357 0.0043433440852354965 1.8016975192074022e-06 -3.2698114884751354e-05 -1.3312502677764306e-06 -1.9870284991579429e-05 1.4330520788301969e-05
leaf_weight=18027 273679 116 21813 4906 1147 13.999999999999998 363764 23179 1599473 159278 205452
leaf_count=18027 273679 116 21813 4906 1147 14 363764 23179 1599473 159278 205452
internal_value=5.30343e-09 9.92869e-07 -1.84598e-06 -2.1101e-05 0.00019906 0.000863928 9.86637e-06 -6.29969e-05 -1.01466e-07 -2.28197e-05 4.5107e-07
internal_weight=2.67085e+06 2.62964e+06 1.9922e+06 165461 1277 130 637443 41206 1.82674e+06 164184 1.80492e+06
internal_count=2670848 2629642 1992199 165461 1277 130 637443 41206 1826738 164184 1804925
is_linear=0
shrinkage=0.00523217


Tree=329
num_leaves=12
num_cat=0
split_feature=9 22 2 20 11 23 11 22 20 4 4
split_gain=3.72785 2.27255 2.04006 1.86116 2.73621 2.39897 9.35846 1.94755 1.69386 1.62007 1.50517
threshold=0.36206103861331945 -0.25545366108417505 -0.61408442258834828 4.0456516742706308 0.75632205605506908 0.21854478120803836 1.6616939902305605 -0.93807104229927052 0.47795137763023382 2.143503069877625 -1.909196615219116
decision_type=10 8 8 10 10 10 10 10 10 8 10
left_child=2 -2 8 7 -5 6 -6 -4 -1 -9 -3
right_child=1 10 3 4 5 -7 -8 9 -10 -11 -12
leaf_value=6.162815647994505e-06 -3.2948456873001837e-05 -7.869512106329149e-05 -1.6642223085188754e-05 -2.0158323499026916e-05 0.0033547916922043539 0.00018422662487170726 -0.00026570654961442401 1.887315801997434e-06 2.7680502434167431e-05 -4.3129899061120392e-05 -3.3159799643315205e-06
leaf_weight=451232 131453 7493 187176 2795 30 2691 51 1511453 128781 22204 225789
leaf_count=451232 131453 7493 187176 2795 30 2691 51 1511453 128781 22204 225789
internal_value=-5.49411e-09 -1.5549e-05 2.45221e-06 -3.99566e-07 9.51021e-05 0.000211568 0.00109441 -7.09052e-07 1.09418e-05 1.23501e-06 -5.74098e-06
internal_weight=2.67115e+06 364735 2.30641e+06 1.7264e+06 5567 2772 81 1.72083e+06 580013 1.53366e+06 233282
internal_count=2671148 364735 2306413 1726400 5567 2772 81 1720833 580013 1533657 233282
is_linear=0
shrinkage=0.00523217


Tree=330
num_leaves=12
num_cat=0
split_feature=5 6 7 22 6 5 14 22 23 23 22
split_gain=2.97214 1.44487 1.41581 1.31356 1.50363 1.54343 3.92747 1.12247 1.10732 0.988291 1.04691
threshold=1.1401758193969729 -0.44586032629013056 1.2645485401153567 0.16183476150035861 -0.77405205368995655 1.1401758193969729 -0.48919464647769922 -1.8086421489715574 1.3506710529327395 1.3123711347579958 0.077804323285818114
decision_type=10 2 8 8 2 8 2 10 8 10 8
left_child=2 9 3 4 -1 8 -7 -4 -6 10 -2
right_child=1 -3 7 -5 5 6 -8 -9 -10 -11 -12
leaf_value=-1.5635744587863204e-05 -4.8838213490691911e-05 -4.9633547280926001e-06 -8.4145421575118281e-05 9.1287116213869849e-06 3.2784944688922271e-06 7.4169459471809288e-05 0.00095917134412123507 -9.5147545219256948e-06 -1.5095542681591666e-05 -1.1101060624227249e-06 -1.58236406427157e-05
leaf_weight=144522 63729 165376 5691 691325 1244778 1110 156 182964 96758 29699 44916
leaf_count=144522 63729 165376 5691 691325 1244778 1110 156 182964 96758 29699 44916
internal_value=1.4474e-09 -1.5407e-05 1.97866e-06 3.16964e-06 3.99255e-07 2.12567e-06 0.000184649 -1.17708e-05 1.95266e-06 -2.78853e-05 -3.5197e-05
internal_weight=2.67102e+06 303720 2.3673e+06 2.17865e+06 1.48732e+06 1.3428e+06 1266 188655 1.34154e+06 138344 108645
internal_count=2671024 303720 2367304 2178649 1487324 1342802 1266 188655 1341536 138344 108645
is_linear=0
shrinkage=0.00523217


Tree=331
num_leaves=12
num_cat=0
split_feature=5 2 13 22 18 23 2 19 22 22 8
split_gain=2.96075 1.86048 2.10245 1.86055 1.55621 1.44708 1.37862 1.36549 1.14433 1.10408 1.05486
threshold=1.1401758193969729 -0.068967439234256731 0.25656341016292578 -0.97798731923103321 0.1301228925585747 inf -0.59790065884590138 -0.7122703194618224 0.16895828396081927 0.29210555553436285 -2.0727592706680293
decision_type=10 8 10 8 10 8 8 10 10 10 8
left_child=1 2 -1 -3 5 -5 -2 -4 -7 -6 -8
right_child=6 3 7 4 9 8 10 -9 -10 -11 -12
leaf_value=1.2236758552411422e-05 4.6402037357495358e-06 -2.2446218529299696e-05 -2.2416448176501736e-05 -4.6823099684238339e-06 2.094111790545965e-06 -0.00022462568045599903 7.3397039483058128e-05 2.7907913892779696e-06 -3.4944343823920353e-05 1.9067900469890685e-05 -2.2887091824990902e-05
leaf_weight=711884 71923 111483 83269 711917 402957 1427 3153 200308 2264 141899 228584
leaf_count=711884 71923 111483 83269 711917 402957 1427 3153 200308 2264 141899 228584
internal_value=1.87791e-08 1.99195e-06 7.43732e-06 -1.95853e-06 -1.45823e-07 -5.21931e-06 -1.53618e-05 -4.60824e-06 -0.000108544 6.51617e-06 -2.15732e-05
internal_weight=2.67107e+06 2.36741e+06 995461 1.37195e+06 1.26046e+06 715608 303660 283577 3691 544856 231737
internal_count=2671068 2367408 995461 1371947 1260464 715608 303660 283577 3691 544856 231737
is_linear=0
shrinkage=0.00523217


Tree=332
num_leaves=12
num_cat=0
split_feature=1 3 23 23 13 17 20 15 3 3 15
split_gain=3.83796 1.82664 1.69342 1.67893 2.09307 2.28289 3.24936 1.82531 1.40712 1.20485 1.08734
threshold=1.9940663576126101 -0.65833011269569386 1.6321186423301699 inf 2.6879446506500249 -0.49833256006240839 2.658916831016541 0.078658685088157668 -2.9485645294189449 -2.6717535257339473 3.5451488494873051
decision_type=2 8 8 8 10 2 10 2 10 8 2
left_child=1 3 10 -1 5 6 -5 -7 -6 -2 -3
right_child=9 2 -4 4 8 7 -8 -9 -10 -11 -12
leaf_value=-9.6637170162336458e-06 -9.316604521098816e-05 3.97592011243401e-06 -1.867975744775096e-05 3.583464012255595e-05 -7.0568576573623771e-05 -3.9124786370077487e-05 0.00064305879359949001 0.00025569764143449671 0.00036415465588915716 -2.9392477222701263e-05 0.00010805620192683439
leaf_weight=456731 9338 2038069 93272 669 257 5400 379 642 927 62506 2751
leaf_count=456731 9338 2038069 93272 669 257 5400 379 642 927 62506 2751
internal_value=2.91366e-08 1.0722e-06 3.11995e-06 -8.32399e-06 6.55237e-05 3.13683e-05 0.000256675 -7.62128e-06 0.000269139 -3.76941e-05 4.11668e-06
internal_weight=2.67094e+06 2.5991e+06 2.13409e+06 465005 8274 7090 1048 6042 1184 71844 2.04082e+06
internal_count=2670941 2599097 2134092 465005 8274 7090 1048 6042 1184 71844 2040820
is_linear=0
shrinkage=0.00523217


Tree=333
num_leaves=12
num_cat=0
split_feature=1 1 18 18 12 23 18 5 19 16 16
split_gain=3.85349 1.67464 1.60478 1.23458 1.20088 1.15503 1.4185 1.5227 1.28322 1.0152 1.73275
threshold=1.9940663576126101 0.86046850681304943 -2.1090607643127437 1.520852327346802 -3.1459270715713497 1.1607865095138552 0.48241601884365087 inf 3.9810845851898198 -0.033904301002621644 -0.030067418701946732
decision_type=2 2 8 10 8 10 10 8 8 2 2
left_child=1 2 -1 4 -2 6 8 -8 -4 -3 -11
right_child=3 9 5 -5 -6 -7 7 -9 -10 10 -12
leaf_value=5.3579035986188669e-05 -0.00010656611204424648 -1.5580968761663008e-05 1.519483908437838e-06 -7.5229612900543964e-05 -1.765940759794059e-05 -8.3041001402406674e-06 1.049439212156811e-05 9.1431599801094466e-05 -7.7739023665408916e-05 0.00013854520266803473 -4.9007581696349153e-07
leaf_weight=16914 4548 241120 1466030 18072 49217 244377 472046 6452 5612 2495 144211
leaf_count=16914 4548 241120 1466030 18072 49217 244377 472046 6452 5612 2495 144211
internal_value=5.36697e-09 1.05043e-06 2.80944e-06 -3.7796e-05 -2.51972e-05 2.41774e-06 3.76174e-06 1.15876e-05 1.21663e-06 -8.97756e-06 1.87009e-06
internal_weight=2.67109e+06 2.59926e+06 2.21143e+06 71837 53765 2.19452e+06 1.95014e+06 478498 1.47164e+06 387826 146706
internal_count=2671094 2599257 2211431 71837 53765 2194517 1950140 478498 1471642 387826 146706
is_linear=0
shrinkage=0.00523217


Tree=334
num_leaves=12
num_cat=0
split_feature=9 2 16 4 11 15 11 15 19 11 19
split_gain=3.67457 1.98163 1.66559 1.57019 1.49762 1.46339 1.91701 1.29742 1.27303 1.51803 2.68938
threshold=0.35016092658042913 -0.61408442258834828 -1.10889196395874 -1.909196615219116 3.6002298593521123 -0.8117547035217284 -0.85959830880165089 1.6046285033226015 -0.4004348069429397 3.1637597084045415 -1.0598355531692503
decision_type=10 8 2 10 10 2 10 2 10 10 10
left_child=1 7 4 -4 -2 6 -3 -1 9 -9 -11
right_child=2 5 3 -5 -6 -7 -8 8 -10 10 -12
leaf_value=8.8851553475429422e-06 -4.7793372756588218e-05 -3.7961559749244519e-05 -6.7489144031847488e-05 -9.484232322012486e-06 -0.00053610297469745762 1.6621732575812006e-06 -4.0578869218242486e-06 -1.8617501675099395e-06 6.9717318672673722e-05 0.0014196892876548609 3.33111790210365e-05
leaf_weight=544528 33487 59307 13298 328288 172 1459872 198648 13805 19533 56 120
leaf_count=544528 33487 59307 13298 328288 172 1459872 198648 13805 19533 56 120
internal_value=-2.86903e-08 2.45199e-06 -1.52084e-05 -1.1745e-05 -5.03313e-05 -3.67304e-07 -1.1856e-05 1.08317e-05 4.24341e-05 4.2564e-06 0.000485493
internal_weight=2.67111e+06 2.29587e+06 375245 341586 33659 1.71783e+06 257955 578042 33514 13981 176
internal_count=2671114 2295869 375245 341586 33659 1717827 257955 578042 33514 13981 176
is_linear=0
shrinkage=0.00523217


Tree=335
num_leaves=12
num_cat=0
split_feature=9 22 3 5 11 22 3 23 11 22 4
split_gain=3.61881 2.21888 1.67256 2.36331 3.25987 2.78817 5.69693 1.74026 1.56257 1.8036 1.45329
threshold=0.36206103861331945 -0.25545366108417505 -0.45360761880874628 inf 0.73603066802024852 -0.073168788105249391 -2.9485645294189449 1.6321186423301699 -0.85959830880165089 -1.2493496537208555 -1.909196615219116
decision_type=10 8 8 8 10 8 10 8 8 10 10
left_child=2 -2 3 -1 -5 6 -6 8 9 -4 -3
right_child=1 10 7 4 5 -7 -8 -9 -10 -11 -12
leaf_value=-7.4547993773618727e-06 -3.2520930385233035e-05 -7.722310234216987e-05 -5.4235874087540194e-05 6.3442516357981257e-06 -0.00019061213366413499 9.6672443406161287e-05 0.00069793666586271243 -2.02912105307223e-05 7.9212202911611324e-06 -2.0103352010491581e-06 -3.2451941341883822e-06
leaf_weight=489563 131344 7512 19532 4568 269 1462 725 72880 1469737 247792 225826
leaf_count=489563 131344 7512 19532 4568 269 1462 725 72880 1469737 247792 225826
internal_value=-1.88366e-09 -1.53177e-05 2.41934e-06 -6.08599e-06 8.91891e-05 0.000242871 0.000456726 4.75337e-06 5.80461e-06 -5.82942e-06 -5.63063e-06
internal_weight=2.67121e+06 364682 2.30653e+06 496587 7024 2456 994 1.80994e+06 1.73706e+06 267324 233338
internal_count=2671210 364682 2306528 496587 7024 2456 994 1809941 1737061 267324 233338
is_linear=0
shrinkage=0.00523217


Tree=336
num_leaves=12
num_cat=0
split_feature=1 1 5 20 4 20 13 13 23 13 4
split_gain=3.74651 1.63723 1.23239 1.14469 1.26 2.22507 2.0398 1.36241 1.18605 1.46806 1.07456
threshold=1.9940663576126101 0.86046850681304943 1.7695005536079409 -0.92353871464729298 0.41345734894275671 2.2166688442230229 0.31278547644615179 1.0811863541603091 0.49597114324569708 2.6879446506500249 0.49387770891189581
decision_type=2 2 10 10 10 10 8 10 10 10 10
left_child=1 3 -2 10 8 6 -6 -7 9 -5 -1
right_child=2 -3 -4 4 5 7 -8 -9 -10 -11 -12
leaf_value=-1.0438048199802812e-07 -2.4529867355863505e-05 -8.8802736661178904e-06 -7.4225686584831376e-05 3.9795996978934877e-06 1.5397080220351166e-05 0.00012837504240525833 -5.1296729726972114e-06 6.4515892844241796e-06 -7.6395946852708445e-06 0.0001578809007068812 -2.0428323984665679e-05
leaf_weight=248806 53445 387791 18395 922902 431731 6977 191158 3940 304655 1699 99819
leaf_count=248806 53445 387791 18395 922902 431731 6977 191158 3940 304655 1699 99819
internal_value=5.28096e-09 1.03567e-06 -3.72669e-05 2.77467e-06 4.40321e-06 1.03957e-05 9.09635e-06 8.44513e-05 1.31279e-06 4.26347e-06 -5.92593e-06
internal_weight=2.67132e+06 2.59948e+06 71840 2.21169e+06 1.86306e+06 633806 622889 10917 1.22926e+06 924601 348625
internal_count=2671318 2599478 71840 2211687 1863062 633806 622889 10917 1229256 924601 348625
is_linear=0
shrinkage=0.00523217


Tree=337
num_leaves=12
num_cat=0
split_feature=5 11 22 18 5 13 20 19 5 12 21
split_gain=2.87967 2.02544 2.27777 1.32946 1.09746 1.06351 1.56094 1.23233 1.64302 1.07925 1.04488
threshold=1.1401758193969729 -0.90943422913551319 -1.1425130963325498 -1.9570049643516538 2.6781778335571294 0.70285081863403331 -0.10349924489855765 -0.79295396804809559 1.1401758193969729 0.52518862485885631 -0.21711105108261106
decision_type=10 8 10 8 10 8 10 10 8 8 2
left_child=1 2 -1 -3 -2 6 10 9 -9 -7 -5
right_child=4 3 -4 5 -6 7 -8 8 -10 -11 -12
leaf_value=-5.5962200835654473e-05 -1.0060783548886571e-05 4.1922571632127988e-05 -6.1208198397511153e-06 -4.658884946803945e-06 -3.456461393023082e-05 -4.6111720385322005e-05 1.2250870883543243e-05 -1.5898993394689764e-06 9.7525338714622524e-05 -3.6447464791111089e-06 5.8508717523068464e-06
leaf_weight=27602 240587 24756 277767 441761 63239 32987 565905 333725 4641 32634 625722
leaf_count=27602 240587 24756 277767 441761 63239 32987 565905 333725 4641 32634 625722
internal_value=1.45235e-10 1.94651e-06 -1.06288e-05 3.80911e-06 -1.51638e-05 3.34557e-06 5.22579e-06 -4.25446e-06 -2.27733e-07 -2.50051e-05 1.50082e-06
internal_weight=2.67133e+06 2.3675e+06 305369 2.06213e+06 303826 2.03738e+06 1.63339e+06 403987 338366 65621 1.06748e+06
internal_count=2671326 2367500 305369 2062131 303826 2037375 1633388 403987 338366 65621 1067483
is_linear=0
shrinkage=0.00523217


Tree=338
num_leaves=12
num_cat=0
split_feature=1 2 20 18 18 16 11 11 2 1 16
split_gain=3.72829 1.9739 2.12027 1.46739 1.39677 1.3725 1.98917 1.3201 1.53753 1.28821 4.12249
threshold=1.5674355030059817 -0.61408442258834828 1.2016049027442934 0.48241601884365087 -2.1090607643127437 -0.20052303373813626 1.6065768599510195 -0.58821526169776905 1.9195818305015566 -2.6243940591812129 -0.039669290184974663
decision_type=2 8 10 10 8 2 10 8 8 2 2
left_child=1 2 -1 4 -3 6 -2 -6 -9 10 -4
right_child=5 3 9 -5 7 -7 -8 8 -10 -11 -12
leaf_value=6.7535958200899978e-06 -3.4423936383122786e-05 4.6517598993150472e-05 0.00016437213709516747 5.9145063432732737e-06 -1.3004638218604263e-05 -7.0312067804342638e-06 -0.00019320408580531347 -4.9461470264231521e-07 -5.2165496554771753e-05 3.9920869603544112e-05 0.0020308410846848501
leaf_weight=573179 86091 14731 328 567749 374906 67234 2217 918734 16040 49886 35
leaf_count=573179 86091 14731 328 567749 374906 67234 2217 918734 16040 49886 35
internal_value=3.49393e-10 1.53772e-06 9.61226e-06 -1.12225e-06 -4.13938e-06 -2.48583e-05 -3.84218e-05 -4.70981e-06 -1.38217e-06 4.22035e-05 0.000352547
internal_weight=2.67113e+06 2.51559e+06 623428 1.89216e+06 1.32441e+06 155542 88308 1.30968e+06 934774 50249 363
internal_count=2671130 2515588 623428 1892160 1324411 155542 88308 1309680 934774 50249 363
is_linear=0
shrinkage=0.00523217


Tree=339
num_leaves=12
num_cat=0
split_feature=1 11 3 5 16 1 18 13 11 16 11
split_gain=3.72928 2.12075 1.90672 1.97191 1.81248 1.75153 1.68996 2.58776 2.70317 1.6139 1.4653
threshold=1.9940663576126101 -0.90943422913551319 -1.0728502273559568 inf -0.20847065746784207 -1.8654117584228513 2.2742880582809453 2.6879446506500249 0.92389616370201122 -0.067246664315462099 0.82314845919609081
decision_type=2 8 8 8 2 2 8 10 10 2 10
left_child=1 4 3 -3 -1 10 -4 -8 -9 -7 -5
right_child=-2 2 6 5 -6 9 7 8 -10 -11 -12
leaf_value=-2.367363881464833e-05 -3.7206925594583478e-05 -1.1624794362496204e-05 5.0453180513510453e-06 -2.194643012328001e-05 9.8192534911954686e-07 0.0015460647822525869 -5.7303464168377762e-05 0.00013397436056929385 0.002282781634978952 0.00032973609154986867 0.00015069320542482269
leaf_weight=164807 71846 285596 1967485 2686 161591 33 14112 44 25 285 2682
leaf_count=164807 71846 285596 1967485 2686 161591 33 14112 44 25 285 2682
internal_value=-2.15237e-08 1.00599e-06 2.79718e-06 -9.7013e-06 -1.14649e-05 8.67527e-05 4.63473e-06 -5.22703e-05 0.000949306 0.000463733 6.41737e-05
internal_weight=2.67119e+06 2.59935e+06 2.27295e+06 291282 326398 5686 1.98167e+06 14181 69 318 5368
internal_count=2671192 2599346 2272948 291282 326398 5686 1981666 14181 69 318 5368
is_linear=0
shrinkage=0.00523217


Tree=340
num_leaves=12
num_cat=0
split_feature=9 20 3 5 12 9 13 20 18 8 18
split_gain=3.60953 2.18336 2.13557 1.89569 5.23813 6.15547 5.86317 1.86734 1.8139 1.71343 1.56365
threshold=0.26362279057502752 4.0456516742706308 -0.45360761880874628 -0.070621233433485017 -1.5555489063262937 -0.15158109366893766 0.9851396679878236 2.0423238277435307 2.4283109903335576 -2.0727592706680293 0.15182214975357058
decision_type=10 10 8 10 10 10 10 10 8 10 8
left_child=1 2 9 4 -3 -6 -7 -2 10 -1 -4
right_child=7 3 8 -5 5 6 -8 -9 -10 -11 -12
leaf_value=6.419065568031837e-05 -1.0083023473278478e-05 2.9356529411868295e-05 2.0642517349100148e-06 7.8270760940612422e-05 0.00029986295326895945 0.00057500415224738587 0.0043697049654617542 -4.860767723266247e-05 -8.6481627619212854e-05 -8.8478641678737024e-06 1.2678285402280771e-05
leaf_weight=8963 430490 230 1163725 5961 61 20 27 37455 5883 453874 564340
leaf_count=8963 430490 230 1163725 5961 61 20 27 37455 5883 453874 564340
internal_value=2.85816e-08 2.83206e-06 2.55274e-06 0.000100098 0.000481066 0.00142495 0.00282533 -1.31684e-05 5.21828e-06 -7.43155e-06 5.53098e-06
internal_weight=2.67103e+06 2.20308e+06 2.19678e+06 6299 338 108 47 467945 1.73395e+06 462837 1.72806e+06
internal_count=2671029 2203084 2196785 6299 338 108 47 467945 1733948 462837 1728065
is_linear=0
shrinkage=0.00523217


Tree=341
num_leaves=12
num_cat=0
split_feature=0 0 22 9 22 9 2 23 7 21 9
split_gain=5.71031 2.28381 1.92987 2.00072 1.81601 1.46233 1.12044 1.28911 1.07821 1.01459 0.954518
threshold=-3.6869672536849971 0.28200697898864752 0.14046356827020648 0.56847214698791515 -0.06793526932597159 -0.12801420688629148 0.082531370222568526 inf 0.90268561244010936 -2.2787501811981197 -0.54120543599128712
decision_type=2 2 8 8 8 8 8 8 8 2 10
left_child=4 2 3 6 -1 10 7 -2 -4 -8 -3
right_child=1 5 8 -5 -6 -7 9 -9 -10 -11 -12
leaf_value=-0.00010051319231003346 1.4117100576765321e-06 0 8.4996142321085378e-06 -3.0255740382022652e-05 -3.0427039144225606e-05 1.4912634431852569e-07 6.2900865018903997e-05 0.00025489944573345416 -9.9582180426587898e-06 -1.1731249927613166e-05 1.497614745761126e-05
leaf_weight=18028 327169 151683 395926 101129 23181 593150 5039 549 110870 442821 501590
leaf_count=18028 327169 151683 395926 101129 23181 593150 5039 549 110870 442821 501590
internal_value=3.02415e-09 9.60947e-07 -3.66658e-06 -8.36524e-06 -6.11096e-05 6.09805e-06 -5.50983e-06 1.83973e-06 4.46006e-06 -1.08896e-05 1.14982e-05
internal_weight=2.67114e+06 2.62993e+06 1.3835e+06 876707 41209 1.24642e+06 775578 327718 506796 447860 653273
internal_count=2671135 2629926 1383503 876707 41209 1246423 775578 327718 506796 447860 653273
is_linear=0
shrinkage=0.00523217


Tree=342
num_leaves=12
num_cat=0
split_feature=0 0 2 16 5 18 19 5 12 18 19
split_gain=5.68658 2.29122 1.85798 1.37929 1.25707 1.67622 1.16093 1.06669 1.06533 1.0442 0.979459
threshold=-3.6869672536849971 0.53930494189262401 0.13715466111898425 -0.20052303373813626 0.49517047405242925 0.42984683811664587 -0.60809075832366932 0.49517047405242925 0.32456612586975103 1.750579357147217 -1.2733627557754514
decision_type=2 2 8 2 10 10 10 8 10 10 8
left_child=3 2 6 10 5 -4 -2 -7 -8 -5 -1
right_child=1 -3 4 9 -6 7 8 -9 -10 -11 -12
leaf_value=4.9222819374226032e-05 -4.6910889674773159e-06 9.123179377607732e-06 -8.964788708155009e-06 -7.0797719715256939e-07 -1.6165235808248913e-05 6.0263975830688831e-06 1.327112622944183e-05 8.0157792270650288e-05 -1.0078653159367337e-06 -0.00010169937642205004 -9.3290953442658493e-05
leaf_weight=1390 315301 691354 481885 12580 284472 250515 366810 5430 234309 3611 23639
leaf_count=1390 315301 691354 481885 12580 284472 250515 366810 5430 234309 3611 23639
internal_value=-1.02704e-08 9.4513e-07 -1.97078e-06 -6.09882e-05 -6.8206e-06 -3.21664e-06 3.43851e-06 7.60263e-06 7.70402e-06 -2.3287e-05 -8.53423e-05
internal_weight=2.6713e+06 2.63008e+06 1.93872e+06 41220 1.0223e+06 737830 916420 255945 601119 16191 25029
internal_count=2671296 2630076 1938722 41220 1022302 737830 916420 255945 601119 16191 25029
is_linear=0
shrinkage=0.00523217


Tree=343
num_leaves=12
num_cat=0
split_feature=0 0 0 1 3 23 18 1 5 6 12
split_gain=5.80666 2.26021 1.60445 1.41283 1.3828 0.995424 1.07062 1.87171 1.71719 0.91312 0.977623
threshold=-3.6869672536849971 0.63491395115852367 -1.0951598286628721 -0.17526067048311231 -2.6717535257339473 2.6356443166732793 0.45516897737979894 -2.6243940591812129 inf -0.24379737675189969 1.5795643329620364
decision_type=2 2 2 2 8 10 10 2 8 2 10
left_child=4 2 9 -3 -1 6 7 -4 -8 -2 -11
right_child=1 3 5 -5 -6 -7 8 -9 -10 10 -12
leaf_value=-0.00014382327447931499 -2.4258920849639187e-05 1.2459089117958244e-05 -0.00011469700071847498 -3.388352759640063e-05 -5.0458522591325605e-05 -2.2580490992228128e-05 5.7003075952136691e-06 -1.6258227107867608e-06 9.1491986812738236e-05 -1.2914137134790565e-06 0.00035114065148218358
leaf_weight=4948 124954 493816 4019 18681 36242 52207 544925 1319399 6463 65165 215
leaf_count=4948 124954 493816 4019 18681 36242 52207 544925 1319399 6463 65165 215
internal_value=-5.6329e-08 9.08847e-07 -1.47721e-06 1.07682e-05 -6.16974e-05 -4.53719e-08 5.8174e-07 -1.96991e-06 6.70755e-06 -1.59693e-05 -1.13841e-07
internal_weight=2.67103e+06 2.62984e+06 2.11735e+06 512497 41190 1.92701e+06 1.87481e+06 1.32342e+06 551388 190334 65380
internal_count=2671034 2629844 2117347 512497 41190 1927013 1874806 1323418 551388 190334 65380
is_linear=0
shrinkage=0.00523217


Tree=344
num_leaves=12
num_cat=0
split_feature=1 2 12 15 1 15 1 18 19 18 15
split_gain=3.54788 2.23985 2.42588 2.46556 1.52407 1.47999 12.0883 2.21002 1.45198 1.44868 1.8508
threshold=1.9940663576126101 -0.45170311629772181 0.30436277389526373 0.46438801288604742 0.86046850681304943 3.5451488494873051 0.16972305625677112 -1.9570049643516538 -0.50509706139564503 0.39200654625892645 1.6586847305297854
decision_type=2 8 10 2 2 2 2 10 10 10 2
left_child=1 2 3 -1 9 -4 7 -7 -5 -3 -11
right_child=-2 4 5 8 -6 6 -8 -9 -10 10 -12
leaf_value=1.175328546614431e-05 -3.6276624873522422e-05 -3.3871777191325078e-06 -4.6976547346010024e-07 3.4522355962168029e-06 -1.2626114973404787e-05 0.0027100870932594279 0.0059046955140346974 0.00011943388776306087 5.9706292754178796e-05 1.0754048422978579e-05 -2.5421048172684526e-05
leaf_weight=275407 71826 1053977 404720 16442 312582 7.9999999999999991 8.9999999999999982 659 53639 439302 42447
leaf_count=275407 71826 1053977 404720 16442 312582 8 9 659 53639 439302 42447
internal_value=-1.74006e-09 1.00039e-06 8.62091e-06 1.88081e-05 -2.09506e-06 -5.88582e-08 0.000244336 0.000156447 4.652e-05 4.79204e-08 7.56493e-06
internal_weight=2.67102e+06 2.59919e+06 750884 345488 1.84831e+06 405396 676 667 70081 1.53573e+06 481749
internal_count=2671018 2599192 750884 345488 1848308 405396 676 667 70081 1535726 481749
is_linear=0
shrinkage=0.00523217


Tree=345
num_leaves=12
num_cat=0
split_feature=9 20 3 5 16 6 4 21 19 20 5
split_gain=3.48701 2.09802 2.06601 2.04434 8.14424 6.51343 3.34229 1.94113 1.76755 1.73843 1.44207
threshold=0.38725654780864721 4.0456516742706308 -0.59544420242309559 -0.11225494742393492 -0.028346313163638111 0.016958070918917659 -1.6248865723609922 -0.62077674269676197 1.8365796208381655 2.0423238277435307 inf
decision_type=10 10 8 10 2 2 8 2 10 10 8
left_child=1 2 -1 4 6 -6 8 -5 -3 -2 -4
right_child=9 3 10 7 5 -7 -8 -9 -10 -11 -12
leaf_value=-8.3662695776979796e-06 -1.1855359135185152e-05 0.00010717272347096384 4.579033706378698e-06 0.00015120111631190572 0.001287466337407296 0.0065147743089606852 -8.1472725566825949e-05 -3.2714106656592133e-05 0.0023780978640171773 -5.3215364179515711e-05 -0.00010537856620433372
leaf_weight=425742 313488 15.999999999999998 1891164 3824 22.000000000000004 8.9999999999999982 196 2655 25 30546 3269
leaf_count=425742 313488 16 1891164 3824 22 9 196 2655 25 30546 3269
internal_value=1.72248e-08 2.31624e-06 2.04795e-06 9.44406e-05 0.000541736 0.00301357 0.000201694 7.57192e-05 0.00153876 -1.55301e-05 4.3888e-06
internal_weight=2.67096e+06 2.32692e+06 2.32018e+06 6747 268 31 237 6479 41 344034 1.89443e+06
internal_count=2670956 2326922 2320175 6747 268 31 237 6479 41 344034 1894433
is_linear=0
shrinkage=0.00523217


Tree=346
num_leaves=12
num_cat=0
split_feature=9 20 11 2 20 20 16 21 11 14 16
split_gain=3.40875 2.18874 2.55303 1.81647 1.76348 1.56582 1.54298 1.52973 1.51495 1.43352 1.40425
threshold=0.28087367117404943 4.0456516742706308 0.75632205605506908 -0.61408442258834828 2.0423238277435307 0.47795137763023382 -0.073228619992732988 0.96681812405586254 -0.62983426451683033 -2.3133711814880367 -1.1697853803634641
decision_type=10 10 10 8 10 10 2 2 10 2 2
left_child=1 3 6 5 8 -1 9 -4 10 -3 -2
right_child=4 2 7 -5 -6 -7 -8 -9 -10 -11 -12
leaf_value=5.8841332080135884e-06 -8.3037188115963045e-05 0.0019672886114334822 0.00023093532218975113 -3.6260101337628915e-07 -4.8059031308259833e-05 2.6963184181735892e-05 -4.9834707535344004e-05 -0.00013870209906824665 -3.1623936264273238e-06 0.0002840151259641801 -1.9683660915629649e-05
leaf_weight=439159 10412 13.999999999999998 3144 1654915 36412 123693 2681 336 279252 206 120976
leaf_count=439159 10412 14 3144 1654915 36412 123693 2681 336 279252 206 120976
internal_value=2.70839e-08 2.67725e-06 9.94347e-05 2.39844e-06 -1.31561e-05 1.0518e-05 -1.49368e-05 0.00019498 -1.00591e-05 0.000404704 -2.4711e-05
internal_weight=2.6712e+06 2.22415e+06 6381 2.21777e+06 447052 562852 2901 3480 410640 220 131388
internal_count=2671200 2224148 6381 2217767 447052 562852 2901 3480 410640 220 131388
is_linear=0
shrinkage=0.00523217


Tree=347
num_leaves=12
num_cat=0
split_feature=5 2 22 18 19 16 6 23 20 24 24
split_gain=2.78236 1.74561 1.87187 1.56746 1.47033 1.44348 1.37183 1.28645 1.25106 2.05404 1.16459
threshold=1.1401758193969729 -0.068967439234256731 -0.91935065388679493 0.1301228925585747 -0.42734082043170923 -0.24788267165422437 -0.44586032629013056 inf -0.19742738455533979 -2.638108372688293 -0.14064195007085797
decision_type=10 8 8 10 10 2 2 8 8 8 8
left_child=1 4 -3 7 5 8 -2 -4 -1 -10 -6
right_child=6 2 3 -5 10 -7 -8 -9 9 -11 -12
leaf_value=-3.6256017033507665e-06 -2.7091103080341116e-05 -2.107557950040956e-05 -4.5952949915973929e-06 6.7460660168205361e-06 2.7383183726566405e-06 -7.4082493469183494e-06 -4.7552914156985861e-06 -0.00010275217727987719 0.00079538336861918692 2.2116762637132885e-05 1.8998588457067312e-05
leaf_weight=87780 138348 126966 703332 537757 187898 271263 165353 3674 93 111342 337204
leaf_count=87780 138348 126966 703332 537757 187898 271263 165353 3674 93 111342 337204
internal_value=-2.33597e-08 1.88904e-06 -1.93815e-06 1.3247e-08 7.16301e-06 4.43816e-07 -1.49329e-05 -5.10668e-06 1.11397e-05 2.27777e-05 1.31817e-05
internal_weight=2.67101e+06 2.36731e+06 1.37173e+06 1.24476e+06 995580 470478 303701 707006 199215 111435 525102
internal_count=2671010 2367309 1371729 1244763 995580 470478 303701 707006 199215 111435 525102
is_linear=0
shrinkage=0.00523217


Tree=348
num_leaves=12
num_cat=0
split_feature=0 9 20 21 4 17 0 0 9 11 23
split_gain=5.49617 2.16862 2.37231 2.43724 3.36027 19.8671 1.77787 1.39776 1.35808 1.3006 2.06847
threshold=-3.2939242124557491 0.12168252095580102 3.4771887063980107 -2.2787501811981197 -2.2136638164520259 -2.3578816652297969 0.53930494189262401 -1.0951598286628721 -0.60792773962020863 0.73603066802024852 -1.495674669742584
decision_type=2 10 10 2 8 2 2 2 8 10 10
left_child=-1 2 6 4 5 -4 8 -3 -2 -5 -11
right_child=1 7 3 9 -6 -7 -8 -9 -10 10 -12
leaf_value=-5.3470027392086302e-05 -1.3726541377532854e-05 -2.6408650510515129e-05 0.0081219940595149785 -2.9370422064717521e-05 0.00020219627698748511 0.00041192455079796549 1.1128356044800496e-05 -4.0679042025662816e-06 2.1479315894351881e-06 0.00072933440860155818 8.0480330329008967e-05
leaf_weight=51561 168569 88116 8.9999999999999982 3694 1584 95 578563 591264 1182155 137 5663
leaf_count=51561 168569 88116 9 3694 1584 95 578563 591264 1182155 137 5663
internal_value=2.47891e-08 1.07795e-06 3.8949e-06 7.98835e-05 0.000263111 0.00117055 3.45401e-06 -6.96674e-06 1.66208e-07 4.71931e-05 9.60906e-05
internal_weight=2.67141e+06 2.61985e+06 1.94047e+06 11182 1688 104 1.92929e+06 679380 1.35072e+06 9494 5800
internal_count=2671410 2619849 1940469 11182 1688 104 1929287 679380 1350724 9494 5800
is_linear=0
shrinkage=0.00523217


Tree=349
num_leaves=12
num_cat=0
split_feature=1 2 12 5 19 6 8 9 13 19 5
split_gain=3.38945 2.16962 2.12224 1.75221 1.57022 1.32621 1.13768 0.910651 0.890594 0.879906 0.876112
threshold=1.9940663576126101 -0.61408442258834828 0.24548606574535373 1.1401758193969729 -0.83188828825950611 -0.092270366847515092 -2.0727592706680293 -0.50860151648521412 0.28087963163852697 0.79818826913833629 1.7695005536079409
decision_type=2 8 10 10 10 2 8 8 10 8 10
left_child=1 2 4 9 -1 6 -2 -6 -4 -3 -8
right_child=5 3 8 -5 7 -7 10 -9 -10 -11 -12
leaf_value=-1.2894898748072703e-05 0.00011186934650770488 1.5744405634281582e-06 5.5429425024768873e-06 -1.6047495292716346e-05 3.1398070154807938e-06 1.2228689866207178e-05 -3.6708913434376872e-05 2.9987662720412293e-05 -1.4092562846298833e-05 -8.6243695319464048e-06 -8.2370977122514383e-05
leaf_weight=33754 1219 1481313 281721 208953 42112 13048 41597 195298 81528 274491 15974
leaf_count=33754 1219 1481313 281721 208953 42112 13048 41597 195298 81528 274491 15974
internal_value=1.13152e-08 9.91494e-07 9.40417e-06 -1.72452e-06 2.04802e-05 -3.54408e-05 -4.60344e-05 2.52288e-05 1.13369e-06 -1.95225e-08 -4.9394e-05
internal_weight=2.67101e+06 2.59917e+06 634413 1.96476e+06 271164 71838 58790 237410 363249 1.7558e+06 57571
internal_count=2671008 2599170 634413 1964757 271164 71838 58790 237410 363249 1755804 57571
is_linear=0
shrinkage=0.00523217


Tree=350
num_leaves=12
num_cat=0
split_feature=6 22 7 22 6 10 23 17 21 12 22
split_gain=2.55215 2.05168 1.72897 1.81295 1.4863 1.39109 2.21014 2.39354 6.25776 1.3908 1.2689
threshold=-0.70294305682182301 0.14046356827020648 0.59414795041084301 -1.8086421489715574 -4.1554896831512442 0.86300581693649303 inf -0.75582268834114064 -0.53781974315643299 0.7670021951198579 -1.8086421489715574
decision_type=2 8 8 10 2 8 8 2 2 10 10
left_child=1 4 5 -4 -1 6 -2 8 -8 -5 -6
right_child=2 -3 3 9 10 -7 7 -9 -10 -11 -12
leaf_value=-9.6301545815674042e-05 6.6755670256035713e-06 3.2474675476122561e-06 -5.5005640038128853e-05 -7.6126954998558352e-06 -9.9628310052345386e-05 -7.0703539057590831e-06 0.00034585534917020583 -3.4139644937763682e-05 0.0033237998200570345 1.4575355754412439e-05 -1.7144425370266531e-05
leaf_weight=6976 1453646 152360 19679 462362 5217 230948 78 95 25 92852 246941
leaf_count=6976 1453646 152360 19679 462362 5217 230948 78 95 25 92852 246941
internal_value=2.76799e-11 -1.19843e-05 2.18277e-06 -5.65145e-06 -2.0943e-05 4.85647e-06 6.75165e-06 0.00055791 0.00110588 -3.90058e-06 -1.88546e-05
internal_weight=2.67118e+06 411494 2.25968e+06 574893 259134 1.68479e+06 1.45384e+06 198 103 555214 252158
internal_count=2671179 411494 2259685 574893 259134 1684792 1453844 198 103 555214 252158
is_linear=0
shrinkage=0.00523217


Tree=351
num_leaves=12
num_cat=0
split_feature=0 0 22 22 0 21 15 22 10 1 18
split_gain=5.52502 2.15708 1.67806 1.66105 2.40378 2.33317 2.47462 1.46356 1.21501 1.33185 1.13609
threshold=-3.6869672536849971 0.7509855628013612 -0.06793526932597159 0.14046356827020648 -1.0459859371185301 -1.7960952520370481 1.6046285033226015 -1.5740174055099485 0.84313404560089122 -2.6243940591812129 0.34086877107620245
decision_type=2 2 8 8 2 2 2 10 8 2 10
left_child=2 3 -1 4 5 6 -2 -7 9 -6 -5
right_child=1 -3 -4 10 8 7 -8 -9 -10 -11 -12
leaf_value=-9.7999624694288453e-05 2.6062972148774684e-05 1.3366357964529369e-05 -3.0618906888568159e-05 6.2307754239636004e-07 0.00026841420238151104 -0.00011482908112192929 0.00034957089219958743 -2.7014642178313604e-05 -1.156439192538892e-05 2.3175902155379739e-07 1.3779348071110071e-05
leaf_weight=18021 2643 334290 23185 502443 506 5472 859 105133 297191 1101229 279836
leaf_count=18021 2643 334290 23185 502443 506 5472 859 105133 297191 1101229 279836
internal_value=6.53991e-09 9.48879e-07 -6.01086e-05 -8.59263e-07 -4.06e-06 -2.71517e-05 0.000105736 -3.13676e-05 -2.17587e-06 3.55946e-07 5.33036e-06
internal_weight=2.67081e+06 2.6296e+06 41206 2.29531e+06 1.51303e+06 114107 3502 110605 1.39893e+06 1.10174e+06 782279
internal_count=2670808 2629602 41206 2295312 1513033 114107 3502 110605 1398926 1101735 782279
is_linear=0
shrinkage=0.00523217


Tree=352
num_leaves=12
num_cat=0
split_feature=1 4 2 12 15 20 15 1 1 3 20
split_gain=3.33783 1.54921 1.50791 2.60727 2.40198 1.39518 1.37832 12.0168 2.21883 1.37688 1.63074
threshold=1.1554481983184817 -1.6248865723609922 -0.45170311629772181 0.23746246844530108 0.43697945773601538 1.2016049027442934 3.5451488494873051 0.16972305625677112 -2.6243940591812129 0.63683313131332409 2.7956387996673588
decision_type=2 8 8 10 2 10 2 2 2 8 10
left_child=2 -2 3 4 5 -1 -5 8 -8 -6 -11
right_child=1 -3 -4 6 9 -7 7 -9 -10 10 -12
leaf_value=7.9600089085096044e-06 -5.6855072361774217e-05 -1.2946000421524853e-05 -6.6586093363914661e-07 -2.6709739178129283e-07 6.6535818810625462e-05 4.9253337714100992e-05 0.001816836185358159 0.0058773635067283312 9.3063093112836668e-05 1.3726882739424701e-05 0.0018550685705769853
leaf_weight=201472 23911 276848 1660165 419692 41777 25215 20 8.9999999999999982 666 21421 11.999999999999998
leaf_count=201472 23911 276848 1660165 419692 41777 25215 20 9 666 21421 12
internal_value=-1.97497e-08 -1.64397e-05 2.06326e-06 8.44324e-06 2.05147e-05 1.2557e-05 1.16848e-07 0.000232732 0.000147526 4.90398e-05 1.48975e-05
internal_weight=2.67121e+06 300759 2.37045e+06 710284 289897 226687 420387 695 686 63210 21433
internal_count=2671208 300759 2370449 710284 289897 226687 420387 695 686 63210 21433
is_linear=0
shrinkage=0.00523217


Tree=353
num_leaves=12
num_cat=0
split_feature=0 0 2 13 16 20 21 1 17 1 13
split_gain=5.38481 2.17311 1.75522 1.61622 1.35472 1.29989 1.39083 1.2732 3.8419 1.23182 1.2073
threshold=-3.6869672536849971 0.53930494189262401 0.13715466111898425 0.25656341016292578 -0.20052303373813626 0.47795137763023382 -1.0876878499984739 -2.6243940591812129 -1.4841817021369932 -0.11408114805817603 -2.7102525234222408
decision_type=2 2 8 10 2 10 2 2 2 2 10
left_child=4 2 3 5 -1 -2 -7 8 -5 -3 -4
right_child=1 9 10 7 -6 6 -8 -9 -10 -11 -12
leaf_value=-8.3410456493919165e-05 3.9861987716203093e-06 1.03994239501464e-05 -6.7010453464983944e-05 0.0017954476311701527 -2.1906276710192859e-05 5.357837420197743e-05 1.3598471610145959e-05 -7.14634242361474e-06 9.6191361989951836e-05 -2.4953477720275173e-05 -6.0224410716715613e-06
leaf_weight=25028 479543 663144 8966 41 16187 30006 116065 290323 278 28112 1013282
leaf_count=25028 479543 663144 8966 41 16187 30006 116065 290323 278 28112 1013282
internal_value=6.5071e-08 9.95424e-07 -1.84445e-06 3.41374e-06 -5.92758e-05 8.15073e-06 2.1817e-05 -6.77999e-06 0.000322921 8.96049e-06 -6.55822e-06
internal_weight=2.67098e+06 2.62976e+06 1.9385e+06 916256 41215 625614 146071 290642 319 691256 1.02225e+06
internal_count=2670975 2629760 1938504 916256 41215 625614 146071 290642 319 691256 1022248
is_linear=0
shrinkage=0.00523217


Tree=354
num_leaves=12
num_cat=0
split_feature=0 9 20 3 7 5 10 7 0 3 0
split_gain=5.29498 2.15399 2.4715 2.0433 1.63158 1.55817 1.50677 2.76612 1.48857 1.45585 1.37336
threshold=-3.6869672536849971 0.12168252095580102 3.4771887063980107 -0.45360761880874628 1.9798831939697268 1.0000000180025095e-35 -1.3244342803955076 1.7408235073089602 -1.0951598286628721 -2.6717535257339473 0.78363871574401867
decision_type=2 10 10 8 8 10 8 10 2 8 2
left_child=9 2 3 -2 10 6 7 -4 -3 -1 -5
right_child=1 8 5 4 -6 -7 -8 -9 -10 -11 -12
leaf_value=-0.00014305702188183763 -7.3511559514117817e-06 -2.6394253527276923e-05 0.00038554987320814978 4.3851080065660893e-06 -7.3806767770700211e-05 5.4810113011276558e-05 0.00017247070161452183 0.002163886303291371 -3.9651565603938065e-06 -4.7306019680053794e-05 1.8694467990511633e-05
leaf_weight=4952 393086 93896 150 1319995 6976 9655 1528 28 591151 36252 213350
leaf_count=4952 393086 93896 150 1319995 6976 9655 1528 28 591151 36252 213350
internal_value=1.49355e-08 9.37359e-07 3.74803e-06 3.29542e-06 6.01293e-06 8.06922e-05 0.000226561 0.0006822 -7.04061e-06 -5.88369e-05 6.37665e-06
internal_weight=2.67102e+06 2.62982e+06 1.94477e+06 1.93341e+06 1.54032e+06 11361 1706 178 685047 41204 1.53334e+06
internal_count=2671019 2629815 1944768 1933407 1540321 11361 1706 178 685047 41204 1533345
is_linear=0
shrinkage=0.00523217


Tree=355
num_leaves=12
num_cat=0
split_feature=2 6 13 13 2 12 19 20 3 23 12
split_gain=2.60635 1.51642 1.28774 1.24028 1.36886 1.855 1.22883 1.37759 0.98581 1.01385 0.934283
threshold=0.43745510280132299 -2.4138929843902583 -2.5627611875534053 0.31278547644615179 -0.42564702033996576 0.22219142317771914 -0.80049869418144215 1.461056709289551 -2.8063440322875972 0.29606747627258306 -3.3650711774826045
decision_type=8 2 10 8 10 10 10 10 10 8 10
left_child=3 8 -3 4 5 -1 10 -8 9 -2 -5
right_child=1 2 -4 6 -6 -7 7 -9 -10 -11 -12
leaf_value=2.3339846074461208e-05 -0.00017297584157689738 -6.7655138187168578e-05 -4.7546448671834398e-06 0.00013819981072773796 1.1422382103029042e-06 4.6460062463799452e-06 -1.4762091453163723e-06 3.4014261804464131e-05 -2.2134469495014824e-05 -5.2037738446289966e-05 -1.9704400359279064e-05
leaf_weight=247509 2397 9001 892846 1033 591441 352279 382672 32479 39310 9299 110843
leaf_count=247509 2397 9001 892846 1033 591441 352279 382672 32479 39310 9299 110843
internal_value=-1.35284e-08 -6.95421e-06 -5.38341e-06 3.83494e-06 6.7919e-06 1.23616e-05 -2.84711e-06 1.29851e-06 -3.47113e-05 -7.69067e-05 -1.82378e-05
internal_weight=2.67111e+06 952853 901847 1.71826e+06 1.19123e+06 599788 527027 415151 51006 11696 111876
internal_count=2671109 952853 901847 1718256 1191229 599788 527027 415151 51006 11696 111876
is_linear=0
shrinkage=0.00523217


Tree=356
num_leaves=12
num_cat=0
split_feature=11 22 16 13 22 4 22 24 12 18 18
split_gain=2.68519 3.33107 1.97855 1.50199 1.29268 1.36583 1.23291 1.16115 1.13856 1.02075 0.94684
threshold=-0.86895382404327381 -1.1425130963325498 -1.1697853803634641 0.70285081863403331 0.14046356827020648 0.14611879736185077 -1.9833674430847166 1.318571209907532 0.29680359363555914 0.74518451094627391 -1.7738629579544065
decision_type=8 10 2 8 8 10 10 10 10 10 8
left_child=1 -1 -3 4 5 6 -2 -8 9 -7 -6
right_child=3 2 -4 -5 10 8 7 -9 -10 -11 -12
leaf_value=-6.0644806315213813e-05 -7.3310559164727366e-05 -4.6798422503738736e-05 -3.8897056476524602e-06 -6.0901534064289302e-06 5.5210495102124529e-05 2.0491424310945877e-05 -4.2943095861067375e-06 3.6052851708075757e-05 6.3909381905891027e-07 -9.4935163406247251e-06 9.6794521298940049e-06
leaf_weight=35916 6910 32355 324842 474099 12783 203492 635664 20141 301453 36642 586877
leaf_count=35916 6910 32355 324842 474099 12783 203492 635664 20141 301453 36642 586877
internal_value=1.69222e-08 -1.2611e-05 -7.77878e-06 2.19641e-06 4.37465e-06 1.24854e-06 -3.78778e-06 -3.05389e-06 7.41274e-06 1.59127e-05 1.06515e-05
internal_weight=2.67117e+06 393113 357197 2.27806e+06 1.80396e+06 1.2043e+06 662715 655805 541587 240134 599660
internal_count=2671174 393113 357197 2278061 1803962 1204302 662715 655805 541587 240134 599660
is_linear=0
shrinkage=0.00523217


Tree=357
num_leaves=12
num_cat=0
split_feature=9 22 15 4 7 6 22 22 7 7 6
split_gain=3.28062 2.25309 1.74446 1.39246 1.22436 1.18739 1.08258 0.896649 1.08998 1.03579 1.25553
threshold=0.35016092658042913 -0.25545366108417505 -1.0606151223182676 -1.909196615219116 0.74215534329414379 -1.0850223302841184 0.29210555553436285 -1.8086421489715574 0.25942662358284002 inf 0.073502786457538619
decision_type=10 8 2 8 8 2 10 8 10 8 2
left_child=2 5 4 -3 -1 -2 7 8 -4 -9 -11
right_child=1 3 6 -5 -6 -7 -8 9 -10 10 -12
leaf_value=-6.1430916525963877e-06 -5.7760765646702102e-05 -7.3952875340090396e-05 -1.3431363598042018e-06 -2.4342635564029591e-06 -3.9150160496917734e-05 -2.2289011120958076e-05 1.0646499746616554e-05 2.3073459623832345e-06 -7.497475865190622e-05 -2.2106358821373684e-05 -0.00027259910067856959
leaf_weight=153234 34864 7700 13811 232334 38522 100346 476026 1602426 9174 1687 816
leaf_count=153234 34864 7700 13811 232334 38522 100346 476026 1602426 9174 1687 816
internal_value=-1.56805e-08 -1.43586e-05 2.3284e-06 -4.73219e-06 -1.27783e-05 -3.14418e-05 3.70563e-06 1.67552e-06 -3.0769e-05 2.14069e-06 -0.00010418
internal_weight=2.67094e+06 375244 2.2957e+06 240034 191756 135210 2.10394e+06 1.62791e+06 22985 1.60493e+06 2503
internal_count=2670940 375244 2295696 240034 191756 135210 2103940 1627914 22985 1604929 2503
is_linear=0
shrinkage=0.00523217


Tree=358
num_leaves=12
num_cat=0
split_feature=0 0 5 3 9 16 10 10 3 17 16
split_gain=5.18939 2.1079 1.4561 1.41351 1.40054 1.33396 1.15557 1.12006 1.0879 0.939092 0.907052
threshold=-3.6869672536849971 0.31527259945869451 0.017212929204106334 -2.6717535257339473 -0.12801420688629148 -0.23979717493057248 0.52173995971679699 2.1022378206253056 -2.0900694131851192 1.4251260161399844 -0.033904301002621644
decision_type=2 2 10 8 8 2 8 10 8 2 2
left_child=3 2 -2 10 -3 -5 8 -8 -4 -9 -1
right_child=1 4 6 5 -6 -7 7 9 -10 -11 -12
leaf_value=-0.00020409462660695948 1.5930940978357908e-06 1.1520520838334717e-05 -3.2683914694589133e-05 -7.2416287088173986e-05 5.6292820861737382e-08 -7.3544325206367753e-06 -1.8522794349586288e-05 1.6340426661505472e-05 -5.3321991354138879e-07 0.00016669153774819044 -6.0465243521547103e-05
leaf_weight=2775 780577 622478 31303 22034 549284 14226 277191 4880 362658 1488 2162
leaf_count=2775 780577 622478 31303 22034 549284 14226 277191 4880 362658 1488 2162
internal_value=8.495e-09 9.21586e-07 -3.27726e-06 -5.82586e-05 6.14715e-06 -4.69136e-05 -8.88961e-06 -1.69445e-05 -3.08995e-06 5.16232e-05 -0.000141389
internal_weight=2.67106e+06 2.62986e+06 1.4581e+06 41197 1.17176e+06 36260 677520 283559 393961 6368 4937
internal_count=2671056 2629859 1458097 41197 1171762 36260 677520 283559 393961 6368 4937
is_linear=0
shrinkage=0.00523217


Tree=359
num_leaves=12
num_cat=0
split_feature=0 0 0 21 20 4 16 16 20 4 20
split_gain=5.19414 2.11398 1.45243 1.83415 2.44074 2.8978 1.34593 1.19824 1.16578 2.28324 1.94089
threshold=-3.6869672536849971 0.57761248946189891 -1.0951598286628721 -1.7960952520370481 3.4771887063980107 -2.4756387472152706 -0.20052303373813626 0.19557841122150424 -0.11262876167893408 -0.041084667667746537 2.2166688442230229
decision_type=2 2 2 2 10 10 2 2 10 10 10
left_child=6 2 3 4 -2 -6 -1 -5 -4 -10 -11
right_child=1 -3 8 7 5 -7 -8 -9 9 10 -12
leaf_value=-8.2352142654312354e-05 9.3203948719604611e-06 9.4008127308762099e-06 -4.1812921053475551e-06 -2.5213688892835562e-05 0.0013706709301286174 0.00021282398867211114 -2.1035226545482644e-05 6.8195423496232662e-06 -3.6856118779717358e-06 1.0726351460195476e-05 6.3074405638619848e-05
leaf_weight=25012 3614 616492 964997 144262 61 1405 16182 41020 462699 374727 20455
leaf_count=25012 3614 616492 964997 144262 61 1405 16182 41020 462699 374727 20455
internal_value=9.74311e-09 9.23263e-07 -1.67233e-06 -1.54245e-05 8.26189e-05 0.000262615 -5.82862e-05 -1.81174e-05 -2.35749e-07 4.2015e-06 1.34382e-05
internal_weight=2.67093e+06 2.62973e+06 2.01324e+06 190362 5080 1466 41194 185282 1.82288e+06 857881 395182
internal_count=2670926 2629732 2013240 190362 5080 1466 41194 185282 1822878 857881 395182
is_linear=0
shrinkage=0.00523217


Tree=360
num_leaves=12
num_cat=0
split_feature=0 9 20 1 12 24 15 21 0 0 20
split_gain=5.16656 2.09222 2.39209 1.82456 7.04579 12.3892 1.66569 1.53194 1.39726 1.37249 1.39084
threshold=-3.6869672536849971 0.12168252095580102 4.0456516742706308 -1.3430704474449155 -1.5555489063262937 -0.82880976796150196 -1.0606151223182676 -0.62077674269676197 -1.0951598286628721 0.77511435747146618 -0.13690238445997235
decision_type=2 10 10 2 10 10 2 2 2 2 10
left_child=-1 2 6 4 -4 -6 -2 -5 -3 10 -8
right_child=1 8 3 7 5 -7 9 -9 -10 -11 -12
leaf_value=-5.8084628989147267e-05 -1.301824769656037e-05 -2.5669021575537263e-05 -1.6564169348497936e-06 0.00016196816046988092 0.006566892158312956 0.00084577054642522563 -1.4669235917421616e-06 -2.7232246467471923e-05 -3.9442007057836255e-06 1.6118865519302673e-05 8.5752151544510452e-06
leaf_weight=41236 155497 93952 166 3243 11.999999999999998 53 854614 1823 591168 253267 676228
leaf_count=41236 155497 93952 166 3243 12 53 854614 1823 591168 253267 676228
internal_value=2.62409e-08 9.37689e-07 3.7077e-06 0.000114736 0.000569007 0.00201253 3.40401e-06 9.37354e-05 -6.92458e-06 4.83577e-06 2.96853e-06
internal_weight=2.67126e+06 2.63002e+06 1.9449e+06 5297 231 65 1.93961e+06 5066 685120 1.78411e+06 1.53084e+06
internal_count=2671259 2630023 1944903 5297 231 65 1939606 5066 685120 1784109 1530842
is_linear=0
shrinkage=0.00523217


Tree=361
num_leaves=12
num_cat=0
split_feature=0 2 22 12 15 0 22 0 18 16 18
split_gain=5.14404 2.08334 2.34385 1.9239 2.58302 1.85712 1.70159 1.45727 1.46218 1.20925 1.04087
threshold=-3.6869672536849971 -0.61408442258834828 -1.8086421489715574 0.24548606574535373 0.73680096864700328 -1.0951598286628721 -0.06793526932597159 0.77511435747146618 0.48241601884365087 -0.14435844123363492 2.0606930255889897
decision_type=2 8 8 10 2 2 8 2 10 2 10
left_child=6 3 -3 4 -2 9 -1 8 -7 10 -4
right_child=1 2 5 -5 -6 7 -8 -9 -10 -11 -12
leaf_value=-9.6096777112039645e-05 1.2926661238129482e-05 -5.3283960800934498e-05 -2.7802269432581117e-05 1.2646766133504202e-06 5.820605436106081e-05 -4.5649476501121158e-06 -2.8272909836460166e-05 1.3555832942027586e-05 6.2950105967166269e-06 -2.8759610408526401e-06 -0.00012330268257505032
leaf_weight=18046 233245 23840 83260 363928 40495 1111037 23181 205431 488641 76919 3251
leaf_count=18046 233245 23840 83260 363928 40495 1111037 23181 205431 488641 76919 3251
internal_value=8.20322e-09 9.17559e-07 -1.71656e-06 9.14906e-06 1.96281e-05 -1.09162e-06 -5.79824e-05 4.37082e-07 -1.24714e-06 -1.79811e-05 -3.1402e-05
internal_weight=2.67127e+06 2.63005e+06 1.99238e+06 637668 273740 1.96854e+06 41227 1.80511e+06 1.59968e+06 163430 86511
internal_count=2671274 2630047 1992379 637668 273740 1968539 41227 1805109 1599678 163430 86511
is_linear=0
shrinkage=0.00523217


Tree=362
num_leaves=12
num_cat=0
split_feature=3 8 7 8 21 20 20 17 19 2 18
split_gain=2.49767 2.51085 2.41187 1.59579 1.52276 1.60843 1.45441 3.14334 2.12431 1.42563 1.42039
threshold=-1.0071256160736082 -2.0727592706680293 1.2645485401153567 -0.91635063290595997 1.5727006793022158 2.0423238277435307 3.4771887063980107 -1.005290627479553 2.1286613941192631 1.2281153202056887 -2.1090607643127437
decision_type=8 10 8 8 2 8 10 2 10 10 10
left_child=1 -1 3 -2 6 -6 -3 8 -8 -9 -5
right_child=2 4 -4 10 5 -7 7 9 -10 -11 -12
leaf_value=7.0979552214554288e-05 -7.0703008413488351e-06 -1.500136281149149e-05 -1.9081145900163447e-05 5.4145910230012813e-05 -2.7143978447305207e-05 -0.0001288509120357809 0.00035884414633461379 6.4764148694130907e-05 9.0232566196695471e-05 -5.5303060982124917e-05 4.8508238309030223e-06
leaf_weight=9514 338991 311970 139533 16146 13184 6306 1039 4311 3653 7264 1819273
leaf_count=9514 338991 311970 139533 16146 13184 6306 1039 4311 3653 7264 1819273
internal_value=1.66645e-08 -1.28594e-05 2.0049e-06 3.35838e-06 -1.51558e-05 -6.00983e-05 -1.24846e-05 3.57311e-05 0.000149961 -1.05137e-05 5.28494e-06
internal_weight=2.67118e+06 357241 2.31394e+06 2.17441e+06 347727 19490 328237 16267 4692 11575 1.83542e+06
internal_count=2671184 357241 2313943 2174410 347727 19490 328237 16267 4692 11575 1835419
is_linear=0
shrinkage=0.00523217


Tree=363
num_leaves=12
num_cat=0
split_feature=5 11 22 3 5 17 24 23 18 22 20
split_gain=2.62985 1.84542 2.09149 1.41025 1.90585 1.82997 6.43291 1.53795 1.38134 1.26762 1.24065
threshold=1.1401758193969729 -0.90943422913551319 -1.1425130963325498 -1.0728502273559568 1.1401758193969729 -2.2249805927276607 -1.0297645330429075 1.6321186423301699 -1.9570049643516538 -0.83467108011245716 0.1056761033833027
decision_type=10 8 10 8 8 2 10 8 8 8 10
left_child=1 2 -1 4 -3 6 -6 8 -5 -7 -10
right_child=-2 3 -4 7 5 9 -8 -9 10 -11 -12
leaf_value=-5.359489819343692e-05 -1.4513682087458715e-05 -1.0736535538496633e-05 -5.8430378391898975e-06 4.6978354416573417e-05 0.0045646217751838976 0.0002999913010105825 0.00024061387034630071 -1.5541741178067013e-05 3.1174235130232325e-06 4.7443014455068672e-05 1.3294657270410948e-05
leaf_weight=27613 303735 230778 277721 22547 9.9999999999999982 612 64 93072 1267469 4989 442513
leaf_count=27613 303735 230778 277721 22547 10 612 64 93072 1267469 4989 442513
internal_value=-1.94351e-08 1.83984e-06 -1.01643e-05 3.61772e-06 -8.40388e-06 8.62963e-05 0.000898199 5.17521e-06 6.28861e-06 7.52388e-05 5.75159e-06
internal_weight=2.67112e+06 2.36739e+06 305334 2.06205e+06 236453 5675 74 1.8256e+06 1.73253e+06 5601 1.70998e+06
internal_count=2671123 2367388 305334 2062054 236453 5675 74 1825601 1732529 5601 1709982
is_linear=0
shrinkage=0.00523217


Tree=364
num_leaves=12
num_cat=0
split_feature=0 0 3 0 21 15 19 1 19 15 1
split_gain=4.98793 2.03403 1.399 1.38847 1.74037 2.68496 1.8521 1.19617 1.30104 1.38246 1.18317
threshold=-3.6869672536849971 0.57761248946189891 -2.6717535257339473 -1.0951598286628721 -1.4542503952980039 1.5551685094833376 2.2049134969711308 -0.22797777503728864 -0.75520259141921986 -2.1313951015472408 0.87755927443504345
decision_type=2 2 8 2 2 2 10 2 10 2 2
left_child=2 3 -1 4 5 -2 -7 -3 9 -9 -6
right_child=1 7 -4 -5 10 6 -8 8 -10 -11 -12
leaf_value=-0.00013971663393298598 1.1598941246896501e-05 1.1205937350498735e-05 -4.5765787067961362e-05 -1.9039334726490714e-07 -7.8461543538251361e-05 0.00048382549906968641 0.00012059149205664379 0.0020689847015739411 -3.3108644755991491e-06 -7.9464118671138708e-05 -1.5680412219023841e-05
leaf_weight=4941 7788 575881 36284 1822901 8637 567 1219 6.9999999999999991 32648 8147 172158
leaf_count=4941 7788 575881 36284 1822901 8637 567 1219 7 32648 8147 172158
internal_value=5.58325e-08 9.51298e-07 -5.70494e-05 -1.595e-06 -1.50407e-05 5.36801e-05 0.0002366 9.26542e-06 -1.81029e-05 -7.72216e-05 -1.86845e-05
internal_weight=2.67118e+06 2.62995e+06 41225 2.01327e+06 190369 9574 1786 616683 40802 8154 180795
internal_count=2671178 2629953 41225 2013270 190369 9574 1786 616683 40802 8154 180795
is_linear=0
shrinkage=0.00523217


Tree=365
num_leaves=12
num_cat=0
split_feature=0 0 22 0 22 16 22 24 18 15 12
split_gain=4.94627 1.91748 1.64279 1.92784 1.60283 1.24438 1.22924 1.23617 1.02185 0.930601 1.17363
threshold=-2.9707015752792354 0.72744932770729076 0.14046356827020648 -0.47019396722316736 -0.24403611570596692 -0.20052303373813626 -1.8086421489715574 -1.7570679187774656 0.37889628112316137 0.7197764813899995 0.49945363402366644
decision_type=2 2 8 2 8 2 10 10 10 2 8
left_child=4 2 3 6 -1 -6 -2 -8 -4 10 -10
right_child=1 -3 8 -5 5 -7 7 -9 9 -11 -12
leaf_value=-8.307939108261678e-05 -0.00010271831364152761 1.2172113170813132e-05 1.1030361929615354e-06 -1.4781384371513267e-06 -5.1711587753485279e-05 6.6047362551337139e-06 -6.4325116664440483e-05 -1.3179695019388775e-05 2.5464018820997202e-05 -9.0460815639923099e-06 -1.4697769929996298e-06
leaf_weight=21209 4631 366460 500229 1262229 23625 17351 13850 198350 161224 41011 60988
leaf_count=21209 4631 366460 500229 1262229 23625 17351 13850 198350 161224 41011 60988
internal_value=-2.29291e-08 1.07599e-06 -7.36934e-07 -3.95464e-06 -4.614e-05 -2.69989e-05 -1.83672e-05 -1.6522e-05 5.49578e-06 1.38407e-05 1.80682e-05
internal_weight=2.67116e+06 2.60897e+06 2.24251e+06 1.47906e+06 62185 40976 216831 212200 763452 263223 222212
internal_count=2671157 2608972 2242512 1479060 62185 40976 216831 212200 763452 263223 222212
is_linear=0
shrinkage=0.00523217


Tree=366
num_leaves=12
num_cat=0
split_feature=0 0 22 0 21 22 13 22 1 7 22
split_gain=4.98721 1.98642 1.75869 1.72089 2.21407 1.63451 1.51372 1.42897 1.05509 0.951851 0.958914
threshold=-3.6869672536849971 0.35736794769763952 0.14046356827020648 -1.0459859371185301 -1.7960952520370481 -0.06793526932597159 -0.93219253420829762 -1.5740174055099485 -0.017447886988520619 1.1289348006248476 0.14046356827020648
decision_type=2 2 8 2 2 8 10 10 2 8 10
left_child=5 2 3 4 6 -1 -2 -6 -3 -4 -11
right_child=1 8 9 -5 7 -7 -8 -9 -10 10 -12
leaf_value=-9.4488158688622214e-05 0.00025811415400457021 7.7025626173858006e-06 7.3454023907665136e-06 -4.6005648655467559e-06 -0.00011284115435831363 -2.8008845664314695e-05 2.6555812638597709e-05 -2.6011828626839425e-05 -1.3357135790014583e-05 -8.8295665244066018e-05 -7.7382618457060109e-06
leaf_weight=18033 1156 1008464 477358 878156 5464 23196 2356 105191 69594 4269 77839
leaf_count=18033 1156 1008464 477358 878156 5464 23196 2356 105191 69594 4269 77839
internal_value=-8.47791e-09 8.864e-07 -2.9034e-06 -7.08607e-06 -2.61969e-05 -5.71073e-05 0.000103065 -3.03078e-05 6.3423e-06 4.51394e-06 -1.19376e-05
internal_weight=2.67108e+06 2.62985e+06 1.55179e+06 992323 114167 41229 3512 110655 1.07806e+06 559466 82108
internal_count=2671076 2629847 1551789 992323 114167 41229 3512 110655 1078058 559466 82108
is_linear=0
shrinkage=0.00523217


Tree=367
num_leaves=12
num_cat=0
split_feature=0 11 22 15 0 20 10 7 18 22 10
split_gain=4.94009 1.92601 2.60475 1.61462 1.58599 1.51839 1.6776 1.67775 1.58739 1.40385 1.36644
threshold=-3.2939242124557491 -0.90943422913551319 -1.1425130963325498 -1.0292619466781614 0.78363871574401867 -0.10349924489855765 0.23375470936298373 0.86401924490928661 2.2742880582809453 -0.06793526932597159 2.1022378206253056
decision_type=2 8 10 2 2 10 10 8 8 8 8
left_child=9 2 -2 -4 5 8 7 -7 -3 -1 -8
right_child=1 4 3 -5 -6 6 10 -9 -10 -11 -12
leaf_value=-8.1563739835093367e-05 -5.9511217468893967e-05 -2.3351108369915243e-06 -3.7488182268128573e-05 -1.7216148281738825e-06 1.4227137210546486e-05 1.7614416832277602e-05 -2.5950157583699572e-06 -9.6545699347278447e-06 -6.6658823936443268e-05 -2.6513212413423261e-05 7.3042339474616762e-05
leaf_weight=22666 27536 1122703 39724 265825 285768 380951 406078 73678 10602 28928 6644
leaf_count=22666 27536 1122703 39724 265825 285768 380951 406078 73678 10602 28928 6644
internal_value=-1.4128e-08 9.84187e-07 -1.07697e-05 -6.37433e-06 2.69685e-06 1.04949e-06 6.26009e-06 1.31934e-05 -2.93763e-06 -5.07146e-05 -1.37525e-06
internal_weight=2.6711e+06 2.61951e+06 333085 305549 2.28642e+06 2.00066e+06 867351 454629 1.1333e+06 51594 412722
internal_count=2671103 2619509 333085 305549 2286424 2000656 867351 454629 1133305 51594 412722
is_linear=0
shrinkage=0.00523217


Tree=368
num_leaves=12
num_cat=0
split_feature=2 22 22 15 20 15 2 4 6 13 10
split_gain=2.41191 2.25255 1.60484 1.58645 1.61968 2.89073 1.39903 1.53814 1.30484 1.30487 1.18907
threshold=0.43745510280132299 -1.6494436860084531 0.25760389864444738 -1.1140463352203367 -0.21302888542413709 1.2241169810295107 -3.0457649230957027 1.9497225880622866 -2.4138929843902583 -2.5627611875534053 0.57642519474029552
decision_type=8 8 10 2 8 2 10 10 2 10 10
left_child=3 -2 8 -1 -5 10 7 -7 -3 -10 -6
right_child=1 2 -4 4 5 6 -8 -9 9 -11 -12
leaf_value=-1.3207207068751684e-05 -5.9059396143321764e-05 -4.0278803701161798e-05 6.638148695087375e-06 2.3030954554292199e-07 1.2212482471000095e-05 -1.4528268725476925e-05 4.4521084432717019e-05 0.00059498515542981477 -8.8566847051115032e-05 -7.0166582037850007e-06 -3.0719958010399201e-06
leaf_weight=139002 21929 35413 228434 835721 493014 194 55818 263 5416 661552 194127
leaf_count=139002 21929 35413 228434 835721 493014 194 55818 263 5416 661552 194127
internal_value=3.42082e-08 -6.6424e-06 -5.40658e-06 3.737e-06 5.22901e-06 1.08473e-05 4.69022e-05 0.000335119 -9.32501e-06 -7.68023e-06 7.89324e-06
internal_weight=2.67088e+06 952744 930815 1.71814e+06 1.57914e+06 743416 56275 457 702381 666968 687141
internal_count=2670883 952744 930815 1718139 1579137 743416 56275 457 702381 666968 687141
is_linear=0
shrinkage=0.00523217


Tree=369
num_leaves=12
num_cat=0
split_feature=0 11 16 0 20 4 20 16 10 15 12
split_gain=4.84073 2.09137 1.75634 1.55986 1.44303 2.38825 1.90152 1.36625 1.10339 0.982847 0.96787
threshold=-3.6869672536849971 -0.90943422913551319 -0.20847065746784207 0.78363871574401867 -0.10349924489855765 -0.68315535783767689 2.3109606504440312 -0.20052303373813626 -0.97934436798095692 -0.87648198008537281 -0.9011554718017577
decision_type=2 8 2 2 10 10 10 2 10 2 8
left_child=7 2 9 4 8 -6 -7 -1 -3 -2 -9
right_child=1 3 -4 -5 5 6 -8 10 -10 -11 -12
leaf_value=-8.0541809562857723e-05 -4.2687758863090036e-05 -1.3852156253436748e-05 8.9465577908893039e-07 1.4075238410844763e-05 -7.5809479296727307e-06 9.4067503831918805e-06 5.0406933924799574e-05 -6.0349104294063607e-05 -4.5161123791673994e-07 -1.5051601490265658e-05 2.0499916366882147e-05
leaf_weight=25016 49550 205373 164390 285839 250069 589368 32695 7886 930311 122468 8319
leaf_count=25016 49550 205373 164390 285839 250069 589368 32695 7886 930311 122468 8319
internal_value=-2.92063e-08 8.52272e-07 -1.133e-05 2.63939e-06 1.01094e-06 6.07292e-06 1.15631e-05 -5.62889e-05 -2.87564e-06 -2.30171e-05 -1.87964e-05
internal_weight=2.67128e+06 2.63006e+06 336408 2.29366e+06 2.00782e+06 872132 622063 41221 1.13568e+06 172018 16205
internal_count=2671284 2630063 336408 2293655 2007816 872132 622063 41221 1135684 172018 16205
is_linear=0
shrinkage=0.00523217


Tree=370
num_leaves=12
num_cat=0
split_feature=0 11 22 22 0 16 4 22 18 18 18
split_gain=4.81754 2.00966 2.68677 1.60576 1.57972 1.42544 1.28059 1.01913 0.937324 0.897314 0.891509
threshold=-3.6869672536849971 -0.90943422913551319 -1.1425130963325498 -0.06793526932597159 0.48711182177066809 -1.1497948765754697 -1.3723175525665281 0.14046356827020648 0.34086877107620245 1.1154192686080935 1.8528348207473757
decision_type=2 8 10 8 2 2 10 8 10 10 10
left_child=3 2 -2 -1 6 -4 -3 -8 -9 -6 -5
right_child=1 4 5 10 9 -7 7 8 -10 -11 -12
leaf_value=-9.3186015282639126e-05 -5.9792855278477272e-05 -1.6101229320245797e-05 -4.0854856871669938e-05 -1.5671922842230045e-05 7.2713930117003604e-06 -2.87615797882748e-06 -2.2162092519005369e-06 1.7352559477770963e-06 1.6944763502550925e-05 3.0178657157667901e-05 -0.00011837863876163455
leaf_weight=18029 28368 130687 29978 20570 713163 278056 916605 310428 172716 50131 2611
leaf_count=18029 28368 130687 29978 20570 713163 278056 916605 310428 172716 50131 2611
internal_value=-2.50041e-09 8.76724e-07 -1.10653e-05 -5.61349e-05 2.62852e-06 -6.57501e-06 -4.37458e-07 1.02442e-06 7.17409e-06 8.77697e-06 -2.72804e-05
internal_weight=2.67134e+06 2.63013e+06 336402 41210 2.29373e+06 308034 1.53044e+06 1.39975e+06 483144 763294 23181
internal_count=2671342 2630132 336402 41210 2293730 308034 1530436 1399749 483144 763294 23181
is_linear=0
shrinkage=0.00523217


Tree=371
num_leaves=12
num_cat=0
split_feature=9 20 11 3 23 10 12 3 18 20 11
split_gain=3.07868 2.04515 2.51795 2.24855 2.58442 10.1667 2.12799 1.89396 1.7972 1.63921 1.56209
threshold=0.28087367117404943 4.0456516742706308 0.75632205605506908 -2.253310918807983 0.23069123923778537 -1.3462978005409239 -0.28759585320949549 -0.45360761880874628 2.4283109903335576 3.4771887063980107 -0.80520915985107411
decision_type=10 10 10 10 10 10 10 8 8 10 10
left_child=1 7 -3 -4 5 -5 -6 -1 -9 10 -2
right_child=9 2 3 4 6 -7 -8 8 -10 -11 -12
leaf_value=-7.1338636211462729e-06 -2.9780087264425269e-05 -1.76001836516275e-05 8.494132145497543e-05 0 0.0003335390149496343 0.005670088211724324 -0.0023342135112838628 5.0243448297514523e-06 -8.5782003429569291e-05 -9.4458778271891197e-05 -6.0700031702114548e-06
leaf_weight=468241 97826 2899 2137 30 1294 10.999999999999998 6.9999999999999991 1743684 5985 6594 342656
leaf_count=468241 97826 2899 2137 30 1294 11 7 1743684 5985 6594 342656
internal_value=-3.67624e-08 2.48115e-06 9.60331e-05 0.000190927 0.000358876 0.00163911 0.000316463 2.21171e-06 4.71321e-06 -1.25656e-05 -1.13376e-05
internal_weight=2.67136e+06 2.22429e+06 6378 3479 1342 41 1301 2.21791e+06 1.74967e+06 447076 440482
internal_count=2671364 2224288 6378 3479 1342 41 1301 2217910 1749669 447076 440482
is_linear=0
shrinkage=0.00523217


Tree=372
num_leaves=12
num_cat=0
split_feature=5 11 15 18 6 2 13 20 18 5 15
split_gain=2.63668 1.73201 1.75561 1.25057 1.23943 1.19533 1.73184 1.16519 1.07159 1.06365 0.992176
threshold=1.1401758193969729 -0.90943422913551319 -0.85418486595153797 -1.9570049643516538 -0.44586032629013056 -0.61408442258834828 0.25656341016292578 0.47795137763023382 0.1301228925585747 1.1401758193969729 3.5451488494873051
decision_type=10 8 2 8 2 8 10 10 10 8 2
left_child=1 2 -1 10 -2 6 7 -5 -7 -8 -3
right_child=4 3 -4 5 -6 8 9 -9 -10 -11 -12
leaf_value=-3.4364102061259385e-05 -2.6069522775136437e-05 3.8654277874221706e-05 -3.3621450291461243e-06 1.1139727091375122e-05 -4.8391636913306366e-06 -2.8119012244235587e-06 -8.1763229728327069e-06 3.4591799669576008e-05 6.1173119345014547e-06 0.00028178797778339139 0.00062600175063340499
leaf_weight=63034 138325 24656 242290 321076 165412 905667 119664 70848 619630 346 78
leaf_count=63034 138325 24656 242290 321076 165412 905667 119664 70848 619630 346 78
internal_value=1.98317e-09 1.86435e-06 -9.76522e-06 3.58679e-06 -1.45104e-05 3.13737e-06 1.00554e-05 1.53813e-05 8.14939e-07 -7.33087e-06 4.05688e-05
internal_weight=2.67103e+06 2.36729e+06 305324 2.06196e+06 303737 2.03723e+06 511934 391924 1.5253e+06 120010 24734
internal_count=2671026 2367289 305324 2061965 303737 2037231 511934 391924 1525297 120010 24734
is_linear=0
shrinkage=0.00523217


Tree=373
num_leaves=12
num_cat=0
split_feature=9 22 1 2 12 22 18 18 5 1 1
split_gain=3.06518 2.28406 1.92824 1.54232 1.45982 1.37692 1.49705 1.65871 1.35964 1.56686 1.33047
threshold=0.28087367117404943 -0.25545366108417505 1.8607191443443301 -0.61408442258834828 0.25302220880985266 -0.93807104229927052 0.23693300038576129 -2.1090607643127437 inf -1.8654117584228513 -2.6243940591812129
decision_type=10 8 2 8 10 10 10 8 8 2 2
left_child=3 2 -2 4 -1 -5 7 -7 -8 -10 -9
right_child=1 -3 -4 5 -6 6 8 10 9 -11 -12
leaf_value=1.9720694032112848e-05 -2.2261636214547508e-05 -3.5665383525921017e-06 -8.3384679695345878e-05 -1.3560579887236427e-05 2.7099236855329662e-06 6.030305672347111e-05 7.7932296042547303e-06 -9.2713012908451494e-05 7.9860216037420576e-05 0.00055760149355654385 -2.7197152808371878e-06
leaf_weight=242024 146166 285188 15655 182537 321954 11411 545748 4519 3949 197 911717
leaf_count=242024 146166 285188 15655 182537 321954 11411 545748 4519 3949 197 911717
internal_value=2.29574e-08 -1.24788e-05 -2.81804e-05 2.53603e-06 1.00113e-05 -3.07438e-09 1.6713e-06 -2.38291e-06 8.51203e-06 0.000102907 -3.16457e-06
internal_weight=2.67106e+06 447009 161821 2.22406e+06 563978 1.66008e+06 1.47754e+06 927647 549894 4146 916236
internal_count=2671065 447009 161821 2224056 563978 1660078 1477541 927647 549894 4146 916236
is_linear=0
shrinkage=0.00523217


Tree=374
num_leaves=12
num_cat=0
split_feature=0 9 20 3 22 22 23 14 16 24 23
split_gain=4.7281 1.97132 2.28999 1.99412 1.67937 1.61103 1.50643 8.08964 7.07587 2.70771 1.5015
threshold=-3.6869672536849971 0.12168252095580102 3.4771887063980107 -0.45360761880874628 -0.12720210105180738 -0.06793526932597159 -1.6251364946365354 -0.48919464647769922 -0.039669290184974663 -2.8190574645996089 1.6321186423301699
decision_type=2 10 10 8 8 8 10 2 2 10 8
left_child=5 2 3 -2 -3 -1 7 9 -9 -4 -5
right_child=1 4 6 10 -6 -7 -8 8 -10 -11 -12
leaf_value=-9.2702033090656145e-05 -7.3760105376579826e-06 -1.5639150506445865e-05 0.0027220918214577328 6.8850791522257005e-06 7.9753738878671232e-07 -2.6689669989105243e-05 6.4614190762040213e-05 1.6348901936234205e-05 0.0031180421563621933 -7.9541873351457806e-06 -1.9365611535474856e-05
leaf_weight=18030 393147 314408 8.9999999999999982 1478159 370738 23180 10870 35 48 406 62142
leaf_count=18030 393147 314408 9 1478159 370738 23180 10870 35 48 406 62142
internal_value=1.58561e-08 8.87536e-07 3.57648e-06 3.14068e-06 -6.74397e-06 -5.55924e-05 7.76186e-05 0.000359035 0.00183823 5.68845e-05 5.82548e-06
internal_weight=2.67117e+06 2.62996e+06 1.94482e+06 1.93345e+06 685146 41210 11368 498 83 415 1.5403e+06
internal_count=2671172 2629962 1944816 1933448 685146 41210 11368 498 83 415 1540301
is_linear=0
shrinkage=0.00523217


Tree=375
num_leaves=12
num_cat=0
split_feature=5 11 22 15 3 8 7 3 22 6 10
split_gain=2.59795 2.30472 2.82961 2.07528 1.74857 2.18139 1.51078 1.26388 1.25609 1.17989 1.43578
threshold=2.6781778335571294 -0.86895382404327381 -1.1425130963325498 -0.87648198008537281 -1.0728502273559568 -2.0727592706680293 1.2878480553627016 -2.253310918807983 0.14046356827020648 0.016958070918917659 -1.5109364986419676
decision_type=10 8 10 2 8 10 8 8 8 2 10
left_child=1 2 -1 -4 5 9 8 -2 -6 10 -3
right_child=7 4 3 -5 6 -7 -8 -9 -10 -11 -12
leaf_value=-5.5965044861547003e-05 -8.8074814073006119e-05 0.00031946639906291208 -3.30823095706361e-05 -3.8388095799004927e-07 2.6670229090672307e-06 -1.1526905046526925e-05 -1.5690350881737084e-05 -2.3141714460504851e-05 1.1859565201370611e-05 -3.5389306984152633e-05 7.9808799046561724e-05
leaf_weight=34887 9709 785 65451 282651 1229363 283566 94945 53521 608505 2010 5486
leaf_count=34887 9709 785 65451 282651 1229363 283566 94945 53521 608505 2010 5486
internal_value=1.14995e-08 8.15346e-07 -1.10393e-05 -6.53432e-06 2.85656e-06 -9.07985e-06 4.65933e-06 -3.31264e-05 5.71105e-06 7.46071e-05 0.000109992
internal_weight=2.67088e+06 2.60765e+06 382989 348102 2.22466e+06 291847 1.93281e+06 63230 1.83787e+06 8281 6271
internal_count=2670879 2607649 382989 348102 2224660 291847 1932813 63230 1837868 8281 6271
is_linear=0
shrinkage=0.00523217


Tree=376
num_leaves=12
num_cat=0
split_feature=0 0 16 8 1 16 15 8 7 1 16
split_gain=4.58377 1.92124 1.32286 1.27621 1.80835 2.07428 12.7465 1.52705 1.34173 1.28224 1.04025
threshold=-3.6869672536849971 0.31527259945869451 -0.20052303373813626 -0.58881214261054982 -2.3306863307952876 -0.039669290184974663 -0.0091774598695337755 -2.0727592706680293 0.65636807680130016 -0.45382733643054957 -1.1697853803634641
decision_type=2 2 2 10 2 2 2 8 8 2 2
left_child=2 3 -1 7 5 -5 -7 -2 9 -6 -9
right_child=1 -3 -4 4 8 6 -8 10 -10 -11 -12
leaf_value=-7.8603354162861587e-05 5.7167006053452719e-05 5.8644092367198384e-06 -1.7831831680948891e-05 -1.3289888538243436e-05 -1.8327867049590964e-05 0.0038504960374524614 0.00024739260176367516 -3.5449994873154513e-05 -1.0732428893432652e-05 6.240794437062332e-06 -8.510337978223155e-06
leaf_weight=25010 9235 1171797 16195 634 64082 27 612 42698 225633 627147 487862
leaf_count=25010 9235 1171797 16195 634 64082 27 612 42698 225633 627147 487862
internal_value=1.74937e-08 8.75794e-07 -5.47387e-05 -3.13321e-06 6.19471e-07 0.000197593 0.000407719 -9.5176e-06 3.44856e-07 3.96191e-06 -1.068e-05
internal_weight=2.67093e+06 2.62973e+06 41205 1.45793e+06 918135 1273 639 539795 916862 691229 530560
internal_count=2670932 2629727 41205 1457930 918135 1273 639 539795 916862 691229 530560
is_linear=0
shrinkage=0.00523217


Tree=377
num_leaves=12
num_cat=0
split_feature=9 22 2 22 18 18 1 19 5 19 18
split_gain=3.05819 2.23564 1.77632 1.7873 1.4986 1.66454 1.26902 1.18937 1.12066 1.07007 0.9465
threshold=0.52295345067977916 -0.25545366108417505 -0.61408442258834828 -0.93807104229927052 -2.1090607643127437 0.1301228925585747 1.6507430672645571 3.9810845851898198 0.11287686973810197 -0.31808520853519434 1.9118469357490542
decision_type=10 8 8 10 8 10 2 8 10 10 10
left_child=2 6 9 -4 -5 7 -2 -6 -7 -1 -3
right_child=1 10 3 4 5 8 -8 -9 -10 -11 -12
leaf_value=3.1493107641361874e-06 -2.8796897755756281e-05 -1.7618448119260038e-06 -1.55802730797913e-05 5.9551428249067128e-05 -3.5080363678065952e-06 1.2473745995934956e-05 -8.0076511312020756e-05 -8.7985136950757313e-05 -1.2009520102976186e-06 1.7171967477546612e-05 -4.5682766854185689e-05
leaf_weight=321700 76737 152912 197962 11909 918756 400114 15992 4585 277911 277740 14730
leaf_count=321700 76737 152912 197962 11909 918756 400114 15992 4585 277911 277740 14730
internal_value=4.44704e-10 -1.70344e-05 1.84067e-06 -7.42712e-07 1.07749e-06 6.42087e-07 -3.76501e-05 -3.9285e-06 6.86754e-06 9.64782e-06 -5.62608e-06
internal_weight=2.67105e+06 260371 2.41068e+06 1.81124e+06 1.61328e+06 1.60137e+06 92729 923341 678025 599440 167642
internal_count=2671048 260371 2410677 1811237 1613275 1601366 92729 923341 678025 599440 167642
is_linear=0
shrinkage=0.00523217


Tree=378
num_leaves=12
num_cat=0
split_feature=1 22 22 2 11 22 16 11 16 16 13
split_gain=2.82022 2.41742 1.88606 1.43563 1.36167 1.76676 1.28387 1.26084 1.12227 1.89092 7.62887
threshold=1.1554481983184817 0.11386564001441003 -1.7137829661369322 1.9195818305015566 -0.89958983659744252 -1.1425130963325498 -1.9325411319732664 -0.49210512638092035 -0.033904301002621644 -0.030067418701946732 -0.93219253420829762
decision_type=2 8 10 8 10 10 2 8 2 2 10
left_child=3 2 -2 4 5 -1 -3 -5 -4 10 -10
right_child=1 6 8 7 -6 -7 -8 -9 9 -11 -12
leaf_value=-5.7797729625381613e-05 -0.00012433479791997158 -0.00015308292390772376 -3.4980095031593564e-05 0.00012039371314297066 3.8761538646564478e-06 -4.9818360743404934e-06 3.0640638462942897e-06 -3.5971099956445713e-05 0.0017721620755917131 -1.1360656224943108e-05 8.8691295550065509e-05
leaf_weight=18638 5436 1456 107113 1465 2063979 249511 133238 36649 76 51715 1680
leaf_count=18638 5436 1456 107113 1465 2063979 249511 133238 36649 76 51715 1680
internal_value=-7.5402e-10 -1.50952e-05 -2.84575e-05 1.91396e-06 2.43484e-06 -8.6561e-06 1.36887e-06 -2.99362e-05 -2.5206e-05 -5.61111e-06 0.000163152
internal_weight=2.67096e+06 300714 166020 2.37024e+06 2.33213e+06 268149 134694 38114 160584 53471 1756
internal_count=2670956 300714 166020 2370242 2332128 268149 134694 38114 160584 53471 1756
is_linear=0
shrinkage=0.00523217


Tree=379
num_leaves=12
num_cat=0
split_feature=9 20 21 19 2 10 20 2 20 11 5
split_gain=2.92232 1.99098 2.55942 2.58427 5.43961 19.8228 1.62302 1.57143 1.47053 1.46935 2.04958
threshold=0.28087367117404943 3.4771887063980107 -2.2787501811981197 2.1286613941192631 2.0760914087295537 -1.3244342803955076 2.0423238277435307 -0.61408442258834828 0.47795137763023382 0.75632205605506908 -1.3797091245651243
decision_type=10 10 2 8 10 8 10 8 10 10 10
left_child=1 7 3 4 -3 -6 -2 8 -1 -4 -11
right_child=6 2 9 -5 5 -7 -8 -9 -10 10 -12
leaf_value=5.1389617364076739e-06 -9.2467509968943574e-06 0.00037506591808628018 -3.34596042767783e-05 0.0001279704608150291 0.0083520155497570012 0.00049189858142279267 -4.5710334941155331e-05 -5.1758138573071219e-07 2.5635947597048552e-05 0.00068913756297655712 7.2302546149450087e-05
leaf_weight=439122 410517 439 4768 1361 9.9999999999999982 43 36395 1648714 122625 150 6710
leaf_count=439122 410517 439 4768 1361 10 43 36395 1648714 122625 150 6710
internal_value=-9.1007e-09 2.44401e-06 6.5835e-05 0.000246443 0.00057145 0.00213961 -1.22181e-05 2.057e-06 9.61477e-06 3.69627e-05 8.60236e-05
internal_weight=2.67085e+06 2.22394e+06 13481 1853 492 53 446912 2.21046e+06 561747 11628 6860
internal_count=2670854 2223942 13481 1853 492 53 446912 2210461 561747 11628 6860
is_linear=0
shrinkage=0.00523217


Tree=380
num_leaves=12
num_cat=0
split_feature=0 22 0 2 20 15 22 18 5 5 16
split_gain=4.49649 1.84184 1.76548 1.56267 1.8526 1.5822 1.58016 1.44604 1.43064 1.35615 1.20257
threshold=-2.4759553670883174 0.077804323285818114 0.73527646064758312 -0.61408442258834828 0.47795137763023382 1.2241169810295107 -0.91935065388679493 0.48241601884365087 3.9521244764328007 1.0000000180025095e-35 -0.033904301002621644
decision_type=2 8 2 8 8 2 8 10 8 10 2
left_child=1 10 3 4 -2 -6 -5 8 -8 -9 -1
right_child=2 -3 -4 6 5 -7 7 9 -10 -11 -12
leaf_value=-7.8990587119466096e-05 1.428699826584386e-06 -1.2352961946283682e-05 1.2085202434170166e-05 -1.8587413678736821e-05 1.8525813856253528e-05 8.4016404039767819e-05 -4.2878316667912441e-06 1.4742468266632195e-05 -8.7687541146321576e-05 -2.5786719344071844e-06 -1.7975489295966963e-05
leaf_weight=30792 380015 40654 355450 159188 130945 10952 1050206 248073 5661 246769 12459
leaf_count=30792 380015 40654 355450 159188 130945 10952 1050206 248073 5661 246769 12459
internal_value=3.22504e-08 -3.76631e-05 1.25504e-06 -4.69475e-07 7.45462e-06 2.35869e-05 -2.88862e-06 -1.27653e-06 -4.73584e-06 6.10311e-06 -6.1434e-05
internal_weight=2.67116e+06 83905 2.58726e+06 2.23181e+06 521912 141897 1.7099e+06 1.55071e+06 1.05587e+06 494842 43251
internal_count=2671164 83905 2587259 2231809 521912 141897 1709897 1550709 1055867 494842 43251
is_linear=0
shrinkage=0.00523217


Tree=381
num_leaves=12
num_cat=0
split_feature=0 2 0 12 0 16 16 4 13 23 8
split_gain=4.57382 1.89616 1.93891 1.88575 1.29197 1.27594 1.27058 1.1255 1.10994 1.10771 1.03212
threshold=-3.6869672536849971 -0.61408442258834828 -1.0951598286628721 0.24548606574535373 0.77511435747146618 -0.14435844123363492 -0.20052303373813626 1.7165185213088991 -0.38919115066528315 inf -2.0727592706680293
decision_type=2 8 2 10 2 2 2 8 10 8 10
left_child=6 3 5 8 7 -3 -1 9 -2 -4 -7
right_child=1 2 4 -5 -6 10 -8 -9 -10 -11 -12
leaf_value=-7.8013792390064344e-05 2.9314276626438577e-05 -3.2488604903008933e-05 -1.1266738966351632e-06 9.2822788713534613e-07 1.2209468175891407e-05 0.0001051922155353199 -1.8441355665812399e-05 -2.5864888901036631e-05 8.2202060873347307e-06 7.422260452274551e-05 -6.7158473096100286e-06
leaf_weight=25049 141245 87567 1563003 363980 207575 2324 16169 50917 132464 5358 75530
leaf_count=25049 141245 87567 1563003 363980 207575 2324 16169 50917 132464 5358 75530
internal_value=2.26718e-08 8.80098e-07 -1.63303e-06 8.7329e-06 -7.93817e-08 -1.87861e-05 -5.46654e-05 -1.65519e-06 1.91086e-05 -8.6869e-07 -3.36345e-06
internal_weight=2.67118e+06 2.62996e+06 1.99227e+06 637689 1.82685e+06 165421 41218 1.61928e+06 273709 1.56836e+06 77854
internal_count=2671181 2629963 1992274 637689 1826853 165421 41218 1619278 273709 1568361 77854
is_linear=0
shrinkage=0.00523217


Tree=382
num_leaves=12
num_cat=0
split_feature=0 11 22 2 20 4 3 22 15 22 0
split_gain=4.51997 1.90484 2.59503 2.06848 1.60143 1.71832 1.68261 1.55613 1.52222 1.50142 1.35243
threshold=-3.6869672536849971 -0.90943422913551319 -1.1425130963325498 1.9195818305015566 2.4113247394561772 -0.47423137724399561 -1.1471772789955137 -0.06793526932597159 -1.0292619466781614 -0.69565093517303456 0.79268571734428417
decision_type=2 8 10 8 10 10 8 8 2 8 2
left_child=7 2 -2 4 6 -6 -3 -1 -4 -7 -8
right_child=1 3 8 -5 5 9 10 -9 -10 -11 -12
leaf_value=-9.0862444377172699e-05 -5.872216327315438e-05 -1.1597466526760112e-05 -3.632915724537999e-05 -2.9733655649636388e-05 1.1817977207283008e-06 0.0001346640987679516 2.4893696528540289e-06 -2.5968740183305425e-05 -1.8460041071633772e-06 3.9904244377137168e-05 1.5336738913520079e-05
leaf_weight=18021 28303 204742 40336 53037 22495 6258 1732196 23170 267625 17205 257732
leaf_count=18021 28303 204742 40336 53037 22495 6258 1732196 23170 267625 17205 257732
internal_value=2.32263e-09 8.54424e-07 -1.07747e-05 2.55967e-06 3.32444e-06 3.38927e-05 2.68394e-06 -5.43809e-05 -6.36526e-06 6.52181e-05 4.15375e-06
internal_weight=2.67112e+06 2.62993e+06 336264 2.29366e+06 2.24063e+06 45958 2.19467e+06 41191 307961 23463 1.98993e+06
internal_count=2671120 2629929 336264 2293665 2240628 45958 2194670 41191 307961 23463 1989928
is_linear=0
shrinkage=0.00523217


Tree=383
num_leaves=12
num_cat=0
split_feature=2 22 15 20 15 22 2 7 6 10 20
split_gain=2.28913 2.14003 1.53256 1.61448 2.81849 1.52218 1.3665 1.79019 1.20935 1.16972 1.13687
threshold=0.43745510280132299 -1.6494436860084531 -1.1140463352203367 -0.21302888542413709 1.2241169810295107 0.25760389864444738 -3.0457649230957027 -2.736079096794128 -2.4138929843902583 0.57642519474029552 3.1645727157592778
decision_type=8 8 2 8 2 10 10 10 2 10 10
left_child=2 -2 -1 -4 9 8 7 -6 -3 -5 -8
right_child=1 5 3 4 6 -7 10 -9 -10 -11 -12
leaf_value=-1.301357665067229e-05 -5.7571753792268657e-05 -3.8887323401215993e-05 1.1818615824920117e-07 1.208582212922e-05 0.0013769872792289964 6.4638309357431968e-06 3.7344607504067071e-05 0.00022559612222082092 -7.4977314957639515e-06 -3.0724678125783621e-06 0.00012843423339229737
leaf_weight=138967 21919 35398 835716 493004 40 228506 51760 414 667082 194175 4053
leaf_count=138967 21919 35398 835716 493004 40 228506 51760 414 667082 194175 4053
internal_value=3.51171e-08 -6.46857e-06 3.64265e-06 5.10892e-06 1.0718e-05 -5.26447e-06 4.63224e-05 0.000332117 -9.08066e-06 7.8014e-06 4.39763e-05
internal_weight=2.67103e+06 952905 1.71813e+06 1.57916e+06 743446 930986 56267 454 702480 687179 55813
internal_count=2671034 952905 1718129 1579162 743446 930986 56267 454 702480 687179 55813
is_linear=0
shrinkage=0.00523217


Tree=384
num_leaves=12
num_cat=0
split_feature=0 0 2 22 20 16 3 0 2 22 19
split_gain=4.46093 1.81505 1.66943 1.85724 1.73303 1.36698 1.43271 1.12642 1.05372 0.998639 0.939228
threshold=-3.2939242124557491 0.78363871574401867 -0.61408442258834828 -0.93807104229927052 0.47795137763023382 -0.20052303373813626 -1.599824786186218 -1.3319077491760252 -0.61408442258834828 0.14046356827020648 -0.45334929227828974
decision_type=2 2 8 8 8 2 8 2 10 10 10
left_child=5 2 4 7 -2 6 -1 -4 -5 -10 -6
right_child=1 -3 3 8 10 -7 -8 -9 9 -11 -12
leaf_value=-0.00015013504533909047 1.7557130041855834e-06 1.3234859259718691e-05 -6.8137623487166154e-05 -8.2278893553242372e-05 8.1009533767260117e-06 -1.5551479991902955e-05 -5.4328735820848404e-05 -1.6035589091751296e-05 -4.1011211408531032e-06 4.5672459282759039e-06 3.4745104736329181e-05
leaf_weight=5152 397388 292586 12320 4393 65754 20921 25467 147524 1066423 552176 80890
leaf_count=5152 397388 292586 12320 4393 65754 20921 25467 147524 1066423 552176 80890
internal_value=3.68872e-09 9.52473e-07 -5.91605e-07 -3.04007e-06 7.43072e-06 -4.82004e-05 -7.04807e-05 -2.00569e-05 -1.36363e-06 -1.14346e-06 2.28037e-05
internal_weight=2.67099e+06 2.61945e+06 2.32687e+06 1.78284e+06 544032 51540 30619 159844 1.62299e+06 1.6186e+06 146644
internal_count=2670994 2619454 2326868 1782836 544032 51540 30619 159844 1622992 1618599 146644
is_linear=0
shrinkage=0.00523217


Tree=385
num_leaves=12
num_cat=0
split_feature=0 9 20 3 22 22 1 14 22 4 23
split_gain=4.37067 1.88649 2.25252 1.90411 1.60509 1.55011 1.54731 7.31269 6.87079 4.72832 1.46612
threshold=-3.6869672536849971 0.12168252095580102 3.4771887063980107 -0.45360761880874628 -0.12720210105180738 -0.06793526932597159 -2.0414247512817378 -0.48919464647769922 -0.11170707270503043 -2.0359294414520259 1.6321186423301699
decision_type=2 10 10 8 8 8 2 2 10 8 8
left_child=5 2 3 -2 -3 -1 7 9 -9 -4 -5
right_child=1 4 6 10 -6 -7 -8 8 -10 -11 -12
leaf_value=-8.9834001359453261e-05 -7.222149245481327e-06 -1.5303247534885529e-05 0.0017377819282572364 6.7256862856217458e-06 7.6465686396525574e-07 -2.5094654287193998e-05 6.4003963808682824e-05 0.0035713485122291218 0.00053719190035204987 -0.00013523299488124588 -1.9214332544700987e-05
leaf_weight=18034 393089 314455 40 1478192 370786 23194 10898 33 54 351 62140
leaf_count=18034 393089 314455 40 1478192 370786 23194 10898 33 54 351 62140
internal_value=1.8878e-08 8.57129e-07 3.48774e-06 3.05536e-06 -6.6077e-06 -5.34343e-05 7.68956e-05 0.000368255 0.00172963 5.89918e-05 5.67868e-06
internal_weight=2.67127e+06 2.63004e+06 1.9448e+06 1.93342e+06 685241 41228 11376 478 87 391 1.54033e+06
internal_count=2671266 2630038 1944797 1933421 685241 41228 11376 478 87 391 1540332
is_linear=0
shrinkage=0.00523217


Tree=386
num_leaves=12
num_cat=0
split_feature=0 11 22 0 22 13 1 1 4 11 21
split_gain=4.32709 1.78902 2.45861 1.46272 1.27314 1.27034 1.12645 1.02741 1.01149 1.45741 1.11783
threshold=-3.2939242124557491 -0.90943422913551319 -1.1425130963325498 0.48711182177066809 -0.06793526932597159 0.31278547644615179 1.4607613682746889 -0.071698661893606172 0.092947624623775496 3.9951572418212895 0.37144017219543463
decision_type=2 8 10 2 8 8 2 2 8 10 2
left_child=4 2 -2 5 -1 8 -6 -5 10 -10 -3
right_child=1 3 -4 7 6 -7 -8 -9 9 -11 -12
leaf_value=-7.6815147424645031e-05 -5.7716628338132583e-05 -7.4958760869381648e-06 -6.1085884698735652e-06 9.7069539058355433e-06 -0.00013200497560984889 -5.9454370105631889e-06 -1.4420644739828994e-05 -2.2277366602964081e-05 1.0304013614584257e-05 -0.00016531735519493851 9.3661008215640557e-06
leaf_weight=22673 27556 303111 305495 734783 2438 644226 26450 28547 407577 1296 166862
leaf_count=22673 27556 303111 305495 734783 2438 644226 26450 28547 407577 1296 166862
internal_value=1.30692e-08 9.47703e-07 -1.03811e-05 2.59829e-06 -4.74525e-05 -3.63871e-07 -2.4377e-05 8.50972e-06 3.72671e-06 9.74491e-06 -1.50738e-06
internal_weight=2.67101e+06 2.61945e+06 333051 2.2864e+06 51561 1.52307e+06 28888 763330 878846 408873 469973
internal_count=2671014 2619453 333051 2286402 51561 1523072 28888 763330 878846 408873 469973
is_linear=0
shrinkage=0.00523217


Tree=387
num_leaves=12
num_cat=0
split_feature=1 3 16 18 16 21 3 17 16 23 18
split_gain=2.64618 1.60426 2.53751 1.50098 1.27539 1.25962 2.07545 6.37889 1.17473 1.01426 1.08524
threshold=0.96858817338943493 -2.3455485105514522 -0.033904301002621644 -2.1090607643127437 -0.75949341058731068 -2.1830325126647945 -1.9482952952384947 -2.3578816652297969 -0.030067418701946732 2.6356443166732793 0.24821241199970248
decision_type=2 8 2 8 2 2 8 2 2 10 10
left_child=3 2 -2 -1 -3 6 7 -6 -4 10 -5
right_child=1 4 8 9 5 -7 -8 -9 -10 -11 -12
leaf_value=5.0592165262892204e-05 -9.3767112228210393e-05 -2.6273041939117537e-05 0.0001312661807907186 -2.2757599435764701e-07 0.0024820949720873241 -4.5469108767381686e-06 5.3870017832213066e-05 0.00022917936837317204 -1.7867587561211944e-05 -1.8906625717885883e-05 7.5553528940083163e-06
leaf_weight=17392 16436 89070 1564 1456554 38 266393 2264 296 18898 62953 739303
leaf_count=17392 16436 89070 1564 1456554 38 266393 2264 296 18898 62953 739303
internal_value=2.08982e-09 -1.24994e-05 -4.53532e-05 2.17166e-06 -9.1114e-06 -3.42565e-06 0.000111186 0.000495744 -6.42247e-06 1.79845e-06 2.39242e-06
internal_weight=2.67116e+06 394959 36898 2.2762e+06 358061 268991 2598 334 20462 2.25881e+06 2.19586e+06
internal_count=2671161 394959 36898 2276202 358061 268991 2598 334 20462 2258810 2195857
is_linear=0
shrinkage=0.00523217


Tree=388
num_leaves=12
num_cat=0
split_feature=1 5 8 3 23 5 11 3 21 12 4
split_gain=2.63476 1.87892 1.25566 1.17154 1.6168 1.41195 2.55851 2.78869 2.77111 1.10538 1.08313
threshold=1.226970434188843 1.3579029440879824 -2.0727592706680293 -0.21595221012830731 1.5752407312393191 inf 0.89736339449882518 -2.9485645294189449 0.50069785118103038 -1.0749866962432859 -1.3465791344642637
decision_type=2 10 10 10 8 8 10 10 2 8 10
left_child=3 -2 -3 5 9 -1 10 -8 -9 -5 -7
right_child=1 2 -4 4 -6 6 7 8 -10 -11 -12
leaf_value=-4.9595818625584204e-06 -7.5564166859898508e-06 0.00010036584135635388 -4.3254459749843003e-05 -1.1080932234435804e-05 -2.0636108400220702e-05 4.3637371415634694e-05 -7.8416635515008636e-05 0.00045954187781269883 6.5090943690755397e-05 6.2025839235884269e-06 -0.00012142192442887843
leaf_weight=661168 202893 1706 65025 108333 69750 3969 747 1172 844 1553717 1498
leaf_count=661168 202893 1706 65025 108333 69750 3969 747 1172 844 1553717 1498
internal_value=2.54231e-08 -1.54825e-05 -3.9569e-05 1.76711e-06 4.03951e-06 -4.1106e-06 6.39865e-05 0.000193717 0.000294938 5.07555e-06 -1.45973e-06
internal_weight=2.67082e+06 269624 66731 2.4012e+06 1.7318e+06 669398 8230 2763 2016 1.66205e+06 5467
internal_count=2670822 269624 66731 2401198 1731800 669398 8230 2763 2016 1662050 5467
is_linear=0
shrinkage=0.00523217


Tree=389
num_leaves=12
num_cat=0
split_feature=6 22 22 23 18 23 18 12 23 6 20
split_gain=2.14296 1.82492 1.37875 1.29227 1.28957 1.21661 1.34685 1.4762 1.44336 2.41295 1.26177
threshold=-0.70294305682182301 0.14046356827020648 -1.8086421489715574 -0.036133451387286179 -2.1090607643127437 0.89942881464958202 0.48241601884365087 -2.4598629474639888 0.89942881464958202 0.0082615916617214697 -0.80342465639114369
decision_type=2 8 10 10 8 10 10 8 8 2 10
left_child=1 2 -1 -4 -2 6 7 -6 -8 -10 -9
right_child=4 -3 3 -5 5 -7 8 10 9 -11 -12
leaf_value=-0.00010145933736492956 4.5480370114759768e-05 3.3558573269041055e-06 -3.2127171816547615e-05 -8.0147377476849027e-06 -4.2625045930453877e-05 -8.7731668111195444e-06 9.7899709426258524e-06 -7.6662424865395275e-06 0.00024952786406369699 1.3656048438227683e-05 3.8676374587567538e-06
leaf_weight=5497 18499 152393 101587 152026 21301 271230 466276 336115 1843 3356 1141095
leaf_count=5497 18499 152393 101587 152026 21301 271230 466276 336115 1843 3356 1141095
internal_value=-2.49075e-08 -1.1007e-05 -1.94575e-05 -1.76765e-05 1.97463e-06 1.61515e-06 3.04583e-06 6.18604e-07 1.07587e-05 9.74627e-05 1.24274e-06
internal_weight=2.67122e+06 411503 259110 253613 2.25972e+06 2.24122e+06 1.96999e+06 1.49851e+06 471475 5199 1.47721e+06
internal_count=2671218 411503 259110 253613 2259715 2241216 1969986 1498511 471475 5199 1477210
is_linear=0
shrinkage=0.00523217


Tree=390
num_leaves=12
num_cat=0
split_feature=11 3 15 2 12 15 10 24 2 13 15
split_gain=2.27973 2.67196 2.29205 1.32152 2.0569 2.29608 1.29322 1.28596 1.06405 0.966581 1.08039
threshold=-0.86895382404327381 -2.1688723564147945 -0.87648198008537281 -0.61408442258834828 0.31796820461750036 0.77301195263862621 2.1022378206253056 1.2696291208267214 1.9195818305015566 0.28087963163852697 3.5451488494873051
decision_type=8 8 2 8 10 2 10 10 8 8 2
left_child=2 6 -1 4 5 -3 -2 -7 -5 10 -6
right_child=1 3 -4 8 9 7 -8 -9 -10 -11 -12
leaf_value=-3.6794293393405173e-05 -2.5895730272220789e-05 1.4993499809015873e-05 -5.2783576775667428e-06 1.3945274610150447e-06 5.541213678574231e-06 4.4504680948995432e-05 8.3792003565737264e-05 0.00012353470559598251 -3.4764532059888072e-05 -1.6456570039518477e-05 0.00029117607980026143
leaf_weight=79115 108758 222879 313940 1580265 238788 26965 3020 7151 22595 67378 362
leaf_count=79115 108758 222879 313940 1580265 238788 26965 3020 7151 22595 67378 362
internal_value=1.24049e-08 2.02043e-06 -1.16241e-05 3.30787e-06 1.02e-05 2.11171e-05 -2.29242e-05 6.10973e-05 8.84279e-07 1.04428e-06 5.97837e-06
internal_weight=2.67122e+06 2.27816e+06 393055 2.16638e+06 563523 256995 111778 34116 1.60286e+06 306528 239150
internal_count=2671216 2278161 393055 2166383 563523 256995 111778 34116 1602860 306528 239150
is_linear=0
shrinkage=0.00523217


Tree=391
num_leaves=12
num_cat=0
split_feature=0 22 0 22 16 3 8 23 17 1 1
split_gain=4.24868 1.81387 1.65931 1.34207 1.33443 1.64576 1.32682 2.06215 3.18389 1.09592 1.03215
threshold=-2.2887891530990596 -0.25545366108417505 0.7509855628013612 0.14046356827020648 -0.18426529318094251 -2.0158718824386592 -0.63414832949638356 inf -0.56751456856727589 -0.24645030498504636 1.3340880870819094
decision_type=2 8 2 8 2 8 10 8 2 2 2
left_child=1 -1 3 6 5 -3 -2 -8 -9 -4 -7
right_child=2 4 9 -5 -6 10 7 8 -10 -11 -12
leaf_value=-6.6504885269770236e-05 -1.0603994522925471e-05 -0.00015429828875653253 1.388632788278996e-05 5.3256596969923787e-06 9.4601706039690377e-06 -0.00013047422280906137 -1.1594804129980315e-07 0.00072571223045652864 2.2635013421144441e-05 -3.9816516219493156e-05 -1.95409777233481e-05
leaf_weight=31955 460666 3106 323579 758336 27251 2491 1022476 271 508 10740 29791
leaf_count=31955 460666 3106 323579 758336 27251 2491 1022476 271 508 10740 29791
internal_value=1.99487e-08 -3.44183e-05 1.28461e-06 -3.36341e-07 -1.80357e-05 -3.92316e-05 -3.23037e-06 8.84401e-08 0.000268981 1.21586e-05 -2.81303e-05
internal_weight=2.67117e+06 94594 2.57658e+06 2.24226e+06 62639 35388 1.48392e+06 1.02326e+06 779 334319 32282
internal_count=2671170 94594 2576576 2242257 62639 35388 1483921 1023255 779 334319 32282
is_linear=0
shrinkage=0.00523217


Tree=392
num_leaves=12
num_cat=0
split_feature=0 0 22 20 22 0 20 17 22 8 16
split_gain=4.13121 1.79221 1.67958 1.55823 1.49375 1.44231 1.42835 1.67891 1.1615 1.13196 0.9803
threshold=-3.6869672536849971 0.28200697898864752 0.14046356827020648 -0.80342465639114369 -0.06793526932597159 -1.0459859371185301 3.4771887063980107 -2.0497308969497676 -1.2493496537208555 0.47862198948860174 -1.8011790513992307
decision_type=2 2 8 10 8 2 10 2 10 10 2
left_child=4 2 5 9 -1 6 8 -8 -2 -3 -4
right_child=1 3 10 -5 -6 -7 7 -9 -10 -11 -12
leaf_value=-8.7691618424802874e-05 -8.5438134887815426e-05 2.738670278134406e-06 -5.3456576383517931e-05 9.0840331614979614e-06 -2.4141706769078055e-05 -5.0694992643255607e-06 0.00034099137686174701 2.6544202588408907e-05 -2.4144850929254666e-05 -1.6977245973652793e-05 5.2166707010981541e-06
leaf_weight=18038 9271 238803 7916 887948 23191 762425 507 5573 98771 119630 498788
leaf_count=18038 9271 238803 7916 887948 23191 762425 507 5573 98771 119630 498788
internal_value=1.06674e-09 8.16174e-07 -3.28365e-06 5.36686e-06 -5.19665e-05 -7.66747e-06 -2.50167e-05 5.29586e-05 -2.94127e-05 -3.83947e-06 4.29834e-06
internal_weight=2.67086e+06 2.62963e+06 1.38325e+06 1.24638e+06 41229 876547 114122 6080 108042 358433 506704
internal_count=2670861 2629632 1383251 1246381 41229 876547 114122 6080 108042 358433 506704
is_linear=0
shrinkage=0.00523217


Tree=393
num_leaves=12
num_cat=0
split_feature=2 22 22 13 6 19 2 12 13 12 12
split_gain=2.12235 2.06857 1.4758 1.23836 1.13872 1.13631 1.30061 1.56033 1.25753 1.20601 1.01465
threshold=0.43745510280132299 -1.6494436860084531 0.25760389864444738 -2.5627611875534053 -2.4138929843902583 -0.44676125049591059 -0.45170311629772181 0.018311302177608017 0.31278547644615179 -2.4598629474639888 -3.3650711774826045
decision_type=8 8 10 10 2 10 10 10 10 8 10
left_child=5 -2 3 -3 -5 8 7 -7 9 -1 -10
right_child=1 2 -4 4 -6 6 -8 -9 10 -11 -12
leaf_value=-9.8323443319435551e-05 -5.6467996405585766e-05 -8.6002156817063425e-05 6.5014992323629021e-06 -3.7182431706308035e-05 -6.6348715586620614e-06 2.6414263952579745e-05 2.0182195695634147e-06 5.725699563501487e-06 0.00010318975293350461 3.8383190776793397e-06 -1.2433569726788801e-05
leaf_weight=3181 21925 5644 228458 35197 661673 170722 551072 240532 2094 519074 231368
leaf_count=3181 21925 5644 228458 35197 661673 170722 551072 240532 2094 519074 231368
internal_value=2.99166e-08 -6.23234e-06 -5.04832e-06 -8.80548e-06 -8.17896e-06 3.50369e-06 7.2746e-06 1.43161e-05 -1.29711e-06 3.2143e-06 -1.13925e-05
internal_weight=2.67094e+06 952897 930972 702514 696870 1.71804e+06 962326 411254 755717 522255 233462
internal_count=2670940 952897 930972 702514 696870 1718043 962326 411254 755717 522255 233462
is_linear=0
shrinkage=0.00523217


Tree=394
num_leaves=12
num_cat=0
split_feature=0 0 3 4 11 11 15 4 15 23 4
split_gain=4.15633 1.61939 1.44686 1.19097 1.03241 1.03059 1.62914 1.02995 0.879956 0.761164 0.758132
threshold=-2.122995018959045 0.78363871574401867 -2.4417839050292964 1.309420704841614 -0.77098208665847767 -0.90943422913551319 -0.87648198008537281 -0.92880553007125843 2.3802881240844731 0.41307942569255834 0.4260945469141007
decision_type=2 2 8 10 8 8 2 10 2 10 10
left_child=2 5 3 9 -4 6 -2 8 -7 -1 -6
right_child=1 -3 4 -5 10 7 -8 -9 -10 -11 -12
leaf_value=-0.00012870031000873018 -3.3851832153976957e-05 1.2923703302674604e-05 -4.4524333173535855e-05 -0.00029233675329371351 2.2085715902799166e-07 -4.8129670992668608e-06 -3.2215756197309263e-06 2.9715856754920151e-06 -3.8629147544655806e-05 -4.1865858652776837e-05 -5.1432824943595149e-05
leaf_weight=4225 58638 292655 40866 710 42101 313595 251478 1626444 22593 8119 9532
leaf_count=4225 58638 292655 40866 710 42101 313595 251478 1626444 22593 8119 9532
internal_value=1.4975e-08 1.3392e-06 -3.21616e-05 -8.37507e-05 -2.48713e-05 -1.52155e-07 -9.01597e-06 1.24801e-06 -7.08805e-06 -7.16614e-05 -9.30036e-06
internal_weight=2.67096e+06 2.5654e+06 105553 13054 92499 2.27275e+06 310116 1.96263e+06 336188 12344 51633
internal_count=2670956 2565403 105553 13054 92499 2272748 310116 1962632 336188 12344 51633
is_linear=0
shrinkage=0.00523217


Tree=395
num_leaves=12
num_cat=0
split_feature=5 7 3 5 15 4 14 15 18 12 3
split_gain=2.48921 1.55347 1.7353 1.59855 2.85493 3.85294 2.02352 1.40483 1.37782 1.43252 1.25011
threshold=2.6781778335571294 1.2645485401153567 -0.52237418293952931 2.6781778335571294 0.078658685088157668 -1.4262790679931638 -0.48919464647769922 -0.044870533049106591 0.48241601884365087 -2.4598629474639888 -2.253310918807983
decision_type=10 8 8 8 2 10 2 2 10 8 8
left_child=1 2 3 -1 6 -6 -5 -3 9 -4 -2
right_child=10 7 8 4 5 -7 -8 -9 -10 -11 -12
leaf_value=-8.2731829209353299e-06 -8.7045413761029688e-05 -2.6771999112686659e-05 -4.3516241235444084e-05 -1.8546478808588182e-06 0.0015935779283142153 0.00014757283715168516 0.00041811209067613451 -5.7737172291899611e-07 1.2264821662670174e-05 2.3013710378971544e-06 -2.252844240008114e-05
leaf_weight=427897 9731 101732 18915 1831 81 135 377 124954 438228 1493574 53512
leaf_count=427897 9731 101732 18915 1831 81 135 377 124954 438228 1493574 53512
internal_value=-3.54339e-08 7.50872e-07 1.9972e-06 -7.51225e-06 0.000126418 0.000699245 6.96734e-05 -1.23366e-05 4.09537e-06 1.72782e-06 -3.24696e-05
internal_weight=2.67097e+06 2.60772e+06 2.38104e+06 430321 2424 216 2208 226686 1.95072e+06 1.51249e+06 63243
internal_count=2670967 2607724 2381038 430321 2424 216 2208 226686 1950717 1512489 63243
is_linear=0
shrinkage=0.00523217


Tree=396
num_leaves=12
num_cat=0
split_feature=9 22 2 13 22 18 18 5 17 12 5
split_gain=2.77777 1.98439 1.50788 1.70898 1.49487 1.47353 1.61333 1.33841 2.49656 1.2944 1.23655
threshold=0.36206103861331945 -0.25545366108417505 -0.61408442258834828 0.25656341016292578 -0.93807104229927052 0.23693300038576129 -2.1090607643127437 inf -2.2249805927276607 0.23746246844530108 inf
decision_type=10 8 8 8 10 10 8 8 2 10 8
left_child=2 -2 3 9 -4 6 -6 -7 -9 -1 -8
right_child=1 -3 4 -5 5 7 10 8 -10 -11 -12
leaf_value=2.4912641640769686e-05 -2.9694373336148655e-05 -4.2652748422146192e-06 -1.4221244145146196e-05 -6.7619519331880682e-06 5.8673312471184268e-05 7.276886046122194e-06 -2.9766484213832178e-06 0.001488616061823915 8.7493614575363132e-05 6.7923117827614842e-06 -9.8282338557339598e-05
leaf_weight=186055 131357 233326 189097 136657 11618 572594 944877 34 4364 257375 3741
leaf_count=186055 131357 233326 189097 136657 11618 572594 944877 34 4364 257375 3741
internal_value=-8.4513e-09 -1.3427e-05 2.1129e-06 9.41108e-06 -3.38998e-07 1.36817e-06 -2.60209e-06 7.9769e-06 9.8905e-05 1.43971e-05 -3.35347e-06
internal_weight=2.6711e+06 364683 2.30641e+06 580087 1.72632e+06 1.53723e+06 960236 576992 4398 443430 948618
internal_count=2671095 364683 2306412 580087 1726325 1537228 960236 576992 4398 443430 948618
is_linear=0
shrinkage=0.00523217


Tree=397
num_leaves=12
num_cat=0
split_feature=0 0 22 0 22 18 22 1 18 1 7
split_gain=4.14225 1.75035 1.51617 1.76747 1.46308 1.21941 1.16235 1.1554 0.958321 0.873439 0.833847
threshold=-3.6869672536849971 0.53930494189262401 0.14046356827020648 -1.0459859371185301 -0.06793526932597159 0.37889628112316137 -1.7137829661369322 -0.11408114805817603 1.1154192686080935 1.4607613682746889 1.1289348006248476
decision_type=2 2 8 2 8 10 10 2 10 2 10
left_child=4 2 3 6 -1 -4 -2 8 -3 -6 -7
right_child=1 7 5 -5 9 10 -8 -9 -10 -11 -12
leaf_value=-8.7411240527834948e-05 -0.00011705538632703351 7.751751979820351e-06 -6.4904726761948812e-07 -3.1594174974998181e-06 -0.00013729325027954557 1.9095382246730893e-05 -2.1718874215499133e-05 -2.4871158739531302e-05 3.3871623268049823e-05 -1.5308526460788287e-05 -4.4489963438163272e-06
leaf_weight=18026 3619 622037 434964 1147114 1739 189943 110529 28111 41011 21445 52511
leaf_count=18026 3619 622037 434964 1147114 1739 189943 110529 28111 41011 21445 52511
internal_value=9.65002e-09 8.25597e-07 -1.72275e-06 -5.11406e-06 -5.20395e-05 4.59023e-06 -2.47497e-05 7.97478e-06 9.36859e-06 -2.44996e-05 1.39928e-05
internal_weight=2.67105e+06 2.62984e+06 1.93868e+06 1.26126e+06 41210 677418 114148 691159 663048 23184 242454
internal_count=2671049 2629839 1938680 1261262 41210 677418 114148 691159 663048 23184 242454
is_linear=0
shrinkage=0.00523217


Tree=398
num_leaves=12
num_cat=0
split_feature=0 0 10 20 23 16 16 16 18 18 10
split_gain=4.16909 1.7034 1.40739 1.71896 1.57162 2.48805 1.29454 1.24811 1.10659 0.980723 0.974856
threshold=-3.6869672536849971 0.73527646064758312 0.73877617716789257 -0.84651517868041981 inf -0.039669290184974663 -0.20052303373813626 -1.1697853803634641 1.7074044346809389 1.750579357147217 2.1022378206253056
decision_type=2 2 8 10 8 2 2 2 10 10 10
left_child=6 2 3 -2 8 -6 -1 -4 -5 -8 -9
right_child=1 -3 7 4 5 -7 9 10 -10 -11 -12
leaf_value=-7.582921901907956e-05 -1.0911524748796276e-05 1.1475526835472308e-05 -3.4063961216836746e-05 4.7552385253246674e-06 -2.1390464456667262e-05 0.00047723243556528475 6.0625170779069182e-06 -6.3752137944488396e-06 -1.7833422858206289e-05 -9.1660532015725595e-05 4.8674878407360828e-05
leaf_weight=25005 252473 355480 45251 1345509 608 493 12578 558845 62097 3615 8943
leaf_count=25005 252473 355480 45251 1345509 608 493 12578 558845 62097 3615 8943
internal_value=5.75811e-09 8.24269e-07 -8.40266e-07 1.65974e-06 3.91338e-06 0.000201424 -5.22195e-05 -7.61594e-06 3.75815e-06 -1.57091e-05 -5.50663e-06
internal_weight=2.6709e+06 2.6297e+06 2.27422e+06 1.66118e+06 1.40871e+06 1101 41198 613039 1.40761e+06 16193 567788
internal_count=2670897 2629699 2274219 1661180 1408707 1101 41198 613039 1407606 16193 567788
is_linear=0
shrinkage=0.00523217


Tree=399
num_leaves=12
num_cat=0
split_feature=1 5 18 20 10 5 20 10 7 7 3
split_gain=2.50493 1.80503 1.37882 1.12047 1.54335 1.57627 1.43739 1.24544 1.09841 1.00611 1.10146
threshold=1.0053648948669436 1.3579029440879824 -2.1090607643127437 -0.92353871464729298 0.712221920490265 inf 3.1645727157592778 -0.41693575680255884 0.59414795041084301 1.2434474825859072 -1.1471772789955137
decision_type=2 10 8 10 8 8 10 10 8 8 8
left_child=2 9 -1 7 5 8 -7 -4 -5 10 -2
right_child=1 -3 3 4 -6 6 -8 -9 -10 -11 -12
leaf_value=4.821221255199157e-05 -2.8242949302854185e-05 -3.3826508871901307e-05 -2.0824793652810259e-05 8.2102448840760597e-06 -4.9248135625724762e-06 0.00010156674526848131 0.00055888649784478013 7.0558690041974669e-08 -2.7255587689486474e-06 -2.9242077359593949e-05 2.5031514168671305e-06
leaf_weight=17562 37666 84602 117466 1126734 477245 854 243 232714 323532 44525 208074
leaf_count=17562 37666 84602 117466 1126734 477245 854 243 232714 323532 44525 208074
internal_value=-1.76552e-08 -1.25582e-05 2.02917e-06 1.67288e-06 3.2365e-06 5.9207e-06 0.000204093 -6.93643e-06 5.77008e-06 -6.35633e-06 -2.20633e-06
internal_weight=2.67122e+06 374867 2.29635e+06 2.27879e+06 1.92861e+06 1.45136e+06 1097 350180 1.45027e+06 290265 245740
internal_count=2671217 374867 2296350 2278788 1928608 1451363 1097 350180 1450266 290265 245740
is_linear=0
shrinkage=0.00523217


Tree=400
num_leaves=12
num_cat=0
split_feature=9 22 1 2 12 22 2 23 17 7 22
split_gain=2.75553 2.017 1.59883 1.46173 1.47461 1.43191 1.13572 1.36607 2.53613 1.02015 0.970436
threshold=0.35016092658042913 -0.25545366108417505 1.8607191443443301 -0.61408442258834828 0.25302220880985266 -0.93807104229927052 -0.61408442258834828 inf -2.2249805927276607 0.72075378894805919 -1.7137829661369322
decision_type=10 8 2 8 10 10 10 8 2 8 10
left_child=3 2 -2 4 -1 -5 -7 -8 -9 -3 -4
right_child=1 9 10 5 -6 6 7 8 -10 -11 -12
leaf_value=1.8964486736004725e-05 -2.3109005469882721e-05 3.1803461639020411e-06 -0.00025187068473249863 -1.3907201504508047e-05 2.0782302185492382e-06 -8.2672725359831428e-05 1.3768989711139125e-06 0.0014992975302799522 8.6412746907713533e-05 -2.0133471653242421e-05 -7.0546951792053997e-05
leaf_weight=248160 120843 165509 863 188226 329887 4386 1521310 34 3869 74486 13512
leaf_count=248160 120843 165509 863 188226 329887 4386 1521310 34 3869 74486 13512
internal_value=-1.60141e-08 -1.31618e-05 -2.9324e-05 2.13204e-06 9.32904e-06 -2.89281e-07 1.38597e-06 1.62828e-06 9.93766e-05 -4.05216e-06 -8.15084e-05
internal_weight=2.67108e+06 375213 135218 2.29587e+06 578047 1.71782e+06 1.5296e+06 1.52521e+06 3903 239995 14375
internal_count=2671085 375213 135218 2295872 578047 1717825 1529599 1525213 3903 239995 14375
is_linear=0
shrinkage=0.00523217


Tree=401
num_leaves=12
num_cat=0
split_feature=9 22 15 11 1 4 22 19 5 11 9
split_gain=2.7534 2.1337 1.38355 1.91385 1.21122 1.15708 1.08542 1.12797 2.82317 2.9445 0.961691
threshold=0.52295345067977916 -0.11170707270503043 -1.0606151223182676 -0.76266482472419728 1.9940663576126101 -1.909196615219116 -1.8086421489715574 3.9810845851898198 inf 0.73603066802024852 0.12168252095580102
decision_type=10 8 2 10 2 10 8 8 8 10 10
left_child=2 4 3 -1 -2 -3 -4 8 10 -10 -8
right_child=1 5 6 -5 -6 -7 7 -9 9 -11 -12
leaf_value=-3.831689759180846e-05 -2.6949360177580356e-05 -8.3276530592576569e-05 -3.1955566495981636e-05 -1.7661849181673183e-06 -8.2391866888096495e-05 2.4553711998001049e-07 5.0217416859681053e-06 -4.2755380050912453e-05 2.0586034118017445e-06 0.00026221280075940155 -3.9751939224562605e-06
leaf_weight=53080 106042 4694 24113 150355 12029 137492 1765473 14434 2418 2358 398593
leaf_count=53080 106042 4694 24113 150355 12029 137492 1765473 14434 2418 2358 398593
internal_value=2.76561e-09 -1.61648e-05 1.74845e-06 -1.13071e-05 -3.26054e-05 -2.50681e-06 2.95203e-06 3.33795e-06 3.6451e-06 0.000130703 3.36425e-06
internal_weight=2.67108e+06 260257 2.41082e+06 203435 118071 142186 2.20739e+06 2.18328e+06 2.16884e+06 4776 2.16407e+06
internal_count=2671081 260257 2410824 203435 118071 142186 2207389 2183276 2168842 4776 2164066
is_linear=0
shrinkage=0.00523217


Tree=402
num_leaves=12
num_cat=0
split_feature=0 0 0 20 16 16 3 16 24 20 3
split_gain=4.03495 1.78604 1.37862 1.51856 1.30976 1.55058 1.29273 1.35299 1.22585 4.05011 1.09539
threshold=-4.1393516063690177 -1.0951598286628721 0.78363871574401867 -0.92353871464729298 -0.033904301002621644 -0.030067418701946732 -1.3542556166648863 -0.18426529318094251 -0.84567612409591664 3.4771887063980107 -2.253310918807983
decision_type=2 2 2 10 2 2 8 2 8 10 8
left_child=6 4 3 -3 10 8 7 -1 9 -6 -2
right_child=1 2 -4 -5 5 -7 -8 -9 -10 -11 -12
leaf_value=-0.00017975837503213609 -7.6489323282973002e-05 -1.1039395347442296e-05 1.2600000678286379e-05 2.1739155939970266e-06 7.7617540657937879e-05 -5.6373968160406499e-07 -3.7383068234112938e-05 -5.1962645328295909e-05 6.0550940033658466e-05 0.0010482005878340215 -1.9899511407013543e-05
leaf_weight=4262 10191 272758 292683 1873968 424 71364 21865 4899 1285 163 117141
leaf_count=4262 10191 272758 292683 1873968 424 71364 21865 4899 1285 163 117141
internal_value=1.56689e-08 7.13133e-07 1.94743e-06 4.94684e-07 -1.42949e-05 3.32548e-06 -5.93029e-05 -0.000111521 0.000151925 0.000350062 -2.44356e-05
internal_weight=2.671e+06 2.63998e+06 2.43941e+06 2.14673e+06 200568 73236 31026 9161 1872 587 127332
internal_count=2671003 2639977 2439409 2146726 200568 73236 31026 9161 1872 587 127332
is_linear=0
shrinkage=0.00523217


Tree=403
num_leaves=12
num_cat=0
split_feature=0 22 0 22 8 1 17 1 1 12 11
split_gain=3.86015 1.73694 1.57564 1.27578 1.32002 1.34787 2.84247 1.11943 1.11298 0.869159 1.03064
threshold=-2.4759553670883174 0.077804323285818114 0.7509855628013612 0.14046356827020648 -0.63414832949638356 -2.6243940591812129 -2.3578816652297969 1.3340880870819094 -0.24645030498504636 -0.31424036622047419 -0.68293383717536915
decision_type=2 8 2 8 10 2 2 2 2 8 8
left_child=1 -1 3 4 -2 6 -6 -3 -4 -9 -11
right_child=2 7 8 -5 5 -7 -8 9 -10 10 -12
leaf_value=-5.800127380593607e-05 -1.0577446135219227e-05 -0.00010618740393243316 1.3484769811740234e-05 5.0724833939476227e-06 0.0023052845614386919 -7.1669250929761582e-08 0.00019169595645032758 -2.6261421994334758e-05 -4.0615672580410518e-05 -1.4334621278929451e-05 6.5426739114347423e-05
leaf_weight=43247 463340 3082 323584 763022 17 1025966 491 19842 10748 9170 8564
leaf_count=43247 463340 3082 323584 763022 17 1025966 491 19842 10748 9170 8564
internal_value=1.07216e-08 -3.49156e-05 1.14375e-06 -4.28883e-07 -3.247e-06 6.11156e-08 0.000269191 -1.03392e-05 1.1743e-05 -2.45318e-06 2.41398e-05
internal_weight=2.67107e+06 83905 2.58717e+06 2.25284e+06 1.48981e+06 1.02647e+06 508 40658 334332 37576 17734
internal_count=2671073 83905 2587168 2252836 1489814 1026474 508 40658 334332 37576 17734
is_linear=0
shrinkage=0.00523217


Tree=404
num_leaves=12
num_cat=0
split_feature=5 2 13 12 5 4 5 17 5 20 17
split_gain=2.36991 1.8258 2.07644 1.66824 1.14649 1.16658 1.12953 2.20513 0.881815 2.14198 1.79099
threshold=2.6781778335571294 -0.068967439234256731 0.24914450943470004 0.46057872474193579 0.49517047405242925 1.7165185213088991 0.49517047405242925 -2.2249805927276607 2.6781778335571294 0.5974613130092622 -1.5776025652885435
decision_type=10 8 8 10 10 8 8 2 8 8 2
left_child=1 2 3 -1 5 6 -3 -8 -4 -10 -11
right_child=-2 4 8 -5 -6 -7 7 -9 9 10 -12
leaf_value=1.7394765056591016e-05 -3.1695115823627694e-05 4.1562797839444489e-08 -5.8523905749833976e-06 1.932591828914311e-06 -1.1398001647981359e-05 -3.011978482145414e-05 0.0013674617414267923 6.9595992625253071e-05 0.0024775701280769133 0.001031151172927377 4.7939039455336862e-05
leaf_weight=428451 63252 1138749 311728 344935 343074 35379 35 4912 10 56 471
leaf_count=428451 63252 1138749 311728 344935 343074 35379 35 4912 10 56 471
internal_value=-5.00487e-08 7.17206e-07 5.90134e-06 1.04996e-05 -2.97977e-06 -5.29643e-07 3.85024e-07 7.92652e-05 -5.48458e-06 0.000206082 0.000156011
internal_weight=2.67105e+06 2.6078e+06 1.08565e+06 773386 1.52215e+06 1.17908e+06 1.1437e+06 4947 312265 537 527
internal_count=2671052 2607800 1085651 773386 1522149 1179075 1143696 4947 312265 537 527
is_linear=0
shrinkage=0.00523217


Tree=405
num_leaves=12
num_cat=0
split_feature=0 9 0 9 2 18 18 0 13 4 10
split_gain=3.94102 1.75877 1.26205 1.17945 1.19776 1.17779 1.1688 1.15794 0.988 0.817145 7.89268
threshold=-3.6869672536849971 0.12168252095580102 0.78363871574401867 -0.60792773962020863 -0.59790065884590138 -0.73692360520362843 1.8528348207473757 -1.0951598286628721 0.11129283159971239 -2.2136638164520259 -1.3244342803955076
decision_type=2 10 2 8 8 10 10 2 8 10 8
left_child=6 2 3 9 8 -6 -1 -3 -5 10 -2
right_child=1 7 -4 4 5 -7 -8 -9 -10 -11 -12
leaf_value=-3.9728070413267722e-05 0.0025146285388546932 -2.3417329055097975e-05 1.4302077935297668e-05 1.7324587623817575e-05 -8.7822738038929799e-06 3.7480001684912712e-06 -0.00012170867516694994 -3.6391055277375915e-06 -1.2016902275270704e-06 -1.0510789334336123e-05 3.5420108962794838e-05
leaf_weight=35698 36 93939 252744 254206 271321 844537 5509 591280 114093 207160 660
leaf_count=35698 36 93939 252744 254206 271321 844537 5509 591280 114093 207160 660
internal_value=6.02112e-08 8.5603e-07 3.39606e-06 1.76649e-06 3.40168e-06 7.00537e-07 -5.07108e-05 -6.35178e-06 1.15833e-05 -9.90537e-06 0.000168853
internal_weight=2.67118e+06 2.62998e+06 1.94476e+06 1.69201e+06 1.48416e+06 1.11586e+06 41207 685219 368299 207856 696
internal_count=2671183 2629976 1944757 1692013 1484157 1115858 41207 685219 368299 207856 696
is_linear=0
shrinkage=0.00523217


Tree=406
num_leaves=12
num_cat=0
split_feature=5 11 22 2 5 11 14 13 1 2 13
split_gain=2.41658 2.04172 2.36463 1.76059 2.38154 3.52454 2.5941 1.56301 1.14432 1.13465 1.80767
threshold=2.6781778335571294 -0.90943422913551319 -1.1425130963325498 1.9195818305015566 2.6781778335571294 1.1239410042762759 -0.47678370773792261 2.6879446506500249 2.067751526832581 -0.61408442258834828 0.25656341016292578
decision_type=10 8 10 8 8 10 2 10 2 8 10
left_child=1 2 -1 4 9 7 -7 -6 -2 10 -3
right_child=8 3 -4 -5 5 6 -8 -9 -10 -11 -12
leaf_value=-5.4629954570651759e-05 -2.2543691054539148e-05 1.4585403494291468e-05 -6.7657187456408727e-06 -2.8048895255589496e-05 -3.9952892337807053e-05 0.00023649313335797763 0.0008216576010231947 0.00038385687285949998 -8.4868516015134242e-05 8.7712799734188331e-07 -7.5532775508879093e-06
leaf_weight=31104 53745 435943 309370 50167 1952 1057 260 270 9506 1646329 131347
leaf_count=31104 53745 435943 309370 50167 1952 1057 260 270 9506 1646329 131347
internal_value=3.02529e-08 8.05626e-07 -1.11409e-05 2.59994e-06 3.2938e-06 0.000138896 0.000353258 1.13606e-05 -3.19246e-05 3.07657e-06 9.45812e-06
internal_weight=2.67105e+06 2.6078e+06 340474 2.26732e+06 2.21716e+06 3539 1317 2222 63251 2.21362e+06 567290
internal_count=2671050 2607799 340474 2267325 2217158 3539 1317 2222 63251 2213619 567290
is_linear=0
shrinkage=0.00523217


Tree=407
num_leaves=12
num_cat=0
split_feature=9 3 8 18 18 12 18 18 17 9 4
split_gain=2.64186 1.40628 2.03415 1.7538 1.41662 2.59164 1.81987 1.48561 1.36273 1.22855 1.18369
threshold=0.52295345067977916 -0.59544420242309559 -2.0727592706680293 2.4283109903335576 0.16223607957363131 -0.92714384198188771 -0.50157213211059559 -2.1090607643127437 0.22949465364217761 -0.065804708749055849 -1.909196615219116
decision_type=10 8 10 8 10 8 10 8 2 10 10
left_child=1 2 8 4 5 6 -3 -7 -1 -6 -2
right_child=10 3 -4 -5 9 7 -8 -9 -10 -11 -12
leaf_value=1.9780900194813409e-05 -7.1792120196711315e-05 -5.0806269425049973e-05 -8.2465893962718841e-06 -7.7321375385009143e-05 1.6759903689487238e-05 5.3862038621823818e-05 -4.2685012785149228e-06 2.2116850882387299e-06 0.00014397018897714743 2.3040365526854766e-06 -1.3559719255407063e-05
leaf_weight=6569 9942 42918 442985 7288 359288 15443 49663 1191204 3845 291791 250416
leaf_count=6569 9942 42918 442985 7288 359288 15443 49663 1191204 3845 291791 250416
internal_value=4.66264e-08 1.75678e-06 -6.54569e-06 3.68013e-06 3.98328e-06 8.25926e-07 -2.58512e-05 2.87344e-06 6.57216e-05 1.02825e-05 -1.57868e-05
internal_weight=2.67135e+06 2.41099e+06 453399 1.9576e+06 1.95031e+06 1.29923e+06 92581 1.20665e+06 10414 651079 260358
internal_count=2671352 2410994 453399 1957595 1950307 1299228 92581 1206647 10414 651079 260358
is_linear=0
shrinkage=0.00523217


Tree=408
num_leaves=12
num_cat=0
split_feature=5 2 19 15 20 18 18 15 20 24 5
split_gain=2.33506 1.81926 1.55174 2.50886 13.4272 19.4223 4.36799 1.73756 1.53741 1.17399 1.24089
threshold=2.6781778335571294 -0.068967439234256731 -0.54341405630111683 3.5451488494873051 0.57862454652786266 -1.2231159806251524 -1.8547301888465879 0.92244240641593944 -0.16707649827003476 -0.01782346703112125 0.52362319827079784
decision_type=10 8 10 2 10 8 10 2 10 10 10
left_child=1 2 3 -1 6 -6 -5 -4 -9 10 -3
right_child=-2 9 7 4 5 -7 -8 8 -10 -11 -12
leaf_value=-2.2544444083680453e-06 -3.1419164663730735e-05 4.9918450519180205e-06 7.572895240872524e-06 0.0023528284197508174 0.010779058649014768 0.00022999846944147178 6.1971635957297139e-05 1.5031842134334925e-05 5.9276862084142387e-05 -7.8575168441774511e-06 -1.01255338305462e-05
leaf_weight=426458 63239 617829 568292 23 7 12.000000000000002 414 55332 35232 708519 195717
leaf_count=426458 63239 617829 568292 23 7 12 414 55332 35232 708519 195717
internal_value=-4.29258e-09 7.57212e-07 5.93158e-06 -1.83728e-06 0.000385538 0.00455996 0.000190397 1.09667e-05 3.22538e-05 -2.93341e-06 1.35402e-06
internal_weight=2.67107e+06 2.60784e+06 1.08577e+06 426914 456 19 437 658856 90564 1.52206e+06 813546
internal_count=2671074 2607835 1085770 426914 456 19 437 658856 90564 1522065 813546
is_linear=0
shrinkage=0.00523217


Tree=409
num_leaves=12
num_cat=0
split_feature=11 22 6 22 18 22 23 10 19 23 6
split_gain=2.19642 2.91905 1.32016 1.64007 1.27952 1.11791 1.02908 1.00437 0.910922 1.95769 1.01957
threshold=-0.86895382404327381 -1.1425130963325498 -0.38288493454456324 0.14046356827020648 -2.1090607643127437 -1.8086421489715574 2.4843351840972905 1.1942284703254702 3.9810845851898198 2.4843351840972905 0.073502786457538619
decision_type=8 10 2 8 8 10 10 8 8 8 2
left_child=1 -1 3 5 -4 -2 8 -3 9 -6 -10
right_child=2 7 4 -5 6 -7 -8 -9 10 -11 -12
leaf_value=-5.6414361973521163e-05 -8.1503562967927493e-05 -4.1243188256198736e-06 5.2322333188457888e-05 6.8925170006244051e-06 4.2691208024653559e-06 -1.1338256547095205e-05 -2.2142138173253329e-05 -3.4480112417582989e-05 -2.0354923077140571e-05 0.00012080173190631145 -0.00016408978361585576
leaf_weight=35905 6346 324447 14917 183774 1708170 311413 41321 32874 6330 3955 1723
leaf_count=35905 6346 324447 14917 183774 1708170 311413 41321 32874 6330 3955 1723
internal_value=-2.13898e-08 -1.1441e-05 1.94954e-06 -5.54606e-06 4.06622e-06 -1.27424e-05 3.65708e-06 -6.91944e-06 4.27729e-06 4.53886e-06 -5.12274e-05
internal_weight=2.67118e+06 393226 2.27795e+06 501533 1.77642e+06 317759 1.7615e+06 357321 1.72018e+06 1.71212e+06 8053
internal_count=2671175 393226 2277949 501533 1776416 317759 1761499 357321 1720178 1712125 8053
is_linear=0
shrinkage=0.00523217


Tree=410
num_leaves=12
num_cat=0
split_feature=0 11 22 15 22 0 22 15 16 9 12
split_gain=3.92681 1.73363 2.49071 1.50601 1.43669 1.34054 1.10939 1.1655 1.14186 1.05788 1.40914
threshold=-3.6869672536849971 -0.89958983659744252 -1.1425130963325498 -1.0292619466781614 -0.06793526932597159 0.48711182177066809 0.14046356827020648 -0.50475338101387013 -1.8011790513992307 -0.14123066514730451 0.50592258572578441
decision_type=2 8 10 2 8 2 8 2 2 8 10
left_child=4 2 -2 -4 -1 6 -3 8 -8 -7 -11
right_child=1 5 3 -5 -6 9 7 -9 -10 10 -12
leaf_value=-8.5764611499150375e-05 -5.6404602818226465e-05 -3.6935165436929588e-06 -3.5384202920591224e-05 -1.475119762442278e-06 -2.3418602868641668e-05 1.3661864683225749e-05 -6.3588873967733295e-05 -7.8129840543174759e-07 1.6786544348258158e-05 1.2198594527402814e-05 -9.0236013900112271e-06
leaf_weight=18024 29180 989747 41221 275917 23179 418954 4946 313759 213292 166296 176601
leaf_count=18024 29180 989747 41221 275917 23179 418954 4946 313759 213292 166296 176601
internal_value=-3.0165e-08 7.63598e-07 -1.01444e-05 -5.88521e-06 -5.07127e-05 2.4182e-06 -4.17761e-07 5.67506e-06 1.4961e-05 8.08387e-06 1.26627e-06
internal_weight=2.67112e+06 2.62991e+06 346318 317138 41203 2.2836e+06 1.52174e+06 531997 218238 761851 342897
internal_count=2671116 2629913 346318 317138 41203 2283595 1521744 531997 218238 761851 342897
is_linear=0
shrinkage=0.00523217


Tree=411
num_leaves=12
num_cat=0
split_feature=0 9 15 22 16 2 5 16 2 9 16
split_gain=3.88191 1.62344 1.55523 1.54342 1.3004 1.20231 2.08874 1.65347 1.03711 0.939427 1.45469
threshold=-3.2939242124557491 0.12168252095580102 -1.0606151223182676 -0.12720210105180738 -0.20052303373813626 2.4511311054229741 inf -0.073228619992732988 -0.69560804963111866 0.93246030807495128 -1.10889196395874
decision_type=2 10 2 8 2 8 8 2 10 8 2
left_child=4 2 -2 9 -1 6 8 -8 -4 -3 -11
right_child=1 3 5 -5 -6 -7 7 -9 -10 10 -12
leaf_value=-6.6665801466500994e-05 -1.2598751216641717e-05 -1.0382030839700253e-05 1.2041409816193109e-05 1.1847214040618851e-06 -1.3100150411246905e-05 -4.2393715976729163e-05 -8.894452452103428e-05 0.00020378489482687336 2.6152687320593459e-06 -0.00011800232444841148 -2.5555993906178169e-05
leaf_weight=30656 154647 255779 418860 367313 20914 14716 669 2441 1349094 5135 50997
leaf_count=30656 154647 255779 418860 367313 20914 14716 669 2441 1349094 5135 50997
internal_value=-4.57626e-09 8.80099e-07 3.31726e-06 -6.08126e-06 -4.49588e-05 4.69603e-06 5.08779e-06 0.000140547 4.84895e-06 -1.46404e-05 -3.40297e-05
internal_weight=2.67122e+06 2.61965e+06 1.94043e+06 679224 51570 1.78578e+06 1.77106e+06 3110 1.76795e+06 311911 56132
internal_count=2671221 2619651 1940427 679224 51570 1785780 1771064 3110 1767954 311911 56132
is_linear=0
shrinkage=0.00523217


Tree=412
num_leaves=12
num_cat=0
split_feature=0 9 20 21 7 10 0 21 9 20 24
split_gain=3.87022 1.66227 2.36593 2.41917 2.01608 15.4193 1.38086 1.33941 1.33632 1.2892 1.76438
threshold=-3.6869672536849971 0.12168252095580102 3.4771887063980107 -2.2787501811981197 1.8833282589912417 -1.3244342803955076 0.53930494189262401 -0.14821486920118329 -0.60792773962020863 2.658916831016541 -0.72030135989189137
decision_type=2 10 10 2 10 8 2 2 8 10 10
left_child=-1 2 6 4 -4 -6 8 -5 -2 -3 -11
right_child=1 9 3 7 5 -7 -8 -9 -10 10 -12
leaf_value=-5.0305952711969469e-05 -1.3792965919895446e-05 -4.9150874968533706e-06 0.00019901434510926616 8.7872401481347911e-05 0.0048719791488029606 0.00018945780221493738 9.605459642695274e-06 -4.4886113977870595e-05 1.9142011246194569e-06 -0.00012455196863364054 -1.7057517112388147e-05
leaf_weight=41179 169477 664094 1539 6643 21 150 578558 3019 1185367 5761 15312
leaf_count=41179 169477 664094 1539 6643 21 150 578558 3019 1185367 5761 15312
internal_value=2.42845e-08 8.12671e-07 3.28196e-06 7.8528e-05 0.000259959 0.000798666 2.83891e-06 4.6307e-05 -5.00208e-08 -6.19496e-06 -4.64881e-05
internal_weight=2.67112e+06 2.62994e+06 1.94477e+06 11372 1710 171 1.9334e+06 9662 1.35484e+06 685167 21073
internal_count=2671120 2629941 1944774 11372 1710 171 1933402 9662 1354844 685167 21073
is_linear=0
shrinkage=0.00523217


Tree=413
num_leaves=12
num_cat=0
split_feature=0 9 0 16 9 9 16 19 1 19 5
split_gain=3.70426 1.76936 1.37299 1.14705 1.01384 1.00888 0.966374 1.12662 0.917654 0.908527 3.04883
threshold=-4.1393516063690177 0.26362279057502752 0.77511435747146618 -1.0721608400344846 0.72628775238990795 -0.60792773962020863 -0.20052303373813626 -1.2470931410789488 -0.24645030498504636 3.9810845851898198 inf
decision_type=2 10 2 2 10 8 2 8 2 8 8
left_child=6 2 5 4 -3 -2 7 -1 -4 10 -7
right_child=1 3 8 -5 -6 9 -8 -9 -10 -11 -12
leaf_value=7.1594329990436824e-05 -9.8525065023243486e-06 -1.4378804760173528e-05 1.5043620982492188e-05 -6.0207209248775523e-06 -6.6042411339551846e-05 2.3527200902290887e-06 -1.8915637682716362e-05 -8.9926495281988713e-05 -4.3501865915037416e-05 -4.1771295074212491e-05 0.0001501419905199
leaf_weight=1258 207880 27313 271180 406227 16844 1686790 11571 18168 7525 12674 3829
leaf_count=1258 207880 27313 271180 406227 16844 1686790 11571 18168 7525 12674 3829
internal_value=1.77165e-10 6.68082e-07 2.61081e-06 -8.77612e-06 -3.41057e-05 1.02827e-06 -5.68626e-05 -7.94216e-05 1.34598e-05 2.3567e-06 2.68802e-06
internal_weight=2.67126e+06 2.64026e+06 2.18988e+06 450384 44157 1.91117e+06 30997 19426 278705 1.70329e+06 1.69062e+06
internal_count=2671259 2640262 2189878 450384 44157 1911173 30997 19426 278705 1703293 1690619
is_linear=0
shrinkage=0.00523217


Tree=414
num_leaves=12
num_cat=0
split_feature=0 16 18 0 20 8 5 16 4 8 2
split_gain=3.78019 1.59711 1.76425 1.4177 1.3084 1.60502 1.84783 1.82196 1.2341 1.20542 1.07372
threshold=-1.757364749908447 -0.17635739594697949 1.9118469357490542 0.78363871574401867 -0.92353871464729298 -0.59776535630226124 inf -0.039669290184974663 -1.909196615219116 -2.0727592706680293 1.9195818305015566
decision_type=2 2 10 2 10 10 8 2 8 8 8
left_child=1 2 -1 4 -2 9 -7 -8 -3 -6 -11
right_child=3 8 -4 -5 5 6 7 -9 -10 10 -12
leaf_value=-3.6098595166078394e-05 -1.0471297097796133e-05 -8.1558454054840134e-05 -0.00013930083183566952 1.2291208943173267e-05 5.68763846643836e-05 4.6330372140579286e-06 2.6498613520810638e-05 0.00042343405030548215 1.0090117849059049e-06 -4.6526461646570031e-06 -3.7657834164517248e-05
leaf_weight=71745 282966 5451 4847 292588 8415 1327622 721 570 54227 593484 28277
leaf_count=71745 282966 5451 4847 292588 8415 1327622 721 570 54227 593484 28277
internal_value=1.55842e-08 -2.68292e-05 -4.26421e-05 1.45917e-06 4.5226e-08 1.56462e-06 4.82614e-06 0.000202601 -6.52072e-06 -5.31198e-06 -6.15505e-06
internal_weight=2.67091e+06 136270 76592 2.53464e+06 2.24206e+06 1.95909e+06 1.32891e+06 1291 59678 630176 621761
internal_count=2670913 136270 76592 2534643 2242055 1959089 1328913 1291 59678 630176 621761
is_linear=0
shrinkage=0.00523217


Tree=415
num_leaves=12
num_cat=0
split_feature=9 15 11 1 19 10 11 16 16 15 21
split_gain=2.56681 1.65142 1.72372 1.58604 0.967462 1.25446 2.03561 1.17134 1.01551 0.855917 0.966444
threshold=0.28087367117404943 -1.0292619466781614 -0.813860923051834 1.8607191443443301 3.9810845851898198 2.1022378206253056 0.73603066802024852 -0.067246664315462099 -0.05369449965655803 -0.1676780357956886 0.47865515947341924
decision_type=10 2 10 2 8 8 10 2 2 2 2
left_child=1 2 -1 9 5 -3 -7 -6 -8 10 -2
right_child=3 4 -4 -5 7 6 8 -9 -10 -11 -12
leaf_value=-3.9904288797586251e-05 -1.2427859867443632e-05 3.7524816479232995e-06 -3.5886178035420517e-06 -4.0590432337614252e-05 -0.00011439246433972972 -5.2812533539731803e-07 0.00031328533110290123 -8.821129980410767e-06 0.00011021316091491927 -1.6756071737500072e-05 9.2472582443919028e-06
leaf_weight=46541 110194 1999935 155013 45859 4070 5171 902 9877 2769 175795 115151
leaf_count=46541 110194 1999935 155013 45859 4070 5171 902 9877 2769 175795 115151
internal_value=3.02687e-09 2.30253e-06 -1.19785e-05 -1.14376e-05 3.72597e-06 4.02785e-06 6.62129e-05 -3.96935e-05 0.000160413 -8.10264e-06 -1.34835e-06
internal_weight=2.67128e+06 2.22428e+06 201554 446999 2.02272e+06 2.00878e+06 8842 13947 3671 401140 225345
internal_count=2671277 2224278 201554 446999 2022724 2008777 8842 13947 3671 401140 225345
is_linear=0
shrinkage=0.00523217


Tree=416
num_leaves=12
num_cat=0
split_feature=1 2 22 18 15 15 22 22 18 1 1
split_gain=2.15523 1.61001 1.98324 1.53758 1.57216 1.43971 1.40779 1.18633 1.08251 1.05172 0.931134
threshold=1.9940663576126101 -0.45170311629772181 -1.8086421489715574 0.48241601884365087 1.1938624382019045 1.6046285033226015 -1.1425130963325498 0.26574628055095678 -2.1090607643127437 -2.6243940591812129 0.18760874867439273
decision_type=2 8 8 10 2 2 8 10 8 2 2
left_child=1 5 -3 8 7 -1 -2 -5 -4 -10 -7
right_child=6 2 3 4 -6 10 -8 -9 9 -11 -12
leaf_value=5.4946890244792886e-06 -0.00010877477791115833 -5.1206849708409053e-05 4.068980347803461e-05 4.3027269432717031e-06 -1.6623252760201315e-05 2.5536504370272406e-05 -2.1577157279842826e-05 2.2491796991798142e-05 -7.7076811680361085e-05 -4.67923896429047e-06 9.0041771207764358e-05
leaf_weight=709238 5494 22003 14354 363954 74040 34316 66328 134500 5518 1234133 7478
leaf_count=709238 5494 22003 14354 363954 74040 34316 66328 134500 5518 1234133 7478
internal_value=1.29506e-08 7.94424e-07 -1.82986e-06 -1.23456e-06 5.86969e-06 7.25459e-06 -2.82602e-05 9.21242e-06 -4.47853e-06 -5.00222e-06 3.70996e-05
internal_weight=2.67136e+06 2.59953e+06 1.8485e+06 1.8265e+06 572494 751032 71822 498454 1.254e+06 1.23965e+06 41794
internal_count=2671356 2599534 1848502 1826499 572494 751032 71822 498454 1254005 1239651 41794
is_linear=0
shrinkage=0.00523217


Tree=417
num_leaves=12
num_cat=0
split_feature=9 22 4 15 11 22 9 6 23 11 22
split_gain=2.48907 2.06766 1.45224 1.38285 1.83509 1.12845 0.870661 0.868657 0.83923 0.820774 1.2433
threshold=0.52295345067977916 -0.25545366108417505 -1.909196615219116 -1.0606151223182676 -0.76266482472419728 -1.8086421489715574 0.12168252095580102 -4.1554896831512442 2.6356443166732793 -0.77098208665847767 5.1275336742401132
decision_type=10 8 10 2 10 8 10 2 10 10 8
left_child=3 7 -3 4 -1 -5 8 -2 -7 -4 -11
right_child=1 2 9 5 -6 6 -8 -9 -10 10 -12
leaf_value=-3.7857925046675612e-05 -0.00013826603387501464 -8.8515056841952086e-05 -2.1656824167941187e-05 -3.2770588940520463e-05 -2.079466410682441e-06 5.3850349589755821e-06 -3.7306099439891673e-06 -3.273127178755366e-05 -1.7029360467645735e-05 -1.5713857675212436e-06 4.6334338423530878e-05
leaf_weight=53123 2191 5440 41580 24102 150417 1734294 401937 90485 46950 103294 17311
leaf_count=53123 2191 5440 41580 24102 150417 1734294 401937 90485 46950 103294 17311
internal_value=-3.23402e-08 -1.54035e-05 -4.43316e-06 1.62698e-06 -1.14216e-05 2.8306e-06 3.22401e-06 -3.52367e-05 4.79377e-06 -1.60732e-06 5.29847e-06
internal_weight=2.67112e+06 260301 167625 2.41082e+06 203540 2.20728e+06 2.18318e+06 92676 1.78124e+06 162185 120605
internal_count=2671124 260301 167625 2410823 203540 2207283 2183181 92676 1781244 162185 120605
is_linear=0
shrinkage=0.00523217


Tree=418
num_leaves=12
num_cat=0
split_feature=0 11 15 0 8 17 8 5 1 12 5
split_gain=3.60545 1.71787 1.58711 1.3477 1.13571 1.19714 1.0547 1.70844 0.999972 0.990045 0.94703
threshold=-4.1393516063690177 -0.90943422913551319 -0.85418486595153797 0.48711182177066809 -2.0727592706680293 0.69334727525711071 -0.60674092173576344 inf -0.12257806584239005 -0.63050591945648182 0.0087209660559892672
decision_type=2 8 2 2 8 2 10 8 2 10 8
left_child=-1 2 -2 4 5 -3 10 -8 -5 -7 -6
right_child=1 3 -4 8 6 9 7 -9 -10 -11 -12
leaf_value=-5.6100502330128579e-05 -3.2366793133098411e-05 1.5626022324460716e-06 -4.5107094140208865e-06 9.3868434548412942e-06 -1.8310270676638281e-08 0.0001838422661931997 2.0179975358065935e-06 0.0001913020134913437 -1.7363097406554193e-05 1.4427385185413685e-05 -1.4081917676929309e-05
leaf_weight=30987 70769 4749 268641 722979 268539 2659 1002515 1306 40373 1481 256287
leaf_count=30987 70769 4749 268641 722979 268539 2659 1002515 1306 40373 1481 256287
internal_value=7.82794e-09 6.66654e-07 -1.03213e-05 2.28787e-06 -5.33146e-07 5.84315e-05 -8.76592e-07 2.26529e-06 7.97099e-06 0.000123453 -6.8875e-06
internal_weight=2.67128e+06 2.6403e+06 339410 2.30089e+06 1.53754e+06 8889 1.52865e+06 1.00382e+06 763352 4140 524826
internal_count=2671285 2640298 339410 2300888 1537536 8889 1528647 1003821 763352 4140 524826
is_linear=0
shrinkage=0.00523217


Tree=419
num_leaves=12
num_cat=0
split_feature=1 16 16 13 15 8 7 15 8 23 21
split_gain=2.16124 1.59475 1.68385 3.74104 12.9937 12.126 1.35228 1.2599 1.06952 0.995825 0.981482
threshold=1.1554481983184817 -0.033904301002621644 -0.030067418701946732 -0.93219253420829762 1.6046285033226015 1.2587552070617678 1.2878480553627016 -0.16005387157201764 -2.0727592706680293 0.95227748155593883 0.80645081400871288
decision_type=2 2 2 10 2 10 8 2 10 10 2
left_child=9 6 3 4 -3 -6 7 -2 -4 -1 -8
right_child=1 2 8 -5 5 -7 10 -9 -10 -11 -12
leaf_value=3.0411178997088033e-06 -9.9434756728516048e-06 -0.00010415538811176544 0.00010332878240563806 8.6254085095243871e-05 0.0018136185303561712 0.0087025753718766499 -3.722851174631058e-05 -4.6881352261996442e-05 -2.8309399896311996e-06 -6.8022933592833548e-06 -0.00010941063705399403
leaf_weight=2044361 140005 98 2667 2496 36 7.9999999999999991 18688 30877 98721 326218 7156
leaf_count=2044361 140005 98 2667 2496 36 8 18688 30877 98721 326218 7156
internal_value=9.62932e-09 -1.32028e-05 3.35902e-06 0.000133832 0.000956898 0.00327883 -2.19645e-05 -1.66228e-05 -2.93266e-08 1.68621e-06 -5.72503e-05
internal_weight=2.67133e+06 300752 104026 2638 142 44 196726 170882 101388 2.37058e+06 25844
internal_count=2671331 300752 104026 2638 142 44 196726 170882 101388 2370579 25844
is_linear=0
shrinkage=0.00523217


Tree=420
num_leaves=12
num_cat=0
split_feature=0 0 0 10 5 11 0 1 8 6 1
split_gain=3.5792 1.45716 1.33862 1.16041 1.60162 3.54665 4.21794 1.06324 1.05954 0.983181 0.973029
threshold=-2.122995018959045 0.79268571734428417 -4.6120386123657218 0.84313404560089122 inf 1.1239410042762759 0.044172596186399467 1.3340880870819094 -2.0727592706680293 -0.092270366847515092 -0.24645030498504636
decision_type=2 2 2 8 8 10 2 2 8 2 2
left_child=2 3 -1 4 -2 -6 -7 -4 -5 -9 -3
right_child=1 10 7 8 5 6 -8 9 -10 -11 -12
leaf_value=-6.7671827648996724e-05 1.6615647606316098e-06 1.4037415378170234e-05 -7.3196222425570145e-05 4.7904254078659053e-05 -4.6360661421025239e-05 0.00038849719638785218 0.002149996013880101 -2.3994257691800211e-05 -8.2761757810561758e-06 2.2014662426168765e-05 -4.5987033024001772e-05
leaf_weight=20661 1781399 274338 9394 9360 669 432 40 59392 491656 16160 7591
leaf_count=20661 1781399 274338 9394 9360 669 432 40 59392 491656 16160 7591
internal_value=-3.27602e-08 1.19578e-06 -2.98846e-05 -1.89406e-07 1.7876e-06 0.000197658 0.000544472 -2.06835e-05 -7.2249e-06 -1.41425e-05 1.24182e-05
internal_weight=2.67109e+06 2.56548e+06 105607 2.28356e+06 1.78254e+06 1141 472 84946 501016 75552 281929
internal_count=2671092 2565485 105607 2283556 1782540 1141 472 84946 501016 75552 281929
is_linear=0
shrinkage=0.00523217


Tree=421
num_leaves=12
num_cat=0
split_feature=5 2 13 18 4 13 18 3 5 17 7
split_gain=2.23267 1.18562 1.86903 1.44354 1.11273 0.958104 1.03311 0.954001 1.17413 2.17145 1.10146
threshold=1.1401758193969729 -0.068967439234256731 0.25656341016292578 0.41741354763507849 -0.84921774268150318 -0.7096898853778838 -1.9570049643516538 -1.0728502273559568 1.1401758193969729 -2.2249805927276607 1.3340589404106142
decision_type=10 8 10 10 8 10 10 8 8 2 10
left_child=1 2 -1 5 -2 -3 -7 8 -5 -10 -9
right_child=4 3 -4 7 -6 6 -8 10 9 -11 -12
leaf_value=1.058497012939099e-05 -2.9251112254312984e-05 -1.7786913565196517e-05 -5.2968043936845119e-06 -9.5744462261321574e-06 -7.040080457011974e-06 4.675756412761072e-05 -3.6963394460205133e-06 1.398630206799412e-05 0.0013539038325819459 6.5613946752364016e-05 -1.6162975652390149e-05
leaf_weight=711902 86322 141156 283612 117974 217425 11272 759300 300243 35 4516 37268
leaf_count=711902 86322 141156 283612 117974 217425 11272 759300 300243 35 4516 37268
internal_value=-3.15877e-10 1.7129e-06 6.0596e-06 -1.44101e-06 -1.3355e-05 -5.25406e-06 -2.95718e-06 6.11419e-06 -6.38691e-06 7.60471e-05 1.06548e-05
internal_weight=2.67102e+06 2.36728e+06 995514 1.37176e+06 303747 911728 770572 460036 122525 4551 337511
internal_count=2671025 2367278 995514 1371764 303747 911728 770572 460036 122525 4551 337511
is_linear=0
shrinkage=0.00523217


Tree=422
num_leaves=12
num_cat=0
split_feature=9 15 7 4 8 3 8 7 19 23 9
split_gain=2.45587 1.56957 1.29293 1.2447 1.272 1.11953 1.78601 1.50489 1.20733 1.08798 1.07561
threshold=0.28087367117404943 -1.0292619466781614 0.83842259645462047 -1.8135887384414671 inf -0.3455826193094253 -2.0727592706680293 1.9798831939697268 1.3857352733612063 1.1607865095138552 -0.1682772561907768
decision_type=10 2 8 10 8 8 10 8 10 8 10
left_child=1 2 -1 -2 -5 6 8 9 -3 10 -7
right_child=3 5 -4 4 -6 7 -8 -9 -10 -11 -12
leaf_value=-5.7219830625768593e-06 -5.1527321725458764e-05 -1.7466687819503154e-05 -4.1208546304475056e-05 -9.0754391331528301e-06 -0.00037651695114121291 1.2092051741035459e-05 -4.5880463890298812e-06 -7.0717870238532583e-05 0.00010950486836409108 -1.0637364992301719e-05 2.9855547519214703e-06
leaf_weight=167736 20014 3017 33785 426667 257 684339 485103 6992 6328 98202 738585
leaf_count=167736 20014 3017 33785 426667 257 684339 485103 6992 6328 98202 738585
internal_value=-4.29016e-10 2.24829e-06 -1.16755e-05 -1.11925e-05 -9.29955e-06 3.63601e-06 -3.20624e-06 5.85046e-06 6.84296e-05 6.20299e-06 7.36579e-06
internal_weight=2.67102e+06 2.22409e+06 201521 446938 426924 2.02257e+06 494448 1.52812e+06 9345 1.52113e+06 1.42292e+06
internal_count=2671025 2224087 201521 446938 426924 2022566 494448 1528118 9345 1521126 1422924
is_linear=0
shrinkage=0.00523217


Tree=423
num_leaves=12
num_cat=0
split_feature=9 20 11 2 20 18 18 11 5 20 5
split_gain=2.42527 1.87167 2.14813 1.48099 1.60559 1.33717 1.31809 1.44626 1.40819 1.26296 1.19393
threshold=0.52295345067977916 4.0456516742706308 0.75632205605506908 -0.61408442258834828 0.47795137763023382 -2.1090607643127437 0.42984683811664587 -0.78002139925956715 0.11287686973810197 3.4771887063980107 -0.070621233433485017
decision_type=10 10 10 8 10 8 10 8 10 10 10
left_child=1 3 -3 4 -1 -5 7 -7 -8 -2 -4
right_child=9 2 10 5 -6 6 8 -9 -10 -11 -12
leaf_value=3.8619070293940484e-06 -1.3651946427919566e-05 -1.1242652306632665e-05 0.00059021147320767963 4.9684818025377234e-05 2.4480741418713071e-05 -1.6320739077137445e-05 1.2434271311761365e-05 -1.763900074590162e-06 -4.2870559999657117e-06 -9.8738573326657568e-05 0.00014957405180262119
leaf_weight=465242 255431 3319 177 14107 132980 229822 318247 1000044 243170 4869 3664
leaf_count=465242 255431 3319 177 14107 132980 229822 318247 1000044 243170 4869 3664
internal_value=-7.41898e-08 1.56375e-06 8.60268e-05 1.31177e-06 8.44669e-06 -1.05196e-06 -1.45201e-06 -4.48477e-06 5.19024e-06 -1.5247e-05 0.000170264
internal_weight=2.67107e+06 2.41077e+06 7160 2.40361e+06 598222 1.80539e+06 1.79128e+06 1.22987e+06 561417 260300 3841
internal_count=2671072 2410772 7160 2403612 598222 1805390 1791283 1229866 561417 260300 3841
is_linear=0
shrinkage=0.00523217


Tree=424
num_leaves=12
num_cat=0
split_feature=0 11 22 22 0 9 12 22 9 21 19
split_gain=3.58164 1.69376 2.33081 1.41463 1.28867 1.20901 1.46575 1.05276 0.930669 0.999088 0.869685
threshold=-4.1393516063690177 -0.90943422913551319 -1.1425130963325498 -0.057426346465945237 0.43806774914264685 -0.14123066514730451 0.50592258572578441 0.14046356827020648 1.0839814543724062 -1.2721879482269285 -1.3032307624816892
decision_type=2 8 10 8 2 8 10 8 8 2 8
left_child=3 2 -2 10 7 -6 -7 8 -3 -10 -1
right_child=1 4 -4 -5 5 6 -8 -9 9 -11 -12
leaf_value=0.00012933795724480839 -5.505058510667225e-05 -2.8373179557145468e-06 -6.0541141297549148e-06 -2.4542088589818813e-05 1.3085734410450577e-05 1.0874881784101712e-05 -9.2472955940738472e-06 5.2943568638618725e-06 7.0348181966119145e-05 -3.2281989108182286e-05 -0.00010357018412183759
leaf_weight=450 29076 884210 310321 17389 462589 194730 201782 509156 2748 45556 13183
leaf_count=450 29076 884210 310321 17389 462589 194730 201782 509156 2748 45556 13183
internal_value=0 6.56628e-07 -1.02542e-05 -5.58913e-05 2.26648e-06 7.33913e-06 6.32833e-07 -7.55791e-07 -4.06006e-06 -2.64252e-05 -9.58129e-05
internal_weight=2.67119e+06 2.64017e+06 339397 31022 2.30077e+06 859101 396512 1.44167e+06 932514 48304 13633
internal_count=2671190 2640168 339397 31022 2300771 859101 396512 1441670 932514 48304 13633
is_linear=0
shrinkage=0.00523217


Tree=425
num_leaves=12
num_cat=0
split_feature=0 9 20 5 12 5 0 21 20 8 8
split_gain=3.49715 1.67777 1.93826 1.9534 1.99475 5.43782 1.35662 1.18673 1.17112 1.8464 1.25334
threshold=-4.1393516063690177 0.26362279057502752 4.0456516742706308 1.0000000180025095e-35 -1.5555489063262937 -0.01859166286885738 0.77511435747146618 -0.2491880729794502 -0.11262876167893408 -0.1376853138208389 0.91120022535324108
decision_type=2 10 10 10 10 8 2 2 10 8 8
left_child=-1 2 6 4 -4 -6 8 -5 10 -10 -2
right_child=1 -3 3 7 5 -7 -8 -9 9 -11 -12
leaf_value=-5.5251867638729082e-05 -6.3930434579108846e-08 -8.576072930416269e-06 0.00015090575095763625 0.00011480361173696999 0.00023431312141706799 0.0019011214506728521 1.3036165467648564e-05 -5.3300659720314207e-05 -2.5942271270373566e-06 1.2865956912552445e-05 -1.406818508066025e-05
leaf_weight=31027 837567 450354 543 3456 193 74 278719 1714 415800 430204 221178
leaf_count=31027 837567 450354 543 3456 193 74 278719 1714 415800 430204 221178
internal_value=-2.8152e-08 6.20642e-07 2.51271e-06 9.6575e-05 0.000335505 0.000705613 2.25468e-06 5.89176e-05 6.7661e-07 5.26653e-06 -2.99027e-06
internal_weight=2.67083e+06 2.6398e+06 2.18945e+06 5980 810 267 2.18347e+06 5170 1.90475e+06 846004 1.05874e+06
internal_count=2670829 2639802 2189448 5980 810 267 2183468 5170 1904749 846004 1058745
is_linear=0
shrinkage=0.00523217


Tree=426
num_leaves=12
num_cat=0
split_feature=0 9 20 17 0 16 19 0 9 11 20
split_gain=3.51575 1.66325 1.94243 2.23057 4.33082 7.84715 1.84869 1.34139 1.33469 1.31756 1.20673
threshold=-4.1393516063690177 0.28087367117404943 3.4771887063980107 -1.9796295166015623 0.019596530124545101 -0.060419784858822816 2.1286613941192631 0.77511435747146618 -0.60792773962020863 0.75632205605506908 3.4771887063980107
decision_type=2 10 10 2 2 2 10 2 8 10 10
left_child=-1 2 7 4 6 -6 -4 8 -2 -5 -3
right_child=1 10 3 9 5 -7 -8 -9 -10 -11 -12
leaf_value=-5.5354422373057061e-05 -1.2101133537369633e-05 -7.7557137572026094e-06 0.00058222148126966101 -2.5123130114106785e-05 0.00011061895517421467 0.0066309241068538824 0.00012350209756141638 1.2810064923370485e-05 2.0587422018275943e-06 8.8420359984785928e-05 -8.5674818709906476e-05
leaf_weight=31032 203912 424103 308 4728 14.000000000000002 6.9999999999999991 1123 280137 1713538 6819 5513
leaf_count=31032 203912 424103 308 4728 14 7 1123 280137 1713538 6819 5513
internal_value=1.08867e-08 6.6196e-07 2.49299e-06 6.62626e-05 0.000259564 0.00255778 0.000223194 2.11538e-06 5.52479e-07 4.18618e-05 -8.7577e-06
internal_weight=2.67123e+06 2.6402e+06 2.21059e+06 12999 1452 21 1431 2.19759e+06 1.91745e+06 11547 429616
internal_count=2671234 2640202 2210586 12999 1452 21 1431 2197587 1917450 11547 429616
is_linear=0
shrinkage=0.00523217


Tree=427
num_leaves=12
num_cat=0
split_feature=5 2 22 13 22 1 1 2 16 7 5
split_gain=2.19213 1.6442 2.07004 1.97544 1.39227 1.03207 1.01722 0.932267 0.925918 1.06381 0.877556
threshold=2.6781778335571294 -0.068967439234256731 -1.6494436860084531 0.17581719160079959 0.25760389864444738 0.84435379505157482 2.2527654170989995 -0.068967439234256731 -0.067246664315462099 0.46315641701221472 2.6781778335571294
decision_type=10 8 8 8 10 2 2 10 2 8 8
left_child=1 3 5 8 7 -3 -2 -4 9 -1 -5
right_child=6 2 4 10 -6 -7 -8 -9 -10 -11 -12
leaf_value=1.9747676223713509e-05 -2.3041053333237432e-05 -2.811060893702891e-05 -0.00010307124825654038 -4.9171790826102858e-06 6.9692012900872778e-06 -9.8959810207302533e-05 -9.0303652912493432e-05 -4.5290667325062559e-06 4.4238741238290906e-06 -5.0320441031271115e-06 0.00020474896374454861
leaf_weight=327902 56318 23845 2634 348018 367639 7392 6923 1120514 353908 55390 546
leaf_count=327902 56318 23845 2634 348018 367639 7392 6923 1120514 353908 55390 546
internal_value=1.86292e-08 7.57077e-07 -2.75154e-06 5.67619e-06 -1.8677e-06 -4.49054e-05 -3.04185e-05 -4.76099e-06 1.05293e-05 1.61646e-05 -4.58575e-06
internal_weight=2.67103e+06 2.60779e+06 1.52202e+06 1.08576e+06 1.49079e+06 31237 63241 1.12315e+06 737200 383292 348564
internal_count=2671029 2607788 1522024 1085764 1490787 31237 63241 1123148 737200 383292 348564
is_linear=0
shrinkage=0.00523217


Tree=428
num_leaves=12
num_cat=0
split_feature=0 9 15 0 2 11 2 19 19 1 1
split_gain=3.48688 1.61363 1.61736 1.2272 1.20684 1.15613 1.02092 0.977278 0.920032 1.03481 0.88773
threshold=-4.1393516063690177 0.12168252095580102 -1.0606151223182676 -1.4085726141929624 2.4511311054229741 -0.76266482472419728 -0.59790065884590138 -0.31808520853519434 -1.2470931410789488 1.5302020311355593 1.1110222339630129
decision_type=2 10 2 2 8 10 8 10 8 2 2
left_child=8 2 5 10 6 -2 7 -4 -1 -10 -3
right_child=1 3 4 -5 -6 -7 -8 -9 9 -11 -12
leaf_value=7.0209628463650537e-05 -3.7823231697227702e-05 -8.5666722364258446e-05 4.4369290484179084e-06 -3.7501487577743533e-06 -4.2485448215175076e-05 -4.8570328360758742e-06 2.5394722133256946e-06 1.9626161205706293e-05 -0.00016054911102034877 -5.1863421512962394e-05 -2.0659941686969186e-05
leaf_weight=1517 38759 6279 247641 615054 14830 117440 1311914 218363 2643 26824 69668
leaf_count=1517 38759 6279 247641 615054 14830 117440 1311914 218363 2643 26824 69668
internal_value=1.95921e-08 6.67554e-07 3.10354e-06 -6.20189e-06 4.51077e-06 -1.30426e-05 4.90326e-06 1.15561e-05 -5.51611e-05 -6.16451e-05 -2.60463e-05
internal_weight=2.67093e+06 2.63995e+06 1.94895e+06 691001 1.79275e+06 156199 1.77792e+06 466004 30984 29467 75947
internal_count=2670932 2639948 1948947 691001 1792748 156199 1777918 466004 30984 29467 75947
is_linear=0
shrinkage=0.00523217


Tree=429
num_leaves=12
num_cat=0
split_feature=9 3 8 18 18 18 17 6 5 9 7
split_gain=2.30295 1.3438 2.00831 1.67468 1.42944 1.34182 1.32811 1.24218 1.2001 1.11128 1.03795
threshold=0.52295345067977916 -0.59544420242309559 -2.0727592706680293 2.4283109903335576 0.16223607957363131 -2.1090607643127437 0.72097188234329235 -0.65755531191825856 1.1105189323425295 -0.065804708749055849 1.3590434789657595
decision_type=10 8 10 8 8 10 2 2 8 10 10
left_child=1 2 6 4 5 -3 -1 -7 -2 10 -6
right_child=8 3 -4 -5 9 7 -8 -9 -10 -11 -12
leaf_value=2.9277941318363122e-05 -8.7813843072059309e-06 4.7819262149500225e-05 -8.2077026233983766e-06 -7.5657775283742814e-05 1.8406240842014063e-05 -1.8474791259149192e-05 0.00016268369783440661 1.4395832910777805e-06 -3.5837627987595047e-05 2.5137950314950673e-06 -2.0654282376057516e-05
leaf_weight=7601 202657 16270 442869 7291 339601 92401 2804 1190423 57698 291697 19684
leaf_count=7601 202657 16270 442869 7291 339601 92401 2804 1190423 57698 291697 19684
internal_value=2.32781e-09 1.59926e-06 -6.51791e-06 3.47939e-06 3.77573e-06 6.0402e-07 6.53205e-05 4.52171e-09 -1.47806e-05 1.01039e-05 1.6264e-05
internal_weight=2.671e+06 2.41064e+06 453274 1.95737e+06 1.95008e+06 1.29909e+06 10405 1.28282e+06 260355 650982 359285
internal_count=2670996 2410641 453274 1957367 1950076 1299094 10405 1282824 260355 650982 359285
is_linear=0
shrinkage=0.00523217


Tree=430
num_leaves=12
num_cat=0
split_feature=5 2 12 22 19 22 12 20 20 19 17
split_gain=2.14588 1.60271 2.09843 2.06779 1.80025 1.29734 1.12018 1.09156 1.05382 0.795721 0.790574
threshold=2.6781778335571294 -0.45170311629772181 0.31108745932579046 -1.8086421489715574 -0.70468047261238087 0.25760389864444738 -2.028128862380981 1.2016049027442934 4.0456516742706308 1.8365796208381655 -1.1150038242340086
decision_type=10 8 10 8 10 10 8 10 10 10 2
left_child=1 2 4 -3 -1 6 9 10 -8 -5 -6
right_child=-2 3 -4 5 7 -7 8 -9 -10 -11 -12
leaf_value=-7.9737800354142613e-06 -3.0113366910139168e-05 -5.217424429904284e-05 -9.5087111064571375e-07 -3.4989820452875005e-05 -2.7267660528952448e-06 6.43085520656872e-06 -2.8312928526658206e-06 4.9511435531422783e-05 0.00011807404716344376 2.6423621310436754e-06 2.2693021567901607e-05
leaf_weight=65593 63221 22088 397694 51189 40025 453934 1314146 35697 1975 21934 203529
leaf_count=65593 63221 22088 397694 51189 40025 453934 1314146 35697 1975 21934 203529
internal_value=5.8925e-09 7.36395e-07 7.23766e-06 -1.85124e-06 1.66834e-05 -1.24772e-06 -3.75727e-06 2.2478e-05 -2.64914e-06 -2.36908e-05 1.85123e-05
internal_weight=2.67102e+06 2.6078e+06 742538 1.86527e+06 344844 1.84318e+06 1.38924e+06 279251 1.31612e+06 73123 243554
internal_count=2671025 2607804 742538 1865266 344844 1843178 1389244 279251 1316121 73123 243554
is_linear=0
shrinkage=0.00523217


Tree=431
num_leaves=12
num_cat=0
split_feature=5 11 15 3 5 15 20 14 23 20 13
split_gain=2.13803 1.40073 1.54917 1.15613 1.49562 1.93274 4.23978 1.86684 1.4183 1.12793 0.994167
threshold=1.1401758193969729 -0.90943422913551319 -0.85418486595153797 -1.0728502273559568 1.1401758193969729 0.088724624365568175 4.0456516742706308 -0.50181639194488514 1.6321186423301699 0.1056761033833027 2.6879446506500249
decision_type=10 8 2 8 8 2 10 2 8 10 10
left_child=1 2 -1 4 -3 7 -7 -6 9 -5 -10
right_child=-2 3 -4 8 5 6 -8 -9 10 -11 -12
leaf_value=-3.1863442682999351e-05 -1.3050096972216248e-05 -9.707807767188782e-06 -2.7471406943766331e-06 3.2339122986197422e-06 9.6674108257745538e-06 0.00028799172482001426 0.0024984592094406078 0.00027375155617990582 -1.5896721608676304e-05 1.2887556189391696e-05 0.00044145139995567674
leaf_weight=63070 303787 230824 242243 1286107 4498 282 25 876 92884 446492 129
leaf_count=63070 303787 230824 242243 1286107 4498 282 25 876 92884 446492 129
internal_value=1.6939e-08 1.69404e-06 -8.76457e-06 3.24291e-06 -7.64039e-06 7.62038e-05 0.000479495 5.29151e-05 4.65327e-06 5.72213e-06 -1.52482e-05
internal_weight=2.67122e+06 2.36743e+06 305313 2.06212e+06 236505 5681 307 5374 1.82561e+06 1.7326e+06 93013
internal_count=2671217 2367430 305313 2062117 236505 5681 307 5374 1825612 1732599 93013
is_linear=0
shrinkage=0.00523217


Tree=432
num_leaves=12
num_cat=0
split_feature=9 20 11 16 21 16 18 11 18 20 18
split_gain=2.28475 1.7172 2.07043 1.64421 1.39477 1.37987 2.59075 1.27828 1.24548 1.23957 1.23178
threshold=0.52295345067977916 4.0456516742706308 0.75632205605506908 -1.10889196395874 0.96681812405586254 -0.073228619992732988 -0.017976718023419377 3.3645783662796025 -2.1090607643127437 4.0456516742706308 -0.72654384374618519
decision_type=10 10 10 2 2 2 10 10 8 10 10
left_child=1 8 5 7 -4 6 -3 -2 -1 -5 -10
right_child=3 2 4 9 -6 -7 -8 -9 10 -11 -12
leaf_value=4.4391642538072901e-05 -5.3234553903495999e-05 -0.00082152798572239256 0.00020039198265787617 -9.2906535706092765e-06 -0.0001137684298038951 -4.320501949974047e-05 0.00061508116614845823 -0.00048681162436112289 -5.4662967009514975e-06 -0.00012005824225160754 3.2049502556105298e-06
leaf_weight=18271 22980 40 3421 234401 432 3077 199 187 598737 2799 1786577
leaf_count=18271 22980 40 3421 234401 432 3077 199 187 598737 2799 1786577
internal_value=8.98196e-09 1.59956e-06 8.24515e-05 -1.47151e-05 0.000164936 -1.31729e-05 0.000368441 -5.67936e-05 1.35803e-06 -1.06017e-05 1.02804e-06
internal_weight=2.67112e+06 2.41075e+06 7169 260367 3853 3316 239 23167 2.40358e+06 237200 2.38531e+06
internal_count=2671121 2410754 7169 260367 3853 3316 239 23167 2403585 237200 2385314
is_linear=0
shrinkage=0.00523217


Tree=433
num_leaves=12
num_cat=0
split_feature=0 0 3 0 21 7 15 4 11 15 4
split_gain=3.30069 1.39443 1.29663 1.28823 1.186 1.00793 1.24307 1.04728 0.98959 0.982407 0.954173
threshold=-1.757364749908447 -4.6120386123657218 -1.3102807402610777 0.7509855628013612 -1.2721879482269285 0.61482834815979015 -0.044870533049106591 0.37674547731876379 -0.69878646731376637 1.6046285033226015 -0.30633451044559473
decision_type=2 2 8 2 2 8 2 8 8 2 10
left_child=1 2 10 5 9 -2 7 -7 -4 -3 -1
right_child=3 4 8 -5 -6 6 -8 -9 -10 -11 -12
leaf_value=-7.871873077729988e-05 2.1566069059041397e-06 2.316976196289941e-05 -7.1098998631662202e-05 1.0984657432384709e-05 -2.212330903248306e-05 -9.3705503186840978e-06 2.0915196573647424e-06 -3.8571697679704659e-05 1.8802787950513289e-05 0.000202817938704667 -0.00021158655573307028
leaf_weight=4246 1589233 5813 8655 334284 108864 282532 290290 38194 5450 975 2299
leaf_count=4246 1589233 5813 8655 334284 108864 282532 290290 38194 5450 975 2299
internal_value=6.56114e-08 -2.50158e-05 -6.46342e-05 1.41476e-06 -1.79342e-05 -3.88311e-08 -5.7504e-06 -1.28506e-05 -3.63064e-05 4.91228e-05 -0.000125542
internal_weight=2.67084e+06 136302 20650 2.53453e+06 115652 2.20025e+06 611016 320726 14105 6788 6545
internal_count=2670835 136302 20650 2534533 115652 2200249 611016 320726 14105 6788 6545
is_linear=0
shrinkage=0.00523217


Tree=434
num_leaves=12
num_cat=0
split_feature=9 22 1 22 18 12 18 8 7 22 18
split_gain=2.23968 2.08352 1.31057 1.18698 1.14199 3.35298 1.53757 1.39979 1.128 1.98112 1.06619
threshold=0.28087367117404943 -1.2126677632331846 1.3070775866508486 0.049735663458704955 -0.72654384374618519 -1.0749866962432859 -2.1090607643127437 -2.0727592706680293 0.59414795041084301 -1.8086421489715574 2.1534955501556401
decision_type=10 8 2 8 10 8 8 10 8 10 10
left_child=4 2 -2 -3 5 -1 -7 10 -9 -10 -6
right_child=1 3 -4 -5 7 6 -8 8 9 -11 -12
leaf_value=-5.7681419761882553e-05 -3.6644493997456924e-05 -1.5920319751724189e-05 -0.00012879817231135158 1.6743967631910864e-06 2.8770771981770888e-05 4.8261735648065045e-05 -2.7219006610550816e-06 6.8513507178139377e-06 -7.2224926455853798e-05 -1.0488323866559978e-06 0.0001403104459020889
leaf_weight=30331 17271 233854 5612 190307 7681 16699 532795 1145151 10951 476885 3394
leaf_count=30331 17271 233854 5612 190307 7681 16699 532795 1145151 10951 476885 3394
internal_value=3.57552e-08 -1.06502e-05 -5.92855e-05 -8.02428e-06 2.18419e-06 -4.12855e-06 -1.17096e-06 4.41105e-06 4.01291e-06 -2.64842e-06 6.30366e-05
internal_weight=2.67093e+06 447044 22883 424161 2.22389e+06 579825 549494 1.64406e+06 1.63299e+06 487836 11075
internal_count=2670931 447044 22883 424161 2223887 579825 549494 1644062 1632987 487836 11075
is_linear=0
shrinkage=0.00523217


Tree=435
num_leaves=12
num_cat=0
split_feature=1 22 22 18 4 6 4 15 21 18 15
split_gain=1.9258 2.28229 1.66257 1.32265 1.24541 1.01448 1.00257 0.944533 1.48747 0.910706 1.33836
threshold=0.86046850681304943 0.11386564001441003 -1.7137829661369322 -2.1090607643127437 0.092947624623775496 -3.2862304449081416 -0.14760173112154004 1.8408445715904238 -2.2787501811981197 1.1592159867286684 1.6586847305297854
decision_type=2 8 10 8 8 2 8 2 2 10 2
left_child=3 2 4 -1 -2 6 -4 -7 -9 -5 -11
right_child=1 -3 5 9 -6 7 -8 8 -10 10 -12
leaf_value=4.8118491410523468e-05 -0.00013472119049735883 3.5184045645145091e-06 -3.0373997461211469e-05 5.4763765865546689e-07 8.927538351175033e-06 -1.7053329473880142e-05 -0.00011920471663197237 0.00034994294794491701 2.1566621452020893e-05 1.605751076759009e-05 -2.605897931469509e-05
leaf_weight=16921 5792 200531 11595 1971581 2297 224240 4992 392 9892 199924 23021
leaf_count=16921 5792 200531 11595 1971581 2297 224240 4992 392 9892 199924 23021
internal_value=1.13133e-08 -9.73203e-06 -1.99863e-05 2.0372e-06 -9.38352e-05 -1.76038e-05 -5.71634e-05 -1.48022e-05 3.42004e-05 1.68149e-06 1.17049e-05
internal_weight=2.67118e+06 459731 259200 2.21145e+06 8089 251111 16587 234524 10284 2.19453e+06 222945
internal_count=2671178 459731 259200 2211447 8089 251111 16587 234524 10284 2194526 222945
is_linear=0
shrinkage=0.00523217


Tree=436
num_leaves=12
num_cat=0
split_feature=9 22 2 12 22 11 16 12 2 2 11
split_gain=2.24462 2.06022 1.36661 1.55333 1.54395 1.30563 1.23768 1.2065 1.16714 1.00188 0.973651
threshold=0.52295345067977916 -0.11170707270503043 -0.61408442258834828 0.25302220880985266 -0.93807104229927052 0.32732062041759497 -1.10889196395874 -0.50042587518692005 1.7823218703269961 -0.61408442258834828 -1.4080919623374937
decision_type=10 8 8 10 10 8 2 8 10 10 10
left_child=2 6 3 -1 5 7 -2 -4 -7 -6 -11
right_child=1 -3 4 -5 9 8 -8 -9 -10 10 -12
leaf_value=1.8160874418713105e-05 -8.1714940949806933e-05 -1.1332568479790217e-06 -5.0272985842428731e-05 1.1469435320667974e-06 -7.7859214196192617e-05 1.5643496688065726e-05 -2.5066693217110813e-05 -1.440704269842188e-05 -5.0103837897561987e-05 -2.6885980263859709e-05 1.8486411281544489e-06
leaf_weight=257822 11740 142200 34094 341692 4392 50793 106378 104465 8646 32953 1576008
leaf_count=257822 11740 142200 34094 341692 4392 50793 106378 104465 8646 32953 1576008
internal_value=4.14322e-08 -1.45543e-05 1.61777e-06 8.46517e-06 -6.48112e-07 -1.44373e-05 -3.07046e-05 -2.32384e-05 6.06557e-06 1.04367e-06 1.25961e-06
internal_weight=2.67118e+06 260318 2.41086e+06 599514 1.81135e+06 197998 118118 138559 59439 1.61335e+06 1.60896e+06
internal_count=2671183 260318 2410865 599514 1811351 197998 118118 138559 59439 1613353 1608961
is_linear=0
shrinkage=0.00523217


Tree=437
num_leaves=12
num_cat=0
split_feature=3 11 22 8 6 15 18 15 23 11 18
split_gain=1.95272 2.26344 2.70913 2.18492 1.76007 1.67518 1.4169 1.27404 2.02443 2.99866 2.15946
threshold=-1.0071256160736082 -0.86895382404327381 -1.1425130963325498 -2.0727592706680293 -3.6667821407318111 -0.87648198008537281 2.2742880582809453 0.078658685088157668 inf 0.23133700340986255 2.4283109903335576
decision_type=8 8 10 10 2 2 8 2 8 10 10
left_child=3 2 -2 7 -5 -4 -3 -1 -9 -10 -11
right_child=1 6 5 4 -6 -7 -8 8 9 10 -12
leaf_value=-6.2911699423754266e-06 -5.498989729815233e-05 4.3767041895078833e-06 -2.9629966112155249e-05 -7.0741346182703874e-05 -1.1098687192379394e-05 1.1381803884158302e-07 -4.9152302775809348e-05 9.1700714985589254e-05 3.2965715136643752e-06 0.002675848553217914 0.0007716518236256701
leaf_weight=3854 33565 1935395 64304 14124 333488 267059 13629 5314 166 18 153
leaf_count=3854 33565 1935395 64304 14124 333488 267059 13629 5314 166 18 153
internal_value=4.72225e-09 1.76249e-06 -1.01959e-05 -1.13825e-05 -1.35246e-05 -5.65589e-06 4.00195e-06 6.68631e-05 0.000116888 0.000509963 0.000993751
internal_weight=2.67107e+06 2.31395e+06 364928 357117 347612 331363 1.94902e+06 9505 5651 337 171
internal_count=2671069 2313952 364928 357117 347612 331363 1949024 9505 5651 337 171
is_linear=0
shrinkage=0.00523217


Tree=438
num_leaves=12
num_cat=0
split_feature=9 22 20 21 3 1 15 3 21 9 22
split_gain=2.21419 2.0211 2.01587 2.41611 1.92053 1.27966 2.15893 26.9384 1.25502 1.24199 1.15429
threshold=0.26362279057502752 -1.2126677632331846 3.4771887063980107 -2.2787501811981197 -0.59544420242309559 1.3070775866508486 3.5451488494873051 0.62963715195655834 -0.14821486920118329 -0.46276976168155665 0.049735663458704955
decision_type=10 8 10 2 8 2 2 10 2 10 8
left_child=2 5 4 -4 9 6 -2 -8 -5 -1 -3
right_child=1 10 3 8 -6 -7 7 -9 -10 -11 -12
leaf_value=-2.7306825153916477e-05 -4.3113998036026753e-05 -1.5418430725599373e-05 0.00024219811542108813 7.7488863643538088e-05 4.0712643662595699e-06 -0.00012520926596537306 6.7957809625139066e-05 0.0077169929094918896 -3.7641495709213919e-05 -4.0394935399920674e-06 1.5439039808234166e-06
leaf_weight=78667 17834 245411 1843 7558 1798970 5761 294 11.999999999999998 3933 312083 198646
leaf_count=78667 17834 245411 1843 7558 1798970 5761 294 12 3933 312083 198646
internal_value=-1.70147e-08 -1.03535e-05 2.17823e-06 6.63149e-05 1.78728e-06 -5.72264e-05 -3.5585e-05 0.000399074 3.80137e-05 -8.72587e-06 -7.82865e-06
internal_weight=2.67101e+06 467958 2.20305e+06 13334 2.18972e+06 23901 18140 306 11491 390750 444057
internal_count=2671012 467958 2203054 13334 2189720 23901 18140 306 11491 390750 444057
is_linear=0
shrinkage=0.00523217


Tree=439
num_leaves=12
num_cat=0
split_feature=0 11 22 2 22 22 0 18 21 18 2
split_gain=3.26232 1.60505 2.29855 1.71367 1.39804 1.06336 1.2256 1.01325 1.01219 0.876255 0.858478
threshold=-4.1393516063690177 -0.90943422913551319 -1.1425130963325498 1.9195818305015566 -0.057426346465945237 0.14046356827020648 -0.87199214100837696 0.25937433540821081 -1.2958207130432127 -1.7738629579544065 -0.28686377406120295
decision_type=2 8 10 8 8 8 2 8 2 8 10
left_child=4 2 -2 5 -1 6 8 9 -3 -7 -8
right_child=1 3 -4 -5 -6 7 10 -9 -10 -11 -12
leaf_value=-9.3101290320195769e-05 -5.4488448378864281e-05 4.1349962724658558e-05 -5.8528915455415103e-06 -2.7086145817201163e-05 -2.2216222647735686e-05 4.2949716984700321e-05 6.9499149700296691e-06 1.6141431547033995e-05 -2.3120841950981213e-05 2.1091692299480435e-06 -1.5293520059782525e-06
leaf_weight=13621 29103 7221 310318 53555 17368 14850 512830 267171 85499 458272 901165
leaf_count=13621 29103 7221 310318 53555 17368 14850 512830 267171 85499 458272 901165
internal_value=-3.10581e-08 5.95142e-07 -1.00256e-05 2.16246e-06 -5.34015e-05 2.85994e-06 3.36447e-07 7.9949e-06 -1.80908e-05 3.39284e-06 1.54536e-06
internal_weight=2.67097e+06 2.63998e+06 339421 2.30056e+06 30989 2.24701e+06 1.50672e+06 740293 92720 473122 1.414e+06
internal_count=2670973 2639984 339421 2300563 30989 2247008 1506715 740293 92720 473122 1413995
is_linear=0
shrinkage=0.00523217


Tree=440
num_leaves=12
num_cat=0
split_feature=9 22 4 2 22 18 18 4 4 16 11
split_gain=2.21711 1.94078 1.40399 1.32981 1.49401 1.41642 1.55609 1.40168 1.13658 1.08377 1.06664
threshold=0.52295345067977916 -0.25545366108417505 -1.909196615219116 -0.61408442258834828 -0.93807104229927052 0.1301228925585747 -2.1090607643127437 0.0098613845184445399 2.6833177804946904 -0.53205052018165577 -1.4522770643234251
decision_type=10 8 10 8 10 10 8 8 8 2 8
left_child=3 -2 -3 9 7 6 -6 -5 -8 -1 -7
right_child=1 2 -4 4 5 10 8 -9 -10 -11 -12
leaf_value=1.9246867537082142e-05 -3.3713450279960887e-05 -8.6499092213792862e-05 -1.0934551359394648e-06 -2.6180754705613694e-05 5.6258351264369265e-05 -3.9804697096067807e-05 -3.420777306766827e-06 1.9770047915846399e-06 -6.8919031841988893e-05 3.7907608430758198e-06 7.6839534736880014e-06
leaf_weight=175822 92700 5446 162201 113986 11904 13199 916265 84020 7311 423595 664823
leaf_count=175822 92700 5446 162201 113986 11904 13199 916265 84020 7311 423595 664823
internal_value=3.72014e-09 -1.45014e-05 -3.87323e-06 1.57042e-06 -6.64439e-07 9.99637e-07 -3.17326e-06 -1.42286e-05 -3.94022e-06 8.32574e-06 6.75824e-06
internal_weight=2.67127e+06 260347 167647 2.41092e+06 1.81151e+06 1.6135e+06 935480 198006 923576 599417 678022
internal_count=2671272 260347 167647 2410925 1811508 1613502 935480 198006 923576 599417 678022
is_linear=0
shrinkage=0.00523217


Tree=441
num_leaves=12
num_cat=0
split_feature=5 7 8 18 4 20 20 1 1 5 18
split_gain=2.09762 1.31993 1.174 1.11543 1.58645 3.34987 2.1378 1.53607 1.10926 1.0211 1.43385
threshold=2.6781778335571294 1.2645485401153567 -2.0727592706680293 0.46859277784824377 0.14611879736185077 -0.4338486492633819 2.5306694507598881 -0.32898125052452082 2.067751526832581 2.6781778335571294 2.1534955501556401
decision_type=10 8 8 10 8 10 10 2 2 8 10
left_child=1 3 -3 4 7 -6 -7 -1 9 10 -5
right_child=-2 2 -4 8 5 6 -8 -9 -10 -11 -12
leaf_value=3.7175321121273849e-06 -2.9768422033573219e-05 7.364587452515641e-05 -1.3002475915291734e-05 1.0242184896815977e-05 -7.2269838826184037e-06 1.2724191366165168e-05 0.00010587987835714195 -1.0192937507769685e-05 -3.1516990393707415e-05 0.00011286284323396986 -3.20160203194764e-05
leaf_weight=348028 63229 4361 222367 583377 352042 468239 6844 578319 18978 2585 22832
leaf_count=348028 63229 4361 222367 583377 352042 468239 6844 578319 18978 2585 22832
internal_value=8.30079e-09 7.30544e-07 -1.13319e-05 1.8794e-06 -2.6281e-07 5.00351e-06 1.40681e-05 -4.96592e-06 7.86423e-06 9.09324e-06 8.64921e-06
internal_weight=2.6712e+06 2.60797e+06 226728 2.38124e+06 1.75347e+06 827125 475083 926347 627772 608794 606209
internal_count=2671201 2607972 226728 2381244 1753472 827125 475083 926347 627772 608794 606209
is_linear=0
shrinkage=0.00523217


Tree=442
num_leaves=12
num_cat=0
split_feature=0 11 16 3 5 14 6 16 18 3 16
split_gain=3.28325 1.56396 1.61011 1.45397 1.51174 1.50754 4.50191 2.08104 1.48783 1.19736 1.39154
threshold=-4.1393516063690177 -0.90943422913551319 -0.20847065746784207 -1.0728502273559568 inf -0.50181639194488514 -0.08260710164904593 -0.05369449965655803 2.2742880582809453 -1.3102807402610777 -0.18426529318094251
decision_type=2 8 2 8 8 2 2 2 8 8 2
left_child=9 2 -2 4 -3 7 -7 -6 -5 10 -1
right_child=1 3 -4 8 5 6 -8 -9 -10 -11 -12
leaf_value=-0.00017101669243275219 -2.0966491868241272e-05 -1.0069091633535113e-05 1.8266293320188995e-06 4.1889539131066635e-06 0.00018894050439906943 7.1579467462925004e-05 0.00094494091996914623 -4.1233677183225154e-05 -4.9293881430880531e-05 -3.2060086910580513e-05 -4.2983818795205152e-05
leaf_weight=4384 173967 299259 165490 1981497 1640 722 208 3108 14339 21621 4992
leaf_count=4384 173967 299259 165490 1981497 1640 722 208 3108 14339 21621 4992
internal_value=2.30611e-09 6.31136e-07 -9.8522e-06 2.1782e-06 -8.46191e-06 7.60876e-05 0.000268726 3.81286e-05 3.80428e-06 -5.35316e-05 -0.000102949
internal_weight=2.67123e+06 2.64023e+06 339457 2.30077e+06 304937 5678 930 4748 1.99584e+06 30997 9376
internal_count=2671227 2640230 339457 2300773 304937 5678 930 4748 1995836 30997 9376
is_linear=0
shrinkage=0.00523217


Tree=443
num_leaves=12
num_cat=0
split_feature=0 0 1 10 23 16 0 8 20 20 10
split_gain=3.24316 1.46599 1.30669 1.22713 1.51132 2.29846 13.7265 1.28142 1.069 1.05568 1.15391
threshold=-4.1393516063690177 0.63491395115852367 -0.17526067048311231 0.90249487757682811 inf -0.039669290184974663 0.019596530124545101 -2.0727592706680293 0.67258802056312572 -0.42679487168788904 -0.52204984426498402
decision_type=2 2 2 8 8 2 2 8 10 10 10
left_child=-1 3 -3 4 9 -6 -7 8 -5 10 -2
right_child=1 2 -4 7 5 6 -8 -9 -10 -11 -12
leaf_value=-5.3178328769252699e-05 -1.4819659729581854e-05 1.0221001987285674e-05 -3.4320769383850646e-05 -1.9578259437970874e-05 -2.070223423537406e-05 0.00021343984060761509 0.0035564272448301917 -1.039152122444637e-05 9.1496087091943025e-05 3.7076226401606371e-06 4.0612031583170082e-07
leaf_weight=31001 210176 493771 18705 3807 640 492 35 431447 6245 1087641 387185
leaf_count=31001 210176 493771 18705 3807 640 492 35 431447 6245 1087641 387185
internal_value=2.4205e-08 6.49246e-07 8.59362e-06 -1.26388e-06 7.6892e-07 0.0001889 0.000444442 -9.02935e-06 4.93516e-05 6.38015e-07 -4.94961e-06
internal_weight=2.67114e+06 2.64014e+06 512476 2.12767e+06 1.68617e+06 1167 527 441499 10052 1.685e+06 597361
internal_count=2671145 2640144 512476 2127668 1686169 1167 527 441499 10052 1685002 597361
is_linear=0
shrinkage=0.00523217


Tree=444
num_leaves=12
num_cat=0
split_feature=0 0 16 3 8 3 16 8 16 18 9
split_gain=3.17397 1.37454 1.26287 1.30225 1.15242 1.2617 1.23496 1.38531 0.987458 0.945506 0.931774
threshold=-3.2939242124557491 0.7509855628013612 -0.20052303373813626 -2.1688723564147945 -0.60674092173576344 -2.253310918807983 -1.1697853803634641 -2.0727592706680293 1.1883995532989504 -2.3564517498016353 0.65214619040489208
decision_type=2 2 2 8 10 10 2 8 2 10 10
left_child=2 4 3 -1 6 -6 10 -8 9 -7 -2
right_child=1 -3 -4 -5 5 8 7 -9 -10 -11 -12
leaf_value=-0.00015694091145420662 -2.284772229544855e-05 1.0708524165503995e-05 -9.2566649506228123e-06 -4.972811562224606e-05 -2.4870702676182947e-05 7.6173792495555756e-05 5.9342111210324243e-05 -4.9466918658935978e-06 -9.9663367547070573e-06 3.9302920913153932e-06 -9.6479082638302094e-05
leaf_weight=3512 49944 334382 20910 27137 46592 4978 9298 682272 149723 1337273 5204
leaf_count=3512 49944 334382 20910 27137 46592 4978 9298 682272 149723 1337273 5204
internal_value=0 8.00411e-07 -4.06528e-05 -6.20452e-05 -6.48994e-07 1.93905e-06 -5.98256e-06 -4.08108e-06 2.77683e-06 4.19889e-06 -2.98124e-05
internal_weight=2.67122e+06 2.61967e+06 51559 30649 2.28528e+06 1.53857e+06 746718 691570 1.49197e+06 1.34225e+06 55148
internal_count=2671225 2619666 51559 30649 2285284 1538566 746718 691570 1491974 1342251 55148
is_linear=0
shrinkage=0.00523217


Tree=445
num_leaves=12
num_cat=0
split_feature=0 0 5 4 19 23 19 0 5 15 7
split_gain=3.21857 1.4548 1.3675 1.18617 0.918809 0.845301 0.665375 1.2739 1.25624 1.97567 0.90852
threshold=-4.1393516063690177 0.31527259945869451 0.017212929204106334 -1.6248865723609922 -1.380036413669586 1.1607865095138552 inf 0.025595837272703651 0.017212929204106334 0.088724624365568175 -1.6511194705963133
decision_type=2 2 10 8 8 8 8 2 8 2 8
left_child=4 2 6 -4 -1 -3 8 10 -2 -10 -8
right_child=1 5 3 -5 -6 -7 7 -9 9 -11 -12
leaf_value=0.00013034622700297294 1.6899395940283436e-06 6.497081134034345e-06 -3.2638696660997548e-05 -6.2919643299902363e-06 -5.742493879940624e-05 -8.073979387220431e-06 0.0018047240727290961 -0.00011089073676905311 5.4725980296433304e-05 0.00047864253586311629 5.3348629382721014e-05
leaf_weight=727 772879 1050338 50531 633414 30269 121563 7 3677 5820 317 1685
leaf_count=727 772879 1050338 50531 633414 30269 121563 7 3677 5820 317 1685
internal_value=1.46708e-08 6.37268e-07 -2.83212e-06 -8.23973e-06 -5.29901e-05 4.98491e-06 1.88203e-06 -5.61523e-05 2.28312e-06 7.68417e-05 6.23234e-05
internal_weight=2.67123e+06 2.64023e+06 1.46833e+06 683945 30996 1.1719e+06 784385 5369 779016 6137 1692
internal_count=2671227 2640231 1468330 683945 30996 1171901 784385 5369 779016 6137 1692
is_linear=0
shrinkage=0.00523217


Tree=446
num_leaves=12
num_cat=0
split_feature=1 18 2 19 18 8 1 12 8 6 1
split_gain=1.81135 1.26659 1.15832 1.38194 1.17357 1.15176 1.09045 1.51797 1.3047 1.08013 1.19599
threshold=0.96858817338943493 -2.1090607643127437 1.9195818305015566 0.35188364982604986 1.1592159867286684 -2.0727592706680293 -2.0414247512817378 -3.3650711774826045 inf -0.77405205368995655 2.067751526832581
decision_type=2 8 8 8 8 10 2 10 8 2 2
left_child=1 -1 4 -4 -3 -2 7 -6 -8 10 -7
right_child=5 2 3 -5 6 9 8 -9 -10 -11 -12
leaf_value=4.6218929687893886e-05 5.3735183862957438e-05 6.2862373223816344e-07 0.00011697239173839299 -3.580821690862151e-05 0.00053759710834288188 -1.3809837608372281e-05 1.1404284506793841e-05 7.3520697459385833e-05 0.00053152188705949473 -3.8104390232471148e-06 -4.6493020639922819e-05
leaf_weight=17404 7518 2005122 1700 33441 202 132279 213875 4155 131 215265 39949
leaf_count=17404 7518 2005122 1700 33441 202 132279 213875 4155 131 215265 39949
internal_value=-3.96135e-08 1.75506e-06 1.41206e-06 -2.83907e-05 1.88346e-06 -1.03824e-05 1.34022e-05 9.53605e-05 1.17294e-05 -1.16287e-05 -2.13958e-05
internal_weight=2.67104e+06 2.27603e+06 2.25863e+06 35141 2.22348e+06 395011 218363 4357 214006 387493 172228
internal_count=2671041 2276030 2258626 35141 2223485 395011 218363 4357 214006 387493 172228
is_linear=0
shrinkage=0.00523217


Tree=447
num_leaves=12
num_cat=0
split_feature=5 11 22 15 2 5 11 22 13 22 2
split_gain=2.04432 1.74145 2.13481 1.55816 1.51784 2.15574 3.45096 2.60811 1.55356 1.0533 1.15998
threshold=2.6781778335571294 -0.90943422913551319 -1.1425130963325498 -0.87648198008537281 1.9195818305015566 2.6781778335571294 1.1239410042762759 -0.18804492056369779 2.6879446506500249 0.15475148707628253 -0.61408442258834828
decision_type=10 8 10 2 8 8 10 8 10 8 10
left_child=1 2 -1 -4 5 9 8 -8 -7 10 -3
right_child=-2 4 3 -5 -6 6 7 -9 -10 -11 -12
leaf_value=-5.1686240657111284e-05 -2.9431926063453172e-05 8.2091904525644558e-06 -3.0169372337869563e-05 -4.4644109271181606e-07 -2.6125561426825312e-05 -4.5112646662802839e-05 0.00064786999625450134 0.00016359347162695861 0.00037742908551134435 8.0182096878654092e-06 -2.3793154025218943e-06
leaf_weight=31096 63241 378578 59884 249511 50169 1954 488 826 270 710580 1124540
leaf_count=31096 63241 378578 59884 249511 50169 1954 488 826 270 710580 1124540
internal_value=-3.82152e-08 6.74282e-07 -1.03585e-05 -6.20206e-06 2.33141e-06 2.97568e-06 0.000132008 0.000344478 5.99742e-06 2.76902e-06 2.86995e-07
internal_weight=2.67114e+06 2.6079e+06 340491 309395 2.2674e+06 2.21724e+06 3538 1314 2224 2.2137e+06 1.50312e+06
internal_count=2671137 2607896 340491 309395 2267405 2217236 3538 1314 2224 2213698 1503118
is_linear=0
shrinkage=0.00523217


Tree=448
num_leaves=12
num_cat=0
split_feature=0 22 22 0 20 8 5 8 2 8 7
split_gain=3.1388 1.61978 1.3287 1.36033 1.30705 1.57112 1.53008 1.45819 1.12861 0.88249 0.823996
threshold=-2.4759553670883174 0.077804323285818114 -1.8086421489715574 0.78363871574401867 -0.92353871464729298 -0.59776535630226124 inf -2.0727592706680293 -0.5233308970928191 0.47862198948860174 1.2645485401153567
decision_type=2 8 8 2 10 10 8 8 10 10 8
left_child=1 -1 8 4 9 7 -7 -6 -2 -4 -3
right_child=2 10 3 -5 5 6 -8 -9 -10 -11 -12
leaf_value=-5.3744529345377528e-05 1.980208519626673e-05 2.1229760463321889e-06 -4.319889955141463e-06 1.2140354913618904e-05 6.1765577262843432e-05 4.67872947499335e-06 0.00018559707889079054 -6.0241846484547678e-06 -5.2252941833422396e-05 -2.4328360930211474e-05 -6.3947195340792169e-05
leaf_weight=43264 8068 34587 201467 289733 8804 1333976 1280 635261 22522 86234 6070
leaf_count=43264 8068 34587 201467 289733 8804 1333976 1280 635261 22522 86234 6070
internal_value=3.26535e-08 -3.14586e-05 1.0544e-06 1.46483e-06 1.00104e-07 1.61511e-06 4.85293e-06 -5.09618e-06 -3.32224e-05 -1.032e-05 -7.72297e-06
internal_weight=2.67127e+06 83921 2.58734e+06 2.55676e+06 2.26702e+06 1.97932e+06 1.33526e+06 644065 30590 287701 40657
internal_count=2671266 83921 2587345 2556755 2267022 1979321 1335256 644065 30590 287701 40657
is_linear=0
shrinkage=0.00523217


Tree=449
num_leaves=12
num_cat=0
split_feature=0 0 2 13 16 3 16 15 5 17 13
split_gain=3.03919 1.34173 1.22091 1.44514 1.20827 1.41055 1.04552 1.74308 1.03857 2.12977 0.954814
threshold=-2.9707015752792354 0.63491395115852367 0.13715466111898425 0.25656341016292578 -0.18426529318094251 -1.599824786186218 -0.067246664315462099 3.5451488494873051 inf -1.5776025652885435 -2.5627611875534053
decision_type=2 2 8 10 2 8 2 2 8 2 10
left_child=4 2 3 6 5 -1 7 -2 -5 -10 -4
right_child=1 -3 10 8 -6 -7 -8 -9 9 -11 -12
leaf_value=-0.0001288855743489913 1.3049287413339291e-05 8.4255344239450153e-06 -5.3695245116574444e-05 -6.5458686204590719e-06 -8.1131372950469491e-06 -4.0981737773714753e-05 5.350658641582893e-07 0.00038674108853744773 0.0010952159596146244 0.00010005991255646331 -4.3829536224267148e-06
leaf_weight=5970 367126 512549 10860 317462 25103 31093 326972 341 65 565 1072895
leaf_count=5970 367126 512549 10860 317462 25103 31093 326972 341 65 565 1072895
internal_value=-2.42615e-08 8.36989e-07 -1.01806e-06 3.1125e-06 -3.61794e-05 -5.51664e-05 7.34353e-06 1.33995e-05 -6.12189e-06 0.000205866 -4.8779e-06
internal_weight=2.671e+06 2.60884e+06 2.09629e+06 1.01253e+06 62166 37063 694439 367467 318092 630 1.08376e+06
internal_count=2671001 2608835 2096286 1012531 62166 37063 694439 367467 318092 630 1083755
is_linear=0
shrinkage=0.00523217


Tree=450
num_leaves=12
num_cat=0
split_feature=9 16 15 11 18 11 18 12 9 23 17
split_gain=2.11962 1.65367 1.27274 1.68771 1.32428 1.23875 1.09149 2.63366 1.07838 1.0157 0.923553
threshold=0.52295345067977916 -1.10889196395874 -1.0606151223182676 -0.76266482472419728 -2.1090607643127437 3.3645783662796025 -0.6650293469429015 -1.0749866962432859 0.12168252095580102 inf -0.07133933529257773
decision_type=10 2 2 10 8 10 10 8 10 8 2
left_child=2 5 3 -1 -4 -2 7 -6 9 -8 -9
right_child=1 -3 4 -5 6 -7 8 10 -10 -11 -12
leaf_value=-3.6354246454446042e-05 -5.2872885167498955e-05 -1.0063147258573332e-05 4.9174373979045892e-05 -2.0329878565797435e-06 -5.0698150586814077e-05 -0.00047747514142159768 6.4652637747003301e-06 5.3858198745765923e-06 -4.11793312522579e-06 8.2963896360377875e-05 -7.8532944547804717e-06
leaf_weight=53092 22968 237107 16646 150355 30889 189 1267164 293971 310771 4770 283177
leaf_count=53092 22968 237107 16646 150355 30889 189 1267164 293971 310771 4770 283177
internal_value=-3.35439e-09 -1.4189e-05 1.52775e-06 -1.09936e-05 2.68217e-06 -5.63972e-05 2.32851e-06 -3.62917e-06 4.61782e-06 6.75286e-06 -1.10855e-06
internal_weight=2.6711e+06 260264 2.41084e+06 203447 2.20739e+06 23157 2.19074e+06 608037 1.5827e+06 1.27193e+06 577148
internal_count=2671099 260264 2410835 203447 2207388 23157 2190742 608037 1582705 1271934 577148
is_linear=0
shrinkage=0.00523217


Tree=451
num_leaves=12
num_cat=0
split_feature=3 11 15 6 23 19 11 15 7 16 19
split_gain=1.90046 2.16948 1.89829 1.7053 1.36522 1.55486 1.81105 1.65377 1.31703 1.32987 1.44305
threshold=-1.1471772789955137 -0.86895382404327381 -0.85418486595153797 -3.6667821407318111 inf 3.9810845851898198 0.73603066802024852 0.088724624365568175 1.2878480553627016 -0.26399412751197809 -0.41386362910270685
decision_type=8 8 2 2 8 8 10 2 8 2 10
left_child=3 2 -2 -1 -5 6 7 -6 9 -3 -11
right_child=1 8 -4 4 5 -7 -8 -9 -10 10 -12
leaf_value=-6.872651932644012e-05 -3.2688840632151091e-05 9.9234715671906881e-06 -3.8184870469424103e-06 -1.0933435454721369e-05 -3.8097099923982681e-05 -0.00017381239252940576 0.00020210747984719226 0.00063159423343501445 -1.4788201001304588e-05 -5.5687527404162735e-06 6.5042075609377822e-06
leaf_weight=13902 79364 792870 291201 295993 2039 609 2509 105 99254 496378 596942
leaf_count=13902 79364 792870 291201 295993 2039 609 2509 105 99254 496378 596942
internal_value=2.69273e-09 1.61712e-06 -1.00039e-05 -1.20636e-05 -9.44586e-06 7.40626e-05 0.000106714 -4.59537e-06 3.78648e-06 4.76434e-06 1.02223e-06
internal_weight=2.67117e+06 2.35601e+06 370565 315157 301255 5262 4653 2144 1.98544e+06 1.88619e+06 1.09332e+06
internal_count=2671166 2356009 370565 315157 301255 5262 4653 2144 1985444 1886190 1093320
is_linear=0
shrinkage=0.00523217


Tree=452
num_leaves=12
num_cat=0
split_feature=0 9 20 11 1 8 3 19 20 9 20
split_gain=3.10432 1.49496 2.23445 2.00579 2.35017 8.78623 1.67074 1.43091 1.37022 1.34888 1.29133
threshold=-4.1393516063690177 0.12168252095580102 3.4771887063980107 0.73603066802024852 -2.0414247512817378 0.82598853111267101 -0.3455826193094253 1.6972761154174807 -0.21302888542413709 -0.49864172935485834 2.658916831016541
decision_type=2 10 10 10 2 10 8 8 10 10 10
left_child=-1 2 6 -4 5 -5 9 8 -8 -2 -3
right_child=1 10 3 4 -6 -7 7 -9 -10 -11 -12
leaf_value=-5.2002505373435003e-05 -2.4269673610070417e-05 -4.6654479023329269e-06 -1.2276151077355654e-05 0.00015909495999383378 0.00011366232582780497 0.0030254355654346548 1.3970816070140881e-06 -3.6986528153103854e-05 1.1584793802536005e-05 -1.7033439638532573e-06 -4.5621491648422111e-05
leaf_weight=31007 91118 669287 4388 158 6953 35 827292 21657 642061 355588 21765
leaf_count=31007 91118 669287 4388 158 6953 35 827292 21657 642061 355588 21765
internal_value=4.36713e-08 6.55215e-07 2.99967e-06 7.5607e-05 0.000129677 0.000698286 2.56702e-06 5.22658e-06 5.84934e-06 -6.30822e-06 -5.95662e-06
internal_weight=2.67131e+06 2.6403e+06 1.94925e+06 11534 7146 193 1.93772e+06 1.49101e+06 1.46935e+06 446706 691052
internal_count=2671309 2640302 1949250 11534 7146 193 1937716 1491010 1469353 446706 691052
is_linear=0
shrinkage=0.00523217


Tree=453
num_leaves=12
num_cat=0
split_feature=5 2 12 5 4 1 5 17 20 16 8
split_gain=1.99595 1.48558 1.93157 0.99671 0.983268 0.90634 0.888885 2.1239 0.811388 0.806332 0.651507
threshold=2.6781778335571294 -0.068967439234256731 0.32456612586975103 0.30962586402893072 1.7165185213088991 2.2527654170989995 0.30962586402893072 -2.2249805927276607 -0.86467278003692616 0.69886404275894176 -0.70571663975715626
decision_type=10 8 10 10 8 2 8 2 8 2 8
left_child=1 2 -1 4 6 -2 -3 -8 -4 -10 -5
right_child=5 3 8 10 -6 -7 7 -9 9 -11 -12
leaf_value=1.2736191236318513e-05 -2.2082218001585909e-05 5.7933639025291184e-07 -1.3140659813890014e-05 -1.781178540553309e-05 -2.7886889845970397e-05 -8.5609365269031764e-05 0.0013350587881433714 6.1423496185328337e-05 5.4096957157168261e-06 -1.2535385777956908e-05 -4.4521996427395035e-06
leaf_weight=514402 56326 1054180 123065 158443 33489 6915 35 4904 363693 84450 271215
leaf_count=514402 56326 1054180 123065 158443 33489 6915 35 4904 363693 84450 271215
internal_value=5.94971e-10 7.05215e-07 5.38168e-06 -2.6293e-06 2.48855e-08 -2.90427e-05 9.08235e-07 7.09289e-05 -1.24004e-06 2.02623e-06 -9.38066e-06
internal_weight=2.67112e+06 2.60788e+06 1.08561e+06 1.52227e+06 1.09261e+06 63241 1.05912e+06 4939 571208 448143 429658
internal_count=2671117 2607876 1085610 1522266 1092608 63241 1059119 4939 571208 448143 429658
is_linear=0
shrinkage=0.00523217


Tree=454
num_leaves=12
num_cat=0
split_feature=3 7 6 12 18 13 18 7 2 13 12
split_gain=1.8395 1.93094 1.78913 1.71702 1.48425 1.7047 3.04492 4.19786 1.42625 1.92294 1.94776
threshold=-1.0071256160736082 1.2645485401153567 -3.6667821407318111 0.33189557492733007 0.46859277784824377 2.6879446506500249 2.6146798133850102 0.88906142115592968 -0.69560804963111866 0.25656341016292578 0.24548606574535373
decision_type=8 8 2 10 8 10 10 10 8 10 10
left_child=2 4 -1 -3 8 -6 -7 -8 9 10 -2
right_child=1 3 -4 -5 5 6 7 -9 -10 -11 -12
leaf_value=-6.8124047709038868e-05 3.0255913597334948e-05 -3.1530805571051053e-05 -8.691221127840504e-06 6.2943580760692426e-06 1.0345051957368505e-05 0.00019814506517285279 -3.9563945952093839e-06 0.0041345637886340538 -2.4961319910153205e-06 -1.1769450359322482e-05 4.4137983860539601e-06
leaf_weight=14455 131233 86734 342753 52834 528732 105 12.000000000000002 12.999999999999998 1211617 98430 204126
leaf_count=14455 131233 86734 342753 52834 528732 105 12 13 1211617 98430 204126
internal_value=-4.75796e-08 1.65815e-06 -1.10987e-05 -1.72063e-05 2.86944e-06 1.04946e-05 0.00060697 0.0022069 4.18099e-07 8.55968e-06 1.45288e-05
internal_weight=2.67104e+06 2.31384e+06 357208 139568 2.17427e+06 528862 130 25 1.64541e+06 433789 335359
internal_count=2671044 2313836 357208 139568 2174268 528862 130 25 1645406 433789 335359
is_linear=0
shrinkage=0.00523217


Tree=455
num_leaves=12
num_cat=0
split_feature=5 11 22 16 22 18 1 22 16 18 1
split_gain=1.99777 1.65036 2.08476 1.26956 1.12476 1.05749 0.942931 0.893529 1.01388 0.860771 0.851096
threshold=2.6781778335571294 -0.90943422913551319 -1.1425130963325498 -1.1697853803634641 -1.9833674430847166 -1.9570049643516538 2.067751526832581 0.14046356827020648 -0.39377553761005396 0.50891870260238659 1.0666867494583132
decision_type=10 8 10 2 8 8 2 8 2 8 2
left_child=1 2 -1 -4 -3 -6 -2 10 -9 -5 -7
right_child=6 4 3 9 5 7 -8 8 -10 -11 -12
leaf_value=-5.0866478957970219e-05 -2.0536787322692706e-05 -4.1018987132850009e-05 -3.9186015531335726e-05 -9.1052989736948087e-06 3.5779507184876384e-05 1.0903093532010671e-06 -7.7141829157051543e-05 1.5946745888258401e-05 2.7742635337319983e-06 1.0240843638373385e-05 -1.3402465384262563e-05
leaf_weight=31099 53719 16268 28514 185565 26056 1365571 9497 234349 504572 95264 120733
leaf_count=31099 53719 16268 28514 185565 26056 1365571 9497 234349 504572 95264 120733
internal_value=7.83185e-09 7.12607e-07 -1.00287e-05 -5.92038e-06 2.32563e-06 2.63922e-06 -2.90546e-05 2.25078e-06 6.95303e-06 -2.53974e-06 -8.64132e-08
internal_weight=2.67121e+06 2.60799e+06 340442 309343 2.26755e+06 2.25128e+06 63216 2.22522e+06 738921 280829 1.4863e+06
internal_count=2671207 2607991 340442 309343 2267549 2251281 63216 2225225 738921 280829 1486304
is_linear=0
shrinkage=0.00523217


Tree=456
num_leaves=12
num_cat=0
split_feature=0 11 22 22 16 22 0 20 16 10 22
split_gain=2.99844 1.46695 2.18386 1.32946 1.32696 1.20783 1.13835 1.40431 1.96584 1.14867 0.794837
threshold=-4.1393516063690177 -0.90943422913551319 -1.1425130963325498 -0.057426346465945237 -1.1497948765754697 -1.9833674430847166 0.78363871574401867 -0.10349924489855765 -0.45782697200775141 -0.97934436798095692 0.043867595493793494
decision_type=2 8 10 8 2 8 2 10 2 10 10
left_child=3 2 -2 -1 -4 -3 7 9 -9 -7 -6
right_child=1 5 4 -5 10 6 -8 8 -10 -11 -12
leaf_value=-8.9896048975844696e-05 -5.2885333957771138e-05 -4.2225198710492928e-05 -3.8422287553082473e-05 -2.0761479842609104e-05 -9.7613114856778729e-06 -1.4025335329433107e-05 1.2241043778505537e-05 1.6430249388442819e-05 8.0511978878363279e-08 -3.2090264027118709e-07 7.98574070108029e-06
leaf_weight=13610 29096 16695 30205 17375 156336 204403 283893 317012 551927 926393 123756
leaf_count=13610 29096 16695 30205 17375 156336 204403 283893 317012 551927 926393 123756
internal_value=1.25637e-08 6.13515e-07 -9.54044e-06 -5.11567e-05 -5.4733e-06 2.112e-06 2.43651e-06 1.0442e-06 6.04627e-06 -2.79884e-06 -1.91708e-06
internal_weight=2.6707e+06 2.63972e+06 339393 30985 310297 2.30032e+06 2.28363e+06 1.99974e+06 868939 1.1308e+06 280092
internal_count=2670701 2639716 339393 30985 310297 2300323 2283628 1999735 868939 1130796 280092
is_linear=0
shrinkage=0.00523217


Tree=457
num_leaves=12
num_cat=0
split_feature=0 9 20 17 0 15 19 3 22 19 20
split_gain=2.93931 1.44533 2.1193 2.09086 4.21428 7.70369 1.86496 1.66484 1.45724 1.40011 1.36897
threshold=-4.1393516063690177 0.12168252095580102 3.4771887063980107 -1.9796295166015623 0.019596530124545101 -0.096418846398591981 1.9823088049888613 -0.3455826193094253 -0.12720210105180738 1.6972761154174807 -0.21302888542413709
decision_type=2 10 10 2 2 2 10 8 8 8 10
left_child=-1 2 7 4 6 -6 -4 -2 -3 10 -9
right_child=1 8 3 -5 5 -7 -8 9 -10 -11 -12
leaf_value=-5.0677255102750315e-05 -6.397032872092151e-06 -1.4174857000420079e-05 0.0007119006079254782 4.6898926155512549e-05 0.0001027667200221252 0.0065629783725758891 0.00014908478218695595 1.2840151931722605e-06 1.0701686757127231e-06 -3.6611899995224063e-05 1.146736992913357e-05
leaf_weight=30986 446648 317025 186 10093 14.000000000000002 6.9999999999999991 1231 827222 374119 21684 642034
leaf_count=30986 446648 317025 186 10093 14 7 1231 827222 374119 21684 642034
internal_value=-1.52297e-08 5.79056e-07 2.88453e-06 7.36055e-05 0.000260302 0.00252735 0.00022406 2.46319e-06 -5.92151e-06 5.11803e-06 5.73448e-06
internal_weight=2.67125e+06 2.64026e+06 1.94912e+06 11531 1438 21 1417 1.93759e+06 691144 1.49094e+06 1.46926e+06
internal_count=2671249 2640263 1949119 11531 1438 21 1417 1937588 691144 1490940 1469256
is_linear=0
shrinkage=0.00523217


Tree=458
num_leaves=12
num_cat=0
split_feature=0 16 11 0 20 10 16 1 20 1 16
split_gain=2.96286 1.7199 2.14179 1.16656 1.36962 1.39433 1.08042 0.993712 1.00844 0.970833 0.969012
threshold=-1.4085726141929624 -0.033904301002621644 1.4488692879676821 0.78363871574401867 -0.92353871464729298 0.63032981753349315 1.2211055159568789 1.2783576846122744 2.7956387996673588 -0.24645030498504636 -1.1697853803634641
decision_type=2 2 10 2 10 8 2 2 10 2 2
left_child=1 2 7 4 -2 6 -6 8 -1 -5 -7
right_child=3 -3 -4 9 5 10 -8 -9 -10 -11 -12
leaf_value=-7.5730674003465976e-05 -1.0681673008258421e-05 2.279212600222633e-06 -0.00014118338496203609 1.2907673172864593e-05 6.2212388957918191e-06 -2.7938759550163175e-05 -9.6851864689369638e-06 -2.1629806706577199e-05 0.00016784223276017745 -4.4827947649203469e-05 -3.0235361029416734e-06
leaf_weight=14236 278205 59651 4738 284462 1208917 46438 129375 98949 478 8196 537500
leaf_count=14236 278205 59651 4738 284462 1208917 46438 129375 98949 478 8196 537500
internal_value=1.0217e-09 -2.06184e-05 -3.2161e-05 1.47395e-06 1.68334e-07 1.73908e-06 4.68293e-06 -2.7608e-05 -6.77505e-05 1.12878e-05 -5.00636e-06
internal_weight=2.67114e+06 178052 118401 2.49309e+06 2.20044e+06 1.92223e+06 1.33829e+06 113663 14714 292658 583938
internal_count=2671145 178052 118401 2493093 2200435 1922230 1338292 113663 14714 292658 583938
is_linear=0
shrinkage=0.00523217


Tree=459
num_leaves=12
num_cat=0
split_feature=0 11 3 5 1 11 3 11 4 23 20
split_gain=2.93001 1.47038 1.35284 1.45608 1.64982 1.26635 1.23469 1.24708 1.21598 1.21413 1.06867
threshold=-4.1393516063690177 -0.90943422913551319 -1.0728502273559568 inf -1.8654117584228513 0.82314845919609081 -1.3102807402610777 -0.69878646731376637 -0.30633451044559473 1.3506710529327395 -0.80342465639114369
decision_type=2 8 8 8 2 10 8 8 10 8 8
left_child=6 -2 3 -3 5 -5 8 -8 -1 10 -4
right_child=1 2 9 4 -6 -7 7 -9 -10 -11 -12
leaf_value=-5.5229440365935621e-05 -9.5792195850128291e-06 -9.7524953092523456e-06 -2.9969256830269671e-06 -2.7296827673283237e-05 0.00044064259683151697 0.00013342746755931603 -6.2280523062378302e-05 1.8241233716201927e-05 -0.00017924111495964113 -1.1617333126565955e-05 6.7744305638132396e-06
leaf_weight=5937 339371 299272 386537 2678 318 2675 12655 8995 3433 132963 1476190
leaf_count=5937 339371 299272 386537 2678 318 2675 12655 8995 3433 132963 1476190
internal_value=-6.66571e-09 5.87058e-07 2.08706e-06 -8.17615e-06 7.48545e-05 5.2882e-05 -5.05604e-05 -2.87896e-05 -0.000100768 3.65569e-06 4.74633e-06
internal_weight=2.67102e+06 2.64e+06 2.30063e+06 304943 5671 5353 31020 21650 9370 1.99569e+06 1.86273e+06
internal_count=2671024 2640004 2300633 304943 5671 5353 31020 21650 9370 1995690 1862727
is_linear=0
shrinkage=0.00523217


Tree=460
num_leaves=12
num_cat=0
split_feature=1 2 12 22 19 22 22 1 19 2 12
split_gain=1.66001 1.36434 1.88555 1.67219 1.45698 1.41639 1.34048 1.07432 0.986092 1.42282 1.72369
threshold=1.9940663576126101 -0.61408442258834828 0.24548606574535373 -1.8086421489715574 -0.83188828825950611 0.25760389864444738 -1.1425130963325498 0.25394193828105932 -0.84844571352004994 -0.59790065884590138 0.41952750086784368
decision_type=2 8 10 8 10 10 8 2 10 8 8
left_child=1 2 4 8 -1 7 -2 -5 9 10 -3
right_child=6 3 -4 5 -6 -7 -8 -9 -10 -11 -12
leaf_value=-1.4364197187750407e-05 -0.00010339493412454241 0.0030985439163274744 -4.3953063116828414e-07 -1.3539759391644747e-07 2.2364743100856071e-05 6.8316478796581206e-06 -1.8298101417725699e-05 -9.4808909335455182e-06 -5.9177879341815759e-05 3.0055213095998712e-05 0
leaf_weight=33744 5492 7.9999999999999991 363325 932021 237416 481972 66347 527384 20095 3225 11.000000000000002
leaf_count=33744 5492 8 363325 932021 237416 481972 66347 527384 20095 3225 11
internal_value=-5.76383e-09 6.79677e-07 7.35044e-06 -1.47417e-06 1.77911e-05 -9.44486e-07 -2.48164e-05 -3.51313e-06 -4.54977e-05 3.89875e-05 0.00142477
internal_weight=2.67104e+06 2.5992e+06 634485 1.96472e+06 271160 1.94138e+06 71839 1.4594e+06 23339 3244 19
internal_count=2671040 2599201 634485 1964716 271160 1941377 71839 1459405 23339 3244 19
is_linear=0
shrinkage=0.00523217


Tree=461
num_leaves=12
num_cat=0
split_feature=0 22 7 0 19 22 11 20 4 20 22
split_gain=2.88892 1.64992 1.19566 1.1758 1.25241 1.16522 1.26881 1.0453 1.69467 1.77122 1.20759
threshold=-1.5733938217163084 0.11386564001441003 1.2434474825859072 -4.6120386123657218 -1.2733627557754514 0.25760389864444738 -1.4080919623374937 -0.92353871464729298 0.4260945469141007 2.2166688442230229 -1.8086421489715574
decision_type=2 8 8 2 8 10 8 10 10 8 8
left_child=1 3 -3 4 -1 6 -2 -8 10 -10 -9
right_child=5 2 -4 -5 -6 -7 7 8 9 -11 -12
leaf_value=0.00018022998992154937 -3.4676664384434503e-05 5.9929437470951923e-06 -5.2678374044325304e-05 -2.9981233442189983e-05 -0.00010058234463371614 7.5454088044707902e-06 -9.1534422243033176e-06 -4.4889943049448641e-05 7.9866598307537876e-06 7.4903922694566081e-05 -1.4660870423655509e-06
leaf_weight=451 29599 60171 11290 74309 10262 626160 296629 17833 492735 11074 1040705
leaf_count=451 29599 60171 11290 74309 10262 626160 296629 17833 492735 11074 1040705
internal_value=2.34263e-09 -2.18099e-05 -3.26592e-06 -3.73864e-05 -8.86671e-05 1.35997e-06 -6.90402e-07 -1.48812e-07 1.56031e-06 9.4593e-06 -2.19845e-06
internal_weight=2.67122e+06 156483 71461 85022 10713 2.51474e+06 1.88858e+06 1.85898e+06 1.56235e+06 503809 1.05854e+06
internal_count=2671218 156483 71461 85022 10713 2514735 1888575 1858976 1562347 503809 1058538
is_linear=0
shrinkage=0.00523217


Tree=462
num_leaves=12
num_cat=0
split_feature=5 11 15 2 5 11 10 13 8 2 12
split_gain=1.94631 1.60932 1.83834 1.42607 2.11969 3.47493 2.2899 1.56864 1.07799 0.874901 1.71293
threshold=2.6781778335571294 -0.86895382404327381 -0.87648198008537281 1.9195818305015566 2.6781778335571294 1.1239410042762759 -0.59933307766914357 2.6879446506500249 -2.0727592706680293 -0.61408442258834828 0.31796820461750036
decision_type=10 8 2 8 8 10 8 10 8 10 10
left_child=1 2 -1 4 9 7 -7 -6 -5 10 -3
right_child=-2 3 -4 8 5 6 -8 -9 -10 -11 -12
leaf_value=-3.2279564352775822e-05 -2.8677317661603988e-05 1.8413682274572713e-05 -3.516656595222169e-06 7.8524828560038717e-05 -4.6609114818766576e-05 0.00085836287039614025 0.00024979044286031722 0.00037934762823274803 -3.0892739489576651e-05 8.6487433791657737e-07 3.1433071929589517e-08
leaf_weight=75880 63284 256353 307156 2595 1956 201 1113 268 47492 1612184 302752
leaf_count=75880 63284 256353 307156 2595 1956 201 1113 268 47492 1612184 302752
internal_value=-6.85835e-09 6.88558e-07 -9.21681e-06 2.39421e-06 3.03023e-06 0.000130977 0.000344181 4.53349e-06 -2.52061e-05 2.82131e-06 8.46126e-06
internal_weight=2.67123e+06 2.60795e+06 383036 2.22491e+06 2.17483e+06 3538 1314 2224 50087 2.17129e+06 559105
internal_count=2671234 2607950 383036 2224914 2174827 3538 1314 2224 50087 2171289 559105
is_linear=0
shrinkage=0.00523217


Tree=463
num_leaves=12
num_cat=0
split_feature=0 9 22 22 18 12 18 5 18 12 0
split_gain=2.78656 1.43021 1.3915 1.35408 1.17292 2.66617 1.47177 1.20473 1.81012 1.64799 1.01246
threshold=-4.1393516063690177 0.12168252095580102 -0.12720210105180738 -0.057426346465945237 -0.6650293469429015 -1.0749866962432859 -2.1090607643127437 inf 2.1534955501556401 -0.16048545390367505 0.71995517611503612
decision_type=2 10 8 8 10 8 8 8 10 10 2
left_child=3 4 -3 -1 5 -2 -7 10 -9 -10 -6
right_child=1 2 -4 -5 7 6 -8 8 9 -11 -12
leaf_value=-8.8293433850511062e-05 -5.1486196045919449e-05 -1.3944277156139282e-05 9.5461845727398114e-07 -1.8594257141124916e-05 3.3181347085902657e-06 4.8993342594592388e-05 -2.2657319528412749e-06 -7.9524876110960777e-05 0.00014330773817184105 0.0014909538795189873 1.5876699690857274e-05
leaf_weight=13650 29945 316898 374097 17387 1167918 15795 523873 1246 3314 24 206936
leaf_count=13650 29945 316898 374097 17387 1167918 15795 523873 1246 3314 24 206936
internal_value=1.05347e-08 5.90283e-07 -5.87703e-06 -4.92759e-05 2.88355e-06 -3.43191e-06 -7.63889e-07 5.49198e-06 9.01719e-05 0.000153762 5.20898e-06
internal_weight=2.67108e+06 2.64005e+06 690995 31037 1.94905e+06 569613 539668 1.37944e+06 4584 3338 1.37485e+06
internal_count=2671083 2640046 690995 31037 1949051 569613 539668 1379438 4584 3338 1374854
is_linear=0
shrinkage=0.00523217


Tree=464
num_leaves=12
num_cat=0
split_feature=6 22 22 18 6 7 12 22 15 13 19
split_gain=1.44187 1.74335 1.29722 1.08354 1.04049 1.03249 1.62832 1.35109 0.951597 3.17074 2.58923
threshold=-0.322830781340599 0.14046356827020648 -1.8086421489715574 -1.9570049643516538 -4.1554896831512442 0.49170890450477606 0.7670021951198579 -1.6494436860084531 3.5451488494873051 -1.3325936198234556 -0.58894413709640492
decision_type=2 8 10 8 2 8 10 10 2 10 8
left_child=1 2 -1 8 -4 -5 7 -7 -2 10 -10
right_child=3 -3 4 5 -6 6 -8 -9 9 -11 -12
leaf_value=-7.8917612830504757e-05 3.3887246257086916e-05 4.5464227217154938e-06 -7.6674589146189778e-05 4.1064864443753465e-06 -1.098805449171865e-05 -4.9960525121050019e-05 1.4780780261644303e-05 -6.4123774904842878e-06 0.0039134760363992776 -2.38941360206871e-05 0.00020413012123107803
leaf_weight=8126 26017 232081 6720 1439280 386073 20392 101737 450686 10.999999999999998 58 10.000000000000002
leaf_count=8126 26017 232081 6720 1439280 386073 20392 101737 450686 11 58 10
internal_value=3.40558e-08 -6.86347e-06 -1.34703e-05 2.17661e-06 -1.21141e-05 1.74173e-06 -4.19866e-06 -8.29931e-06 3.56755e-05 0.000605402 0.00228833
internal_weight=2.67119e+06 633000 400919 2.03819e+06 392793 2.0121e+06 572815 471078 26096 79 21
internal_count=2671191 633000 400919 2038191 392793 2012095 572815 471078 26096 79 21
is_linear=0
shrinkage=0.00523217


Tree=465
num_leaves=12
num_cat=0
split_feature=9 20 11 3 23 8 12 3 18 12 2
split_gain=1.94256 1.97524 2.4029 2.18919 2.3862 9.89099 1.45186 1.44958 1.48624 3.6222 2.14371
threshold=0.28087367117404943 4.0456516742706308 0.75632205605506908 -2.253310918807983 0.23069123923778537 0.99648025631904613 -0.31424036622047419 -0.3455826193094253 -0.5691869556903838 -0.85116773843765248 -1.1966685652732847
decision_type=10 10 10 10 10 8 10 8 10 8 10
left_child=1 7 -3 -4 5 -5 -6 -1 9 10 -9
right_child=-2 2 3 4 6 -7 -8 8 -10 -11 -12
leaf_value=-5.817333634114114e-06 -9.9414808736190312e-06 -1.6855597018117645e-05 8.2273580177853165e-05 0.0055594456125659065 0.00032611027274094366 -4.3450512042244601e-06 -0.001874113642830776 4.2220157018116553e-05 7.7728306217876165e-06 8.0972768195476611e-07 -6.9255270533152317e-05
leaf_weight=528347 447065 2905 2136 10.999999999999998 1290 30 6.9999999999999991 5544 1085443 566920 31536
leaf_count=528347 447065 2905 2136 11 1290 30 7 5544 1085443 566920 31536
internal_value=1.0227e-08 2.01092e-06 9.39422e-05 0.000186798 0.000352842 0.00158329 0.000311921 1.74608e-06 4.1119e-06 -2.46579e-06 -5.25656e-05
internal_weight=2.67123e+06 2.22417e+06 6379 3474 1338 41 1297 2.21779e+06 1.68944e+06 604000 37080
internal_count=2671234 2224169 6379 3474 1338 41 1297 2217790 1689443 604000 37080
is_linear=0
shrinkage=0.00523217


Tree=466
num_leaves=12
num_cat=0
split_feature=0 11 22 2 20 16 22 16 15 8 0
split_gain=2.81446 1.43181 2.21813 1.57688 1.46734 1.45351 1.30008 1.27926 3.48426 1.18542 1.14813
threshold=-4.1393516063690177 -0.89958983659744252 -1.1425130963325498 1.9195818305015566 2.4113247394561772 -1.1697853803634641 -0.057426346465945237 -0.060419784858822816 -0.39218832552433008 -2.0727592706680293 0.43806774914264685
decision_type=2 8 10 8 10 2 8 2 2 8 2
left_child=6 2 -2 4 10 -4 -1 8 -6 -5 -3
right_child=1 3 5 9 7 -7 -8 -9 -10 -11 -12
leaf_value=-8.7881299301414024e-05 -5.2332784515968918e-05 -8.8948875934543031e-07 -4.0364852025964466e-05 7.8708229103435936e-05 9.0687300982478061e-06 -1.6935620170220255e-06 -1.9515780673965687e-05 1.4628102021568793e-05 0.0001851604830595859 -3.1768018732668118e-05 6.8740298779600937e-06
leaf_weight=13610 29955 1334583 29298 2801 8150 290289 17375 33396 4950 50735 855777
leaf_count=13610 29955 1334583 29298 2801 8150 290289 17375 33396 4950 50735 855777
internal_value=1.45112e-09 5.83636e-07 -9.27948e-06 2.08922e-06 2.76118e-06 -5.24139e-06 -4.95731e-05 3.18477e-05 7.56792e-05 -2.59713e-05 2.14337e-06
internal_weight=2.67092e+06 2.63993e+06 349542 2.29039e+06 2.23686e+06 319587 30985 46496 13100 53536 2.19036e+06
internal_count=2670919 2639934 349542 2290392 2236856 319587 30985 46496 13100 53536 2190360
is_linear=0
shrinkage=0.00523217


Tree=467
num_leaves=12
num_cat=0
split_feature=5 2 22 20 15 24 22 20 2 16 16
split_gain=1.90709 1.37433 1.90087 1.47428 3.08126 1.3713 1.30772 1.48644 1.19594 2.70309 1.12318
threshold=2.6781778335571294 -0.068967439234256731 -1.6494436860084531 -0.15963301062583921 1.2241169810295107 -0.01782346703112125 0.15475148707628253 4.0456516742706308 -3.0457649230957027 -0.34434172511100763 -0.067246664315462099
decision_type=10 8 8 10 2 10 10 10 10 2 2
left_child=1 3 -3 -1 10 6 7 -4 9 -6 -5
right_child=-2 2 5 4 8 -7 -8 -9 -10 -11 -12
leaf_value=-4.0950880245613599e-07 -2.8412843357104775e-05 -4.2954951130594731e-05 -1.9668401126965082e-06 1.4829098084869967e-05 0.00082552987387906186 -7.0740667884944987e-06 1.3127603663548354e-05 0.00013986451561468608 5.6121298143013519e-05 -9.2664082159624833e-06 -1.9231058494124447e-06
leaf_weight=591903 63263 31217 552208 279300 178 694540 242180 2029 33896 256 180159
leaf_count=591903 63263 31217 552208 279300 178 694540 242180 2029 33896 256 180159
internal_value=-2.79299e-08 6.60351e-07 -2.54708e-06 5.15801e-06 1.18334e-05 -1.70047e-06 2.98474e-06 -1.44586e-06 5.9651e-05 0.000332582 8.25864e-06
internal_weight=2.67113e+06 2.60787e+06 1.52217e+06 1.08569e+06 493789 1.49096e+06 796417 554237 34330 434 459459
internal_count=2671129 2607866 1522174 1085692 493789 1490957 796417 554237 34330 434 459459
is_linear=0
shrinkage=0.00523217


Tree=468
num_leaves=12
num_cat=0
split_feature=0 0 1 2 20 15 18 1 15 13 18
split_gain=2.76428 1.3604 1.28893 1.16385 1.73051 1.58733 1.20382 1.32413 1.2397 1.12716 1.1242
threshold=-4.1393516063690177 0.63491395115852367 -0.17526067048311231 -0.61408442258834828 0.47795137763023382 1.2241169810295107 0.48241601884365087 -2.6243940591812129 1.165505111217499 0.25656341016292578 1.8528348207473757
decision_type=2 2 2 8 8 2 10 2 2 10 10
left_child=10 3 -3 4 9 -6 7 -5 -8 -2 -1
right_child=1 2 -4 6 5 -7 8 -9 -10 -11 -12
leaf_value=-3.6272040787062307e-05 4.6024666047378148e-06 9.8395991779320069e-06 -3.441447915594278e-05 -0.00010176723927958463 1.6176896079817754e-05 8.1815756086686615e-05 6.1148800014001293e-06 -6.1717536007826569e-06 -1.6980444345073343e-05 -1.8193659468771238e-05 -0.00012670921140468303
leaf_weight=26606 265076 493814 18691 3981 130473 10939 470879 1096155 73553 76515 4395
leaf_count=26606 265076 493814 18691 3981 130473 10939 470879 1096155 73553 76515 4395
internal_value=-5.12801e-09 5.71361e-07 8.22402e-06 -1.27169e-06 5.86837e-06 2.12607e-05 -3.36919e-06 -6.51852e-06 2.99319e-06 -5.01467e-07 -4.91235e-05
internal_weight=2.67108e+06 2.64008e+06 512505 2.12757e+06 483003 141412 1.64457e+06 1.10014e+06 544432 341591 31001
internal_count=2671077 2640076 512505 2127571 483003 141412 1644568 1100136 544432 341591 31001
is_linear=0
shrinkage=0.00523217


Tree=469
num_leaves=12
num_cat=0
split_feature=11 16 2 23 11 14 20 20 16 16 17
split_gain=1.7318 1.85094 1.62073 1.90357 3.43777 2.46986 7.87292 1.54053 1.2278 4.23251 6.45886
threshold=-0.86895382404327381 -0.20847065746784207 1.9195818305015566 inf 1.1239410042762759 -0.47678370773792261 3.4771887063980107 1.0027335286140444 -0.033904301002621644 -0.030067418701946732 -2.3578816652297969
decision_type=8 2 8 8 10 2 10 8 2 2 2
left_child=1 -1 3 -2 -5 7 -7 -6 -4 10 -10
right_child=2 -3 8 4 5 6 -8 -9 9 -11 -12
leaf_value=-2.1221786178860635e-05 2.275814457287968e-06 1.4856567648110708e-06 -6.1571220715283978e-05 1.5734832110444896e-06 0.0010162588473932195 0.00037556752587986834 0.0028077977937908468 0.00016997799041156892 0.0023662152241455572 -2.6869910720079706e-05 0.00014202668692743842
leaf_weight=200836 2219153 192300 18093 2387 62 218 43 1008 35 33648 3409
leaf_count=200836 2219153 192300 18093 2387 62 218 43 1008 35 33648 3409
internal_value=2.82893e-08 -1.01126e-05 1.77871e-06 2.4744e-06 0.00012075 0.000333685 0.000790195 0.000220832 -2.6229e-05 -8.96642e-06 0.000165667
internal_weight=2.67119e+06 393136 2.27806e+06 2.22287e+06 3718 1331 261 1070 55185 37092 3444
internal_count=2671192 393136 2278056 2222871 3718 1331 261 1070 55185 37092 3444
is_linear=0
shrinkage=0.00523217


Tree=470
num_leaves=12
num_cat=0
split_feature=0 0 20 10 5 9 1 0 19 20 14
split_gain=2.79348 1.22682 1.19125 1.51464 1.20775 1.83711 1.08403 0.988455 1.05676 0.961293 0.936603
threshold=-2.2887891530990596 0.78363871574401867 -0.92353871464729298 0.63032981753349315 inf -0.96142068505287159 1.3340880870819094 -4.6120386123657218 -0.89917865395545948 2.7956387996673588 0.52433699369430553
decision_type=2 2 10 8 8 10 2 2 8 10 2
left_child=6 2 -2 4 -4 -6 9 8 -8 -1 -5
right_child=1 -3 3 10 5 -7 7 -9 -10 -11 -12
leaf_value=-9.6263869988164066e-05 -1.0228962557235211e-05 1.1086852671056078e-05 4.0627849190487954e-06 -7.4446439810497065e-06 0.0012151708841706352 0.0001335484050610367 3.064479737759215e-05 -1.2593637424515834e-05 -7.2742181416833164e-05 0.00012927068656749273 1.7604427912968439e-05
leaf_weight=8483 288430 292742 1376533 573785 44 1020 3246 66356 15970 547 43979
leaf_count=8483 288430 292742 1376533 573785 44 1020 3246 66356 15970 547 43979
internal_value=-2.23464e-08 1.00263e-06 -2.89644e-07 1.14669e-06 4.19966e-06 0.00018033 -2.79462e-05 -2.21792e-05 -5.52353e-05 -8.24979e-05 -5.66005e-06
internal_weight=2.67114e+06 2.57653e+06 2.28379e+06 1.99536e+06 1.3776e+06 1064 94602 85572 19216 9030 617764
internal_count=2671135 2576533 2283791 1995361 1377597 1064 94602 85572 19216 9030 617764
is_linear=0
shrinkage=0.00523217


Tree=471
num_leaves=12
num_cat=0
split_feature=1 22 22 2 21 2 17 17 24 13 22
split_gain=1.58256 2.12403 1.36747 1.09714 0.917707 5.22182 16.5736 0.903862 0.802457 0.858336 0.799874
threshold=0.96858817338943493 -1.2493496537208555 0.11386564001441003 2.0760914087295537 -2.0947774648666377 2.0760914087295537 -2.3578816652297969 -1.0229446291923521 -1.7067105174064634 2.0556416511535649 0.25760389864444738
decision_type=2 8 8 8 2 10 2 2 10 10 10
left_child=3 7 4 10 5 -3 -7 -2 -6 -10 -1
right_child=1 2 -4 -5 8 6 -8 -9 9 -11 -12
leaf_value=3.0005997823720488e-07 1.9616160582558996e-05 1.8620293606712847e-05 3.9055753488622807e-06 -3.0586017879480463e-05 -5.4015332024005373e-05 0.0082544126867929585 0.00059491703701490474 -7.5604517546689143e-05 -1.6946641345102162e-05 3.5013702890295791e-05 7.5596772238284904e-06
leaf_weight=1697205 3210 2215 174265 28504 15127 6.9999999999999991 157 17725 173230 9153 550284
leaf_count=1697205 3210 2215 174265 28504 15127 7 157 17725 173230 9153 550284
internal_value=-9.20634e-09 -9.67571e-06 -6.80356e-06 1.66845e-06 -1.61439e-05 8.59241e-05 0.000983435 -6.09655e-05 -1.73778e-05 -1.43344e-05 2.07789e-06
internal_weight=2.67108e+06 395089 374154 2.27599e+06 199889 2379 164 20935 197510 182383 2.24749e+06
internal_count=2671082 395089 374154 2275993 199889 2379 164 20935 197510 182383 2247489
is_linear=0
shrinkage=0.00523217


Tree=472
num_leaves=12
num_cat=0
split_feature=0 9 15 22 0 18 23 16 2 16 22
split_gain=2.73461 1.43093 1.59604 1.5348 1.23971 1.12644 1.29946 2.08912 1.24385 1.33509 1.15688
threshold=-4.6120386123657218 0.12168252095580102 -1.0606151223182676 -0.12720210105180738 -1.757364749908447 0.16223607957363131 inf -0.073228619992732988 -0.50813230872154225 -0.27135317027568812 0.29210555553436285
decision_type=2 10 2 8 2 10 8 2 8 2 10
left_child=-1 2 -2 4 -3 8 10 -8 9 -4 -7
right_child=1 3 5 -5 -6 6 7 -9 -10 -11 -12
leaf_value=-5.9956138020553299e-05 -1.3235635237616365e-05 -4.8629311855041687e-05 2.2231672039972728e-05 1.1663571599660681e-06 -1.1303518618477033e-05 5.0742404662469996e-06 -7.9758452179802761e-05 0.00016940892071474635 -2.6684576764170097e-06 1.4440314460860662e-06 2.1439655979108302e-05
leaf_weight=20667 157037 26587 133121 377670 292989 486349 1284 3222 783759 232201 156330
leaf_count=20667 157037 26587 133121 377670 292989 486349 1284 3222 783759 232201 156330
internal_value=-5.49769e-09 4.61676e-07 2.7588e-06 -5.97247e-06 -1.44115e-05 4.15756e-06 9.67864e-06 9.82273e-05 1.04728e-06 9.02116e-06 9.05637e-06
internal_weight=2.67122e+06 2.65055e+06 1.9533e+06 697246 319576 1.79627e+06 647185 4506 1.14908e+06 365322 642679
internal_count=2671216 2650549 1953303 697246 319576 1796266 647185 4506 1149081 365322 642679
is_linear=0
shrinkage=0.00523217


Tree=473
num_leaves=12
num_cat=0
split_feature=9 16 15 2 12 15 4 7 9 13 9
split_gain=1.95893 1.57702 1.22043 1.22447 2.02785 1.9993 1.2049 1.06165 1.04048 0.973775 0.862001
threshold=0.52295345067977916 -1.10889196395874 -1.0606151223182676 -0.61408442258834828 0.23746246844530108 0.77301195263862621 -1.909196615219116 0.74215534329414379 -0.69818931818008412 -1.1614300608634947 -0.48929876089096064
decision_type=10 2 2 8 10 2 10 8 8 10 10
left_child=2 -2 7 4 5 8 -3 10 -4 -7 -1
right_child=1 6 3 -5 -6 9 -8 -9 -10 -11 -12
leaf_value=-3.1004111236585437e-05 -5.4813936663362037e-05 -6.7233516765773658e-05 -1.8279763838445523e-05 3.9182806548288571e-07 9.9092683647312894e-07 0.00010188244608523387 -7.1812553941761362e-06 -3.4249655552752182e-05 1.9270133838025613e-05 4.0706441748078383e-05 8.5443337873129435e-07
leaf_weight=28144 23194 9533 23074 1668287 317717 9670 227583 41916 161154 27401 133426
leaf_count=28144 23194 9533 23074 1668287 317717 9670 227583 41916 161154 27401 133426
internal_value=4.16299e-09 -1.36313e-05 1.47682e-06 2.60742e-06 9.4633e-06 2.16233e-05 -9.5993e-06 -1.07833e-05 1.45627e-05 5.66887e-05 -4.69025e-06
internal_weight=2.6711e+06 260310 2.41079e+06 2.2073e+06 539016 221299 237116 203486 184228 37071 161570
internal_count=2671099 260310 2410789 2207303 539016 221299 237116 203486 184228 37071 161570
is_linear=0
shrinkage=0.00523217


Tree=474
num_leaves=12
num_cat=0
split_feature=9 22 20 11 21 19 22 6 4 5 23
split_gain=1.90473 1.84934 1.70901 2.09555 1.30602 1.33202 1.67037 1.10462 1.02709 1.02634 0.96172
threshold=0.52295345067977916 -0.11170707270503043 4.0456516742706308 0.75632205605506908 0.96681812405586254 2.2808696031570439 -0.85180693864822377 -1.0850223302841184 -1.909196615219116 2.5143629312515263 2.6356443166732793
decision_type=10 8 10 8 2 10 10 2 10 10 10
left_child=2 7 9 -4 5 6 -5 -2 -3 10 -1
right_child=1 8 3 4 -6 -7 -8 -9 -10 -11 -12
leaf_value=2.3114224764371899e-06 -5.4348563847427016e-05 -7.6760902608095244e-05 -1.3761985444825815e-05 0.00013672581228986583 -0.00010442357018010234 0.00013467918022715055 0.00057763188027362938 -1.8712548789700474e-05 1.8932437995918709e-06 -2.1240805892960651e-05 -1.8436375944494747e-05
leaf_weight=2286405 33153 4699 3324 461 431 2451 494 84975 137443 54351 62833
leaf_count=2286405 33153 4699 3324 461 431 2451 494 84975 137443 54351 62833
internal_value=2.4536e-08 -1.34221e-05 1.4766e-06 8.21805e-05 0.000165484 0.000199898 0.000366069 -2.87212e-05 -7.0191e-07 1.23579e-06 1.75615e-06
internal_weight=2.67102e+06 260270 2.41075e+06 7161 3837 3406 955 118128 142142 2.40359e+06 2.34924e+06
internal_count=2671020 260270 2410750 7161 3837 3406 955 118128 142142 2403589 2349238
is_linear=0
shrinkage=0.00523217


Tree=475
num_leaves=12
num_cat=0
split_feature=0 11 22 2 5 11 22 22 4 22 0
split_gain=2.65731 1.39325 2.20227 1.51775 2.05247 3.49402 2.64912 1.28289 1.17399 0.997182 0.98137
threshold=-3.6869672536849971 -0.89958983659744252 -1.1425130963325498 1.9195818305015566 inf 1.1239410042762759 -0.18804492056369779 -0.06793526932597159 -1.3465791344642637 0.14046356827020648 0.25919182598590856
decision_type=2 8 10 8 8 10 8 8 10 8 2
left_child=7 2 -2 4 9 8 -7 -1 -6 10 -3
right_child=1 3 -4 -5 5 6 -8 -9 -10 -11 -12
leaf_value=-7.4817103138198474e-05 -5.2639877709695589e-05 -4.7608505154502554e-06 -5.1378772309910863e-06 -2.5553980145056203e-05 0.00016403977371239333 0.00064814905642117729 0.0001602435425897439 -1.5920919964128534e-05 -8.6614212163775394e-05 7.5804131459366711e-06 3.8033777840855653e-06
leaf_weight=18029 29183 641872 317150 52991 792 488 827 23194 1439 731798 853104
leaf_count=18029 29183 641872 317150 52991 792 488 827 23194 1439 731798 853104
internal_value=-1.78401e-08 6.35297e-07 -9.14302e-06 2.11883e-06 2.77669e-06 0.000128539 0.000342336 -4.17002e-05 2.04732e-06 2.57599e-06 1.25765e-07
internal_weight=2.67087e+06 2.62964e+06 346333 2.28331e+06 2.23032e+06 3546 1315 41223 2231 2.22677e+06 1.49498e+06
internal_count=2670867 2629644 346333 2283311 2230320 3546 1315 41223 2231 2226774 1494976
is_linear=0
shrinkage=0.00523217


Tree=476
num_leaves=12
num_cat=0
split_feature=0 16 22 16 0 21 13 4 21 17 0
split_gain=2.64539 1.71014 1.39592 1.26142 1.09388 1.00845 1.17658 3.59591 2.89824 1.54406 0.996404
threshold=-1.4085726141929624 -0.033904301002621644 0.11386564001441003 -1.9325411319732664 0.79268571734428417 -1.2281675934791563 -1.1865702271461485 -2.4756387472152706 -2.025002002716064 -2.3578816652297969 -4.1393516063690177
decision_type=2 2 8 2 2 2 10 8 2 2 2
left_child=1 2 10 -4 -2 6 7 8 -3 -9 -1
right_child=4 5 3 -5 -6 -7 -8 9 -10 -11 -12
leaf_value=-8.9704959553739018e-05 1.1913965367805519e-07 0.0042115868868844294 -0.0002619514646222393 -8.2004515829168136e-06 1.1063346735927473e-05 -2.8826473612218514e-06 3.4705939884030624e-05 0.00093906189675078955 0.00030583320207293698 0.00012873926988036532 -3.7311076369605642e-05
leaf_weight=12229 2211104 10.000000000000002 541 51874 281910 55010 3648 69 10.999999999999998 862 53804
leaf_count=12229 2211104 10 541 51874 281910 55010 3648 69 11 862 53804
internal_value=-3.42263e-08 -1.95179e-05 -3.10215e-05 -1.08407e-05 1.35704e-06 3.32706e-06 7.77433e-05 0.00024157 0.00232724 0.000190772 -4.70278e-05
internal_weight=2.67107e+06 178058 118448 52415 2.49301e+06 59610 4600 952 21 931 66033
internal_count=2671072 178058 118448 52415 2493014 59610 4600 952 21 931 66033
is_linear=0
shrinkage=0.00523217


Tree=477
num_leaves=12
num_cat=0
split_feature=0 22 22 0 20 10 10 2 23 10 17
split_gain=2.69414 1.554 1.26908 1.19479 1.26196 1.4723 1.04323 1.04007 1.0308 0.904611 0.629165
threshold=-2.4759553670883174 0.077804323285818114 -1.8086421489715574 0.7509855628013612 -0.92353871464729298 0.63032981753349315 2.1022378206253056 -0.31089229881763453 inf -0.43180321156978602 -0.91109067201614369
decision_type=2 8 8 2 10 8 10 10 8 10 2
left_child=1 10 7 4 9 8 -7 -2 -6 -4 -1
right_child=2 -3 3 -5 5 6 -8 -9 -10 -11 -12
leaf_value=9.4011556418095198e-06 1.1147192196954903e-05 -5.9406779327649281e-06 -2.4433315710119039e-05 1.0605912375470091e-05 4.3711494775418217e-06 -6.1285152239772182e-06 5.274758373107042e-05 -5.386942899225022e-05 0.00016814512665487281 -4.0807769405680133e-06 -5.7594526199415656e-05
leaf_weight=4233 9988 40645 87303 331016 1339748 599171 8350 20565 1052 190074 39030
leaf_count=4233 9988 40645 87303 331016 1339748 599171 8350 20565 1052 190074 39030
internal_value=-1.55818e-08 -2.9194e-05 9.30409e-07 1.3313e-06 -4.77071e-08 1.43847e-06 -5.31788e-06 -3.25891e-05 4.50039e-06 -1.04896e-05 -5.10208e-05
internal_weight=2.67118e+06 83908 2.58727e+06 2.55671e+06 2.2257e+06 1.94832e+06 607521 30553 1.3408e+06 277377 43263
internal_count=2671175 83908 2587267 2556714 2225698 1948321 607521 30553 1340800 277377 43263
is_linear=0
shrinkage=0.00523217


Tree=478
num_leaves=12
num_cat=0
split_feature=0 0 21 15 22 1 20 0 9 15 22
split_gain=2.63169 1.40448 1.74547 2.51703 1.91662 1.40613 1.08311 1.30008 1.01072 2.21565 0.974266
threshold=-4.6120386123657218 -1.0951598286628721 -1.4542503952980039 1.6586847305297854 -1.2493496537208555 0.96858817338943493 -0.92353871464729298 0.41894605755805975 -1.2682883143424986 2.0721253156661992 0.077804323285818114
decision_type=2 2 2 2 8 2 10 2 10 2 8
left_child=-1 2 3 -2 -4 -6 -3 -8 9 -5 -7
right_child=1 6 4 8 5 10 7 -9 -10 -11 -12
leaf_value=-5.8894447019347335e-05 1.6376017965049757e-05 -6.7487533752379693e-06 -8.5478522589951995e-05 0.001281553797531655 -6.4474671963831359e-05 -2.0456522686074034e-05 -5.252166767539459e-09 8.7006633906040988e-06 0.00016696579935984089 0.00027038685605937281 4.0701288131987262e-06
leaf_weight=20632 8494 366237 10295 74 13105 89425 1354984 718462 1401 304 87846
leaf_count=20632 8494 366237 10295 74 13105 89425 1354984 718462 1401 304 87846
internal_value=-3.2515e-08 4.25379e-07 -1.25265e-05 5.39712e-05 -1.59351e-05 -1.21696e-05 1.54558e-06 3.01102e-06 0.000232892 0.000473836 -8.29795e-06
internal_weight=2.67126e+06 2.65063e+06 210944 10273 200671 190376 2.43968e+06 2.07345e+06 1779 378 177271
internal_count=2671259 2650627 210944 10273 200671 190376 2439683 2073446 1779 378 177271
is_linear=0
shrinkage=0.00523217


Tree=479
num_leaves=12
num_cat=0
split_feature=2 13 12 15 18 7 15 12 7 13 18
split_gain=1.48684 1.6302 1.16012 2.56285 2.85512 8.29028 2.05067 0.974667 0.978053 0.970414 1.11182
threshold=0.14543738216161731 0.25656341016292578 0.32456612586975103 3.5451488494873051 -1.2231159806251524 0.33785894513130194 1.7143732309341433 -2.5945391654968257 0.057039823383092887 -0.41449841856956476 -0.69612541794776905
decision_type=8 10 10 2 10 10 2 8 8 10 10
left_child=1 2 6 -4 5 -5 7 -1 -9 10 -2
right_child=9 -3 3 4 -6 -7 -8 8 -10 -11 -12
leaf_value=-3.6419859006804271e-05 -2.8451711851686652e-05 -4.8300440865431704e-06 1.7308529282606513e-06 0.00058805242009729434 0.00012598458893047681 0.0052673719514728162 6.8206326879758643e-05 1.8271053448487157e-05 9.098823935285647e-07 -1.8139940907520933e-06 -5.0582452599347119e-06
leaf_weight=11301 86460 410662 497120 164 553 9.9999999999999982 18213 282654 129690 1077878 156217
leaf_count=11301 86460 410662 497120 164 553 10 18213 282654 129690 1077878 156217
internal_value=4.21746e-09 3.86495e-06 7.66561e-06 2.18683e-06 0.000312367 0.000895289 1.38368e-05 1.14973e-05 1.28126e-05 -3.94306e-06 -1.33962e-05
internal_weight=2.67092e+06 1.35037e+06 939705 497847 727 174 441858 423645 412344 1.32056e+06 242677
internal_count=2670922 1350367 939705 497847 727 174 441858 423645 412344 1320555 242677
is_linear=0
shrinkage=0.00523217


Tree=480
num_leaves=12
num_cat=0
split_feature=0 22 0 16 7 16 3 7 2 10 5
split_gain=2.65568 1.63546 1.12718 1.1154 1.06156 1.05109 1.30389 1.69658 1.08611 1.03666 1.31305
threshold=-1.757364749908447 0.077804323285818114 0.80204889178276073 -1.9325411319732664 1.2434474825859072 -0.033904301002621644 -1.599824786186218 -0.77030974626541127 -0.82036072015762318 0.84313404560089122 inf
decision_type=2 8 2 2 8 2 8 10 10 8 8
left_child=1 5 9 -3 -5 6 7 -1 -8 10 -2
right_child=2 3 -4 4 -6 -7 8 -9 -10 -11 -12
leaf_value=-0.00029437486019949131 1.7372452625009204e-06 -0.00026075298436641249 1.1275799082189581e-05 7.4784348843697097e-06 -5.0913679663233163e-05 -9.6526155747536989e-06 4.5841417336081672e-05 -8.1537836617117044e-05 -4.8265602766504535e-05 -6.7328002994515165e-06 0.00017873854047069382
leaf_weight=1158 1770221 457 271107 54380 10105 21975 3700 9186 35351 491968 1147
leaf_count=1158 1770221 457 271107 54380 10105 21975 3700 9186 35351 491968 1147
internal_value=-1.57477e-08 -2.25131e-05 1.19394e-06 -3.50043e-06 -1.6601e-06 -3.98017e-05 -5.31978e-05 -0.000105473 -3.93275e-05 -1.33385e-08 1.85243e-06
internal_weight=2.67076e+06 136312 2.53444e+06 64942 64485 71370 49395 10344 39051 2.26334e+06 1.77137e+06
internal_count=2670755 136312 2534443 64942 64485 71370 49395 10344 39051 2263336 1771368
is_linear=0
shrinkage=0.00523217


Tree=481
num_leaves=12
num_cat=0
split_feature=3 8 8 15 15 2 14 13 17 22 22
split_gain=1.68967 2.07733 1.48193 1.27302 1.7858 2.19957 2.24019 1.39088 1.26732 1.24158 1.9676
threshold=-1.0071256160736082 -2.0727592706680293 -0.91635063290595997 0.078658685088157668 0.15773795545101169 1.3617364168167116 -2.2055832147598262 2.6879446506500249 0.95728620886802684 1.5792764425277712 0.62912383675575267
decision_type=8 10 10 2 2 10 2 10 2 8 10
left_child=1 3 -2 7 5 -5 -7 -1 -6 10 -9
right_child=2 -3 -4 4 8 6 -8 9 -10 -11 -12
leaf_value=-4.8835382455163719e-05 -7.7369981248488941e-06 -1.272418329676228e-05 3.4715181515707723e-06 0.00013100235579592784 3.2433866235117489e-05 0.0013804649943034608 0.00018238776243377489 0.00018596014340433185 0.00020890776467380974 -0.00052563916556816351 0.0011701703353793581
leaf_weight=3292 387954 347636 1925579 273 3561 103 76 453 1630 52 63
leaf_count=3292 387954 347636 1925579 273 3561 103 76 453 1630 52 63
internal_value=-4.32112e-08 -1.06358e-05 1.59162e-06 6.56674e-05 0.000115753 0.000431221 0.000880775 -7.35825e-06 8.80372e-05 0.000231225 0.000310078
internal_weight=2.67067e+06 357139 2.31353e+06 9503 5643 452 179 3860 5191 568 516
internal_count=2670672 357139 2313533 9503 5643 452 179 3860 5191 568 516
is_linear=0
shrinkage=0.00523217


Tree=482
num_leaves=12
num_cat=0
split_feature=0 0 19 1 20 0 20 8 7 20 6
split_gain=2.56082 1.26887 1.30856 1.20373 1.46589 1.05438 1.30233 1.25313 1.08801 1.55565 0.983415
threshold=-1.4085726141929624 -4.6120386123657218 -1.2470931410789488 1.1110222339630129 2.7956387996673588 0.80204889178276073 -0.92353871464729298 -0.59776535630226124 0.65636807680130016 -0.15268614143133161 -0.14146410673856732
decision_type=2 2 8 2 10 2 10 10 8 10 2
left_child=1 2 -1 4 -3 6 -2 -8 9 -9 -5
right_child=5 3 -4 10 -6 -7 7 8 -10 -11 -12
leaf_value=0.00012132408443123736 -1.0296989360817512e-05 -7.3610013952235209e-05 -6.7415607954868947e-05 -1.77977556172111e-05 0.00015224238468757468 1.1099926847682094e-05 -4.453511849559876e-06 4.7824834628990218e-07 -4.601059036582939e-06 1.3266339294010691e-05 1.3241872099625148e-05
leaf_weight=1056 283784 13284 19615 105310 833 271169 616732 508178 278783 534415 38004
leaf_count=1056 283784 13284 19615 105310 833 271169 616732 508178 278783 534415 38004
internal_value=-9.00435e-09 -1.91762e-05 -5.77284e-05 -1.41087e-05 -6.02147e-05 1.35997e-06 1.70896e-07 1.70406e-06 4.57862e-06 7.03398e-06 -9.56102e-06
internal_weight=2.67116e+06 178102 20671 157431 14117 2.49306e+06 2.22189e+06 1.93811e+06 1.32138e+06 1.04259e+06 143314
internal_count=2671163 178102 20671 157431 14117 2493061 2221892 1938108 1321376 1042593 143314
is_linear=0
shrinkage=0.00523217


Tree=483
num_leaves=12
num_cat=0
split_feature=3 21 18 13 16 1 18 2 13 12 12
split_gain=1.62071 1.37586 1.34774 3.64092 2.64116 3.53079 1.29755 1.36717 2.18188 2.0093 1.8073
threshold=-1.0071256160736082 1.5727006793022158 2.2742880582809453 2.6879446506500249 -0.033904301002621644 -2.3306863307952876 0.45516897737979894 -0.45170311629772181 0.25656341016292578 0.24548606574535373 -0.34186486899852747
decision_type=8 2 8 10 2 2 10 8 8 10 8
left_child=1 -1 6 -4 -5 -6 7 8 9 -2 -9
right_child=2 -3 3 4 5 -7 -8 10 -10 -11 -12
leaf_value=-7.8703895932123096e-06 2.6455523038671974e-05 -5.2224202371677935e-05 -4.9233389475647257e-05 0.00026589048885484063 0.004438984660641296 8.2657669486662565e-05 8.6372781963471052e-06 -1.6913612284669941e-05 -1.1465432770670668e-05 3.098920575343113e-06 -4.0464401899061993e-07
leaf_weight=336909 165499 20308 16857 29 12.000000000000002 8.9999999999999982 586649 226305 142125 258276 918099
leaf_count=336909 165499 20308 16857 29 12 9 586649 226305 142125 258276 918099
internal_value=-2.13052e-08 -1.03943e-05 1.57976e-06 -4.49602e-05 0.00134789 0.00271208 1.92269e-06 -3.80004e-07 6.27183e-06 1.22224e-05 -3.67e-06
internal_weight=2.67108e+06 357217 2.31386e+06 16907 50 21 2.29695e+06 1.7103e+06 565900 423775 1.1444e+06
internal_count=2671077 357217 2313860 16907 50 21 2296953 1710304 565900 423775 1144404
is_linear=0
shrinkage=0.00523217


Tree=484
num_leaves=12
num_cat=0
split_feature=3 21 20 20 4 23 21 21 1 21 18
split_gain=1.63979 1.35532 1.6321 1.43892 3.24343 2.58591 3.18854 1.50926 1.69391 1.38051 1.30023
threshold=-1.0071256160736082 1.5727006793022158 2.0423238277435307 3.1645727157592778 -1.5742818713188169 0.19535367935895923 -0.82935518026351918 -0.62077674269676197 -2.6243940591812129 -2.2787501811981197 2.2742880582809453
decision_type=8 2 8 10 10 10 2 2 2 2 8
left_child=1 3 -3 -1 5 6 -5 -6 -9 -7 -2
right_child=10 2 -4 4 7 9 -8 8 -10 -11 -12
leaf_value=-1.1001195072697375e-05 1.9668078505756413e-06 -1.8511483080771382e-05 -0.00011799070237736687 0.0010109068373811785 0.00011790582170989803 0.00017696413518797119 -3.1493378791575379e-06 0.00086122996002747118 6.9427351596033473e-06 -8.2917202022286086e-05 -4.407953411032389e-05
leaf_weight=311478 2296994 13468 6810 137 9351 597 216 63 6703 8325 16909
leaf_count=311478 2296994 13468 6810 137 9351 597 216 63 6703 8325 16909
internal_value=1.90538e-08 -1.04154e-05 -5.19643e-05 -7.9118e-06 2.99522e-05 -4.7942e-05 0.0003902 7.48288e-05 1.5165e-05 -6.54166e-05 1.62995e-06
internal_weight=2.67105e+06 357148 20278 336870 25392 9275 353 16117 6766 8922 2.3139e+06
internal_count=2671051 357148 20278 336870 25392 9275 353 16117 6766 8922 2313903
is_linear=0
shrinkage=0.00523217


Tree=485
num_leaves=12
num_cat=0
split_feature=3 8 11 22 16 16 11 16 16 23 19
split_gain=1.64758 2.10291 1.9319 2.40759 1.68522 3.23001 1.66392 1.52232 1.28634 1.21902 1.15854
threshold=-1.0071256160736082 -2.0727592706680293 -0.86895382404327381 -1.1425130963325498 -0.05369449965655803 -0.073228619992732988 0.037538759410381324 -1.1697853803634641 -0.022946994751691815 1.6321186423301699 1.7644448876380923
decision_type=8 10 8 10 2 2 10 2 2 8 8
left_child=1 4 3 -2 5 -1 -7 -5 -6 -4 -8
right_child=2 -3 9 7 8 6 10 -9 -10 -11 -12
leaf_value=-1.3285213075629282e-05 -5.1682535577017778e-05 -1.2573036838609902e-05 4.6039692934437095e-06 -4.0819736365809552e-05 -5.8750258480708298e-05 -2.1896211660592755e-05 0.0012190070071112584 -1.6378069501433008e-06 8.4644255717690293e-05 -1.4640015658972715e-05 0.00041416589056408735
leaf_weight=1175 33556 347738 1854448 29837 2924 242 52 301481 4119 94696 989
leaf_count=1175 33556 347738 1854448 29837 2924 242 52 301481 4119 94696 989
internal_value=-1.43348e-08 -1.04727e-05 1.59989e-06 -9.44894e-06 6.63079e-05 0.000184279 0.000365683 -5.16891e-06 2.49981e-05 3.66861e-06 0.000456477
internal_weight=2.67126e+06 357239 2.31402e+06 364874 9501 2458 1283 331318 7043 1.94914e+06 1041
internal_count=2671257 357239 2314018 364874 9501 2458 1283 331318 7043 1949144 1041
is_linear=0
shrinkage=0.00523217


Tree=486
num_leaves=12
num_cat=0
split_feature=0 11 22 16 22 22 24 20 0 22 18
split_gain=2.58639 1.36036 2.11234 1.37666 1.25379 1.11809 1.0372 1.0693 1.65596 0.895786 0.770995
threshold=-3.6869672536849971 -0.89958983659744252 -1.1425130963325498 -1.1697853803634641 -0.06793526932597159 -1.9833674430847166 -1.9978035688400266 -0.80342465639114369 0.35736794769763952 0.3195923268795014 0.50891870260238659
decision_type=2 8 10 2 8 8 8 10 2 8 10
left_child=4 2 -2 -4 -1 -3 -7 9 -9 -8 -5
right_child=1 5 3 10 -6 6 7 8 -10 -11 -12
leaf_value=-7.3862103635761951e-05 -5.1614264193564904e-05 -4.0686623568132273e-05 -3.9426996480749917e-05 -7.7440625634391221e-06 -1.5625089346256129e-05 -1.7431972933892434e-05 -8.013730673176192e-06 8.2105308837534459e-07 1.1288625079666768e-05 9.0923625507628085e-06 1.0348898205418627e-05
leaf_weight=18027 29179 16582 29037 190717 23175 69747 355565 1048521 683593 109609 97386
leaf_count=18027 29179 16582 29037 190717 23175 69747 355565 1048521 683593 109609 97386
internal_value=6.19284e-09 6.5092e-07 -9.01157e-06 -5.08913e-06 -4.11263e-05 2.11663e-06 2.43008e-06 3.06093e-06 4.95263e-06 -3.98128e-06 -1.62539e-06
internal_weight=2.67114e+06 2.62994e+06 346319 317140 41202 2.28362e+06 2.26704e+06 2.19729e+06 1.73211e+06 465174 288103
internal_count=2671138 2629936 346319 317140 41202 2283617 2267035 2197288 1732114 465174 288103
is_linear=0
shrinkage=0.00523217


Tree=487
num_leaves=12
num_cat=0
split_feature=11 22 16 22 22 6 20 8 16 19 20
split_gain=1.63032 2.45168 1.61295 1.12752 0.927777 1.41915 1.62943 0.982333 0.95055 0.853524 2.42606
threshold=-0.86895382404327381 -1.1425130963325498 -1.1697853803634641 -1.9833674430847166 0.14046356827020648 -0.38288493454456324 -0.80342465639114369 -0.60674092173576344 -0.35271699726581568 -0.927058845758438 2.5306694507598881
decision_type=8 10 2 8 8 2 10 10 2 8 10
left_child=1 9 -3 -2 5 -5 -7 -8 -6 10 -1
right_child=3 2 -4 4 8 6 7 -9 -10 -11 -12
leaf_value=-7.2395822981954724e-06 -4.1404539457794392e-05 -4.0895512317364083e-05 -2.1787692611538224e-06 -1.0255139073309283e-05 1.4964119873597666e-05 -8.4068455989518848e-06 -4.1822358117068286e-06 8.7607988803720306e-06 2.5444197137368445e-06 -6.233205012943012e-05 0.00081801753381161696
leaf_weight=5758 16489 32401 324807 313746 255443 295646 209069 690369 497405 30033 98
leaf_count=5758 16489 32401 324807 313746 255443 295646 209069 690369 497405 30033 98
internal_value=2.51416e-09 -9.83735e-06 -5.69299e-06 1.70074e-06 2.01538e-06 -3.51246e-07 2.24816e-06 5.75137e-06 6.75954e-06 -5.10628e-05 6.59624e-06
internal_weight=2.67126e+06 393097 357208 2.27817e+06 2.26168e+06 1.50883e+06 1.19508e+06 899438 752848 35889 5856
internal_count=2671264 393097 357208 2278167 2261678 1508830 1195084 899438 752848 35889 5856
is_linear=0
shrinkage=0.00523217


Tree=488
num_leaves=12
num_cat=0
split_feature=5 22 1 22 3 23 7 15 22 4 23
split_gain=1.83746 1.22639 1.72678 1.4122 1.08015 0.938568 0.930489 1.37479 0.992857 0.864113 0.841539
threshold=2.6781778335571294 0.14046356827020648 1.0666867494583132 -1.7137829661369322 -2.253310918807983 0.6442389488220216 1.1289348006248476 0.018549944274127487 5.1275336742401132 0.051320377737283714 2.2378795146942143
decision_type=10 8 2 10 8 10 8 2 8 8 10
left_child=1 2 10 9 5 -2 -3 8 -8 -4 -1
right_child=4 6 3 -5 -6 -7 7 -9 -10 -11 -12
leaf_value=6.6508566723570109e-07 -0.00015608446811686734 7.6983739710833027e-06 -0.00014433917767962348 -1.4756235506179552e-05 -1.8640220323446483e-05 -4.4296232142878343e-05 -1.8899180992083659e-05 1.1973956687560691e-05 -8.9777452199565205e-05 8.4726983051620777e-07 -1.891765980092922e-05
leaf_weight=1497825 2978 769034 3759 171487 53523 6747 49435 46057 6085 1584 62583
leaf_count=1497825 2978 769034 3759 171487 53523 6747 49435 46057 6085 1584 62583
internal_value=-1.2206e-08 6.63315e-07 -1.87636e-06 -1.7372e-05 -2.78775e-05 -7.86255e-05 5.73196e-06 -9.1477e-06 -2.66837e-05 -0.000101156 -1.19815e-07
internal_weight=2.6711e+06 2.60785e+06 1.73724e+06 176830 63248 9725 870611 101577 55520 5343 1.56041e+06
internal_count=2671097 2607849 1737238 176830 63248 9725 870611 101577 55520 5343 1560408
is_linear=0
shrinkage=0.00523217


Tree=489
num_leaves=12
num_cat=0
split_feature=5 1 8 22 2 20 1 17 13 20 13
split_gain=1.80156 1.1782 1.26819 0.941794 1.1858 1.17458 1.63474 5.68551 1.08705 0.905147 1.01421
threshold=1.2069954276084902 1.1554481983184817 -2.0727592706680293 0.29210555553436285 0.30506542325019842 1.461056709289551 -2.6243940591812129 -1.513907194137573 -2.5627611875534053 -0.80342465639114369 0.29727590084075933
decision_type=10 2 10 8 8 10 2 2 10 10 10
left_child=3 -2 -3 4 5 9 7 -7 -6 -1 -11
right_child=1 2 -4 -5 8 6 -8 -9 -10 10 -12
leaf_value=-7.4967965900303514e-06 -5.754130402849417e-06 0.00010055338073672468 -3.2735709295963832e-05 7.1089582821071659e-06 -7.329215070882048e-05 0.0021708396546476385 2.7472940223010689e-05 0.0001222554513810695 -4.9432344091869827e-06 8.5561047977068325e-06 -4.2489903452059293e-06
leaf_weight=216055 201617 2000 78682 603089 6427 42 41306 272 730367 546052 245338
leaf_count=216055 201617 2000 78682 603089 6427 42 41306 272 730367 546052 245338
internal_value=-2.10193e-08 -1.25209e-05 -2.94203e-05 1.45575e-06 -4.52907e-07 3.11962e-06 3.03589e-05 0.000405932 -5.54064e-06 1.99347e-06 4.5854e-06
internal_weight=2.67125e+06 282299 80682 2.38895e+06 1.78586e+06 1.04906e+06 41620 314 736794 1.00744e+06 791390
internal_count=2671247 282299 80682 2388948 1785859 1049065 41620 314 736794 1007445 791390
is_linear=0
shrinkage=0.00523217


Tree=490
num_leaves=12
num_cat=0
split_feature=5 9 20 22 3 9 20 15 9 3 2
split_gain=1.8021 1.41602 2.17551 1.54579 1.3436 1.1948 1.15025 1.59589 1.412 1.05004 1.01479
threshold=2.6781778335571294 0.26362279057502752 3.4771887063980107 -0.26097050309181208 -0.45360761880874628 -0.46276976168155665 -0.22827898710966107 2.6933304071426396 -0.1682772561907768 -2.3455485105514522 1.6788638234138491
decision_type=10 10 10 8 8 10 10 2 10 8 8
left_child=1 2 4 -3 5 -1 8 -8 -6 -2 -4
right_child=9 3 10 -5 6 -7 7 -9 -10 -11 -12
leaf_value=-2.333451395806779e-05 -7.9990434541702803e-05 -2.0912869654380778e-05 0.00011319869879452045 -5.6050173521539245e-07 6.8942019556642809e-06 -1.8072494617695313e-06 8.3533638962431364e-06 0.00010892998632229611 -5.8740609727632933e-06 -1.8905675943587886e-05 1.0751538315893349e-05
leaf_weight=88168 8994 159107 7065 285671 458501 354328 755241 4344 491008 54252 4262
leaf_count=88168 8994 159107 7065 285671 458501 354328 755241 4344 491008 54252 4262
internal_value=-9.98108e-09 6.59035e-07 2.40772e-06 -7.84284e-06 2.02658e-06 -6.09846e-06 4.13068e-06 8.92978e-06 2.90661e-07 -2.76064e-05 7.4727e-05
internal_weight=2.67094e+06 2.6077e+06 2.16292e+06 444778 2.15159e+06 442496 1.70909e+06 759585 949509 63246 11327
internal_count=2670941 2607695 2162917 444778 2151590 442496 1709094 759585 949509 63246 11327
is_linear=0
shrinkage=0.00523217


Tree=491
num_leaves=12
num_cat=0
split_feature=9 20 11 3 23 8 16 3 23 8 16
split_gain=1.79797 1.70917 1.959 1.90663 2.29559 9.22633 1.51997 1.42984 1.52066 1.5008 1.35988
threshold=0.52295345067977916 4.0456516742706308 0.75632205605506908 -2.253310918807983 0.23069123923778537 0.99648025631904613 -1.10889196395874 -0.59544420242309559 1.6321186423301699 -2.0727592706680293 -0.073228619992732988
decision_type=10 10 10 10 10 8 2 8 8 10 2
left_child=1 7 10 -4 5 -5 -2 9 -9 -1 -3
right_child=6 2 3 4 -6 -7 -8 8 -10 -11 -12
leaf_value=5.6048002629682851e-05 -5.3536053369519501e-05 0.00036560170090605001 6.8344259163076655e-05 0.0051583993418573915 0.00027102909391486617 -1.768418800989453e-05 -9.1299208511768782e-06 4.0436647705238922e-06 -1.884780102749008e-05 -8.7613939489738043e-06 -4.0735696957733024e-05
leaf_weight=10002 23174 242 2328 11.999999999999998 1462 32 237169 1874647 82946 436088 3075
leaf_count=10002 23174 242 2328 12 1462 32 237169 1874647 82946 436088 3075
internal_value=-2.3025e-08 1.3873e-06 8.21515e-05 0.000162695 0.000307843 0.00147421 -1.3086e-05 1.14665e-06 3.0733e-06 -7.30633e-06 -1.07286e-05
internal_weight=2.67118e+06 2.41083e+06 7151 3834 1506 44 260343 2.40368e+06 1.95759e+06 446090 3317
internal_count=2671177 2410834 7151 3834 1506 44 260343 2403683 1957593 446090 3317
is_linear=0
shrinkage=0.00523217


Tree=492
num_leaves=12
num_cat=0
split_feature=0 11 16 0 19 16 4 23 17 10 11
split_gain=2.52626 1.27448 1.49 1.00962 0.926152 1.15333 0.913098 1.6098 2.59365 0.954692 0.874942
threshold=-4.1393516063690177 -0.90943422913551319 -0.20847065746784207 0.48711182177066809 -1.2470931410789488 -0.20052303373813626 -1.3979976773262022 -1.2611501216888426 -2.2249805927276607 -1.7914610505104063 0.34097430109977728
decision_type=2 8 2 2 8 2 8 10 2 10 8
left_child=4 2 -2 6 -1 -6 7 8 -3 -8 -5
right_child=1 3 -4 10 5 -7 9 -9 -10 -11 -12
leaf_value=7.9038205141512512e-05 -1.9612001019189474e-05 0.0018338542321532823 2.315570338762915e-06 2.4101817588138516e-06 -7.9294888270994645e-05 -1.1935047177890573e-05 -1.8220961075055908e-05 -1.9080273994791079e-05 7.689252325235542e-05 1.5833555393690308e-06 1.3915731163737125e-05
leaf_weight=1513 173948 22 165477 468146 18166 11329 70069 104720 4030 1358477 295146
leaf_count=1513 173948 22 165477 468146 18166 11329 70069 104720 4030 1358477 295146
internal_value=-6.71292e-09 5.44454e-07 -8.9195e-06 1.94109e-06 -4.69575e-05 -5.34508e-05 -5.00751e-07 -1.51142e-05 8.7162e-05 6.11394e-07 6.86016e-06
internal_weight=2.67104e+06 2.64004e+06 339425 2.30061e+06 31008 29495 1.53732e+06 108772 4052 1.42855e+06 763292
internal_count=2671043 2640035 339425 2300610 31008 29495 1537318 108772 4052 1428546 763292
is_linear=0
shrinkage=0.00523217


Tree=493
num_leaves=12
num_cat=0
split_feature=9 22 22 11 11 10 17 22 4 4 16
split_gain=1.80169 1.86732 1.05127 1.06403 0.861903 1.7997 0.990331 0.902043 2.23947 0.951972 0.896001
threshold=0.26362279057502752 -1.2126677632331846 0.049735663458704955 -0.97499078512191761 0.5892036259174348 2.1022378206253056 0.28275680541992193 -0.77408435940742482 -1.0000000180025095e-35 2.8768199682235722 -1.1697853803634641
decision_type=10 8 8 10 8 8 2 10 8 8 2
left_child=4 -2 3 -3 7 -6 -7 8 -1 10 -9
right_child=1 2 -4 -5 5 6 -8 9 -10 -11 -12
leaf_value=-2.5201717469234456e-05 -5.4386819508231353e-05 -4.1499704082863576e-05 2.0386756416386185e-06 -9.8022336721912076e-06 7.3193126217160295e-06 3.9464758105070053e-05 0.00019461971583385919 -1.3504691925721486e-05 6.4832443025203883e-06 -4.2974143235708612e-05 3.2526299957823625e-06
leaf_weight=119618 23899 33618 198707 211826 453442 2438 2119 93172 124693 12877 1394426
leaf_count=119618 23899 33618 198707 211826 453442 2438 2119 93172 124693 12877 1394426
internal_value=-7.51328e-09 -9.33044e-06 -6.90408e-06 -1.41472e-05 1.97307e-06 8.36111e-06 0.00011182 2.95772e-07 -9.0269e-06 1.81425e-06 2.20253e-06
internal_weight=2.67084e+06 468050 444151 245444 2.20278e+06 457999 4557 1.74479e+06 244311 1.50048e+06 1.4876e+06
internal_count=2670835 468050 444151 245444 2202785 457999 4557 1744786 244311 1500475 1487598
is_linear=0
shrinkage=0.00523217


Tree=494
num_leaves=12
num_cat=0
split_feature=9 20 21 19 7 3 22 3 18 18 11
split_gain=1.76506 1.93701 2.42512 2.41623 9.46391 10.5706 1.86709 1.54069 1.48355 1.40497 1.36854
threshold=0.28087367117404943 3.4771887063980107 -2.2787501811981197 2.1286613941192631 1.8833282589912417 -1.8834367394447324 -1.2126677632331846 -0.59544420242309559 2.4283109903335576 0.16223607957363131 0.75632205605506908
decision_type=10 10 2 8 10 10 8 8 8 8 10
left_child=1 7 3 4 -3 -6 -2 -1 9 -9 -4
right_child=6 2 10 -5 5 -7 -8 8 -10 -11 -12
leaf_value=-7.8549452730276702e-06 -5.5597501273562437e-05 0.0003130909323849631 -3.1836157477964715e-05 0.00012556476317851029 0.0051029360819457026 0.0001511691812944876 -7.0254124773534778e-06 6.1029942672968991e-07 -7.6876848044292505e-05 1.0445111005168996e-05 8.3585467517920977e-05
leaf_weight=395380 22837 446 4753 1364 24 23 424180 1218290 6256 590468 6858
leaf_count=395380 22837 446 4753 1364 24 23 424180 1218290 6256 590468 6858
internal_value=-2.1535e-08 1.88513e-06 6.4441e-05 0.000240017 0.000553991 0.00275955 -9.50878e-06 1.50358e-06 3.54267e-06 3.82132e-06 3.62697e-05
internal_weight=2.67088e+06 2.22386e+06 13468 1857 493 47 447017 2.21039e+06 1.81501e+06 1.80876e+06 11611
internal_count=2670879 2223862 13468 1857 493 47 447017 2210394 1815014 1808758 11611
is_linear=0
shrinkage=0.00523217


Tree=495
num_leaves=12
num_cat=0
split_feature=0 1 3 0 2 12 19 1 24 3 2
split_gain=2.45653 1.24292 1.25477 1.10799 1.03013 1.40073 1.28699 0.947511 0.907661 1.38161 1.05413
threshold=-2.4759553670883174 1.3340880870819094 -2.6717535257339473 0.79268571734428417 -0.61408442258834828 0.24548606574535373 -0.83188828825950611 -0.24645030498504636 1.0000000180025095e-35 0.16270968317985537 0.47788570821285253
decision_type=2 2 8 2 8 10 10 2 10 8 8
left_child=1 -1 -3 4 5 6 -2 -5 9 -6 -10
right_child=3 2 -4 7 8 -7 -8 -9 10 -11 -12
leaf_value=-9.201023592689443e-05 -1.6395074232663044e-05 -8.2902243232993236e-05 -1.4207488135695919e-05 1.225817048268689e-05 -3.6723155000227173e-06 -1.6137405990320586e-06 1.9829579946394313e-05 -4.6912327421568862e-05 -1.6533117140540973e-06 9.6095225369473552e-06 -1.3693443148442557e-05
leaf_weight=7541 30689 8157 68205 274270 566641 299516 213346 7608 531729 344877 318361
leaf_count=7541 30689 8157 68205 274270 566641 299516 213346 7608 531729 344877 318361
internal_value=-3.72661e-08 -2.79001e-05 -2.15572e-05 8.66085e-07 -3.30952e-07 5.96533e-06 1.52707e-05 1.06581e-05 -2.27415e-06 1.35205e-06 -6.16333e-06
internal_weight=2.67094e+06 83903 76362 2.58704e+06 2.30516e+06 543551 244035 281878 1.76161e+06 911518 850090
internal_count=2670940 83903 76362 2587037 2305159 543551 244035 281878 1761608 911518 850090
is_linear=0
shrinkage=0.00523217


Tree=496
num_leaves=12
num_cat=0
split_feature=0 16 11 22 16 22 20 16 8 0 1
split_gain=2.48917 1.25637 1.23421 1.96369 1.20369 1.06695 1.05039 2.16525 1.80372 1.50655 1.32061
threshold=-3.2939242124557491 -0.20052303373813626 -0.90943422913551319 -1.1425130963325498 -1.1497948765754697 -1.9833674430847166 -0.10349924489855765 -0.35271699726581568 -2.0727592706680293 0.63491395115852367 -0.22797777503728864
decision_type=2 2 8 10 2 8 10 2 8 2 2
left_child=1 -1 3 -2 -5 -4 9 -8 -9 -7 -11
right_child=2 -3 5 4 -6 6 7 8 -10 10 -12
leaf_value=-5.7318766191472961e-05 -5.1010221662111485e-05 -4.6927900933140685e-06 -3.9709149753718353e-05 -3.6534296285350352e-05 -1.4758031245365814e-06 -4.0353540508965102e-06 1.6213847740768604e-05 9.1047943546391854e-05 -1.1220989752320305e-06 1.0159678517871506e-05 -3.8875994885328278e-05
leaf_weight=30672 27553 20927 16604 29702 275887 967258 382300 5876 526860 371741 15662
leaf_count=30672 27553 20927 16604 29702 275887 967258 382300 5876 526860 371741 15662
internal_value=-3.94092e-09 -3.59914e-05 7.04666e-07 -8.70344e-06 -4.8861e-06 2.0759e-06 2.38195e-06 6.71283e-06 -1.0377e-07 -5.42847e-07 8.17507e-06
internal_weight=2.67104e+06 51599 2.61944e+06 333142 305589 2.2863e+06 2.2697e+06 915036 532736 1.35466e+06 387403
internal_count=2671042 51599 2619443 333142 305589 2286301 2269697 915036 532736 1354661 387403
is_linear=0
shrinkage=0.00523217


Tree=497
num_leaves=12
num_cat=0
split_feature=5 1 8 11 3 23 5 1 17 13 4
split_gain=1.77867 1.18714 1.20993 1.07479 0.920271 1.30851 1.29799 1.72496 1.74829 0.768893 1.67778
threshold=1.2069954276084902 1.1554481983184817 -2.0727592706680293 -0.90943422913551319 -1.0728502273559568 1.3506710529327395 1.2069954276084902 -1.8654117584228513 -2.2249805927276607 2.6879446506500249 1.2595108151435854
decision_type=10 2 10 8 8 8 8 2 2 10 10
left_child=3 -2 -3 -1 6 -6 -5 8 -8 -7 -11
right_child=1 2 -4 4 5 9 7 -9 -10 10 -12
leaf_value=-7.6482047273137459e-06 -5.6297943638239257e-06 9.7302672557235013e-05 -3.2632115123084272e-05 -8.6828776110873135e-06 5.271126677197038e-06 -1.2705330215128688e-05 0.00084717194092965003 0.00044660192815608197 3.7641087702070542e-05 0.00019613167108630214 0.0023150764216063099
leaf_weight=308429 201604 2008 78665 235367 1714000 125160 73 316 5288 145 9.9999999999999982
leaf_count=308429 201604 2008 78665 235367 1714000 125160 73 316 5288 145 10
internal_value=-1.53153e-09 -1.24223e-05 -2.93866e-05 1.46587e-06 2.81749e-06 4.07753e-06 -6.79405e-06 7.13601e-05 4.89985e-05 -1.22414e-05 0.000354466
internal_weight=2.67106e+06 282277 80673 2.38879e+06 2.08036e+06 1.83932e+06 241044 5677 5361 125315 155
internal_count=2671065 282277 80673 2388788 2080359 1839315 241044 5677 5361 125315 155
is_linear=0
shrinkage=0.00523217


Tree=498
num_leaves=12
num_cat=0
split_feature=0 22 21 22 22 3 23 20 0 13 21
split_gain=2.40745 1.41702 1.15977 1.29845 1.04487 0.973433 1.14486 0.986433 2.43855 7.04454 2.35268
threshold=-1.5733938217163084 0.11386564001441003 -1.2958207130432127 -1.2493496537208555 0.29210555553436285 -0.11543143540620802 1.3930719494819643 3.4771887063980107 0.044172596186399467 0.068466879427433028 -2.2787501811981197
decision_type=2 8 2 10 10 8 8 10 2 10 2
left_child=1 2 -1 -4 5 7 -7 -2 10 -10 -9
right_child=4 -3 3 -5 -6 6 -8 8 9 -11 -12
leaf_value=4.1292306165583239e-05 -6.7862730151796351e-06 -2.7432051379554118e-06 -0.00010598445133704838 -3.2597548083618603e-05 7.3414742843029839e-06 3.0410397298779177e-06 -2.019917470656513e-05 0.00025902836092613459 1.3042356706331947e-05 0.0035447407209716658 7.720670098980628e-06
leaf_weight=5197 619427 71495 7274 72553 586377 1238441 60873 1166 59 20 8140
leaf_count=5197 619427 71495 7274 72553 586377 1238441 60873 1166 59 20 8140
internal_value=-1.36073e-08 -1.99235e-05 -3.43604e-05 -3.92962e-05 1.2254e-06 -6.34188e-07 1.9516e-06 -5.97847e-06 4.72469e-05 0.000956234 3.93236e-05
internal_weight=2.67102e+06 156519 85024 79827 2.5145e+06 1.92813e+06 1.29931e+06 628812 9385 79 9306
internal_count=2671022 156519 85024 79827 2514503 1928126 1299314 628812 9385 79 9306
is_linear=0
shrinkage=0.00523217


Tree=499
num_leaves=12
num_cat=0
split_feature=9 20 1 16 6 21 18 16 16 18 16
split_gain=1.75458 1.67428 1.70027 6.27985 6.17339 1.75107 1.59124 1.90397 1.50697 1.39325 2.61906
threshold=0.52295345067977916 4.0456516742706308 -1.3430704474449155 -0.028346313163638111 0.016958070918917659 -0.62077674269676197 2.2742880582809453 -0.067246664315462099 -1.10889196395874 -0.017976718023419377 -0.067246664315462099
decision_type=10 10 2 2 2 2 10 2 2 10 2
left_child=1 -1 3 6 -5 9 -3 -8 -2 -4 -11
right_child=8 2 5 4 -6 -7 7 -9 -10 10 -12
leaf_value=1.1749412441891673e-06 -5.3164009854606071e-05 -0.00034639110360758772 -0.00018497397682614306 0.0010618973540004121 0.0057055902545074047 -3.307018664346977e-05 0.0015275721081931882 0.00014879455347791676 -8.9455431111581956e-06 0.00070175554866225515 0.0001285674171226628
leaf_weight=2403566 23171 101 336 31 9.9999999999999982 2898 36 112 237155 233 3410
leaf_count=2403566 23171 101 336 31 10 2898 36 112 237155 233 3410
internal_value=1.95852e-08 1.4134e-06 8.12595e-05 0.000473327 0.00234169 6.4531e-05 0.000152865 0.000499003 -1.28846e-05 0.000135807 0.000165664
internal_weight=2.67106e+06 2.41073e+06 7167 290 41 6877 249 148 260326 3979 3643
internal_count=2671059 2410733 7167 290 41 6877 249 148 260326 3979 3643
is_linear=0
shrinkage=0.00523217


Tree=500
num_leaves=12
num_cat=0
split_feature=0 22 0 22 9 7 1 10 7 10 22
split_gain=2.42732 1.35313 1.24937 1.15156 1.76283 1.02016 0.987585 0.9686 0.851761 0.827107 0.814011
threshold=-4.6120386123657218 -1.8086421489715574 0.73527646064758312 0.14046356827020648 0.62119051814079296 0.22011616080999377 -0.24645030498504636 inf 1.1289348006248476 0.6851119101047517 0.14046356827020648
decision_type=2 8 2 8 8 10 2 8 8 8 10
left_child=-1 5 3 4 9 -2 -4 -6 -5 -3 -10
right_child=1 2 6 8 7 -7 -8 -9 10 -11 -12
leaf_value=-5.6514551715858005e-05 -7.6301769852222115e-06 9.8990832043653997e-07 1.1699991084888893e-05 6.6369114990812273e-06 -2.187669271356036e-05 -6.7990259457452977e-05 -3.6298995205692077e-05 -0.00037185189815625865 -7.5482749718358731e-05 -8.0485805523983233e-06 -6.3375929002556169e-06
leaf_weight=20630 17773 975099 339696 686281 119527 13524 12146 216 4906 387166 94200
leaf_count=20630 17773 975099 339696 686281 119527 13524 12146 216 4906 387166 94200
internal_value=1.78158e-08 4.58154e-07 8.67108e-07 -5.56037e-07 -3.27078e-06 -3.37401e-05 1.00406e-05 -2.25184e-05 4.5656e-06 -1.57831e-06 -9.76942e-06
internal_weight=2.67116e+06 2.65053e+06 2.61924e+06 2.2674e+06 1.48201e+06 31297 351842 119743 785387 1.36226e+06 99106
internal_count=2671164 2650534 2619237 2267395 1482008 31297 351842 119743 785387 1362265 99106
is_linear=0
shrinkage=0.00523217


Tree=501
num_leaves=12
num_cat=0
split_feature=11 22 3 16 6 10 22 2 22 16 3
split_gain=1.54731 2.33505 1.99876 1.58215 1.2262 1.31641 0.868673 1.04115 1.15283 0.964332 0.775975
threshold=-0.86895382404327381 -1.1425130963325498 -2.253310918807983 -1.1697853803634641 -2.5762006044387813 -0.19060653448104856 0.15475148707628253 -0.61408442258834828 -1.9833674430847166 -0.35271699726581568 -0.80131271481513966
decision_type=8 10 8 2 2 8 8 8 8 2 10
left_child=1 -1 4 -3 5 -2 7 -4 -9 10 -8
right_child=2 3 6 -5 -6 -7 9 8 -10 -11 -12
leaf_value=-4.9870078611173874e-05 -0.00014630817654952104 -4.0446560187083405e-05 7.9131377133589764e-06 -2.1009422258539424e-06 -1.2389290091661612e-05 -3.7091843615868278e-05 -1.1634875065460249e-05 -5.4940087640883868e-05 -1.6356605374858974e-06 2.9862902917974347e-06 1.9009099778743983e-05
leaf_weight=35868 3796 32400 375391 324856 83212 14984 25187 11222 1085703 459110 219440
leaf_count=35868 3796 32400 375391 324856 83212 14984 25187 11222 1085703 459110 219440
internal_value=-3.7712e-08 -9.62398e-06 1.61625e-06 -5.58093e-06 -2.10205e-05 -5.92183e-05 2.67762e-06 3.91544e-07 -2.18178e-06 7.45925e-06 1.58506e-05
internal_weight=2.67117e+06 393124 2.27804e+06 357256 101992 18780 2.17605e+06 1.47232e+06 1.09692e+06 703737 244627
internal_count=2671169 393124 2278045 357256 101992 18780 2176053 1472316 1096925 703737 244627
is_linear=0
shrinkage=0.00523217


Tree=502
num_leaves=12
num_cat=0
split_feature=9 22 1 18 18 8 22 18 1 9 8
split_gain=1.72143 1.78736 1.15788 1.12047 1.345 1.29736 1.01859 0.966848 0.941316 0.910313 1.16521
threshold=0.26362279057502752 -1.2126677632331846 1.3070775866508486 -0.69612541794776905 -2.1090607643127437 -2.0727592706680293 0.049735663458704955 2.1534955501556401 1.4607613682746889 1.0013565421104433 inf
decision_type=10 8 2 10 8 10 8 10 2 10 8
left_child=3 2 -2 4 -1 7 9 8 -5 -3 -11
right_child=1 6 -4 5 -6 -7 -8 -9 -10 10 -12
leaf_value=4.0975513028749453e-05 -3.2594514421655081e-05 -7.7966957153763182e-06 -0.0001177842169577771 -4.5945556754893346e-06 -5.5172696982906378e-06 3.8162032494894447e-06 2.0418766868547674e-06 0.00013544503896301119 0.00013279117762572633 -2.9894402306203801e-05 -0.00075883550341234547
leaf_weight=17540 18128 179779 5774 5699 585363 1589501 198727 3335 1790 65554 59
leaf_count=17540 18128 179779 5774 5699 585363 1589501 198727 3335 1790 65554 59
internal_value=-2.04816e-08 -9.13389e-06 -5.32122e-05 1.91507e-06 -4.16327e-06 4.20552e-06 -6.7597e-06 6.12953e-05 2.81515e-05 -1.38908e-05 -3.05758e-05
internal_weight=2.67125e+06 468021 23902 2.20323e+06 602903 1.60032e+06 444119 10824 7489 245392 65613
internal_count=2671249 468021 23902 2203228 602903 1600325 444119 10824 7489 245392 65613
is_linear=0
shrinkage=0.00523217


Tree=503
num_leaves=12
num_cat=0
split_feature=0 19 22 0 22 0 2 1 15 22 2
split_gain=2.35548 1.32432 1.2535 1.2179 1.10697 1.47778 1.06343 0.974209 0.933169 0.872957 0.857248
threshold=-4.6120386123657218 -1.2470931410789488 -1.8086421489715574 0.73527646064758312 0.14046356827020648 -1.0951598286628721 -0.31089229881763453 -0.24645030498504636 1.6586847305297854 -0.25545366108417505 0.30506542325019842
decision_type=2 8 8 2 8 2 10 2 2 8 8
left_child=1 -1 6 4 5 8 -2 -5 -4 -3 -7
right_child=2 9 3 7 -6 10 -8 -9 -10 -11 -12
leaf_value=0.00012467242534145622 1.1581481865717251e-05 -0.00011545808961405196 -2.4769903348858986e-05 1.1572244201826804e-05 4.4850454065936668e-06 1.8919953589538035e-06 -5.3561939186756765e-05 -3.6096404980716762e-05 3.7963405873615088e-05 -4.0884419557360279e-05 -6.496817877196707e-06
leaf_weight=1054 10125 6423 109892 339844 785490 785377 21153 12148 6888 13160 579456
leaf_count=1054 10125 6423 109892 339844 785490 785377 21153 12148 6888 13160 579456
internal_value=4.23606e-08 -5.56376e-05 4.76238e-07 8.69762e-07 -5.35764e-07 -3.19813e-06 -3.2449e-05 9.9247e-06 -2.10625e-05 -6.53902e-05 -1.66899e-06
internal_weight=2.67101e+06 20637 2.65037e+06 2.6191e+06 2.2671e+06 1.48161e+06 31278 351992 116780 19583 1.36483e+06
internal_count=2671010 20637 2650373 2619095 2267103 1481613 31278 351992 116780 19583 1364833
is_linear=0
shrinkage=0.00523217


end of trees

feature_importances:
LOW_TURNOVER=662
Q_SALES_YOY=516
LN_TURNOVER=317
KLOW=313
MAX_DD60=303
EP=291
AMIHUD_20=265
CORR20=261
OBV_CHG_20=250
VOL_CV20=231
CORD60=230
IMAX60=217
BP=215
WVMA30=170
CORR60=164
RET_AMT_CORR20=161
VSTD5=157
CONSEC_UP5=151
RET_VOL_CORR5=141
CORD5=126
VOL_OF_VOL_20=119
CNTD10=112
CNTD60=97
NEG_SKEW_20=39
VOL_PRICE_DIVERGENCE=36

parameters:
[boosting: gbdt]
[objective: regression]
[metric: l2]
[tree_learner: serial]
[device_type: cpu]
[data_sample_strategy: bagging]
[data: ]
[valid: ]
[num_iterations: 1000]
[learning_rate: 0.00523217]
[num_leaves: 12]
[num_threads: 8]
[seed: 42]
[deterministic: 0]
[force_col_wise: 0]
[force_row_wise: 0]
[histogram_pool_size: -1]
[max_depth: 6]
[min_data_in_leaf: 7]
[min_sum_hessian_in_leaf: 0.001]
[bagging_fraction: 0.993677]
[pos_bagging_fraction: 1]
[neg_bagging_fraction: 1]
[bagging_freq: 1]
[bagging_seed: 400]
[bagging_by_query: 0]
[feature_fraction: 0.452778]
[feature_fraction_bynode: 1]
[feature_fraction_seed: 30056]
[extra_trees: 0]
[extra_seed: 12879]
[early_stopping_round: 0]
[early_stopping_min_delta: 0]
[first_metric_only: 0]
[max_delta_step: 0]
[lambda_l1: 0.153507]
[lambda_l2: 1.18198]
[linear_lambda: 0]
[min_gain_to_split: 0]
[drop_rate: 0.1]
[max_drop: 50]
[skip_drop: 0.5]
[xgboost_dart_mode: 0]
[uniform_drop: 0]
[drop_seed: 17869]
[top_rate: 0.2]
[other_rate: 0.1]
[min_data_per_group: 100]
[max_cat_threshold: 32]
[cat_l2: 10]
[cat_smooth: 10]
[max_cat_to_onehot: 4]
[top_k: 20]
[monotone_constraints: ]
[monotone_constraints_method: basic]
[monotone_penalty: 0]
[feature_contri: ]
[forcedsplits_filename: ]
[refit_decay_rate: 0.9]
[cegb_tradeoff: 1]
[cegb_penalty_split: 0]
[cegb_penalty_feature_lazy: ]
[cegb_penalty_feature_coupled: ]
[path_smooth: 0]
[interaction_constraints: ]
[verbosity: -1]
[saved_feature_importance_type: 0]
[use_quantized_grad: 0]
[num_grad_quant_bins: 4]
[quant_train_renew_leaf: 0]
[stochastic_rounding: 1]
[linear_tree: 0]
[max_bin: 255]
[max_bin_by_feature: ]
[min_data_in_bin: 3]
[bin_construct_sample_cnt: 200000]
[data_random_seed: 175]
[is_enable_sparse: 1]
[enable_bundle: 1]
[use_missing: 1]
[zero_as_missing: 0]
[feature_pre_filter: 1]
[pre_partition: 0]
[two_round: 0]
[header: 0]
[label_column: ]
[weight_column: ]
[group_column: ]
[ignore_column: ]
[categorical_feature: ]
[forcedbins_filename: ]
[precise_float_parser: 0]
[parser_config_file: ]
[objective_seed: 16083]
[num_class: 1]
[is_unbalance: 0]
[scale_pos_weight: 1]
[sigmoid: 1]
[boost_from_average: 1]
[reg_sqrt: 0]
[alpha: 0.9]
[fair_c: 1]
[poisson_max_delta_step: 0.7]
[tweedie_variance_power: 1.5]
[lambdarank_truncation_level: 30]
[lambdarank_norm: 1]
[label_gain: ]
[lambdarank_position_bias_regularization: 0]
[eval_at: ]
[multi_error_top_k: 1]
[auc_mu_weights: ]
[num_machines: 1]
[local_listen_port: 12400]
[time_out: 120]
[machine_list_filename: ]
[machines: ]
[gpu_platform_id: -1]
[gpu_device_id: -1]
[gpu_use_dp: 0]
[num_gpu: 1]

end of parameters

pandas_categorical:[]
