tree
version=v4
num_class=1
num_tree_per_iteration=1
label_index=0
max_feature_idx=24
objective=regression
feature_names=LOW_TURNOVER LN_TURNOVER CORR20 VOL_CV20 RET_AMT_CORR20 KLOW CONSEC_UP5 CORD60 RET_VOL_CORR5 OBV_CHG_20 CORD5 AMIHUD_20 VOL_OF_VOL_20 CORR60 VOL_PRICE_DIVERGENCE BP EP CNTD10 IMAX60 WVMA30 MAX_DD60 CNTD60 Q_SALES_YOY VSTD5 NEG_SKEW_20
feature_infos=[-6.9925112724304199:3.2522656917572021] [-8.1787328720092773:4.0523290634155273] [-4.2770609855651855:3.3278851509094238] [-6.2238082885742188:3.0153238773345947] [-3.6924464702606201:3.6777744293212891] [-3.2700889110565186:6.0507092475891113] [-6.1299266815185547:3.3732142448425293] [-3.6179449558258057:3.9833581447601318] [-3.2752339839935303:4.1514058113098145] [-7.9761300086975098:8.2631940841674805] [-4.0902671813964844:3.2727363109588623] [-2.8603115081787109:6.3912720680236816] [-5.9852352142333984:3.4718074798583984] [-4.3611316680908203:3.6845893859863281] [-3.2624225616455078:3.3856589794158936] [-3.4505703449249268:6.3355574607849121] [-4.4681177139282227:6.9626002311706543] [-3.9481244087219238:4.2067899703979492] [-3.4804356098175049:4.4457516670227051] [-2.55605149269104:6.1850838661193848] [-2.6761472225189209:5.791196346282959] [-3.5546348094940186:3.8337876796722412] [-3.6152603626251221:6.9909744262695312] [-3.0937521457672119:6.2242307662963867] [-3.6046984195709229:3.6176519393920898]
tree_sizes=1299 1338 1341 1346 1333 1283 1346 1335 1317 1338 1325 1337 1327 1340 1359 1335 1295 1338 1366 1327 1337 1318 1340 1351 1363 1304 1347 1351 1338 1347 1331 1306 1297 1302 1369 1354 1348 1342 1343 1336 1312 1390 1336 1360 1311 1325 1386 1342 1335 1341 1357 1343 1354 1300 1354 1323 1327 1303 1334 1316 1362 1379 1325 1328 1350 1360 1366 1357 1339 1335 1337 1349 1324 1350 1326 1321 1366 1331 1333 1348 1313 1334 1351 1326 1346 1334 1310 1354 1271 1321 1328 1334 1333 1352 1370 1340 1311 1366 1317 1359 1325 1333 1371 1352 1376 1356 1315 1367 1328 1368 1368 1337 1372 1313 1355 1351 1342 1347 1365 1368 1350 1329 1380 1337 1374 1358 1342 1352 1328 1341 1373 1342 1346 1326 1369 1381 1348 1363 1373 1333 1352 1403 1373 1339 1394 1363 1345 1358 1351 1350 1367 1356 1355 1368 1337 1367 1347 1382 1349 1393 1361 1389 1356 1321 1344 1349 1366 1339 1356 1369 1344 1341 1354 1385 1359 1375 1365 1397 1375 1359 1395 1354 1350 1394 1403 1339 1355 1378 1383 1330 1335 1321 1404 1353 1350 1320 1340 1318 1392 1406 1394 1354 1344 1346 1364 1344 1386 1328 1380 1362 1402 1396 1345 1368 1353 1373 1384 1348 1395 1408 1313 1382 1340 1324 1332 1352 1376 1379 1385 1341 1325 1347 1334 1364 1351 1351 1347 1349 1313 1346 1375 1386 1327 1355 1343 1370 1373 1369 1358 1385 1309 1331 1367 1377 1344 1369 1403 1384 1350 1364 1334 1375 1372 1413 1363 1349 1355 1349 1357 1396 1387 1390 1393 1351 1338 1353 1351 1373 1388 1370 1349 1324 1335 1386 1385 1347 1337 1364 1384 1371 1405 1351 1358 1378 1352 1355 1378 1357 1350 1351 1364 1390 1341 1356 1385 1387 1383 1349 1397 1381 1389 1341 1383 1348 1377 1366 1394 1339 1369 1405 1380 1393 1371 1349 1390 1397 1329 1333 1406 1337 1398 1314 1341 1338 1359 1342 1386 1384 1332 1367 1358 1399 1391 1372 1351 1317 1344 1376 1391 1343 1373 1392 1360 1399 1397 1368 1375 1361 1349 1389 1317 1387 1404 1351 1364 1405 1353 1406 1404 1406

Tree=0
num_leaves=12
num_cat=0
split_feature=6 2 9 7 9 8 15 2 6 11 15
split_gain=25.0797 9.88071 7.95196 7.02 4.29286 5.85356 3.96908 3.11368 2.92104 2.90483 2.76151
threshold=-0.77544501423835743 0.13789775967597964 0.54245054721832286 inf 0.35652756690979009 inf 0.068779755383729949 -0.18148120492696759 -2.569225430488586 -0.87423527240753163 1.0000000180025095e-35
decision_type=2 8 10 8 8 8 2 10 2 8 2
left_child=2 9 7 4 5 -3 -7 -1 -4 -2 -5
right_child=1 3 8 10 -6 6 -8 -9 -10 -11 -12
leaf_value=0.0071871244536772299 0.0071788028049413035 0.0071834248555491531 0.0070513130146430359 0.006800809132475342 0.0071537552821484794 0.0073633453418694749 0.0080059087090818184 0.0071480168425433676 0.0071195185759147812 0.00720379789617625 0.0071003608796398809
leaf_weight=74400 144238 924961 23701 1796 148376 1898 306 221696 62964 1079787 1603
leaf_count=74400 144238 924961 23701 1796 148376 1898 306 221696 62964 1079787 1603
internal_value=0.00718416 0.00719068 0.00714494 0.00717913 0.00717989 0.00718407 0.00745331 0.00715785 0.00710086 0.00720085 0.00694177
internal_weight=2.68573e+06 2.30296e+06 382761 1.07894e+06 1.07554e+06 927165 2204 296096 86665 1.22402e+06 3399
internal_count=2685726 2302965 382761 1078940 1075541 927165 2204 296096 86665 1224025 3399
is_linear=0
shrinkage=1


Tree=1
num_leaves=12
num_cat=0
split_feature=6 9 9 13 5 13 17 21 6 6 15
split_gain=24.7948 7.96276 7.89632 7.68475 13.8595 3.78973 3.72066 8.42787 3.05916 2.9427 2.62799
threshold=-0.77544501423835743 0.30178278684616094 0.52073407173156749 inf inf 0.38102562725543981 -2.2181544303894039 -0.30850325524806971 -3.7100228071212764 -2.569225430488586 1.0000000180025095e-35
decision_type=2 8 10 8 8 8 2 2 2 2 2
left_child=2 3 8 4 5 -2 7 -6 -1 -4 -5
right_child=1 -3 9 10 6 -7 -8 -9 -10 -11 -12
leaf_value=-0.00011045774913716127 1.5294701359843032e-05 -1.8326507893890973e-05 -0.000131152751051947 -0.00037683143039685222 0.00080615857186882266 7.5254585783645433e-08 0.00029498532693875308 0.006555669278781112 -2.2505946548761418e-05 -6.3671931975506935e-05 -8.4062426286181778e-05
leaf_weight=11263 1306444 307421 24346 1785 55 681715 4023 6.9999999999999991 282106 65120 1601
leaf_count=11263 1306444 307421 24346 1785 55 681715 4023 7 282106 65120 1601
internal_value=-2.1018e-08 6.46015e-06 -3.90123e-05 1.02789e-05 1.07026e-05 1.00765e-05 0.000315113 0.00157851 -2.58858e-05 -8.20457e-05 -0.000238716
internal_weight=2.68589e+06 2.30305e+06 382835 1.99563e+06 1.99224e+06 1.98816e+06 4085 62 293369 89466 3386
internal_count=2685886 2303051 382835 1995630 1992244 1988159 4085 62 293369 89466 3386
is_linear=0
shrinkage=0.00523217


Tree=2
num_leaves=12
num_cat=0
split_feature=6 2 6 7 10 2 12 6 15 15 19
split_gain=24.5007 9.78155 7.503 6.8211 4.13465 3.71714 3.06155 2.94836 3.01463 2.70354 1.99228
threshold=-0.77544501423835743 0.13789775967597964 -3.3290128707885738 inf inf 0.12865517288446429 -0.14094129204750058 0.02495610993355513 0.088259361684322371 1.0000000180025095e-35 -0.85963329672813404
decision_type=2 8 2 8 8 10 10 2 2 2 10
left_child=2 -2 -1 4 6 10 -3 8 -6 -5 -4
right_child=1 3 5 9 7 -7 -8 -9 -10 -11 -12
leaf_value=-0.00011639270288219219 1.6503088114965544e-05 -1.7266221258461799e-05 -5.8877305799022618e-05 -0.00037874388150811256 0.0003247160470379713 -4.3991509802466809e-05 1.4022253707259884e-06 7.5022435862443727e-05 0.0013468306805573742 -8.2269838699303117e-05 1.1296210558489142e-06
leaf_weight=31347 1224238 364144 17842 1794 944 233560 707971 2304 86 1603 100065
leaf_count=31347 1224238 364144 17842 1794 944 233560 707971 2304 86 1603 100065
internal_value=-6.16885e-08 6.38068e-06 -3.88222e-05 -5.10516e-06 -4.36486e-06 -3.19011e-05 -4.93778e-06 0.000179565 0.000412283 -0.000239155 -7.94447e-06
internal_weight=2.6859e+06 2.30308e+06 382814 1.07885e+06 1.07545e+06 351467 1.07212e+06 3334 1030 3397 117907
internal_count=2685898 2303084 382814 1078846 1075449 351467 1072115 3334 1030 3397 117907
is_linear=0
shrinkage=0.00523217


Tree=3
num_leaves=12
num_cat=0
split_feature=2 5 7 5 11 5 11 17 15 7 11
split_gain=19.2594 10.5666 6.4505 10.5751 4.3986 3.57253 4.76522 5.04922 6.39516 3.6082 3.38748
threshold=0.23212537914514544 1.1671420335769656 inf 1.1671420335769656 -0.90246811509132374 inf 1.1150922179222109 -1.574272572994232 -0.0094579216092824919 -0.71015229821205128 -0.90246811509132374
decision_type=8 10 8 8 8 8 10 2 2 10 10
left_child=4 2 3 10 -1 -6 -7 8 -8 -9 -2
right_child=1 -3 -4 -5 5 6 7 9 -10 -11 -12
leaf_value=-1.287868676726712e-05 -3.1221692128774227e-05 -5.5641809931345459e-05 -0.00023703268796790753 0.00022639089134652551 1.5704990039384385e-05 9.3706824891200092e-05 0.0063013528427665949 0.0033208147063156905 0.0010579489426648214 0.00049961680714262209 -5.8034534338336045e-06
leaf_weight=162847 171350 155719 3399 5208 1301049 810 9.0000000000000018 11.999999999999998 20 282 885032
leaf_count=162847 171350 155719 3399 5208 1301049 810 9 12 20 282 885032
internal_value=-3.40164e-08 -1.53836e-05 -9.4964e-06 -8.76685e-06 1.27552e-05 1.59615e-05 0.000309521 0.000845934 0.00289487 0.000630325 -9.9272e-06
internal_weight=2.68574e+06 1.22071e+06 1.06499e+06 1.06159e+06 1.46503e+06 1.30218e+06 1133 323 29 294 1.05638e+06
internal_count=2685737 1220708 1064989 1061590 1465029 1302182 1133 323 29 294 1056382
is_linear=0
shrinkage=0.00523217


Tree=4
num_leaves=12
num_cat=0
split_feature=1 1 1 18 23 11 9 9 22 22 22
split_gain=48.9108 8.82411 7.45709 7.38578 11.9344 4.66449 4.40599 4.35447 2.81356 2.78964 2.4148
threshold=1.5430440902709963 0.76318770647048961 2.2611397504806523 inf inf 0.74195003509521495 0.0088816485367715376 0.12521750479936603 -0.25622746348381037 -0.23894175887107846 0.02656616643071175
decision_type=2 2 2 8 8 10 10 8 8 8 10
left_child=1 3 9 4 7 10 -7 -1 -4 -2 -6
right_child=2 -3 8 -5 5 6 -8 -9 -10 -11 -12
leaf_value=1.3450974848201161e-05 -0.00010056010804822788 -1.7887170363944059e-05 -0.00020749053564201076 -0.00023526563546299371 -5.9836673821605068e-05 0.00063601405538289376 0.00022715321123597686 -4.6038242089588621e-06 -0.00011652169507203299 -4.8594804092421549e-05 0.00022119981601085683
leaf_weight=1671254 43220 369348 14104 3360 1465 1162 1932 468044 27639 82157 1939
leaf_count=1671254 43220 369348 14104 3360 1465 1162 1932 468044 27639 82157 1939
internal_value=-1.50331e-08 5.7365e-06 -8.6695e-05 9.79677e-06 1.0181e-05 0.000234055 0.000381151 9.5005e-06 -0.000147282 -6.65155e-05 0.000100034
internal_weight=2.68562e+06 2.5185e+06 167120 2.14916e+06 2.1458e+06 6498 3094 2.1393e+06 41743 125377 3404
internal_count=2685624 2518504 167120 2149156 2145796 6498 3094 2139298 41743 125377 3404
is_linear=0
shrinkage=0.00523217


Tree=5
num_leaves=12
num_cat=0
split_feature=0 0 2 0 19 5 5 11 0 8 9
split_gain=53.1936 12.4233 11.0538 6.65123 6.51162 8.76503 3.6837 5.04345 3.43198 3.23145 5.1757
threshold=-1.4660159349441526 -4.1181745529174796 0.13789775967597964 -0.035449102520942681 inf inf inf 1.1150922179222109 0.025766252540051941 0.68432173132896434 -0.12239761650562285
decision_type=2 2 8 2 8 8 8 10 2 10 10
left_child=1 -1 6 -4 5 -5 -2 -8 -6 -9 -11
right_child=2 -3 3 4 8 -7 7 9 -10 10 -12
leaf_value=-0.00018313635108526007 1.6422205812020478e-05 -6.8075455715756311e-05 -2.3222143678410453e-05 2.753159644182776e-06 -3.9937997794188528e-05 0.00022804050652157809 9.4615155830377208e-05 0.00058961492362984071 -0.00036433969622084468 0.0034353682691116577 0.00053355789735287705
leaf_weight=31498 1299632 139606 385756 819882 1632 4754 762 236 1987 31 38
leaf_count=31498 1299632 139606 385756 819882 1632 4754 762 236 1987 31 38
internal_value=3.21373e-09 -8.92625e-05 6.07732e-06 -5.27677e-06 3.08026e-06 4.05323e-06 1.66753e-05 0.000323846 -0.000218332 0.00089135 0.00188461
internal_weight=2.68581e+06 171104 2.51471e+06 1.21401e+06 828255 824636 1.3007e+06 1067 3619 305 69
internal_count=2685814 171104 2514710 1214011 828255 824636 1300699 1067 3619 305 69
is_linear=0
shrinkage=0.00523217


Tree=6
num_leaves=12
num_cat=0
split_feature=0 0 0 7 7 8 9 16 8 13 6
split_gain=52.5868 12.2088 9.45786 6.57202 4.66176 4.16018 3.46209 3.29466 3.23696 3.08227 2.43732
threshold=-1.4660159349441526 -4.1181745529174796 0.28381444513797766 inf 0.60555830597877514 inf -0.075562622398138032 -0.066639527678489671 -0.59158504009246815 2.7041847705841069 -0.29535828530788416
decision_type=2 2 2 8 8 8 8 2 8 10 2
left_child=1 -1 3 4 8 -6 -4 -5 -2 -7 -3
right_child=2 10 6 7 5 9 -8 -9 -10 -11 -12
leaf_value=-0.00018184280591630357 -1.1885733215797526e-05 -8.2950555186206331e-05 2.3391184361082322e-05 -0.00037093475202734947 -1.9468432956328545e-05 9.7891906604341637e-05 5.6272160215909847e-06 -3.9419538897020239e-05 1.0183600167835349e-05 0.00054238691252740028 -3.6253859366598045e-05
leaf_weight=31488 261698 94237 745817 1989 401085 2109 503079 1407 596816 537 45425
leaf_count=31488 261698 94237 745817 1989 401085 2109 503079 1407 596816 537 45425
internal_value=-1.8945e-08 -8.87617e-05 6.02098e-06 -4.05843e-06 -3.43925e-06 -1.81022e-05 1.62362e-05 -0.000233882 3.45534e-06 0.000188607 -6.77687e-05
internal_weight=2.68569e+06 171150 2.51454e+06 1.26564e+06 1.26224e+06 403731 1.2489e+06 3396 858514 2646 139662
internal_count=2685687 171150 2514537 1265641 1262245 403731 1248896 3396 858514 2646 139662
is_linear=0
shrinkage=0.00523217


Tree=7
num_leaves=12
num_cat=0
split_feature=1 1 1 18 5 3 9 9 15 16 6
split_gain=47.6982 8.62741 7.41184 7.17488 12.0041 5.85144 3.77326 3.75117 3.46048 3.29805 2.55246
threshold=1.5430440902709963 0.76318770647048961 2.2611397504806523 inf inf -0.61385735869407643 1.8937344551086428 -0.084612384438514696 0.088259361684322371 -0.066639527678489671 -3.3290128707885738
decision_type=2 2 2 8 8 10 8 8 2 2 2
left_child=1 3 -2 4 5 -1 8 -7 -6 -5 -4
right_child=2 -3 10 9 6 7 -8 -9 -10 -11 -12
leaf_value=-1.0074584647701793e-05 -6.547924844214064e-05 -1.7686228434772146e-05 -0.00022287880886842816 -0.00037123814757605692 0.00023268758591249913 2.0357061805797685e-05 -0.00039877174970143599 5.1628624970528192e-06 0.00079204859527953438 -3.7393955757959103e-05 -0.00012413005791573825
leaf_weight=353011 125380 369327 9233 1951 5816 949218 244 837391 320 1395 32526
leaf_count=353011 125380 369327 9233 1951 5816 949218 244 837391 320 1395 32526
internal_value=-6.1531e-09 5.67356e-06 -8.55999e-05 9.68791e-06 1.00658e-05 9.38961e-06 0.000236666 1.32359e-05 0.000262137 -0.000232356 -0.000145989
internal_weight=2.68581e+06 2.51867e+06 167139 2.14935e+06 2.146e+06 2.13962e+06 6380 1.78661e+06 6136 3346 41759
internal_count=2685812 2518673 167139 2149346 2146000 2139620 6380 1786609 6136 3346 41759
is_linear=0
shrinkage=0.00523217


Tree=8
num_leaves=12
num_cat=0
split_feature=0 0 2 0 19 23 22 0 23 17 22
split_gain=51.9218 12.2286 10.7848 6.50227 6.33669 8.34652 4.05285 3.36023 3.12515 2.72845 2.69605
threshold=-1.4660159349441526 -4.1181745529174796 0.13789775967597964 -0.035449102520942681 inf inf -0.057399531826376908 0.025766252540051941 inf -2.2181544303894039 -0.25622746348381037
decision_type=2 2 8 2 8 8 8 2 8 2 8
left_child=1 6 8 -4 5 -5 -1 -6 -2 -7 -3
right_child=2 10 3 4 7 9 -8 -9 -10 -11 -12
leaf_value=-0.00024856247519556678 1.6201459391575568e-05 -9.8677189332586221e-05 -2.298144538026915e-05 2.7140132220806427e-06 -3.9210390600737016e-05 0.0017942473663982233 -0.00012877265790574088 -0.00036010090139317345 0.00028492608383170315 0.0002117520288841402 -5.0378132972250742e-05
leaf_weight=13814 1299556 48596 385694 819845 1636 29 17677 1984 1185 4751 91062
leaf_count=13814 1299556 48596 385694 819845 1636 29 17677 1984 1185 4751 91062
internal_value=-2.1936e-08 -8.82023e-05 5.97933e-06 -5.23632e-06 3.02622e-06 3.98619e-06 -0.000181353 -0.000215362 1.64471e-05 0.000221962 -6.71909e-05
internal_weight=2.68583e+06 171149 2.51468e+06 1.21394e+06 828245 824625 31491 3620 1.30074e+06 4780 139658
internal_count=2685829 171149 2514680 1213939 828245 824625 31491 3620 1300741 4780 139658
is_linear=0
shrinkage=0.00523217


Tree=9
num_leaves=12
num_cat=0
split_feature=0 0 0 18 23 17 4 0 4 11 16
split_gain=51.1851 11.9993 9.31591 7.2632 10.8712 4.12223 5.88371 3.96402 3.91159 3.68301 3.02138
threshold=-1.4660159349441526 -4.1181745529174796 -0.021168575622141358 inf inf -2.2181544303894039 -1.6682668328285215 0.55593222379684459 -0.039688855409622185 0.90580883622169506 -0.066639527678489671
decision_type=2 2 2 8 8 2 10 2 10 10 2
left_child=1 -1 8 4 7 6 -6 -4 -2 -7 -5
right_child=2 -3 3 10 5 9 -8 -9 -10 -11 -12
leaf_value=-0.00017980123989992726 -2.0490161794913281e-05 -6.6712241925175254e-05 6.0012545037255187e-06 -0.00036519900811203158 0.005039970519717823 0.00011172293375031058 0.0007959033141759468 2.1991559469070067e-05 5.9619938085580467e-06 0.00038622970403167912 -3.7312387056143658e-05
leaf_weight=31492 420763 139610 1182552 1953 9.9999999999999982 3182 52 662178 240452 2324 1279
leaf_count=31492 420763 139610 1182552 1953 10 3182 52 662178 240452 2324 1279
internal_value=3.22677e-08 -8.75325e-05 5.99049e-06 1.20055e-05 1.24388e-05 0.000243264 0.00157462 1.17415e-05 -1.08696e-05 0.000227792 -0.000235754
internal_weight=2.68585e+06 171102 2.51474e+06 1.85353e+06 1.8503e+06 5568 62 1.84473e+06 661215 5506 3232
internal_count=2685847 171102 2514745 1853530 1850298 5568 62 1844730 661215 5506 3232
is_linear=0
shrinkage=0.00523217


Tree=10
num_leaves=12
num_cat=0
split_feature=0 0 0 7 5 7 11 17 15 10 0
split_gain=50.4437 11.8384 9.20509 6.24925 13.1895 5.77388 4.21917 5.50738 4.08007 3.30069 3.07166
threshold=-1.4660159349441526 -4.1181745529174796 0.28381444513797766 inf inf 0.60555830597877514 0.72031906247138988 -2.3464462757110591 0.088259361684322371 0.84701210260391246 0.025766252540051941
decision_type=2 2 2 8 8 8 10 2 2 8 2
left_child=1 -1 3 4 5 9 8 -8 -6 -2 -5
right_child=2 -3 -4 10 6 -7 7 -9 -10 -11 -12
leaf_value=-0.00017859172006409009 8.1462587738727113e-06 -6.62539545311512e-05 1.5985908683189576e-05 -5.4875156434937282e-05 6.2863216079549284e-05 -2.1078097440924585e-05 0.0028141509400871354 0.00035121009603497009 0.0010198475773615465 -1.7540635596948531e-05 -0.00037176647810097964
leaf_weight=31484 686074 139645 1249054 1540 3087 398885 24 3104 126 171084 1853
leaf_count=31484 686074 139645 1249054 1540 3087 398885 24 3104 126 171084 1853
internal_value=-5.73235e-09 -8.69274e-05 5.90883e-06 -4.03449e-06 -3.43102e-06 -4.6334e-06 0.00023457 0.00037142 0.000101003 3.01834e-06 -0.000228243
internal_weight=2.68596e+06 171129 2.51483e+06 1.26578e+06 1.26238e+06 1.25604e+06 6341 3128 3213 857158 3393
internal_count=2685960 171129 2514831 1265777 1262384 1256043 6341 3128 3213 857158 3393
is_linear=0
shrinkage=0.00523217


Tree=11
num_leaves=12
num_cat=0
split_feature=0 0 0 7 23 11 8 0 4 16 3
split_gain=50.1008 11.7429 9.14258 7.26452 10.8072 3.9515 5.20347 3.9116 3.86922 2.96517 2.8685
threshold=-1.4660159349441526 -4.1181745529174796 -0.021168575622141358 inf inf 1.0491058230400088 -0.49048945307731623 0.55593222379684459 -0.059565894305706017 -0.066639527678489671 -1.3339997529983518
decision_type=2 2 2 8 8 10 10 2 10 2 8
left_child=1 10 8 4 7 -6 -7 -4 -2 -5 -1
right_child=2 -3 3 9 5 6 -8 -9 -10 -11 -12
leaf_value=-0.00025427609823048636 -2.0522689262474073e-05 -6.6029579839192327e-05 5.8921107516018301e-06 -0.00036147048940193518 0.00013435856548055445 0.00028313779139817983 0.00091605133032275599 2.1776813524459132e-05 5.6792831949233352e-06 -3.7532759315729256e-05 -0.00014510163117933153
leaf_weight=9451 416123 139667 1182553 1983 3466 1620 458 662115 245127 1278 22042
leaf_count=9451 416123 139667 1182553 1983 3466 1620 458 662115 245127 1278 22042
internal_value=-1.6548e-09 -8.6619e-05 5.89351e-06 1.18525e-05 1.22879e-05 0.000242932 0.000423462 1.15941e-05 -1.08083e-05 -0.000234824 -0.000177899
internal_weight=2.68588e+06 171160 2.51472e+06 1.85347e+06 1.85021e+06 5544 2078 1.84467e+06 661250 3261 31493
internal_count=2685883 171160 2514723 1853473 1850212 5544 2078 1844668 661250 3261 31493
is_linear=0
shrinkage=0.00523217


Tree=12
num_leaves=12
num_cat=0
split_feature=1 2 1 18 23 1 9 23 13 17 6
split_gain=45.5907 10.8328 7.03977 5.9916 8.71376 4.66195 3.07085 3.50362 2.77196 3.35438 2.48386
threshold=1.5430440902709963 0.13789775967597964 2.2611397504806523 inf inf 0.61083558201789867 0.20777508616447452 inf 2.7041847705841069 -2.2181544303894039 -3.3290128707885738
decision_type=2 8 2 8 8 2 10 8 10 2 2
left_child=1 6 -2 4 5 -3 7 -1 9 -6 -4
right_child=2 3 10 -5 8 -7 -8 -9 -10 -11 -12
leaf_value=1.9156769925731566e-05 -6.4111010721363152e-05 -2.5775471876325832e-07 -0.00021846762317987367 -0.00022645475217176103 0.00191237003929759 -2.4320978871519734e-05 -2.7243968601844797e-06 0.00032507306637738671 0.00043207930378725575 0.00012992172354842085 -0.00012102027001883225
leaf_weight=1099636 125435 916460 9226 3356 28 290226 202494 1025 1153 4237 32509
leaf_count=1099636 125435 916460 9226 3356 28 290226 202494 1025 1153 4237 32509
internal_value=-3.55263e-08 5.51789e-06 -8.37087e-05 -5.71729e-06 -5.10524e-06 -6.046e-06 1.59976e-05 1.94427e-05 0.000204227 0.000142338 -0.000142587
internal_weight=2.68578e+06 2.51862e+06 167170 1.21546e+06 1.2121e+06 1.20669e+06 1.30316e+06 1.10066e+06 5418 4265 41735
internal_count=2685785 2518615 167170 1215460 1212104 1206686 1303155 1100661 5418 4265 41735
is_linear=0
shrinkage=0.00523217


Tree=13
num_leaves=12
num_cat=0
split_feature=1 2 1 7 5 1 5 9 9 22 22
split_gain=44.7988 10.6781 6.88074 6.00782 9.2592 4.56135 3.42603 3.03446 2.83444 2.82842 2.73601
threshold=1.5430440902709963 0.13789775967597964 2.2611397504806523 inf inf 0.61083558201789867 inf 0.20777508616447452 1.8937344551086428 -0.22870729863643643 -0.25622746348381037
decision_type=2 8 2 8 8 2 8 10 8 8 8
left_child=1 6 9 4 5 -3 7 -1 -6 -2 -4
right_child=2 3 10 -5 8 -7 -8 -9 -10 -11 -12
leaf_value=1.9059025387054528e-05 -9.7387278410986344e-05 -2.9623339102606433e-07 -0.00020051083176173044 -0.00022547539105501537 0.00023957223775226093 -2.4093730284489657e-05 0.00031169603387059782 -2.9875403648819858e-06 -0.00035549940240639039 -4.5289519842087934e-05 -0.00011083703651642021
leaf_weight=1099638 44033 916384 14114 3394 5044 290385 1070 202287 227 81330 27655
leaf_count=1099638 44033 916384 14114 3394 5044 290385 1070 202287 227 81330 27655
internal_value=-3.34136e-08 5.47137e-06 -8.29865e-05 -5.68317e-06 -5.06681e-06 -6.02331e-06 1.58769e-05 1.56329e-05 0.000213719 -6.35957e-05 -0.000141162
internal_weight=2.68556e+06 2.51843e+06 167132 1.21543e+06 1.21204e+06 1.20677e+06 1.303e+06 1.30192e+06 5271 125363 41769
internal_count=2685561 2518429 167132 1215434 1212040 1206769 1302995 1301925 5271 125363 41769
is_linear=0
shrinkage=0.00523217


Tree=14
num_leaves=12
num_cat=0
split_feature=0 0 0 7 7 8 8 16 20 20 11
split_gain=48.4756 11.5813 8.98305 6.02103 4.50038 3.73092 3.26167 3.07086 2.85377 2.25262 2.29666
threshold=-1.4660159349441526 -4.1181745529174796 0.31631076335906988 inf 0.60555830597877514 inf -0.59158504009246815 -0.066639527678489671 -0.15989544987678525 -0.80180907249450672 -0.93323659896850575
decision_type=2 2 2 8 10 8 8 2 10 10 8
left_child=1 -1 3 4 6 -6 -2 -5 -8 -4 -11
right_child=2 -3 9 7 5 -7 8 -9 -10 10 -12
leaf_value=-0.00017585549223817453 -1.1366170489358511e-05 -6.472004978092926e-05 5.2280108972140221e-06 -0.00035607826396560921 -1.8257120629995032e-05 0.00017898528070942521 -2.0924554511431606e-06 -3.5739015717459606e-05 2.0142433408477389e-05 -1.4603054321786262e-05 2.3224285500474011e-05
leaf_weight=31467 276170 139648 347971 1985 418250 2640 286815 1405 351732 46530 781240
leaf_count=31467 276170 139648 347971 1985 418250 2640 286815 1405 351732 46530 781240
internal_value=4.92524e-08 -8.51629e-05 5.84786e-06 -3.4181e-06 -2.85842e-06 -1.70175e-05 3.65577e-06 -0.000223608 1.0154e-05 1.64011e-05 2.1097e-05
internal_weight=2.68585e+06 171115 2.51474e+06 1.339e+06 1.33561e+06 420890 914717 3390 638547 1.17574e+06 827770
internal_count=2685853 171115 2514738 1338997 1335607 420890 914717 3390 638547 1175741 827770
is_linear=0
shrinkage=0.00523217


Tree=15
num_leaves=12
num_cat=0
split_feature=0 0 0 7 23 22 11 8 0 7 0
split_gain=48.4431 11.385 8.88643 6.95677 10.4629 4.01235 3.91325 5.49799 3.7955 3.76821 2.8929
threshold=-1.4660159349441526 -4.1181745529174796 -0.021168575622141358 inf inf -0.057399531826376908 1.1150922179222109 0.27728107571601873 0.55593222379684459 0.60555830597877514 0.025766252540051941
decision_type=2 2 2 8 8 8 10 10 2 8 2
left_child=1 5 9 4 8 -1 -6 -8 -4 -2 -5
right_child=2 -3 3 10 6 -7 7 -9 -10 -11 -12
leaf_value=-0.00024194244194856984 -9.6074914634610946e-07 -6.4938792542900781e-05 5.7599918307288847e-06 -5.0204931761594369e-05 0.00013606995130801132 -0.00012276243414530144 0.00030548098803663456 0.0010642101445641503 2.1406431677569261e-05 -2.671942912365115e-05 -0.0003658259420872375
leaf_weight=13819 410921 139654 1182537 1405 3587 17672 1641 312 662220 250161 1851
leaf_count=13819 410921 139654 1182537 1405 3587 17672 1641 312 662220 250161 1851
internal_value=-3.71949e-08 -8.52133e-05 5.75958e-06 1.16338e-05 1.20595e-05 -0.000175094 0.000239082 0.000427673 1.13771e-05 -1.07094e-05 -0.000229946
internal_weight=2.68578e+06 171145 2.51464e+06 1.85355e+06 1.8503e+06 31491 5540 1953 1.84476e+06 661082 3256
internal_count=2685780 171145 2514635 1853553 1850297 31491 5540 1953 1844757 661082 3256
is_linear=0
shrinkage=0.00523217


Tree=16
num_leaves=12
num_cat=0
split_feature=1 2 1 7 5 1 5 11 8 15 1
split_gain=43.9331 10.4787 6.71897 5.78669 9.06929 4.43436 3.2766 4.70307 3.07201 2.74285 3.36705
threshold=1.5430440902709963 0.13789775967597964 2.2611397504806523 inf inf 0.61083558201789867 inf 1.1150922179222109 0.68432173132896434 0.088259361684322371 -2.5488176345825191
decision_type=2 8 2 8 8 2 8 10 10 2 2
left_child=1 6 -2 4 5 -3 -1 -8 -9 -6 -11
right_child=2 3 -4 -5 9 -7 7 8 -10 10 -12
leaf_value=1.5490757985569136e-05 -6.3000849169430749e-05 -3.2526993240248556e-07 -0.0001396332298370682 -0.00022140050775454483 0.00018322491324757544 -2.3790749898246626e-05 8.4445455243008948e-05 0.00056480044771951539 0.0018409303440904278 0.00019684370963636317 0.001379674400449575
leaf_weight=1302190 125412 916589 41789 3392 5016 290313 762 237 67 151 119
leaf_count=1302190 125412 916589 41789 3392 5016 290313 762 237 67 151 119
internal_value=-2.93179e-08 5.42222e-06 -8.21594e-05 -5.62722e-06 -5.02255e-06 -5.97043e-06 1.57289e-05 0.000305568 0.000854725 0.000211199 0.000724868
internal_weight=2.68604e+06 2.51884e+06 167201 1.21558e+06 1.21219e+06 1.2069e+06 1.30326e+06 1066 304 5286 270
internal_count=2686037 2518836 167201 1215580 1212188 1206902 1303256 1066 304 5286 270
is_linear=0
shrinkage=0.00523217


Tree=17
num_leaves=12
num_cat=0
split_feature=1 1 1 13 5 3 17 10 9 15 16
split_gain=43.2427 7.97161 6.7178 6.38579 11.0031 5.78636 3.99075 9.80111 3.76742 3.55901 2.97985
threshold=1.5430440902709963 0.82327261567115795 2.2611397504806523 inf inf -0.51718407869338978 -2.2181544303894039 -1.6844422221183775 -0.084612384438514696 0.088259361684322371 -0.066639527678489671
decision_type=2 2 2 8 8 10 2 8 8 2 2
left_child=1 3 -2 4 5 -1 7 -6 -7 -8 -5
right_child=2 -3 -4 10 6 8 9 -9 -10 -11 -12
leaf_value=-9.1269637747882685e-06 -6.2338562313838855e-05 -1.8648384798495065e-05 -0.0001389716598453402 -0.00034920775763649036 0.0057534558558727635 1.9962252306854255e-05 0.00018324336355502472 0.00052886025493684965 4.6912253677494551e-06 0.00073847540229752477 -3.2423466791492508e-05
leaf_weight=404905 125402 328139 41779 1976 10.999999999999998 941814 5955 55 834089 334 1391
leaf_count=404905 125402 328139 41779 1976 11 941814 5955 55 834089 334 1391
internal_value=-7.79438e-09 5.40078e-06 -8.1495e-05 9.00369e-06 9.35461e-06 8.72066e-06 0.000226734 0.00149749 1.27904e-05 0.000212992 -0.000218631
internal_weight=2.68585e+06 2.51867e+06 167181 2.19053e+06 2.18716e+06 2.18081e+06 6355 66 1.7759e+06 6289 3367
internal_count=2685850 2518669 167181 2190530 2187163 2180808 6355 66 1775903 6289 3367
is_linear=0
shrinkage=0.00523217


Tree=18
num_leaves=12
num_cat=0
split_feature=6 7 6 19 10 22 10 20 4 22 22
split_gain=22.0684 7.65845 6.54951 5.61574 4.69892 4.019 3.75547 2.91719 2.78871 2.76576 2.11397
threshold=-0.77544501423835743 0.60555830597877514 -3.3290128707885738 inf inf -1.6565974950790403 0.86715707182884227 -0.81074616312980641 0.40509107708930975 0.14086005091667178 -0.6044064164161681
decision_type=2 8 2 8 8 10 10 10 8 10 8
left_child=2 6 10 4 5 -3 7 -2 -9 -4 -1
right_child=1 3 9 -5 -6 -7 -8 8 -10 -11 -12
leaf_value=-0.00018561913704564202 6.7944553650641169e-07 -7.6988361977908953e-05 -4.0904603117222844e-05 -0.00021672795951523574 0.00020659000444243013 -7.2721105988287302e-06 -7.7192414594467958e-06 1.1197023085811672e-05 2.7457487798595379e-05 -9.9112237551413587e-06 -8.5018041066767992e-05
leaf_weight=7558 319825 23613 231919 3588 2750 548859 237575 641589 525381 119518 23797
leaf_count=7558 319825 23613 231919 3588 2750 548859 237575 641589 525381 119518 23797
internal_value=-4.68823e-08 6.06694e-06 -3.68345e-05 -1.04001e-05 -9.11129e-06 -1.01493e-05 1.15948e-05 1.46816e-05 1.85183e-05 -3.03666e-05 -0.000109299
internal_weight=2.68597e+06 2.30318e+06 382792 578810 575222 572472 1.72437e+06 1.4868e+06 1.16697e+06 351437 31355
internal_count=2685972 2303180 382792 578810 575222 572472 1724370 1486795 1166970 351437 31355
is_linear=0
shrinkage=0.00523217


Tree=19
num_leaves=12
num_cat=0
split_feature=6 7 9 7 23 9 20 14 21 23 14
split_gain=21.5551 7.62415 7.18433 5.43876 8.72827 4.035 3.77159 3.69287 9.14089 3.02136 4.14927
threshold=-0.77544501423835743 0.59510540962219249 0.52073407173156749 0.59510540962219249 inf 0.30178278684616094 0.27715077996253973 0.45853786170482641 -1.7906396985054014 inf -0.47551536560058588
decision_type=2 8 10 10 8 8 8 2 2 8 2
left_child=2 5 -1 -3 6 9 -5 -6 -9 -2 -11
right_child=1 3 -4 4 7 -7 -8 8 -10 10 -12
leaf_value=-2.3815284736313874e-05 1.4425229733732219e-05 -0.000218764025605663 -7.7391113416774905e-05 -2.4347783262334401e-06 0.00021416909511900084 -9.8218964783009881e-06 -3.2364677461869247e-05 0.0053026748136024843 0.00060383306788215792 0.00015890546786830138 0.0010851583844504187
leaf_weight=293397 1503381 3402 89431 422087 3672 210369 158592 11.999999999999998 89 1105 150
leaf_count=293397 1503381 3402 89431 422087 3672 210369 158592 12 89 1105 150
internal_value=2.1167e-08 6.0651e-06 -3.63332e-05 -1.0195e-05 -8.9791e-06 1.1639e-05 -1.06105e-05 0.000241812 0.00122485 1.46401e-05 0.000271169
internal_weight=2.68569e+06 2.30286e+06 382828 587854 584452 1.715e+06 580679 3773 101 1.50464e+06 1255
internal_count=2685687 2302859 382828 587854 584452 1715005 580679 3773 101 1504636 1255
is_linear=0
shrinkage=0.00523217


Tree=20
num_leaves=12
num_cat=0
split_feature=1 2 1 2 5 1 5 22 22 17 8
split_gain=42.3926 10.1769 6.53285 4.74115 9.30771 4.28155 3.37636 2.71368 2.71296 2.63327 7.74045
threshold=1.5430440902709963 0.13789775967597964 2.2611397504806523 0.13789775967597964 inf 0.61083558201789867 inf -0.25622746348381037 -0.22870729863643643 -2.2181544303894039 1.0872070193290713
decision_type=2 8 2 10 8 2 8 8 8 2 10
left_child=1 6 8 -3 5 -5 -1 -4 -2 10 -6
right_child=2 3 7 4 9 -7 -8 -9 -10 -11 -12
leaf_value=1.530060272380185e-05 -9.4880779595414184e-05 -0.00018863350808718198 -0.0001965279168323326 -2.8929389577643298e-07 0 -2.3345329137377107e-05 0.0003098973874126071 -0.00010717533408616736 -4.3863551977034457e-05 0.00021484116284167356 0.005776867109884269
leaf_weight=1301963 44032 3857 14097 916464 21.000000000000004 290378 1065 27631 81392 4778 7.9999999999999991
leaf_count=1301963 44032 3857 14097 916464 21 290378 1065 27631 81392 4778 8
internal_value=2.83091e-08 5.38389e-06 -8.06606e-05 -5.5053e-06 -4.92151e-06 -5.83748e-06 1.55423e-05 -0.000137385 -6.17811e-05 0.000224821 0.00176968
internal_weight=2.68569e+06 2.51853e+06 167152 1.21551e+06 1.21165e+06 1.20684e+06 1.30303e+06 41728 125424 4807 29
internal_count=2685686 2518534 167152 1215506 1211649 1206842 1303028 41728 125424 4807 29
is_linear=0
shrinkage=0.00523217


Tree=21
num_leaves=12
num_cat=0
split_feature=9 2 20 19 23 3 20 12 2 15 21
split_gain=20.0621 10.1591 5.62924 5.14713 10.4489 4.91692 3.42469 8.73647 3.19005 3.64968 13.1954
threshold=0.31161199510097509 0.15482626110315326 2.0397076606750493 inf inf -0.44862213730812067 3.9994294643402104 -1.5847278237342832 0.4050408154726029 3.574918389320374 -1.3744029402732847
decision_type=8 8 10 8 8 10 10 10 8 2 2
left_child=1 -1 8 4 5 -3 -6 -8 9 -2 -11
right_child=2 3 -4 -5 6 -7 7 -9 -10 10 -12
leaf_value=1.6651301044805428e-05 -1.3655183735303543e-05 -2.187644432945073e-05 -9.6550880013941047e-05 -0.00020103853146185508 0.00023587923094033769 2.1125216499891195e-06 0.00022600428787250884 0.0030984876376257881 -4.2862682315577489e-05 0.003959634858684417 4.7796586914963578e-05
leaf_weight=1198441 207484 351461 34853 3675 3721 699134 101 40 186733 28 126
leaf_count=1198441 207484 351461 34853 3675 3721 699134 101 40 186733 28 126
internal_value=-1.67162e-08 6.21963e-06 -3.2805e-05 -5.59454e-06 -4.91239e-06 -5.91188e-06 0.000266694 0.00106553 -2.71691e-05 -1.30515e-05 0.000788958
internal_weight=2.6858e+06 2.25657e+06 429224 1.05813e+06 1.05446e+06 1.0506e+06 3862 141 394371 207638 154
internal_count=2685797 2256573 429224 1058132 1054457 1050595 3862 141 394371 207638 154
is_linear=0
shrinkage=0.00523217


Tree=22
num_leaves=12
num_cat=0
split_feature=0 0 0 7 23 7 22 9 9 16 18
split_gain=46.0714 11.1019 8.53711 5.51184 11.4262 5.35422 3.93698 3.56717 3.31674 2.97184 2.91336
threshold=-1.4660159349441526 -4.1181745529174796 0.28381444513797766 inf inf 0.60555830597877514 -0.057399531826376908 1.8937344551086428 -0.075562622398138032 -0.066639527678489671 2.1293375492095952
decision_type=2 2 2 8 8 8 8 8 8 2 10
left_child=1 6 3 4 5 -2 -1 10 -4 -5 -6
right_child=2 -3 8 9 7 -7 -8 -9 -10 -11 -12
leaf_value=-0.00023800383748249048 2.914457405366087e-06 -6.3004321421316546e-05 2.23983222742579e-05 -0.00034434440886351114 -3.8203510486993185e-05 -2.0291018911587468e-05 -0.00011995445515205114 -0.00040200538956541561 5.0110030564106501e-06 -2.9618167507317587e-05 0.00028464587938897677
leaf_weight=13817 857104 139656 745859 1991 886 398833 17679 245 503033 1408 5406
leaf_count=13817 857104 139656 745859 1991 886 398833 17679 245 503033 1408 5406
internal_value=3.64443e-08 -8.30263e-05 5.68995e-06 -3.88492e-06 -3.31768e-06 -4.454e-06 -0.000171774 0.00021484 1.53957e-05 -0.000214264 0.000239058
internal_weight=2.68592e+06 171152 2.51476e+06 1.26587e+06 1.26247e+06 1.25594e+06 31496 6537 1.24889e+06 3399 6292
internal_count=2685917 171152 2514765 1265873 1262474 1255937 31496 6537 1248892 3399 6292
is_linear=0
shrinkage=0.00523217


Tree=23
num_leaves=12
num_cat=0
split_feature=1 2 1 7 5 3 5 24 9 22 22
split_gain=41.5571 9.96088 6.37471 5.43582 8.50803 4.46788 3.02936 2.84965 2.81547 2.74657 2.73506
threshold=1.5430440902709963 0.13789775967597964 2.2611397504806523 inf inf -0.46498745679855341 inf 0.13992241024971011 0.20777508616447452 -0.25622746348381037 -0.22870729863643643
decision_type=2 8 2 8 8 8 8 8 10 8 8
left_child=1 6 10 4 5 -3 8 -7 -1 -4 -2
right_child=2 3 9 -5 -6 7 -8 -9 -10 -11 -12
leaf_value=1.8450749109088293e-05 -9.4443362850489987e-05 -2.0209956698536048e-05 -0.00019530942519556881 -0.00021426401099424917 0.00020458809364394306 1.0089971365578143e-05 0.00029342075069139817 -9.6164997431554955e-06 -2.7828752826174595e-06 -0.00010546570419741912 -4.321765122781806e-05
leaf_weight=1099624 44026 394881 14120 3402 5285 447614 1071 364411 202341 27625 81397
leaf_count=1099624 44026 394881 14120 3402 5285 447614 1071 364411 202341 27625 81397
internal_value=2.70628e-08 5.32965e-06 -7.98588e-05 -5.44276e-06 -4.85583e-06 -5.77385e-06 1.53798e-05 1.24534e-06 1.51502e-05 -0.000135879 -6.1206e-05
internal_weight=2.6858e+06 2.51863e+06 167168 1.21559e+06 1.21219e+06 1.20691e+06 1.30304e+06 812025 1.30196e+06 41745 125423
internal_count=2685797 2518629 167168 1215593 1212191 1206906 1303036 812025 1301965 41745 125423
is_linear=0
shrinkage=0.00523217


Tree=24
num_leaves=12
num_cat=0
split_feature=0 0 0 13 8 0 3 8 12 3 3
split_gain=45.0383 10.8725 8.50579 5.22164 4.0255 2.82464 2.75678 2.50181 3.82598 3.00639 2.34093
threshold=-1.4660159349441526 -4.1181745529174796 0.31631076335906988 inf -0.70040297508239735 0.025766252540051941 -1.3339997529983518 -0.70040297508239735 -1.5847278237342832 -0.67735004425048817 -0.46498745679855341
decision_type=2 2 2 8 8 2 8 10 10 8 8
left_child=1 6 3 4 -2 -5 -1 8 -6 -9 -4
right_child=2 -3 10 5 7 -7 -8 9 -10 -11 -12
leaf_value=-0.00024480131862039141 -1.6672892031756846e-05 -6.2343439043167459e-05 -8.6277781881763977e-07 -4.1700304116514493e-05 1.1911080706483624e-05 -0.00034638648011075157 -0.0001378171210367771 -1.7791763249646647e-05 0.00031066285354461841 6.8313570979034691e-06 1.908637717631572e-05
leaf_weight=9458 406768 139638 192479 1527 3307 1850 22060 165330 1823 758345 983130
leaf_count=9458 406768 139638 192479 1527 3307 1850 22060 165330 1823 758345 983130
internal_value=-4.00411e-08 -8.21655e-05 5.54963e-06 -3.46679e-06 -2.94652e-06 -0.000208915 -0.000169955 3.06405e-06 0.000118279 2.42314e-06 1.58195e-05
internal_weight=2.68572e+06 171156 2.51456e+06 1.33895e+06 1.33557e+06 3377 31518 928805 5130 923675 1.17561e+06
internal_count=2685715 171156 2514559 1338950 1335573 3377 31518 928805 5130 923675 1175609
is_linear=0
shrinkage=0.00523217


Tree=25
num_leaves=12
num_cat=0
split_feature=0 0 2 0 19 5 22 0 5 11 22
split_gain=44.7604 10.5907 9.60277 5.71801 5.32597 7.12381 3.90157 3.07058 3.06514 4.48404 4.08665
threshold=-1.4660159349441526 -4.1181745529174796 0.13789775967597964 -0.035449102520942681 inf inf -0.057399531826376908 0.025766252540051941 inf 1.1150922179222109 0.067862410098314299
decision_type=2 2 8 2 8 8 8 2 8 10 10
left_child=1 6 8 -4 5 -5 -1 -6 -2 -10 -11
right_child=2 -3 3 4 7 -7 -8 -9 9 10 -12
leaf_value=-0.00023451918892522175 1.5207659153424834e-05 -6.2334514919672849e-05 -2.1661522369945847e-05 2.434391710488844e-06 -2.9190861320083073e-05 0.00020547392122098661 -0.00011699081080249257 -0.00033548675378080613 7.862695997747825e-05 0.0014601189359355613 0.00024276097467618759
leaf_weight=13814 1299532 139642 385752 819964 1642 4757 17675 1988 758 146 160
leaf_count=13814 1299532 139642 385752 819964 1642 4757 17675 1988 758 146 160
internal_value=-1.21354e-08 -8.18903e-05 5.55958e-06 -5.02223e-06 2.72551e-06 3.60679e-06 -0.000168582 -0.000197212 1.54383e-05 0.000296034 0.00082959
internal_weight=2.68583e+06 171131 2.5147e+06 1.2141e+06 828351 824721 31489 3630 1.3006e+06 1064 306
internal_count=2685830 171131 2514699 1214103 828351 824721 31489 3630 1300596 1064 306
is_linear=0
shrinkage=0.00523217


Tree=26
num_leaves=12
num_cat=0
split_feature=1 1 1 7 9 10 3 16 3 15 3
split_gain=40.2034 7.44265 6.21943 5.99679 4.14503 3.83246 3.73225 2.89892 1.66091 1.6053 1.59504
threshold=1.5430440902709963 0.82327261567115795 2.2611397504806523 inf 0.12521750479936603 inf -0.3447109162807464 -0.066639527678489671 -2.6630805730819698 0.068779755383729949 -1.2098624110221861
decision_type=2 2 2 8 8 8 10 2 8 2 8
left_child=1 3 -2 4 5 6 -1 -5 -4 -7 -3
right_child=2 10 8 7 -6 9 -8 -9 -10 -11 -12
leaf_value=-2.1179466696058249e-06 -6.0149717363385772e-05 -4.3928759292608195e-05 -0.00021150997165280574 -0.00033947444420207311 -4.4651050591687049e-06 0.00014918538343879453 1.6650373411315105e-05 -2.7944466458922705e-05 -0.0001197763938735247 0.00048684793160413546 -1.2887695259654516e-05
leaf_weight=371008 125421 54350 6416 1990 484878 2391 1328167 1398 35352 463 273746
leaf_count=371008 125421 54350 6416 1990 484878 2391 1328167 1398 35352 463 273746
internal_value=-8.92086e-09 5.20679e-06 -7.85781e-05 8.68827e-06 9.02944e-06 1.28743e-05 1.25519e-05 -0.000211219 -0.000133892 0.000204424 -1.80323e-05
internal_weight=2.68558e+06 2.51839e+06 167189 2.1903e+06 2.18691e+06 1.70203e+06 1.69918e+06 3388 41768 2854 328096
internal_count=2685580 2518391 167189 2190295 2186907 1702029 1699175 3388 41768 2854 328096
is_linear=0
shrinkage=0.00523217


Tree=27
num_leaves=12
num_cat=0
split_feature=0 0 0 7 23 7 22 9 9 0 4
split_gain=43.8167 10.4697 8.22048 5.26588 10.6661 5.36852 3.81547 3.58437 3.02118 2.82181 2.79928
threshold=-1.4660159349441526 -4.1181745529174796 0.35809324681758886 inf inf 0.60555830597877514 -0.057399531826376908 1.8937344551086428 -0.075562622398138032 0.025766252540051941 0.34177346527576452
decision_type=2 2 2 8 8 10 8 8 8 2 10
left_child=1 6 3 4 5 10 -1 -6 -4 -5 -2
right_child=2 -3 8 9 7 -7 -8 -9 -10 -11 -12
leaf_value=-0.00023240330119268026 -3.467286987922743e-06 -6.1585950387624855e-05 2.3338344729115522e-05 -4.2151748589084021e-05 0.0002326600897304426 -1.8451929131374293e-05 -0.00011618313595846056 -0.00040621066755793032 5.3872353672858015e-06 -0.00034577336117612054 1.4621917914938472e-05
leaf_weight=13821 601966 139619 662621 1539 6308 437706 17668 248 419145 1857 383272
leaf_count=13821 601966 139619 662621 1539 6308 437706 17668 248 419145 1857 383272
internal_value=-1.63794e-08 -8.10326e-05 5.49602e-06 -2.72309e-06 -2.23356e-06 -3.2043e-06 -0.000167226 0.000208302 1.63837e-05 -0.000208477 3.56887e-06
internal_weight=2.68577e+06 171108 2.51466e+06 1.4329e+06 1.4295e+06 1.42294e+06 31489 6556 1.08177e+06 3396 985238
internal_count=2685770 171108 2514662 1432896 1429500 1422944 31489 6556 1081766 3396 985238
is_linear=0
shrinkage=0.00523217


Tree=28
num_leaves=12
num_cat=0
split_feature=1 2 1 7 1 10 6 6 3 6 1
split_gain=39.6166 9.61167 6.20417 5.10991 4.48111 3.72224 2.39962 2.33832 2.30432 1.93075 1.86821
threshold=1.5430440902709963 0.13789775967597964 2.2611397504806523 inf 0.61083558201789867 inf -3.3290128707885738 0.02495610993355513 -0.44862213730812067 0.075424253940582289 0.99717977643013012
decision_type=2 8 2 8 2 8 2 2 10 2 2
left_child=1 10 -2 4 5 8 -4 -7 -3 -5 -1
right_child=2 3 6 9 -6 7 -8 -9 -10 -11 -12
leaf_value=1.6677522972069119e-05 -5.958991593277706e-05 -1.1997135723085521e-05 -0.00020776325321879724 -0.00011938279042008604 -2.2764613053981418e-05 0.00036864247361139394 -0.00011204797227973922 7.432069629490927e-05 5.8190161329182322e-06 -0.00038511195640452079 -9.0091109213313593e-06
leaf_weight=1220306 125397 290825 9238 2264 290360 1137 32540 2136 627620 1129 82728
leaf_count=1220306 125397 290825 9238 2264 290360 1137 32540 2136 627620 1129 82728
internal_value=-3.1212e-09 5.17395e-06 -7.80004e-05 -5.40872e-06 -4.84034e-06 8.0532e-07 -0.000133237 0.000176906 1.76661e-07 -0.000208142 1.50461e-05
internal_weight=2.68568e+06 2.5185e+06 167175 1.21547e+06 1.21208e+06 921718 41778 3273 918445 3393 1.30303e+06
internal_count=2685680 2518505 167175 1215471 1212078 921718 41778 3273 918445 3393 1303034
is_linear=0
shrinkage=0.00523217


Tree=29
num_leaves=12
num_cat=0
split_feature=0 0 0 13 23 4 17 21 16 20 0
split_gain=42.9337 10.4227 8.07884 5.0728 10.5488 4.29206 3.92267 8.40635 2.79516 2.6221 2.4864
threshold=-1.4660159349441526 -4.1181745529174796 0.35809324681758886 inf inf 0.15701202303171161 -2.2181544303894039 -0.30850325524806971 -0.066639527678489671 -0.15989544987678525 -0.10854958370327948
decision_type=2 2 2 8 8 10 2 2 2 10 2
left_child=1 -1 3 4 5 10 7 -6 -5 -7 -2
right_child=2 -3 -4 8 6 9 -8 -9 -10 -11 -12
leaf_value=-0.00016613604963792845 -1.9974038014918581e-05 -6.076339449354545e-05 1.6263318375648965e-05 -0.00033183336023217543 0.00074858292538506602 -4.4006918153388527e-06 0.00019412865528176343 0.006453635526765083 -2.5768387870443677e-05 1.9461989835999057e-05 -2.5019441540151835e-06
leaf_weight=31508 389567 139677 1081836 1977 60 224992 6471 6.9999999999999991 1402 286549 521671
leaf_count=31508 389567 139677 1081836 1977 60 224992 6471 7 1402 286549 521671
internal_value=1.20798e-08 -8.01638e-05 5.47067e-06 -2.67836e-06 -2.19901e-06 -3.1632e-06 0.000207464 0.00145796 -0.000205133 8.96487e-06 -9.97241e-06
internal_weight=2.68572e+06 171185 2.51453e+06 1.4327e+06 1.42932e+06 1.42278e+06 6538 67 3379 511541 911238
internal_count=2685717 171185 2514532 1432696 1429317 1422779 6538 67 3379 511541 911238
is_linear=0
shrinkage=0.00523217


Tree=30
num_leaves=12
num_cat=0
split_feature=0 0 0 13 5 17 21 4 0 1 3
split_gain=42.5224 9.2876 8.66032 5.89401 9.4276 3.88928 7.14617 3.79781 3.63094 2.96272 2.64552
threshold=-1.7376675605773924 -0.021168575622141358 -4.1181745529174796 inf inf -2.2181544303894039 -0.51194468140602101 -0.059565894305706017 0.55593222379684459 -2.1416331529617305 -1.3339997529983518
decision_type=2 2 2 8 8 2 2 10 2 2 8
left_child=2 7 10 4 8 6 -6 -2 -3 -7 -1
right_child=1 3 -4 -5 5 9 -8 -9 -10 -11 -12
leaf_value=-0.00023868810668410586 -2.0745414257829739e-05 5.2775557322463562e-06 -6.6688273672157116e-05 -0.00021154309649354765 0.0008067114649694322 0.00017173390905653852 0.0061078744510773041 4.6617746844289841e-06 2.0581309292094704e-05 0.00058073539507833775 -0.00013386285661281099
leaf_weight=9456 438951 1182651 107547 3250 55 4884 6.9999999999999991 254332 662148 540 22043
leaf_count=9456 438951 1182651 107547 3250 55 4884 7 254332 662148 540 22043
internal_value=4.83876e-08 4.9131e-06 -8.90491e-05 1.1024e-05 1.14155e-05 0.000227975 0.00152101 -1.14236e-05 1.07709e-05 0.000212719 -0.000165365
internal_weight=2.68586e+06 2.54682e+06 139046 1.85354e+06 1.85028e+06 5486 62 693283 1.8448e+06 5424 31499
internal_count=2685864 2546818 139046 1853535 1850285 5486 62 693283 1844799 5424 31499
is_linear=0
shrinkage=0.00523217


Tree=31
num_leaves=12
num_cat=0
split_feature=9 2 5 7 5 22 5 11 14 22 11
split_gain=18.81 9.56547 5.73904 4.96778 9.9463 3.53845 3.29056 4.39725 4.17076 5.75035 2.96662
threshold=0.31161199510097509 0.15482626110315326 1.1671420335769656 inf inf -0.98321911692619313 inf 1.1150922179222109 -0.47551536560058588 0.061773508787155158 -0.76754415035247792
decision_type=8 8 10 8 8 10 8 10 2 10 8
left_child=1 6 10 4 5 -3 -1 -8 -9 -10 -2
right_child=2 3 -4 -5 -6 -7 7 8 9 -11 -12
leaf_value=1.5946212492310548e-05 -4.9390729239173834e-05 -3.4934979641115307e-05 -7.1516813258804007e-05 -0.00020521432281688759 0.0002548071992556812 -2.5832711595924978e-06 9.0967825377998802e-05 0.00048417386710708905 0.0033544665535666417 0.00039639638405223373 -1.3842386525668623e-05
leaf_weight=1197553 85029 102573 80567 3394 4025 948091 690 215 37 36 263675
leaf_count=1197553 85029 102573 80567 3394 4025 948091 690 215 37 36 263675
internal_value=3.38727e-08 6.07325e-06 -3.17123e-05 -5.39111e-06 -4.74709e-06 -5.74247e-06 1.61948e-05 0.000319423 0.000861378 0.00193608 -2.2513e-05
internal_weight=2.68588e+06 2.25661e+06 429271 1.05808e+06 1.05469e+06 1.05066e+06 1.19853e+06 978 288 73 348704
internal_count=2685885 2256614 429271 1058083 1054689 1050664 1198531 978 288 73 348704
is_linear=0
shrinkage=0.00523217


Tree=32
num_leaves=12
num_cat=0
split_feature=0 0 2 0 7 5 5 11 20 0 0
split_gain=41.8309 10.2723 9.273 5.32672 5.35547 6.54434 3.02606 4.83854 3.07898 13.6581 2.80035
threshold=-1.4660159349441526 -4.1181745529174796 0.13789775967597964 -0.035449102520942681 inf inf inf 1.1150922179222109 3.4190702438354497 0.019315153360366825 0.025766252540051941
decision_type=2 2 8 2 8 8 8 10 10 2 2
left_child=1 -1 6 -4 5 -5 -2 -8 -9 -10 -6
right_child=2 -3 3 4 10 -7 7 8 9 -11 -12
leaf_value=-0.0001644978534047063 1.4879093240177611e-05 -5.9875326929689618e-05 -2.1058996747103577e-05 2.1750201547959064e-06 -3.6882992604275199e-05 0.00019153410979875132 6.9671255366170434e-05 0.0006038819283366323 0.00034849026505134423 0.0064033995834348462 -0.00034159980899895799
leaf_weight=31502 1299693 139608 385681 819977 1496 5026 764 253 38 12.999999999999998 1860
leaf_count=31502 1299693 139608 385681 819977 1496 5026 764 253 38 13 1860
internal_value=1.57353e-08 -7.91424e-05 5.4021e-06 -4.99714e-06 2.48025e-06 3.32986e-06 1.51086e-05 0.000293387 0.000850541 0.00201737 -0.000206067
internal_weight=2.68591e+06 171110 2.5148e+06 1.21404e+06 828359 825003 1.30076e+06 1068 304 51 3356
internal_count=2685911 171110 2514801 1214040 828359 825003 1300761 1068 304 51 3356
is_linear=0
shrinkage=0.00523217


Tree=33
num_leaves=12
num_cat=0
split_feature=6 2 6 7 5 5 11 11 10 20 11
split_gain=19.6524 7.70995 6.28553 4.9721 7.27092 3.97434 5.58773 3.67724 3.67428 9.3145 3.29343
threshold=-0.701848804950714 0.13789775967597964 -3.3290128707885738 inf inf inf 1.1150922179222109 -0.81863927841186512 0.87733569741249096 3.1341046094894414 0.27984125912189489
decision_type=2 8 2 8 8 8 10 8 8 10 10
left_child=2 5 -1 4 -3 -2 -7 -4 9 -8 -6
right_child=1 3 7 -5 10 6 8 -9 -10 -11 -12
leaf_value=-0.00010429798920170982 1.4853885188078015e-05 -4.4045266660013721e-06 -6.3205019219033241e-05 -0.00020397303264973625 6.701267228713747e-06 0.00010903060639982562 0.00097298357089888304 -1.9939779226611171e-05 0.00061967331867727993 0.0055589642859414567 0.00032936105986395095
leaf_weight=31359 1210042 1052795 64724 3399 1306 648 54 318811 173 14.999999999999998 2600
leaf_count=31359 1210042 1052795 64724 3399 1306 648 54 318811 173 15 2600
internal_value=4.20999e-08 6.09163e-06 -3.30696e-05 -4.21122e-06 -3.56768e-06 1.51118e-05 0.000364429 -2.72433e-05 0.00104115 0.00205821 0.000221718
internal_weight=2.68593e+06 2.27103e+06 414894 1.0601e+06 1.0567e+06 1.21093e+06 890 383535 242 69 3906
internal_count=2685926 2271032 414894 1060100 1056701 1210932 890 383535 242 69 3906
is_linear=0
shrinkage=0.00523217


Tree=34
num_leaves=12
num_cat=0
split_feature=0 0 0 22 9 5 0 8 22 3 22
split_gain=41.4356 8.94704 8.33137 3.70582 3.47603 4.63206 2.82448 2.80797 2.56816 2.48987 2.45319
threshold=-1.7376675605773924 -0.021168575622141358 -4.1181745529174796 -0.057399531826376908 -0.069338709115982042 inf 0.53434488177299511 -0.64583885669708241 -0.25622746348381037 -0.67735004425048817 -0.19891235232353208
decision_type=2 2 2 8 8 8 2 8 8 8 8
left_child=2 7 3 -1 5 6 -3 -2 -4 -9 -7
right_child=1 4 8 -5 -6 10 -8 9 -10 -11 -12
leaf_value=-0.00022712640486109535 -2.4680117915887813e-05 8.9721456272010768e-06 -0.00010119555125644961 -0.00011255228589693524 2.7607454874760207e-06 0.00066942844938086489 2.6371769051767976e-05 -2.5000033853771245e-05 -4.74086781846016e-05 4.2159542321720611e-06 0.00017586026194243217
leaf_weight=13803 263285 568309 37208 17672 819560 401 464159 105957 70374 324048 903
leaf_count=13803 263285 568309 37208 17672 819560 401 464159 105957 70374 324048 903
internal_value=8.47469e-09 4.81116e-06 -8.79392e-05 -0.00016283 1.08096e-05 1.71898e-05 1.67952e-05 -1.12229e-05 -6.60196e-05 -2.9813e-06 0.000328724
internal_weight=2.68568e+06 2.54662e+06 139057 31475 1.85333e+06 1.03377e+06 1.03247e+06 693290 107582 430005 1304
internal_count=2685679 2546622 139057 31475 1853332 1033772 1032468 693290 107582 430005 1304
is_linear=0
shrinkage=0.00523217


Tree=35
num_leaves=12
num_cat=0
split_feature=1 1 1 18 3 10 13 22 22 10 22
split_gain=37.6011 6.94348 5.92612 5.38274 3.79036 4.6209 3.0257 2.67666 2.5855 2.34939 2.08568
threshold=1.5430440902709963 0.82327261567115795 2.2611397504806523 inf -0.26531407237052912 inf 2.7041847705841069 -0.22870729863643643 -0.25622746348381037 0.84701210260391246 0.073066510260105147
decision_type=2 2 2 8 10 8 10 8 8 8 8
left_child=1 3 7 4 5 -1 -7 -2 -4 -6 -3
right_child=2 10 8 -5 9 6 -8 -9 -10 -11 -12
leaf_value=-4.3449623130693185e-06 -9.0912268375635544e-05 -2.9269823706167233e-05 -0.00018773748005831246 -0.00020107802949491491 1.5530784075356174e-05 0.00010853581793959003 0.00049129812596475765 -4.0233947105690877e-05 -0.00010054348170559217 -1.3295253374519783e-06 -2.7282132973628141e-06
leaf_weight=552264 44019 181669 14105 3352 1359712 3111 693 81388 27640 271307 146468
leaf_count=552264 44019 181669 14105 3352 1359712 3111 693 81388 27640 271307 146468
internal_value=-2.35839e-08 5.0196e-06 -7.60165e-05 8.38229e-06 8.70379e-06 -3.09158e-06 0.000178608 -5.80296e-05 -0.000130029 1.27257e-05 -1.74251e-05
internal_weight=2.68573e+06 2.51858e+06 167152 2.19044e+06 2.18709e+06 556068 3804 125407 41745 1.63102e+06 328137
internal_count=2685728 2518576 167152 2190439 2187087 556068 3804 125407 41745 1631019 328137
is_linear=0
shrinkage=0.00523217


Tree=36
num_leaves=12
num_cat=0
split_feature=6 2 6 7 2 16 13 3 8 13 12
split_gain=19.0135 7.82652 5.81059 4.74997 3.0901 2.77848 2.66596 2.27352 3.13571 3.17081 2.95791
threshold=-0.77544501423835743 0.13789775967597964 -3.3290128707885738 inf -0.067518778145313249 -0.066639527678489671 0.26615564525127416 -0.44862213730812067 inf 2.7041847705841069 -0.21224717050790784
decision_type=2 8 2 8 10 2 10 10 8 10 10
left_child=2 6 -1 7 -4 -5 -2 8 -3 -10 -9
right_child=1 3 4 5 -6 -7 -8 10 9 -11 -12
leaf_value=-0.00010237437417250559 1.975378380482329e-05 -1.7392989022040757e-05 -2.8208869452481785e-06 -0.00032585161851404781 -3.7584499108936029e-05 -2.1195164082309527e-05 2.8348483905551233e-06 -1.6824282705451768e-05 7.1018984753531015e-05 0.00050687273878927694 6.95107688143988e-06
leaf_weight=31362 861921 313261 96570 1988 254887 1404 362226 191630 2561 557 567351
leaf_count=31362 861921 313261 96570 1988 254887 1404 362226 191630 2561 557 567351
internal_value=1.69944e-08 5.6933e-06 -3.41274e-05 -4.5812e-06 -2.80348e-05 -0.000200038 1.47481e-05 -3.96371e-06 -1.57471e-05 0.0001493 9.47121e-07
internal_weight=2.68572e+06 2.3029e+06 382819 1.07875e+06 351457 3392 1.22415e+06 1.07536e+06 316379 3118 758981
internal_count=2685718 2302899 382819 1078752 351457 3392 1224147 1075360 316379 3118 758981
is_linear=0
shrinkage=0.00523217


Tree=37
num_leaves=12
num_cat=0
split_feature=1 1 1 18 5 3 11 3 11 11 3
split_gain=37.0965 6.83005 5.89057 5.2924 9.39248 5.16936 4.11606 3.96 2.26779 1.68776 1.59465
threshold=1.5430440902709963 0.82327261567115795 2.2611397504806523 inf inf -0.46498745679855341 0.72031906247138988 -2.924421906471252 -0.86514216661453236 -0.033827941864728921 -2.6630805730819698
decision_type=2 2 2 8 8 10 10 10 8 10 8
left_child=1 3 -2 4 5 -1 -6 -8 -7 -5 -4
right_child=2 -3 10 9 6 8 7 -9 -10 -11 -12
leaf_value=-8.1732637716276084e-06 -5.7554234053202815e-05 -1.7265635618679114e-05 -0.00020537603985167354 -0.00030795955604091601 7.7941643317576284e-05 -4.0889149243151651e-06 3.6120325686520253e-05 0.00045667101106192841 1.4255882263642148e-05 -7.1528056447972338e-05 -0.00011549074704386922
leaf_weight=430758 125391 328127 6416 1808 3241 209499 842 2297 1540449 1543 35354
leaf_count=430758 125391 328127 6416 1808 3241 209499 842 2297 1540449 1543 35354
internal_value=-1.39744e-08 4.99541e-06 -7.54931e-05 8.33048e-06 8.64923e-06 8.06231e-06 0.000209096 0.000344175 1.20592e-05 -0.000199396 -0.000129322
internal_weight=2.68572e+06 2.51856e+06 167161 2.19044e+06 2.18709e+06 2.18071e+06 6380 3139 1.74995e+06 3351 41770
internal_count=2685725 2518564 167161 2190437 2187086 2180706 6380 3139 1749948 3351 41770
is_linear=0
shrinkage=0.00523217


Tree=38
num_leaves=12
num_cat=0
split_feature=1 9 1 7 5 3 7 22 20 16 16
split_gain=36.4804 6.87996 5.65253 5.41013 11.2508 6.12772 2.86937 2.79481 2.75771 7.63999 2.75189
threshold=1.5430440902709963 0.30178278684616094 2.2611397504806523 inf inf -0.46498745679855341 0.33993063867092138 -0.12223805487155913 3.9994294643402104 -0.029556779190897938 -0.066639527678489671
decision_type=2 8 2 8 8 8 10 8 10 2 2
left_child=1 3 -2 4 5 -1 -7 -3 -6 -10 -5
right_child=2 7 -4 10 8 6 -8 -9 9 -11 -12
leaf_value=-9.3399200854898782e-06 -5.7279849984115635e-05 -3.2472349726555783e-05 -0.00012757316456366336 -0.00032425743586926326 0.00022909897136767562 1.7238003024971654e-05 2.679599521630619e-06 -3.0394364855720879e-06 0.00033469594226841909 0.0026462198737029893 -2.1905410798572196e-05
leaf_weight=434057 125422 161071 41783 2003 4707 1178721 540792 195679 200 48 1410
leaf_count=434057 125422 161071 41783 2003 4707 1178721 540792 195679 200 48 1410
internal_value=-1.17354e-08 4.95625e-06 -7.48511e-05 8.46925e-06 8.79878e-06 8.22534e-06 1.26598e-05 -1.63306e-05 0.000257805 0.000795741 -0.000199634
internal_weight=2.68589e+06 2.51869e+06 167205 2.16194e+06 2.15852e+06 2.15357e+06 1.71951e+06 356750 4955 248 3413
internal_count=2685893 2518688 167205 2161938 2158525 2153570 1719513 356750 4955 248 3413
is_linear=0
shrinkage=0.00523217


Tree=39
num_leaves=12
num_cat=0
split_feature=1 1 1 7 5 11 7 8 15 22 8
split_gain=36.1277 6.73396 5.66998 5.26768 9.31503 3.99238 3.78134 3.75732 3.71286 2.98825 2.55478
threshold=1.5430440902709963 0.82327261567115795 2.0751420259475712 inf inf 0.72031906247138988 0.49432499706745153 0.79583907127380382 0.088259361684322371 -0.24449743330478665 -0.90951073169708241
decision_type=2 2 2 8 8 10 10 10 2 8 8
left_child=1 3 -2 4 6 8 10 -7 -6 -4 -1
right_child=2 -3 9 -5 5 7 -8 -9 -10 -11 -12
leaf_value=-4.7760164849494339e-06 -5.076291982192582e-05 -1.7150133756571862e-05 -0.00016370144014981258 -0.00019762780240799985 4.2462003787886591e-05 0.00027314270528706744 -2.8456492494326824e-06 0.00082609995835932566 0.00095872132670191893 -8.7646203003759996e-05 1.5000219165474037e-05
leaf_weight=206112 104183 328167 21541 3395 3087 2750 626853 385 125 41461 1347893
leaf_count=206112 104183 328167 21541 3395 3087 2750 626853 385 125 41461 1347893
internal_value=8.26335e-09 4.95234e-06 -7.44726e-05 8.26381e-06 8.58387e-06 0.000208722 8.00093e-06 0.000341592 7.87092e-05 -0.000113666 1.23767e-05
internal_weight=2.68595e+06 2.51877e+06 167185 2.1906e+06 2.1872e+06 6347 2.18086e+06 3135 3212 63002 1.554e+06
internal_count=2685952 2518767 167185 2190600 2187205 6347 2180858 3135 3212 63002 1554005
is_linear=0
shrinkage=0.00523217


Tree=40
num_leaves=12
num_cat=0
split_feature=0 0 2 0 7 23 0 15 11 23 11
split_gain=39.3803 9.76373 8.7506 5.07517 4.97977 6.00297 2.70008 2.64676 2.537 2.62968 4.54807
threshold=-1.4660159349441526 -3.624077200889587 0.13789775967597964 -0.035449102520942681 inf inf 0.025766252540051941 0.088259361684322371 -0.87423527240753163 inf 1.1150922179222109
decision_type=2 2 8 2 8 8 2 2 8 8 8
left_child=1 -1 8 -4 5 -5 -6 -7 -2 -10 -11
right_child=2 -3 3 4 6 7 -8 -9 9 10 -12
leaf_value=-0.0001451227445580384 -5.9606474599858071e-06 -5.3943999135846081e-05 -2.0581183676548927e-05 2.1055025458865219e-06 -3.2525552738656309e-05 0.00015398946163490586 -0.00033169770432705614 0.00068289683568922605 1.6971140921213491e-05 6.6149709431666061e-05 0.00081162116023277128
leaf_weight=42942 145476 128177 385718 819851 1496 4779 1861 274 1154172 832 307
leaf_count=42942 145476 128177 385718 819851 1496 4779 1861 274 1154172 832 307
internal_value=-2.77934e-08 -7.68307e-05 5.19803e-06 -4.90446e-06 2.39519e-06 3.2147e-06 -0.000198673 0.000182981 1.46269e-05 1.722e-05 0.000268418
internal_weight=2.68588e+06 171119 2.51477e+06 1.21398e+06 828261 824904 3357 5053 1.30079e+06 1.15531e+06 1139
internal_count=2685885 171119 2514766 1213979 828261 824904 3357 5053 1300787 1155311 1139
is_linear=0
shrinkage=0.00523217


Tree=41
num_leaves=12
num_cat=0
split_feature=2 22 13 11 13 11 20 16 2 2 17
split_gain=15.006 5.52831 4.38619 3.80352 3.1232 2.93338 2.85034 2.26439 2.14901 2.06893 1.87053
threshold=0.26575288176536566 -0.92435762286186207 inf -0.90246811509132374 0.25078175961971289 -0.68942397832870472 0.25321961939334875 -0.066639527678489671 1.7582961320877077 -0.50234898924827565 -0.041170936077833169
decision_type=8 10 8 8 8 8 8 2 8 10 2
left_child=3 5 6 -1 9 -2 -3 -4 -7 -5 -8
right_child=1 2 7 4 -6 8 10 -9 -10 -11 -12
leaf_value=-1.2435589485042604e-05 -8.1592521263067406e-05 -3.261839906660044e-06 -0.00035078004268280144 2.6539395607356337e-05 1.9420506801989056e-06 -2.0508006679541751e-05 -8.1928856883552987e-06 -2.1062013084166281e-05 -9.0321498987065959e-05 1.0861780443653818e-05 -3.3673346717709923e-05
leaf_weight=168683 40763 708448 1560 496134 412244 94119 144525 907 13858 430731 173884
leaf_count=168683 40763 708448 1560 496134 412244 94119 144525 907 13858 430731 173884
internal_value=4.38951e-08 -1.39472e-05 -9.63758e-06 1.09759e-05 1.39256e-05 -4.3765e-05 -9.10723e-06 -0.000229952 -2.94763e-05 1.92546e-05 -2.21104e-05
internal_weight=2.68586e+06 1.17806e+06 1.02932e+06 1.50779e+06 1.33911e+06 148740 1.02686e+06 2467 107977 926865 318409
internal_count=2685856 1178064 1029324 1507792 1339109 148740 1026857 2467 107977 926865 318409
is_linear=0
shrinkage=0.00523217


Tree=42
num_leaves=12
num_cat=0
split_feature=6 2 9 18 5 3 12 5 5 16 9
split_gain=18.3334 7.18974 6.72647 4.40622 7.14702 3.44125 3.28328 3.17271 3.02119 2.62589 2.50227
threshold=-0.701848804950714 -0.028283502906560894 0.31161199510097509 inf inf -0.44862213730812067 -0.21224717050790784 inf 1.1671420335769656 -0.066639527678489671 2.2113362550735478
decision_type=2 8 10 8 8 10 10 8 10 2 8
left_child=2 7 -1 4 5 -3 -7 -2 -4 -5 -6
right_child=1 3 8 9 10 6 -8 -9 -10 -11 -12
leaf_value=-1.7466107095950132e-05 1.570480597105238e-05 -1.7542795161441428e-05 -4.5178533480469232e-05 -0.00031621233090857345 0.00023930170266892468 -1.5220331744400281e-05 8.0415978662348466e-06 0.00034452033499553865 -9.8243690082016962e-05 -1.8252178447261536e-05 -0.00058829891826820042
leaf_weight=281297 1040614 324175 89750 1951 3915 219969 678198 803 43740 1394 101
leaf_count=281297 1040614 324175 89750 1951 3915 219969 678198 803 43740 1394 101
internal_value=1.29958e-09 5.84346e-06 -3.19848e-05 -2.72302e-06 -2.20501e-06 -2.92976e-06 2.34364e-06 1.59595e-05 -6.25729e-05 -0.00019233 0.000218121
internal_weight=2.68591e+06 2.27112e+06 414787 1.2297e+06 1.22636e+06 1.22234e+06 898167 1.04142e+06 133490 3345 4016
internal_count=2685907 2271120 414787 1229703 1226358 1222342 898167 1041417 133490 3345 4016
is_linear=0
shrinkage=0.00523217


Tree=43
num_leaves=12
num_cat=0
split_feature=1 9 1 13 23 13 4 22 22 16 22
split_gain=35.4174 6.64709 5.59855 4.91748 10.4643 3.38706 2.89519 2.72935 2.59048 2.57667 2.51717
threshold=1.5430440902709963 0.30178278684616094 2.2611397504806523 inf inf 0.31295143067836767 0.4308686256408692 -0.12223805487155913 -0.22870729863643643 -0.066639527678489671 -0.25622746348381037
decision_type=2 8 2 8 8 8 10 8 8 2 8
left_child=1 3 8 4 5 6 -1 -3 -2 -5 -4
right_child=2 7 10 9 -6 -7 -8 -9 -10 -11 -12
leaf_value=7.1751459925234216e-06 -8.8617059657155174e-05 -3.1999336962551798e-05 -0.00018316400083607338 -0.00031294707816164566 0.00024377747715430091 -2.385529625735029e-07 2.3079566245238358e-05 -2.91128547736267e-06 -3.8766959171334468e-05 -1.8932353283251456e-05 -9.7155959038804643e-05
leaf_weight=819903 44043 161053 14117 1974 5168 826026 507360 195651 81359 1401 27642
leaf_count=819903 44043 161053 14117 1974 5168 826026 507360 195651 81359 1401 27642
internal_value=-1.67645e-08 4.87798e-06 -7.37679e-05 8.33099e-06 8.64343e-06 8.07859e-06 1.32554e-05 -1.60469e-05 -5.62821e-05 -0.000191186 -0.000126255
internal_weight=2.6857e+06 2.51854e+06 167161 2.16183e+06 2.15846e+06 2.15329e+06 1.32726e+06 356704 125402 3375 41759
internal_count=2685697 2518536 167161 2161832 2158457 2153289 1327263 356704 125402 3375 41759
is_linear=0
shrinkage=0.00523217


Tree=44
num_leaves=12
num_cat=0
split_feature=9 7 5 7 5 5 11 16 11 8 11
split_gain=17.4791 6.31271 5.42364 4.33689 8.77247 3.39675 3.14774 5.38614 5.79832 3.11796 2.81533
threshold=0.31161199510097509 0.49432499706745153 1.1671420335769656 0.49432499706745153 inf inf 1.0491058230400088 -0.027933298610150811 2.9454907178878789 -0.86955994367599476 -0.76754415035247792
decision_type=8 8 10 10 8 8 10 2 10 10 8
left_child=1 5 10 -3 -5 9 -7 -8 -9 -1 -2
right_child=2 3 -4 4 -6 6 7 8 -10 -11 -12
leaf_value=-6.1523005902161316e-06 -4.7848724799522944e-05 -0.00019383244143814722 -6.9312436707398681e-05 -7.9391672948773833e-06 0.000242772255666236 9.7153852560188079e-05 0.00050012438089415054 0.0054288622989615105 0.00055432783240813718 1.4474427525647777e-05 -1.32215565332954e-05
leaf_weight=236025 85046 3400 80541 676665 3841 766 368 12 15 1335487 263697
leaf_count=236025 85046 3400 80541 676665 3841 766 368 12 15 1335487 263697
internal_value=-6.81115e-09 5.81454e-06 -3.06092e-05 -7.45518e-06 -6.52247e-06 1.15856e-05 0.000294372 0.000673369 0.00288612 1.1376e-05 -2.16683e-05
internal_weight=2.68586e+06 2.25658e+06 429284 683906 680506 1.57267e+06 1161 395 27 1.57151e+06 348743
internal_count=2685863 2256579 429284 683906 680506 1572673 1161 395 27 1571512 348743
is_linear=0
shrinkage=0.00523217


Tree=45
num_leaves=12
num_cat=0
split_feature=6 7 6 19 23 11 14 16 8 12 16
split_gain=18.0087 6.6908 5.60936 4.37504 7.63684 3.59417 3.38914 5.01902 3.20188 2.51788 2.48735
threshold=-0.77544501423835743 0.53415557742118847 -3.3290128707885738 inf inf -0.90246811509132374 0.45853786170482641 -0.038405347615480416 -0.78246882557868946 0.44370597600936895 -0.066639527678489671
decision_type=2 8 2 8 8 10 2 2 8 10 2
left_child=2 8 -1 4 9 -4 -6 -8 -2 -3 -5
right_child=1 3 5 10 6 -7 7 -9 -10 -11 -12
leaf_value=-0.00010029479473859606 -5.1739795393760754e-06 -1.6779588918033622e-05 -6.947384588390985e-05 -0.00030753348998452363 0.00020271716249507191 -2.0598362293935478e-05 7.1249612224283851e-05 0.0023356365205951333 1.43249270602138e-05 5.1088451280017071e-06 -2.759314097682605e-05
leaf_weight=31340 276500 413404 47673 2091 3532 303795 58 50 1385289 220590 1498
leaf_count=31340 276500 413404 47673 2091 3532 303795 58 50 1385289 220590 1498
internal_value=1.61588e-08 5.54012e-06 -3.32144e-05 -8.81592e-06 -7.78908e-06 -2.72303e-05 0.000231134 0.00114087 1.10801e-05 -9.16253e-06 -0.000190961
internal_weight=2.68582e+06 2.30301e+06 382808 641223 637634 351468 3640 108 1.66179e+06 633994 3589
internal_count=2685820 2303012 382808 641223 637634 351468 3640 108 1661789 633994 3589
is_linear=0
shrinkage=0.00523217


Tree=46
num_leaves=12
num_cat=0
split_feature=6 7 6 7 23 17 20 10 20 20 4
split_gain=17.927 6.64029 5.44002 4.11059 6.97904 4.66182 8.61983 3.50289 3.37251 2.97957 2.56733
threshold=-0.77544501423835743 0.59510540962219249 -3.3290128707885738 0.59510540962219249 inf -2.3464462757110591 3.4190702438354497 0.86715707182884227 0.27715077996253973 -0.81074616312980641 0.40509107708930975
decision_type=2 8 2 10 8 2 10 10 8 10 8
left_child=2 7 -1 -3 8 6 -6 9 -5 -2 -11
right_child=1 3 -4 4 5 -7 -8 -9 -10 10 -12
leaf_value=-9.9244451320347387e-05 -5.2195193926044948e-07 -0.0001908898754706688 -2.7297104074386224e-05 -2.3675687570822508e-06 4.6538618914319819e-05 0.00019978144371027778 0.0061859679896967869 -8.0451407513055591e-06 -3.0669575027595859e-05 1.0489338438890024e-05 2.6126248522087123e-05
leaf_weight=31346 318069 3407 351458 422102 17.000000000000004 3742 8.9999999999999982 235882 158595 636868 524267
leaf_count=31346 318069 3407 351458 422102 17 3742 9 235882 158595 636868 524267
internal_value=-3.50968e-08 5.47582e-06 -3.31909e-05 -9.69864e-06 -8.64067e-06 0.000215765 0.00237785 1.06776e-05 -1.00986e-05 1.36637e-05 1.75503e-05
internal_weight=2.68576e+06 2.30296e+06 382804 587872 584465 3768 26 1.71509e+06 580697 1.4792e+06 1.16114e+06
internal_count=2685762 2302958 382804 587872 584465 3768 26 1715086 580697 1479204 1161135
is_linear=0
shrinkage=0.00523217


Tree=47
num_leaves=12
num_cat=0
split_feature=3 11 5 11 18 22 5 13 21 20 16
split_gain=11.2679 9.44959 7.53726 8.05576 5.28718 5.21776 4.926 3.49764 2.36738 3.79047 4.16096
threshold=-0.65579557418823231 -0.86514216661453236 inf 0.27984125912189489 3.1595469713211064 -1.1528852581977842 2.6755261421203618 0.31295143067836767 0.82896941900253307 2.6425538063049321 -0.022431620396673676
decision_type=8 10 8 10 8 10 8 10 2 10 2
left_child=2 5 6 -4 7 -2 -1 -3 9 10 -5
right_child=1 4 3 8 -6 -7 -8 -9 -10 -11 -12
leaf_value=-2.1217511550686211e-05 -8.3031956624739789e-05 1.5491908582456407e-05 -4.6093536117374372e-05 0.00018578781099563737 -0.00030097422429698189 -1.3284178102637915e-05 -9.7552636722622032e-05 3.5870584658165623e-07 0.00010708848644564749 0.0006441865624281269 0.0011942500994439856
leaf_weight=467250 32346 1187938 3660 1992 1495 318953 24355 645333 1415 938 118
leaf_count=467250 32346 1187938 3660 1992 1495 318953 24355 645333 1415 938 118
internal_value=2.66417e-08 5.15086e-06 -2.23876e-05 0.000135664 9.91113e-06 -1.97088e-05 -2.50012e-05 1.01653e-05 0.000284871 0.000367068 0.000243203
internal_weight=2.68579e+06 2.18606e+06 499728 8123 1.83477e+06 351299 491605 1.83327e+06 4463 3048 2110
internal_count=2685793 2186065 499728 8123 1834766 351299 491605 1833271 4463 3048 2110
is_linear=0
shrinkage=0.00523217


Tree=48
num_leaves=12
num_cat=0
split_feature=0 0 0 7 5 17 21 7 0 11 16
split_gain=38.4165 9.66677 5.92007 5.06012 8.15372 3.78833 7.06308 3.71041 3.50769 3.31697 2.45293
threshold=-2.1267185211181636 -0.021168575622141358 -4.1181745529174796 inf inf -2.2181544303894039 -0.51194468140602101 0.60555830597877514 0.55593222379684459 0.90580883622169506 -0.066639527678489671
decision_type=2 2 2 8 8 2 2 8 2 10 2
left_child=2 7 -1 4 8 6 -6 -2 -3 -7 -5
right_child=1 3 -4 10 5 9 -8 -9 -10 -11 -12
leaf_value=-0.00015787511918063005 -2.8540928340538857e-06 4.7093781184317223e-06 -7.2224284220463115e-05 -0.00031090673212187631 0.00077866381153088998 8.4818791869872517e-05 0.0060474942005901604 -2.7179823556244808e-05 1.975087945701165e-05 0.00034698967996133428 -1.6621042523660082e-05
leaf_weight=31476 448231 1182678 74348 1980 55 3099 6.9999999999999991 278275 662171 2317 1284
leaf_count=31476 448231 1182678 74348 1980 55 3099 7 278275 662171 2317 1284
internal_value=-3.67178e-09 4.0035e-06 -9.77091e-05 1.03441e-05 1.07077e-05 0.000212254 0.00148825 -1.21728e-05 1.01087e-05 0.000197177 -0.000195434
internal_weight=2.68592e+06 2.5801e+06 105824 1.85359e+06 1.85033e+06 5478 62 726506 1.84485e+06 5416 3264
internal_count=2685921 2580097 105824 1853591 1850327 5478 62 726506 1844849 5416 3264
is_linear=0
shrinkage=0.00523217


Tree=49
num_leaves=12
num_cat=0
split_feature=0 0 0 7 23 17 21 22 7 0 11
split_gain=37.668 8.04723 7.84342 4.98454 8.0496 3.85039 6.93636 3.70284 3.52951 3.42789 3.32695
threshold=-1.7376675605773924 -0.021168575622141358 -4.1181745529174796 inf inf -2.2181544303894039 -0.51194468140602101 -0.057399531826376908 0.60555830597877514 0.55593222379684459 0.90580883622169506
decision_type=2 2 2 8 8 2 2 8 8 2 10
left_child=2 8 7 4 9 6 -6 -1 -2 -3 -7
right_child=1 3 -4 -5 5 10 -8 -9 -10 -11 -12
leaf_value=-0.00022080716982837017 -1.3703339542351848e-06 4.6890986236381346e-06 -6.2584269913226341e-05 -0.00019409619012969882 0.00079064708889802859 8.4199949021777448e-05 0.0060204233759126426 -0.00010630048819862353 -2.5686162292934992e-05 1.9558685453366184e-05 0.00034585116302498478
leaf_weight=13797 429188 1182580 107550 3260 54 3159 6.9999999999999991 17692 263976 662183 2312
leaf_count=13797 429188 1182580 107550 3260 54 3159 7 17692 263976 662183 2312
internal_value=-1.38971e-09 4.57672e-06 -8.38617e-05 1.02645e-05 1.06252e-05 0.000209898 0.00150673 -0.000156504 -1.06317e-05 1.0027e-05 0.000194969
internal_weight=2.68576e+06 2.54672e+06 139039 1.85356e+06 1.8503e+06 5532 61 31489 693164 1.84476e+06 5471
internal_count=2685758 2546719 139039 1853555 1850295 5532 61 31489 693164 1844763 5471
is_linear=0
shrinkage=0.00523217


Tree=50
num_leaves=12
num_cat=0
split_feature=0 0 0 7 19 1 9 16 6 18 16
split_gain=37.408 9.2686 7.15483 4.49326 3.7986 5.05398 2.91393 2.42606 1.86551 1.78416 2.1765
threshold=-1.4660159349441526 -3.624077200889587 0.35809324681758886 0.60555830597877514 inf -2.0283350944519039 -0.075562622398138032 -0.066639527678489671 -0.23130059242248532 1.8428696393966677 -0.19932434707880017
decision_type=2 2 2 8 8 2 8 2 2 10 2
left_child=1 9 3 -2 5 -5 -4 -6 -3 10 -1
right_child=2 8 6 4 7 -7 -8 -9 -10 -11 -12
leaf_value=-0.00015848440395934663 3.6603417153660399e-06 -6.6057882697740863e-05 2.2087761262910982e-05 0.00014582103225294142 -0.00030174905075837371 -1.6920962737509716e-05 4.4592625724771057e-06 -2.465340087946939e-05 -2.3011998050109182e-05 -0.00022719615384767859 -7.5203027761209447e-05
leaf_weight=23574 986715 87946 662531 5285 2080 437250 419259 1492 40240 5768 13595
leaf_count=23574 986715 87946 662531 5285 2080 437250 419259 1492 40240 5768 13595
internal_value=4.96027e-09 -7.48483e-05 5.09919e-06 -2.56903e-06 -1.63491e-05 -1.49752e-05 1.52564e-05 -0.000186279 -5.25516e-05 -0.000141392 -0.000128048
internal_weight=2.68574e+06 171123 2.51461e+06 1.43282e+06 446107 442535 1.08179e+06 3572 128186 42937 37169
internal_count=2685735 171123 2514612 1432822 446107 442535 1081790 3572 128186 42937 37169
is_linear=0
shrinkage=0.00523217


Tree=51
num_leaves=12
num_cat=0
split_feature=0 0 0 4 4 20 15 16 0 10 10
split_gain=36.9067 9.43462 5.83964 3.59055 3.50636 3.23909 5.63299 4.1344 3.09581 3.10814 2.55539
threshold=-2.1267185211181636 -0.021168575622141358 -4.1181745529174796 inf -0.059565894305706017 3.9994294643402104 0.078642103821039214 -0.027933298610150811 0.57726928591728222 inf -0.559129238128662
decision_type=2 2 2 8 8 10 2 2 2 8 10
left_child=2 4 -1 5 -2 8 7 -7 9 -3 -8
right_child=1 3 -4 -5 -6 6 10 -9 -10 -11 -12
leaf_value=-0.00015550295187375274 -2.0956279048814048e-05 5.2894446899301179e-06 -7.0432128326890773e-05 -0.0001256256488629786 2.765061083726797e-06 3.7676422617915676e-05 0.003745972199668525 0.00157159046060098 2.003691425774312e-05 0.00017669812897137872 0.00046269633388694296
leaf_weight=31482 453002 1224318 74290 5309 273534 285 19.000000000000004 57 620540 2902 10.999999999999998
leaf_count=31482 453002 1224318 74290 5309 273534 285 19 57 620540 2902 11
internal_value=2.84186e-08 3.9559e-06 -9.57617e-05 1.02205e-05 -1.20243e-05 1.06112e-05 0.000498062 0.000300201 1.05123e-05 5.6956e-06 0.00263103
internal_weight=2.68575e+06 2.57998e+06 105772 1.85344e+06 726536 1.84813e+06 372 342 1.84776e+06 1.22722e+06 30
internal_count=2685749 2579977 105772 1853441 726536 1848132 372 342 1847760 1227220 30
is_linear=0
shrinkage=0.00523217


Tree=52
num_leaves=12
num_cat=0
split_feature=0 0 0 18 18 0 1 8 20 16 20
split_gain=36.4035 9.21189 5.68046 4.77885 4.38066 3.18595 2.97783 2.58722 6.16884 2.38952 2.31877
threshold=-2.1267185211181636 -0.021168575622141358 -4.1181745529174796 inf 2.8472043275833134 0.57726928591728222 1.2877020835876467 0.79583907127380382 3.4190702438354497 -0.066639527678489671 -0.3394422829151153
decision_type=2 2 2 8 8 2 2 10 10 2 10
left_child=2 6 -1 4 5 10 -2 -6 -9 -5 -3
right_child=1 3 -4 9 7 -7 -8 8 -10 -11 -12
leaf_value=-0.0001540949310325128 -6.4020113640890426e-06 -2.3749753382937873e-06 -7.0176704225887837e-05 -0.00030568231688640881 0.00012131938708120725 1.9691482585854123e-05 -3.2303074356404354e-05 0.00029397828046898308 0.0018900126322134931 -1.4005109105602862e-05 1.2032718008459528e-05
leaf_weight=31463 572030 586155 74313 1957 3760 620627 154335 590 74 1276 639166
leaf_count=31463 572030 586155 74313 1957 3760 620627 154335 590 74 1276 639166
internal_value=-1.35737e-08 3.88653e-06 -9.51472e-05 1.00757e-05 1.04274e-05 1.00327e-05 -1.19065e-05 0.000174863 0.000476099 -0.000190859 5.13988e-06
internal_weight=2.68575e+06 2.57997e+06 105776 1.8536e+06 1.85037e+06 1.84595e+06 726365 4424 664 3233 1.22532e+06
internal_count=2685746 2579970 105776 1853605 1850372 1845948 726365 4424 664 3233 1225321
is_linear=0
shrinkage=0.00523217


Tree=53
num_leaves=12
num_cat=0
split_feature=0 0 2 0 18 5 16 5 11 14 20
split_gain=36.3223 8.98289 8.21101 5.03889 4.22155 5.69907 2.41694 2.25171 3.9065 2.98361 6.66192
threshold=-1.4660159349441526 -3.624077200889587 -0.067518778145313249 -0.035449102520942681 inf inf -0.066639527678489671 inf 1.1150922179222109 -0.47551536560058588 3.1341046094894414
decision_type=2 2 8 2 8 8 2 8 10 2 10
left_child=1 -1 7 -4 5 -5 -6 -2 -9 -10 -11
right_child=2 -3 3 4 6 -7 -8 8 9 10 -12
leaf_value=-0.00013933490054539112 1.5683528168854666e-05 -5.1848618823520288e-05 -1.8110845320683827e-05 2.9586893729116681e-06 -0.00030127998081238156 0.00017710866809537526 -1.3853788626799673e-05 5.6200722886891918e-05 0.00048118508273748995 0.00071206861973648441 0.0044835014647497066
leaf_weight=42900 1076889 128218 433164 995044 1950 5170 1369 675 206 48 17
leaf_count=42900 1076889 128218 433164 995044 1950 5170 1369 675 206 48 17
internal_value=-2.66114e-08 -7.37873e-05 4.99264e-06 -3.19617e-06 3.2408e-06 3.85986e-06 -0.000183013 1.59086e-05 0.000270956 0.000800344 0.00177304
internal_weight=2.68565e+06 171118 2.51453e+06 1.4367e+06 1.00353e+06 1.00021e+06 3319 1.07784e+06 946 271 65
internal_count=2685650 171118 2514532 1436697 1003533 1000214 3319 1077835 946 271 65
is_linear=0
shrinkage=0.00523217


Tree=54
num_leaves=12
num_cat=0
split_feature=0 0 0 18 1 10 3 18 3 0 8
split_gain=35.9459 7.77928 7.36317 3.9093 5.41334 3.62347 3.3574 2.96764 2.56695 2.46541 2.39892
threshold=-1.7376675605773924 0.28381444513797766 -4.1181745529174796 inf -2.0283350944519039 0.91631987690925609 -0.65579557418823231 2.1293375492095952 -1.3339997529983518 0.025766252540051941 0.79583907127380382
decision_type=2 2 2 8 2 10 8 10 8 2 10
left_child=2 3 8 4 7 6 -6 -2 -1 -5 -9
right_child=1 -3 -4 9 5 -7 -8 10 -10 -11 -12
leaf_value=-0.00022454994663284903 -3.5911385421683449e-05 1.3837296038788699e-05 -6.1258244743693765e-05 -2.6200935385683534e-05 -1.9914823978446325e-05 -2.1386134372894994e-05 4.4753879295266056e-06 0.000159830104677115 -0.0001212524640909489 -0.00031162116016235933 0.00049021629245034131
leaf_weight=9441 1923 1248897 107574 1520 190629 281415 815237 4537 22049 1838 697
leaf_count=9441 1923 1248897 107574 1520 190629 281415 815237 4537 22049 1838 697
internal_value=4.2022e-08 4.51527e-06 -8.18706e-05 -4.4549e-06 -3.99166e-06 -4.79014e-06 -1.46198e-07 0.00013949 -0.000152255 -0.000182719 0.000204081
internal_weight=2.68576e+06 2.54669e+06 139064 1.2978e+06 1.29444e+06 1.28728e+06 1.00587e+06 7157 31490 3358 5234
internal_count=2685757 2546693 139064 1297796 1294438 1287281 1005866 7157 31490 3358 5234
is_linear=0
shrinkage=0.00523217


Tree=55
num_leaves=12
num_cat=0
split_feature=0 0 0 7 5 7 0 15 14 14 0
split_gain=35.5168 9.07366 5.54294 4.61368 7.96819 3.55893 3.30252 3.24292 4.07765 3.05895 2.28849
threshold=-2.1267185211181636 -0.021168575622141358 -4.1181745529174796 inf inf 0.60555830597877514 0.55593222379684459 0.088259361684322371 -2.3208273649215694 -0.50050982832908619 0.032548166811466224
decision_type=2 2 2 8 8 8 2 2 2 2 2
left_child=2 5 -1 4 6 -2 -3 9 -9 -6 -5
right_child=1 3 -4 10 7 -7 -8 8 -10 -11 -12
leaf_value=-0.00015212507275428361 -2.6577731937118811e-06 4.5438003010207402e-06 -6.9250389168153123e-05 -3.3378163611567787e-05 0.00012421724918165784 -2.6479636893137894e-05 1.9139113138270461e-05 0.0016260917741279272 0.00032540497268422012 0.00048214222373174463 -0.00031268637725999598
leaf_weight=31485 448228 1182440 74323 1473 4399 278358 662202 95 220 770 1784
leaf_count=31485 448228 1182440 74323 1473 4399 278358 662202 95 220 770 1784
internal_value=3.21553e-08 3.88562e-06 -9.39202e-05 1.00295e-05 1.03763e-05 -1.17852e-05 9.78377e-06 0.000209507 0.000724828 0.000177789 -0.000186672
internal_weight=2.68578e+06 2.57997e+06 105808 1.85338e+06 1.85013e+06 726586 1.84464e+06 5484 315 5169 3257
internal_count=2685777 2579969 105808 1853383 1850126 726586 1844642 5484 315 5169 3257
is_linear=0
shrinkage=0.00523217


Tree=56
num_leaves=12
num_cat=0
split_feature=0 0 2 0 13 13 22 5 11 22 0
split_gain=35.0373 8.74445 8.02077 4.41406 4.14388 4.09786 3.81973 2.59231 4.41449 3.82549 5.70324
threshold=-1.4660159349441526 -3.624077200889587 0.13789775967597964 -0.035449102520942681 2.7041847705841069 2.7041847705841069 -0.057399531826376908 inf 1.1150922179222109 0.067862410098314299 0.019315153360366825
decision_type=2 2 8 2 10 8 8 8 10 10 2
left_child=1 6 7 -4 5 -5 -1 -2 -9 10 -10
right_child=2 -3 3 4 -6 -7 -8 8 9 -11 -12
leaf_value=-0.00019261128940741215 1.376337328211575e-05 -5.0779903031282214e-05 -1.9346290172198289e-05 2.3318840885243731e-06 0.00027942967660105913 -0.00018105467373968461 -9.3084036582897171e-05 5.624554408149313e-05 0.00056552862471726569 0.00022751209050849455 0.0026879059872345077
leaf_weight=18961 1299640 128228 385627 823487 1471 3348 23937 760 91 159 57
leaf_count=18961 1299640 128228 385627 823487 1471 3348 23937 760 91 159 57
internal_value=1.81541e-08 -7.24237e-05 4.94831e-06 -4.72382e-06 2.08288e-06 1.58809e-06 -0.000137098 1.39758e-05 0.000271663 0.000800076 0.00140313
internal_weight=2.68577e+06 171126 2.51464e+06 1.21393e+06 828306 826835 42898 1.30071e+06 1067 307 148
internal_count=2685766 171126 2514640 1213933 828306 826835 42898 1300707 1067 307 148
is_linear=0
shrinkage=0.00523217


Tree=57
num_leaves=12
num_cat=0
split_feature=0 0 2 0 19 23 0 6 23 14 20
split_gain=34.8271 8.62877 8.03474 4.43634 3.83465 5.44943 2.50728 2.12352 2.10492 2.4348 5.72082
threshold=-1.4660159349441526 -4.1181745529174796 0.13789775967597964 -0.035449102520942681 inf inf 0.025766252540051941 -0.23130059242248532 inf -0.5503697097301482 3.4190702438354497
decision_type=2 2 8 2 8 8 2 2 8 2 10
left_child=1 -1 8 -4 5 -5 -6 -3 -2 -10 -11
right_child=2 7 3 4 6 -7 -8 -9 9 10 -12
leaf_value=-0.00015045103347133216 1.3762627413393405e-05 -6.8118302567878169e-05 -1.9409042644739214e-05 1.7926121449775194e-06 -1.5809610518530418e-05 0.00017904211757776816 -0.00029258563548640026 -2.381290475686827e-05 0.00011865598693319147 0.00032841945766780512 0.0025186497196202098
leaf_weight=31499 1299363 96859 385716 819972 1643 4775 1987 42752 958 184 39
leaf_count=31499 1299363 96859 385716 819972 1643 4775 1987 42752 958 184 39
internal_value=1.24195e-08 -7.22154e-05 4.92756e-06 -4.75175e-06 2.07215e-06 2.82005e-06 -0.000167579 -5.45571e-05 1.39641e-05 0.000234685 0.000726307
internal_weight=2.68575e+06 171110 2.51464e+06 1.21409e+06 828377 824747 3630 139611 1.30054e+06 1181 223
internal_count=2685747 171110 2514637 1214093 828377 824747 3630 139611 1300544 1181 223
is_linear=0
shrinkage=0.00523217


Tree=58
num_leaves=12
num_cat=0
split_feature=0 0 0 7 5 7 0 9 14 3 6
split_gain=34.517 9.27122 4.66836 4.59897 7.67396 3.49656 3.30023 2.87776 2.77031 2.52407 2.33666
threshold=-2.2876532077789302 -0.021168575622141358 -4.1181745529174796 inf inf 0.60555830597877514 0.55593222379684459 1.8937344551086428 -0.50050982832908619 -1.3339997529983518 -0.20692325383424756
decision_type=2 2 2 8 8 8 2 8 2 8 2
left_child=2 5 9 4 6 10 -3 8 -6 -1 -2
right_child=1 3 -4 -5 7 -7 -8 -9 -10 -11 -12
leaf_value=-0.00022165806188209961 -1.6189754890816561e-05 4.3606935981083307e-06 -7.2074836578762144e-05 -0.00018652395884694305 0.00017891608192831848 -2.6544682863356408e-05 1.8950785274556623e-05 -0.00039812798780450992 0.00051652449298724779 -0.00011925368465843669 7.6531502896458756e-06
leaf_weight=9449 205123 1182534 63637 3258 4494 282859 662192 206 785 22044 249210
leaf_count=9449 205123 1182534 63637 3258 4494 282859 662192 206 785 22044 249210
internal_value=-2.82592e-09 3.59121e-06 -9.78858e-05 9.83372e-06 1.018e-05 -1.21028e-05 9.59847e-06 0.000205582 0.000229376 -0.000150011 -3.10973e-06
internal_weight=2.68579e+06 2.59066e+06 95130 1.85347e+06 1.85021e+06 737192 1.84473e+06 5485 5279 31493 454333
internal_count=2685791 2590661 95130 1853469 1850211 737192 1844726 5485 5279 31493 454333
is_linear=0
shrinkage=0.00523217


Tree=59
num_leaves=12
num_cat=0
split_feature=0 0 0 7 19 5 17 9 10 5 16
split_gain=34.1406 7.4776 7.00388 4.45034 3.25795 8.31263 3.95907 3.00545 2.93962 2.31758 2.20703
threshold=-1.7376675605773924 0.28381444513797766 -4.1181745529174796 0.60555830597877514 inf inf -2.3464462757110591 -0.075562622398138032 0.69764268398284923 inf -0.066639527678489671
decision_type=2 2 2 8 8 8 2 8 10 8 2
left_child=2 3 -1 8 5 -5 -7 -3 9 -2 -6
right_child=1 7 -4 4 10 6 -8 -9 -10 -11 -12
leaf_value=-0.000148490000260926 7.5583174884291273e-06 2.0173873505472993e-05 -5.9726965449358788e-05 -1.9570768955610325e-05 -0.00028627156749822175 0.0020925641521158428 0.00018829314374650783 3.6227155199061115e-06 -1.3821082231386004e-05 0.00023916362063426924 -2.1800030841684547e-05
leaf_weight=31482 646625 745878 107522 412540 2074 29 4717 503031 229120 1184 1492
leaf_count=31482 646625 745878 107522 412540 2074 29 4717 503031 229120 1184 1492
internal_value=1.0124e-08 4.36871e-06 -7.98371e-05 -4.42589e-06 -1.84121e-05 -1.7064e-05 0.000200616 1.35081e-05 2.28542e-06 7.9833e-06 -0.000175887
internal_weight=2.68569e+06 2.54669e+06 139004 1.29778e+06 420852 417286 4746 1.24891e+06 876929 647809 3566
internal_count=2685694 2546690 139004 1297781 420852 417286 4746 1248909 876929 647809 3566
is_linear=0
shrinkage=0.00523217


Tree=60
num_leaves=12
num_cat=0
split_feature=1 1 9 7 7 16 20 4 1 20 20
split_gain=31.0403 6.44244 5.69483 4.341 3.34489 2.38045 2.34009 3.4473 1.89508 4.65241 1.6217
threshold=1.4059095382690432 2.0751420259475712 0.27534173429012304 inf 0.27259978652000433 -0.066639527678489671 -0.20545889437198636 0.41740708053112036 -2.0283350944519039 2.2113448381423955 3.4190702438354497
decision_type=2 2 8 8 10 2 10 8 2 10 10
left_child=2 -2 3 4 6 -5 -1 -8 9 -6 -4
right_child=1 -3 10 5 8 -7 7 -9 -10 -11 -12
leaf_value=7.7264755350977005e-06 -4.2107570416290288e-05 -0.00010537713759959433 -1.2891963270424681e-05 -0.00029418413032508922 2.3299996268337107e-05 -1.2761656250134292e-05 9.4299004959079642e-06 3.5057041431037291e-05 -6.6842812055403607e-07 0.00030825362836185553 -0.00014597525732747835
leaf_weight=727697 146805 63001 365904 1998 11491 1409 296696 278853 787739 1817 2524
leaf_count=727697 146805 63001 365904 1998 11491 1409 296696 278853 787739 1817 2524
internal_value=-5.79594e-09 -6.11106e-05 5.17141e-06 8.48912e-06 8.79167e-06 -0.000178079 1.39634e-05 2.18477e-05 3.76608e-07 6.22902e-05 -1.38063e-05
internal_weight=2.68593e+06 209806 2.47613e+06 2.1077e+06 2.10429e+06 3407 1.30325e+06 575549 801047 13308 368428
internal_count=2685934 209806 2476128 2107700 2104293 3407 1303246 575549 801047 13308 368428
is_linear=0
shrinkage=0.00523217


Tree=61
num_leaves=12
num_cat=0
split_feature=2 5 11 2 5 3 11 5 11 17 15
split_gain=13.2792 7.78691 3.37379 3.12486 7.25729 3.42236 3.65105 2.39698 4.21345 5.8787 4.64378
threshold=0.23212537914514544 1.1671420335769656 -0.90246811509132374 0.23212537914514544 1.1671420335769656 -1.0999878048896787 -0.7763281762599944 inf 1.2608230710029604 -1.574272572994232 -0.0094579216092824919
decision_type=8 10 8 10 8 10 8 8 8 2 2
left_child=2 3 -1 -2 5 -5 -7 -4 -9 10 -10
right_child=1 -3 7 4 -6 6 -8 8 9 -11 -12
leaf_value=-1.1833144026425028e-05 -0.00015629530058160177 -4.7300809654837198e-05 1.3217477471640617e-05 -2.8105907035639335e-05 0.00019700399501158328 -2.2342827762656251e-05 2.5368661608217112e-06 6.6288664535708918e-05 0.0057488468505798402 0.00055248966026439001 0.0011546393111602645
leaf_weight=162801 3859 155751 1301169 191105 4744 214784 650344 846 10.000000000000002 262 15.999999999999998
leaf_count=162801 3859 155751 1301169 191105 4744 214784 650344 846 10 262 16
internal_value=8.26759e-10 -1.27453e-05 1.06203e-05 -7.69018e-06 -7.14874e-06 -8.06666e-06 -3.63907e-06 1.34278e-05 0.000253788 0.000799269 0.00312434
internal_weight=2.68569e+06 1.22059e+06 1.4651e+06 1.06484e+06 1.06098e+06 1.05623e+06 865128 1.3023e+06 1134 288 26
internal_count=2685691 1220587 1465104 1064836 1060977 1056233 865128 1302303 1134 288 26
is_linear=0
shrinkage=0.00523217


Tree=62
num_leaves=12
num_cat=0
split_feature=0 2 0 0 7 23 13 3 16 23 13
split_gain=33.4063 8.36825 6.98062 5.53406 3.95984 5.18358 2.69176 2.4928 2.3211 2.21509 2.01595
threshold=-1.7376675605773924 -0.067518778145313249 -4.1181745529174796 -0.035449102520942681 inf inf 0.17762419581413272 -1.3339997529983518 -0.066639527678489671 inf 2.7041847705841069
decision_type=2 8 2 2 8 8 8 8 2 8 10
left_child=2 6 7 -3 5 -5 -2 -1 -6 -8 -7
right_child=1 3 -4 4 8 10 9 -9 -10 -11 -12
leaf_value=-0.000218753753156614 2.0940300871805456e-05 -1.8919312147595111e-05 -5.8888328167359053e-05 2.7846536561429972e-06 -0.00029109758572041177 0.00011483155182619039 2.6598457524814229e-06 -0.00011693756625898555 -1.0461734837316756e-05 0.00032513258527858786 0.000367932359309226
leaf_weight=9442 743175 457222 107526 994983 1979 4073 342097 22011 1372 583 1099
leaf_count=9442 743175 457222 107526 994983 1979 4073 342097 22011 1372 583 1099
internal_value=3.41454e-08 4.34542e-06 -7.89572e-05 -3.83166e-06 3.04186e-06 3.64436e-06 1.53462e-05 -0.000147535 -0.000176481 3.21193e-06 0.00016884
internal_weight=2.68556e+06 2.54658e+06 138979 1.46073e+06 1.00351e+06 1.00016e+06 1.08586e+06 31453 3351 342680 5172
internal_count=2685562 2546583 138979 1460728 1003506 1000155 1085855 31453 3351 342680 5172
is_linear=0
shrinkage=0.00523217


Tree=63
num_leaves=12
num_cat=0
split_feature=1 1 9 7 5 3 20 4 7 5 21
split_gain=30.0014 6.35874 5.68901 4.24191 9.06713 5.06282 2.6461 7.39111 1.98107 1.76845 1.73525
threshold=1.4059095382690432 2.0751420259475712 0.18904352188110354 inf inf -0.44862213730812067 3.9994294643402104 -1.6682668328285215 0.27259978652000433 2.5151624679565434 -2.4087039232254024
decision_type=2 2 8 8 8 10 10 8 10 10 2
left_child=2 10 3 4 5 -1 -6 -8 -7 -3 -2
right_child=1 9 -4 -5 6 8 7 -9 -10 -11 -12
leaf_value=-7.808519758863665e-06 0.0002275143011793009 -9.1464202429887174e-05 -1.0973265919447322e-05 -0.00017563064449116963 0.00021613787865611212 1.7187860465193126e-05 0.0029006387650395769 0.00036891258867866977 4.8058399054915358e-06 -0.00016546335285111586 -4.2377708124347792e-05
leaf_weight=400107 653 52276 483622 3398 4169 1051139 37 192 533471 10687 146157
leaf_count=400107 653 52276 483622 3398 4169 1051139 37 192 533471 10687 146157
internal_value=3.35075e-08 -6.00446e-05 5.12355e-06 9.03097e-06 9.34694e-06 8.82059e-06 0.000246628 0.000794252 1.30199e-05 -0.00010404 -4.117e-05
internal_weight=2.68591e+06 209773 2.47614e+06 1.99251e+06 1.98912e+06 1.98472e+06 4398 229 1.58461e+06 62963 146810
internal_count=2685908 209773 2476135 1992513 1989115 1984717 4398 229 1584610 62963 146810
is_linear=0
shrinkage=0.00523217


Tree=64
num_leaves=12
num_cat=0
split_feature=0 0 0 9 5 9 0 17 8 15 10
split_gain=33.1547 8.33146 5.16344 3.13198 3.84149 3.06106 2.5933 2.01705 3.86444 1.83378 1.68609
threshold=-2.1267185211181636 -0.021168575622141358 -4.1181745529174796 -0.069338709115982042 inf 0.28408758342266088 0.53434488177299511 -2.3464462757110591 0.98240569233894359 -0.11896316334605216 0.53319931030273449
decision_type=2 2 2 8 8 10 2 2 10 2 10
left_child=2 5 -1 4 6 10 -3 8 -6 -7 -2
right_child=1 3 -4 -5 7 9 -8 -9 -10 -11 -12
leaf_value=-0.00014694065459803983 2.6125151825346165e-06 7.8317047258484577e-06 -6.6947040660907077e-05 1.991151260543563e-06 -0.00011771176632749392 -1.7255128643196911e-05 2.4504153015350808e-05 0.0002605999348448745 0.0030084725713781565 -5.1843630515003176e-05 -1.6073582562961054e-05
leaf_weight=31482 320794 568332 74310 819635 21 114776 464134 1265 20 66243 224778
leaf_count=31482 320794 568332 74310 819635 21 114776 464134 1265 20 66243 224778
internal_value=2.07475e-08 3.74357e-06 -9.07608e-05 9.63078e-06 1.56871e-05 -1.12726e-05 1.53274e-05 0.000299179 0.00142978 -2.99173e-05 -5.08478e-06
internal_weight=2.68579e+06 2.58e+06 105792 1.85341e+06 1.03377e+06 726591 1.03247e+06 1306 41 181019 545572
internal_count=2685790 2579998 105792 1853407 1033772 726591 1032466 1306 41 181019 545572
is_linear=0
shrinkage=0.00523217


Tree=65
num_leaves=12
num_cat=0
split_feature=1 1 1 7 3 22 1 12 22 16 22
split_gain=29.7103 5.6467 4.71936 4.08613 3.45697 2.56955 2.51435 2.8879 2.46009 2.301 2.04439
threshold=1.5430440902709963 0.87268218398094188 2.2611397504806523 inf -0.26531407237052912 -0.23894175887107846 -2.0283350944519039 -0.48586818575859064 -0.25622746348381037 -0.066639527678489671 0.073066510260105147
decision_type=2 2 2 8 10 8 2 8 8 2 8
left_child=1 3 5 4 6 -2 7 -1 -4 -5 -3
right_child=2 10 8 9 -6 -7 -8 -9 -10 -11 -12
leaf_value=0.0001439161586379976 -8.4179151333046986e-05 -2.9391480797493422e-05 -0.00017201452005331653 -0.00028878449076999142 1.1428203610616426e-05 -3.4315916649703725e-05 -5.3714831994185595e-06 -1.6594882441805257e-06 -8.6993012189869786e-05 -1.1603216259416144e-05 -1.7454583558948749e-06
leaf_weight=6714 43225 163318 14116 1985 1652660 82177 551497 8369 27639 1407 132859
leaf_count=6714 43225 163318 14116 1985 1652660 82177 551497 8369 27639 1407 132859
internal_value=-1.56899e-08 4.46683e-06 -6.7565e-05 7.3268e-06 7.60454e-06 -5.15104e-05 -3.54729e-06 6.30946e-05 -0.000115759 -0.000174091 -1.69928e-05
internal_weight=2.68597e+06 2.51881e+06 167157 2.22263e+06 2.21924e+06 125402 566580 15083 41755 3392 296177
internal_count=2685966 2518809 167157 2222632 2219240 125402 566580 15083 41755 3392 296177
is_linear=0
shrinkage=0.00523217


Tree=66
num_leaves=12
num_cat=0
split_feature=0 0 0 7 18 11 7 10 0 20 10
split_gain=32.2848 8.76888 4.33998 4.27971 3.89649 4.27087 3.39259 3.34274 3.06291 2.86399 2.48778
threshold=-2.2876532077789302 -0.021168575622141358 -4.1181745529174796 inf 2.8472043275833134 1.0491058230400088 0.60555830597877514 -0.6204463243484496 0.72833058238029491 -0.83677008748054493 0.53319931030273449
decision_type=2 2 2 8 10 10 8 8 2 10 8
left_child=2 6 -1 4 8 -6 10 -7 9 -3 -2
right_child=1 3 -4 -5 5 7 -8 -9 -10 -11 -12
leaf_value=-0.00014493982400703043 6.4540275165161749e-06 -9.0732829642192092e-06 -6.9776081631215111e-05 -0.00017988386966685924 4.0213449729490108e-05 0.00091684972052500529 -2.5995831266179844e-05 0.00027229326720963501 2.3016271418906936e-05 9.6428861272104002e-06 -1.8911617217324226e-05
leaf_weight=31475 286585 274988 63626 3257 2784 264 282842 1367 368752 1202061 167819
leaf_count=31475 286585 274988 63626 3257 2784 264 282842 1367 368752 1202061 167819
internal_value=1.70276e-08 3.49291e-06 -9.46625e-05 9.5641e-06 9.89814e-06 0.00016514 -1.17693e-05 0.000377704 9.52627e-06 6.15788e-06 -2.91219e-06
internal_weight=2.68582e+06 2.59072e+06 95101 1.85347e+06 1.85022e+06 4415 737246 1631 1.8458e+06 1.47705e+06 454404
internal_count=2685820 2590719 95101 1853473 1850216 4415 737246 1631 1845801 1477049 454404
is_linear=0
shrinkage=0.00523217


Tree=67
num_leaves=12
num_cat=0
split_feature=0 2 0 0 7 22 16 22 22 14 0
split_gain=31.9352 8.69831 5.76618 5.0616 3.82826 3.60841 2.32681 2.31998 2.1168 1.95781 1.79722
threshold=-2.1267185211181636 0.13789775967597964 -0.035449102520942681 -4.1181745529174796 inf -0.057399531826376908 -0.066639527678489671 -1.6565974950790403 -0.25622746348381037 -2.3208273649215694 0.57726928591728222
decision_type=2 8 2 2 8 8 2 8 8 2 2
left_child=3 -2 7 5 9 -1 -6 -3 -5 -4 -11
right_child=1 2 4 8 6 -7 -8 -9 -10 10 -12
leaf_value=-0.00020817979817761318 1.2977604382065981e-05 -9.5547194839657698e-05 0.00015180092178379207 -0.00010425095506504459 -0.00028900528590197419 -9.5156632483874189e-05 -8.5414999822508814e-06 -1.9768752635734156e-05 -4.5368248325858693e-05 -2.9253962446163239e-06 1.3980384588108926e-05
leaf_weight=13812 1320946 11365 2398 25484 1984 17671 1378 419323 48828 577360 245251
leaf_count=13812 1320946 11365 2398 25484 1984 17671 1378 419323 48828 577360 245251
internal_value=-5.50336e-08 3.59813e-06 -6.24174e-06 -8.91508e-05 1.83105e-06 -0.000144773 -0.000174332 -2.17705e-05 -6.55732e-05 2.55016e-06 2.11388e-06
internal_weight=2.6858e+06 2.58e+06 1.25906e+06 105795 828371 31483 3362 430688 74312 825009 822611
internal_count=2685800 2580005 1259059 105795 828371 31483 3362 430688 74312 825009 822611
is_linear=0
shrinkage=0.00523217


Tree=68
num_leaves=12
num_cat=0
split_feature=0 0 0 10 13 5 11 9 0 21 15
split_gain=31.6799 7.91994 6.36905 3.47042 3.6176 7.38259 4.67411 2.72661 2.21096 1.92665 1.89903
threshold=-1.4660159349441526 -3.624077200889587 0.35809324681758886 0.86715707182884227 inf inf 0.72031906247138988 -0.075562622398138032 0.025766252540051941 -1.7906396985054014 1.5940275788307192
decision_type=2 2 2 10 8 8 10 8 2 2 2
left_child=1 -1 3 4 5 -2 -7 -4 -6 10 -3
right_child=2 9 7 -5 8 6 -8 -9 -10 -11 -12
leaf_value=-0.00013038354975572692 1.5253183018735726e-06 1.6202979189970286e-05 2.0901577900557488e-05 -1.7482897452071354e-05 -2.134946437976747e-05 5.6406773353800562e-05 0.00038034112227852994 3.8493350243106431e-06 -0.00029062862005450765 -5.1456845290588471e-05 0.00034254824312217297
leaf_weight=42930 1097045 2505 662646 327498 1533 2678 2249 419232 1850 125056 607
leaf_count=42930 1097045 2505 662646 327498 1533 2678 2249 419232 1850 125056 607
internal_value=2.4285e-08 -6.88655e-05 4.71178e-06 -2.52314e-06 1.90848e-06 2.43374e-06 0.00020449 1.42945e-05 -0.000168893 -4.82526e-05 8.0221e-05
internal_weight=2.68583e+06 171098 2.51473e+06 1.43285e+06 1.10536e+06 1.10197e+06 4927 1.08188e+06 3383 128168 3112
internal_count=2685829 171098 2514731 1432853 1105355 1101972 4927 1081878 3383 128168 3112
is_linear=0
shrinkage=0.00523217


Tree=69
num_leaves=12
num_cat=0
split_feature=2 5 22 7 5 22 3 2 5 14 14
split_gain=12.8365 7.47371 3.56935 3.52591 4.04808 3.03865 2.80088 2.44853 1.88206 1.87528 6.67835
threshold=0.23212537914514544 1.1671420335769656 -0.77785184979438771 inf 1.1671420335769656 -0.69830620288848866 -1.0999878048896787 -0.62356787919998158 inf -0.48820357024669642 -0.4643681794404983
decision_type=8 10 10 8 8 10 10 10 8 2 2
left_child=7 2 -2 4 6 -6 -4 8 -1 -10 -11
right_child=1 -3 3 -5 5 -7 -8 -9 9 10 -12
leaf_value=1.7856897446484081e-05 -2.9691716718374219e-05 -4.6375849231115208e-05 -2.3846684542177183e-05 -0.00020608077043648846 -0.00063419370770350508 0.00017576016423452091 5.8419282287752959e-07 4.5052825533759628e-06 0.00015055260804694963 0.0049286882395242213 0.00050418005258413162
leaf_weight=637535 168172 155759 155688 2343 129 4434 734297 826977 524 8.9999999999999982 130
leaf_count=637535 168172 155759 155688 2343 129 4434 734297 826977 524 9 130
internal_value=7.33398e-09 -1.25229e-05 -7.57135e-06 -3.42273e-06 -2.89076e-06 0.000152528 -3.6887e-06 1.04484e-05 1.81483e-05 0.000296601 0.000835531
internal_weight=2.686e+06 1.22082e+06 1.06506e+06 896891 894548 4563 889985 1.46518e+06 638198 663 139
internal_count=2685997 1220822 1065063 896891 894548 4563 889985 1465175 638198 663 139
is_linear=0
shrinkage=0.00523217


Tree=70
num_leaves=12
num_cat=0
split_feature=1 1 1 7 5 3 11 3 16 10 5
split_gain=28.5673 5.3734 4.56311 3.92548 7.38326 4.40521 3.66377 3.92758 2.23798 2.11909 1.7403
threshold=1.5430440902709963 0.82327261567115795 2.0751420259475712 inf inf -0.61385735869407643 0.72031906247138988 -2.924421906471252 -0.066639527678489671 1.0151763558387759 1.7492436170578005
decision_type=2 2 2 8 8 10 10 10 2 8 10
left_child=1 3 -2 4 5 -1 -6 -8 -5 -7 -4
right_child=2 -3 10 8 6 9 7 -9 -10 -11 -12
leaf_value=-9.4931354041290327e-06 -4.4904440702357483e-05 -1.5290400526414062e-05 -8.4651400442670925e-05 -0.00028287769374443848 6.147213544611252e-05 1.2495959405778884e-05 6.764938402518471e-06 0.00042565521488188772 -9.6011233807025664e-06 -5.4022973325191329e-06 -0.0001468532668276826
leaf_weight=362144 104197 328128 46108 1994 3215 1614690 842 2289 1404 203896 16883
leaf_count=362144 104197 328128 46108 1994 3215 1614690 842 2289 1404 203896 16883
internal_value=5.77689e-08 4.45454e-06 -6.61722e-05 7.41267e-06 7.68914e-06 7.17012e-06 0.000185885 0.000313307 -0.000170243 1.04888e-05 -0.000101338
internal_weight=2.68579e+06 2.5186e+06 167188 2.19047e+06 2.18708e+06 2.18073e+06 6346 3131 3398 1.81859e+06 62991
internal_count=2685790 2518602 167188 2190474 2187076 2180730 6346 3131 3398 1818586 62991
is_linear=0
shrinkage=0.00523217


Tree=71
num_leaves=12
num_cat=0
split_feature=2 5 22 7 5 13 13 5 2 5 19
split_gain=12.538 7.26947 3.44865 3.4201 4.00138 3.02273 2.96878 2.5355 2.52672 1.70957 1.67831
threshold=0.25747542083263403 1.1671420335769656 -0.77785184979438771 inf 1.1671420335769656 2.7041847705841069 0.25857381522655493 inf -0.50234898924827565 3.3416609764099126 0.89278438687324535
decision_type=8 10 10 8 8 10 8 8 10 10 8
left_child=6 2 -2 4 10 -6 8 -8 -1 -3 -4
right_child=1 9 3 -5 5 -7 7 -9 -10 -11 -12
leaf_value=2.2728650750806279e-05 -2.9760070661601532e-05 -4.011189538177733e-05 -4.9390122661544169e-07 -0.00020314372980433229 7.7785030050488548e-05 0.00039894581652182389 -1.321835412498785e-06 0.00031443986608782967 6.2824577505283815e-06 -9.5309975875382434e-05 -1.9586675396938984e-05
leaf_weight=546317 163895 135642 711903 2344 3511 1043 468804 696 481118 17353 153175
leaf_count=546317 163895 135642 711903 2344 3511 1043 468804 696 481118 17353 153175
internal_value=-2.70074e-08 -1.27124e-05 -7.73921e-06 -3.59925e-06 -3.0602e-06 0.000151601 1.00472e-05 -8.5124e-07 1.50282e-05 -4.63785e-05 -3.87551e-06
internal_weight=2.6858e+06 1.18887e+06 1.03587e+06 871976 869632 4554 1.49694e+06 469500 1.02744e+06 152995 865078
internal_count=2685801 1188866 1035871 871976 869632 4554 1496935 469500 1027435 152995 865078
is_linear=0
shrinkage=0.00523217


Tree=72
num_leaves=12
num_cat=0
split_feature=0 2 0 0 2 5 9 5 11 17 3
split_gain=30.9708 8.61026 5.80856 4.21848 3.17545 5.16879 2.5512 2.70606 4.04707 5.22842 2.5022
threshold=-2.2876532077789302 0.13789775967597964 -0.035449102520942681 -4.1181745529174796 -1.0000000180025095e-35 inf 0.20777508616447452 inf 1.1150922179222109 -1.574272572994232 -1.3339997529983518
decision_type=2 8 2 2 10 8 10 8 10 2 8
left_child=3 6 -3 10 -4 -6 7 -2 -9 -10 -1
right_child=1 2 4 -5 5 -7 -8 8 9 -11 -12
leaf_value=-0.00021356151321202585 1.5659632916555656e-05 -2.1742413703872595e-05 -0.00014868610971029343 -6.8162692544006655e-05 1.5305995613285283e-06 0.00017800025179552095 -3.9943719482366429e-06 7.1269476965053795e-05 0.0029761908396137458 0.00058034189316009813 -0.00011162882049524793
leaf_weight=9452 1113559 438214 3819 63631 820045 4568 209717 644 27 247 22053
leaf_count=9452 1113559 438214 3819 63631 820045 4568 209717 644 27 247 22053
internal_value=1.03837e-08 3.41525e-06 -6.33687e-06 -9.27047e-05 1.81121e-06 2.50939e-06 1.27442e-05 1.58946e-05 0.000299716 0.000831117 -0.000142243
internal_weight=2.68598e+06 2.59084e+06 1.26665e+06 95136 828432 824613 1.32419e+06 1.11448e+06 918 274 31505
internal_count=2685976 2590840 1266646 95136 828432 824613 1324194 1114477 918 274 31505
is_linear=0
shrinkage=0.00523217


Tree=73
num_leaves=12
num_cat=0
split_feature=7 10 22 4 8 13 4 21 12 12 13
split_gain=8.54975 4.73574 4.48338 3.27488 2.84976 2.60202 3.49639 3.13254 2.30713 2.11742 1.78363
threshold=0.60555830597877514 0.86715707182884227 -1.6565974950790403 2.8695944547653203 inf 2.7041847705841069 1.2593910098075869 1.410807251930237 -2.474256038665771 0.39696630835533148 -0.1521971449255943
decision_type=8 10 10 8 8 10 10 2 8 8 10
left_child=1 8 -2 4 9 7 -7 -6 -1 -4 -10
right_child=2 -3 3 -5 5 6 -8 -9 10 -11 -12
leaf_value=-3.2148705037487001e-05 -7.4329164643256886e-05 -1.2634427336103005e-05 -1.8423294950394362e-05 -0.00016312996767158758 0.0001758134276855248 0.00045119745851341286 0.0039197492675497681 -0.00047913688034815545 1.6370962050222903e-05 9.270756696133116e-07 5.2415232967608562e-06
leaf_weight=35798 33443 320047 470465 3920 1320 495 6.9999999999999991 234 725212 230615 864320
leaf_count=35798 33443 320047 470465 3920 1320 495 7 234 725212 230615 864320
internal_value=1.39121e-09 5.76108e-06 -1.51289e-05 -1.23275e-05 -1.14854e-05 0.000182943 0.000510254 7.63859e-05 9.38387e-06 -1.2057e-05 1.03198e-05
internal_weight=2.68588e+06 1.94538e+06 740499 707056 703136 2056 502 1554 1.62533e+06 701080 1.58953e+06
internal_count=2685876 1945377 740499 707056 703136 2056 502 1554 1625330 701080 1589532
is_linear=0
shrinkage=0.00523217


Tree=74
num_leaves=12
num_cat=0
split_feature=1 1 22 7 5 3 15 20 1 16 1
split_gain=27.8489 5.19256 4.49145 3.76238 7.05958 4.48733 3.2254 4.53428 2.80443 2.21268 2.07223
threshold=1.5430440902709963 0.87268218398094188 -0.24449743330478665 inf inf -0.46498745679855341 0.088259361684322371 3.9994294643402104 2.1633050441741948 -0.066639527678489671 2.0751420259475712
decision_type=2 2 8 8 8 10 2 10 2 2 2
left_child=1 3 8 4 5 -1 -6 -8 -2 -5 -4
right_child=2 -3 10 9 6 -7 7 -9 -10 -11 -12
leaf_value=-8.1023632255773601e-06 -7.8243587366389185e-05 -1.6217842061883272e-05 -2.8106871471562796e-05 -0.00027909003307628993 0.00015365980077381588 1.0575966751392088e-05 0.00049976482375531882 0.0027823986608994152 -0.0001573466960741258 -7.5403716031258135e-06 -7.5018980596480567e-05
leaf_weight=439288 39364 296260 68491 1990 6007 1773407 308 25 17884 1409 41420
leaf_count=439288 39364 296260 68491 1990 6007 1773407 308 25 17884 1409 41420
internal_value=1.67545e-08 4.35739e-06 -6.53812e-05 7.10052e-06 7.36735e-06 6.86738e-06 0.000181699 0.000682772 -0.000102972 -0.000166802 -4.57936e-05
internal_weight=2.68585e+06 2.51869e+06 167159 2.22243e+06 2.21904e+06 2.2127e+06 6340 333 57248 3399 109911
internal_count=2685853 2518694 167159 2222434 2219035 2212695 6340 333 57248 3399 109911
is_linear=0
shrinkage=0.00523217


Tree=75
num_leaves=12
num_cat=0
split_feature=7 8 5 17 7 5 20 5 5 8 21
split_gain=8.45205 4.36157 4.22502 3.08372 3.03582 5.95843 2.80918 2.70187 2.41089 2.55975 4.252
threshold=0.60555830597877514 -0.90951073169708241 1.1671420335769656 -0.10123684629797934 0.60555830597877514 1.1671420335769656 0.25321961939334875 2.6755261421203618 inf 1.5226646065711977 -0.54540604352951039
decision_type=8 8 10 2 10 8 8 10 8 8 2
left_child=1 -1 4 8 -2 6 -6 -5 -3 10 -10
right_child=2 3 -4 7 5 -7 -8 -9 9 -11 -12
leaf_value=-1.300883742325712e-05 -0.0001659270821003719 1.6166489263788986e-05 -4.5335205230873547e-05 3.52904828293977e-06 -3.1199363007682084e-06 0.00017220816266932438 -2.7233159877104822e-05 -5.7886861991806541e-05 0.00036985928810464393 0.00013322180579823368 0.0024488023024664507
leaf_weight=289300 3394 802333 107682 833188 434256 4925 190245 20080 87 274 39
leaf_count=289300 3394 802333 107682 833188 434256 4925 190245 20080 87 274 39
internal_value=7.27171e-09 5.73415e-06 -1.50362e-05 9.00901e-06 -9.87907e-06 -9.03604e-06 -1.0467e-05 2.08273e-06 1.63703e-05 0.000421951 0.00103643
internal_weight=2.6858e+06 1.9453e+06 740502 1.656e+06 632820 629426 624501 853268 802733 400 126
internal_count=2685803 1945301 740502 1656001 632820 629426 624501 853268 802733 400 126
is_linear=0
shrinkage=0.00523217


Tree=76
num_leaves=12
num_cat=0
split_feature=9 2 6 22 18 22 8 6 6 22 20
split_gain=14.8413 7.10103 6.24314 3.35091 3.74046 3.26032 3.15829 2.96084 2.86542 2.23438 2.04972
threshold=0.29288810491561895 0.084261376410722746 -2.399791836738586 -0.98321911692619313 inf -0.25622746348381037 inf -0.035053735598921769 -0.57154098153114308 -0.11724827438592909 3.4190702438354497
decision_type=8 8 2 10 8 8 8 2 2 8 10
left_child=1 -1 9 -3 6 -4 8 -8 -5 -2 -7
right_child=2 3 5 4 -6 10 7 -9 -10 -11 -12
leaf_value=1.4828255674809753e-05 -0.00013553243425818158 -3.1330765887701492e-05 -4.1780434402422118e-05 -1.9479768151943283e-05 -0.00020535404383401469 -9.5861209961234491e-06 0.00070970387218414609 0.0001260956364076716 3.4212379349696957e-06 -5.4374841712428013e-05 -0.00017669679424245054
leaf_weight=1117757 17411 109342 142789 182830 2441 267223 279 1631 822076 20010 2024
leaf_count=1117757 17411 109342 142789 182830 2441 267223 279 1631 822076 20010 2024
internal_value=-1.22852e-08 5.50125e-06 -2.74476e-05 -3.81803e-06 -8.36491e-07 -2.15683e-05 -3.39605e-07 0.000212152 -7.44531e-07 -9.21599e-05 -1.08461e-05
internal_weight=2.68581e+06 2.23636e+06 449457 1.1186e+06 1.00926e+06 412036 1.00682e+06 1910 1.00491e+06 37421 269247
internal_count=2685813 2236356 449457 1118599 1009257 412036 1006816 1910 1004906 37421 269247
is_linear=0
shrinkage=0.00523217


Tree=77
num_leaves=12
num_cat=0
split_feature=1 1 9 7 8 15 7 10 18 15 4
split_gain=27.4913 5.7573 5.33043 3.77125 3.90601 3.67889 3.21788 2.24671 1.8161 1.74913 1.7348
threshold=1.4059095382690432 2.0751420259475712 0.24277189373970035 inf inf 0.068779755383729949 0.27259978652000433 0.86715707182884227 1.5121512413024905 1.0000000180025095e-35 -2.0247838497161861
decision_type=2 2 8 8 8 2 10 8 10 2 8
left_child=2 -2 3 4 6 -6 7 -1 -3 -5 -7
right_child=1 8 -4 9 5 10 -8 -9 -10 -11 -12
leaf_value=1.6234340874057436e-05 -3.9511939669952168e-05 -8.2576820583915044e-05 -1.2406516816676377e-05 -0.00027801991219796317 0.00013449240618984665 0.0013943611078203692 -2.0045319839709379e-08 -3.7800898377368085e-06 -0.00014663950831921713 -3.952747842051651e-05 0.00050384570476815307
leaf_weight=1102997 146843 46532 406899 1795 2166 80 781782 178298 16453 1602 263
leaf_count=1102997 146843 46532 406899 1795 2166 80 781782 178298 16453 1602 263
internal_value=3.05678e-08 -5.7471e-05 4.90411e-06 8.30892e-06 8.5958e-06 0.000214877 8.34442e-06 1.34486e-05 -9.93265e-05 -0.000165838 0.000717955
internal_weight=2.68571e+06 209828 2.47588e+06 2.06898e+06 2.06559e+06 2509 2.06308e+06 1.2813e+06 62985 3397 343
internal_count=2685710 209828 2475882 2068983 2065586 2509 2063077 1281295 62985 3397 343
is_linear=0
shrinkage=0.00523217


Tree=78
num_leaves=12
num_cat=0
split_feature=0 0 2 0 22 18 5 17 22 16 22
split_gain=29.8963 7.61274 7.0811 4.13311 3.61437 2.83572 6.31841 3.66241 2.8724 2.15432 2.02637
threshold=-1.4660159349441526 -3.624077200889587 -0.067518778145313249 0.42489257454872137 -0.057399531826376908 inf inf -2.2181544303894039 -0.92435762286186207 -0.066639527678489671 0.15455056726932528
decision_type=2 2 8 2 8 8 8 2 8 2 8
left_child=1 4 -2 5 -1 6 8 -8 -4 -7 -3
right_child=2 10 3 -5 -6 9 7 -9 -10 -11 -12
leaf_value=-0.00018111774661640903 1.4733262629571005e-05 -6.4796374964271812e-05 -3.7567268104242232e-05 9.6363840991248651e-06 -8.4358574974771294e-05 -0.00027314915461635372 0.0019047141525565083 0.00015846264594815556 -6.7562239879496151e-06 -3.5229163696958695e-06 -2.2784312736021139e-05
leaf_weight=18988 1077860 72880 91653 474125 23953 1956 32 5393 862307 1396 55394
leaf_count=18988 1077860 72880 91653 474125 23953 1956 32 5393 862307 1396 55394
internal_value=4.09433e-08 -6.6857e-05 4.59604e-06 -3.00782e-06 -0.000127167 -9.23563e-06 -8.70386e-06 0.000169324 -9.71732e-06 -0.000161139 -4.66605e-05
internal_weight=2.68594e+06 171215 2.51472e+06 1.43686e+06 42941 962737 959385 5425 953960 3352 128274
internal_count=2685937 171215 2514722 1436862 42941 962737 959385 5425 953960 3352 128274
is_linear=0
shrinkage=0.00523217


Tree=79
num_leaves=12
num_cat=0
split_feature=9 6 6 13 5 11 14 11 13 11 20
split_gain=14.6151 5.8427 4.58534 3.56319 8.59451 5.17183 3.41263 3.15373 2.8523 2.63733 2.67742
threshold=0.31161199510097509 -2.399791836738586 -0.77544501423835743 inf inf 0.70192316174507152 -0.47551536560058588 -0.8835293948650359 0.38858217000961309 -0.79270121455192555 3.4190702438354497
decision_type=8 2 2 8 8 10 2 8 8 8 10
left_child=2 -2 -1 4 7 -6 -7 -4 -9 -3 -11
right_child=1 9 3 -5 5 6 -8 8 -10 10 -12
leaf_value=-1.5652676797615776e-05 -9.1300083613962078e-05 -4.6627673283150219e-05 -8.9372423153023019e-06 -0.00016178741644932057 7.954337761809331e-05 0.00035232517934030727 0.00096353525369093269 1.5035385110075295e-05 6.9008072050908344e-07 -1.2794023869532124e-05 -0.00015047070153196109
leaf_weight=253043 36503 91871 267530 3377 2270 1541 301 1165780 562705 296893 3918
leaf_count=253043 36503 91871 267530 3377 2270 1541 301 1165780 562705 296893 3918
internal_value=9.63268e-09 -2.79767e-05 5.33288e-06 7.98377e-06 8.27091e-06 0.000247199 0.000453192 7.77814e-06 1.03658e-05 -2.2088e-05 -1.45905e-05
internal_weight=2.68573e+06 429185 2.25655e+06 2.0035e+06 2.00013e+06 4112 1842 1.99602e+06 1.72848e+06 392682 300811
internal_count=2685732 429185 2256547 2003504 2000127 4112 1842 1996015 1728485 392682 300811
is_linear=0
shrinkage=0.00523217


Tree=80
num_leaves=12
num_cat=0
split_feature=0 2 0 0 18 5 16 2 0 4 5
split_gain=29.6396 8.00061 5.65152 4.70184 3.3293 4.581 2.16606 2.0316 1.83858 1.8339 1.82052
threshold=-2.1267185211181636 -0.028283502906560894 -0.035449102520942681 -4.1181745529174796 inf inf -0.066639527678489671 1.8837870359420779 0.59979584813117992 -1.3727321624755857 inf
decision_type=2 8 2 2 8 8 2 8 2 10 8
left_child=3 10 9 -1 5 8 -6 -7 -4 -3 -2
right_child=1 2 4 -5 6 7 -8 -9 -10 -11 -12
leaf_value=-0.00013940903077615867 1.3751691532852392e-05 -4.1826255918186696e-05 -2.2122143494633838e-06 -6.3075552279180181e-05 -0.00027430776398521765 0.00027311457903197268 -2.6281416429144504e-06 6.4044617426218576e-05 1.3818437067941437e-05 -1.4698839167455182e-05 0.0002418443178211487
leaf_weight=31478 1134275 82722 689397 74347 1956 2330 1373 2832 273555 390574 958
leaf_count=31478 1134275 82722 689397 74347 1956 2330 1373 2832 273555 390574 958
internal_value=3.03121e-08 3.55083e-06 -4.61615e-06 -8.57901e-05 2.60629e-06 3.1752e-06 -0.000162539 0.00015861 2.34094e-06 -1.94419e-05 1.39451e-05
internal_weight=2.6858e+06 2.57997e+06 1.44474e+06 105825 971443 968114 3329 5162 962952 473296 1.13523e+06
internal_count=2685797 2579972 1444739 105825 971443 968114 3329 5162 962952 473296 1135233
is_linear=0
shrinkage=0.00523217


Tree=81
num_leaves=12
num_cat=0
split_feature=9 6 6 4 23 20 12 20 10 6 20
split_gain=14.3441 5.72371 4.60528 3.12169 8.50681 3.54599 7.49868 2.59453 2.45636 2.09123 2.06747
threshold=0.31161199510097509 -2.399791836738586 -0.77544501423835743 inf inf 3.9994294643402104 -1.5847278237342832 3.4190702438354497 0.84701210260391246 0.0087027661502361315 -0.88189774751663197
decision_type=8 2 2 8 8 10 10 10 8 2 10
left_child=2 -2 -1 4 8 9 -7 -3 10 -6 -4
right_child=1 7 3 -5 5 6 -8 -9 -10 -11 -12
leaf_value=-1.5743336587775411e-05 -9.0384449866383356e-05 -2.049836112700496e-05 -2.3015430574960502e-06 -0.00014165724877029102 0.00037318255346383461 5.1330242458685004e-05 0.0022870906483193842 -0.00015361369979435634 -5.5259749528354073e-06 0.00011910690930712601 1.2974239408495656e-05
leaf_weight=252869 36494 388741 294074 3809 1454 99 70 4051 319934 2311 1381968
leaf_count=252869 36494 388741 294074 3809 1454 99 70 4051 319934 2311 1381968
internal_value=2.18889e-08 -2.77e-05 5.29598e-06 7.95154e-06 8.23697e-06 0.000251271 0.000991557 -2.18737e-05 7.75741e-06 0.000217528 1.02935e-05
internal_weight=2.68587e+06 429286 2.25659e+06 2.00372e+06 1.99991e+06 3934 169 392792 1.99598e+06 3765 1.67604e+06
internal_count=2685874 429286 2256588 2003719 1999910 3934 169 392792 1995976 3765 1676042
is_linear=0
shrinkage=0.00523217


Tree=82
num_leaves=12
num_cat=0
split_feature=1 1 9 7 8 7 22 11 22 22 22
split_gain=26.5926 5.56595 5.18465 3.51058 3.6029 3.10527 3.00791 2.99799 2.65283 2.56371 2.33754
threshold=1.4059095382690432 2.0017727613449101 0.24277189373970035 inf inf 0.27259978652000433 -0.25622746348381037 0.046735716983675964 -1.8165047168731687 -0.12223805487155913 -0.23894175887107846
decision_type=2 2 8 8 8 10 8 10 10 8 8
left_child=2 10 3 4 5 -1 -3 -6 -7 -4 -2
right_child=1 6 9 -5 7 8 -8 -9 -10 -11 -12
leaf_value=1.3184761139290565e-05 -6.6486183435930481e-05 -0.00014063771124798053 -2.6612782326458269e-05 -0.00015985933723553931 -8.4218671533701055e-05 -6.9532759759105995e-05 -6.9521788506649975e-05 0.00031820010536123144 1.2900029058414571e-06 -2.4249505011488271e-07 -2.103208656453636e-05
leaf_weight=1281374 47540 24566 185921 3398 698 14756 48554 1818 767060 220904 89112
leaf_count=1281374 47540 24566 185921 3398 698 14756 48554 1818 767060 220904 89112
internal_value=-1.36486e-08 -5.65763e-05 4.7783e-06 8.13579e-06 8.41262e-06 8.17085e-06 -9.34274e-05 0.000206253 -4.57821e-08 -1.22959e-05 -3.68515e-05
internal_weight=2.6857e+06 209772 2.47593e+06 2.0691e+06 2.06571e+06 2.06319e+06 73120 2516 781816 406825 136652
internal_count=2685701 209772 2475929 2069104 2065706 2063190 73120 2516 781816 406825 136652
is_linear=0
shrinkage=0.00523217


Tree=83
num_leaves=12
num_cat=0
split_feature=9 6 6 13 23 22 18 23 22 6 22
split_gain=14.0547 5.56324 4.46514 3.51619 5.37936 3.14785 2.77024 2.3817 2.19951 2.19715 2.14708
threshold=0.31161199510097509 -2.399791836738586 -0.32254146039485926 inf inf -0.25622746348381037 2.1293375492095952 inf 0.14086005091667178 -3.7100228071212764 -0.11724827438592909
decision_type=8 2 2 8 8 8 10 8 10 2 8
left_child=2 10 7 4 -4 -3 -6 8 9 -1 -2
right_child=1 5 3 -5 6 -7 -8 -9 -10 -11 -12
leaf_value=-0.00011837460928915043 -0.00013232427853661068 -4.2065214019776474e-05 8.8244424515218541e-06 -0.00016025788781525279 -6.4990660786407091e-05 -1.0911108430274541e-05 0.00027899738655391812 0.00020027335146765467 5.864156664098637e-06 -1.6439678323793263e-05 -5.1758081675252914e-05
leaf_weight=5908 16960 135735 1796637 3355 810 256996 2999 1476 154568 290953 19535
leaf_count=5908 16960 135735 1796637 3355 810 256996 2999 1476 154568 290953 19535
internal_value=1.74703e-08 -2.74257e-05 5.23753e-06 8.92559e-06 9.2414e-06 -2.16807e-05 0.000205639 -9.44926e-06 -1.01373e-05 -1.84715e-05 -8.9224e-05
internal_weight=2.68593e+06 429226 2.25671e+06 1.8038e+06 1.80045e+06 392731 3809 452905 451429 296861 36495
internal_count=2685932 429226 2256706 1803801 1800446 392731 3809 452905 451429 296861 36495
is_linear=0
shrinkage=0.00523217


Tree=84
num_leaves=12
num_cat=0
split_feature=0 2 0 22 18 5 0 15 22 0 22
split_gain=28.8469 7.99959 5.89251 4.36668 3.17877 4.45855 2.82608 2.53951 2.47478 2.12984 2.0094
threshold=-2.2876532077789302 -0.067518778145313249 -0.035449102520942681 -0.24449743330478665 inf inf -4.1181745529174796 0.088259361684322371 -0.92435762286186207 0.025766252540051941 -0.98321911692619313
decision_type=2 8 2 8 8 8 2 2 8 2 10
left_child=3 -2 8 6 5 10 -1 -7 -3 -6 -4
right_child=1 2 4 -5 9 7 -8 -9 -10 -11 -12
leaf_value=-0.00020872797005612776 1.395979288397082e-05 -5.3862478029826505e-05 -2.2176782815750782e-05 -6.3852607371613288e-05 -1.1759224763921434e-05 0.0001284351571520978 -0.00010472003815608176 0.00064166571622514118 -1.5488598277217398e-05 -0.00027851000531782261 4.6092317424085858e-06
leaf_weight=10624 1096445 51419 83703 62413 1495 4887 22090 279 439026 1830 911294
leaf_count=10624 1096445 51419 83703 62413 1495 4887 22090 279 439026 1830 911294
internal_value=-5.88976e-08 3.22698e-06 -4.64964e-06 -8.95431e-05 2.61416e-06 3.15196e-06 -0.000138528 0.000156449 -1.95135e-05 -0.000158861 2.35506e-06
internal_weight=2.6855e+06 2.59038e+06 1.49393e+06 95127 1.00349e+06 1.00016e+06 32714 5166 490445 3325 994997
internal_count=2685505 2590378 1493933 95127 1003488 1000163 32714 5166 490445 3325 994997
is_linear=0
shrinkage=0.00523217


Tree=85
num_leaves=12
num_cat=0
split_feature=2 5 22 13 5 13 13 5 17 22 22
split_gain=11.5123 6.64531 3.16481 2.99018 3.29745 3.0325 2.88104 2.57515 3.09394 6.75696 4.28518
threshold=0.26575288176536566 1.1671420335769656 -0.77785184979438771 inf 1.1671420335769656 2.7041847705841069 0.31295143067836767 inf -1.574272572994232 -0.12223805487155913 -0.92435762286186207
decision_type=8 10 10 8 8 10 10 8 2 10 10
left_child=6 2 -2 4 -4 -6 -1 -8 9 10 -9
right_child=1 -3 3 -5 5 -7 7 8 -10 -11 -12
leaf_value=1.4197645509609046e-05 -2.863397777642847e-05 -4.4518907325778268e-05 -3.7043255404113642e-06 -0.00019068524946587898 6.3611340709754136e-05 0.00038545271766359001 -2.2756191647913985e-06 0.0015125022144925741 0.00020382441917025468 0.00019806864664221848 0.0065911558322427725
leaf_weight=1072997 162516 152036 856675 2328 3513 1041 433980 12.000000000000002 620 43 7.9999999999999991
leaf_count=1072997 162516 152036 856675 2328 3513 1041 433980 12 620 43 8
internal_value=1.81545e-08 -1.22358e-05 -7.45152e-06 -3.46415e-06 -2.95687e-06 0.000137438 9.59413e-06 -1.76813e-06 0.000318965 0.00141496 0.00383632
internal_weight=2.68577e+06 1.17811e+06 1.02607e+06 863557 861229 4554 1.50766e+06 434663 683 63 20
internal_count=2685769 1178109 1026073 863557 861229 4554 1507660 434663 683 63 20
is_linear=0
shrinkage=0.00523217


Tree=86
num_leaves=12
num_cat=0
split_feature=0 2 0 0 7 5 3 5 0 0 2
split_gain=28.6046 7.91078 5.34724 3.99682 3.14043 4.21404 2.46843 2.19249 2.1173 1.8497 1.77299
threshold=-2.2876532077789302 0.13789775967597964 -0.035449102520942681 -4.1181745529174796 inf inf -1.3339997529983518 inf 0.025766252540051941 0.57726928591728222 2.0410968065261845
decision_type=2 8 2 2 8 8 8 8 2 2 8
left_child=3 7 -3 6 5 9 -1 -2 -6 -4 -7
right_child=1 2 4 -5 8 10 -8 -9 -10 -11 -12
leaf_value=-0.00020819623791329284 1.2006773587084061e-05 -2.0874661847983517e-05 -3.6860075268644856e-06 -6.5243371222556653e-05 -1.1067048798602543e-05 0.0002496745958687078 -0.00010693422408071079 0.00024907404771783962 -0.00027593306636949905 1.3473450870380027e-05 5.2890370862182012e-05
leaf_weight=9450 1323069 438117 574552 63663 1499 2564 22029 1068 1858 245417 2477
leaf_count=9450 1323069 438117 574552 63663 1499 2564 22029 1068 1858 245417 2477
internal_value=-1.51415e-08 3.25686e-06 -6.09152e-06 -8.91157e-05 1.72621e-06 2.37713e-06 -0.000137365 1.21988e-05 -0.000157947 1.44886e-06 0.000153175
internal_weight=2.68576e+06 2.59062e+06 1.26648e+06 95142 828367 825010 31479 1.32414e+06 3357 819969 5041
internal_count=2685763 2590621 1266484 95142 828367 825010 31479 1324137 3357 819969 5041
is_linear=0
shrinkage=0.00523217


Tree=87
num_leaves=12
num_cat=0
split_feature=0 0 0 7 7 23 17 9 4 16 21
split_gain=28.4033 7.27998 5.93368 3.99475 2.52419 5.5244 3.90426 2.41444 2.40733 2.08473 1.90793
threshold=-1.4660159349441526 -3.624077200889587 0.4392379373311997 0.60555830597877514 -1.0000000180025095e-35 inf -2.3464462757110591 -0.075562622398138032 0.34177346527576452 -0.066639527678489671 -1.7906396985054014
decision_type=2 2 2 8 10 8 2 8 8 2 2
left_child=1 -1 3 8 9 -6 -7 -4 -2 -5 -3
right_child=2 10 7 4 5 6 -8 -9 -10 -11 -12
leaf_value=-0.00012420113258223582 -2.4415538277002891e-06 8.2302876360124442e-05 2.172685760260348e-05 -0.0002649139147169957 -1.4915831471952784e-05 0.0020385200807574323 0.00014845249531606996 4.0078816854781854e-06 1.3167903734897208e-05 -1.3411566097992584e-06 -4.8655485180716642e-05
leaf_weight=42938 672430 3116 569036 1994 478091 29 4959 334344 452400 1407 125078
leaf_count=42938 672430 3116 569036 1994 478091 29 4959 334344 452400 1407 125078
internal_value=-2.39315e-09 -6.5226e-05 4.43597e-06 -1.58151e-06 -1.41089e-05 -1.31068e-05 0.000160083 1.51699e-05 3.83577e-06 -0.000156148 -4.54653e-05
internal_weight=2.68582e+06 171132 2.51469e+06 1.61131e+06 486480 483079 4988 903380 1.12483e+06 3401 128194
internal_count=2685822 171132 2514690 1611310 486480 483079 4988 903380 1124830 3401 128194
is_linear=0
shrinkage=0.00523217


Tree=88
num_leaves=12
num_cat=0
split_feature=3 10 5 5 4 5 15 20 14 22 14
split_gain=9.16647 6.31112 5.81423 4.11247 4.04937 3.04841 2.48493 4.59924 3.06648 2.4587 9.2964
threshold=-0.65579557418823231 0.88690277934074413 inf 2.6755261421203618 1.8089529275894167 inf 0.088259361684322371 3.9994294643402104 -2.3208273649215694 -0.83680784702301014 0.44003300368785864
decision_type=8 8 8 10 8 8 2 10 2 8 2
left_child=2 -2 3 -1 6 -3 9 8 -8 10 -4
right_child=1 5 4 -5 -6 -7 7 -9 -10 -11 -12
leaf_value=-1.9033321523360622e-05 8.7278317000950853e-06 -1.3748639578097187e-05 0.00034726363891524092 -8.8726305166288443e-05 -6.5997265853466315e-05 -0.00024341744630518953 0.0012841602935539705 0.0027533740962262976 9.6518084338968385e-05 0.00012919036859848648 0.0036090363021584349
leaf_weight=467146 1805030 379304 521 24396 2322 1588 84 25 204 4962 24
leaf_count=467146 1805030 379304 521 24396 2322 1588 84 25 204 4962 24
internal_value=2.17386e-08 4.64364e-06 -2.01956e-05 -2.24941e-05 0.000118453 -1.4709e-05 0.000192179 0.00064576 0.000449524 0.00016612 0.000499871
internal_weight=2.68561e+06 2.18592e+06 499684 491542 8142 380892 5820 313 288 5507 545
internal_count=2685606 2185922 499684 491542 8142 380892 5820 313 288 5507 545
is_linear=0
shrinkage=0.00523217


Tree=89
num_leaves=12
num_cat=0
split_feature=0 0 2 0 18 23 11 3 3 16 20
split_gain=27.8441 7.11405 6.67472 3.91618 2.58276 5.33734 2.60492 2.29055 2.22 2.07338 1.9454
threshold=-1.4660159349441526 -3.624077200889587 -0.067518778145313249 0.42489257454872137 inf inf 0.27984125912189489 -0.04700114764273166 -2.6630805730819698 -0.066639527678489671 -0.15222070366144178
decision_type=2 2 8 2 8 8 10 8 8 2 10
left_child=1 8 10 4 5 7 -7 -4 -1 -6 -2
right_child=2 -3 3 -5 9 6 -8 -9 -10 -11 -12
leaf_value=-0.00022525433573275787 7.9172217312347327e-06 -4.5042555995354703e-05 -1.7820636041364195e-05 9.3282081631072326e-06 -0.00026343156793566367 -1.7701665859581149e-05 0.00022828385160172997 -1.5959382233899245e-06 -0.00010898633544742124 0 2.2056745887924992e-05
leaf_weight=5122 595811 128248 463299 473988 1963 1688 3858 490529 37793 1395 482155
leaf_count=5122 595811 128248 463299 473988 1963 1688 3858 490529 37793 1395 482155
internal_value=5.76864e-09 -6.45658e-05 4.4012e-06 -2.98202e-06 -9.04363e-06 -8.53563e-06 0.000153282 -9.47755e-06 -0.000122888 -0.000153884 1.42423e-05
internal_weight=2.68585e+06 171163 2.51469e+06 1.43672e+06 962732 959374 5546 953828 42915 3358 1.07797e+06
internal_count=2685849 171163 2514686 1436720 962732 959374 5546 953828 42915 3358 1077966
is_linear=0
shrinkage=0.00523217


Tree=90
num_leaves=12
num_cat=0
split_feature=9 3 23 19 6 17 8 8 7 12 6
split_gain=13.6006 5.42036 5.38491 6.99929 5.23771 4.76776 10.1835 3.55546 3.21852 2.44246 2.44207
threshold=0.31161199510097509 -0.46498745679855341 inf 3.9804273843765263 -2.399791836738586 -2.2181544303894039 1.3826233148574831 inf 0.43581472337245947 -0.16433744877576825 -3.7100228071212764
decision_type=8 10 8 8 2 2 10 8 8 10 2
left_child=1 2 10 5 -2 6 -4 8 -3 -10 -1
right_child=4 7 3 -5 -6 -7 -8 -9 9 -11 -12
leaf_value=-0.00011064480742216863 -8.6957805458652766e-05 1.396380328250913e-05 0.00064925078052365112 -7.9503136514794099e-05 -2.1426073017429706e-05 0.00024437004570376878 0.006550635042963421 -0.00024150882897880203 -1.958132507469621e-05 5.793057117842358e-06 -1.1152729889725966e-05
leaf_weight=6854 36502 1276845 41 2605 392778 4265 8.9999999999999982 1544 147463 351060 466039
leaf_count=6854 36502 1276845 41 2605 392778 4265 9 1544 147463 351060 466039
internal_value=-5.51971e-09 5.12917e-06 -1.04747e-05 0.000134401 -2.70004e-05 0.00026371 0.00185394 9.34307e-06 9.56184e-06 -1.7111e-06 -1.25967e-05
internal_weight=2.686e+06 2.25672e+06 479813 6920 429280 4315 50 1.77691e+06 1.77537e+06 498523 472893
internal_count=2686005 2256725 479813 6920 429280 4315 50 1776912 1775368 498523 472893
is_linear=0
shrinkage=0.00523217


Tree=91
num_leaves=12
num_cat=0
split_feature=1 2 1 3 5 17 24 13 5 24 13
split_gain=25.0635 6.24607 5.23153 2.97293 3.45334 3.82119 4.95508 3.93889 3.37313 2.97504 2.4978
threshold=1.4059095382690432 -0.067518778145313249 2.0017727613449101 -0.44862213730812067 inf -2.2181544303894039 -1.0421660542488096 2.7041847705841069 inf 0.14866552501916888 0.16949200630187991
decision_type=2 8 2 10 8 2 10 10 8 8 8
left_child=1 10 -2 4 -3 6 -6 -7 9 -5 -1
right_child=2 3 -4 8 5 7 -8 -9 -10 -11 -12
leaf_value=1.9675714953856437e-05 -3.5772186088932481e-05 -1.609526348499812e-05 -9.0618312382959864e-05 1.1185823148908385e-05 0.0045324499455671376 3.7280382111078031e-05 0.00027499293128306775 0.0003710901996466289 -0.00024246872825035216 -7.0974474876161097e-06 2.4913756333887496e-06
leaf_weight=728193 136707 417780 73122 532083 10.999999999999998 6042 21 1153 1536 449390 339684
leaf_count=728193 136707 417780 73122 532083 11 6042 21 1153 1536 449390 339684
internal_value=1.42763e-08 4.66765e-06 -5.48894e-05 -2.56916e-06 -1.41319e-05 9.92395e-05 0.00187202 9.09372e-05 2.42922e-06 2.81359e-06 1.42103e-05
internal_weight=2.68572e+06 2.47589e+06 209829 1.40802e+06 425007 7227 32 7195 983009 981473 1.06788e+06
internal_count=2685722 2475893 209829 1408016 425007 7227 32 7195 983009 981473 1067877
is_linear=0
shrinkage=0.00523217


Tree=92
num_leaves=12
num_cat=0
split_feature=1 2 1 3 5 11 5 9 12 15 9
split_gain=24.8952 6.26662 5.21085 2.93045 3.43258 4.91686 3.26573 2.50969 2.21373 2.44175 27.2204
threshold=1.4059095382690432 -0.067518778145313249 2.0017727613449101 -0.44862213730812067 inf 0.27984125912189489 inf 1.8937344551086428 0.32875788211822515 3.574918389320374 0.44229306280612951
decision_type=2 8 2 10 8 10 8 10 10 2 10
left_child=1 8 -2 4 -3 -6 -5 -7 -1 -10 -11
right_child=2 3 -4 6 5 7 -8 -9 9 10 -12
leaf_value=2.221387197863269e-05 -3.565360081787394e-05 -1.6059157038710262e-05 -9.0393663667933435e-05 2.7184716708792196e-06 -4.6004844352740959e-05 0.00025686270827404402 -0.00023870609203553413 -0.00037257772623866119 6.6717732908401463e-06 0.00017495543655653226 0.0083904247634830811
leaf_weight=499959 136703 417870 73113 981461 3396 3662 1535 180 566980 924 9.9999999999999982
leaf_count=499959 136703 417870 73113 981461 3396 3662 1535 180 566980 924 10
internal_value=-1.11243e-08 4.62572e-06 -5.47327e-05 -2.62263e-06 -1.41007e-05 9.88423e-05 2.34037e-06 0.000227059 1.41842e-05 7.11385e-06 0.000274268
internal_weight=2.68579e+06 2.47598e+06 209816 1.4081e+06 425108 7238 982996 3842 1.06787e+06 567914 934
internal_count=2685793 2475977 209816 1408104 425108 7238 982996 3842 1067873 567914 934
is_linear=0
shrinkage=0.00523217


Tree=93
num_leaves=12
num_cat=0
split_feature=6 2 6 7 5 17 14 3 12 13 5
split_gain=13.0055 5.53191 4.07278 2.81561 5.00786 3.42628 8.43708 2.86313 2.89703 2.51731 2.49055
threshold=-0.77544501423835743 -0.028283502906560894 -3.3290128707885738 inf inf -2.2181544303894039 -0.44505167007446284 -0.44862213730812067 -0.14094129204750058 0.25857381522655493 inf
decision_type=2 8 2 8 8 2 2 8 10 10 8
left_child=2 9 -1 4 7 6 -6 -3 -9 -2 -11
right_child=1 3 -4 -5 5 -7 -8 8 -10 10 -12
leaf_value=-8.538343025628487e-05 1.8642537293263285e-05 -1.6063585729870237e-05 -2.312422438592215e-05 -0.00015324978396153552 -0.0002898799627772596 0.000167291423965242 0.0051050389788232604 -1.3516327113920546e-05 7.5374895903442833e-06 1.1278066964919195e-07 0.00039044224669793407
leaf_weight=31340 753630 332462 351561 3392 19.000000000000004 4027 11.999999999999998 244693 665501 298678 447
leaf_count=31340 753630 332462 351561 3392 19 4027 12 244693 665501 298678 447
internal_value=1.32054e-08 4.70836e-06 -2.82224e-05 -2.73287e-06 -2.32256e-06 0.000181151 0.00188432 -2.92253e-06 1.87657e-06 1.35453e-05 7.00298e-07
internal_weight=2.68576e+06 2.30286e+06 382901 1.25011e+06 1.24671e+06 4058 31 1.24266e+06 910194 1.05276e+06 299125
internal_count=2685762 2302861 382901 1250106 1246714 4058 31 1242656 910194 1052755 299125
is_linear=0
shrinkage=0.00523217


Tree=94
num_leaves=12
num_cat=0
split_feature=0 0 22 13 19 4 22 0 0 0 0
split_gain=27.339 7.29398 4.20861 3.25633 3.14971 2.96952 3.25195 2.78686 2.65643 1.99668 1.55552
threshold=-2.2876532077789302 -0.021168575622141358 -0.24449743330478665 2.7041847705841069 inf -0.059565894305706017 -0.77785184979438771 0.72833058238029491 -4.1181745529174796 0.025766252540051941 -4.1181745529174796
decision_type=2 2 8 10 8 10 8 2 2 2 2
left_child=2 5 8 4 7 6 -2 -3 -1 -6 -4
right_child=1 3 10 -5 9 -7 -8 -9 -10 -11 -12
leaf_value=-0.00020341905811134634 -5.3076532179554085e-05 5.6378763225056974e-06 -9.8823134368417515e-05 0.00027389238811986597 -4.7578089223039599e-06 3.2111622645166318e-06 -1.3137753746046011e-05 2.1714973630011608e-05 -0.00010249725440317503 -0.00025768537904744345 -4.3372857165497107e-05
leaf_weight=10601 64740 1479950 20853 1266 1514 266879 405607 368784 22084 1980 41532
leaf_count=10601 64740 1479950 20853 1266 1514 266879 405607 368784 22084 1980 41532
internal_value=-4.39105e-09 3.19311e-06 -8.71458e-05 8.73015e-06 8.5483e-06 -1.07267e-05 -1.86369e-05 8.84537e-06 -0.000135261 -0.000148357 -6.19222e-05
internal_weight=2.68579e+06 2.59072e+06 95070 1.85349e+06 1.85223e+06 737226 470347 1.84873e+06 32685 3494 62385
internal_count=2685790 2590720 95070 1853494 1852228 737226 470347 1848734 32685 3494 62385
is_linear=0
shrinkage=0.00523217


Tree=95
num_leaves=12
num_cat=0
split_feature=0 0 0 4 0 4 23 17 0 15 16
split_gain=26.6628 7.22265 3.79731 2.96839 2.82555 2.29957 6.59594 3.38085 1.75631 1.34384 1.29773
threshold=-2.2876532077789302 -0.021168575622141358 -4.1181745529174796 -1.2768425941467283 0.72833058238029491 inf inf -2.2181544303894039 -1.1328307986259458 2.0604013204574589 -0.066639527678489671
decision_type=2 2 2 8 2 8 8 2 2 2 2
left_child=2 3 -1 -2 5 6 -3 -8 9 -5 -7
right_child=1 4 -4 8 -6 10 7 -9 -10 -11 -12
leaf_value=-0.00013303649864865167 -3.6789012758849007e-05 5.1861655090113982e-06 -6.274347542678997e-05 -2.8243679002555422e-05 2.1634848087475979e-05 -0.00017155957271823303 0.0013979804412884418 0.00017782534662468382 -2.4943556746538871e-06 0.00010027418933083022 -2.4637968730292824e-06
leaf_weight=31495 102689 1474288 63633 106888 368797 3130 62 5072 525333 2271 2076
leaf_count=31495 102689 1474288 63633 106888 368797 3130 62 5072 525333 2271 2076
internal_value=3.14312e-09 3.16251e-06 -8.60259e-05 -1.06896e-05 8.67246e-06 5.45192e-06 5.83875e-06 0.000193035 -6.46417e-06 -2.55615e-05 -0.000104299
internal_weight=2.68573e+06 2.59061e+06 95128 737181 1.85342e+06 1.48463e+06 1.47942e+06 5134 634492 109159 5206
internal_count=2685734 2590606 95128 737181 1853425 1484628 1479422 5134 634492 109159 5206
is_linear=0
shrinkage=0.00523217


Tree=96
num_leaves=12
num_cat=0
split_feature=0 2 0 0 2 23 3 11 17 0 23
split_gain=26.5348 7.42282 5.00191 3.77335 2.56829 4.11528 2.35843 2.28007 2.25489 2.05496 1.84199
threshold=-2.2876532077789302 0.13789775967597964 -0.035449102520942681 -4.1181745529174796 -1.0000000180025095e-35 inf -1.3339997529983518 -0.90246811509132374 -2.2181544303894039 0.025766252540051941 inf
decision_type=2 8 2 2 10 8 8 8 2 2 8
left_child=3 7 -3 6 9 -6 -1 -2 -7 -4 -9
right_child=1 2 4 -5 5 8 -8 10 -10 -11 -12
leaf_value=-0.00020193780732398893 -8.1656463249924415e-06 -2.0175244833444872e-05 0 -6.2608602569631122e-05 1.4350189911270274e-06 0.001587070934060247 -0.00010294945516777963 1.3988955882194257e-05 0.00014892858714833979 -0.0002433668273114147 0.000223068247084686
leaf_weight=9449 139514 438219 1723 63610 820011 29 22024 1183487 4556 2101 1154
leaf_count=9449 139514 438219 1723 63610 820011 29 22024 1183487 4556 2101 1154
internal_value=2.43312e-08 3.17516e-06 -5.8795e-06 -8.58191e-05 1.68173e-06 2.31014e-06 -0.0001327 1.18371e-05 0.000158607 -0.000133576 1.41935e-05
internal_weight=2.68588e+06 2.59079e+06 1.26664e+06 95083 828420 824596 31473 1.32416e+06 4585 3824 1.18464e+06
internal_count=2685877 2590794 1266639 95083 828420 824596 31473 1324155 4585 3824 1184641
is_linear=0
shrinkage=0.00523217


Tree=97
num_leaves=12
num_cat=0
split_feature=1 9 1 3 4 18 1 11 11 6 18
split_gain=23.7728 5.14727 3.9048 3.51703 3.3867 2.87256 6.62636 2.55979 2.19108 1.88304 1.68252
threshold=1.5430440902709963 0.30178278684616094 2.2611397504806523 -0.46498745679855341 inf 2.3977624177932744 -1.2811324000358579 -0.8835293948650359 1.0491058230400088 -3.3290128707885738 -2.0896196365356441
decision_type=2 8 2 8 8 10 2 10 10 2 8
left_child=1 3 -2 5 7 -1 8 -5 -7 -4 -9
right_child=2 -3 9 4 -6 6 -8 10 -10 -11 -12
leaf_value=-8.9211295526246432e-06 -4.5823835931114034e-05 -1.4414862023095881e-05 -0.00017023833539069673 -5.7117531611626082e-06 -0.00023730922080008403 0.00012852886389281916 1.4364361158022885e-08 7.1616488604046464e-05 0.00035913695224971883 -8.5473779461057872e-05 1.2598087008405821e-05
leaf_weight=422704 125423 356708 9245 227517 1508 2601 13620 13348 2015 32527 1478465
leaf_count=422704 125423 356708 9245 227517 1508 2601 13620 13348 2015 32527 1478465
internal_value=-1.21272e-08 3.99844e-06 -6.04283e-05 7.03713e-06 1.04155e-05 -6.14563e-06 5.81418e-05 1.06334e-05 0.000229435 -0.000104257 1.31267e-05
internal_weight=2.68568e+06 2.51849e+06 167195 2.16178e+06 1.72084e+06 440940 18236 1.71933e+06 4616 41772 1.49181e+06
internal_count=2685681 2518486 167195 2161778 1720838 440940 18236 1719330 4616 41772 1491813
is_linear=0
shrinkage=0.00523217


Tree=98
num_leaves=12
num_cat=0
split_feature=0 0 22 7 23 15 14 14 4 0 0
split_gain=25.9773 6.97865 4.18131 3.14918 5.6316 2.91271 4.0798 2.90441 2.89448 2.81633 2.6608
threshold=-2.2876532077789302 -0.021168575622141358 -0.24449743330478665 inf inf 0.088259361684322371 -2.3208273649215694 -0.50050982832908619 -1.2768425941467283 0.55593222379684459 -4.1181745529174796
decision_type=2 2 8 8 8 2 2 2 8 2 2
left_child=2 8 10 4 9 7 -7 -6 -2 -3 -1
right_child=1 3 -4 -5 5 6 -8 -9 -10 -11 -12
leaf_value=-0.00020097185885503268 -3.6226990752870297e-05 3.5232901824128709e-06 -5.9748785133521454e-05 -0.00015375906407734776 9.281203024375591e-05 0.0015539930910544698 0.00027632509316179572 0.00044151649680677717 -6.2845316780256038e-06 1.7001932226523093e-05 -0.0001000222318244308
leaf_weight=10618 102709 1182677 62407 3264 4424 96 241 769 634479 662062 22080
leaf_count=10618 102709 1182677 62407 3264 4424 96 241 769 634479 662062 22080
internal_value=4.0675e-08 3.15867e-06 -8.4886e-05 8.5745e-06 8.8614e-06 0.00017557 0.000646824 0.000144693 -1.04574e-05 8.36111e-06 -0.000132834
internal_weight=2.68583e+06 2.59072e+06 95105 1.85353e+06 1.85027e+06 5530 337 5193 737188 1.84474e+06 32698
internal_count=2685826 2590721 95105 1853533 1850269 5530 337 5193 737188 1844739 32698
is_linear=0
shrinkage=0.00523217


Tree=99
num_leaves=12
num_cat=0
split_feature=0 0 2 0 7 12 15 9 0 21 9
split_gain=25.5712 6.5934 6.18857 3.7382 2.38522 2.05074 2.43134 26.9633 1.91436 1.85766 1.84055
threshold=-1.4660159349441526 -3.624077200889587 -0.067518778145313249 0.42489257454872137 inf 0.32875788211822515 3.574918389320374 0.44229306280612951 0.025766252540051941 -1.7906396985054014 -0.14179181307554242
decision_type=2 2 8 2 8 10 2 10 2 2 8
left_child=1 -1 5 4 -4 -2 10 -8 -6 -3 -7
right_child=2 9 3 -5 8 6 7 -9 -10 -11 -12
leaf_value=-0.00011803933147297621 2.1340223081376535e-05 8.3135836627228497e-05 -8.3233210681467004e-06 9.1348638039165613e-06 -9.8616554378333542e-06 1.6416052808210641e-05 0.00017450785113473248 0.0083509360016759595 -0.00026007386937360809 -4.6229659393625694e-05 -2.4318962868374753e-06
leaf_weight=42903 507841 3109 959383 474017 1534 267945 927 9.9999999999999982 1860 125102 301222
leaf_count=42903 507841 3109 959383 474017 1534 267945 927 10 1860 125102 301222
internal_value=5.37867e-09 -6.1884e-05 4.21695e-06 -2.89196e-06 -8.81413e-06 1.36932e-05 6.87984e-06 0.000273037 -0.000147264 -4.30857e-05 6.4397e-06
internal_weight=2.68585e+06 171114 2.51474e+06 1.43679e+06 962777 1.07794e+06 570104 937 3394 128211 569167
internal_count=2685853 171114 2514739 1436794 962777 1077945 570104 937 3394 128211 569167
is_linear=0
shrinkage=0.00523217


Tree=100
num_leaves=12
num_cat=0
split_feature=1 1 7 8 7 23 6 20 23 15 16
split_gain=23.0637 4.8781 3.73185 3.19776 2.522 4.48884 2.49466 2.48426 1.98078 2.78345 1.91272
threshold=1.4059095382690432 2.0017727613449101 0.49432499706745153 -0.90951073169708241 -1.0000000180025095e-35 inf -0.77544501423835743 -0.79310226440429676 inf 0.051864603534340865 -0.066639527678489671
decision_type=2 2 8 8 10 8 2 10 8 2 2
left_child=2 -2 3 -1 10 -6 -3 -5 -9 -10 -4
right_child=1 6 4 7 5 -7 -8 8 9 -11 -12
leaf_value=-9.0064018762782201e-06 -3.4217690314043891e-05 -0.00010941287205202219 -0.00025138812718550189 -1.4480209493497677e-06 -5.6700538756940916e-06 0.00014982122123001043 -4.5094432218974504e-05 1.4886216824732523e-05 9.0875033737481965e-05 0.00071372969481088328 0
leaf_weight=240142 136696 47833 1997 315561 745369 5116 25291 1165304 851 256 1407
leaf_count=240142 136696 47833 1997 315561 745369 5116 25291 1165304 851 256 1407
internal_value=-9.82145e-09 -5.26795e-05 4.45318e-06 8.70338e-06 -5.2545e-06 -4.60878e-06 -8.71795e-05 1.15737e-05 1.50972e-05 0.000236246 -0.000147332
internal_weight=2.68582e+06 209820 2.476e+06 1.72211e+06 753889 750485 73124 1.48197e+06 1.16641e+06 1107 3404
internal_count=2685823 209820 2476003 1722114 753889 750485 73124 1481972 1166411 1107 3404
is_linear=0
shrinkage=0.00523217


Tree=101
num_leaves=12
num_cat=0
split_feature=0 0 22 19 5 17 10 4 0 0 15
split_gain=25.1493 6.81973 4.22066 2.95661 5.8771 3.34924 10.0822 2.90671 2.77768 2.60646 2.47252
threshold=-2.2876532077789302 -0.021168575622141358 -0.24449743330478665 inf inf -2.2181544303894039 -1.6844422221183775 -1.2768425941467283 0.55593222379684459 -4.1181745529174796 0.088259361684322371
decision_type=2 2 8 8 8 2 8 8 2 2 2
left_child=2 7 9 4 8 6 -6 -2 -3 -1 -7
right_child=1 3 -4 -5 5 10 -8 -9 -10 -11 -12
leaf_value=-0.00019920562515268522 -3.6206534835040356e-05 3.4101560550375125e-06 -5.8304707376890593e-05 -0.00014316101920376883 0.0058971668418346104 0.00014033227727719313 0.00038825238548834655 -6.2070276326538674e-06 1.6795392280008428e-05 -9.9275298451650154e-05 0.00063070487934535104
leaf_weight=10611 102756 1182584 62397 3514 9.9999999999999982 4868 52 634550 662185 22090 299
leaf_count=10611 102756 1182584 62397 3514 10 4868 52 634550 662185 22090 299
internal_value=1.96402e-09 3.06965e-06 -8.35636e-05 8.42383e-06 8.71228e-06 0.000183862 0.0013832 -1.03891e-05 8.21527e-06 -0.000131732 0.000169002
internal_weight=2.68592e+06 2.59082e+06 95098 1.85351e+06 1.85e+06 5229 62 737306 1.84477e+06 32701 5167
internal_count=2685916 2590818 95098 1853512 1849998 5229 62 737306 1844769 32701 5167
is_linear=0
shrinkage=0.00523217


Tree=102
num_leaves=12
num_cat=0
split_feature=6 7 6 22 11 11 20 7 5 11 3
split_gain=12.1503 4.91276 3.99324 3.08716 2.81866 2.6427 2.76827 2.53354 4.23393 2.7695 2.26646
threshold=-0.701848804950714 0.60555830597877514 -3.3290128707885738 -1.6565974950790403 -0.86514216661453236 -0.85620513558387745 -0.15222070366144178 0.60555830597877514 inf 0.70192316174507152 -0.3447109162807464
decision_type=2 8 2 10 10 8 10 10 8 10 10
left_child=2 5 -1 -3 -4 -2 -7 -5 -9 -10 -8
right_child=1 3 4 7 -6 6 10 8 9 -11 -12
leaf_value=-8.2823143687002105e-05 -7.4655690023860625e-06 -6.7217871346670466e-05 -5.5213106648346961e-05 -0.00015948075119896844 -1.5455947777342845e-05 6.2000021916714023e-06 2.7216600760002851e-07 -6.4146683012516152e-06 3.6437958925402066e-05 0.00033144992936521455 2.6441898409481032e-05
leaf_weight=31370 226546 23581 57443 2930 326054 926672 114393 536823 1853 1655 436658
leaf_count=31370 226546 23581 57443 2930 326054 926672 114393 536823 1853 1655 436658
internal_value=-2.18091e-08 4.73409e-06 -2.6059e-05 -8.60848e-06 -2.14133e-05 9.17232e-06 1.17236e-05 -6.06284e-06 -5.22908e-06 0.000175912 2.10108e-05
internal_weight=2.68598e+06 2.27111e+06 414867 566842 383497 1.70427e+06 1.47772e+06 543261 540331 3508 551051
internal_count=2685978 2271111 414867 566842 383497 1704269 1477723 543261 540331 3508 551051
is_linear=0
shrinkage=0.00523217


Tree=103
num_leaves=12
num_cat=0
split_feature=0 2 0 0 7 5 9 12 9 0 5
split_gain=25.1627 7.18331 5.20279 3.60899 2.70907 3.84747 2.17488 1.97018 1.90228 1.89681 1.81427
threshold=-2.2876532077789302 -0.067518778145313249 -0.035449102520942681 -4.1181745529174796 inf inf 1.8937344551086428 0.32875788211822515 -0.14179181307554242 0.025766252540051941 0.028489075601100925
decision_type=2 8 2 2 8 8 8 10 8 2 10
left_child=3 7 10 -1 5 -4 -7 -2 -9 -6 -3
right_child=1 2 4 -5 9 6 -8 8 -10 -11 -12
leaf_value=-0.00012938173787432097 2.0623136963180312e-05 -7.2766583161494303e-06 2.2068936295082711e-06 -6.085682671524955e-05 -6.5504793497461282e-06 0.00016811584078167522 -0.00036710199102426368 1.6679008028168608e-05 -2.3821991597075883e-06 -0.00025709547128935904 -2.7497217102710817e-05
leaf_weight=31495 521294 222117 995145 63655 1498 4937 215 270423 304840 1865 268440
leaf_count=31495 521294 222117 995145 63655 1498 4937 215 270423 304840 1865 268440
internal_value=1.55378e-08 3.0849e-06 -4.37812e-06 -8.35486e-05 2.44684e-06 2.94613e-06 0.000145546 1.32551e-05 6.57682e-06 -0.000145774 -1.83433e-05
internal_weight=2.68592e+06 2.59077e+06 1.49422e+06 95150 1.00366e+06 1.0003e+06 5152 1.09656e+06 575263 3363 490557
internal_count=2685924 2590774 1494217 95150 1003660 1000297 5152 1096557 575263 3363 490557
is_linear=0
shrinkage=0.00523217


Tree=104
num_leaves=12
num_cat=0
split_feature=0 0 2 0 13 18 1 3 18 3 16
split_gain=24.7448 6.48398 5.99007 3.62103 2.43597 2.22794 2.28658 2.20838 2.04587 2.04432 1.88796
threshold=-1.4660159349441526 -3.624077200889587 -0.067518778145313249 0.4840973317623139 0.17762419581413272 inf -2.0283350944519039 -2.6630805730819698 2.1293375492095952 -0.096043672412633882 -0.066639527678489671
decision_type=2 2 8 2 8 8 2 8 10 8 2
left_child=1 7 4 5 -2 6 8 -1 -4 -8 -7
right_child=2 -3 3 -5 -6 10 9 -9 -10 -11 -12
leaf_value=-0.00021851381951295352 1.8820652568029869e-05 -4.2218618261350476e-05 -3.4433591190888867e-05 1.0411206945087432e-05 1.8836292982818934e-06 -0.00024744220034975215 -1.6306445499720247e-05 -0.00010266421381576187 0.00015471123749356624 -1.4420304542300061e-06 3.534505089827325e-06
leaf_weight=5133 738560 128238 2414 405779 339410 1958 466679 37760 4419 554223 1401
leaf_count=5133 738560 128238 2414 405779 339410 1958 466679 37760 4419 554223 1401
internal_value=2.26526e-08 -6.08553e-05 4.16564e-06 -2.82807e-06 1.34886e-05 -8.03907e-06 -7.59847e-06 -0.000116552 8.77772e-05 -8.23771e-06 -0.000142559
internal_weight=2.68597e+06 171131 2.51484e+06 1.43687e+06 1.07797e+06 1.03109e+06 1.02774e+06 42893 6833 1.0209e+06 3359
internal_count=2685974 171131 2514843 1436873 1077970 1031094 1027735 42893 6833 1020902 3359
is_linear=0
shrinkage=0.00523217


Tree=105
num_leaves=12
num_cat=0
split_feature=0 0 2 0 22 22 7 5 22 21 20
split_gain=24.5085 6.4312 5.96945 3.52324 3.40758 2.58811 2.55513 3.69081 1.90074 2.22482 1.87089
threshold=-1.4660159349441526 -3.624077200889587 -0.067518778145313249 0.4840973317623139 -0.057399531826376908 -0.92435762286186207 inf inf 0.15455056726932528 -1.7906396985054014 -0.15222070366144178
decision_type=2 2 8 2 8 8 8 8 8 2 10
left_child=1 4 10 5 -1 -4 7 -7 9 -3 -2
right_child=2 8 3 -5 -6 6 -8 -9 -10 -11 -12
leaf_value=-0.00016846939036503259 7.2059713046646644e-06 0.00011128588857367486 -3.3474173285567473e-05 1.0181506049446638e-05 -7.4497542807198402e-05 -5.6311611285206839e-06 -0.00017317718001318085 0.00013816231077790769 -1.8905678786101572e-05 -6.4506146368530301e-05 2.1071187958626157e-05
leaf_weight=18972 595812 2023 98871 405701 23949 924804 2475 4911 55346 70802 482257
leaf_count=18972 595812 2023 98871 405701 23949 924804 2475 4911 55346 70802 482257
internal_value=-1.91716e-08 -6.06137e-05 4.10297e-06 -2.8793e-06 -0.000116057 -8.01924e-06 -5.31851e-06 -4.87057e-06 -4.204e-05 -5.96101e-05 1.34091e-05
internal_weight=2.68592e+06 171092 2.51483e+06 1.43676e+06 42921 1.03106e+06 932190 929715 128171 72825 1.07807e+06
internal_count=2685923 171092 2514831 1436762 42921 1031061 932190 929715 128171 72825 1078069
is_linear=0
shrinkage=0.00523217


Tree=106
num_leaves=12
num_cat=0
split_feature=0 2 0 0 7 23 17 9 20 23 11
split_gain=24.4207 6.92915 4.67386 3.51182 2.59337 3.41946 2.26464 2.19288 2.23451 1.93849 3.86943
threshold=-2.2876532077789302 0.13789775967597964 -0.035449102520942681 -4.1181745529174796 inf inf -2.2181544303894039 0.20777508616447452 -0.15989544987678525 inf 1.1150922179222109
decision_type=2 8 2 2 8 8 2 10 10 8 10
left_child=3 7 -3 -1 5 -4 -7 8 -2 -10 -11
right_child=1 2 4 -5 -6 6 -8 -9 9 10 -12
leaf_value=-0.00012753498161396093 7.7985371143637487e-06 -1.9553833783845922e-05 1.3311482007423424e-06 -5.9942888993443187e-05 -0.0001433951946084663 0.0015694932668256856 0.00012916027455331207 -4.1350493765683089e-06 2.2276213029947813e-05 4.6793197167168826e-05 0.00078321693488357116
leaf_weight=31497 629324 438153 819942 63673 3363 29 5015 209695 484141 689 273
leaf_count=31497 629324 438153 819942 63673 3363 29 5015 209695 484141 689 273
internal_value=-8.26306e-09 3.01539e-06 -5.73364e-06 -8.23226e-05 1.57557e-06 2.16771e-06 0.000137966 1.13843e-05 1.43052e-05 2.27446e-05 0.000257317
internal_weight=2.68579e+06 2.59062e+06 1.2665e+06 95170 828349 824986 5044 1.32412e+06 1.11443e+06 485103 962
internal_count=2685794 2590624 1266502 95170 828349 824986 5044 1324122 1114427 485103 962
is_linear=0
shrinkage=0.00523217


Tree=107
num_leaves=12
num_cat=0
split_feature=1 2 22 22 3 2 1 23 2 12 3
split_gain=21.925 6.00227 4.16222 3.00848 2.64194 2.50865 2.30551 2.13791 2.7155 2.03889 1.83215
threshold=1.5430440902709963 -0.067518778145313249 -0.24449743330478665 -0.79195299744606007 -0.61385735869407643 2.6736974716186528 2.1633050441741948 inf 2.0410968065261845 0.32875788211822515 0.9647505283355714
decision_type=2 8 8 10 10 8 2 8 8 10 8
left_child=1 9 6 -3 7 -6 -2 -5 -9 10 -1
right_child=2 3 -4 4 5 -7 -8 8 -10 -11 -12
leaf_value=2.509834468569802e-05 -7.1782132781493806e-05 -2.1575221945932948e-05 -3.9185209941229093e-05 -1.526642340521181e-05 4.6894916390015386e-06 -0.00022388701789994732 -0.00014348637210730413 0.00021421953467395195 -1.393913260510397e-05 6.3759459306788518e-06 -2.1004990118840241e-06
leaf_weight=427540 39357 207826 109943 301263 923031 1315 17905 2543 3241 571169 80513
leaf_count=427540 39357 207826 109943 301263 923031 1315 17905 2543 3241 571169 80513
internal_value=-1.91182e-08 3.83259e-06 -5.80379e-05 -3.16161e-06 -5.32166e-08 4.36316e-06 -9.42195e-05 -1.3351e-05 8.62578e-05 1.31606e-05 2.07865e-05
internal_weight=2.68565e+06 2.51844e+06 167205 1.43922e+06 1.23139e+06 924346 57262 307047 5784 1.07922e+06 508053
internal_count=2685646 2518441 167205 1439219 1231393 924346 57262 307047 5784 1079222 508053
is_linear=0
shrinkage=0.00523217


Tree=108
num_leaves=12
num_cat=0
split_feature=1 22 7 1 19 5 22 22 14 13 4
split_gain=21.6708 4.72238 3.60027 2.74896 2.48442 4.9424 2.58239 2.43065 7.72561 2.60968 2.41496
threshold=1.4059095382690432 -0.23894175887107846 0.49432499706745153 2.1633050441741948 inf inf -1.6565974950790403 -0.83680784702301014 0.48595039546489721 2.7041847705841069 0.34177346527576452
decision_type=2 8 8 2 8 8 10 8 2 10 10
left_child=2 3 10 -2 5 6 -4 8 -7 -9 -1
right_child=1 -3 4 -5 -6 7 -8 9 -10 -11 -12
leaf_value=3.0588342277074593e-06 -6.6567065153103712e-05 -3.2886258958180925e-05 -5.8980649722814295e-05 -0.00014109737131387106 -0.00014267189439922485 0.00040936338919343376 -3.795364147434681e-06 5.23148707196475e-05 0.004821000600808617 0.00035594175683436257 1.5538850554904305e-05
leaf_weight=962234 54761 136945 23987 18046 3578 474 721540 3370 9.9999999999999982 1009 759787
leaf_count=962234 54761 136945 23987 18046 3578 474 721540 3370 10 1009 759787
internal_value=6.4673e-08 -5.09981e-05 4.39078e-06 -8.50532e-05 -5.14349e-06 -4.48643e-06 -5.57209e-06 0.000161747 0.000513691 0.000122536 8.56572e-06
internal_weight=2.68574e+06 209752 2.47599e+06 72807 753968 750390 745527 4863 484 4379 1.72202e+06
internal_count=2685741 209752 2475989 72807 753968 750390 745527 4863 484 4379 1722021
is_linear=0
shrinkage=0.00523217


Tree=109
num_leaves=12
num_cat=0
split_feature=0 0 2 0 3 18 23 3 12 16 3
split_gain=23.7884 6.25994 5.69843 3.45495 2.31933 2.13497 4.51535 2.11141 1.95993 1.88406 1.6367
threshold=-1.4660159349441526 -4.1181745529174796 -0.067518778145313249 0.4840973317623139 -1.3339997529983518 inf inf -0.61385735869407643 0.32875788211822515 -0.066639527678489671 0.97478917241096508
decision_type=2 2 8 2 8 8 8 8 10 2 8
left_child=1 4 8 5 -1 6 7 -4 10 -7 -2
right_child=2 -3 3 -5 -6 9 -8 -9 -10 -11 -12
leaf_value=-0.00019503491552052752 2.4620819808577443e-05 -4.4651260712221062e-05 -2.0421555213637347e-05 1.0171451270932377e-05 -9.686778749301869e-05 -0.00024437255439975638 0.00014141985215218749 -3.5886178813693489e-06 6.4940975544329258e-06 6.4319269210075571e-06 -1.4720940980341139e-06
leaf_weight=9443 430224 139689 281634 405848 22043 1957 5548 740574 570062 1400 77626
leaf_count=9443 430224 139689 281634 405848 22043 1957 5548 740574 570062 1400 77626
internal_value=-3.49181e-10 -5.96828e-05 4.06164e-06 -2.75925e-06 -0.000126341 -7.84959e-06 -7.41839e-06 -8.22715e-06 1.31553e-05 -0.000139573 2.06309e-05
internal_weight=2.68605e+06 171175 2.51487e+06 1.43696e+06 31486 1.03111e+06 1.02776e+06 1.02221e+06 1.07791e+06 3357 507850
internal_count=2686048 171175 2514873 1436961 31486 1031113 1027756 1022208 1077912 3357 507850
is_linear=0
shrinkage=0.00523217


Tree=110
num_leaves=12
num_cat=0
split_feature=0 2 0 0 7 3 12 15 9 0 9
split_gain=23.6474 6.164 5.19601 3.87194 2.52053 2.25072 1.94414 2.44624 26.6936 1.82417 1.79569
threshold=-1.7376675605773924 -0.067518778145313249 -4.1181745529174796 -0.035449102520942681 inf -1.3339997529983518 0.32875788211822515 3.574918389320374 0.44229306280612951 0.025766252540051941 -0.14179181307554242
decision_type=2 8 2 2 8 8 10 2 10 2 8
left_child=2 6 5 -3 -5 -1 -2 10 -9 -6 -8
right_child=1 3 -4 4 9 -7 7 8 -10 -11 -12
leaf_value=-0.00019319098177593842 2.0443932984500438e-05 -1.6032071942479045e-05 -4.9140892276072602e-05 2.8211943698269688e-06 -4.1480617466951549e-06 -9.652420492130078e-05 1.5819377682300709e-05 0.00017564619522516834 0.0083115546098437732 -0.0002501333280547743 -2.7600876437380336e-06
leaf_weight=9457 513503 456998 107564 1000267 1495 22030 268919 919 9.9999999999999982 1860 302576
leaf_count=9457 513503 456998 107564 1000267 1495 22030 268919 919 10 1860 302576
internal_value=-1.68495e-08 3.61084e-06 -6.64587e-05 -3.40762e-06 2.34012e-06 -0.000125589 1.30517e-05 6.41897e-06 0.000274537 -0.000140801 5.98115e-06
internal_weight=2.6856e+06 2.54655e+06 139051 1.46062e+06 1.00362e+06 31487 1.08593e+06 572424 929 3355 571495
internal_count=2685598 2546547 139051 1460620 1003622 31487 1085927 572424 929 3355 571495
is_linear=0
shrinkage=0.00523217


Tree=111
num_leaves=12
num_cat=0
split_feature=0 0 0 8 9 19 5 11 0 9 6
split_gain=23.1017 6.31291 3.84217 3.08834 2.66232 2.28793 6.21418 4.10846 1.87647 1.49917 1.32765
threshold=-2.1267185211181636 0.28381444513797766 -4.1181745529174796 -0.65470147132873524 -0.075562622398138032 inf inf 1.0491058230400088 0.025766252540051941 0.30178278684616094 -0.091013383120298372
decision_type=2 2 2 8 8 8 8 10 2 10 2
left_child=2 3 -1 9 -3 6 -5 -8 -7 -2 -4
right_child=1 4 10 5 -6 8 7 -9 -10 -11 -12
leaf_value=-0.00012424097520476171 -1.077675162264214e-05 1.782962811273607e-05 -6.7351219434219275e-05 3.9267276320575108e-07 2.2524859377270572e-06 -1.0173363721035436e-06 7.7206796369255661e-05 0.00041714680992534128 -0.00023878837005636463 -3.351056893755341e-05 -1.4802262948436889e-05
leaf_weight=31481 339460 745999 57165 879971 503028 1691 2664 1540 1980 103742 17154
leaf_count=31481 339460 745999 57165 879971 503028 1691 2664 1540 1980 103742 17154
internal_value=2.46349e-10 3.10789e-06 -7.57754e-05 -4.81979e-06 1.15568e-05 8.10281e-07 1.35246e-06 0.000202006 -0.000129516 -1.61e-05 -5.52333e-05
internal_weight=2.68588e+06 2.58008e+06 105800 1.33105e+06 1.24903e+06 887846 884175 4204 3671 443202 74319
internal_count=2685875 2580075 105800 1331048 1249027 887846 884175 4204 3671 443202 74319
is_linear=0
shrinkage=0.00523217


Tree=112
num_leaves=12
num_cat=0
split_feature=0 0 22 0 0 4 22 16 3 21 4
split_gain=22.9683 6.38665 3.90436 2.93265 2.39223 2.19108 2.09617 1.93086 2.08364 1.85585 5.59484
threshold=-2.2876532077789302 0.28381444513797766 -0.24449743330478665 -1.0307731032371519 -4.1181745529174796 0.14538575708866122 -0.92435762286186207 -0.19932434707880017 -2.0092166662216182 -2.1818845272064205 -2.1880055665969844
decision_type=2 2 8 2 2 10 8 2 8 2 8
left_child=2 3 4 9 -1 6 -5 8 -4 10 -2
right_child=1 -3 7 5 -6 -7 -8 -9 -10 -11 -12
leaf_value=-0.00019082967731716158 0.0013275511139756553 1.1451028701997338e-05 -0.0002108286725966724 -3.4491588049498262e-05 -9.5082486060149685e-05 7.2650381608255804e-06 -4.7451029095221865e-06 -2.3035066349310109e-05 -6.8830779184786303e-05 -2.870302213048799e-05 6.7670585920219292e-05
leaf_weight=10608 101 1249057 3115 71578 22095 426943 691537 27798 31519 149903 1782
leaf_count=10608 101 1249057 3115 71578 22095 426943 691537 27798 31519 149903 1782
internal_value=4.34369e-09 2.93646e-06 -7.98394e-05 -4.98874e-06 -0.000126171 -2.22555e-06 -7.53634e-06 -5.55554e-05 -8.16321e-05 -2.66477e-05 0.000136464
internal_weight=2.68604e+06 2.5909e+06 95135 1.34184e+06 32703 1.19006e+06 763115 62432 34634 151786 1883
internal_count=2686036 2590901 95135 1341844 32703 1190058 763115 62432 34634 151786 1883
is_linear=0
shrinkage=0.00523217


Tree=113
num_leaves=12
num_cat=0
split_feature=1 3 5 18 8 17 8 1 15 5 20
split_gain=20.7005 4.19793 4.03872 4.38152 3.60136 3.37482 6.64565 3.36445 2.54202 2.53269 1.97119
threshold=1.5430440902709963 -0.46498745679855341 inf 2.1293375492095952 -0.97315195202827443 -2.2181544303894039 0.98240569233894359 2.2611397504806523 0.088259361684322371 inf -0.8453976809978484
decision_type=2 8 8 10 10 2 10 2 2 8 10
left_child=1 2 -1 -4 9 6 -5 -2 -7 -3 -6
right_child=7 4 3 5 10 8 -8 -9 -10 -11 -12
leaf_value=-1.0995796423409156e-05 -4.2802853155704118e-05 -9.3861381522403644e-06 -6.9939309975908801e-05 -3.6369896140856993e-05 -1.4520412228939923e-06 0.00014752681548405288 0.0033488466135349025 -9.7047501089426809e-05 0.00063847480732056932 -0.00022172124543002326 1.2791163686346199e-05
leaf_weight=529061 125403 264695 2623 37 329035 5194 26 41769 306 1546 1386222
leaf_count=529061 125403 264695 2623 37 329035 5194 26 41769 306 1546 1386222
internal_value=1.9343e-08 3.76176e-06 -9.20989e-06 0.0001061 7.27919e-06 0.000189246 0.00138413 -5.63616e-05 0.000175119 -1.06231e-05 1.00584e-05
internal_weight=2.68592e+06 2.51874e+06 537247 8186 1.9815e+06 5563 63 167172 5500 266241 1.71526e+06
internal_count=2685917 2518745 537247 8186 1981498 5563 63 167172 5500 266241 1715257
is_linear=0
shrinkage=0.00523217


Tree=114
num_leaves=12
num_cat=0
split_feature=1 1 7 8 22 22 19 5 17 8 22
split_gain=20.472 5.56893 3.13744 2.82194 2.71132 2.62788 2.40507 4.53716 3.83488 7.98962 2.31632
threshold=1.2354218959808352 2.0017727613449101 0.49432499706745153 -0.83019381761550892 -0.25622746348381037 0.14086005091667178 inf inf -2.3464462757110591 0.98240569233894359 -1.6565974950790403
decision_type=2 2 8 8 8 8 8 8 2 10 10
left_child=2 5 3 -1 -3 -2 7 10 9 -9 -4
right_child=1 4 6 -5 -6 -7 -8 8 -10 -11 -12
leaf_value=-6.3908612679153371e-06 -4.5059896981774369e-05 -0.00012675190252282514 -5.8064713772627265e-05 1.1792942776674652e-05 -5.9251574043149711e-05 -6.8486354662862477e-06 -0.00013955985696242294 -6.0862518325682276e-05 0.00014408424321611443 0.005523658116741186 -2.9931136604573438e-06
leaf_weight=280145 114603 24583 21557 1405790 48557 86525 3577 18.000000000000004 4833 9.9999999999999982 695642
leaf_count=280145 114603 24583 21557 1405790 48557 86525 3577 18 4833 10 695642
internal_value=-1.56404e-08 -4.28495e-05 4.85554e-06 8.77093e-06 -8.19517e-05 -2.86256e-05 -4.24034e-06 -3.56865e-06 0.000155718 0.00204903 -4.64963e-06
internal_weight=2.68584e+06 274268 2.41157e+06 1.68594e+06 73140 201128 725637 722060 4861 28 717199
internal_count=2685840 274268 2411572 1685935 73140 201128 725637 722060 4861 28 717199
is_linear=0
shrinkage=0.00523217


Tree=115
num_leaves=12
num_cat=0
split_feature=0 0 22 1 0 13 5 8 22 8 16
split_gain=22.1061 6.34025 3.92766 3.27405 2.34517 2.18392 5.61403 2.3664 2.04054 1.98036 1.85431
threshold=-2.2876532077789302 0.28381444513797766 -0.24449743330478665 1.2354218959808352 -4.1181745529174796 inf inf 0.79583907127380382 -1.7234337925910947 -0.96231740713119496 -0.19932434707880017
decision_type=2 2 8 2 2 8 8 10 8 8 2
left_child=2 3 4 5 -1 6 9 -8 -5 -2 -4
right_child=1 -3 10 8 -6 -7 7 -9 -10 -11 -12
leaf_value=-0.00018891084948349405 -1.6610293735452819e-05 1.127103140836803e-05 -7.9635952173079836e-05 -0.00015080831916757483 -9.4105640138790914e-05 -0.000134670505121563 0.00011692117392088697 0.00043361738021960289 -2.3175571037395101e-05 9.8485162310292895e-07 -2.2212569589033921e-05
leaf_weight=10610 215593 1249082 34621 3497 22082 3378 5624 732 180588 932328 27808
leaf_count=10610 215593 1249082 34621 3497 22082 3378 5624 732 180588 932328 27808
internal_value=-8.8125e-08 2.78773e-06 -7.84256e-05 -5.10914e-06 -0.000124904 -1.84919e-06 -1.45965e-06 0.000153594 -2.56055e-05 -2.31904e-06 -5.40714e-05
internal_weight=2.68594e+06 2.59082e+06 95121 1.34174e+06 32692 1.15766e+06 1.15428e+06 6356 184085 1.14792e+06 62429
internal_count=2685943 2590822 95121 1341740 32692 1157655 1154277 6356 184085 1147921 62429
is_linear=0
shrinkage=0.00523217


Tree=116
num_leaves=12
num_cat=0
split_feature=0 0 22 8 0 18 23 11 3 20 11
split_gain=22.4868 6.20035 3.8209 2.99342 2.32739 2.28213 5.3325 4.69921 2.97495 2.20445 2.13354
threshold=-2.2876532077789302 0.28381444513797766 -0.24449743330478665 -0.70040297508239735 -4.1181745529174796 inf inf 1.0491058230400088 -0.67735004425048817 -0.80180907249450672 -0.90246811509132374
decision_type=2 2 8 8 2 8 8 10 8 10 10
left_child=2 3 4 -2 -1 6 8 -8 -5 -3 -11
right_child=1 9 -4 5 -6 -7 7 -9 -10 10 -12
leaf_value=-0.00018861746820036707 -1.6508741313263926e-05 3.5530762930491254e-07 -5.5011214965039075e-05 -1.981567461803249e-05 -9.42092920431316e-05 -0.00013591352347163763 5.9325101404341526e-05 0.000412721939712889 4.4506850385947244e-06 -1.4482407732482928e-05 1.7867183798469354e-05
leaf_weight=10616 420893 361462 62368 169938 22111 3352 3084 1551 742936 59819 827672
leaf_count=10616 420893 361462 62368 169938 22111 3352 3084 1551 742936 59819 827672
internal_value=-4.04703e-08 2.85979e-06 -7.90607e-05 -4.94919e-06 -0.000124864 3.33411e-07 8.32221e-07 0.00017783 -6.58107e-08 1.12496e-05 1.56858e-05
internal_weight=2.6858e+06 2.59071e+06 95095 1.34175e+06 32727 920861 917509 4635 912874 1.24895e+06 887491
internal_count=2685802 2590707 95095 1341754 32727 920861 917509 4635 912874 1248953 887491
is_linear=0
shrinkage=0.00523217


Tree=117
num_leaves=12
num_cat=0
split_feature=0 0 0 22 10 18 5 17 3 22 0
split_gain=21.9902 5.76377 5.04137 3.23797 3.0704 2.34033 5.06102 4.26604 3.14605 1.842 1.82233
threshold=-1.4660159349441526 -3.624077200889587 0.47876988351345068 -0.067897140979766832 0.85700759291648876 inf inf -2.2181544303894039 -0.67735004425048817 0.15455056726932528 0.025766252540051941
decision_type=2 2 2 8 10 8 8 2 8 8 2
left_child=1 3 4 -1 5 6 8 -8 -2 -3 -7
right_child=2 9 -4 -5 -6 10 7 -9 -10 -11 -12
leaf_value=-0.00016161932813589777 -1.6004877809186719e-05 -5.7148261193413133e-05 1.4529361591600171e-05 -6.9868764308258179e-05 -1.4416730906628252e-05 -7.0736390171343681e-07 0.0016894147159534107 0.00015408219996055855 5.8266886762882873e-06 -1.7087563271008599e-05 -0.00024628635408591133
leaf_weight=18723 216501 72840 819045 24178 378313 1516 49 4899 1092482 55382 1837
leaf_count=18723 216501 72840 819045 24178 378313 1516 49 4899 1092482 55382 1837
internal_value=-3.51594e-08 -5.74266e-05 3.87007e-06 -0.000109933 -1.27835e-06 2.49428e-06 2.84724e-06 0.000169849 2.2152e-06 -3.98517e-05 -0.000135531
internal_weight=2.68576e+06 171123 2.51464e+06 42901 1.6956e+06 1.31728e+06 1.31393e+06 4948 1.30898e+06 128222 3353
internal_count=2685765 171123 2514642 42901 1695597 1317284 1313931 4948 1308983 128222 3353
is_linear=0
shrinkage=0.00523217


Tree=118
num_leaves=12
num_cat=0
split_feature=9 2 6 22 22 2 23 17 3 22 11
split_gain=11.8258 5.30103 4.70017 3.18173 2.80539 2.33936 4.59795 3.51558 2.69842 2.03298 1.62921
threshold=0.27534173429012304 0.084261376410722746 -2.399791836738586 -0.25622746348381037 -0.92435762286186207 0.084261376410722746 inf -2.2181544303894039 -0.44862213730812067 -0.13250607997179029 -0.94398614764213551
decision_type=8 8 2 8 10 10 8 2 10 8 10
left_child=1 -1 9 10 -3 -6 8 -8 -7 -2 -4
right_child=2 4 3 -5 5 6 7 -9 -10 -11 -12
leaf_value=1.3127530701658476e-05 -0.00012102593450238441 -2.68309357351087e-05 -7.8486660564435515e-05 -8.5509397096103979e-06 -0.00015088275916192025 -1.3260885823242053e-05 0.0019755176021009051 0.0001782976040539334 5.4839717503734803e-06 -4.4353474557683962e-05 -3.0956733338444162e-05
leaf_weight=1109287 17493 121023 23425 281686 2809 305583 29 3279 673783 20741 126703
leaf_count=1109287 17493 121023 23425 281686 2809 305583 29 3279 673783 20741 126703
internal_value=-1.15952e-08 5.04478e-06 -2.38488e-05 -1.89231e-05 -3.05757e-06 -1.37223e-07 2.9305e-07 0.000194996 -3.64011e-07 -7.94567e-05 -3.83789e-05
internal_weight=2.68584e+06 2.21579e+06 470048 431814 1.10651e+06 985483 982674 3308 979366 38234 150128
internal_count=2685841 2215793 470048 431814 1106506 985483 982674 3308 979366 38234 150128
is_linear=0
shrinkage=0.00523217


Tree=119
num_leaves=12
num_cat=0
split_feature=7 10 22 17 5 4 5 17 12 22 11
split_gain=6.8099 3.98104 3.70505 2.70934 2.7077 2.46176 4.20863 4.54477 2.19934 1.85088 1.72064
threshold=0.6160184144973756 0.86715707182884227 -1.6565974950790403 -0.10123684629797934 0.77915051579475414 2.8695944547653203 0.77915051579475414 -2.3464462757110591 -2.6060098409652706 0.050017854198813445 -0.84639298915863026
decision_type=8 10 10 2 10 8 8 2 8 8 8
left_child=1 3 -2 -1 5 6 -4 -8 -5 -10 -3
right_child=2 10 4 8 -6 -7 7 -9 9 -11 -12
leaf_value=1.5325786147125625e-05 -6.7826311708056879e-05 -4.0875448281730425e-05 -6.085082093009157e-06 -6.1356739441747525e-05 -3.078361187106924e-05 -0.000139001804691145 0.0023722946536182663 0.00014092324999764817 -3.4017739781018274e-06 1.2631359563152567e-05 -6.6901611237930427e-06
leaf_weight=796098 32975 47243 539026 14805 149694 3764 24 4540 494949 327501 275231
leaf_count=796098 32975 47243 539026 14805 149694 3764 24 4540 494949 327501 275231
internal_value=7.62499e-09 5.09789e-06 -1.36287e-05 8.415e-06 -1.10636e-05 -5.66888e-06 -4.74386e-06 0.000153444 1.84295e-06 2.98168e-06 -1.1701e-05
internal_weight=2.68585e+06 1.95583e+06 730023 1.63335e+06 697048 547354 543590 4564 837255 822450 322474
internal_count=2685850 1955827 730023 1633353 697048 547354 543590 4564 837255 822450 322474
is_linear=0
shrinkage=0.00523217


Tree=120
num_leaves=12
num_cat=0
split_feature=0 0 0 10 13 23 3 9 3 9 21
split_gain=21.6357 5.69973 4.98316 3.08222 2.22972 4.2725 3.04429 2.88475 2.06937 2.02871 1.87952
threshold=-1.4660159349441526 -3.624077200889587 0.47876988351345068 0.86715707182884227 inf inf -0.61385735869407643 2.2113362550735478 -2.6630805730819698 -0.075562622398138032 -1.7906396985054014
decision_type=2 2 2 10 8 8 8 8 8 8 2
left_child=1 8 3 4 5 6 -2 -7 -1 -4 -3
right_child=2 10 9 -5 -6 7 -8 -9 -10 -11 -12
leaf_value=-0.00020785232230739864 -1.488297769855995e-05 8.7514792364922159e-05 2.0694150781638239e-05 -1.4541296589492034e-05 -0.00013174848401126401 0.00017543695321440881 5.9624972333201519e-06 -0.00054346538946631947 -9.5661664727952848e-05 3.550722164893591e-06 -4.2577049542813119e-05
leaf_weight=5127 233054 3111 522890 371335 3376 4987 1082912 156 37817 296100 125074
leaf_count=5127 233054 3111 522890 371335 3376 4987 1082912 156 37817 296100 125074
internal_value=2.47509e-08 -5.69007e-05 3.89879e-06 -1.21914e-06 2.51528e-06 2.85911e-06 2.2702e-06 0.000153355 -0.00010908 1.44971e-05 -3.94127e-05
internal_weight=2.68594e+06 171129 2.51481e+06 1.69582e+06 1.32448e+06 1.32111e+06 1.31597e+06 5143 42944 818990 128185
internal_count=2685939 171129 2514810 1695820 1324485 1321109 1315966 5143 42944 818990 128185
is_linear=0
shrinkage=0.00523217


Tree=121
num_leaves=12
num_cat=0
split_feature=9 3 5 18 20 4 5 18 20 13 16
split_gain=11.6794 4.47923 4.74686 5.47216 4.47264 6.70505 3.93743 2.94417 2.09226 1.96691 1.94096
threshold=0.31161199510097509 -0.44862213730812067 inf 2.1293375492095952 3.9994294643402104 -1.9032611250877378 1.1671420335769656 2.5920014381408696 3.9994294643402104 0.31295143067836767 -0.072710491716861711
decision_type=8 8 8 10 10 8 10 8 10 10 2
left_child=1 2 8 -4 10 -6 -2 9 -1 -3 -5
right_child=6 7 3 4 5 -7 -8 -9 -10 -11 -12
leaf_value=-1.2473489371971315e-05 -1.7403969073849262e-05 1.3056130515174841e-05 -6.3360903951740504e-05 -8.249845012051231e-05 0.0030996369965838834 0.0005467784522641075 -5.800245990568836e-05 -0.00015321492721635731 8.3279810379082673e-05 1.5493889956217909e-06 0.00025066383685253571
leaf_weight=475385 348706 1128901 2561 549 34 152 80529 3070 6327 635921 3539
leaf_count=475385 348706 1128901 2561 549 34 152 80529 3070 6327 635921 3539
internal_value=-5.75006e-09 4.75279e-06 -9.26958e-06 0.000127626 0.000242239 0.00103435 -2.50227e-05 8.62826e-06 -1.1214e-05 8.91035e-06 0.000205714
internal_weight=2.68567e+06 2.25644e+06 488547 6835 4274 186 429235 1.76789e+06 481712 1.76482e+06 4088
internal_count=2685674 2256439 488547 6835 4274 186 429235 1767892 481712 1764822 4088
is_linear=0
shrinkage=0.00523217


Tree=122
num_leaves=12
num_cat=0
split_feature=9 2 6 6 20 20 12 23 12 20 24
split_gain=11.4269 5.44421 4.30012 2.5453 2.49999 2.36497 3.03064 12.1273 2.14547 2.05633 2.02435
threshold=0.31161199510097509 -0.01863899081945419 -2.399791836738586 -0.57154098153114308 3.4190702438354497 3.9994294643402104 -1.8268259167671201 0.19330452382564547 0.42421592772006994 -0.15989544987678525 -0.11828220263123511
decision_type=8 8 2 2 10 10 10 10 8 10 8
left_child=1 9 -2 -3 -4 8 -7 -8 10 -1 -5
right_child=2 3 4 5 -6 6 7 -9 -10 -11 -12
leaf_value=6.930170152857124e-06 -7.9061223432595214e-05 -1.8752791290681473e-05 -1.8332496481945731e-05 3.9290694200754332e-06 -0.00014907746958821443 2.7145179363196315e-05 0.0034464978364463685 0.00030862363822632975 9.4637883757866749e-06 2.1829621704477888e-05 -1.5564911877489786e-05
leaf_weight=564816 36500 221679 388779 286356 4046 946 35 520 424627 460513 297060
leaf_count=564816 36500 221679 388779 286356 4046 946 35 520 424627 460513 297060
internal_value=9.51885e-09 4.71713e-06 -2.4732e-05 -2.69867e-06 -1.96816e-05 8.25766e-07 0.000208276 0.000514856 5.15828e-07 1.36229e-05 -5.99539e-06
internal_weight=2.68588e+06 2.25655e+06 429325 1.23122e+06 392825 1.00954e+06 1501 555 1.00804e+06 1.02533e+06 583416
internal_count=2685877 2256552 429325 1231223 392825 1009544 1501 555 1008043 1025329 583416
is_linear=0
shrinkage=0.00523217


Tree=123
num_leaves=12
num_cat=0
split_feature=0 0 22 7 9 0 16 19 5 17 22
split_gain=20.9683 5.9896 3.82393 3.49681 2.53622 2.21834 1.8189 1.76961 5.16616 3.51514 1.75914
threshold=-2.2876532077789302 0.28381444513797766 -0.24449743330478665 0.60555830597877514 -0.075562622398138032 -4.1181745529174796 -0.19932434707880017 inf inf -2.3464462757110591 0.14086005091667178
decision_type=2 2 8 8 8 2 2 8 8 2 8
left_child=2 3 5 10 -3 -1 -4 8 -5 -10 -2
right_child=1 4 6 7 -6 -7 -8 -9 9 -11 -12
leaf_value=-0.00018431852203633077 -4.5113473979118786e-06 1.7182725885583588e-05 -7.751223753290174e-05 -1.7896620473573999e-05 1.9799134498345628e-06 -9.2163273627711138e-05 -2.0616453383105914e-05 -0.00013287013266262236 0.0019377280191916557 0.00014387132715458273 1.0658290860075217e-05
leaf_weight=10620 572135 746000 34645 431457 503136 22121 27750 3577 29 4727 329948
leaf_count=10620 572135 746000 34645 431457 503136 22121 27750 3577 29 4727 329948
internal_value=1.30938e-08 2.81456e-06 -7.62749e-05 -4.86033e-06 1.10599e-05 -0.000122085 -5.22217e-05 -1.6957e-05 -1.60043e-05 0.000155457 1.03625e-06
internal_weight=2.68614e+06 2.59101e+06 95136 1.34187e+06 1.24914e+06 32741 62395 439790 436213 4756 902083
internal_count=2686145 2591009 95136 1341873 1249136 32741 62395 439790 436213 4756 902083
is_linear=0
shrinkage=0.00523217


Tree=124
num_leaves=12
num_cat=0
split_feature=0 0 2 22 0 22 2 12 21 22 20
split_gain=21.0108 5.59655 5.34817 3.23198 3.19175 2.54096 2.06519 1.98931 1.83667 2.22312 1.73103
threshold=-1.4660159349441526 -3.624077200889587 -0.067518778145313249 -0.057399531826376908 0.4840973317623139 -0.92435762286186207 inf 0.32875788211822515 -1.7906396985054014 -0.25622746348381037 3.1341046094894414
decision_type=2 2 8 8 2 8 8 10 2 8 10
left_child=1 3 7 -1 5 -4 -7 -2 10 -10 -3
right_child=2 8 4 -5 -6 6 -8 -9 9 -11 -12
leaf_value=-0.00015885372299537557 2.0133402309252852e-05 9.9102729734339133e-07 -3.2928038836775667e-05 -6.7357853275091885e-05 9.6132071204034961e-06 -4.6038511008525083e-06 -0.00014654109441163238 5.8904784500145734e-06 -7.2325115438351162e-05 -2.5895756975417524e-05 0.00026487337114520658
leaf_weight=18987 507745 2113 98897 23949 405726 929380 2814 570069 43168 81860 1007
leaf_count=18987 507745 2113 98897 23949 405726 929380 2814 570069 43168 81860 1007
internal_value=-2.61118e-08 -5.61318e-05 3.79077e-06 -0.000107841 -2.81752e-06 -7.70969e-06 -5.03336e-06 1.26009e-05 -3.87996e-05 -4.19332e-05 8.64861e-05
internal_weight=2.68572e+06 171084 2.51463e+06 42936 1.43682e+06 1.03109e+06 932194 1.07781e+06 128148 125028 3120
internal_count=2685715 171084 2514631 42936 1436817 1031091 932194 1077814 128148 125028 3120
is_linear=0
shrinkage=0.00523217


Tree=125
num_leaves=12
num_cat=0
split_feature=0 0 2 0 12 21 18 0 6 18 20
split_gain=20.853 5.66887 5.30036 3.1798 1.96258 1.86293 1.83199 1.78674 1.7509 1.63364 1.60256
threshold=-1.4660159349441526 -4.1181745529174796 -0.067518778145313249 0.4840973317623139 0.32875788211822515 -1.7906396985054014 inf 0.025766252540051941 -0.14126417785882947 1.8428696393966677 3.1341046094894414
decision_type=2 2 8 2 10 2 8 2 2 10 10
left_child=1 9 4 6 -2 10 -4 -8 -7 -1 -3
right_child=2 5 3 -5 -6 8 7 -9 -10 -11 -12
leaf_value=-0.00010382537067547834 2.0067565955842032e-05 1.4223776758255877e-06 -7.2464046892328682e-06 9.6446459797326123e-06 5.9209691553371121e-06 -5.618582285153261e-05 2.3654333675026682e-06 -0.0002398026508387213 -1.4292998627058696e-05 -0.00021165339045527831 0.00024792797815838014
leaf_weight=26985 507777 2257 1027834 405735 570089 98432 1519 1831 37879 4509 1065
leaf_count=26985 507777 2257 1027834 405735 570089 98432 1519 1831 37879 4509 1065
internal_value=1.22838e-08 -5.58743e-05 3.81562e-06 -2.76278e-06 1.25861e-05 -4.1563e-05 -7.64545e-06 -0.000129794 -4.45505e-05 -0.000119296 8.07514e-05
internal_weight=2.68591e+06 171127 2.51478e+06 1.43692e+06 1.07787e+06 139633 1.03118e+06 3350 136311 31494 3322
internal_count=2685912 171127 2514785 1436919 1077866 139633 1031184 3350 136311 31494 3322
is_linear=0
shrinkage=0.00523217


Tree=126
num_leaves=12
num_cat=0
split_feature=1 1 9 6 18 23 18 16 16 18 10
split_gain=18.8952 5.1265 3.74913 2.34999 2.31336 6.02767 2.40924 1.99734 1.76284 1.74517 1.62738
threshold=1.2354218959808352 2.0017727613449101 0.18904352188110354 -0.77544501423835743 inf inf 2.1293375492095952 -0.072710491716861711 -0.066639527678489671 -2.0896196365356441 0.76153340935707103
decision_type=2 2 8 2 8 8 10 2 2 10 8
left_child=2 -2 4 -3 5 9 -7 -8 -6 -1 -11
right_child=1 3 -4 -5 8 6 7 -9 -10 10 -12
leaf_value=6.0810093727446623e-05 -2.7514865750280965e-05 -0.0001002858350037846 -8.8054194193412965e-06 -3.7840705945420139e-05 -0.00023092324409768831 -6.3196521156666077e-05 -2.1691642218587425e-05 0.00030500342793656474 1.1958801947619174e-05 9.6660530523163143e-06 -2.0580356442640999e-06
leaf_weight=16747 201134 47793 457358 25274 1954 796 605 3182 1396 1517672 411987
leaf_count=16747 201134 47793 457358 25274 1954 796 605 3182 1396 1517672 411987
internal_value=-1.19196e-10 -4.11569e-05 4.67894e-06 -7.86979e-05 7.83499e-06 8.0713e-06 0.000197581 0.000252609 -0.000129502 7.62455e-06 7.16251e-06
internal_weight=2.6859e+06 274201 2.4117e+06 73067 1.95434e+06 1.95099e+06 4583 3787 3350 1.94641e+06 1.92966e+06
internal_count=2685898 274201 2411697 73067 1954339 1950989 4583 3787 3350 1946406 1929659
is_linear=0
shrinkage=0.00523217


Tree=127
num_leaves=12
num_cat=0
split_feature=0 0 4 0 0 19 5 11 0 0 21
split_gain=20.3663 6.09686 2.75678 2.56126 2.55495 2.21323 5.31384 2.83648 1.74353 1.48985 1.38761
threshold=-2.4716690778732295 -0.021168575622141358 -1.2768425941467283 -4.1181745529174796 0.72833058238029491 inf inf 1.0491058230400088 0.025766252540051941 -1.1860940456390379 0.55056890845298778
decision_type=2 2 8 2 2 8 8 10 2 2 2
left_child=3 2 -2 -1 5 6 -3 -8 10 -4 -7
right_child=1 4 9 -5 -6 8 7 -9 -10 -11 -12
leaf_value=-0.0001173212986254143 -3.4966051587840374e-05 4.3237595985728986e-06 -2.3588395532482508e-05 -5.7709648175202197e-05 1.9990672566451452e-05 -1.0285063789465611e-05 7.2190567934455729e-05 0.00032177495377987749 -0.00022865169963409105 -2.3808386320501483e-06 0.0014848413848414701
leaf_weight=31500 104462 1476083 109262 53083 368800 1509 3152 2074 1987 534009 15.999999999999998
leaf_count=31500 104462 1476083 109262 53083 368800 1509 3152 2074 1987 534009 16
internal_value=-2.07991e-08 2.57687e-06 -1.00343e-05 -7.99208e-05 7.66455e-06 4.60243e-06 4.91404e-06 0.000171445 -0.000126558 -5.98431e-06 6.01306e-06
internal_weight=2.68594e+06 2.60135e+06 747733 84583 1.85362e+06 1.48482e+06 1.48131e+06 5226 3512 643271 1525
internal_count=2685937 2601354 747733 84583 1853621 1484821 1481309 5226 3512 643271 1525
is_linear=0
shrinkage=0.00523217


Tree=128
num_leaves=12
num_cat=0
split_feature=3 11 5 11 5 3 17 15 8 15 5
split_gain=7.33963 6.80622 4.61502 5.34796 3.53077 3.04276 3.16552 3.69 2.84075 2.7435 2.37023
threshold=-0.65579557418823231 -0.86514216661453236 inf 0.3303710818290711 2.6755261421203618 -3.0878311395645137 -2.3464462757110591 -0.027849310077726838 -0.91996455192565907 -0.86993592977523793 inf
decision_type=8 8 8 10 10 10 2 2 10 2 8
left_child=2 9 4 -4 -1 -5 7 -7 10 -2 -3
right_child=1 8 3 5 -6 6 -8 -9 -10 -11 -12
leaf_value=-1.6965324650700655e-05 -4.6050980910386026e-05 -5.7465352437644667e-06 -3.6113129071471791e-05 -5.2339268141801136e-05 -8.1564256990324156e-05 0.0040773952370742753 0.00028513554149146403 0.00030770902619518874 1.0961875210254417e-05 -9.6386101743280137e-06 -0.00020863652159120152
leaf_weight=467231 71092 289561 3845 825 24378 12.000000000000002 3439 17 1544520 279260 1584
leaf_count=467231 71092 289561 3845 825 24378 12 3439 17 1544520 279260 1584
internal_value=-3.31233e-08 4.10213e-06 -1.81233e-05 0.000105431 -2.01705e-05 0.000232366 0.000300321 0.00199278 8.13576e-06 -1.70297e-05 -6.85398e-06
internal_weight=2.68576e+06 2.18602e+06 499747 8138 491609 4293 3468 29 1.83566e+06 350352 291145
internal_count=2685764 2186017 499747 8138 491609 4293 3468 29 1835665 350352 291145
is_linear=0
shrinkage=0.00523217


Tree=129
num_leaves=12
num_cat=0
split_feature=1 1 9 22 22 18 5 11 9 22 11
split_gain=18.4482 4.69334 3.91272 2.54193 2.42374 2.2772 6.28092 4.25285 2.63586 2.2498 1.94319
threshold=1.2877020835876467 2.0017727613449101 0.18904352188110354 -0.25622746348381037 0.14086005091667178 inf inf 0.76283988356590282 -1.1548210382461546 -0.12748708575963971 -0.90246811509132374
decision_type=2 2 8 8 8 8 8 10 10 8 10
left_child=2 4 5 -3 -2 6 10 -8 -9 -4 -1
right_child=1 3 9 -5 -6 -7 7 8 -10 -11 -12
leaf_value=-7.2124556988269583e-06 -4.4858050184087283e-05 -0.00012124485386005504 -2.1711837787430683e-05 -5.5874777789613071e-05 -6.0602212862194818e-06 -0.00012850429886758759 5.6686020133791917e-05 0.0013991727073270721 0.00034677744601254666 1.3690002484177649e-06 9.3130541134815201e-06
leaf_weight=219293 102237 24570 213095 48556 77581 3354 2416 67 1936 252593 1739836
leaf_count=219293 102237 24570 213095 48556 77581 3354 2416 67 1936 252593 1739836
internal_value=2.33261e-08 -4.25034e-05 4.44566e-06 -7.78514e-05 -2.81237e-05 7.6747e-06 7.9078e-06 0.000204923 0.000383185 -9.19091e-06 7.46288e-06
internal_weight=2.68553e+06 252944 2.43259e+06 73126 179818 1.9669e+06 1.96355e+06 4419 2003 465688 1.95913e+06
internal_count=2685534 252944 2432590 73126 179818 1966902 1963548 4419 2003 465688 1959129
is_linear=0
shrinkage=0.00523217


Tree=130
num_leaves=12
num_cat=0
split_feature=0 2 0 0 7 20 4 4 20 0 0
split_gain=20.1388 6.20889 4.49857 2.54039 2.07483 1.74676 2.53857 1.71752 1.70208 1.67366 1.47438
threshold=-2.4716690778732295 -0.067518778145313249 -0.035449102520942681 -4.1181745529174796 inf -0.15222070366144178 0.41740708053112036 -1.3727321624755857 2.5213533639907841 0.025766252540051941 -1.1860940456390379
decision_type=2 8 2 2 8 10 10 8 10 2 2
left_child=3 5 7 -1 -4 -2 -7 -3 10 -6 -9
right_child=1 2 4 -5 9 6 -8 8 -10 -11 -12
leaf_value=-0.00011668501967521588 6.0542550660967549e-06 -3.9406748961298371e-05 2.509806267484846e-06 -5.7313241297691523e-05 1.9316804880389064e-06 7.4992950750232735e-06 3.1139504459308325e-05 -3.6458523888314263e-05 2.9873121924178944e-05 -0.00023270752677774972 -1.0628171622494267e-05
leaf_weight=31495 601327 79783 1000330 53081 1495 249069 248559 74638 23983 1857 320259
leaf_count=31495 601327 79783 1000330 53081 1495 249069 248559 74638 23983 1857 320259
internal_value=2.18869e-08 2.60556e-06 -4.30756e-06 -7.94333e-05 2.07348e-06 1.2057e-05 1.93089e-05 -1.71526e-05 -1.29119e-05 -0.000127855 -1.55124e-05
internal_weight=2.68588e+06 2.6013e+06 1.50234e+06 84576 1.00368e+06 1.09896e+06 497628 498663 418880 3352 394897
internal_count=2685876 2601300 1502345 84576 1003682 1098955 497628 498663 418880 3352 394897
is_linear=0
shrinkage=0.00523217


Tree=131
num_leaves=12
num_cat=0
split_feature=6 7 22 6 22 11 11 7 5 17 5
split_gain=10.0206 4.28989 3.41309 3.4666 2.84472 2.27628 2.13345 1.94946 3.53807 4.64897 1.8482
threshold=-0.701848804950714 0.60555830597877514 0.14086005091667178 -3.7100228071212764 -1.6565974950790403 -0.85620513558387745 -0.9124169349670409 0.60555830597877514 inf -2.3464462757110591 inf
decision_type=2 8 8 2 10 8 8 10 8 2 8
left_child=2 5 3 -1 -3 -2 -5 -6 -9 -10 -7
right_child=1 4 -4 6 7 10 -8 8 9 -11 -12
leaf_value=-0.00011776130527204951 -6.9534643907401876e-06 -6.4381755292611446e-05 -4.061481242908649e-06 -7.0239917376927749e-05 -0.00014019008448798136 1.0692027472814177e-05 -2.4763604984040881e-05 -6.0318715343841541e-06 0.0024492482936129302 0.00014457467552681644 0.00021786377946885917
leaf_weight=13206 226475 23584 153731 32536 2933 1476500 215278 536896 23 3480 1179
leaf_count=13206 226475 23584 153731 32536 2933 1476500 215278 536896 23 3480 1179
internal_value=2.35132e-08 4.34268e-06 -2.36251e-05 -3.51443e-05 -8.12425e-06 8.49049e-06 -3.07378e-05 -5.68071e-06 -4.94887e-06 0.000160757 1.0858e-05
internal_weight=2.68582e+06 2.27107e+06 414751 261020 566916 1.70415e+06 247814 543332 540399 3503 1.47768e+06
internal_count=2685821 2271070 414751 261020 566916 1704154 247814 543332 540399 3503 1477679
is_linear=0
shrinkage=0.00523217


Tree=132
num_leaves=12
num_cat=0
split_feature=0 2 0 22 13 13 22 0 13 5 20
split_gain=19.8413 6.1318 4.05989 3.7003 3.00624 2.36476 2.35047 2.17392 1.92712 1.87814 2.12501
threshold=-2.4716690778732295 0.13789775967597964 -0.035449102520942681 0.078646223992109313 2.7041847705841069 0.25857381522655493 -1.6565974950790403 -4.1181745529174796 2.7041847705841069 inf 0.59495046734809887
decision_type=2 8 2 8 10 10 8 2 8 8 8
left_child=3 5 6 7 8 -2 -3 -1 -4 -7 -11
right_child=1 2 4 -5 -6 9 -8 -9 -10 10 -12
leaf_value=-0.00016120077533129091 1.5020452964083139e-05 -9.1379255837927497e-05 1.3302739630467445e-06 -4.3132253195935558e-05 0.00023803234612308527 -6.8815557249056476e-07 -1.6362836274852214e-05 -8.4324120881124962e-05 -0.00012433624518466344 0.0025546680931899644 0.00024241592785801669
leaf_weight=15916 930400 11748 823660 40998 1464 396226 433999 27656 3353 10 619
leaf_count=15916 930400 11748 823660 40998 1464 396226 433999 27656 3353 10 619
internal_value=2.41124e-08 2.58837e-06 -5.60945e-06 -7.88451e-05 1.24012e-06 1.04592e-05 -1.8342e-05 -0.000112428 8.1963e-07 -2.32203e-07 0.000285174
internal_weight=2.68605e+06 2.60148e+06 1.27422e+06 84570 828477 1.32726e+06 445747 43572 827013 396855 629
internal_count=2686049 2601479 1274224 84570 828477 1327255 445747 43572 827013 396855 629
is_linear=0
shrinkage=0.00523217


Tree=133
num_leaves=12
num_cat=0
split_feature=0 0 0 7 22 9 22 21 19 5 17
split_gain=19.6102 5.27619 4.6934 3.15536 3.02011 1.93029 1.7883 2.04412 1.75907 4.55859 3.42259
threshold=-1.4660159349441526 -3.624077200889587 0.47876988351345068 0.60555830597877514 -0.057399531826376908 -0.075562622398138032 0.15455056726932528 -1.7906396985054014 inf inf -2.3464462757110591
decision_type=2 2 2 8 8 8 8 2 8 8 2
left_child=1 4 3 -2 -1 -4 7 -3 9 -5 -11
right_child=2 6 5 8 -6 -7 -8 -9 -10 10 -12
leaf_value=-0.00015372378448427803 3.4071176624493686e-06 0.00010976507211648652 2.005549068724043e-05 -1.2916697007260703e-05 -6.5249612026514251e-05 3.333191098914255e-06 -1.4896309838187389e-05 -5.9060870783814576e-05 -0.00012773720476098391 0.0019084421894198019 0.00013839175654285936
leaf_weight=18974 1190438 2015 522908 496828 23939 296105 55327 70831 3582 29 4726
leaf_count=18974 1190438 2015 522908 496828 23939 296105 55327 70831 3582 29 4726
internal_value=3.75074e-08 -5.41649e-05 3.7256e-06 -1.24187e-06 -0.00010439 1.40107e-05 -3.73421e-05 -5.43782e-05 -1.21989e-05 -1.13719e-05 0.000149827
internal_weight=2.6857e+06 171086 2.51462e+06 1.6956e+06 42913 819013 128173 72846 505165 501583 4755
internal_count=2685702 171086 2514616 1695603 42913 819013 128173 72846 505165 501583 4755
is_linear=0
shrinkage=0.00523217


Tree=134
num_leaves=12
num_cat=0
split_feature=0 2 0 22 13 22 13 0 7 11 20
split_gain=19.5882 6.00444 3.97983 3.6473 2.90531 2.35692 2.34013 2.07162 1.91552 1.84953 2.04629
threshold=-2.4716690778732295 0.13789775967597964 -0.035449102520942681 0.078646223992109313 2.7041847705841069 -1.6565974950790403 0.25857381522655493 -4.1181745529174796 inf -0.95462313294410694 -0.54174992442131031
decision_type=2 8 2 8 10 8 8 2 8 8 10
left_child=3 6 5 7 8 -3 9 -1 -4 -2 -11
right_child=1 2 4 -5 -6 -7 -8 -9 -10 10 -12
leaf_value=-0.0001592502110951866 -1.0328870134926958e-05 -9.128028698637811e-05 1.3353102987828916e-06 -4.2875044266706544e-05 0.00023370592868642161 -1.6167111890777757e-05 -2.7431912677873842e-07 -8.4221542231721294e-05 -0.00012402718491195131 6.3268395881487053e-06 2.3149092474615193e-05
leaf_weight=15933 73258 11750 823577 40989 1468 433874 396926 27650 3349 310592 546580
leaf_count=15933 73258 11750 823577 40989 1468 433874 396926 27650 3349 310592 546580
internal_value=2.41847e-08 2.57217e-06 -5.54119e-06 -7.83394e-05 1.24044e-06 -1.81497e-05 1.03601e-05 -0.000111672 8.26452e-07 1.48977e-05 1.70546e-05
internal_weight=2.68595e+06 2.60137e+06 1.27402e+06 84572 828394 445624 1.32736e+06 43583 826926 930430 857172
internal_count=2685946 2601374 1274018 84572 828394 445624 1327356 43583 826926 930430 857172
is_linear=0
shrinkage=0.00523217


Tree=135
num_leaves=12
num_cat=0
split_feature=2 5 13 2 5 20 12 13 5 3 24
split_gain=8.40854 5.45655 2.54655 2.02513 1.83721 2.22227 1.82882 1.80562 3.68108 2.39936 2.58254
threshold=0.23212537914514544 1.1671420335769656 0.25857381522655493 -0.50234898924827565 inf 0.59495046734809887 0.23398526757955554 -2.6968059539794917 1.1671420335769656 -1.0999878048896787 0.15758199244737628
decision_type=8 10 8 10 8 8 8 10 8 10 8
left_child=2 7 3 6 -4 -6 -1 -2 9 -9 -11
right_child=1 -3 4 -5 5 -7 -8 8 -10 10 -12
leaf_value=3.1180401837673077e-05 -8.6031055181421312e-05 -3.9064404347470543e-05 -2.2221814699373191e-06 5.0327482627479606e-06 0.0027042197400728089 0.00023100727801858003 1.1773238016051122e-05 -2.2809321250349559e-05 0.00013316653603648535 5.1919079173533906e-06 -1.3256142077105706e-05
leaf_weight=228991 7645 155792 455035 462971 8.9999999999999982 672 317345 190751 5226 511496 349767
leaf_count=228991 7645 155792 455035 462971 9 672 317345 190751 5226 511496 349767
internal_value=0 -1.01422e-05 8.45076e-06 1.30861e-05 -1.81367e-06 0.000269499 1.99091e-05 -5.9101e-06 -5.32988e-06 -6.01879e-06 -2.29909e-06
internal_weight=2.6857e+06 1.22068e+06 1.46502e+06 1.00931e+06 455716 681 546336 1.06488e+06 1.05724e+06 1.05201e+06 861263
internal_count=2685700 1220677 1465023 1009307 455716 681 546336 1064885 1057240 1052014 861263
is_linear=0
shrinkage=0.00523217


Tree=136
num_leaves=12
num_cat=0
split_feature=0 0 0 9 9 18 23 11 13 0 21
split_gain=19.1783 5.17303 4.609 2.06987 1.9063 1.89715 6.09431 3.9972 1.8534 1.67462 1.59612
threshold=-1.4660159349441526 -3.624077200889587 0.47876988351345068 0.28408758342266088 -0.075562622398138032 inf inf 0.76283988356590282 0.31295143067836767 0.025766252540051941 -1.7906396985054014
decision_type=2 2 2 8 8 8 8 10 8 2 2
left_child=1 -1 3 5 -4 6 8 -8 -2 -7 -3
right_child=2 10 4 -5 -6 9 7 -9 -10 -11 -12
leaf_value=-0.00010335556244059708 6.0838420856763535e-06 8.0082734687119921e-05 1.9811914886032608e-05 -1.3767032508684571e-05 3.1932765385441973e-06 5.1048494739863758e-06 5.0520054117065312e-05 0.00034608402579756127 -6.1999295426837821e-06 -0.00022953210941765821 -3.9886356693983883e-05
leaf_weight=42919 813971 3106 522951 300430 296059 1515 2817 2266 572909 1830 125137
leaf_count=42919 813971 3106 522951 300430 296059 1515 2817 2266 572909 1830 125137
internal_value=-3.40867e-08 -5.36243e-05 3.61315e-06 -1.30912e-06 1.38055e-05 1.37268e-06 1.67238e-06 0.00018249 1.00893e-06 -0.000123057 -3.69738e-05
internal_weight=2.68591e+06 171162 2.51475e+06 1.69574e+06 819010 1.39531e+06 1.39196e+06 5083 1.38688e+06 3345 128243
internal_count=2685910 171162 2514748 1695738 819010 1395308 1391963 5083 1386880 3345 128243
is_linear=0
shrinkage=0.00523217


Tree=137
num_leaves=12
num_cat=0
split_feature=6 7 22 6 22 20 4 4 5 17 20
split_gain=9.49472 4.15496 3.28589 3.35199 2.74534 2.34258 2.40664 2.21678 3.84052 4.50304 1.73714
threshold=-0.701848804950714 0.60555830597877514 0.14086005091667178 -3.7100228071212764 -1.6565974950790403 -0.92173686623573292 0.34177346527576452 2.8695944547653203 inf -2.3464462757110591 -0.24287062883377072
decision_type=2 8 8 2 10 10 8 8 8 2 10
left_child=2 5 3 -1 -3 -2 -7 8 -6 -10 -8
right_child=1 4 -4 -5 7 6 10 -9 9 -11 -12
leaf_value=-0.00011556590946138071 -5.4499209989599215e-06 -6.3376708846417731e-05 -3.8390214567756907e-06 -3.000872992226686e-05 -5.9036170881547731e-06 4.8819036182071334e-06 9.0363358307142334e-06 -0.00013251769411972848 0.0024252590538502558 0.00015624421622347455 2.6435113199714976e-05
leaf_weight=13211 284094 23567 153640 247866 536115 785300 286510 3746 23 3274 348278
leaf_count=13211 284094 23567 153640 247866 536115 785300 286510 3746 23 3274 348278
internal_value=-2.20818e-08 4.18176e-06 -2.30433e-05 -3.43417e-05 -8.09013e-06 8.26324e-06 1.10072e-05 -5.6897e-06 -4.80715e-06 0.00017318 1.85835e-05
internal_weight=2.68562e+06 2.27091e+06 414717 261077 566725 1.70418e+06 1.42009e+06 543158 539412 3297 634788
internal_count=2685624 2270907 414717 261077 566725 1704182 1420088 543158 539412 3297 634788
is_linear=0
shrinkage=0.00523217


Tree=138
num_leaves=12
num_cat=0
split_feature=3 8 8 3 19 16 15 14 20 4 13
split_gain=6.93467 4.70785 3.04219 2.25445 2.23138 3.15875 3.14975 2.13278 2.02697 2.93739 2.86528
threshold=-0.65579557418823231 -0.90951073169708241 -2.0719914436340328 -2.2456966638565059 1.3532701730728152 -0.053117882460355752 -0.087962906807661043 -2.2013587951660152 -0.88189774751663197 0.40509107708930975 0.16159220039844516
decision_type=8 10 10 10 10 2 2 2 10 10 10
left_child=2 -2 4 -4 -1 6 -6 -8 -3 -10 -11
right_child=1 8 3 -5 5 -7 7 -9 9 10 -12
leaf_value=-4.8730777650990961e-05 -1.3152173415970491e-05 -4.5281097546162702e-06 -4.1346004524460261e-05 -1.3797446543238042e-05 2.0925605959808928e-05 5.4448051078311358e-05 0.00067998364571820688 0.00024328201048374966 4.1886208655130553e-06 2.8419481806700453e-05 4.4918927430158757e-06
leaf_weight=3404 364743 319325 103205 384450 740 6650 595 650 922829 356531 222649
leaf_count=3404 364743 319325 103205 384450 740 6650 595 650 922829 356531 222649
internal_value=-1.44552e-08 4.00482e-06 -1.75997e-05 -1.96294e-05 6.45453e-05 0.000109293 0.000292486 0.000453078 7.44115e-06 9.98633e-06 1.92226e-05
internal_weight=2.68577e+06 2.18608e+06 499694 487655 12039 8635 1985 1245 1.82133e+06 1.50201e+06 579180
internal_count=2685771 2186077 499694 487655 12039 8635 1985 1245 1821334 1502009 579180
is_linear=0
shrinkage=0.00523217


Tree=139
num_leaves=12
num_cat=0
split_feature=1 1 9 3 5 11 9 22 8 22 22
split_gain=17.4609 4.64228 3.54418 2.5011 3.1011 6.86081 2.54939 2.47777 2.42521 2.41976 1.98633
threshold=1.2354218959808352 2.0017727613449101 0.12521750479936603 -0.3447109162807464 inf 0.76283988356590282 -1.1548210382461546 -0.25622746348381037 inf 0.14086005091667178 -0.12748708575963971
decision_type=2 2 8 8 8 10 10 8 8 8 8
left_child=2 9 3 4 -1 -6 -7 -3 -5 -2 -4
right_child=1 7 10 8 5 6 -8 -9 -10 -11 -12
leaf_value=-4.9480053741070371e-06 -4.2343788045940397e-05 -0.00011810583090670213 -1.742594811325853e-05 1.1550384370631721e-05 -1.9794030269960259e-06 0.0013857350940089345 0.00034800324332665049 -5.3567444180168575e-05 -0.00019635675901523254 -5.6870202113064748e-06 2.1412852885981117e-06
leaf_weight=410771 114680 24574 263791 1422081 4037 67 1699 48544 1536 86566 307529
leaf_count=410771 114680 24574 263791 1422081 4037 67 1699 48544 1536 86566 307529
internal_value=-8.40416e-09 -3.95592e-05 4.49108e-06 8.02558e-06 -3.24921e-06 0.00011684 0.000388729 -7.52705e-05 1.13253e-05 -2.658e-05 -6.89195e-06
internal_weight=2.68588e+06 274364 2.41151e+06 1.84019e+06 416574 5803 1766 73118 1.42362e+06 201246 571320
internal_count=2685875 274364 2411511 1840191 416574 5803 1766 73118 1423617 201246 571320
is_linear=0
shrinkage=0.00523217


Tree=140
num_leaves=12
num_cat=0
split_feature=3 7 5 19 17 14 4 5 20 4 20
split_gain=6.89906 4.32668 4.31376 3.55606 4.50001 6.2024 11.9669 3.32821 2.66683 2.38154 4.31187
threshold=-0.65579557418823231 0.6160184144973756 inf 3.9804273843765263 -2.2181544303894039 -0.47551536560058588 -0.11735825985670088 2.6755261421203618 0.25321961939334875 0.34177346527576452 -0.52135384082794178
decision_type=8 8 8 8 2 2 8 10 8 10 10
left_child=2 9 7 4 5 -4 -7 -1 -3 -2 -11
right_child=1 8 3 -5 -6 6 -8 -9 -10 10 -12
leaf_value=-1.6416652760921535e-05 2.5850452118215034e-06 -1.9684205185489851e-06 -0.00010302850008625685 -5.256807901301533e-05 0.00016425067317303742 0.0072998484088493722 0.00013597650566580841 -7.9144129299218196e-05 -2.8877110743968447e-05 -1.8058649944054499e-06 2.4701975203761009e-05
leaf_weight=467208 958464 359009 25 2714 5382 10.999999999999998 14.000000000000002 24371 140241 262742 465550
leaf_count=467208 958464 359009 25 2714 5382 11 14 24371 140241 262742 465550
internal_value=-8.64475e-09 4.00051e-06 -1.7548e-05 0.000101845 0.000179138 0.00172509 0.00350601 -1.95283e-05 -9.52882e-06 8.00544e-06 1.51378e-05
internal_weight=2.68573e+06 2.18601e+06 499725 8146 5432 50 25 491579 499250 1.68676e+06 728292
internal_count=2685731 2186006 499725 8146 5432 50 25 491579 499250 1686756 728292
is_linear=0
shrinkage=0.00523217


Tree=141
num_leaves=12
num_cat=0
split_feature=11 22 5 15 4 10 20 4 19 10 20
split_gain=6.19682 5.20222 4.14945 2.26078 2.2488 1.9836 2.08024 2.18965 1.92442 1.64859 1.25539
threshold=-0.86514216661453236 -1.1528852581977842 1.1347486376762392 -0.86993592977523793 -0.84851440787315358 0.86715707182884227 -0.80180907249450672 0.40509107708930975 3.9804273843765263 1.1415638923645022 -0.15222070366144178
decision_type=8 10 10 2 8 10 10 10 8 8 10
left_child=1 -1 5 -3 -4 6 -2 8 -8 -5 -9
right_child=2 3 4 9 -6 -7 7 10 -10 -11 -12
leaf_value=-7.9213993289468433e-05 -2.4284597539829958e-06 -4.0099531094790254e-05 -4.1074696946686716e-05 -2.5465772627686788e-06 -6.7134449259124766e-06 -4.7827278355135021e-06 6.8987982552108782e-06 1.1736552145581906e-05 -8.4272263003431e-05 -4.3020061446478336e-05 2.8545624798382765e-05
leaf_weight=35729 375531 68646 72740 264754 184393 386945 772774 239205 6388 30758 247955
leaf_count=35729 375531 68646 72740 264754 184393 386945 772774 239205 6388 30758 247955
internal_value=3.86437e-08 -1.89627e-05 3.36298e-06 -1.30487e-05 -1.64371e-05 5.87287e-06 8.38463e-06 1.15919e-05 6.15017e-06 -6.76208e-06 2.02937e-05
internal_weight=2.68582e+06 399887 2.28593e+06 364158 257133 2.0288e+06 1.64185e+06 1.26632e+06 779162 295512 487160
internal_count=2685818 399887 2285931 364158 257133 2028798 1641853 1266322 779162 295512 487160
is_linear=0
shrinkage=0.00523217


Tree=142
num_leaves=12
num_cat=0
split_feature=0 0 2 0 20 10 21 20 16 5 19
split_gain=18.5796 4.99361 4.89019 2.92283 1.83135 1.85521 1.81547 1.62341 1.57197 1.52532 1.66105
threshold=-1.4660159349441526 -4.1181745529174796 -0.067518778145313249 0.42489257454872137 -0.15222070366144178 0.59630805253982555 -1.7906396985054014 3.1341046094894414 -0.25587454438209528 0.018952271901071075 inf
decision_type=2 2 8 2 10 10 2 10 2 10 8
left_child=1 -1 4 9 -2 8 7 -3 -6 10 -4
right_child=2 6 3 -5 5 -7 -8 -9 -10 -11 -12
leaf_value=-0.00011229759479322081 5.8695034946759844e-06 1.6443193320856978e-06 -1.3779495675659422e-06 7.897272930677144e-06 3.6580046233580846e-05 2.069844547660454e-06 -4.227805441625162e-05 0.00024979016659588065 1.4666900125768933e-05 -1.5408371324500328e-05 -0.00011328374633681779
leaf_weight=31481 595769 2259 535763 474028 179067 123268 136351 1064 179756 423322 3655
leaf_count=31481 595769 2259 535763 474028 179067 123268 136351 1064 179756 423322 3655
internal_value=-7.69945e-09 -5.27558e-05 3.58224e-06 -2.73699e-06 1.20064e-05 1.95887e-05 -3.93292e-05 8.1401e-05 2.56048e-05 -7.97387e-06 -2.13794e-06
internal_weight=2.68578e+06 171155 2.51463e+06 1.43677e+06 1.07786e+06 482091 139674 3323 358823 962740 539418
internal_count=2685783 171155 2514628 1436768 1077860 482091 139674 3323 358823 962740 539418
is_linear=0
shrinkage=0.00523217


Tree=143
num_leaves=12
num_cat=0
split_feature=6 7 22 6 22 3 4 23 14 11 23
split_gain=9.33517 3.99527 3.14272 3.33845 2.68935 2.24283 2.17118 3.53811 2.49656 2.06541 2.06268
threshold=-0.701848804950714 0.60555830597877514 0.14086005091667178 -3.7100228071212764 -1.6565974950790403 -0.26531407237052912 2.8695944547653203 inf 0.45853786170482641 -0.9124169349670409 inf
decision_type=2 8 8 2 10 8 8 8 2 8 8
left_child=2 5 3 -1 -3 10 7 -6 -9 -5 -2
right_child=1 4 -4 9 6 -7 -8 8 -10 -11 -12
leaf_value=-0.00011493334375191749 -4.6153864649372944e-06 -6.2581500934190426e-05 -4.0721545594109539e-06 -6.8434265673334531e-05 -5.7058412388199164e-06 1.1148638789889637e-05 -0.00013102931498603114 0.00013889603156700555 0.0009832412028740827 -2.3696525679789969e-05 0.00021347919757714131
leaf_weight=13219 339900 23590 153695 32547 536068 1363142 3746 3289 98 215338 1190
leaf_count=13219 339900 23590 153695 32547 536068 1363142 3746 3289 98 215338 1190
internal_value=-2.48683e-08 4.14365e-06 -2.28494e-05 -3.38992e-05 -7.88927e-06 8.14601e-06 -5.5125e-06 -4.63913e-06 0.000163898 -2.95741e-05 -3.8514e-06
internal_weight=2.68582e+06 2.27102e+06 414799 261104 566791 1.70423e+06 543201 539455 3387 247885 341090
internal_count=2685822 2271023 414799 261104 566791 1704232 543201 539455 3387 247885 341090
is_linear=0
shrinkage=0.00523217


Tree=144
num_leaves=12
num_cat=0
split_feature=0 0 22 7 20 0 20 6 11 0 22
split_gain=18.4272 5.47434 3.55635 3.15531 2.06449 2.04412 2.03923 2.34587 1.96536 1.52385 1.49478
threshold=-2.4716690778732295 0.31631076335906988 0.10874205827713014 0.60555830597877514 -0.80180907249450672 -4.1181745529174796 -0.15989544987678525 -0.17320552468299863 -0.93323659896850575 0.73583427071571361 -0.73758897185325611
decision_type=2 2 8 8 10 2 10 2 10 2 10
left_child=2 3 5 6 9 -1 -2 -8 -6 -3 -5
right_child=1 4 -4 10 8 -7 7 -9 -10 -11 -12
leaf_value=-0.000154519991640544 -7.5884064004782081e-06 -8.8788088042417481e-06 -3.9972708216217099e-05 -3.6008146184671598e-05 -1.768451016372947e-05 -8.103986121375921e-05 -5.1976565409056795e-06 1.6956919375160995e-05 1.7296803649938875e-05 1.3437739112537953e-05 -1.1304380256307345e-05
leaf_weight=16420 425732 207309 39762 81480 46566 28353 224067 314321 781298 140551 379989
leaf_count=16420 425732 207309 39762 81480 46566 28353 224067 314321 781298 140551 379989
internal_value=4.96784e-09 2.47583e-06 -7.6018e-05 -4.41675e-06 1.08339e-05 -0.000108009 9.67787e-07 7.73512e-06 1.53282e-05 1.35781e-07 -1.56681e-05
internal_weight=2.68585e+06 2.60131e+06 84535 1.42559e+06 1.17572e+06 44773 964120 538388 827864 347860 461469
internal_count=2685848 2601313 84535 1425589 1175724 44773 964120 538388 827864 347860 461469
is_linear=0
shrinkage=0.00523217


Tree=145
num_leaves=12
num_cat=0
split_feature=9 3 20 20 10 20 7 8 18 8 17
split_gain=10.3757 3.98074 3.41132 3.31314 2.83451 2.41155 2.32061 2.11276 2.42492 2.08905 1.94518
threshold=0.31161199510097509 -0.44862213730812067 3.9994294643402104 2.0397076606750493 0.76153340935707103 -0.85414108633995045 0.35904826223850256 -2.0719914436340328 2.2451330423355107 inf -2.1172327995300289
decision_type=8 8 10 10 8 10 8 10 10 8 2
left_child=1 2 7 -2 5 -3 -7 8 -1 -6 -4
right_child=3 4 10 -5 9 6 -8 -9 -10 -11 -12
leaf_value=6.3697248439614923e-06 -1.9276685373943732e-05 -2.9021346318607643e-06 0.00036461813402998496 -7.2520021672296922e-05 -3.9482411980847604e-06 1.9487320574803802e-05 2.9019505793134779e-06 -1.1894846963011386e-05 0.00018563656284718432 -0.00019674702842273714 7.765390654867201e-05
leaf_weight=5993 394379 258363 729 34834 368544 817392 322067 472808 3159 1544 5833
leaf_count=5993 394379 258363 729 34834 368544 817392 322067 472808 3159 1544 5833
internal_value=-1.97953e-08 4.4652e-06 -8.75428e-06 -2.35999e-05 8.11856e-06 1.15277e-05 1.48002e-05 -1.03692e-05 6.83511e-05 -4.75539e-06 0.000109716
internal_weight=2.68564e+06 2.25643e+06 488522 429213 1.76791e+06 1.39782e+06 1.13946e+06 481960 9152 370088 6562
internal_count=2685645 2256432 488522 429213 1767910 1397822 1139459 481960 9152 370088 6562
is_linear=0
shrinkage=0.00523217


Tree=146
num_leaves=12
num_cat=0
split_feature=1 1 3 23 11 17 3 7 19 6 11
split_gain=16.7604 4.57176 3.04275 3.21455 5.09178 4.23974 3.06726 2.98174 2.34055 2.18484 1.90603
threshold=1.2354218959808352 2.0017727613449101 -0.20501197874546048 inf 0.72031906247138988 -2.3464462757110591 -2.924421906471252 0.66865378618240368 3.4619263410568242 -0.77544501423835743 -0.86514216661453236
decision_type=2 2 10 8 10 2 10 10 8 2 10
left_child=2 -2 3 -1 -5 7 -7 -6 10 -3 -4
right_child=1 9 8 4 5 6 -8 -9 -10 -11 -12
leaf_value=-6.2170740471969806e-06 -2.5887391604165166e-05 -9.5028631291426427e-05 -5.4848680173008442e-06 -3.6796100773283548e-06 -0.00017771497661118329 -2.4250558001075657e-05 0.00034576101943443479 0.003539331733743864 -0.00019986047106008116 -3.4831841907643887e-05 1.0461411548688154e-05
leaf_weight=674274 201157 47808 237906 5128 8.0000000000000018 835 2267 17 1479 25289 1489799
leaf_count=674274 201157 47808 237906 5128 8 835 2267 17 1479 25289 1489799
internal_value=-1.30786e-08 -3.87712e-05 4.39409e-06 -4.95949e-06 9.76494e-05 0.000264015 0.000245931 0.00236487 8.08652e-06 -7.42145e-05 8.26513e-06
internal_weight=2.68597e+06 274254 2.41171e+06 682529 8255 3127 3102 25 1.72918e+06 73097 1.7277e+06
internal_count=2685967 274254 2411713 682529 8255 3127 3102 25 1729184 73097 1727705
is_linear=0
shrinkage=0.00523217


Tree=147
num_leaves=12
num_cat=0
split_feature=0 2 0 22 22 0 7 5 15 22 20
split_gain=18.1523 5.44373 3.84143 3.60527 2.13395 1.95527 1.82873 2.80117 2.19698 1.89206 1.7281
threshold=-2.2876532077789302 -0.067518778145313249 -0.035449102520942681 -0.24449743330478665 -0.92435762286186207 -4.1181745529174796 inf inf 0.088259361684322371 -0.98321911692619313 -0.15222070366144178
decision_type=2 8 2 8 8 2 8 8 2 10 10
left_child=3 10 4 5 -3 -1 7 9 -9 -4 -2
right_child=1 2 6 -5 -6 -7 -8 8 -10 -11 -12
leaf_value=-0.00017388766446512641 5.4763004415264807e-06 -4.7798111645998787e-05 -2.2066533909691183e-05 -4.7646300774169281e-05 -1.2167925856591334e-05 -8.7361839413388021e-05 -0.00011980094487454838 9.8198770271416756e-05 0.00057878517900337339 3.9271250779061765e-06 1.8674851568596906e-05
leaf_weight=10626 600805 51428 83693 62428 439057 22100 3364 4864 275 911396 495924
leaf_count=10626 600805 51428 83693 62428 439057 22100 3364 4864 275 911396 495924
internal_value=-1.35505e-08 2.59288e-06 -3.90466e-06 -7.09878e-05 -1.59055e-05 -0.000115486 1.95974e-06 2.3702e-06 0.0001242 1.74007e-06 1.14452e-05
internal_weight=2.68596e+06 2.59081e+06 1.49408e+06 95154 490485 32726 1.00359e+06 1.00023e+06 5139 995089 1.09673e+06
internal_count=2685960 2590806 1494077 95154 490485 32726 1003592 1000228 5139 995089 1096729
is_linear=0
shrinkage=0.00523217


Tree=148
num_leaves=12
num_cat=0
split_feature=0 0 22 9 22 9 0 18 5 18 16
split_gain=17.9498 5.41709 3.4807 2.71322 2.54178 2.40252 2.06763 1.62593 6.42891 1.87121 1.62957
threshold=-2.4716690778732295 0.28381444513797766 0.10874205827713014 0.28408758342266088 -0.3542769700288772 -0.075562622398138032 -4.1181745529174796 inf inf 2.1293375492095952 -0.066639527678489671
decision_type=2 2 8 10 8 8 2 8 8 10 2
left_child=2 3 6 7 -5 -3 -1 8 -2 -10 -9
right_child=1 5 -4 4 -6 -7 -8 10 9 -11 -12
leaf_value=-0.00015346311437734408 -1.5865082162039782e-06 1.6252183723090001e-05 -3.937684690642571e-05 -4.4352963032572136e-05 -9.2989563465135773e-06 1.4535073727895446e-06 -7.9562806892909566e-05 -0.00021386270223114695 -6.2578874381436636e-05 0.00022987257977944976 1.9498647654955367e-05
leaf_weight=16417 1069550 745831 39774 79908 194665 502979 28358 1951 693 4207 1401
leaf_count=16417 1069550 745831 39774 79908 194665 502979 28358 1951 693 4207 1401
internal_value=-3.56401e-09 2.4348e-06 -7.50294e-05 -4.82049e-06 -1.95037e-05 1.02924e-05 -0.00010668 -1.07914e-06 -7.19388e-07 0.000188343 -0.000116115
internal_weight=2.68573e+06 2.60118e+06 84549 1.35238e+06 274573 1.24881e+06 44775 1.0778e+06 1.07445e+06 4900 3352
internal_count=2685734 2601185 84549 1352375 274573 1248810 44775 1077802 1074450 4900 3352
is_linear=0
shrinkage=0.00523217


Tree=149
num_leaves=12
num_cat=0
split_feature=0 0 7 16 9 6 6 13 5 17 16
split_gain=17.6137 5.36712 3.02874 2.45864 2.3755 1.70292 1.50354 1.42887 4.00312 3.30511 1.63343
threshold=-2.4716690778732295 0.28381444513797766 0.60555830597877514 -0.18293888121843335 -0.075562622398138032 -0.46162298321723932 -0.15171803534030912 -2.8851679563522334 inf -2.3464462757110591 -0.066639527678489671
decision_type=2 2 8 2 8 2 2 10 8 2 2
left_child=3 2 6 5 -3 -1 -2 10 -9 -10 -4
right_child=1 4 7 -5 -6 -7 -8 8 9 -11 -12
leaf_value=-0.00011761254652246803 -8.2439781719465795e-06 1.6196271114269142e-05 -0.0001977641861952238 -4.1056334201141893e-05 1.482177102438252e-06 -4.8992867083480246e-05 5.7698812497351395e-06 -1.6750442476382435e-05 0.0018612301485605332 0.00012225042560905244 1.9271201114155022e-05
leaf_weight=35241 328194 745911 2467 35470 503074 13837 579890 435405 29 4906 1532
leaf_count=35241 328194 745911 2467 35470 503074 13837 579890 435405 29 4906 1532
internal_value=3.39394e-08 2.44974e-06 -4.77207e-06 -7.4286e-05 1.02703e-05 -9.8284e-05 7.04192e-07 -1.59655e-05 -1.50691e-05 0.000133075 -0.000114437
internal_weight=2.68596e+06 2.60141e+06 1.35242e+06 84548 1.24898e+06 49078 908084 444339 440340 4935 3999
internal_count=2685956 2601408 1352423 84548 1248985 49078 908084 444339 440340 4935 3999
is_linear=0
shrinkage=0.00523217


Tree=150
num_leaves=12
num_cat=0
split_feature=0 0 7 0 9 20 3 20 9 23 18
split_gain=17.6882 5.30721 2.99211 2.36934 2.331 2.19593 2.04622 1.89574 1.76047 1.81244 1.38989
threshold=-2.4716690778732295 0.28381444513797766 0.60555830597877514 -4.6028513908386222 -0.075562622398138032 -0.80180907249450672 -1.3339997529983518 -0.19031134992837903 0.27534173429012304 inf 0.94298130273818981
decision_type=2 2 8 2 8 10 8 10 10 8 10
left_child=3 2 7 6 -3 -6 -1 -2 9 -9 -10
right_child=1 4 -4 -5 5 -7 -8 8 10 -11 -12
leaf_value=-0.00019909563471990496 -8.2858527131482854e-06 1.6046753896589984e-05 -1.5910037432901263e-05 -5.8599629044664e-05 -1.5538306532886824e-05 8.4970052770379789e-06 -8.7523367907059617e-05 1.1227985063931755e-05 -2.3161535451201424e-05 0.00020751869776145114 2.0036697444098421e-05
leaf_weight=6608 378191 746011 444147 63717 147017 356078 14270 422210 78812 1291 27486
leaf_count=6608 378191 746011 444147 63717 147017 356078 14270 422210 78812 1291 27486
internal_value=-1.9855e-08 2.40126e-06 -4.78147e-06 -7.4476e-05 1.01771e-05 1.47167e-06 -0.000122884 6.61247e-07 7.04955e-06 1.18288e-05 -1.19839e-05
internal_weight=2.68584e+06 2.60124e+06 1.35214e+06 84595 1.24911e+06 503095 20878 907990 529799 423501 106298
internal_count=2685838 2601243 1352137 84595 1249106 503095 20878 907990 529799 423501 106298
is_linear=0
shrinkage=0.00523217


Tree=151
num_leaves=12
num_cat=0
split_feature=0 0 0 22 7 8 20 22 22 19 23
split_gain=17.439 4.72144 4.25704 2.93606 2.86179 2.51967 2.92657 1.64983 1.60062 1.66038 3.67634
threshold=-1.4660159349441526 -3.624077200889587 0.4840973317623139 -0.057399531826376908 0.63703781366348278 -0.63673973083496083 -0.15222070366144178 0.15455056726932528 -1.6565974950790403 inf inf
decision_type=2 2 2 8 8 8 10 8 10 8 8
left_child=1 3 4 -1 5 -2 -7 -3 -6 10 -10
right_child=2 7 -4 -5 8 6 -8 -9 9 -11 -12
leaf_value=-0.00014726668686931298 -9.1488022348483702e-06 -5.153846733100045e-05 1.3389868297740654e-05 -6.0033794094855037e-05 -5.866933880805975e-05 -1.8818311109949326e-06 1.713816414819912e-05 -1.3620800137690537e-05 -1.0666828372394113e-05 -0.00013130229416002541 0.00013708445455332547
leaf_weight=18964 334251 72876 807888 23953 19258 439043 446738 55337 459736 3068 4655
leaf_count=18964 334251 72876 807888 23953 19258 439043 446738 55337 459736 3068 4655
internal_value=1.66406e-08 -5.10903e-05 3.49499e-06 -9.86016e-05 -1.18828e-06 3.09046e-06 7.70989e-06 -3.51797e-05 -1.19152e-05 -9.98724e-06 -9.18371e-06
internal_weight=2.68577e+06 171130 2.51464e+06 42917 1.70675e+06 1.22003e+06 885781 128213 486717 467459 464391
internal_count=2685767 171130 2514637 42917 1706749 1220032 885781 128213 486717 467459 464391
is_linear=0
shrinkage=0.00523217


Tree=152
num_leaves=12
num_cat=0
split_feature=2 5 11 13 11 16 5 11 10 2 5
split_gain=7.7064 4.83051 2.57345 2.3651 1.94463 2.17533 1.7243 2.43873 2.76394 1.64885 4.3774
threshold=0.25747542083263403 1.1671420335769656 -0.90246811509132374 0.25078175961971289 -0.71886375546455372 -0.22366837412118909 inf 1.2608230710029604 -0.89476802945137013 2.0410968065261845 1.1671420335769656
decision_type=8 10 8 10 10 2 8 10 8 8 8
left_child=2 4 -1 -4 5 -2 -5 -8 -9 10 -6
right_child=1 -3 3 6 9 -7 7 8 -10 -11 -12
leaf_value=-1.1438751924090256e-05 -3.3171741452499263e-05 -3.7382171050264876e-05 1.4982762855837298e-05 -5.9090210999357182e-07 -9.3668031796129667e-07 -3.2072532685596877e-06 4.2357923178429434e-05 0.0018701033258430523 0.00040898257504264713 -4.0885113148622286e-05 0.00021346214145254492
leaf_weight=167192 131876 152984 921532 407437 739620 133562 468 44 182 28281 2615
leaf_count=167192 131876 152984 921532 407437 739620 133562 468 44 182 28281 2615
internal_value=6.78198e-09 -9.93739e-06 7.90588e-06 1.03389e-05 -5.88368e-06 -1.80974e-05 -1.44707e-07 0.00026021 0.000705234 -1.67505e-06 -1.79902e-07
internal_weight=2.68579e+06 1.18894e+06 1.49686e+06 1.32966e+06 1.03595e+06 265438 408131 694 226 770516 742235
internal_count=2685793 1188938 1496855 1329663 1035954 265438 408131 694 226 770516 742235
is_linear=0
shrinkage=0.00523217


Tree=153
num_leaves=12
num_cat=0
split_feature=2 5 22 2 12 15 19 4 5 15 19
split_gain=7.64443 4.79352 2.63281 1.97165 1.81246 2.44142 1.86855 1.70511 2.52065 2.03503 1.28565
threshold=0.25747542083263403 1.1671420335769656 -0.73758897185325611 -0.62356787919998158 0.32875788211822515 1.7074555754661562 -0.80394628643989552 inf 1.1671420335769656 0.078642103821039214 0.89278438687324535
decision_type=8 10 10 10 10 2 10 8 8 2 8
left_child=3 2 -2 4 5 6 -1 8 10 -10 -4
right_child=1 -3 7 -5 -6 -7 -8 -9 9 -11 -12
leaf_value=-1.0791949293340757e-05 -2.428667311558171e-05 -3.7255519169252038e-05 7.6517824677693998e-07 2.6731192098021656e-06 6.3282662935868571e-06 8.9027380239558101e-05 2.6206204903022243e-05 -0.00010782402476327975 9.0028166328513258e-05 0.00049696644394960456 -1.6068168594015104e-05
leaf_weight=43971 176531 153031 700111 858946 331350 15029 247787 4155 3854 369 150975
leaf_count=43971 176531 153031 700111 858946 331350 15029 247787 4155 3854 369 150975
internal_value=-1.61832e-08 -9.92069e-06 -5.88214e-06 7.84972e-06 1.48163e-05 2.39812e-05 2.06274e-05 -2.10094e-06 -1.58626e-06 0.000125905 -2.21998e-06
internal_weight=2.68611e+06 1.18903e+06 1.036e+06 1.49708e+06 638137 306787 291758 859464 855309 4223 851086
internal_count=2686109 1189026 1035995 1497083 638137 306787 291758 859464 855309 4223 851086
is_linear=0
shrinkage=0.00523217


Tree=154
num_leaves=12
num_cat=0
split_feature=1 22 9 1 3 5 19 17 5 7 22
split_gain=15.7442 4.32973 3.51016 2.4532 2.36036 3.70993 5.04278 4.00028 2.29728 2.16211 2.07789
threshold=1.2877020835876467 -0.23894175887107846 0.18904352188110354 2.1633050441741948 -0.44862213730812067 inf 3.9804273843765263 -2.2181544303894039 inf 0.87739846110343944 -0.12748708575963971
decision_type=2 8 8 2 10 8 8 2 8 8 8
left_child=2 3 4 -2 5 -1 7 -7 -6 -3 -4
right_child=1 9 10 -5 8 6 -8 -9 -10 -11 -12
leaf_value=-6.2699096315963245e-06 -5.4903599156693477e-05 -1.1048569125524743e-05 -2.0873283013247377e-05 -0.00012339760185096178 1.0211685534989814e-05 0.0017012177780198283 -5.6746775671531341e-05 0.00022510263975708563 -0.00019226103126626195 -5.2312455129948692e-05 1.3048159876647742e-06
leaf_weight=391732 69804 115270 213237 18046 1567521 50 2541 3642 1534 49816 252557
leaf_count=391732 69804 115270 213237 18046 1567521 50 2541 3642 1534 49816 252557
internal_value=-1.65193e-08 -3.93046e-05 4.06789e-06 -6.89841e-05 7.12644e-06 -4.25269e-06 0.000122374 0.000245849 1.00131e-05 -2.35054e-05 -8.84645e-06
internal_weight=2.68575e+06 252936 2.43281e+06 87850 1.96702e+06 397965 6233 3692 1.56906e+06 165086 465794
internal_count=2685750 252936 2432814 87850 1967020 397965 6233 3692 1569055 165086 465794
is_linear=0
shrinkage=0.00523217


Tree=155
num_leaves=12
num_cat=0
split_feature=9 22 3 20 10 21 4 10 20 19 19
split_gain=9.59205 4.11239 3.75355 3.43016 2.70607 2.57483 3.99066 13.0261 2.36582 2.29795 2.07886
threshold=0.31161199510097509 -0.25622746348381037 -0.44862213730812067 3.9994294643402104 0.76153340935707103 -2.0988676548004146 -2.4509845972061153 -0.96449005603790272 -0.85414108633995045 2.1760412454605107 2.9736022949218754
decision_type=8 8 10 10 8 2 8 10 10 10 8
left_child=2 -2 3 -1 8 6 7 -5 -4 -8 -6
right_child=1 -3 4 5 10 -7 9 -9 -10 -11 -12
leaf_value=-1.0143836918648166e-05 -4.4817683368002886e-05 -1.0824118752615758e-05 -3.0999511404688672e-06 0.0070510525579360155 -3.8958490381032603e-06 5.6516284054070147e-05 0.00057449576263456092 0.00039975964784026328 1.443175208612622e-05 0.00010582524084650937 -0.00019220200490587349
leaf_weight=482004 149586 279641 258438 8.9999999999999982 368588 5176 421 41 1139403 911 1611
leaf_count=482004 149586 279641 258438 9 368588 5176 421 41 1139403 911 1611
internal_value=-9.93151e-10 -2.26729e-05 4.31107e-06 -8.52508e-06 7.85853e-06 0.000110309 0.000310978 0.00174787 1.11899e-05 0.000254937 -4.71808e-06
internal_weight=2.68583e+06 429227 2.2566e+06 488562 1.76804e+06 6558 1382 50 1.39784e+06 1332 370199
internal_count=2685829 429227 2256602 488562 1768040 6558 1382 50 1397841 1332 370199
is_linear=0
shrinkage=0.00523217


Tree=156
num_leaves=12
num_cat=0
split_feature=0 0 0 22 10 22 3 5 11 5 9
split_gain=16.8794 4.66603 4.17926 2.71759 2.60703 1.98687 1.8783 2.90398 5.98862 2.16636 1.79509
threshold=-1.4660159349441526 -4.1181745529174796 0.4840973317623139 -0.057399531826376908 0.89672210812568676 0.11523725837469102 -0.22866050153970716 inf 0.72031906247138988 inf -0.075562622398138032
decision_type=2 2 2 8 10 8 8 8 10 8 8
left_child=1 3 4 -1 6 -3 7 -2 -9 -8 -4
right_child=2 5 10 -5 -6 -7 9 8 -10 -11 -12
leaf_value=-0.00016283269034709862 -9.7305804349504392e-06 -5.5210347606468269e-05 1.9057263328949152e-05 -6.4772354121264453e-05 -1.3908730568164273e-05 -1.5532141255863183e-05 6.2274644712394618e-06 -1.0363618152802263e-05 0.00031957267531433398 -0.00019033155527926356 2.8094566850083054e-06
leaf_weight=13822 374316 76669 516734 17671 352850 63014 971402 4508 2257 1536 291163
leaf_count=13822 374316 76669 516734 17671 352850 63014 971402 4508 2257 1536 291163
internal_value=-2.32432e-08 -5.0297e-05 3.39851e-06 -0.00010784 -1.24152e-06 -3.73167e-05 2.0589e-06 -7.78678e-06 9.96306e-05 5.9161e-06 1.32026e-05
internal_weight=2.68594e+06 171176 2.51477e+06 31493 1.70687e+06 139683 1.35402e+06 381081 6765 972938 807897
internal_count=2685942 171176 2514766 31493 1706869 139683 1354019 381081 6765 972938 807897
is_linear=0
shrinkage=0.00523217


Tree=157
num_leaves=12
num_cat=0
split_feature=9 22 3 6 10 10 18 7 16 7 18
split_gain=9.42658 4.06166 3.67159 2.73929 2.66424 2.04489 2.61486 1.97281 2.07643 1.91647 1.91485
threshold=0.30178278684616094 -0.25622746348381037 -0.44862213730812067 -1.0842788219451902 0.76153340935707103 2.0964155197143559 2.1293375492095952 0.35904826223850256 1.0899143218994143 0.690241038799286 2.5920014381408696
decision_type=8 8 10 2 8 8 10 8 2 8 8
left_child=2 3 5 -2 7 -1 -7 8 -4 -3 -6
right_child=1 9 4 -5 10 6 -8 -9 -10 -11 -12
leaf_value=-1.0001653730399108e-05 -8.2505380886127363e-05 -1.4075871516185148e-06 1.7867909925157622e-05 -3.123881424202278e-05 -3.8600657904697462e-06 -1.0491676811153367e-06 0.00017222739127194418 1.217335213661027e-06 -5.0833711779596606e-06 -3.062063860195425e-05 -0.00017289218608857799
leaf_weight=475740 37949 196523 874531 115420 366216 6206 3861 394899 123041 89504 1843
leaf_count=475740 37949 196523 874531 115420 366216 6206 3861 394899 123041 89504 1843
internal_value=-4.04906e-08 -2.22042e-05 4.2945e-06 -4.39298e-05 7.80858e-06 -8.43859e-06 6.53403e-05 1.11179e-05 1.50363e-05 -1.05519e-05 -4.7092e-06
internal_weight=2.68573e+06 439396 2.24634e+06 153369 1.76053e+06 485807 10067 1.39247e+06 997572 286027 368059
internal_count=2685733 439396 2246337 153369 1760530 485807 10067 1392471 997572 286027 368059
is_linear=0
shrinkage=0.00523217


Tree=158
num_leaves=12
num_cat=0
split_feature=0 0 1 0 3 8 23 7 8 7 14
split_gain=16.9231 5.0664 3.05632 2.2334 2.05566 1.78901 3.74506 1.807 1.74058 1.56647 1.5103
threshold=-2.4716690778732295 0.35809324681758886 1.2354218959808352 -4.1181745529174796 -1.3339997529983518 -0.68266767263412464 inf 0.60555830597877514 -2.0719914436340328 0.87739846110343944 -0.5503697097301482
decision_type=2 2 2 2 8 10 8 8 8 8 2
left_child=3 2 5 4 -1 -2 7 -7 -4 -10 -8
right_child=1 -3 8 -5 -6 6 10 -9 9 -11 -12
leaf_value=-0.00017247559389639957 -1.0166684351614982e-05 1.1026882762571106e-05 0.00011921303640689663 -5.2105770204749835e-05 -8.0041274650711233e-05 6.9275662363053658e-06 8.8880271425485524e-05 -9.8779923704181388e-06 -1.4923459028053026e-05 -4.7349694807502118e-05 0.00043473135824024009
leaf_weight=9438 401897 1081908 2318 53067 22033 687432 659 235010 132269 59046 744
leaf_count=9438 401897 1081908 2318 53067 22033 687432 659 235010 132269 59046 744
internal_value=5.57989e-09 2.37353e-06 -3.78778e-06 -7.28471e-05 -0.000107793 -9.51115e-07 3.05704e-06 2.64515e-06 -2.32052e-05 -2.49357e-05 0.000273066
internal_weight=2.68582e+06 2.60128e+06 1.51938e+06 84538 31471 1.32574e+06 923845 922442 193633 191315 1403
internal_count=2685821 2601283 1519375 84538 31471 1325742 923845 922442 193633 191315 1403
is_linear=0
shrinkage=0.00523217


Tree=159
num_leaves=12
num_cat=0
split_feature=2 11 11 2 13 15 8 2 19 21 8
split_gain=7.34713 2.48647 2.44328 3.21005 2.38363 1.95138 1.80697 1.53855 1.43942 1.31354 1.19154
threshold=0.26575288176536566 -0.90246811509132374 -0.78441807627677906 1.8837870359420779 0.25078175961971289 -1.0327684283256529 -2.0719914436340328 -0.60663494467735279 -0.73021075129508961 1.5617108941078188 -1.0196020007133482
decision_type=8 8 10 8 8 2 8 8 10 2 10
left_child=1 -1 5 -4 7 -2 -5 -3 -6 -8 -7
right_child=2 4 3 6 8 10 9 -9 -10 -11 -12
leaf_value=-1.1292201267039591e-05 -6.1995938717230228e-05 2.1611373027702698e-05 -3.3252321060555693e-06 8.1464945115544899e-05 -1.7135268242734778e-05 -4.4619909706155438e-05 -4.4261708226109454e-05 8.1204643650843507e-06 5.2814169484243847e-06 -0.00014743628258702261 -1.3020916773407774e-05
leaf_weight=168684 32407 450402 864105 2954 105322 39653 49043 476520 306932 3636 186412
leaf_count=168684 32407 450402 864105 2954 105322 39653 49043 476520 306932 3636 186412
internal_value=-1.228e-08 7.63656e-06 -9.80186e-06 -5.80648e-06 1.00215e-05 -2.40157e-05 -4.43304e-05 1.46767e-05 -4.43647e-07 -5.14014e-05 -1.85673e-05
internal_weight=2.68607e+06 1.50786e+06 1.17821e+06 919738 1.33918e+06 258472 55633 926922 412254 52679 226065
internal_count=2686070 1507860 1178210 919738 1339176 258472 55633 926922 412254 52679 226065
is_linear=0
shrinkage=0.00523217


Tree=160
num_leaves=12
num_cat=0
split_feature=9 22 7 6 22 15 17 7 7 23 16
split_gain=9.3884 3.98785 3.16071 2.67978 2.60291 1.99219 1.83895 1.83776 1.74598 3.72647 1.46817
threshold=0.31161199510097509 -0.25622746348381037 0.49432499706745153 -1.0842788219451902 -1.8165047168731687 -1.0327684283256529 -0.071260880678892122 0.690241038799286 0.49432499706745153 inf -0.066639527678489671
decision_type=8 8 8 2 10 2 2 8 10 8 2
left_child=2 3 6 -2 -4 -6 -1 -3 10 -10 -7
right_child=1 7 4 -5 5 8 -8 -9 9 -11 -12
leaf_value=1.3829591477152683e-05 -8.2650205505586089e-05 -1.6778332915261019e-06 -7.2640553971206305e-05 -3.1445380821371929e-05 -3.3684039477353506e-05 -0.00021008889423448321 2.5054808814808e-06 -3.0602127799099228e-05 -1.2507014139133047e-06 0.00016103892163072601 1.8802525451354672e-05
leaf_weight=813389 37306 191972 15276 112356 55162 1992 759206 87607 606373 3897 1237
leaf_count=813389 37306 191972 15276 112356 55162 1992 759206 87607 606373 3897 1237
internal_value=1.24361e-08 -2.24164e-05 4.27925e-06 -4.4215e-05 -5.10977e-06 -3.56565e-06 8.36314e-06 -1.07443e-05 -8.56227e-07 -2.12743e-07 -0.000122179
internal_weight=2.68577e+06 429241 2.25653e+06 149662 683937 668661 1.5726e+06 279579 613499 610270 3229
internal_count=2685773 429241 2256532 149662 683937 668661 1572595 279579 613499 610270 3229
is_linear=0
shrinkage=0.00523217


Tree=161
num_leaves=12
num_cat=0
split_feature=0 0 7 10 20 0 3 1 20 11 3
split_gain=16.7331 4.80737 3.09976 2.67788 2.69775 2.53427 2.00104 1.9075 1.53594 1.90455 1.45885
threshold=-2.2876532077789302 0.47876988351345068 0.60555830597877514 0.69764268398284923 -0.15222070366144178 -4.1181745529174796 -1.3339997529983518 1.2619577050209048 -0.79310226440429676 0.37029434740543371 -0.51718407869338978
decision_type=2 2 8 10 10 2 8 2 10 10 8
left_child=5 2 3 4 -2 6 -1 -4 -3 -10 -6
right_child=1 8 7 -5 10 -7 -8 -9 9 -11 -12
leaf_value=-0.0001702883785019256 -2.4842884617256138e-06 2.8870853462394311e-06 -8.8820977895738483e-06 -1.1137531875262219e-05 -3.7876271514873898e-06 -4.9139825834472684e-05 -7.9158322595466172e-05 -3.7426011430069047e-05 1.1002004088968534e-05 3.1630764778648729e-05 1.9776670520384857e-05
leaf_weight=9461 451529 274696 463440 308252 88337 63660 22021 74411 358055 186413 385764
leaf_count=9461 451529 274696 463440 308252 88337 63660 22021 74411 358055 186413 385764
internal_value=-6.71909e-09 2.4955e-06 -2.35026e-06 2.21839e-06 6.66704e-06 -6.81546e-05 -0.000106576 -1.28327e-05 1.29772e-05 1.80663e-05 1.53844e-05
internal_weight=2.68604e+06 2.5909e+06 1.77173e+06 1.23388e+06 925630 95142 31482 537851 819164 544468 474101
internal_count=2686039 2590897 1771733 1233882 925630 95142 31482 537851 819164 544468 474101
is_linear=0
shrinkage=0.00523217


Tree=162
num_leaves=12
num_cat=0
split_feature=1 1 2 3 24 5 11 3 20 15 18
split_gain=15.0456 4.12908 3.87601 2.38644 2.79398 1.99438 3.23006 2.02326 1.84329 2.38441 1.62054
threshold=1.2354218959808352 2.0017727613449101 -0.4469750821590423 -0.20501197874546048 -0.01807667966932058 inf 0.27984125912189489 -3.2985291481018062 0.47976000607013708 1.2086937427520754 1.5121512413024905
decision_type=2 2 8 10 8 8 10 10 10 2 10
left_child=2 -2 8 5 -5 -4 -7 -8 -1 -10 -3
right_child=1 10 3 4 -6 6 7 -9 9 -11 -12
leaf_value=1.0074324222988887e-05 -2.447277054910663e-05 -5.5989308452400986e-05 -9.9151383603542482e-06 1.400454143632533e-05 -2.7822106556554955e-06 -4.0862206622271162e-05 -0.00010539109460841211 0.00022607340401318586 2.4558180056544911e-05 0.00010172309011138021 -0.0001126488126447002
leaf_weight=574786 201225 54547 569245 470280 641776 3455 587 3419 136043 11932 18573
leaf_count=574786 201225 54547 569245 470280 641776 3455 587 3419 136043 11932 18573
internal_value=-5.82576e-12 -3.67151e-05 4.17654e-06 -1.62515e-07 4.31606e-06 -8.79989e-06 7.61693e-05 0.000177287 1.4316e-05 3.07866e-05 -7.03938e-05
internal_weight=2.68587e+06 274345 2.41152e+06 1.68876e+06 1.11206e+06 576706 7461 4006 722761 147975 73120
internal_count=2685868 274345 2411523 1688762 1112056 576706 7461 4006 722761 147975 73120
is_linear=0
shrinkage=0.00523217


Tree=163
num_leaves=12
num_cat=0
split_feature=1 1 9 22 22 3 23 20 12 7 7
split_gain=14.909 4.05767 3.11409 2.32921 2.2584 2.19239 3.41089 4.08227 7.18591 2.4436 2.0748
threshold=1.2354218959808352 2.0017727613449101 0.18904352188110354 0.14086005091667178 -0.25622746348381037 -0.44862213730812067 inf 3.9994294643402104 -1.5847278237342832 -2.7196303606033321 inf
decision_type=2 2 8 8 8 10 8 10 10 10 8
left_child=2 3 5 -2 -3 6 -1 9 -9 -8 -7
right_child=1 4 -4 -5 -6 10 7 8 -10 -11 -12
leaf_value=-5.9072971938537512e-06 -3.9842181066528066e-05 -0.00011079070962881818 -8.0905758431910464e-06 -3.8694130387343316e-06 -4.917296578158722e-05 1.0042826115429362e-05 -5.8192921516679073e-05 9.1878830712488344e-05 0.0020793291289721988 0.00016522461616351613 -0.00019193343927301166
leaf_weight=387874 114622 24577 457259 86523 48525 1558812 1991 137 78 4068 1392
leaf_count=387874 114622 24577 457259 86523 48525 1558812 1991 137 78 4068 1392
internal_value=4.30317e-08 -3.65117e-05 4.20036e-06 -2.43725e-05 -6.99014e-05 7.07648e-06 -3.94761e-06 0.000117055 0.000824049 9.16796e-05 9.86196e-06
internal_weight=2.68586e+06 274247 2.41161e+06 201145 73102 1.95435e+06 394148 6274 215 6059 1.5602e+06
internal_count=2685858 274247 2411611 201145 73102 1954352 394148 6274 215 6059 1560204
is_linear=0
shrinkage=0.00523217


Tree=164
num_leaves=12
num_cat=0
split_feature=1 1 9 6 7 23 10 9 15 15 7
split_gain=14.7496 4.05829 3.15277 2.09034 1.82997 5.23707 2.2674 2.86706 1.64476 1.49441 1.45217
threshold=1.2354218959808352 2.0017727613449101 0.12521750479936603 -0.77544501423835743 2.2555502653121953 inf -0.60481473803520192 -1.1548210382461546 0.078642103821039214 -0.57290583848953236 0.27259978652000433
decision_type=2 2 8 2 8 8 8 10 2 2 10
left_child=2 -2 4 -3 5 10 7 -7 -8 -4 -1
right_child=1 3 9 -5 -6 6 8 -9 -10 -11 -12
leaf_value=1.1147072462636991e-05 -2.4222626150515839e-05 -9.0097719351533921e-05 6.8435327157457066e-06 -3.1224236953199403e-05 -4.5813834054981923e-05 0.0023503751383827653 0.00012397300690486434 0.00047446510261959683 0.0005446703486752842 -1.1929143784177033e-05 1.4377913742648186e-06
leaf_weight=1155002 201177 47835 161961 25289 17477 23 2511 367 284 409465 664540
leaf_count=1155002 201177 47835 161961 25289 17477 23 2511 367 284 409465 664540
internal_value=-6.89034e-09 -3.63623e-05 4.12789e-06 -6.97489e-05 7.46175e-06 7.97304e-06 0.000219921 0.000593916 0.000167219 -6.60694e-06 7.60146e-06
internal_weight=2.68593e+06 274301 2.41163e+06 73124 1.8402e+06 1.82273e+06 3185 390 2795 571426 1.81954e+06
internal_count=2685931 274301 2411630 73124 1840204 1822727 3185 390 2795 571426 1819542
is_linear=0
shrinkage=0.00523217


Tree=165
num_leaves=12
num_cat=0
split_feature=1 1 9 20 1 12 4 7 20 4 4
split_gain=14.5689 3.63212 3.26547 2.11371 3.26492 7.94653 8.67477 1.97297 2.0708 2.52556 1.60018
threshold=1.2877020835876467 2.0017727613449101 0.18904352188110354 3.9994294643402104 -1.328833222389221 -1.5847278237342832 -0.89249765872955311 0.27259978652000433 -0.20545889437198636 0.41740708053112036 2.8695944547653203
decision_type=2 2 8 10 2 10 10 8 10 8 8
left_child=2 -2 3 7 5 -5 -7 8 -1 -10 -9
right_child=1 -3 -4 4 -6 6 -8 10 9 -11 -12
leaf_value=4.7745715842410125e-06 -2.5102590745587869e-05 -6.8854097766854049e-05 -8.4862358020451445e-06 5.7773813812713586e-05 9.4046598182475721e-05 0.0039829909071147336 0.00042897825095501789 5.0760790172554025e-07 7.3080856397079388e-06 3.0028759693284101e-05 -0.00010540267005974904
leaf_weight=689764 179824 73107 465759 158 2934 35 41 734306 272399 263694 3925
leaf_count=689764 179824 73107 465759 158 2934 35 41 734306 272399 263694 3925
internal_value=4.12657e-08 -3.77519e-05 3.97051e-06 6.92013e-06 0.000141948 0.000735645 0.00211203 6.70184e-06 1.07713e-05 1.84855e-05 -5.45719e-08
internal_weight=2.68595e+06 252931 2.43302e+06 1.96726e+06 3168 234 76 1.96409e+06 1.22586e+06 536093 738231
internal_count=2685946 252931 2433015 1967256 3168 234 76 1964088 1225857 536093 738231
is_linear=0
shrinkage=0.00523217


Tree=166
num_leaves=12
num_cat=0
split_feature=0 2 0 0 12 19 4 23 1 2 4
split_gain=15.9129 4.80828 3.17642 2.92457 1.90134 1.77023 1.6686 2.66107 1.6077 1.4168 1.4049
threshold=-2.1267185211181636 -0.067518778145313249 -0.035449102520942681 -4.1181745529174796 0.32875788211822515 -0.65389567613601673 2.6846064329147343 inf -2.1416331529617305 -0.62356787919998158 -1.3727321624755857
decision_type=2 8 2 2 10 10 8 8 2 10 10
left_child=3 4 10 -1 5 -2 7 -4 -9 -7 -3
right_child=1 2 6 -5 -6 9 -8 8 -10 -11 -12
leaf_value=-0.00010517446053179921 -3.1605309577066094e-07 -3.4149981022658746e-05 1.6905432242005374e-06 -4.4962321803467595e-05 4.3508962803692168e-06 3.165820889975714e-05 -8.5389214188300131e-05 8.3598114346018732e-05 0.00034709084262839771 1.1947313571463062e-05 -1.0500544169138977e-05
leaf_weight=31483 111371 83140 992771 74282 574730 233142 5977 3988 757 174884 399107
leaf_count=31483 111371 83140 992771 74282 574730 233142 5977 3988 757 174884 399107
internal_value=6.70077e-09 2.58574e-06 -3.54357e-06 -6.28942e-05 1.09096e-05 1.81655e-05 1.75915e-06 2.28224e-06 0.00012588 2.3212e-05 -1.45795e-05
internal_weight=2.68563e+06 2.57987e+06 1.48574e+06 105765 1.09413e+06 519397 1.00349e+06 997516 4745 408026 482247
internal_count=2685632 2579867 1485740 105765 1094127 519397 1003493 997516 4745 408026 482247
is_linear=0
shrinkage=0.00523217


Tree=167
num_leaves=12
num_cat=0
split_feature=0 0 8 16 3 3 23 3 8 0 18
split_gain=15.7129 4.87531 2.71011 2.37334 2.79615 1.86575 2.59294 1.80303 1.57045 1.50577 1.50518
threshold=-2.4716690778732295 0.35809324681758886 -0.70040297508239735 -0.18293888121843335 -1.631787061691284 -2.083382129669189 inf -2.924421906471252 -2.0719914436340328 -0.85946616530418385 inf
decision_type=2 2 8 2 8 8 8 10 10 2 8
left_child=3 2 8 4 -1 6 -4 -8 -2 -10 -7
right_child=1 -3 5 -5 -6 10 7 -9 9 -11 -12
leaf_value=-0.00018752964572282734 5.4120232094595947e-05 1.0791319870353053e-05 -3.729464516647922e-05 -3.7533444371759267e-05 -7.7062490285562856e-05 2.8344180838118675e-06 -4.7174451605277255e-05 0.00029718237347289183 -3.6095416228972667e-05 -1.119616675364048e-05 -0.00010828165228794469
leaf_weight=7401 9011 1081786 48686 35508 41683 1000196 664 1097 80849 375613 3347
leaf_count=7401 9011 1081786 48686 35508 41683 1000196 664 1097 80849 375613 3347
internal_value=1.94798e-08 2.30194e-06 -3.74157e-06 -7.0157e-05 -9.37395e-05 9.01368e-07 -3.01456e-05 0.000166939 -1.42565e-05 -1.56082e-05 2.4629e-06
internal_weight=2.68584e+06 2.60125e+06 1.51946e+06 84592 49084 1.05399e+06 50447 1761 465473 456462 1.00354e+06
internal_count=2685841 2601249 1519463 84592 49084 1053990 50447 1761 465473 456462 1003543
is_linear=0
shrinkage=0.00523217


Tree=168
num_leaves=12
num_cat=0
split_feature=11 22 13 5 4 10 22 19 5 11 18
split_gain=5.59138 4.88231 3.77115 2.61552 2.29297 1.9872 1.69984 1.41724 4.36427 2.25622 1.56594
threshold=-0.86514216661453236 -1.1528852581977842 0.38102562725543981 2.5151624679565434 0.34177346527576452 1.0271405577659609 -1.9874526858329771 inf 2.5151624679565434 0.72031906247138988 1.6973149776458742
decision_type=8 10 8 10 10 8 8 8 8 10 8
left_child=1 -1 4 7 6 -3 -2 8 10 -10 -4
right_child=2 5 3 -5 -6 -7 -8 -9 9 -11 -12
leaf_value=-7.6393049434744369e-05 -8.2731964058471594e-05 -7.2464094665027081e-06 -2.4815457841805713e-06 -5.519792561636944e-05 1.6319903590176526e-05 -4.1843924413184176e-05 3.5383083916257114e-06 -0.00010913840973022018 2.8814668108285037e-05 0.00025331811680829778 -3.0765849779456893e-05
leaf_weight=35746 6295 310892 722176 28375 575935 53251 886846 3498 2262 2697 57890
leaf_count=35746 6295 310892 722176 28375 575935 53251 886846 3498 2262 2697 57890
internal_value=1.0275e-08 -1.80389e-05 3.16801e-06 -5.84341e-06 8.17947e-06 -1.23082e-05 2.92925e-06 -4.06629e-06 -3.59692e-06 0.000151106 -4.58164e-06
internal_weight=2.68586e+06 399889 2.28597e+06 816898 1.46908e+06 364143 893141 788523 785025 4959 780066
internal_count=2685863 399889 2285974 816898 1469076 364143 893141 788523 785025 4959 780066
is_linear=0
shrinkage=0.00523217


Tree=169
num_leaves=12
num_cat=0
split_feature=0 9 0 22 22 7 10 22 0 19 18
split_gain=15.5221 4.6224 3.44548 3.32079 2.85161 1.83432 1.80746 1.80721 1.79971 1.63601 1.57316
threshold=-2.2876532077789302 0.27534173429012304 0.53978511691093456 -0.24449743330478665 -0.23894175887107846 0.27259978652000433 0.87733569741249096 -1.8165047168731687 -4.1181745529174796 inf 1.5121512413024905
decision_type=2 8 2 8 8 8 10 10 2 8 10
left_child=3 2 5 8 -3 6 -2 -7 -1 -9 -5
right_child=1 4 -4 10 -6 7 -8 9 -10 -11 -12
leaf_value=-0.00016433940200046368 9.2911106703589512e-06 -3.151774321962252e-05 1.5800402816126776e-05 -3.0950936962556953e-05 -3.0753013532669557e-06 -6.074548502390977e-05 -1.1304224981199668e-05 -3.4209835139819532e-06 -8.1314887140792767e-05 -0.00011822516963752746 -9.9792172053308025e-05
leaf_weight=10622 760791 152578 633028 51316 262744 15778 137745 624523 22101 3416 11064
leaf_count=10622 760791 152578 633028 51316 262744 15778 137745 624523 22101 3416 11064
internal_value=5.76499e-08 2.468e-06 5.52213e-06 -6.55911e-05 -1.35263e-05 1.30282e-06 6.13295e-06 -5.4381e-06 -0.000108294 -4.04702e-06 -4.31755e-05
internal_weight=2.68571e+06 2.5906e+06 2.17528e+06 95103 415322 1.54225e+06 898536 643717 32723 627939 62380
internal_count=2685706 2590603 2175281 95103 415322 1542253 898536 643717 32723 627939 62380
is_linear=0
shrinkage=0.00523217


Tree=170
num_leaves=12
num_cat=0
split_feature=9 6 11 20 23 13 11 13 11 13 20
split_gain=8.80519 3.36287 2.8935 2.63899 3.49462 6.2487 7.55647 2.59067 2.56719 2.43665 2.24136
threshold=0.31161199510097509 -2.399791836738586 -0.8835293948650359 3.9994294643402104 0.2174726873636246 0.95331943035125744 0.34360010921955114 0.31295143067836767 0.74195003509521495 -1.2023044824600218 -0.11233294382691382
decision_type=8 2 8 10 10 10 10 8 10 10 10
left_child=2 -2 -1 7 5 -5 -7 10 -6 -10 -4
right_child=1 -3 3 4 8 6 -8 -9 9 -11 -12
leaf_value=-1.1014877469851899e-05 -6.9792849055290009e-05 -1.7270173536517227e-05 5.4435434711251367e-06 5.2243641723406965e-05 -3.4733736152308743e-05 5.3015485684817281e-05 0.0029770635686549763 -1.6340639624396657e-06 0.00056589455928312171 0.0001299372889974694 2.0267364859002427e-05
leaf_weight=299926 36485 392746 773675 157 2713 43 56 739171 395 3210 437102
leaf_count=299926 36485 392746 773675 157 2713 43 56 739171 395 3210 437102
internal_value=-1.48591e-08 -2.17367e-05 4.11681e-06 6.43685e-06 0.000111088 0.000709408 0.00173065 6.08355e-06 8.65897e-05 0.000178098 1.07958e-05
internal_weight=2.68568e+06 429231 2.25645e+06 1.95652e+06 6574 256 99 1.94995e+06 6318 3605 1.21078e+06
internal_count=2685679 429231 2256448 1956522 6574 256 99 1949948 6318 3605 1210777
is_linear=0
shrinkage=0.00523217


Tree=171
num_leaves=12
num_cat=0
split_feature=1 1 11 13 20 6 16 19 23 11 16
split_gain=14.1093 3.8092 2.4094 2.34882 2.2598 2.00572 1.97275 1.45794 4.04377 2.12519 1.3998
threshold=1.2354218959808352 2.0017727613449101 -0.90246811509132374 0.38102562725543981 -0.11233294382691382 -0.5918385088443755 -0.35220937430858607 inf inf 0.90580883622169506 -0.066639527678489671
decision_type=2 2 10 8 10 2 2 8 8 10 2
left_child=2 -2 -1 4 -4 -3 -6 8 -5 -10 -9
right_child=1 5 3 7 6 -7 -8 10 9 -11 -12
leaf_value=-1.0531072403737284e-05 -2.3818000041687782e-05 -8.5911985292040066e-05 4.9376410931728479e-06 -2.2226255558945123e-06 3.0140382337024341e-05 -2.6109795936065002e-05 9.2395686821012815e-06 -0.00019708416241054051 4.5042793519973681e-05 0.00026166125647869083 1.4669712425056199e-05
leaf_weight=275790 201235 51114 906895 721947 228115 22009 270225 2033 2647 2350 1462
leaf_count=275790 201235 51114 906895 721947 228115 22009 270225 2033 2647 2350 1462
internal_value=-2.3107e-08 -3.55765e-05 4.02157e-06 5.9012e-06 9.85729e-06 -6.79241e-05 1.88086e-05 -1.7085e-06 -1.19475e-06 0.000147113 -0.0001083
internal_weight=2.68582e+06 274358 2.41146e+06 2.13567e+06 1.40524e+06 73123 498340 730439 726944 4997 3495
internal_count=2685822 274358 2411464 2135674 1405235 73123 498340 730439 726944 4997 3495
is_linear=0
shrinkage=0.00523217


Tree=172
num_leaves=12
num_cat=0
split_feature=1 1 9 3 23 18 17 18 18 12 18
split_gain=13.7018 3.79839 3.01592 2.09195 2.56962 4.25009 2.72165 2.11862 1.59549 1.56483 3.19468
threshold=1.2354218959808352 2.0017727613449101 0.12521750479936603 -0.3447109162807464 inf 2.1293375492095952 -2.2181544303894039 2.5920014381408696 1.5121512413024905 -1.0845006108283994 -0.19098272174596784
decision_type=2 2 8 10 8 10 2 8 10 8 10
left_child=2 -2 3 4 -1 -6 -7 9 -3 10 -5
right_child=1 8 -4 7 5 6 -8 -9 -10 -11 -12
leaf_value=-4.5710965542968564e-06 -2.3252762394209782e-05 -5.2998517333446653e-05 -6.469763867841344e-06 -4.897187361552997e-05 -5.4396502028730475e-05 0.0013170717559029361 0.00020877865561760869 -0.00014720338078983309 -0.00010920509079344543 1.1999555333470462e-05 1.4643077232852319e-05
leaf_weight=410768 201206 54519 571357 35728 2545 61 3234 2332 18586 1330725 54663
leaf_count=410768 201206 54519 571357 35728 2545 61 3234 2332 18586 1330725 54663
internal_value=4.39614e-08 -3.49949e-05 4.03017e-06 7.29095e-06 -3.01969e-06 0.000105943 0.000230005 1.03092e-05 -6.73008e-05 1.05683e-05 -1.04928e-05
internal_weight=2.68572e+06 274311 2.41141e+06 1.84006e+06 416608 5840 3295 1.42345e+06 73105 1.42112e+06 90391
internal_count=2685724 274311 2411413 1840056 416608 5840 3295 1423448 73105 1421116 90391
is_linear=0
shrinkage=0.00523217


Tree=173
num_leaves=12
num_cat=0
split_feature=6 7 22 6 22 10 16 3 19 16 24
split_gain=7.66768 3.4238 3.09103 2.8413 2.45295 2.32147 1.78146 1.81814 1.62172 1.36262 1.32943
threshold=-0.701848804950714 0.60555830597877514 0.14086005091667178 -3.7100228071212764 -1.6565974950790403 0.86715707182884227 1.1465289592742922 -0.26531407237052912 inf -0.066639527678489671 -0.12779161334037778
decision_type=2 8 8 2 10 10 2 8 8 2 10
left_child=2 5 3 -1 -3 6 7 -2 -6 -10 -9
right_child=1 4 -4 -5 8 -7 -8 10 9 -11 -12
leaf_value=-0.00010637891214585322 -4.4687282106374753e-07 -5.9597030291147404e-05 -2.0645210494450208e-06 -2.7651552283686333e-05 -4.4042742611409192e-06 -7.9520934887928378e-06 -6.463339103871229e-06 2.3911070549054048e-05 -0.00021464560619846899 8.8127100414683938e-06 1.1105245729952013e-05
leaf_weight=13227 260574 23586 153720 247869 540204 230568 162046 318727 1848 1242 732349
leaf_count=13227 260574 23586 153720 247869 540204 230568 162046 318727 1848 1242 732349
internal_value=6.19784e-10 3.77899e-06 -2.06842e-05 -3.16434e-05 -7.35904e-06 7.48424e-06 9.8999e-06 1.19221e-05 -5.08964e-06 -0.0001246 1.49893e-05
internal_weight=2.68596e+06 2.27114e+06 414816 261096 566880 1.70426e+06 1.4737e+06 1.31165e+06 543294 3090 1.05108e+06
internal_count=2685960 2271144 414816 261096 566880 1704264 1473696 1311650 543294 3090 1051076
is_linear=0
shrinkage=0.00523217


Tree=174
num_leaves=12
num_cat=0
split_feature=0 0 7 16 3 9 12 1 3 23 9
split_gain=15.0731 4.61412 2.59113 2.41305 2.70769 2.12082 1.68932 1.67426 1.6205 1.62331 1.84718
threshold=-2.4716690778732295 0.31631076335906988 0.60555830597877514 -0.18293888121843335 -1.631787061691284 -0.075562622398138032 0.37001694738864904 1.4059095382690432 -0.65579557418823231 inf 0.14470329880714419
decision_type=2 2 8 2 8 8 10 2 8 8 10
left_child=3 2 8 4 -1 -3 -7 -4 9 -2 -11
right_child=1 5 7 -5 -6 6 -8 -9 -10 10 -12
leaf_value=-0.00018480539527368484 -1.6526767101269432e-05 1.5615380523677583e-05 -1.0470519490384456e-05 -3.5812156270062342e-05 -7.6087238716926548e-05 1.2750305654370281e-05 -7.3851476585782437e-06 -4.0415129617571327e-05 3.7378989822056987e-06 0.00025482814282927019 -0.00022764929363835518
leaf_weight=7399 150640 710057 402807 35485 41694 199655 266048 58577 812104 1133 266
leaf_count=7399 150640 710057 402807 35485 41694 199655 266048 58577 812104 1133 266
internal_value=1.59626e-08 2.25126e-06 -4.07688e-06 -6.87227e-05 -9.2493e-05 9.92437e-06 1.24556e-06 -1.42741e-05 8.0211e-07 -1.48738e-05 0.000162404
internal_weight=2.68586e+06 2.60129e+06 1.42553e+06 84578 49093 1.17576e+06 465703 461384 964143 152039 1399
internal_count=2685865 2601287 1425527 84578 49093 1175760 465703 461384 964143 152039 1399
is_linear=0
shrinkage=0.00523217


Tree=175
num_leaves=12
num_cat=0
split_feature=1 1 11 10 20 7 16 5 7 21 4
split_gain=13.4794 3.65926 2.38389 1.86276 2.25616 2.20403 1.7519 1.50245 1.46172 1.24858 5.19088
threshold=1.2354218959808352 2.0017727613449101 -0.90246811509132374 0.88690277934074413 -0.80180907249450672 0.49432499706745153 -0.072710491716861711 1.7492436170578005 0.49432499706745153 -2.4087039232254024 -2.1880055665969844
decision_type=2 2 10 10 10 8 2 10 10 2 8
left_child=2 9 -1 4 -4 6 -6 -3 -7 10 -2
right_child=1 7 3 -5 5 8 -8 -9 -10 -11 -12
leaf_value=-1.05546437781392e-05 0.0016814836750349655 -5.2406422263901613e-05 -3.1303500163068941e-06 -4.6593119032554246e-06 2.1641804216687793e-05 -0.00010813882171432538 7.8566551949317976e-06 -0.00010655733878403247 1.0427321252508462e-06 -2.4153363206628368e-05 6.5901020031249952e-05
leaf_weight=275837 57 54121 384043 383195 536080 3388 477346 19002 351621 200267 875
leaf_count=275837 57 54121 384043 383195 536080 3388 477346 19002 351621 200267 875
internal_value=-3.36557e-08 -3.47869e-05 3.91939e-06 5.7892e-06 8.07432e-06 1.12194e-05 1.51495e-05 -6.64907e-05 0 -2.32603e-05 0.000167573
internal_weight=2.68583e+06 274322 2.41151e+06 2.13567e+06 1.75248e+06 1.36844e+06 1.01343e+06 73123 355009 201199 932
internal_count=2685832 274322 2411510 2135673 1752478 1368435 1013426 73123 355009 201199 932
is_linear=0
shrinkage=0.00523217


Tree=176
num_leaves=12
num_cat=0
split_feature=1 22 1 8 5 22 14 7 7 12 16
split_gain=13.3384 3.8979 2.38293 2.22023 3.86763 3.14455 6.96294 2.27833 2.04602 1.90299 1.71618
threshold=1.2354218959808352 -0.23894175887107846 2.1633050441741948 -0.90951073169708241 inf -0.90633669495582569 0.44003300368785864 0.46489292383193975 1.2475865483283999 -0.55579787492752064 1.1166425347328188
decision_type=2 8 2 10 8 8 2 8 8 8 2
left_child=3 2 -2 -1 7 6 -6 10 -3 -8 -5
right_child=1 8 -4 4 5 -7 9 -9 -10 -11 -12
leaf_value=-7.0515991039427275e-06 -4.8971120141808763e-05 -1.2294311901533243e-05 -0.00011580260663498336 1.159010055519841e-05 0.00047578834796533812 0.0001960515540976533 0.0045491073135351095 -2.9032950526927028e-06 -5.9854344734653475e-05 0.00094385304647754537 -6.376020471324715e-06
leaf_weight=418504 77316 149210 18041 1263939 115 1309 15.999999999999998 563274 29709 7.0000000000000027 164434
leaf_count=418504 77316 149210 18041 1263939 115 1309 16 563274 29709 7 164434
internal_value=-2.86248e-08 -3.46029e-05 -6.1625e-05 3.90326e-06 6.20393e-06 0.000276509 0.00102578 6.00698e-06 -2.01964e-05 0.00358484 9.52128e-06
internal_weight=2.68587e+06 274276 95357 2.4116e+06 1.99309e+06 1447 138 1.99165e+06 178919 23 1.42837e+06
internal_count=2685874 274276 95357 2411598 1993094 1447 138 1991647 178919 23 1428373
is_linear=0
shrinkage=0.00523217


Tree=177
num_leaves=12
num_cat=0
split_feature=0 0 8 16 7 20 20 11 11 8 1
split_gain=14.6799 4.55708 2.64104 2.35411 2.22847 2.43756 1.90063 1.87029 1.83996 1.60636 1.53387
threshold=-2.4716690778732295 0.35809324681758886 -0.70040297508239735 -0.18293888121843335 0.60555830597877514 -0.15989544987678525 -0.80180907249450672 -0.95462313294410694 1.590627193450928 -2.0719914436340328 1.2877020835876467
decision_type=2 2 8 2 8 10 10 10 10 10 2
left_child=3 2 9 8 5 -4 -3 -8 -1 -2 -11
right_child=1 6 4 -5 -6 -7 7 -9 -10 10 -12
leaf_value=-8.5469194802752113e-05 5.5115540381318384e-05 -8.9222222172016776e-08 -4.6630049097974205e-06 -3.536510049415208e-05 -1.1610355833554424e-05 1.4030128116376084e-05 -2.1843170303505301e-05 1.6828361567228057e-05 -0.00026662778272154282 -1.1260812592825705e-05 -3.7618599456171122e-05
leaf_weight=47473 9011 329293 349708 35473 283717 420568 35936 716460 1590 384697 71757
leaf_count=47473 9011 329293 349708 35473 283717 420568 35936 716460 1590 384697 71757
internal_value=-2.11351e-08 2.18381e-06 -3.65898e-06 -6.78753e-05 9.24358e-07 5.54234e-06 1.0392e-05 1.49802e-05 -9.13627e-05 -1.40391e-05 -1.54062e-05
internal_weight=2.68568e+06 2.60115e+06 1.51946e+06 84536 1.05399e+06 770276 1.08169e+06 752396 49063 465465 456454
internal_count=2685683 2601147 1519458 84536 1053993 770276 1081689 752396 49063 465465 456454
is_linear=0
shrinkage=0.00523217


Tree=178
num_leaves=12
num_cat=0
split_feature=0 2 0 22 22 0 16 3 7 22 16
split_gain=14.507 4.63437 3.53926 3.31828 2.60374 1.93616 1.81943 2.10181 1.5226 1.49885 1.33769
threshold=-2.1267185211181636 -0.4469750821590423 0.41095463931560522 -0.25622746348381037 -0.92435762286186207 -4.1181745529174796 -0.19932434707880017 -1.8051789402961729 inf 0.061773508787155158 -0.066639527678489671
decision_type=2 8 2 8 8 2 2 8 8 10 2
left_child=3 -2 4 5 -3 -1 7 -5 9 -6 -10
right_child=1 2 -4 6 8 -7 -8 -9 10 -11 -12
leaf_value=-0.00016115267127550354 1.3381649211340787e-05 -3.1175189181862903e-05 7.9369141136712237e-06 -0.00017687414941301222 -9.6747102350183762e-06 -7.6329735024769247e-05 -9.4478600210281998e-06 -4.9955235908626359e-05 -0.00022741790346733753 2.8874694246384735e-06 2.4219677217537893e-05
leaf_weight=10405 752868 113678 634685 3991 637037 25507 31421 34535 1562 439189 909
leaf_count=10405 752868 113678 634685 3991 637037 25507 31421 34535 1562 439189 909
internal_value=-5.59518e-09 2.4573e-06 -2.04382e-06 -6.00365e-05 -7.3571e-06 -0.000100933 -3.90268e-05 -6.31289e-05 -4.84627e-06 -4.54756e-06 -0.000134556
internal_weight=2.68579e+06 2.57993e+06 1.82706e+06 105859 1.19238e+06 35912 69947 38526 1.0787e+06 1.07623e+06 2471
internal_count=2685787 2579928 1827060 105859 1192375 35912 69947 38526 1078697 1076226 2471
is_linear=0
shrinkage=0.00523217


Tree=179
num_leaves=12
num_cat=0
split_feature=0 0 2 0 13 21 15 7 8 20 15
split_gain=14.3427 4.14776 4.04239 2.93457 2.18077 1.76073 1.80791 1.88604 9.43603 1.6634 3.39435
threshold=-1.4660159349441526 -4.1181745529174796 -0.4469750821590423 0.55593222379684459 0.16949200630187991 -1.7906396985054014 1.5940275788307192 1.6734485030174258 1.3419093489646914 -0.11233294382691382 1.2086937427520754
decision_type=2 2 8 2 10 2 2 10 10 10 2
left_child=1 -1 4 -4 9 6 -3 -8 -9 -2 -11
right_child=2 5 3 -5 -6 -7 7 8 -10 10 -12
leaf_value=-0.00010061097290741116 1.1077661714909445e-05 2.4865158929436821e-05 -4.9361940691840592e-06 1.0787270306844841e-05 -8.1586875123653653e-07 -3.7009874792913846e-05 0.0001978862977855355 0.00051619898714487099 0.0063681788474139545 2.4655147782031014e-05 0.00010960825077579855
leaf_weight=31482 304972 2681 1343411 428608 211064 136269 523 109 6.9999999999999991 212834 13711
leaf_count=31482 304972 2681 1343411 428608 211064 136269 523 109 7 212834 13711
internal_value=7.348e-09 -4.63494e-05 3.16138e-06 -1.13262e-06 1.34092e-05 -3.4105e-05 8.48526e-05 0.000334772 0.000936862 1.90595e-05 2.98008e-05
internal_weight=2.68567e+06 171071 2.5146e+06 1.77202e+06 742581 139589 3320 639 116 531517 226545
internal_count=2685671 171071 2514600 1772019 742581 139589 3320 639 116 531517 226545
is_linear=0
shrinkage=0.00523217


Tree=180
num_leaves=12
num_cat=0
split_feature=0 0 22 8 0 8 22 0 0 22 4
split_gain=14.2349 4.48028 3.28517 2.58134 1.72119 1.56093 1.61976 1.17729 1.16264 1.10683 1.11574
threshold=-2.4716690778732295 0.35809324681758886 0.078646223992109313 -0.65470147132873524 -4.1181745529174796 -2.0719914436340328 -0.92435762286186207 0.72833058238029491 -0.4080186784267425 0.061773508787155158 0.39243350923061376
decision_type=2 2 8 8 2 10 8 2 2 10 10
left_child=2 3 4 5 -1 -2 -7 -3 -8 10 -5
right_child=1 7 -4 9 -6 6 8 -9 -10 -11 -12
leaf_value=-0.00014192870136234932 5.473702748383006e-05 6.3241124457784795e-06 -3.3217098188769673e-05 -8.1861276493093602e-06 -7.3502612693764283e-05 -4.387815413083564e-05 -2.4207933235235116e-05 1.7841236432850217e-05 -5.8628842554033532e-06 8.043131879098683e-06 6.4022429215967182e-06
leaf_weight=15913 9011 713014 40973 417899 27642 47181 137790 368858 302103 387182 218536
leaf_count=15913 9011 713014 40973 417899 27642 47181 137790 368858 302103 387182 218536
internal_value=-5.72499e-08 2.11356e-06 -6.68784e-05 -3.67934e-06 -9.8524e-05 -1.34747e-05 -1.47384e-05 1.02516e-05 -1.16111e-05 1.06711e-06 -3.17558e-06
internal_weight=2.6861e+06 2.60157e+06 84528 1.5197e+06 43555 496085 487074 1.08187e+06 439893 1.02362e+06 636435
internal_count=2686102 2601574 84528 1519702 43555 496085 487074 1081872 439893 1023617 636435
is_linear=0
shrinkage=0.00523217


Tree=181
num_leaves=12
num_cat=0
split_feature=1 2 22 22 3 18 11 13 21 13 2
split_gain=12.7776 4.11452 3.31537 2.74127 2.27083 2.15609 2.15129 2.11219 1.71408 2.17922 5.27608
threshold=1.5430440902709963 -0.4469750821590423 -0.24449743330478665 -1.2185246944427488 -0.61385735869407643 inf -0.79270121455192555 0.16949200630187991 -2.0988676548004146 -1.2023044824600218 1.8837870359420779
decision_type=2 8 8 8 8 8 10 10 2 10 10
left_child=1 7 8 6 -5 -6 -3 -1 9 10 -2
right_child=2 3 -4 4 5 -7 -8 -9 -10 -11 -12
leaf_value=1.8812218522443893e-05 0.00023839430624682031 -8.2587013286211392e-05 -2.7497336828406798e-05 -1.1404889386095532e-05 3.5006222780845048e-06 -0.00021872541473023002 -1.7197131439576459e-05 -7.3729376845048946e-07 -8.0401799370216347e-05 -2.3997269672681644e-05 0.0023032607052713709
leaf_weight=531575 264 16979 109911 367840 1316347 1195 73249 211379 56278 676 38
leaf_count=531575 264 16979 109911 367840 1316347 1195 73249 211379 56278 676 38
internal_value=-2.94068e-08 2.91048e-06 -4.43268e-05 -1.41496e-06 8.8768e-08 3.29826e-06 -2.95119e-05 1.32491e-05 -7.6618e-05 0.000140131 0.000508828
internal_weight=2.68573e+06 2.51856e+06 167167 1.77561e+06 1.68538e+06 1.31754e+06 90228 742954 57256 978 302
internal_count=2685731 2518564 167167 1775610 1685382 1317542 90228 742954 57256 978 302
is_linear=0
shrinkage=0.00523217


Tree=182
num_leaves=12
num_cat=0
split_feature=1 2 1 13 23 11 14 9 18 18 18
split_gain=12.8005 3.53729 3.46384 2.07882 1.91285 2.10197 2.45034 1.79639 1.57944 1.56947 1.42316
threshold=1.2354218959808352 -0.4469750821590423 2.0017727613449101 0.16949200630187991 inf 1.3420386314392092 -0.47551536560058588 0.27534173429012304 -2.0896196365356441 1.5121512413024905 -2.0896196365356441
decision_type=2 8 2 10 8 10 2 8 8 10 10
left_child=1 3 -2 -1 -5 -6 -7 8 -3 -4 -10
right_child=2 7 9 4 5 6 -8 -9 10 -11 -12
leaf_value=1.9082774989827793e-05 -2.2679362666222636e-05 6.1364785793281481e-05 -5.0554546614282318e-05 -1.3410667169126976e-06 9.7947580819446184e-05 0.00046060559357633386 0.0021181810246865343 -1.2922648275360056e-05 -0.00010625959530267964 -0.00010628253196089288 1.7356744357376372e-06
leaf_weight=518420 201115 12160 54527 203948 282 96 33 261657 3347 18600 1411665
leaf_count=518420 201115 12160 54527 203948 282 96 33 261657 3347 18600 1411665
internal_value=-2.61873e-08 3.82536e-06 -3.38985e-05 1.35116e-05 -6.17521e-07 0.000355449 0.000906188 -3.19647e-07 1.99043e-06 -6.47415e-05 1.47957e-06
internal_weight=2.68585e+06 2.41161e+06 274242 722779 204359 411 129 1.68883e+06 1.42717e+06 73127 1.41501e+06
internal_count=2685850 2411608 274242 722779 204359 411 129 1688829 1427172 73127 1415012
is_linear=0
shrinkage=0.00523217


Tree=183
num_leaves=12
num_cat=0
split_feature=0 9 0 22 22 7 10 22 16 13 0
split_gain=13.9043 4.81123 3.41734 2.88687 2.7146 1.79846 1.80532 1.64036 1.58041 1.52812 1.481
threshold=-2.9439536333084102 0.27534173429012304 0.53978511691093456 -0.33591659367084498 -0.24449743330478665 0.27259978652000433 0.69764268398284923 -0.77785184979438771 -0.19932434707880017 -2.8851679563522334 -0.9819851517677306
decision_type=2 10 2 8 8 8 10 10 2 10 2
left_child=4 2 5 10 -1 6 -2 -7 -6 -9 -3
right_child=1 3 -4 -5 8 7 -8 9 -10 -11 -12
leaf_value=-0.00012423082789386267 9.4686494485840598e-06 -7.3046974292376152e-05 1.5209011652761656e-05 -5.1371634005019923e-06 -7.9439403037642075e-05 -2.5436995611163525e-05 -8.2545717516963596e-06 -0.00011436382867701509 -1.4244225919940851e-05 -1.6400935539338551e-06 -2.6680620186780599e-05
leaf_weight=21587 712759 22901 633246 286821 24141 98850 201860 3311 17659 554867 107679
leaf_count=21587 712759 22901 633246 286821 24141 98850 201860 3311 17659 554867 107679
internal_value=1.20833e-08 1.86332e-06 4.94715e-06 -1.44249e-05 -7.65588e-05 8.11937e-07 5.55618e-06 -5.79109e-06 -5.19172e-05 -2.31043e-06 -3.4819e-05
internal_weight=2.68568e+06 2.62229e+06 2.20489e+06 417401 63387 1.57165e+06 914619 657028 41800 558178 130580
internal_count=2685681 2622294 2204893 417401 63387 1571647 914619 657028 41800 558178 130580
is_linear=0
shrinkage=0.00523217


Tree=184
num_leaves=12
num_cat=0
split_feature=0 1 0 20 16 7 8 1 8 8 7
split_gain=13.8357 4.83053 2.66883 2.39496 1.90224 1.87619 1.84942 1.80247 1.64845 1.51944 1.38422
threshold=-2.9439536333084102 0.87268218398094188 0.72833058238029491 -0.83677008748054493 -0.18293888121843335 0.87739846110343944 -0.60056713223457325 -2.2956392765045162 0.024605899117887024 -2.0719914436340328 -2.7196303606033321
decision_type=2 2 2 10 2 10 10 2 8 10 10
left_child=4 2 3 -2 -1 8 10 -8 -3 -7 -5
right_child=1 5 -4 6 -6 9 7 -9 -10 -11 -12
leaf_value=-9.9998771647216841e-05 -1.0997285920353581e-05 -1.7619695377660742e-05 1.7708098211748447e-05 -9.5849931683915479e-05 -4.1553662520107657e-05 8.894882284378328e-05 0.00016773510278777796 8.4208457782559138e-06 8.2191500290610456e-06 -3.5868728725100428e-05 -2.8913173937940841e-06
leaf_weight=37760 309071 176877 368879 4427 25673 2731 1947 1078753 109346 111083 459373
leaf_count=37760 309071 176877 368879 4427 25673 2731 1947 1078753 109346 111083 459373
internal_value=-4.31106e-09 1.84228e-06 4.85526e-06 2.29697e-06 -7.63584e-05 -1.48946e-05 4.95782e-06 8.70879e-06 -7.74566e-06 -3.28657e-05 -3.78059e-06
internal_weight=2.68592e+06 2.62249e+06 2.22245e+06 1.85357e+06 63433 400037 1.5445e+06 1.0807e+06 286223 113814 463800
internal_count=2685920 2622487 2222450 1853571 63433 400037 1544500 1080700 286223 113814 463800
is_linear=0
shrinkage=0.00523217


Tree=185
num_leaves=12
num_cat=0
split_feature=1 22 9 1 20 1 4 10 22 6 12
split_gain=12.2736 3.76764 2.83901 2.24168 2.05838 3.07891 7.72468 3.14941 1.88055 1.63623 1.58087
threshold=1.2354218959808352 -0.23894175887107846 0.12521750479936603 2.1633050441741948 3.9994294643402104 -1.328833222389221 -1.6682668328285215 1.2336778044700625 -0.12748708575963971 -0.41289553046226496 -1.5847278237342832
decision_type=2 8 8 2 10 2 8 8 8 2 10
left_child=2 3 4 -2 -1 6 10 -8 -4 -3 -6
right_child=1 9 8 -5 5 -7 7 -9 -10 -11 -12
leaf_value=6.7369574167725819e-06 -4.7424026975764882e-05 -3.2311768860958647e-05 -1.6644196443875735e-05 -0.00011221628776937091 0.0013296526081983005 9.632659156307416e-05 0.0017026592859790365 4.946814709077687e-06 2.3944693006521761e-06 -1.9402505376327311e-07 0.0040523806367269875
leaf_weight=1837131 77341 104611 263788 18060 12.000000000000002 2666 36 158 307565 74324 19
leaf_count=1837131 77341 104611 263788 18060 12 2666 36 158 307565 74324 19
internal_value=2.02739e-08 -3.31405e-05 3.79324e-06 -5.96993e-05 6.95699e-06 0.000146444 0.000733117 0.000332504 -6.3941e-06 -1.89756e-05 0.00311092
internal_weight=2.68571e+06 274336 2.41138e+06 95401 1.84002e+06 2891 225 194 571353 178935 31
internal_count=2685711 274336 2411375 95401 1840022 2891 225 194 571353 178935 31
is_linear=0
shrinkage=0.00523217


Tree=186
num_leaves=12
num_cat=0
split_feature=1 22 2 12 22 1 15 3 23 11 23
split_gain=12.075 3.66053 3.51165 2.59866 2.47674 2.24664 2.15551 2.01764 1.82347 1.62314 1.69593
threshold=1.2354218959808352 -0.23894175887107846 -0.4469750821590423 0.2564819753170014 -0.94339400529861439 2.1633050441741948 1.7074555754661562 -0.61385735869407643 inf 0.3303710818290711 inf
decision_type=2 8 8 10 10 2 2 10 8 8 8
left_child=2 5 3 6 9 -2 -1 -6 -9 -4 -11
right_child=1 -3 4 -5 7 -7 -8 8 -10 10 -12
leaf_value=2.1765044115418833e-05 -4.679879356080906e-05 -1.8950402869739085e-05 -2.9927229615918754e-05 4.9114335591490511e-06 -9.8913647763325299e-06 -0.00011165751974426936 8.4890444650659726e-05 5.0952411777464915e-06 -0.00018288075226426006 2.277994938336741e-06 0.00037619277561791014
leaf_weight=288764 77307 178973 119240 418471 321711 18065 15619 1192186 1413 53836 333
leaf_count=288764 77307 178973 119240 418471 321711 18065 15619 1192186 1413 53836 333
internal_value=-1.72058e-08 -3.29088e-05 3.72428e-06 1.33746e-05 -4.06056e-07 -5.90937e-05 2.50072e-05 1.73699e-06 4.87186e-06 -1.91373e-05 4.59959e-06
internal_weight=2.68592e+06 274345 2.41157e+06 722854 1.68872e+06 95372 304383 1.51531e+06 1.1936e+06 173409 54169
internal_count=2685918 274345 2411573 722854 1688719 95372 304383 1515310 1193599 173409 54169
is_linear=0
shrinkage=0.00523217


Tree=187
num_leaves=12
num_cat=0
split_feature=0 0 10 0 3 3 14 11 1 11 10
split_gain=13.534 4.23061 2.63774 2.01496 1.96658 1.96072 1.97623 3.04857 1.87838 1.28749 1.13316
threshold=-2.4716690778732295 0.47876988351345068 0.74323931336402904 -4.6028513908386222 -1.3339997529983518 -0.67735004425048817 -2.2013587951660152 0.30489173531532293 -2.5488176345825191 -0.95462313294410694 0.070471093058586134
decision_type=2 2 10 2 8 10 2 10 2 8 10
left_child=3 2 5 4 10 6 7 -2 -7 -3 -1
right_child=1 9 -4 -5 -6 8 -8 -9 -10 -11 -12
leaf_value=-0.00028299411796488516 -2.301139947909874e-05 -2.243736164553092e-05 -1.2696113576710713e-05 -5.0487686936910613e-05 -7.5136970452806175e-05 -0.00017496755604085739 -1.475785811577864e-05 0.00025719278009199388 4.7538323768848409e-06 1.3210760713525038e-05 -0.00013622982651859819
leaf_weight=2165 2448 28727 493350 63705 14281 1593 218936 1871 1064046 790169 4438
leaf_count=2165 2448 28727 493350 63705 14281 1593 218936 1871 1064046 790169 4438
internal_value=-2.70943e-09 2.11507e-06 -2.40762e-06 -6.51337e-05 -0.000109766 1.52989e-06 -1.2568e-05 9.82249e-05 4.48422e-06 1.19592e-05 -0.000184515
internal_weight=2.68573e+06 2.60114e+06 1.78224e+06 84589 20884 1.28889e+06 223255 4319 1.06564e+06 818896 6603
internal_count=2685729 2601140 1782244 84589 20884 1288894 223255 4319 1065639 818896 6603
is_linear=0
shrinkage=0.00523217


Tree=188
num_leaves=12
num_cat=0
split_feature=0 0 7 16 3 20 20 11 0 3 15
split_gain=13.3616 4.21712 2.37378 2.25144 2.61616 1.98038 1.94422 1.81548 1.41047 1.37684 4.37621
threshold=-2.4716690778732295 0.31631076335906988 0.60555830597877514 -0.18293888121843335 -1.631787061691284 -0.19031134992837903 -0.80180907249450672 -0.93323659896850575 0.7523288130760194 -0.65579557418823231 3.574918389320374
decision_type=2 2 8 2 8 10 10 10 2 10 2
left_child=3 2 5 4 -1 -2 8 -8 -3 -7 -11
right_child=1 6 -4 -5 -6 9 7 -9 -10 10 -12
leaf_value=-0.00017834750693352273 -7.9421757960074707e-06 -9.2014634529880858e-06 -1.3659218963397018e-05 -3.2882389076012627e-05 -7.1508082383805514e-05 -1.0215599278158123e-05 -1.7882809069014488e-05 1.5740617892936644e-05 1.2462123695080656e-05 1.0911967424040092e-05 0.0012651327653133782
leaf_weight=7403 410269 214486 461428 35469 41685 101239 46560 781164 133465 452678 75
leaf_count=7403 410269 214486 461428 35469 41685 101239 46560 781164 133465 452678 75
internal_value=4.53658e-08 2.14965e-06 -3.89946e-06 -6.46817e-05 -8.76409e-05 7.70051e-07 9.48582e-06 1.38483e-05 -8.8955e-07 7.2235e-06 1.11248e-05
internal_weight=2.68592e+06 2.60136e+06 1.42569e+06 84557 49088 964261 1.17568e+06 827724 347951 553992 452753
internal_count=2685921 2601364 1425689 84557 49088 964261 1175675 827724 347951 553992 452753
is_linear=0
shrinkage=0.00523217


Tree=189
num_leaves=12
num_cat=0
split_feature=1 9 1 20 1 4 13 14 18 18 23
split_gain=11.9695 3.19497 2.58031 2.292 3.09327 7.00003 4.10413 2.91607 1.61677 1.47534 3.13579
threshold=1.4059095382690432 0.18904352188110354 2.2611397504806523 3.9994294643402104 -1.328833222389221 -1.6682668328285215 0.98125371336936962 -0.44505167007446284 -2.0896196365356441 -2.0896196365356441 inf
decision_type=2 8 2 10 2 8 10 2 8 10 8
left_child=1 3 -2 8 5 6 -5 -7 -1 -10 -11
right_child=2 -3 -4 4 -6 7 -8 -9 9 10 -12
leaf_value=5.6859833774450481e-05 -2.8741856925131458e-05 -8.7986973196020781e-06 -7.4724106070382605e-05 0.00015367949148112928 9.8035421964468377e-05 3.6265723954616835e-05 0.0039367230066048664 0.0017612163681698305 -0.000104120997369306 5.3972481916909787e-06 0.00014574660657768441
leaf_weight=16940 168032 483510 41744 11.999999999999998 3215 168 25 31 3352 1964637 4367
leaf_count=16940 168032 483510 41744 12 3215 168 25 31 3352 1964637 4367
internal_value=5.09373e-08 3.26597e-06 -3.78962e-05 6.19368e-06 0.000140903 0.000718105 0.00277356 0.000317801 5.95951e-06 5.5219e-06 5.70902e-06
internal_weight=2.68603e+06 2.47626e+06 209776 1.99275e+06 3451 236 37 199 1.9893e+06 1.97236e+06 1.969e+06
internal_count=2686033 2476257 209776 1992747 3451 236 37 199 1989296 1972356 1969004
is_linear=0
shrinkage=0.00523217


Tree=190
num_leaves=12
num_cat=0
split_feature=1 1 9 7 4 5 17 18 10 17 5
split_gain=11.7793 3.07697 2.91539 1.65426 1.55754 4.30385 4.79731 1.50878 1.4234 1.29321 1.49471
threshold=1.2877020835876467 2.0751420259475712 0.18904352188110354 0.27259978652000433 1.2593910098075869 inf -2.2181544303894039 1.5121512413024905 0.87733569741249096 -0.071260880678892122 inf
decision_type=2 2 8 8 8 8 2 10 10 2 8
left_child=2 -2 3 8 5 -5 -7 -3 9 10 -1
right_child=1 7 -4 4 -6 6 -8 -9 -10 -11 -12
leaf_value=1.7372118115456698e-05 -2.3424803648457743e-05 -5.0376447296573973e-05 -8.1985017216728238e-06 9.5642928667392249e-07 -3.5090127035011536e-05 0.0019100519972547584 0.00017118251626673691 -0.00010874132428320246 -4.3008458760287859e-06 5.9701055499220838e-06 0.0003983968795382129
leaf_weight=580063 189982 46557 465719 704130 32756 43 3058 16453 163154 483503 281
leaf_count=580063 189982 46557 465719 704130 32756 43 3058 16453 163154 483503 281
internal_value=3.80836e-08 -3.39401e-05 3.57203e-06 6.35932e-06 1.79556e-07 1.81429e-06 0.000196272 -6.5631e-05 1.00856e-05 1.22927e-05 1.75588e-05
internal_weight=2.6857e+06 252992 2.43271e+06 1.96699e+06 739987 707231 3101 63010 1.227e+06 1.06385e+06 580344
internal_count=2685699 252992 2432707 1966988 739987 707231 3101 63010 1227001 1063847 580344
is_linear=0
shrinkage=0.00523217


Tree=191
num_leaves=12
num_cat=0
split_feature=9 22 3 5 11 17 10 11 3 5 8
split_gain=7.80517 3.8313 3.12188 3.93296 5.10275 3.79226 6.64117 2.59248 2.15854 1.99141 1.93569
threshold=0.31161199510097509 -0.23894175887107846 -0.46498745679855341 inf 0.72031906247138988 -2.3464462757110591 -1.3280146718025205 -0.8835293948650359 -2.924421906471252 1.2343876957893374 inf
decision_type=8 8 8 8 10 2 8 10 10 10 8
left_child=2 9 3 -1 -5 6 -6 -4 -7 -2 -9
right_child=1 -3 7 4 5 8 -8 10 -10 -11 -12
leaf_value=-9.7272964978902625e-06 -3.231587866648902e-05 -8.7064168629294236e-06 -8.4240469090492744e-06 1.1703134172718466e-05 0.0062169189759714583 4.6641310980868407e-07 0.00044194020685040279 9.8749044555770165e-06 0.000376065642820385 -8.0734980560346112e-05 -0.00017496103293510967
leaf_weight=472941 125766 274958 252120 4452 7 550 18.000000000000004 1523355 1815 28571 1551
leaf_count=472941 125766 274958 252120 4452 7 550 18 1523355 1815 28571 1551
internal_value=2.83134e-08 -2.04208e-05 3.91855e-06 -7.9238e-06 0.000116603 0.000311567 0.00229727 7.11634e-06 0.0002891 -4.1285e-05 9.68624e-06
internal_weight=2.6861e+06 429295 2.25681e+06 479783 6842 2390 25 1.77703e+06 2365 154337 1.52491e+06
internal_count=2686104 429295 2256809 479783 6842 2390 25 1777026 2365 154337 1524906
is_linear=0
shrinkage=0.00523217


Tree=192
num_leaves=12
num_cat=0
split_feature=1 22 2 22 1 13 3 24 20 19 20
split_gain=11.6189 3.6175 3.37322 2.42376 2.07701 2.06759 1.95848 2.09183 1.64647 1.44032 1.75575
threshold=1.2354218959808352 -0.23894175887107846 -0.4469750821590423 -0.94339400529861439 2.1633050441741948 0.16949200630187991 -0.61385735869407643 -0.01807667966932058 -0.11233294382691382 -0.73021075129508961 1.4570231437683108
decision_type=2 8 8 10 2 10 10 8 10 10 10
left_child=2 4 5 -4 -2 8 -5 -8 -1 -7 -11
right_child=1 -3 3 6 -6 9 7 -9 -10 10 -12
leaf_value=1.080823621349484e-05 -4.6463503713427914e-05 -1.8364025836027706e-05 -1.8881039188928901e-05 -9.6846923527463919e-06 -0.00010887613996755401 -2.3166269418013399e-05 1.2502419134995089e-05 -1.4167659257607725e-06 2.9719220798150984e-05 2.821162914325467e-06 7.4274307827407296e-05
leaf_weight=301755 77294 178914 173373 321769 18032 57383 538257 655354 216681 136912 10111
leaf_count=301755 77294 178914 173373 321769 18032 57383 538257 655354 216681 136912 10111
internal_value=2.88714e-08 -3.22417e-05 3.69894e-06 -3.49067e-07 -5.82792e-05 1.31573e-05 1.77064e-06 4.8594e-06 1.87137e-05 -9.31676e-07 7.74113e-06
internal_weight=2.68584e+06 274240 2.4116e+06 1.68875e+06 95326 722842 1.51538e+06 1.19361e+06 518436 204406 147023
internal_count=2685835 274240 2411595 1688753 95326 722842 1515380 1193611 518436 204406 147023
is_linear=0
shrinkage=0.00523217


Tree=193
num_leaves=12
num_cat=0
split_feature=9 3 20 5 4 16 13 6 11 11 3
split_gain=7.7128 3.05468 3.56044 4.09291 6.94857 5.87476 4.30741 3.00659 2.48723 2.46682 2.36902
threshold=0.27534173429012304 -0.44862213730812067 3.9994294643402104 -0.11123275011777876 -1.6682668328285215 -0.027933298610150811 0.98125371336936962 -2.399791836738586 0.74195003509521495 -0.8835293948650359 -2.2456966638565059
decision_type=8 8 10 10 8 2 10 2 10 8 10
left_child=1 2 -1 4 6 -6 -4 -2 -5 -3 -10
right_child=7 9 3 8 5 -7 -8 -9 10 -11 -12
leaf_value=-9.3618605388203852e-06 -6.3762170520254618e-05 -8.1170637072515496e-06 0.00014291319513033441 -3.1999874287634561e-05 7.3816825481388688e-05 0.0034782166568410188 0.0038436636640508124 -1.5366478188380381e-05 7.0334752246292365e-05 9.7738646382886277e-06 0.00034756386212518928
leaf_weight=471215 38270 245653 12.999999999999998 2640 169 13.999999999999998 28 431797 2152 1492761 1398
leaf_count=471215 38270 245653 13 2640 169 14 28 431797 2152 1492761 1398
internal_value=-5.79517e-08 4.0251e-06 -7.69351e-06 0.000114729 0.000808104 0.000359273 0.00272618 -1.93084e-05 8.93579e-05 7.24526e-06 0.000179814
internal_weight=2.68611e+06 2.21604e+06 477629 6414 224 183 41 470067 6190 1.73841e+06 3550
internal_count=2686110 2216043 477629 6414 224 183 41 470067 6190 1738414 3550
is_linear=0
shrinkage=0.00523217


Tree=194
num_leaves=12
num_cat=0
split_feature=9 2 5 20 21 5 15 17 7 5 13
split_gain=7.61492 3.84685 2.89046 2.47014 3.20323 2.57909 4.99835 2.15822 7.81862 1.90725 1.86512
threshold=0.30178278684616094 -0.62356787919998158 1.1671420335769656 3.9994294643402104 -2.1818845272064205 -0.41178084909915919 0.043692801147699363 -2.3464462757110591 1.9629154801368716 1.1347486376762392 0.25857381522655493
decision_type=8 8 10 10 2 10 2 2 10 10 10
left_child=1 10 -2 9 7 6 -6 8 -5 -3 -1
right_child=2 3 -4 4 5 -7 -8 -9 -10 -11 -12
leaf_value=2.0985698017630451e-05 -1.3467212555577084e-05 1.4191623154758509e-06 -4.7922854895862393e-05 0.00053817259349616872 -4.9501899343357157e-05 3.2055635437242894e-05 0.0019122548971507449 0.00027526814877786737 0.004294384702144674 -1.7480978356652517e-05 -1.5888074153550983e-06
leaf_weight=432666 357495 1515972 81966 143 87 4443 58 735 15.999999999999998 161757 130301
leaf_count=432666 357495 1515972 81966 143 87 4443 58 735 16 161757 130301
internal_value=2.23554e-08 3.91964e-06 -1.98956e-05 -3.97859e-08 0.000110831 5.4752e-05 0.000738823 0.000397276 0.000950069 -4.02613e-07 1.57593e-05
internal_weight=2.68564e+06 2.24618e+06 439461 1.68321e+06 5482 4588 145 894 159 1.67773e+06 562967
internal_count=2685639 2246178 439461 1683211 5482 4588 145 894 159 1677729 562967
is_linear=0
shrinkage=0.00523217


Tree=195
num_leaves=12
num_cat=0
split_feature=1 3 5 13 1 21 3 6 23 12 3
split_gain=11.4846 2.81542 2.90505 2.42897 2.02092 2.01178 2.14999 1.81777 1.81708 1.57817 1.57389
threshold=1.5430440902709963 -0.20501197874546048 inf 2.7041847705841069 2.2611397504806523 1.410807251930237 -1.1727160215377805 -2.569225430488586 1.4343894720077517 -1.0845006108283994 -2.924421906471252
decision_type=2 8 8 10 2 2 10 2 8 8 10
left_child=1 2 -1 5 -2 6 -4 -7 9 -3 -5
right_child=4 8 3 10 -6 7 -8 -9 -10 -11 -12
leaf_value=-7.0069870877063682e-06 -3.1473141915923716e-05 -1.1119242635720844e-05 0.00016637580031269629 -4.0568219245355474e-05 -7.3526168973715147e-05 0.00047583127478508267 -2.7592972667227624e-05 -0.00033949977111836724 -1.7594375469251174e-05 8.8424484107030182e-06 0.00041256466087143221
leaf_weight=718001 125453 116306 3623 267 41745 85 2741 543 82913 1593092 925
leaf_count=718001 125453 116306 3623 267 41745 85 2741 543 82913 1593092 925
internal_value=1.36468e-08 2.80172e-06 -5.88862e-06 9.21173e-05 -4.19779e-05 5.47342e-05 8.27169e-05 -0.000227181 6.32321e-06 7.4838e-06 0.000310453
internal_weight=2.68569e+06 2.5185e+06 726185 8184 167198 6992 6364 628 1.79231e+06 1.7094e+06 1192
internal_count=2685694 2518496 726185 8184 167198 6992 6364 628 1792311 1709398 1192
is_linear=0
shrinkage=0.00523217


Tree=196
num_leaves=12
num_cat=0
split_feature=1 11 13 1 20 4 15 18 18 5 17
split_gain=11.2721 2.80251 2.20118 2.01136 1.98726 3.40401 3.12445 1.27834 1.24206 3.6092 3.54975
threshold=1.5430440902709963 -0.90246811509132374 0.38102562725543981 2.2611397504806523 -0.11233294382691382 0.41740708053112036 1.2086937427520754 1.5121512413024905 inf inf -2.2181544303894039
decision_type=2 8 8 2 10 10 2 10 8 8 2
left_child=1 -1 4 -2 -3 -6 -7 -5 9 -4 -11
right_child=3 2 8 7 5 6 -8 -9 -10 10 -12
leaf_value=-1.2113498937070364e-05 -3.1157997281839291e-05 3.9609063516886957e-06 -2.8706363272669283e-06 -5.4812244417748461e-05 6.0794719756112144e-06 2.7852552332407282e-05 0.00010840002027751792 -0.00011910595259216019 -0.00010280353547045984 0.001650014429786629 0.00012399408038945306
leaf_weight=306137 125437 921932 759494 29892 319304 188960 14181 11868 3356 41 5056
leaf_count=306137 125437 921932 759494 29892 319304 188960 14181 11868 3356 41 5056
internal_value=-3.85796e-08 2.72301e-06 4.77642e-06 -4.16405e-05 8.58204e-06 1.67351e-05 3.348e-05 -7.31063e-05 -2.38024e-06 -1.93824e-06 0.000136807
internal_weight=2.68566e+06 2.51846e+06 2.21232e+06 167197 1.44438e+06 522445 203141 41760 767947 764591 5097
internal_count=2685658 2518461 2212324 167197 1444377 522445 203141 41760 767947 764591 5097
is_linear=0
shrinkage=0.00523217


Tree=197
num_leaves=12
num_cat=0
split_feature=6 3 23 14 20 16 13 16 6 12 20
split_gain=6.51321 2.7901 2.72048 5.5127 10.226 8.28829 3.02967 2.57936 2.21622 2.11548 1.95747
threshold=-0.701848804950714 -0.25335992872714991 inf -0.48820357024669642 3.4190702438354497 -0.038405347615480416 2.7041847705841069 -0.038405347615480416 -3.7100228071212764 -0.98905616998672474 -0.81074616312980641
decision_type=2 8 8 2 10 2 10 2 2 8 10
left_child=8 2 -2 6 7 -6 -4 -5 -1 -3 -11
right_child=1 9 3 4 5 -7 -8 -9 -10 10 -12
leaf_value=-7.1692570658647971e-05 -8.0265708332950605e-06 -1.3178915802489492e-05 9.0182704651249471e-06 -6.9492025918815187e-07 8.9024247844812131e-05 0.0038486877794370283 0.00035594559952483986 0.00077765888168419112 -1.6229429332992812e-05 -1.9041883927803352e-06 1.1741645061408702e-05
leaf_weight=20772 542748 133592 5431 276 26 43 789 198 394001 377405 1210489
leaf_count=20772 542748 133592 5431 276 26 43 789 198 394001 377405 1210489
internal_value=5.59859e-08 3.53839e-06 -6.72558e-06 9.7547e-05 0.000602682 0.00246881 5.3214e-05 0.000323876 -1.90092e-05 6.8152e-06 8.49785e-06
internal_weight=2.68577e+06 2.271e+06 549511 6763 543 69 6220 474 414773 1.72149e+06 1.58789e+06
internal_count=2685770 2270997 549511 6763 543 69 6220 474 414773 1721486 1587894
is_linear=0
shrinkage=0.00523217


Tree=198
num_leaves=12
num_cat=0
split_feature=0 1 0 20 4 3 4 20 20 21 12
split_gain=12.6458 4.39813 2.54261 2.33764 1.83462 1.73701 1.64713 2.20317 1.46586 2.24035 1.62862
threshold=-2.9439536333084102 0.87268218398094188 0.72833058238029491 -0.92173686623573292 -1.3232160210609434 -2.6630805730819698 0.14538575708866122 2.3063540458679204 3.9994294643402104 -0.15617524087429044 -0.28869020938873285
decision_type=2 2 2 10 8 8 10 10 10 2 10
left_child=5 2 3 -2 -3 -1 -5 -8 -6 10 -10
right_child=1 4 -4 6 8 -7 7 -9 9 -11 -12
leaf_value=-0.00015053932317575237 -1.3072224033483147e-05 -4.3102275471308479e-05 1.7155134501458583e-05 -1.2667769512579164e-07 -1.0840668980272897e-05 -6.3317434379313691e-05 9.3377706415376621e-06 8.1976636389696273e-05 0.00024108927407499661 -7.9334156149139961e-05 -0.0019608917280142207
leaf_weight=7049 241402 52394 368796 932866 345004 56394 667690 11632 1678 1041 7.9999999999999991
leaf_count=7049 241402 52394 368796 932866 345004 56394 667690 11632 1678 1041 8
internal_value=-3.25832e-08 1.73292e-06 4.60825e-06 2.11144e-06 -1.42353e-05 -7.30237e-05 4.38548e-06 1.05829e-05 -9.8833e-06 0.000110895 0.000228799
internal_weight=2.68595e+06 2.62251e+06 2.22239e+06 1.85359e+06 400125 63443 1.61219e+06 679322 347731 2727 1686
internal_count=2685954 2622511 2222386 1853590 400125 63443 1612188 679322 347731 2727 1686
is_linear=0
shrinkage=0.00523217


Tree=199
num_leaves=12
num_cat=0
split_feature=0 2 0 13 13 5 18 20 4 4 18
split_gain=12.6968 4.56173 3.29934 2.66519 2.27685 1.75169 1.6517 1.65134 1.66301 1.48072 1.46265
threshold=-2.9439536333084102 -0.067518778145313249 -0.035449102520942681 2.7041847705841069 0.17762419581413272 0.028489075601100925 1.1727368235588076 -0.12837436050176618 0.41740708053112036 2.0889402627944951 1.5802372694015505
decision_type=2 8 2 10 10 10 10 10 10 8 10
left_child=10 4 5 6 7 -3 9 -2 -9 -4 -1
right_child=1 2 3 -5 -6 -7 -8 8 -10 -11 -12
leaf_value=-6.101021090275491e-05 8.3903144309573615e-06 -4.2077100830528072e-06 -3.743633521954833e-07 0.00022325943465695511 -1.1616628183968636e-06 -2.360710559671054e-05 2.1175544215825331e-05 1.1552711938115464e-05 3.5586168275601584e-05 -5.7767795191927765e-05 -0.0001253413397607023
leaf_weight=51473 437126 231650 889035 1479 350340 283514 100664 151227 164908 12478 11959
leaf_count=51473 437126 231650 889035 1479 350340 283514 100664 151227 164908 12478 11959
internal_value=-8.72276e-09 1.76025e-06 -4.12169e-06 1.40246e-06 9.85594e-06 -1.48855e-05 1.07398e-06 1.49813e-05 2.40921e-05 -1.16972e-06 -7.31535e-05
internal_weight=2.68585e+06 2.62242e+06 1.51882e+06 1.00366e+06 1.1036e+06 515164 1.00218e+06 753261 316135 901513 63432
internal_count=2685853 2622421 1518820 1003656 1103601 515164 1002177 753261 316135 901513 63432
is_linear=0
shrinkage=0.00523217


Tree=200
num_leaves=12
num_cat=0
split_feature=0 9 0 22 22 7 10 22 13 0 22
split_gain=12.3858 4.37931 3.16808 2.81789 2.64356 1.67187 1.68422 1.56055 1.44819 1.38121 1.09015
threshold=-2.9439536333084102 0.27534173429012304 0.53978511691093456 -0.33591659367084498 -0.24449743330478665 0.27259978652000433 0.69764268398284923 -0.77785184979438771 -2.8851679563522334 -0.9819851517677306 -1.7234337925910947
decision_type=2 10 2 8 8 8 10 10 10 2 10
left_child=4 2 5 9 -1 6 -2 -7 -9 10 -3
right_child=1 3 -4 -5 -6 7 -8 8 -10 -11 -12
leaf_value=-0.00011921790607859261 9.072075033945007e-06 -0.00022071115307996091 1.4580759734859727e-05 -4.6028688007109333e-06 -4.7902368458556034e-05 -2.4808615941672778e-05 -8.0465633405494446e-06 -0.00011151797324129354 -1.6001519634745297e-06 -2.6070067449454258e-05 -6.2085550305338326e-05
leaf_weight=21627 712883 1259 633384 286835 41800 98850 201844 3300 554903 107728 21629
leaf_count=21627 712883 1259 633384 286835 41800 98850 201844 3300 554903 107728 21629
internal_value=1.19423e-08 1.75951e-06 4.7015e-06 -1.37794e-05 -7.22336e-05 7.19905e-07 5.29379e-06 -5.64647e-06 -2.25164e-06 -3.39249e-05 -7.08571e-05
internal_weight=2.68604e+06 2.62262e+06 2.20516e+06 417451 63427 1.57178e+06 914727 657053 558203 130616 22888
internal_count=2686042 2622615 2205164 417451 63427 1571780 914727 657053 558203 130616 22888
is_linear=0
shrinkage=0.00523217


Tree=201
num_leaves=12
num_cat=0
split_feature=9 22 3 23 11 3 22 11 6 18 22
split_gain=7.32103 3.67608 2.9245 3.64719 5.30921 2.75061 5.02504 2.51522 2.10711 2.04611 1.88902
threshold=0.30178278684616094 -0.25622746348381037 -0.51718407869338978 inf 0.72031906247138988 -2.924421906471252 -0.18351025134325025 -0.87423527240753163 -1.0842788219451902 2.3977624177932744 -1.2546744942665098
decision_type=8 8 8 8 10 10 8 10 2 8 10
left_child=2 8 3 -1 -5 -6 -7 10 -2 -9 -4
right_child=1 -3 7 4 5 6 -8 9 -10 -11 -12
leaf_value=-9.9638210235193116e-06 -7.4050940289210383e-05 -8.4628508655768818e-06 -6.4706018805306447e-05 5.6009330350865114e-06 -1.2805530808228559e-05 0.00081015961656958637 0.00022019064981018989 9.6667974286588281e-06 -2.90853494997463e-05 -0.00010601274621213001 -4.7033292183038979e-06
leaf_weight=444066 37945 286087 15257 4504 547 582 1249 1529875 115495 4195 246027
leaf_count=444066 37945 286087 15257 4504 547 582 1249 1529875 115495 4195 246027
internal_value=-1.92363e-08 -1.95481e-05 3.80156e-06 -8.10964e-06 0.000111397 0.000311338 0.000408558 6.79381e-06 -4.02109e-05 9.34986e-06 -8.21038e-06
internal_weight=2.68583e+06 439527 2.2463e+06 450948 6882 2378 1831 1.79535e+06 153440 1.53407e+06 261284
internal_count=2685829 439527 2246302 450948 6882 2378 1831 1795354 153440 1534070 261284
is_linear=0
shrinkage=0.00523217


Tree=202
num_leaves=12
num_cat=0
split_feature=9 20 3 20 23 16 12 11 11 11 3
split_gain=7.28766 2.91169 2.86355 3.55852 4.05217 6.01662 4.29474 2.50248 2.49798 2.48237 2.39948
threshold=0.29288810491561895 2.0397076606750493 -0.51718407869338978 3.9994294643402104 0.2174726873636246 -0.029556779190897938 -1.5847278237342832 0.74195003509521495 -0.69679671525955189 -0.87423527240753163 -2.2456966638565059
decision_type=8 10 10 10 10 2 10 10 8 10 10
left_child=2 8 3 -1 5 -5 -7 -6 -2 -4 -9
right_child=1 -3 9 4 7 6 -8 10 -10 -11 -12
leaf_value=-9.7623380860917159e-06 -3.5642199158173685e-05 -6.4424224474876734e-05 -8.1298298070781853e-06 0.00033537303809194743 -3.2896774324316293e-05 0.00088226946009865338 0.0039896457045761283 6.8350606071149696e-05 -7.1729520663380129e-06 9.3573201178474473e-06 0.00034584972326373548
leaf_weight=441858 118185 35933 259998 185 2673 28 23 2166 295273 1527854 1417
leaf_count=441858 118185 35933 259998 185 2673 28 23 2166 295273 1527854 1417
internal_value=-1.49058e-08 -1.92416e-05 3.84858e-06 -7.97381e-06 0.000113613 0.000785349 0.00235765 8.80003e-05 -1.53128e-05 6.8138e-06 0.000178398
internal_weight=2.68559e+06 449391 2.2362e+06 448350 6492 236 51 6256 413458 1.78785e+06 3583
internal_count=2685593 449391 2236202 448350 6492 236 51 6256 413458 1787852 3583
is_linear=0
shrinkage=0.00523217


Tree=203
num_leaves=12
num_cat=0
split_feature=1 1 9 20 18 9 6 6 18 15 15
split_gain=10.9236 3.02572 2.55671 1.94755 2.98897 2.58389 6.8163 1.87636 1.74894 1.46003 1.42647
threshold=1.2354218959808352 2.0017727613449101 0.12521750479936603 3.9994294643402104 2.8472043275833134 -0.21049568802118299 0.02495610993355513 -0.5918385088443755 -2.0896196365356441 -0.57290583848953236 -0.027849310077726838
decision_type=2 2 8 10 10 10 2 2 8 2 2
left_child=2 -2 3 8 -5 10 -7 -3 -1 -4 -6
right_child=1 7 9 4 5 6 -8 -9 -10 -11 -12
leaf_value=6.0331201079444127e-05 -2.0778768245727596e-05 -7.7487017325902647e-05 7.2130750533035271e-06 9.9775214302229173e-05 0.0013437537977506705 0.00073345288420941445 0.0048442605387186274 -1.9648112333636298e-05 5.888170055303603e-06 -1.1342762481082788e-05 -8.4059267673544601e-05
leaf_weight=16300 201195 51114 161946 2728 24 56 12.999999999999998 22008 1820907 409525 76
leaf_count=16300 201195 51114 161946 2728 24 56 13 22008 1820907 409525 76
internal_value=2.44072e-08 -3.12608e-05 3.58346e-06 6.58593e-06 0.000142125 0.000815569 0.00158794 -6.00905e-05 6.37167e-06 -6.08292e-06 0.000262372
internal_weight=2.68589e+06 274317 2.41158e+06 1.8401e+06 2897 169 69 73122 1.83721e+06 571471 100
internal_count=2685892 274317 2411575 1840104 2897 169 69 73122 1837207 571471 100
is_linear=0
shrinkage=0.00523217


Tree=204
num_leaves=12
num_cat=0
split_feature=0 0 22 8 9 3 8 5 5 17 22
split_gain=12.0451 4.16473 2.55397 2.54335 1.97635 1.87506 1.77616 1.77392 1.30444 1.42849 1.21327
threshold=-2.9439536333084102 0.35809324681758886 -0.24449743330478665 -0.70040297508239735 -0.075562622398138032 -2.2456966638565059 -2.0719914436340328 1.1347486376762392 inf -2.2181544303894039 -0.016026765108108517
decision_type=2 2 8 8 8 8 10 10 8 2 8
left_child=2 3 -1 6 -3 8 -2 10 -5 -10 -8
right_child=1 4 -4 5 -6 -7 7 -9 9 -11 -12
leaf_value=-0.00011739447369073922 5.7865135039323042e-05 1.5254417657384353e-05 -4.7294660108368335e-05 -3.8477164308100103e-05 7.3580443194397978e-07 2.146794685062456e-06 -1.9146084357167572e-05 -3.7867470973760359e-05 0.001211842521364821 9.4411045218564978e-05 -5.2413450807647682e-07
leaf_weight=21624 9266 662598 41804 41722 419163 1022860 209939 78989 31 1452 176303
leaf_count=21624 9266 662598 41804 41722 419163 1022860 209939 78989 31 1452 176303
internal_value=3.69258e-08 1.76051e-06 -7.12076e-05 -3.76445e-06 9.62946e-06 7.1992e-07 -1.38413e-05 -1.52713e-05 -3.30413e-05 0.000119257 -1.06481e-05
internal_weight=2.68575e+06 2.62232e+06 63428 1.54056e+06 1.08176e+06 1.06606e+06 474497 465231 43205 1483 386242
internal_count=2685751 2622323 63428 1540562 1081761 1066065 474497 465231 43205 1483 386242
is_linear=0
shrinkage=0.00523217


Tree=205
num_leaves=12
num_cat=0
split_feature=1 1 9 7 23 14 16 15 16 15 7
split_gain=10.6427 2.97039 2.52738 1.5491 4.68413 3.34262 6.74855 1.90523 1.48545 1.45916 1.16642
threshold=1.2354218959808352 2.0017727613449101 0.12521750479936603 2.2555502653121953 inf -0.5503697097301482 -0.038405347615480416 0.068779755383729949 -0.066639527678489671 -0.57290583848953236 -1.0629196763038633
decision_type=2 2 8 8 8 2 2 2 2 2 10
left_child=2 -2 3 4 10 7 -7 -6 -5 -4 -1
right_child=1 -3 9 8 5 6 -8 -9 -10 -11 -12
leaf_value=1.603991418804826e-05 -2.0498403550793066e-05 -5.9458094243285443e-05 7.196511944922007e-06 -0.00014734281481748837 7.7104900644312167e-05 6.0527895158658995e-05 0.001286343167349953 0.00048044964319446712 -2.0242430264085516e-05 -1.1355850382074049e-05 4.7542219466275192e-06
leaf_weight=300379 201187 73077 161903 3056 2310 282 219 373 14393 409479 1519065
leaf_count=300379 201187 73077 161903 3056 2310 282 219 373 14393 409479 1519065
internal_value=1.2656e-09 -3.08823e-05 3.51411e-06 6.49917e-06 6.96928e-06 0.000207448 0.000599729 0.000133665 -4.25572e-05 -6.09757e-06 6.61787e-06
internal_weight=2.68572e+06 274264 2.41146e+06 1.84008e+06 1.82263e+06 3184 501 2683 17449 571382 1.81944e+06
internal_count=2685723 274264 2411459 1840077 1822628 3184 501 2683 17449 571382 1819444
is_linear=0
shrinkage=0.00523217


Tree=206
num_leaves=12
num_cat=0
split_feature=0 2 0 12 15 16 15 9 0 0 20
split_gain=11.9219 4.44084 3.64901 2.25347 2.24161 1.84881 1.7013 15.5349 1.89941 1.62252 1.4185
threshold=-2.9439536333084102 -0.4469750821590423 -0.066000845283269868 0.32875788211822515 1.7074555754661562 -0.18293888121843335 3.574918389320374 0.44229306280612951 1.5271715521812441 0.72833058238029491 -0.83677008748054493
decision_type=2 8 2 10 2 2 2 10 2 2 10
left_child=5 3 -3 4 -2 -1 -5 8 -8 10 -4
right_child=1 2 9 6 -6 -7 7 -9 -10 -11 -12
leaf_value=-9.4144744672069802e-05 1.8890590168835761e-05 -1.3773406082280641e-05 -1.267962167203364e-05 3.3675100609295556e-06 7.9160636553294472e-05 -3.655889395365938e-05 0.00013550554422151048 0.0074395246819804507 0.0021488426554860645 1.4692678451015595e-05 2.4530592455394195e-06
leaf_weight=37768 343526 560782 211343 397043 17777 25713 619 6.9999999999999991 11.999999999999998 233251 857927
leaf_count=37768 343526 560782 211343 397043 17777 25713 619 7 12 233251 857927
internal_value=1.5487e-08 1.73095e-06 -2.61428e-06 1.23995e-05 2.18585e-05 -7.08333e-05 3.80378e-06 0.000273538 0.000179011 2.18951e-06 -5.372e-07
internal_weight=2.68577e+06 2.62229e+06 1.8633e+06 758984 361303 63481 397681 638 631 1.30252e+06 1.06927e+06
internal_count=2685768 2622287 1863303 758984 361303 63481 397681 638 631 1302521 1069270
is_linear=0
shrinkage=0.00523217


Tree=207
num_leaves=12
num_cat=0
split_feature=9 22 7 22 15 17 7 19 23 22 23
split_gain=7.08566 3.63328 2.40784 2.36134 1.82506 1.70904 1.64165 1.4903 3.56226 1.34396 1.28842
threshold=0.31161199510097509 -0.25622746348381037 0.49432499706745153 -1.8165047168731687 -1.0327684283256529 -0.071260880678892122 0.690241038799286 inf inf -1.7234337925910947 inf
decision_type=8 8 8 10 2 2 8 8 8 10 8
left_child=2 9 5 -4 -5 10 -3 8 -6 -2 -1
right_child=1 6 3 4 7 -7 -8 -9 -10 -11 -12
leaf_value=1.2387673499939462e-05 -0.0001128670038117549 2.2729255435667543e-07 -6.8785108406981294e-05 -3.1831097721549251e-05 -7.9069672824054867e-07 1.6364341102534659e-06 -2.709893347813536e-05 -0.00010946866010685759 0.0001617195038140674 -3.6886729575914912e-05 0.00027573915530802051
leaf_weight=812909 6682 191963 15281 55163 606380 759074 87632 3410 3714 142914 508
leaf_count=812909 6682 191963 15281 55163 606380 759074 87632 3410 3714 142914 508
internal_value=1.26337e-08 -1.94736e-05 3.71942e-06 -4.47518e-06 -3.00419e-06 7.28414e-06 -8.33463e-06 -4.10858e-07 1.97593e-07 -4.02868e-05 1.25535e-05
internal_weight=2.68563e+06 429191 2.25644e+06 683948 668667 1.57249e+06 279595 613504 610094 149596 813417
internal_count=2685630 429191 2256439 683948 668667 1572491 279595 613504 610094 149596 813417
is_linear=0
shrinkage=0.00523217


Tree=208
num_leaves=12
num_cat=0
split_feature=0 0 10 7 16 3 3 9 16 1 16
split_gain=11.8539 3.87772 2.48029 2.28609 2.26585 2.60778 1.57572 1.55265 1.51052 1.30864 1.3019
threshold=-2.4716690778732295 0.4840973317623139 0.74323931336402904 0.60555830597877514 -0.18293888121843335 -1.631787061691284 -0.67735004425048817 -0.075562622398138032 1.1465289592742922 -2.2956392765045162 -1.1726148128509519
decision_type=2 2 8 10 2 8 10 8 2 2 2
left_child=4 2 3 6 5 -1 9 -3 -8 -2 -4
right_child=1 7 10 -5 -6 -7 8 -9 -10 -11 -12
leaf_value=-0.00017458474738224705 0.0003142706577426942 1.6926868036829607e-05 -4.1070021979944054e-05 -1.033151672075873e-05 -2.9087037744403931e-05 -6.7918529067590041e-05 1.0694658994222697e-05 1.8143569210535607e-06 -1.1857598880112092e-05 -1.2522424256265771e-05 -9.7196070372088276e-06
leaf_weight=7403 335 516674 39357 331115 35449 41672 741600 291082 91281 125461 464248
leaf_count=7403 335 516674 39357 331115 35449 41672 741600 291082 91281 125461 464248
internal_value=-1.82878e-08 1.96292e-06 -2.32405e-06 1.52025e-06 -6.0997e-05 -8.40294e-05 5.61455e-06 1.14819e-05 8.22203e-06 -1.16428e-05 -1.21713e-05
internal_weight=2.68568e+06 2.60115e+06 1.7934e+06 1.28979e+06 84524 49075 958677 807756 832881 125796 503605
internal_count=2685677 2601153 1793397 1289792 84524 49075 958677 807756 832881 125796 503605
is_linear=0
shrinkage=0.00523217


Tree=209
num_leaves=12
num_cat=0
split_feature=0 0 0 10 21 16 16 18 5 16 9
split_gain=11.7291 3.56494 3.20386 2.19714 1.61432 1.37084 1.31299 1.33471 3.14963 1.50614 1.27919
threshold=-1.4660159349441526 -3.624077200889587 0.55593222379684459 0.87733569741249096 -1.7906396985054014 -0.23980046808719632 1.1786006689071657 inf inf -0.066639527678489671 -0.084612384438514696
decision_type=2 2 2 10 2 2 2 8 8 2 8
left_child=1 5 3 6 -3 -1 7 8 -2 -9 -4
right_child=2 4 10 -5 -6 -7 -8 9 -10 -11 -12
leaf_value=-0.00010866896012921281 3.7251392061936527e-06 8.9468260390516879e-05 1.8116818256514362e-05 -1.1748995331078249e-05 -3.1032660213818671e-05 -4.8744533171134466e-05 -1.2085665229678662e-05 -0.00019396309173898193 0.00013593271190495189 3.0219251795616672e-05 2.9191222971152981e-06
leaf_weight=24668 1299268 3115 426918 388671 125118 18250 156302 1957 4951 1402 235327
leaf_count=24668 1299268 3115 426918 388671 125118 18250 156302 1957 4951 1402 235327
internal_value=-1.19342e-08 -4.1923e-05 2.84013e-06 -6.90411e-07 -2.80984e-05 -8.32081e-05 2.24518e-06 3.95885e-06 4.22776e-06 -0.000100176 1.27176e-05
internal_weight=2.68595e+06 171151 2.5148e+06 1.85255e+06 128233 42918 1.46388e+06 1.30758e+06 1.30422e+06 3359 662245
internal_count=2685947 171151 2514796 1852551 128233 42918 1463880 1307578 1304219 3359 662245
is_linear=0
shrinkage=0.00523217


Tree=210
num_leaves=12
num_cat=0
split_feature=0 0 7 10 20 20 9 18 6 10 9
split_gain=11.5779 4.21465 2.42442 2.01927 2.22633 1.93485 2.13271 1.47826 1.3649 1.18215 1.16501
threshold=-3.2554260492324825 0.28381444513797766 0.60555830597877514 0.69764268398284923 -0.15989544987678525 -0.80180907249450672 -0.14179181307554242 1.8428696393966677 -0.19486618787050244 -0.51307937502861012 0.28408758342266088
decision_type=2 2 8 10 10 10 8 10 2 10 10
left_child=7 2 3 4 -2 6 9 -1 -6 -3 -4
right_child=1 5 10 -5 8 -7 -8 -9 -10 -11 -12
leaf_value=-6.5759908170990537e-05 -6.0895215046446742e-06 -7.5724087628972365e-06 -9.7836382389266454e-06 -1.2699450441537963e-05 -7.0585504226929555e-07 1.2701645800754278e-05 -1.4416777999445761e-05 -0.00014760460418918077 2.0041906418945916e-05 2.0596059041133514e-05 -2.9155314940352404e-05
leaf_weight=45968 292732 61817 345088 245694 131063 887343 180046 6980 256593 119687 112868
leaf_count=45968 292732 61817 345088 245694 131063 887343 180046 6980 256593 119687 112868
internal_value=3.47665e-08 1.57557e-06 -4.71233e-06 1.56483e-07 4.80007e-06 8.54454e-06 -1.65594e-06 -7.65675e-05 1.30252e-05 1.0998e-05 -1.45598e-05
internal_weight=2.68588e+06 2.63293e+06 1.38404e+06 926082 680388 1.24889e+06 361550 52948 387656 181504 457956
internal_count=2685879 2632931 1384038 926082 680388 1248893 361550 52948 387656 181504 457956
is_linear=0
shrinkage=0.00523217


Tree=211
num_leaves=12
num_cat=0
split_feature=0 2 0 22 22 6 9 0 20 16 20
split_gain=11.5273 4.20191 3.39557 3.00746 2.1498 1.69475 1.62119 1.59802 1.59174 1.53204 1.52737
threshold=-2.4716690778732295 -0.62356787919998158 -0.035449102520942681 0.078646223992109313 0.073066510260105147 -0.091013383120298372 1.1080744266510012 0.77730029821395885 -0.83677008748054493 -0.17479801923036573 1.2002869844436648
decision_type=2 8 2 8 8 2 8 2 10 2 10
left_child=3 10 4 5 6 9 -3 8 -4 -1 -2
right_child=1 2 7 -5 -6 -7 -8 -9 -10 -11 -12
leaf_value=-0.00013275035956513591 1.1199933201412957e-05 -1.7249900561599611e-05 -1.1795729856570266e-05 -2.79442588358696e-05 -6.3366420037838424e-07 -1.3684084382764719e-05 -5.7929718426299585e-05 1.6031349954783301e-05 3.407995358899946e-06 -6.4150235083671212e-05 4.0287920814393555e-05
leaf_weight=21582 575257 316494 236615 40984 253211 6693 29325 208960 927158 15291 54092
leaf_count=21582 575257 316494 236615 40984 253211 6693 29325 208960 927158 15291 54092
internal_value=-2.36541e-08 1.93039e-06 -1.82628e-06 -6.01468e-05 -1.22204e-05 -9.04209e-05 -2.0702e-05 2.70892e-06 3.16118e-07 -0.000104327 1.37014e-05
internal_weight=2.68566e+06 2.60111e+06 1.97176e+06 84550 599030 43566 345819 1.37273e+06 1.16377e+06 36873 629349
internal_count=2685662 2601112 1971763 84550 599030 43566 345819 1372733 1163773 36873 629349
is_linear=0
shrinkage=0.00523217


Tree=212
num_leaves=12
num_cat=0
split_feature=1 2 1 12 6 20 2 23 16 16 1
split_gain=10.0543 3.10519 2.78865 2.58384 1.79869 1.63234 1.55522 3.14824 1.88504 2.26433 1.38312
threshold=1.2354218959808352 -0.4469750821590423 2.0017727613449101 0.2564819753170014 -0.5918385088443755 1.2002869844436648 2.0410968065261845 inf -0.072710491716861711 -0.053117882460355752 -2.5488176345825191
decision_type=2 8 2 10 2 10 8 8 2 2 2
left_child=1 3 -2 5 -4 -1 7 -3 -9 -10 -7
right_child=2 6 4 -5 -6 10 -8 8 9 -11 -12
leaf_value=1.9572734188469597e-05 -1.9957906511286838e-05 -9.2370160609313426e-08 -7.4757815033401842e-05 4.0480209849080099e-06 -1.8137989021170777e-05 0.00035952319191148821 -3.6768284997149596e-05 -0.00012204204724391059 0.00049167650865772133 0.00013408363260078665 5.3249631705722099e-05
leaf_weight=267309 201174 1653813 51062 418467 22028 408 31710 517 646 1983 36616
leaf_count=267309 201174 1653813 51062 418467 22028 408 31710 517 646 1983 36616
internal_value=-2.2216e-09 3.41153e-06 -3.00205e-05 1.24866e-05 -5.77052e-05 2.40872e-05 -4.72394e-07 2.21758e-07 0.000165548 0.000222438 5.66578e-05
internal_weight=2.68573e+06 2.41147e+06 274264 722800 73090 304333 1.68867e+06 1.65696e+06 3146 2629 37024
internal_count=2685733 2411469 274264 722800 73090 304333 1688669 1656959 3146 2629 37024
is_linear=0
shrinkage=0.00523217


Tree=213
num_leaves=12
num_cat=0
split_feature=9 22 11 22 20 11 21 4 6 16 19
split_gain=6.85051 3.19897 2.74714 2.88581 2.39933 2.61779 2.21879 13.9707 2.09909 1.79582 1.76601
threshold=0.35652756690979009 -0.25622746348381037 -0.87423527240753163 -1.2546744942665098 3.9994294643402104 0.74195003509521495 -2.0988676548004146 -2.4509845972061153 -1.0842788219451902 -0.30394747853279108 0.78588995337486278
decision_type=10 8 8 10 10 10 2 10 2 2 8
left_child=2 8 3 -1 10 -6 7 -7 -2 -5 -4
right_child=1 -3 4 9 5 6 -8 -9 -10 -11 -12
leaf_value=-6.7778955784556915e-05 -7.6740988647073239e-05 -9.4303784917988948e-06 7.424345091237112e-06 -2.1122168771726617e-05 -1.2333909747837375e-05 0.0047297036277902512 0.00012383351465961205 0.0003220530948544716 -2.9210804048884171e-05 4.7843152908162783e-06 -5.9513357468816291e-06
leaf_weight=22701 34458 235029 1669573 130415 2955 19 2884 884 97591 167029 322340
leaf_count=22701 34458 235029 1669573 130415 2955 19 2884 884 97591 167029 322340
internal_value=-1.04981e-08 -2.10124e-05 3.31387e-06 -1.09146e-05 5.5934e-06 0.000104128 0.000195191 0.000421744 -4.16204e-05 -6.57178e-06 5.25943e-06
internal_weight=2.68588e+06 367078 2.3188e+06 320145 1.99866e+06 6742 3787 903 132049 297444 1.99191e+06
internal_count=2685878 367078 2318800 320145 1998655 6742 3787 903 132049 297444 1991913
is_linear=0
shrinkage=0.00523217


Tree=214
num_leaves=12
num_cat=0
split_feature=6 2 6 2 20 20 15 18 15 2 16
split_gain=5.82971 2.94762 2.06838 1.77595 1.5465 1.54122 2.26946 1.52212 1.44891 1.42939 3.00888
threshold=-0.701848804950714 -0.50234898924827565 -3.7100228071212764 -0.70285740494728077 inf -0.15222070366144178 1.2414482235908511 -2.0896196365356441 0.88828393816947948 -3.0824288129806514 -0.32005690038204188
decision_type=2 8 2 10 8 10 2 8 2 10 2
left_child=2 5 -1 8 7 -2 -7 -3 -4 10 -8
right_child=1 4 3 -5 -6 6 9 -9 -10 -11 -12
leaf_value=-6.8934939611254526e-05 5.4422131481964879e-06 5.5566338689026724e-05 3.0684429037908865e-06 -1.9917234234330519e-05 -3.6574123968001059e-05 1.782234282116028e-05 0.00098787321166100969 -2.4447705894570762e-07 9.2773865100547311e-05 7.1454474755505454e-05 -5.9670142649170062e-06
leaf_weight=20774 360980 13491 51367 337131 31882 273535 143 1572769 5454 18101 194
leaf_count=20774 360980 13491 51367 337131 31882 273535 143 1572769 5454 18101 194
internal_value=-2.71797e-09 3.29103e-06 -1.80416e-05 -1.53557e-05 -4.94947e-07 1.26746e-05 2.16136e-05 2.29724e-07 1.16948e-05 7.78099e-05 0.000415355
internal_weight=2.68582e+06 2.2711e+06 414726 393952 1.61814e+06 652953 291973 1.58626e+06 56821 18438 337
internal_count=2685821 2271095 414726 393952 1618142 652953 291973 1586260 56821 18438 337
is_linear=0
shrinkage=0.00523217


Tree=215
num_leaves=12
num_cat=0
split_feature=9 22 3 20 11 3 17 11 6 18 20
split_gain=6.71207 3.51962 2.79802 3.47787 2.64297 3.24526 3.5604 2.25562 2.10705 2.02565 2.11913
threshold=0.31161199510097509 -0.23894175887107846 -0.44862213730812067 3.9994294643402104 0.74195003509521495 -2.2456966638565059 -2.3464462757110591 -0.8835293948650359 -2.399791836738586 2.5920014381408696 -0.22047709673643109
decision_type=8 8 10 10 10 10 2 10 2 8 10
left_child=2 8 3 -1 -5 -6 -7 -4 -2 10 -9
right_child=1 -3 7 4 5 6 -8 9 -10 -11 -12
leaf_value=-9.0908642310407381e-06 -9.9498175626561324e-05 -7.7205830288820689e-06 -7.8481604170657547e-06 -7.3653387724295432e-06 7.8437630197697434e-05 0.0012856836185728884 0.0003196259475916972 4.0751231450377164e-06 -3.2763208225741524e-05 -0.00013412605641948175 1.6616143908607061e-05
leaf_weight=482009 14288 274891 250846 2849 2240 113 1355 878444 140054 2697 636125
leaf_count=482009 14288 274891 250846 2849 2240 113 1355 878444 140054 2697 636125
internal_value=1.38475e-08 -1.89508e-05 3.6214e-06 -7.46102e-06 0.000112207 0.000204269 0.00039551 6.68416e-06 -3.8947e-05 9.08729e-06 9.34294e-06
internal_weight=2.68591e+06 429233 2.25668e+06 488566 6557 3708 1468 1.76811e+06 154342 1.51727e+06 1.51457e+06
internal_count=2685911 429233 2256678 488566 6557 3708 1468 1768112 154342 1517266 1514569
is_linear=0
shrinkage=0.00523217


Tree=216
num_leaves=12
num_cat=0
split_feature=0 0 0 3 4 20 16 20 16 3 9
split_gain=11.161 3.86093 2.98628 1.85485 1.61191 3.16055 1.84253 1.61827 1.54657 1.56975 1.48015
threshold=-1.2494810819625852 -4.1181745529174796 0.55593222379684459 -1.3339997529983518 0.14538575708866122 -0.22047709673643109 -1.1726148128509519 2.3063540458679204 -0.12635305523872373 -1.5791660547256468 0.25832398235797888
decision_type=2 2 2 8 10 10 2 10 2 8 10
left_child=1 3 4 -1 6 -6 -2 -7 9 -3 -10
right_child=2 8 -4 -5 5 7 -8 -9 10 -11 -12
leaf_value=-0.00015184663204708247 -2.69554266226065e-05 -0.00010257028195165655 1.2593280414697557e-05 -6.4105466856056117e-05 -6.2336908505464919e-06 1.3736647587748163e-05 -2.2946422092875767e-06 6.6686970176603257e-05 9.8230939273305662e-06 -3.4124886497427916e-05 -3.6595032472682344e-05
leaf_weight=9453 90236 10296 662153 22036 321995 363895 1027364 16527 44072 85256 32779
leaf_count=9453 90236 10296 662153 22036 321995 363895 1027364 16527 44072 85256 32779
internal_value=2.16081e-08 -3.71907e-05 3.07867e-06 -9.04756e-05 -3.82476e-07 5.82801e-06 -4.28652e-06 1.60393e-05 -2.74531e-05 -4.15097e-05 -9.96528e-06
internal_weight=2.68606e+06 203892 2.48217e+06 31489 1.82002e+06 702417 1.1176e+06 380422 172403 95552 76851
internal_count=2686062 203892 2482170 31489 1820017 702417 1117600 380422 172403 95552 76851
is_linear=0
shrinkage=0.00523217


Tree=217
num_leaves=12
num_cat=0
split_feature=6 22 6 10 5 20 17 10 20 4 20
split_gain=5.6864 2.88303 2.31231 2.0826 4.96484 5.53525 8.04621 3.17719 2.06372 1.75666 1.77675
threshold=-0.701848804950714 0.14086005091667178 -3.7100228071212764 0.89672210812568676 inf 3.4190702438354497 -2.3464462757110591 -1.3482493758201597 -0.92173686623573292 0.40509107708930975 -0.15222070366144178
decision_type=2 8 2 8 8 10 2 10 10 8 8
left_child=1 2 -1 4 8 -6 -7 -8 -2 -10 -11
right_child=3 -3 -4 -5 5 6 7 -9 9 10 -12
leaf_value=-9.5837756990784032e-05 -6.9851275575593468e-06 1.6935415320892935e-07 -2.4788332864654287e-05 -8.7618880786231283e-06 0.00026019939272703516 0.0063126587075890382 0.00011467053605647187 0.0021622899183862372 3.338899969657119e-06 5.8155936993837381e-06 2.3685998516691305e-05
leaf_weight=13217 318474 153684 247855 335902 644 7.9999999999999991 45 39 1006302 310228 299485
leaf_count=13217 318474 153684 247855 335902 644 8 45 39 1006302 310228 299485
internal_value=9.57589e-09 -1.78049e-05 -2.83888e-05 3.26324e-06 5.35089e-06 0.000434667 0.00162853 0.00109159 5.18687e-06 7.58615e-06 1.45947e-05
internal_weight=2.68588e+06 414756 261072 2.27113e+06 1.93522e+06 736 92 84 1.93449e+06 1.61602e+06 609713
internal_count=2685883 414756 261072 2271127 1935225 736 92 84 1934489 1616015 609713
is_linear=0
shrinkage=0.00523217


Tree=218
num_leaves=12
num_cat=0
split_feature=0 0 22 10 0 9 18 12 8 22 22
split_gain=11.1051 3.49798 3.0353 2.14293 1.64032 1.50015 1.42915 1.39216 1.38761 1.30452 1.25346
threshold=-2.1267185211181636 0.48902574181556707 -0.25622746348381037 0.91631987690925609 -4.1181745529174796 -0.075562622398138032 1.8428696393966677 0.56625992059707653 -2.0719914436340328 0.050017854198813445 -0.83680784702301014
decision_type=2 2 8 10 2 8 10 10 10 10 8
left_child=2 3 4 9 -1 -3 -4 -7 -5 -2 -10
right_child=1 5 6 8 -6 7 -8 -9 10 -11 -12
leaf_value=-0.00014714147834607374 -2.9856845489708788e-06 1.6618490954422599e-05 -2.4224390347010798e-05 4.9526825473181495e-05 -6.9023547256324925e-05 1.2598447662717429e-05 -0.00010052246294800594 -1.0499510409969056e-05 -4.1949543841465996e-05 7.3328573007428896e-06 -1.1366746083048248e-05
leaf_weight=10396 878110 510951 62417 9364 25481 150847 7542 135672 41634 542672 310582
leaf_count=10396 878110 510951 62417 9364 25481 150847 7542 135672 41634 542672 310582
internal_value=-1.85133e-08 2.13615e-06 -5.25471e-05 -1.93871e-06 -9.16861e-05 1.12446e-05 -3.24628e-05 1.65834e-06 -1.33112e-05 9.54951e-07 -1.49842e-05
internal_weight=2.68567e+06 2.57983e+06 105836 1.78236e+06 35877 797470 69959 286519 361580 1.42078e+06 352216
internal_count=2685668 2579832 105836 1782362 35877 797470 69959 286519 361580 1420782 352216
is_linear=0
shrinkage=0.00523217


Tree=219
num_leaves=12
num_cat=0
split_feature=0 1 22 0 22 20 22 10 20 12 3
split_gain=10.8472 4.12798 2.65031 2.33779 2.31075 2.2565 2.01411 1.58214 1.2254 1.40241 1.03785
threshold=-3.2554260492324825 0.87268218398094188 0.14086005091667178 0.72833058238029491 -0.057399531826376908 -0.92173686623573292 -1.7234337925910947 0.71605065464973461 3.9994294643402104 -0.28869020938873285 -0.037414273247122758
decision_type=2 2 8 2 8 10 10 10 10 10 10
left_child=4 3 6 5 -1 -2 -3 10 -8 -10 -7
right_child=1 2 -4 -5 -6 7 8 -9 9 -11 -12
leaf_value=-0.00011280998091195101 -1.297941253038877e-05 -0.00011139926595159675 1.988544678176662e-06 1.6362641954116144e-05 -4.3178245693372608e-05 2.421542046181379e-07 -2.3694816461070461e-05 -4.8862125261033861e-06 8.7820286662238661e-05 -0.0019567557311807498 1.053082754078756e-05
leaf_weight=23515 241400 7164 171166 368851 29435 400651 229058 397546 3061 7.9999999999999991 814078
leaf_count=23515 241400 7164 171166 368851 29435 400651 229058 397546 3061 8 814078
internal_value=2.5668e-08 1.51707e-06 -1.37271e-05 4.33272e-06 -7.41186e-05 1.93853e-06 -2.49718e-05 4.17264e-06 -2.23004e-05 8.14778e-05 7.13801e-06
internal_weight=2.68593e+06 2.63298e+06 410457 2.22253e+06 52950 1.85368e+06 239291 1.61228e+06 232127 3069 1.21473e+06
internal_count=2685933 2632983 410457 2222526 52950 1853675 239291 1612275 232127 3069 1214729
is_linear=0
shrinkage=0.00523217


Tree=220
num_leaves=12
num_cat=0
split_feature=9 5 20 5 12 8 15 7 21 19 21
split_gain=6.48782 2.73269 2.57778 3.18048 6.50073 11.0306 4.42715 2.5567 2.14367 2.07529 2.07376
threshold=0.35652756690979009 1.1671420335769656 3.9994294643402104 -0.42616970837116236 -1.5847278237342832 0.33590453863143926 0.068779755383729949 0.49432499706745153 -0.62623780965805043 2.1760412454605107 -2.1818845272064205
decision_type=8 8 10 10 10 10 2 8 2 10 2
left_child=2 -2 7 4 -4 6 -6 -1 9 10 -5
right_child=1 -3 3 8 5 -7 -8 -9 -10 -11 -12
leaf_value=6.6619023665941725e-06 -1.2995949414367787e-05 -4.809149904598454e-05 7.3507368429834465e-05 0.00070035764465428739 0.00039600272665009769 0.007294609052502574 0.0032225548386036894 -5.3516022882227345e-06 -2.78729308090299e-05 8.9188612198984189e-05 0.00019532233338258922
leaf_weight=1596332 310711 75533 169 340 58 7.9999999999999991 20 696505 2756 2745 664
leaf_count=1596332 310711 75533 169 340 58 8 20 696505 2756 2745 664
internal_value=-1.90657e-08 -1.98614e-05 3.31334e-06 0.00010533 0.000677622 0.00183847 0.00116819 3.01216e-06 8.26529e-05 0.000164101 0.000367772
internal_weight=2.68584e+06 386244 2.2996e+06 6760 255 86 78 2.29284e+06 6505 3749 1004
internal_count=2685841 386244 2299597 6760 255 86 78 2292837 6505 3749 1004
is_linear=0
shrinkage=0.00523217


Tree=221
num_leaves=12
num_cat=0
split_feature=0 2 0 21 0 3 15 18 4 15 17
split_gain=10.8834 4.14872 3.57302 1.89226 1.88769 1.61211 1.42243 1.68448 1.33846 1.28266 1.24731
threshold=-2.9439536333084102 -0.62356787919998158 -0.46661463379859919 -2.1818845272064205 0.72833058238029491 -2.6630805730819698 1.8948527574539187 1.2184194326400759 -1.615180969238281 1.5940275788307192 -2.3464462757110591
decision_type=2 8 2 2 2 8 2 10 8 2 2
left_child=5 9 3 10 6 -1 7 -4 -5 -2 -3
right_child=1 2 4 8 -6 -7 -8 -9 -10 -11 -12
leaf_value=-0.000142401347715674 1.1499514199654599e-05 0.00039858233955190751 -2.1785601825136319e-06 -5.209957802546929e-05 1.4106943148946405e-05 -5.8367485679457906e-05 -2.4095878958442212e-05 1.6753087465652895e-05 -1.5946683640963493e-05 4.3850898324495461e-05 6.6814918396379549e-05
leaf_weight=7048 596241 340 1200290 31123 254941 56377 71517 144108 284826 35572 3608
leaf_count=7048 596241 340 1200290 31123 254941 56377 71517 144108 284826 35572 3608
internal_value=2.6812e-09 1.64086e-06 -2.06612e-06 -1.8086e-05 1.00052e-06 -6.77208e-05 -1.35879e-06 -1.48639e-07 -1.95107e-05 1.33223e-05 9.57007e-05
internal_weight=2.68599e+06 2.62257e+06 1.99075e+06 319897 1.67086e+06 63425 1.41592e+06 1.3444e+06 315949 631813 3948
internal_count=2685991 2622566 1990753 319897 1670856 63425 1415915 1344398 315949 631813 3948
is_linear=0
shrinkage=0.00523217


Tree=222
num_leaves=12
num_cat=0
split_feature=11 13 10 4 7 11 18 11 23 17 10
split_gain=4.51963 2.95739 1.93416 1.80741 1.22613 1.44346 1.22262 1.91642 3.63131 3.76437 1.48991
threshold=-0.86514216661453236 0.38102562725543981 1.0271405577659609 0.3537143617868424 0.087954252958297743 3.9579920768737797 1.6973149776458742 1.4818658232688906 inf -1.0380144715309141 2.0964155197143559
decision_type=8 8 8 10 8 10 8 10 8 2 10
left_child=2 3 -1 -2 5 -5 -3 10 -9 -10 -8
right_child=1 6 -4 4 -6 -7 7 8 9 -11 -12
leaf_value=-1.148096203319288e-05 2.6305157430757215e-06 -3.1445379670958387e-06 -4.402540260916336e-05 1.847020800046001e-05 -3.1170605743303243e-06 -0.00012088026126770702 -4.3497083516210149e-05 1.0015514528463004e-06 0.0010949285647452477 0.00018908719855702008 0.00011391816511137614
leaf_weight=341250 899386 742763 58606 477426 90482 2041 57185 13766 139 1269 1691
leaf_count=341250 899386 742763 58606 477426 90482 2041 57185 13766 139 1269 1691
internal_value=-2.42077e-08 2.81393e-06 -1.62531e-05 7.25112e-06 1.4541e-05 1.7875e-05 -5.16696e-06 -2.54418e-05 2.69558e-05 0.000279927 -3.89601e-05
internal_weight=2.686e+06 2.28615e+06 399856 1.46934e+06 569949 479467 816813 74050 15174 1408 58876
internal_count=2686004 2286148 399856 1469335 569949 479467 816813 74050 15174 1408 58876
is_linear=0
shrinkage=0.00523217


Tree=223
num_leaves=12
num_cat=0
split_feature=1 22 1 3 23 17 10 13 17 10 22
split_gain=9.48588 3.3747 2.32014 2.17595 2.51421 2.8805 9.41234 2.65564 1.84568 1.83144 1.74144
threshold=1.2354218959808352 0.10874205827713014 2.2611397504806523 -0.20501197874546048 inf -2.2181544303894039 -1.6844422221183775 2.7041847705841069 -0.47000177204608912 1.0033486485481264 1.564791262149811
decision_type=2 8 2 10 8 2 8 10 2 8 8
left_child=3 2 -2 4 -1 6 -6 8 -7 -5 -9
right_child=1 -3 -4 9 5 7 -8 10 -10 -11 -12
leaf_value=-5.7281562979809114e-06 -3.7305199943257442e-05 -8.9439660580586059e-06 -9.5430589573952118e-05 8.3870044881581983e-06 0.0053297183685098153 0.0002421380082471354 0.00023128529073702085 0.00036493326535660432 2.5562698756744162e-06 -8.3040672922558321e-06 -0.00036639469141705119
leaf_weight=674187 128360 123842 22055 1524987 10.999999999999998 1033 56 1095 5963 203996 95
leaf_count=674187 128360 123842 22055 1524987 11 1033 56 1095 5963 203996 95
internal_value=-2.13702e-08 -2.91792e-05 -4.5834e-05 3.2945e-06 -4.61584e-06 8.614e-05 0.001158 7.71031e-05 3.80816e-05 6.41722e-06 0.00030557
internal_weight=2.68568e+06 274257 150415 2.41142e+06 682440 8253 67 8186 6996 1.72898e+06 1190
internal_count=2685680 274257 150415 2411423 682440 8253 67 8186 6996 1728983 1190
is_linear=0
shrinkage=0.00523217


Tree=224
num_leaves=12
num_cat=0
split_feature=3 11 22 5 11 17 10 3 22 5 10
split_gain=4.55782 4.52103 3.79028 3.18384 4.00225 3.85045 6.50858 2.8655 4.93061 2.53827 2.06017
threshold=-0.65579557418823231 -0.86514216661453236 -1.1528852581977842 inf 0.74195003509521495 -2.3464462757110591 -1.3280146718025205 -2.924421906471252 -0.18351025134325025 2.6755261421203618 0.88690277934074413
decision_type=8 8 10 8 10 2 8 10 8 10 8
left_child=3 2 -2 9 -5 6 -6 -7 -9 -1 -3
right_child=1 10 -4 4 5 7 -8 8 -10 -11 -12
leaf_value=-1.3232552241431371e-05 -6.866529179807631e-05 9.0577866802405572e-06 -8.5419911959890948e-06 -2.1064115129586136e-06 0.006118231890924735 -4.1992493347302146e-05 0.00040425180448633443 0.00066907864633799314 0.00014405307407084315 -6.8013193920716915e-05 -5.7077122155442029e-06
leaf_weight=467199 31552 1524208 318709 5050 7 830 18.000000000000004 732 1494 24371 311492
leaf_count=467199 31552 1524208 318709 5050 7 830 18 732 1494 24371 311492
internal_value=5.56369e-09 3.26475e-06 -1.39605e-05 -1.42502e-05 8.84161e-05 0.000236994 0.00223882 0.000219496 0.000317327 -1.59503e-05 6.55185e-06
internal_weight=2.68566e+06 2.18596e+06 350261 499701 8131 3081 25 3056 2226 491570 1.8357e+06
internal_count=2685662 2185961 350261 499701 8131 3081 25 3056 2226 491570 1835700
is_linear=0
shrinkage=0.00523217


Tree=225
num_leaves=12
num_cat=0
split_feature=1 2 9 6 19 20 20 1 4 20 1
split_gain=9.26329 3.41492 1.80451 1.78064 1.72838 2.20875 1.71079 2.528 7.74373 1.6997 1.69587
threshold=1.5430440902709963 -0.4469750821590423 0.30178278684616094 -0.77544501423835743 -0.54036647081375111 1.2374204993247988 3.9994294643402104 -1.328833222389221 -1.6682668328285215 3.4190702438354497 2.2611397504806523
decision_type=2 8 8 2 10 10 10 2 8 10 2
left_child=1 4 6 10 -1 -6 -3 8 -8 -4 -2
right_child=3 2 9 -5 5 -7 7 -9 -10 -11 -12
leaf_value=2.0632407098051969e-06 -3.7864923821166845e-05 5.5991146424736126e-07 -1.2537254477325221e-05 -1.8059100606430268e-05 1.5091946862249092e-05 5.9305371972480841e-05 0.0025986054372669517 8.3804851556620736e-05 0.00011233291344805657 -0.00015063492515910318 -8.5819987147547447e-05
leaf_weight=293964 66018 1498665 271398 71999 415523 33436 44 3076 146 2462 29158
leaf_count=293964 66018 1498665 271398 71999 415523 33436 44 3076 146 2462 29158
internal_value=6.0285e-09 2.50966e-06 -1.43051e-06 -3.77094e-05 1.19288e-05 1.83867e-05 8.2118e-07 0.00012042 0.000704809 -1.37823e-05 -5.25657e-05
internal_weight=2.68589e+06 2.51871e+06 1.77579e+06 167175 742923 448959 1.50193e+06 3266 190 273860 95176
internal_count=2685889 2518714 1775791 167175 742923 448959 1501931 3266 190 273860 95176
is_linear=0
shrinkage=0.00523217


Tree=226
num_leaves=12
num_cat=0
split_feature=9 11 16 20 20 11 19 6 13 20 4
split_gain=6.29889 2.55266 2.45252 2.42474 2.35549 2.66536 2.07674 3.50622 2.06882 2.1352 2.44673
threshold=0.35652756690979009 -0.86514216661453236 -0.22366837412118909 2.0397076606750493 3.9994294643402104 0.74195003509521495 2.2558596134185795 -0.24331107735633847 0.31295143067836767 -0.11233294382691382 0.41740708053112036
decision_type=10 8 2 10 10 10 10 2 8 10 8
left_child=1 2 -1 -2 8 -6 7 -7 9 -3 -11
right_child=3 4 -4 -5 5 6 -8 -9 -10 10 -12
leaf_value=-2.4917381335597182e-05 -1.5940477722011882e-05 4.1320851798895747e-06 3.6650296879929906e-06 -6.3403176233043149e-05 -1.4509466252748398e-05 0.00025328946582448534 0.00011863446911141078 0.0010567959089072155 -1.7157222274141114e-06 8.1041500004905076e-06 3.3122587510877715e-05
leaf_weight=160682 334713 788097 168133 32327 2959 868 2749 180 754441 257320 183337
leaf_count=160682 334713 788097 168133 32327 2959 868 2749 180 754441 257320 183337
internal_value=1.60195e-08 3.20422e-06 -1.02999e-05 -2.01231e-05 5.43603e-06 0.000102964 0.000194698 0.000393097 5.10332e-06 9.29078e-06 1.8515e-05
internal_weight=2.68581e+06 2.31877e+06 328815 367040 1.98995e+06 6756 3797 1048 1.9832e+06 1.22875e+06 440657
internal_count=2685806 2318766 328815 367040 1989951 6756 3797 1048 1983195 1228754 440657
is_linear=0
shrinkage=0.00523217


Tree=227
num_leaves=12
num_cat=0
split_feature=6 22 7 6 22 8 16 23 3 3 5
split_gain=5.33418 2.84932 2.71724 2.27509 2.2123 1.81362 1.80504 1.67674 1.72048 1.54135 1.98047
threshold=-0.701848804950714 0.14086005091667178 0.60555830597877514 -4.1601626873016349 -1.6565974950790403 -0.78246882557868946 1.2102094292640688 -0.036100542172789567 -1.6870946884155271 -0.26531407237052912 inf
decision_type=2 8 8 2 10 8 2 10 8 8 8
left_child=1 3 5 -1 -4 -2 9 8 -5 10 -7
right_child=2 -3 4 7 -6 6 -8 -9 -10 -11 -12
leaf_value=-0.00012146899417211914 -5.6214800672705416e-06 6.5157525465421019e-07 -5.6322221770686248e-05 -0.00012226368188351727 -4.5744417924071211e-06 -1.599601780421296e-06 -8.7094379946922076e-06 -1.4133822109787933e-05 -3.5833090354995493e-05 1.3726516126940437e-05 0.00023273442975106331
leaf_weight=6905 282225 153720 23602 6759 543351 252464 143293 151677 95687 1025338 990
leaf_count=6905 282225 153720 23602 6759 543351 252464 143293 151677 95687 1025338 990
internal_value=4.03004e-08 -1.72139e-05 3.1914e-06 -2.7738e-05 -6.73021e-06 6.49237e-06 8.89704e-06 -2.51874e-05 -4.15446e-05 1.08705e-05 -6.80035e-07
internal_weight=2.68601e+06 414748 2.27126e+06 261028 566953 1.70431e+06 1.42208e+06 254123 102446 1.27879e+06 253454
internal_count=2686011 414748 2271263 261028 566953 1704310 1422085 254123 102446 1278792 253454
is_linear=0
shrinkage=0.00523217


Tree=228
num_leaves=12
num_cat=0
split_feature=0 0 22 0 22 20 0 22 20 8 1
split_gain=10.549 3.8606 2.68827 2.37643 2.22941 1.89312 1.35631 1.33213 1.7526 1.32513 3.76543
threshold=-3.2554260492324825 0.21756087988615039 0.061773508787155158 -1.0307731032371519 -0.057399531826376908 -0.80180907249450672 0.73583427071571361 -1.7234337925910947 3.9994294643402104 -0.70040297508239735 -2.2956392765045162
decision_type=2 2 8 2 8 10 2 10 10 10 2
left_child=4 2 3 7 -1 6 -3 -2 -9 -5 -11
right_child=1 5 -4 9 -6 -7 -8 8 -10 10 -12
leaf_value=-0.00011109168614988764 -0.00013634368303511361 -9.824337816801887e-06 3.7837249988180374e-06 -1.9168736097134025e-05 -4.2708068495969711e-05 1.1185262068381912e-05 1.0543848819188698e-05 -3.506318715617062e-05 0.00010623864989291312 0.0003933676856571343 -3.2851250843513366e-06
leaf_weight=23537 3441 246319 519380 195641 29426 1011224 140553 97372 2460 655 415969
leaf_count=23537 3441 246319 519380 195641 29426 1011224 140553 97372 2460 655 415969
internal_value=-5.61504e-09 1.46471e-06 -5.27603e-06 -1.18533e-05 -7.3115e-05 7.41928e-06 -2.42236e-06 -3.50723e-05 -3.15721e-05 -7.93545e-06 -2.65848e-06
internal_weight=2.68598e+06 2.63301e+06 1.23492e+06 715538 52963 1.3981e+06 386872 103273 99832 612265 416624
internal_count=2685977 2633014 1234918 715538 52963 1398096 386872 103273 99832 612265 416624
is_linear=0
shrinkage=0.00523217


Tree=229
num_leaves=12
num_cat=0
split_feature=6 2 12 6 3 12 7 23 14 14 2
split_gain=5.24127 2.72596 1.96797 1.87829 1.86835 2.87448 1.71503 1.63528 2.74173 6.17357 1.62878
threshold=-0.701848804950714 -0.50234898924827565 0.32183000445365911 -3.7100228071212764 -0.20501197874546048 -0.34460830688476557 inf inf -0.5503697097301482 -0.4643681794404983 -0.70285740494728077
decision_type=2 8 10 2 8 8 8 8 2 2 10
left_child=3 2 7 -1 -3 -6 -7 -2 -9 -10 -5
right_child=1 4 -4 10 5 6 -8 8 9 -11 -12
leaf_value=-6.5586211837274249e-05 2.1557185166867466e-05 -8.9850232110258116e-06 3.8828808438088485e-06 1.1360566192929184e-05 -1.4140889113435479e-05 7.5344307754100382e-06 -0.00017648830416694592 0.00013615870112827875 0.0054561495268854341 0.00067525365719569056 -1.8905763026318872e-05
leaf_weight=20782 295117 494772 357146 56850 211869 910107 1387 542 6.9999999999999991 93 337236
leaf_count=20782 295117 494772 357146 56850 211869 910107 1387 542 7 93 337236
internal_value=3.45929e-09 3.12766e-06 1.2152e-05 -1.70968e-05 -5.13081e-07 3.21758e-06 7.2533e-06 2.21346e-05 0.000285773 0.00107768 -1.45375e-05
internal_weight=2.68591e+06 2.27104e+06 652905 414868 1.61814e+06 1.12336e+06 911494 295759 642 100 394086
internal_count=2685908 2271040 652905 414868 1618135 1123363 911494 295759 642 100 394086
is_linear=0
shrinkage=0.00523217


Tree=230
num_leaves=12
num_cat=0
split_feature=11 3 22 23 11 8 22 8 3 16 7
split_gain=4.38808 4.88447 4.33637 3.58735 2.6631 3.16398 6.7989 2.10647 2.05137 2.05078 2.0012
threshold=-0.86514216661453236 -0.99618130922317494 -1.1528852581977842 inf 0.72031906247138988 0.79583907127380382 -0.33591659367084498 -2.0719914436340328 -2.924421906471252 -1.1726148128509519 1.2680639624595644
decision_type=8 8 10 8 10 10 8 8 10 2 8
left_child=2 3 -1 7 -5 8 -7 -2 -6 -4 -3
right_child=1 10 9 4 5 6 -8 -9 -10 -11 -12
leaf_value=-7.0975601350712814e-05 7.8660076851542148e-05 7.1786243418714481e-06 -5.0400365414736723e-05 2.8429309923417893e-06 -7.2942086123774095e-05 0.0020108621575330547 0.0002981546164911606 -1.9933041472498613e-05 0.00024690779154858361 -6.7061092695968335e-06 -1.708168082908308e-05
leaf_weight=35749 6040 1855214 32275 3208 766 80 301 320432 1902 331811 97979
leaf_count=35749 6040 1855214 32275 3208 766 80 301 320432 1902 331811 97979
internal_value=6.90362e-09 2.80422e-06 -1.59838e-05 -1.57256e-05 0.000108342 0.000219035 0.000664987 -1.81062e-05 0.000154784 -1.05818e-05 5.96122e-06
internal_weight=2.68576e+06 2.28592e+06 399835 332729 6257 3049 381 326472 2668 364086 1.95319e+06
internal_count=2685757 2285922 399835 332729 6257 3049 381 326472 2668 364086 1953193
is_linear=0
shrinkage=0.00523217


Tree=231
num_leaves=12
num_cat=0
split_feature=1 5 9 7 5 11 9 1 11 6 7
split_gain=9.01914 2.55348 2.23829 1.4495 4.73256 4.72782 2.22816 1.36761 1.27214 1.25454 1.21719
threshold=1.2354218959808352 1.3490892052650454 0.12521750479936603 2.2555502653121953 inf 0.76283988356590282 -1.1548210382461546 2.2611397504806523 -0.90246811509132374 0.067673720419406905 1.2284096479415896
decision_type=2 10 8 8 8 10 10 2 8 2 8
left_child=2 10 3 4 8 -6 -7 -3 -1 -5 -2
right_child=1 7 -4 9 5 6 -8 -9 -10 -11 -12
leaf_value=-6.2260746365944726e-06 -1.344548830057517e-05 -4.3772127202441228e-05 -5.8157744909158856e-06 -2.4785078498152454e-05 2.2947680054307171e-05 0.0013722598672066945 0.0003882743310854102 -0.00010056107871346693 7.6940511519916199e-06 -0.00016031655922124817 -4.7336112961599441e-05
leaf_weight=202128 170803 53702 571406 15331 1661 66 1330 14857 1617446 2133 34985
leaf_count=202128 170803 53702 571406 15331 1661 66 1330 14857 1617446 2133 34985
internal_value=-4.39472e-09 -2.84307e-05 3.22924e-06 6.03843e-06 6.49339e-06 0.000212154 0.000436492 -5.60917e-05 6.14728e-06 -4.13942e-05 -1.92112e-05
internal_weight=2.68585e+06 274347 2.4115e+06 1.8401e+06 1.82263e+06 3057 1396 68559 1.81957e+06 17464 205788
internal_count=2685848 274347 2411501 1840095 1822631 3057 1396 68559 1819574 17464 205788
is_linear=0
shrinkage=0.00523217


Tree=232
num_leaves=12
num_cat=0
split_feature=9 3 5 19 5 8 19 8 8 13 9
split_gain=6.05934 2.61072 3.64227 3.98201 2.60765 1.99066 1.56291 1.45989 1.73773 1.72057 1.4386
threshold=0.35652756690979009 -0.3447109162807464 inf 3.9804273843765263 1.1671420335769656 -0.76420626044273365 2.9736022949218754 0.79583907127380382 1.5485143661499026 2.7041847705841069 -0.86802411079406727
decision_type=10 8 8 8 8 10 8 10 10 10 10
left_child=1 2 -1 7 -2 6 -3 9 -9 -4 -5
right_child=4 5 3 10 -6 -7 -8 8 -10 -11 -12
leaf_value=-8.2108194436113203e-06 -1.2870501937956465e-05 -3.824559734491515e-06 0.00011900111846634975 0.0016103338546907234 -4.7888191185865675e-05 9.1109795319933851e-06 -0.00016786286151940647 0.00081505150963625921 0.00020774395460654792 0.00040514700868128352 -5.8990527285677675e-05
leaf_weight=556480 294455 369599 3135 12.999999999999998 72601 1384218 1596 225 314 709 2596
leaf_count=556480 294455 369599 3135 13 72601 1384218 1596 225 314 709 2596
internal_value=-4.64006e-08 3.07991e-06 -6.71826e-06 0.000111938 -1.97991e-05 6.22549e-06 -4.53256e-06 0.000208288 0.000463974 0.000172096 -4.96395e-05
internal_weight=2.68594e+06 2.31888e+06 563472 6992 367056 1.75541e+06 371195 4383 539 3844 2609
internal_count=2685941 2318885 563472 6992 367056 1755413 371195 4383 539 3844 2609
is_linear=0
shrinkage=0.00523217


Tree=233
num_leaves=12
num_cat=0
split_feature=1 22 2 22 22 1 3 8 11 23 18
split_gain=8.90091 3.36964 2.83566 2.29056 2.24271 1.83144 1.68441 1.7838 1.58812 1.54206 1.52228
threshold=1.2354218959808352 0.11523725837469102 -0.4469750821590423 -0.94339400529861439 -1.7234337925910947 2.2611397504806523 -0.61385735869407643 inf 0.3303710818290711 inf -2.0896196365356441
decision_type=2 8 8 10 10 2 10 8 8 8 8
left_child=2 4 -1 8 -2 -6 -5 10 -4 -10 -8
right_child=1 -3 3 6 5 -7 7 -9 9 -11 -12
leaf_value=1.1865488171251287e-05 -0.00015563046148386059 -7.910314607980896e-06 -2.9209503585422122e-05 -9.0819045221846052e-06 -3.3480776005227969e-05 -8.5995243250736535e-05 6.6666279778895704e-05 -0.00017358348992067789 2.7287214171868748e-06 0.00035928302520786434 4.0730651584827487e-06
leaf_weight=722822 4842 122967 119204 321723 125172 21302 10734 1538 53844 333 1181350
leaf_count=722822 4842 122967 119204 321723 125172 21302 10734 1538 53844 333 1181350
internal_value=-1.86401e-08 -2.82617e-05 3.19333e-06 -5.18126e-07 -4.47948e-05 -4.11242e-05 1.54258e-06 4.40693e-06 -1.85332e-05 4.9429e-06 4.63742e-06
internal_weight=2.68583e+06 274283 2.41155e+06 1.68873e+06 151316 146474 1.51534e+06 1.19362e+06 173381 54177 1.19208e+06
internal_count=2685831 274283 2411548 1688726 151316 146474 1515345 1193622 173381 54177 1192084
is_linear=0
shrinkage=0.00523217


Tree=234
num_leaves=12
num_cat=0
split_feature=11 3 5 17 10 5 11 20 10 20 3
split_gain=4.25467 4.78877 3.58864 2.74079 9.22054 2.55546 2.30937 2.14687 2.04951 1.9592 1.91696
threshold=-0.86514216661453236 -0.99618130922317494 inf -2.2181544303894039 -1.6844422221183775 2.6755261421203618 0.3303710818290711 3.9994294643402104 0.88690277934074413 -0.80180907249450672 -3.0878311395645137
decision_type=8 8 8 2 8 10 10 10 8 10 10
left_child=-1 2 5 4 -4 -2 -5 -6 9 -3 -8
right_child=1 8 3 6 7 -7 10 -9 -10 -11 -12
leaf_value=-1.5765985622484388e-05 -1.4253910948483284e-05 -2.281882584419787e-06 0.0052846278455348063 -4.5355522535289339e-05 -0.00021846245310940177 -7.5505850491233256e-05 -5.7485291652731272e-05 0.0025396250031708878 -5.8209846672372347e-06 1.1454268511090272e-05 0.00022600881016120536
leaf_weight=399844 306691 368214 10.999999999999998 2052 46 19861 810 7.9999999999999991 339616 1245338 3270
leaf_count=399844 306691 368214 11 2052 46 19861 810 8 339616 1245338 3270
internal_value=-1.98705e-08 2.73404e-06 -1.56127e-05 0.000109088 0.00116933 -1.7982e-05 9.74951e-05 0.000221234 5.86007e-06 8.31917e-06 0.00016953
internal_weight=2.68576e+06 2.28592e+06 332749 6197 65 326552 6132 54 1.95317e+06 1.61355e+06 4080
internal_count=2685761 2285917 332749 6197 65 326552 6132 54 1953168 1613552 4080
is_linear=0
shrinkage=0.00523217


Tree=235
num_leaves=12
num_cat=0
split_feature=1 22 9 20 1 4 14 19 22 7 22
split_gain=8.81861 2.83917 2.52684 2.05817 3.01415 7.26647 2.7176 2.40667 2.04598 1.62922 2.32137
threshold=1.5430440902709963 -0.24449743330478665 0.30178278684616094 3.9994294643402104 -1.328833222389221 -1.6682668328285215 -0.43714973330497736 1.8707245588302615 -0.12223805487155913 0.27259978652000433 -1.8165047168731687
decision_type=2 8 10 10 2 8 2 10 8 8 10
left_child=2 -2 3 9 5 7 -7 -5 -4 -1 -11
right_child=1 -3 8 4 -6 6 -8 -9 -10 10 -12
leaf_value=7.8838059489534836e-06 -6.668898873915916e-05 -2.1236245421795755e-05 -2.442543237430003e-05 0.00064361097193010408 8.5422205687794741e-05 1.2969995687896838e-05 0.0017658228270125077 0.0034000579626296849 1.0524878774126904e-06 -5.9644041724618078e-05 -1.2977475416746359e-07
leaf_weight=1335878 57271 109897 159864 13.999999999999998 3794 179 27 30 187345 18346 813322
leaf_count=1335878 57271 109897 159864 14 3794 179 27 30 187345 18346 813322
internal_value=-1.28022e-08 -3.68133e-05 2.42928e-06 4.525e-06 0.000122442 0.000678005 0.000255353 0.00258056 -1.06759e-05 4.30457e-06 -1.44367e-06
internal_weight=2.68597e+06 167168 2.5188e+06 2.17159e+06 4044 250 206 44 347209 2.16755e+06 831668
internal_count=2685967 167168 2518799 2171590 4044 250 206 44 347209 2167546 831668
is_linear=0
shrinkage=0.00523217


Tree=236
num_leaves=12
num_cat=0
split_feature=1 11 3 5 11 3 6 8 13 1 19
split_gain=8.83533 2.35908 2.17941 2.54529 3.96732 3.13524 1.78218 2.0742 1.74891 1.7187 1.59132
threshold=1.5430440902709963 -0.90246811509132374 -0.46498745679855341 inf 0.72031906247138988 -2.924421906471252 -0.77544501423835743 -2.0719914436340328 0.38858217000961309 2.2611397504806523 2.9736022949218754
decision_type=2 8 8 8 10 10 2 10 8 2 8
left_child=1 -1 3 -3 -5 -6 7 -2 -4 -9 -10
right_child=6 2 8 4 5 -7 -8 9 10 -11 -12
leaf_value=-1.1158002934514472e-05 0.0001055759319026698 -6.9749001241029517e-06 1.0611475137705975e-05 -4.4676251591398262e-06 -4.0165570879712154e-05 0.00033262813031766461 -1.717447059903707e-05 -4.0595938158713184e-05 -3.1482467231582033e-07 -8.9565824377034261e-05 -0.00016744896804991936
leaf_weight=306204 2237 480547 1194210 5053 840 2291 71992 64643 528129 28249 1563
leaf_count=306204 2237 480547 1194210 5053 840 2291 71992 64643 528129 28249 1563
internal_value=8.00677e-09 2.45264e-06 4.33657e-06 -5.41503e-06 8.60666e-05 0.000232379 -3.68323e-05 -5.17001e-05 7.10164e-06 -5.54976e-05 -8.09888e-07
internal_weight=2.68596e+06 2.51884e+06 2.21263e+06 488731 8184 3131 167121 95129 1.7239e+06 92892 529692
internal_count=2685958 2518837 2212633 488731 8184 3131 167121 95129 1723902 92892 529692
is_linear=0
shrinkage=0.00523217


Tree=237
num_leaves=12
num_cat=0
split_feature=1 1 8 5 16 15 20 1 20 7 16
split_gain=8.62754 2.473 1.6942 3.15186 1.78092 12.6591 5.55244 1.87051 1.7668 2.10405 1.92456
threshold=1.2354218959808352 2.0017727613449101 -0.97315195202827443 inf -0.038405347615480416 -0.0094579216092824919 2.925165176391602 -2.2956392765045162 -0.88189774751663197 0.46489292383193975 1.1786006689071657
decision_type=2 2 10 8 2 2 10 2 10 8 2
left_child=2 -2 -1 8 -5 6 -6 -7 -4 10 -10
right_child=1 -3 3 4 5 7 -8 -9 9 -11 -12
leaf_value=-7.2502566997190162e-06 -1.8321198217569714e-05 -5.3865734822042746e-05 -5.8501586776926928e-06 7.4572052076404621e-05 0.00093785394614521924 0.00053862243761926764 0.005306667732096316 -1.3165377085784064e-05 1.2911563337556649e-05 -2.1699291707452483e-06 -9.2028366425125726e-06
leaf_weight=362799 201185 73104 350674 801 14.999999999999998 348 19 319 1092957 484111 119468
leaf_count=362799 201185 73104 350674 801 15 348 19 319 1092957 484111 119468
internal_value=7.32231e-09 -2.77977e-05 3.17026e-06 5.01598e-06 0.000244524 0.000437124 0.00349834 0.000273965 4.83973e-06 7.0498e-06 1.07318e-05
internal_weight=2.6858e+06 274289 2.41151e+06 2.04871e+06 1502 701 34 667 2.04721e+06 1.69654e+06 1.21242e+06
internal_count=2685800 274289 2411511 2048712 1502 701 34 667 2047210 1696536 1212425
is_linear=0
shrinkage=0.00523217


Tree=238
num_leaves=12
num_cat=0
split_feature=9 5 20 5 4 13 12 14 11 11 13
split_gain=5.93516 2.62158 2.47549 3.02516 6.97887 5.4797 2.83739 9.72788 2.42777 2.33506 2.32224
threshold=0.35652756690979009 1.1671420335769656 3.9994294643402104 -0.42616970837116236 -1.6682668328285215 0.98125371336936962 -1.3448320031166074 -1.3299142122268675 0.74195003509521495 -0.87423527240753163 -1.2023044824600218
decision_type=10 8 10 10 8 10 10 2 10 8 10
left_child=2 -2 9 4 5 -4 -6 -8 -5 -1 -10
right_child=1 -3 3 8 6 -7 7 -9 10 -11 -12
leaf_value=-1.0288314552601023e-05 -1.2578148209003816e-05 -4.7687905695297737e-05 1.8841276277550708e-05 -3.4778828969907378e-05 -6.1340822610676034e-05 0.0037608188390052637 0.00018952892451335089 0.0065788136700705574 0.000543991012754254 4.9336502683852157e-06 0.00012277696466341255
leaf_weight=320205 294388 72611 17 2808 167 30 34 6.9999999999999991 403 1991881 3295
leaf_count=320205 294388 72611 17 2808 167 30 34 7 403 1991881 3295
internal_value=2.33579e-08 -1.9527e-05 3.1179e-06 0.000103083 0.000661241 0.00245767 0.000239884 0.0014532 8.09669e-05 2.82518e-06 0.000169056
internal_weight=2.68585e+06 366999 2.31885e+06 6761 255 47 208 41 6506 2.31209e+06 3698
internal_count=2685846 366999 2318847 6761 255 47 208 41 6506 2312086 3698
is_linear=0
shrinkage=0.00523217


Tree=239
num_leaves=12
num_cat=0
split_feature=1 1 9 7 23 11 16 15 15 16 11
split_gain=8.52374 2.45941 2.13083 1.46971 4.13126 4.68338 2.90907 1.45025 1.44657 1.37047 1.18931
threshold=1.2354218959808352 2.0017727613449101 0.120376855134964 2.2555502653121953 inf 0.76283988356590282 -0.038405347615480416 0.097688615322113051 -0.57290583848953236 -0.066639527678489671 -0.90246811509132374
decision_type=2 2 8 8 8 10 2 2 2 2 8
left_child=2 -2 3 4 10 7 -7 -6 -4 -5 -1
right_child=1 -3 8 9 5 6 -8 -9 -10 -11 -12
leaf_value=-5.9046460872546428e-06 -1.8142867382495517e-05 -5.3592199623461029e-05 7.6005244034908268e-06 -0.0001426897183723795 -2.2903849365036323e-05 0.00021269428945523897 0.00069903934512292615 0.00057212584192336841 -1.0722803842462452e-05 -2.0416021633637406e-05 7.589218478057187e-06
leaf_weight=201099 201187 73089 164446 3049 1656 789 597 119 416813 14301 1608724
leaf_count=201099 201187 73089 164446 3049 1656 789 597 119 416813 14301 1608724
internal_value=4.54996e-08 -2.75925e-05 3.18918e-06 5.96095e-06 6.42e-06 0.00019538 0.000423177 1.68903e-05 -5.5375e-06 -4.19583e-05 6.0894e-06
internal_weight=2.68587e+06 274276 2.41159e+06 1.83033e+06 1.81298e+06 3161 1386 1775 581259 17350 1.80982e+06
internal_count=2685869 274276 2411593 1830334 1812984 3161 1386 1775 581259 17350 1809823
is_linear=0
shrinkage=0.00523217


Tree=240
num_leaves=12
num_cat=0
split_feature=0 0 22 7 8 1 8 16 9 3 1
split_gain=9.84974 3.53074 2.45024 2.34008 2.08349 1.63768 1.79133 1.47148 1.43377 1.31647 1.45007
threshold=-2.9439536333084102 0.4840973317623139 -0.24449743330478665 0.60555830597877514 -0.63673973083496083 1.4059095382690432 -2.0719914436340328 -0.19932434707880017 -0.075562622398138032 -1.7454807162284849 -2.2956392765045162
decision_type=2 2 8 8 8 2 8 2 8 8 2
left_child=2 3 -1 4 -2 -5 -7 -4 -3 10 -6
right_child=1 8 7 5 9 6 -8 -9 -10 -11 -12
leaf_value=-0.00010965248696655847 -9.4625532867556059e-06 1.5851874321455656e-05 -6.7584856674447088e-05 -8.157513528867987e-06 0.00028366483409445761 0.00013762207249900583 -4.0011216213247928e-05 -4.7283923165154958e-06 1.3316290476182029e-06 6.8305129666223362e-06 -2.9473599684859686e-05
leaf_weight=21642 348984 516716 24150 487119 408 1589 65282 17695 291207 876548 34768
leaf_count=21642 348984 516716 24150 487119 408 1589 65282 17695 291207 876548 34768
internal_value=-3.79214e-08 1.52065e-06 -6.44335e-05 -2.52969e-06 1.40832e-06 -1.14928e-05 -3.57759e-05 -4.10248e-05 1.06192e-05 5.57029e-06 -2.58093e-05
internal_weight=2.68611e+06 2.62262e+06 63487 1.8147e+06 1.26071e+06 553990 66871 41845 807923 911724 35176
internal_count=2686108 2622621 63487 1814698 1260708 553990 66871 41845 807923 911724 35176
is_linear=0
shrinkage=0.00523217


Tree=241
num_leaves=12
num_cat=0
split_feature=9 22 11 16 6 13 22 11 19 16 22
split_gain=5.74058 3.62505 1.87276 2.28768 1.86309 1.75734 1.28949 1.2484 1.54602 1.33074 1.20436
threshold=0.27534173429012304 -0.25622746348381037 -0.87423527240753163 -0.22366837412118909 -1.0842788219451902 0.31295143067836767 -1.2546744942665098 -0.7506611943244933 1.5288302898406985 -1.0609396696090696 5.0376811027526864
decision_type=8 8 8 2 2 8 10 8 8 2 8
left_child=2 4 3 6 -2 -4 -1 9 10 -3 -9
right_child=1 7 5 -5 -6 -7 -8 8 -10 -11 -12
leaf_value=-7.4138315333070623e-05 -6.7620690522887249e-05 -8.9340276025624078e-05 9.3476431364371663e-06 5.5278035347840206e-06 -2.6462369453271702e-05 -9.848092978518473e-07 -1.8585343651587349e-05 -2.0881523161085067e-07 -3.9717926798432073e-05 -1.683975154011908e-05 3.650163948121651e-05
leaf_weight=12508 39725 7699 1188852 153824 124962 725476 135341 175326 23725 70108 28423
leaf_count=12508 39725 7699 1188852 153824 124962 725476 135341 175326 23725 70108 28423
internal_value=-4.0967e-10 -1.66103e-05 3.52185e-06 -8.59363e-06 -3.63957e-05 5.43152e-06 -2.32911e-05 -5.93418e-06 2.50388e-07 -2.40252e-05 4.90854e-06
internal_weight=2.68597e+06 469968 2.216e+06 301673 164687 1.91433e+06 147849 305281 227474 77807 203749
internal_count=2685969 469968 2216001 301673 164687 1914328 147849 305281 227474 77807 203749
is_linear=0
shrinkage=0.00523217


Tree=242
num_leaves=12
num_cat=0
split_feature=1 2 3 24 3 16 21 4 24 5 2
split_gain=8.3011 3.21788 1.92684 2.5353 1.72299 1.70673 1.95356 2.68848 3.51319 1.60198 2.13759
threshold=1.5430440902709963 -0.62356787919998158 -0.20501197874546048 -0.01807667966932058 -2.6630805730819698 -0.18293888121843335 -2.0988676548004146 -2.1880055665969844 -1.0206616520881651 inf 2.0410968065261845
decision_type=2 8 8 8 8 2 2 8 10 8 8
left_child=1 -1 9 -4 -2 -6 7 8 -7 -3 -11
right_child=4 2 3 -5 5 6 -8 -9 -10 10 -12
leaf_value=1.2691714323221011e-05 -8.703490396066997e-05 -9.4180703013793101e-06 1.1372214038121628e-05 -3.620852099541514e-06 -4.4402973674556739e-05 0.0020439591928079945 -1.2000779399051622e-05 0.00014555710113265023 -0.00020686467168775128 0.00017281950204734212 -6.3203785880546585e-06
leaf_weight=618447 16208 625342 532206 735262 91586 47 58556 771 30 3096 4414
leaf_count=618447 16208 625342 532206 735262 91586 47 58556 771 30 3096 4414
internal_value=-4.45019e-08 2.32506e-06 -1.04829e-06 2.67406e-06 -3.57455e-05 -3.02339e-05 -8.3747e-06 0.000240735 0.00116687 -8.50462e-06 6.74387e-05
internal_weight=2.68596e+06 2.51877e+06 1.90032e+06 1.26747e+06 167198 150990 59404 848 77 632852 7510
internal_count=2685965 2518767 1900320 1267468 167198 150990 59404 848 77 632852 7510
is_linear=0
shrinkage=0.00523217


Tree=243
num_leaves=12
num_cat=0
split_feature=0 0 7 3 1 3 5 15 1 15 3
split_gain=9.61515 3.52486 2.12876 1.67047 1.59307 1.39104 1.4531 2.32544 1.18369 2.09168 1.0668
threshold=-3.2554260492324825 0.35809324681758886 0.60555830597877514 -2.6630805730819698 1.5430440902709963 -0.65579557418823231 inf 0.078642103821039214 -0.4676584899425506 3.574918389320374 -0.46498745679855341
decision_type=2 2 8 8 2 8 8 2 2 2 8
left_child=3 2 5 -1 -4 6 -2 -8 -7 -10 -3
right_child=1 10 4 -5 -6 8 7 -9 9 -11 -12
leaf_value=-0.00015150659600301109 -1.4824729539342847e-05 -3.1099470099574058e-06 -9.3074355692709919e-06 -5.9207925852976186e-05 -3.9364938491290748e-05 -1.4834891951485281e-05 8.7842953357039245e-05 0.00084352824966910469 5.0433205815077027e-06 0.00060118052254386298 1.094109726102697e-05
leaf_weight=6079 163563 176720 442672 46855 54207 90138 1229 122 798969 160 905034
leaf_count=6079 163563 176720 442672 46855 54207 90138 1229 122 798969 160 905034
internal_value=-7.99959e-09 1.39545e-06 -3.66002e-06 -6.98259e-05 -1.25883e-05 5.47473e-07 -1.34082e-05 0.000157356 3.13646e-06 5.16457e-06 8.64491e-06
internal_weight=2.68575e+06 2.63281e+06 1.55106e+06 52934 496879 1.05418e+06 164914 1351 889267 799129 1.08175e+06
internal_count=2685748 2632814 1551060 52934 496879 1054181 164914 1351 889267 799129 1081754
is_linear=0
shrinkage=0.00523217


Tree=244
num_leaves=12
num_cat=0
split_feature=1 5 3 5 18 1 10 23 24 18 1
split_gain=8.14861 2.42487 1.94841 2.30859 2.63068 1.84483 1.91668 1.75124 1.36421 1.26383 1.24955
threshold=1.2354218959808352 1.3490892052650454 -0.20501197874546048 inf 2.1293375492095952 -1.8667958378791807 -0.59014877676963795 1.4343894720077517 -0.01807667966932058 2.3977624177932744 2.2611397504806523
decision_type=2 8 10 8 10 2 8 8 8 10 2
left_child=2 -2 3 -1 -5 6 -6 8 -4 -7 -3
right_child=1 10 7 4 5 9 -8 -9 -10 -11 -12
leaf_value=-5.4302440083330869e-06 -1.7993154212060299e-05 -4.2155677853025255e-05 1.319772170848317e-05 -5.3423720747974981e-05 0.00038867135331875787 0.0019645860311995143 8.7735343532677483e-05 -1.7651781288224059e-05 3.4353394929317503e-06 0.00047079579255179034 -9.6435854177827083e-05
leaf_weight=674200 205680 53688 642392 2625 664 15.999999999999998 4641 81159 1005591 251 14862
leaf_count=674200 205680 53688 642392 2625 664 16 4641 81159 1005591 251 14862
internal_value=4.4187e-08 -2.69813e-05 3.11775e-06 -4.36793e-06 8.28974e-05 0.000147261 0.000125632 6.0724e-06 7.24126e-06 0.00057157 -5.39371e-05
internal_weight=2.68577e+06 274230 2.41154e+06 682397 8197 5572 5305 1.72914e+06 1.64798e+06 267 68550
internal_count=2685769 274230 2411539 682397 8197 5572 5305 1729142 1647983 267 68550
is_linear=0
shrinkage=0.00523217


Tree=245
num_leaves=12
num_cat=0
split_feature=6 22 7 22 20 10 6 16 22 13 5
split_gain=4.71248 2.7511 2.54233 2.15896 2.1422 2.78413 2.09433 1.41127 1.20476 1.18673 2.17591
threshold=-0.701848804950714 0.14086005091667178 0.60555830597877514 -1.6565974950790403 -0.52135384082794178 0.6053045690059663 -4.1601626873016349 1.2102094292640688 -1.8165047168731687 -3.1492685079574581 inf
decision_type=2 8 8 10 10 10 2 2 10 10 8
left_child=1 6 4 -4 -2 7 -1 -6 -8 -5 -11
right_child=2 -3 3 9 5 -7 8 -9 -10 10 -12
leaf_value=-0.00011644245399762126 -1.2404275962953023e-06 1.352677938332881e-06 -5.5618719382826734e-05 -0.00010351250850163169 1.7534518601324189e-05 -4.9654928388396144e-06 -0.00010382543733813737 -7.1534306247804885e-06 -2.2464272098013212e-05 -4.7422166432852379e-06 0.00012588888700946544
leaf_weight=6910 657021 153677 23600 3293 741112 236885 5089 69267 249127 536468 3512
leaf_count=6910 657021 153677 23600 3293 741112 236885 5089 69267 249127 536468 3512
internal_value=9.4565e-09 -1.62068e-05 2.97155e-06 -6.62624e-06 6.1644e-06 1.08107e-05 -2.65439e-05 1.54233e-05 -2.40966e-05 -4.49639e-06 -3.89084e-06
internal_weight=2.68596e+06 414803 2.27116e+06 566873 1.70428e+06 1.04726e+06 261126 810379 254216 543273 539980
internal_count=2685961 414803 2271158 566873 1704285 1047264 261126 810379 254216 543273 539980
is_linear=0
shrinkage=0.00523217


Tree=246
num_leaves=12
num_cat=0
split_feature=0 2 0 21 20 7 0 19 15 20 20
split_gain=9.47757 3.81708 3.34811 2.26004 2.39281 3.48644 2.06554 1.66304 2.04586 1.90096 1.39324
threshold=-3.2554260492324825 -0.62356787919998158 -1.0307731032371519 -2.1818845272064205 3.9994294643402104 1.9629154801368716 0.72833058238029491 -0.58781361579895008 1.2414482235908511 0.09358635172247888 -0.93190664052963246
decision_type=2 8 2 2 10 10 2 10 2 10 10
left_child=-1 7 3 4 -3 -6 10 -2 -9 -10 -4
right_child=1 2 6 -5 5 -7 -8 8 9 -11 -12
leaf_value=-6.9340544010726613e-05 1.3437817566964627e-06 4.0364429847644866e-05 -1.5195593639569818e-05 -2.6443048753786999e-05 0.00033294115539997128 0.0018830232200607714 1.3682702039009268e-05 1.5243904252432653e-05 2.8726217554487597e-05 0.0001080654180919361 -4.8129803153047525e-07
leaf_weight=52952 230447 1204 202079 166728 439 43 254991 365990 23832 12692 1374535
leaf_count=52952 230447 1204 202079 166728 439 43 254991 365990 23832 12692 1374535
internal_value=-3.58861e-08 1.35763e-06 -2.18604e-06 -2.4511e-05 0.000165959 0.000477157 -1.32839e-07 1.25561e-05 1.89734e-05 5.6321e-05 -2.36779e-06
internal_weight=2.68593e+06 2.63298e+06 2.00002e+06 168414 1686 482 1.8316e+06 632961 402514 36524 1.57661e+06
internal_count=2685932 2632980 2000019 168414 1686 482 1831605 632961 402514 36524 1576614
is_linear=0
shrinkage=0.00523217


Tree=247
num_leaves=12
num_cat=0
split_feature=0 2 0 0 20 20 1 8 20 8 20
split_gain=9.30186 3.7967 3.264 1.81144 1.47861 1.45654 1.42184 1.53511 4.38303 1.35648 1.6862
threshold=-3.2554260492324825 -0.62356787919998158 -0.46661463379859919 0.72833058238029491 -0.93190664052963246 1.2002869844436648 -2.5488176345825191 0.81152957677841198 3.4190702438354497 0.099174972623586669 3.9994294643402104
decision_type=2 8 2 2 10 10 2 10 10 8 10
left_child=-1 5 9 4 -4 -2 7 -7 -9 -3 -11
right_child=1 2 3 -5 -6 6 -8 8 -10 10 -12
leaf_value=-6.8631452327854657e-05 1.0100342310852695e-05 -2.3904990098190924e-05 -1.5115970788119685e-05 1.3668003432409747e-05 6.1458931464430779e-07 0.00017586013180256502 3.5929326912158234e-05 0.00042499939792242994 0.0036456463876740411 -3.4867875083942886e-06 0.00015802551299426049
leaf_weight=52969 577312 235292 188727 254962 1227040 296 55248 70 12.999999999999998 92113 1803
leaf_count=52969 577312 235292 188727 254962 1227040 296 55248 70 13 92113 1803
internal_value=1.59094e-08 1.39731e-06 -2.13697e-06 8.2967e-07 -1.4818e-06 1.2566e-05 3.81406e-05 0.000357259 0.000983084 -1.7195e-05 -3.75572e-07
internal_weight=2.68584e+06 2.63288e+06 1.99994e+06 1.67073e+06 1.41577e+06 632939 55627 379 83 329208 93916
internal_count=2685845 2632876 1999937 1670729 1415767 632939 55627 379 83 329208 93916
is_linear=0
shrinkage=0.00523217


Tree=248
num_leaves=12
num_cat=0
split_feature=2 5 24 12 18 5 14 14 17 7 2
split_gain=4.67409 3.45865 1.84946 1.42997 2.1804 1.14088 1.83524 5.40487 1.492 3.64797 1.07682
threshold=0.13789775967597964 1.3098418116569521 -0.01807667966932058 -0.0960966721177101 -0.64858704805374134 inf -0.51256734132766713 -0.4643681794404983 -1.574272572994232 1.3858028054237368 -0.62356787919998158
decision_type=8 10 8 10 10 8 2 2 2 10 10
left_child=5 2 -2 4 -4 10 -7 -8 9 -9 -1
right_child=1 -3 3 -5 -6 6 7 8 -10 -11 -12
leaf_value=1.1686542930725002e-05 1.9767695572404607e-06 -3.1277074903340094e-05 -5.9745267177841786e-05 -5.0395705910160095e-06 -1.4155647532394249e-05 6.7120511215409341e-05 0.0040031597224043569 0.00050629060836253077 0.00012021398166546233 0.0041626519196058167 2.3179703372812594e-06
leaf_weight=637644 647161 142558 35569 362208 149587 851 10.999999999999998 47 150 7.9999999999999991 710200
leaf_count=637644 647161 142558 35569 362208 149587 851 11 47 150 8 710200
internal_value=1.47683e-08 -6.91744e-06 -4.00959e-06 -1.10889e-05 -2.29182e-05 6.88678e-06 0.000177842 0.000607627 0.000399628 0.00112881 6.7507e-06
internal_weight=2.68599e+06 1.33708e+06 1.19452e+06 547364 185156 1.34891e+06 1067 216 205 55 1.34784e+06
internal_count=2685994 1337083 1194525 547364 185156 1348911 1067 216 205 55 1347844
is_linear=0
shrinkage=0.00523217


Tree=249
num_leaves=12
num_cat=0
split_feature=0 0 7 10 1 10 3 16 9 12 3
split_gain=9.28935 3.4214 2.26473 2.14671 1.65194 1.63401 1.61725 1.62555 1.43009 1.44553 1.42606
threshold=-3.2554260492324825 0.47876988351345068 0.60555830597877514 0.71605065464973461 1.4059095382690432 2.0964155197143559 -2.6630805730819698 -0.19932434707880017 -0.075562622398138032 0.32875788211822515 -0.67735004425048817
decision_type=2 2 8 10 2 10 8 2 8 10 8
left_child=6 2 3 10 -4 -6 -1 -8 -3 -10 -2
right_child=1 8 4 -5 5 -7 7 -9 9 -11 -12
leaf_value=-0.00014886582235992666 -1.1151330251936894e-05 1.5479216015192596e-05 -7.9497622221454771e-06 -1.0752711988427313e-05 -3.8939343373332217e-05 0.00012486224699372281 -8.2254062595045916e-05 -1.8691627062760374e-05 1.5653657255568154e-05 -8.0891809289121772e-06 7.6793876907105918e-06
leaf_weight=6092 127043 522963 485027 306850 69225 1705 29066 17796 114418 181613 823933
leaf_count=6092 127043 522963 485027 306850 69225 1705 29066 17796 114418 181613 823933
internal_value=2.05094e-08 1.40084e-06 -2.60678e-06 1.2796e-06 -1.14009e-05 -3.49886e-05 -6.85905e-05 -5.81342e-05 1.02773e-05 1.0849e-06 5.16289e-06
internal_weight=2.68573e+06 2.63278e+06 1.81378e+06 1.25783e+06 555957 70930 52954 46862 818994 296031 950976
internal_count=2685731 2632777 1813783 1257826 555957 70930 52954 46862 818994 296031 950976
is_linear=0
shrinkage=0.00523217


Tree=250
num_leaves=12
num_cat=0
split_feature=1 5 3 5 11 8 6 3 5 12 24
split_gain=7.95989 2.41054 1.90211 2.25966 3.8753 3.30191 2.96584 1.92608 1.60817 1.51526 1.40629
threshold=1.2354218959808352 1.3490892052650454 -0.20501197874546048 inf 1.0491058230400088 -0.49048945307731623 0.060260161757469184 -3.700837135314941 inf -1.0845006108283994 -0.25498723983764643
decision_type=2 10 10 8 10 10 2 10 8 8 8
left_child=2 -2 3 -1 10 7 -7 -6 9 -4 -5
right_child=1 -3 8 4 5 6 -8 -9 -10 -11 -12
leaf_value=-5.4268671614721288e-06 -1.7765675409267706e-05 -5.3599020740751537e-05 -1.251491147852417e-05 0.00012435217367357427 -0.00024989979767896898 0.00052864877335937681 0.0022893031719114819 0.00022363316290378274 -0.00016342138807580697 7.3798818606350927e-06 -4.956272572358642e-05
leaf_weight=674209 205762 68562 112043 1900 272 494 27 1638 1532 1615627 3846
leaf_count=674209 205762 68562 112043 1900 272 494 27 1638 1532 1615627 3846
internal_value=-1.83867e-08 -2.67247e-05 3.01919e-06 -4.37714e-06 8.20652e-05 0.000257137 0.000626405 0.000155665 5.93844e-06 6.08919e-06 7.81881e-06
internal_weight=2.68591e+06 274324 2.41159e+06 682386 8177 2431 521 1910 1.7292e+06 1.72767e+06 5746
internal_count=2685912 274324 2411588 682386 8177 2431 521 1910 1729202 1727670 5746
is_linear=0
shrinkage=0.00523217


Tree=251
num_leaves=12
num_cat=0
split_feature=9 22 20 5 4 13 11 13 4 8 22
split_gain=5.48764 3.18434 2.66666 2.7907 6.85891 4.96178 2.36048 2.3979 11.5804 2.28895 4.44497
threshold=0.31161199510097509 -0.25622746348381037 3.9994294643402104 -0.41178084909915919 -1.6682668328285215 0.98125371336936962 0.74195003509521495 -1.2314372062683103 -2.4509845972061153 0.33590453863143926 -0.046527463942766183
decision_type=10 8 10 10 8 10 10 10 10 10 10
left_child=2 -2 -1 4 5 -4 -5 8 -8 -6 -11
right_child=1 -3 3 6 9 -7 7 -9 -10 10 -12
leaf_value=2.8873318231198245e-06 -3.7008188044671125e-05 -6.6416654729932016e-06 6.1716726006852879e-05 -2.9508537176093689e-05 -9.6481231915522061e-06 0.0037226369411427181 0.0060826939595283215 0.00012819486856354952 0.0004139501464602414 0.0040073425655097394 5.8422977810833141e-05
leaf_weight=2269004 147959 262052 15.999999999999998 2717 172 29 8.9999999999999982 3235 364 10.999999999999998 23
leaf_count=2269004 147959 262052 16 2717 172 29 9 3235 364 11 23
internal_value=1.76133e-08 -1.76019e-05 3.19264e-06 0.000108396 0.000648669 0.00247326 8.67121e-05 0.000174435 0.000571658 0.00023438 0.00145055
internal_weight=2.68559e+06 410011 2.27558e+06 6576 251 45 6325 3608 373 206 34
internal_count=2685591 410011 2275580 6576 251 45 6325 3608 373 206 34
is_linear=0
shrinkage=0.00523217


Tree=252
num_leaves=12
num_cat=0
split_feature=9 2 20 17 13 4 20 15 13 16 6
split_gain=5.4745 3.27558 2.3046 2.43851 2.9896 8.91043 2.19246 2.10581 1.64165 1.61435 1.54895
threshold=0.35652756690979009 -0.62356787919998158 3.9994294643402104 -2.1172327995300289 -1.2314372062683103 -2.1880055665969844 2.0397076606750493 0.0088910218328237551 0.25078175961971289 -1.1130046248435972 -0.19486618787050244
decision_type=10 8 10 2 10 10 10 2 8 2 2
left_child=1 8 10 4 5 -4 9 -6 -1 -2 -3
right_child=6 2 3 -5 7 -7 -8 -9 -10 -11 -12
leaf_value=1.8721794241253579e-05 -5.1893960453471948e-05 -9.2922489910049231e-06 0.0066134400517894581 6.894741485183507e-05 0.0029329330392180151 0.00073008758585352512 -5.9886425424139536e-05 0.00024288727135669396 -2.0697058843364237e-06 -1.1203498919094289e-05 1.998522430759406e-06
leaf_weight=440507 29264 448368 6.9999999999999991 5127 6.9999999999999991 58 32343 477 135988 305414 1288329
leaf_count=440507 29264 448368 7 5127 7 58 32343 477 135988 305414 1288329
internal_value=3.29503e-08 3.00504e-06 -5.71488e-07 0.000104673 0.000435983 0.00148261 -1.87427e-05 0.000290499 1.3816e-05 -1.4764e-05 -9.1599e-07
internal_weight=2.68589e+06 2.31887e+06 1.74237e+06 5676 549 65 367021 484 576495 334678 1.7367e+06
internal_count=2685889 2318868 1742373 5676 549 65 367021 484 576495 334678 1736697
is_linear=0
shrinkage=0.00523217


Tree=253
num_leaves=12
num_cat=0
split_feature=9 3 6 7 12 12 16 16 14 16 6
split_gain=5.41212 2.29106 2.09541 2.03106 1.80579 1.4181 1.27705 1.62179 3.75091 1.58811 1.2729
threshold=0.35652756690979009 -0.51718407869338978 -0.49766451120376581 1.2680639624595644 0.16931442916393283 -0.55579787492752064 -0.25587454438209528 -0.053117882460355752 -2.2013587951660152 -0.041834006085991852 -2.7740281820297237
decision_type=10 8 2 8 10 10 2 2 2 2 2
left_child=1 5 -2 -3 -5 6 -1 8 -8 -9 -7
right_child=2 3 -4 4 -6 10 7 9 -10 -11 -12
leaf_value=-1.643649141200618e-05 -3.429890803930033e-05 6.785380560954159e-06 -8.6795833840759015e-06 -4.0465198235784788e-05 5.4973042935276237e-06 -9.813120278540602e-05 0.00034085107920484524 -8.7519496182090925e-05 3.8397710845819482e-05 9.3973717785360303e-06 -1.3512623567326684e-05
leaf_weight=60011 143686 1758967 223394 48338 45305 4958 1200 4836 17384 106849 270852
leaf_count=60011 143686 1758967 223394 48338 45305 4958 1200 4836 17384 106849 270852
internal_value=-4.28392e-08 2.91208e-06 -1.871e-05 5.52101e-06 -1.82199e-05 -7.45614e-06 3.52819e-06 1.27316e-05 5.79913e-05 5.19276e-06 -1.50371e-05
internal_weight=2.68578e+06 2.3187e+06 367080 1.85261e+06 93643 466090 190280 130269 18584 111685 275810
internal_count=2685780 2318700 367080 1852610 93643 466090 190280 130269 18584 111685 275810
is_linear=0
shrinkage=0.00523217


Tree=254
num_leaves=12
num_cat=0
split_feature=1 10 23 16 15 7 14 7 16 16 21
split_gain=7.68179 2.08588 2.60039 2.27958 12.9792 5.52409 2.44554 1.81723 1.6681 1.56787 1.54627
threshold=1.5430440902709963 0.99234023690223705 inf -0.038405347615480416 -0.0094579216092824919 1.1489670872688296 -0.43714973330497736 0.46489292383193975 -0.18293888121843335 1.1465289592742922 -2.0988676548004146
decision_type=2 8 8 2 2 8 2 10 2 2 2
left_child=1 2 7 -4 5 -5 -6 9 -2 -1 -10
right_child=8 -3 3 4 6 -7 -8 -9 10 -11 -12
leaf_value=9.0720426492516524e-06 -4.8557656750169455e-05 -9.1130354377994326e-06 2.8718759744058276e-05 0.0072857353370962726 -1.851647298023591e-05 0.0021533444366216166 0.00068624524825086392 -3.3913921965114689e-06 0.00017184079031479929 -8.0090268183755172e-06 -1.829585680713022e-05
leaf_weight=1355047 96143 374515 627 7.9999999999999991 299 22.000000000000004 241 623111 1189 164976 69801
leaf_count=1355047 96143 374515 627 8 299 22 241 623111 1189 164976 69801
internal_value=0 2.27924e-06 4.26931e-06 0.00024796 0.000487161 0.00377203 0.000295344 4.1327e-06 -3.43503e-05 7.21761e-06 -1.50972e-05
internal_weight=2.68598e+06 2.51885e+06 2.14433e+06 1197 570 30 540 2.14313e+06 167133 1.52002e+06 70990
internal_count=2685979 2518846 2144331 1197 570 30 540 2143134 167133 1520023 70990
is_linear=0
shrinkage=0.00523217


Tree=255
num_leaves=12
num_cat=0
split_feature=0 0 10 7 18 11 10 0 1 18 19
split_gain=9.18155 3.37 2.17373 1.99215 1.34351 1.21411 1.12173 1.4253 1.09343 1.57756 1.08396
threshold=-3.2554260492324825 0.4840973317623139 0.74323931336402904 0.60555830597877514 1.8428696393966677 0.31740771234035497 2.0964155197143559 -1.1328307986259458 -0.48733173310756678 2.8472043275833134 1.3014341592788699
decision_type=2 2 8 10 10 8 10 2 2 10 8
left_child=4 2 3 8 -1 -3 7 -4 9 -2 -8
right_child=1 5 6 -5 -6 -7 10 -9 -10 -11 -12
leaf_value=-5.7934504990908104e-05 -9.0855124632216724e-06 5.2425088635676576e-06 -3.5257645081732604e-05 -9.951631009205164e-06 -0.00013589842371518966 1.8471256724423116e-05 -2.260341362604672e-05 -9.3097258982261448e-06 7.1530772741547323e-06 0.00038523956173366181 9.1280195063957479e-05
leaf_weight=45926 146753 502265 66772 337345 6993 305660 3852 440420 823966 277 5599
leaf_count=45926 146753 502265 66772 337345 6993 305660 3852 440420 823966 277 5599
internal_value=-1.96505e-08 1.35154e-06 -2.58665e-06 1.0011e-06 -6.82551e-05 1.02483e-05 -1.16738e-05 -1.27274e-05 4.80715e-06 -8.33406e-06 4.4782e-05
internal_weight=2.68583e+06 2.63291e+06 1.82498e+06 1.30834e+06 52919 807925 516643 507192 970996 147030 9451
internal_count=2685828 2632909 1824984 1308341 52919 807925 516643 507192 970996 147030 9451
is_linear=0
shrinkage=0.00523217


Tree=256
num_leaves=12
num_cat=0
split_feature=0 2 22 22 0 0 19 9 16 20 20
split_gain=8.93188 3.53971 3.21095 2.15088 1.82001 1.72859 1.65646 1.96464 1.51146 1.48258 1.42454
threshold=-3.2554260492324825 -0.067518778145313249 -0.94339400529861439 -0.057399531826376908 0.4840973317623139 -1.315712511539459 -0.58134052157402027 0.68993252515792858 -0.24745273590087888 1.2769804000854494 -0.19821362197399137
decision_type=2 8 8 8 2 2 10 10 2 10 8
left_child=3 6 5 -1 -4 -3 7 8 10 -8 -2
right_child=1 2 4 -5 -6 -7 9 -9 -10 -11 -12
leaf_value=-0.00010455076647220632 -2.9701754505097466e-06 -9.0335441674644444e-05 -5.015232597046438e-06 -3.7405456580427734e-05 8.5402369515463912e-06 -2.2271198654569388e-05 1.1240008902671644e-05 -4.9779593117722375e-05 -6.335828381805895e-06 4.0891557939357183e-05 2.7935768952982112e-05
leaf_weight=23549 71753 11101 1017075 29446 369690 129304 650982 20557 218220 49713 94594
leaf_count=23549 71753 11101 1017075 29446 369690 129304 650982 20557 218220 49713 94594
internal_value=-7.06846e-09 1.34626e-06 -3.81564e-06 -6.72591e-05 -1.40097e-06 -2.76591e-05 8.47572e-06 5.20017e-08 2.71798e-06 1.33449e-05 1.45999e-05
internal_weight=2.68598e+06 2.63299e+06 1.52717e+06 52995 1.38676e+06 140405 1.10582e+06 405124 384567 700695 166347
internal_count=2685984 2632989 1527170 52995 1386765 140405 1105819 405124 384567 700695 166347
is_linear=0
shrinkage=0.00523217


Tree=257
num_leaves=12
num_cat=0
split_feature=0 2 0 13 21 20 0 18 5 20 18
split_gain=8.95064 3.59565 3.1767 1.82658 1.81494 3.34381 1.73333 1.72548 1.46867 1.41321 1.62707
threshold=-3.2554260492324825 -0.59095245599746693 -0.46661463379859919 0.25857381522655493 -2.1818845272064205 3.9994294643402104 0.72833058238029491 -0.0090594878420233709 0.9370398521423341 -0.93190664052963246 -2.0896196365356441
decision_type=2 8 2 8 2 10 2 10 10 10 8
left_child=-1 3 4 -2 5 -3 9 -7 -6 -4 -11
right_child=1 2 6 -5 8 7 -8 -9 -10 10 -12
leaf_value=-6.7363063917723679e-05 1.6837858392185459e-05 1.9885415274655592e-05 -1.4895728329789715e-05 -3.6875526598892224e-06 -1.1093712584042415e-05 -0.00016914134950319278 1.3423475070543432e-05 0.00051293454523377105 -3.5381443503524994e-05 7.8859116511939878e-05 9.0538550889824267e-08
leaf_weight=52963 499378 3214 186894 155618 225340 118 251191 642 97815 7221 1205463
leaf_count=52963 499378 3214 186894 155618 225340 118 251191 642 97815 7221 1205463
internal_value=-1.96799e-08 1.33472e-06 -2.18355e-06 1.19601e-05 -1.7079e-05 9.4005e-05 7.6777e-07 0.00040588 -1.84479e-05 -1.50306e-06 5.6031e-07
internal_weight=2.68586e+06 2.63289e+06 1.9779e+06 654996 327129 3974 1.65077e+06 760 323155 1.39958e+06 1.21268e+06
internal_count=2685857 2632894 1977898 654996 327129 3974 1650769 760 323155 1399578 1212684
is_linear=0
shrinkage=0.00523217


Tree=258
num_leaves=12
num_cat=0
split_feature=9 2 22 22 7 23 17 3 16 22 7
split_gain=5.37736 3.15903 2.94054 2.33871 1.54148 2.86112 3.08098 1.78403 1.35794 1.86838 1.18724
threshold=0.35652756690979009 -0.62356787919998158 -0.25622746348381037 -0.98321911692619313 inf inf -2.2181544303894039 -0.61385735869407643 -0.066639527678489671 0.037998747080564506 0.690241038799286
decision_type=10 8 8 10 8 8 2 10 2 10 8
left_child=1 -1 -2 -3 5 7 -7 -5 9 -6 -4
right_child=2 3 10 4 8 6 -8 -9 -10 -11 -12
leaf_value=1.3561759683576138e-05 -3.8367051147345433e-05 -1.8629253637821789e-05 6.2670584307520518e-07 -9.7199248737600052e-06 -0.00052451789055141154 0.0016806413674509001 0.00012368374401865734 4.1454286811527907e-06 3.1857442871724939e-05 -0.00011355694548285531 -2.4506760823670438e-05
leaf_weight=576566 132033 176379 158947 319501 411 34 4250 1239653 911 1176 76035
leaf_count=576566 132033 176379 158947 319501 411 34 4250 1239653 911 1176 76035
internal_value=2.08206e-10 2.94578e-06 -1.86083e-05 -5.66804e-07 1.46716e-06 1.67521e-06 0.000136688 1.30363e-06 -0.000128368 -0.000220804 -7.50259e-06
internal_weight=2.6859e+06 2.31888e+06 367015 1.74232e+06 1.56594e+06 1.56344e+06 4284 1.55915e+06 2498 1587 234982
internal_count=2685896 2318881 367015 1742315 1565936 1563438 4284 1559154 2498 1587 234982
is_linear=0
shrinkage=0.00523217


Tree=259
num_leaves=12
num_cat=0
split_feature=1 22 22 1 21 13 17 24 22 20 14
split_gain=7.32851 2.76863 1.89288 1.78247 1.55265 1.71534 3.65363 5.22878 1.52179 1.48493 1.26993
threshold=1.5430440902709963 -0.24449743330478665 0.043996194377541549 0.87268218398094188 -1.8405374884605405 -1.2023044824600218 -2.3464462757110591 -0.94437432289123524 -1.7234337925910947 -0.81074616312980641 -0.76086056232452381
decision_type=2 8 10 2 2 10 2 10 10 10 2
left_child=2 4 3 9 5 6 7 -2 -6 -1 -11
right_child=1 -3 -4 -5 8 -7 -8 -9 -10 10 -12
leaf_value=-9.3080832415609691e-06 0.0035142315274381353 -1.8168991348202804e-05 8.1050026675778196e-06 -1.681947897519136e-05 -0.00018556580277134498 -1.1090711454504173e-05 0.00021240286209812926 -5.0475418414646613e-05 -6.129687649756572e-05 -7.1669070212677411e-06 6.5855877827460285e-06
leaf_weight=313769 22 109891 940500 178974 2850 1132 417 21 52795 234405 851011
leaf_count=313769 22 109891 940500 178974 2850 1132 417 21 52795 234405 851011
internal_value=2.59811e-09 -3.35486e-05 2.22926e-06 -1.27188e-06 -6.30615e-05 9.77913e-05 0.000366819 0.00180037 -6.76799e-05 7.16304e-07 3.61487e-06
internal_weight=2.68579e+06 167128 2.51866e+06 1.57816e+06 57237 1592 460 43 55645 1.39918e+06 1.08542e+06
internal_count=2685787 167128 2518659 1578159 57237 1592 460 43 55645 1399185 1085416
is_linear=0
shrinkage=0.00523217


Tree=260
num_leaves=12
num_cat=0
split_feature=2 5 19 15 15 5 21 2 16 5 16
split_gain=4.36548 3.28128 1.51386 1.57987 1.54284 1.9592 2.63697 1.23257 2.33502 3.31911 1.14073
threshold=0.13789775967597964 1.3098418116569521 -0.58134052157402027 1.1492682695388796 3.574918389320374 1.3903174400329592 -0.84845408797264088 -3.0824288129806514 -0.3604207038879394 0.57828941941261303 -0.24745273590087888
decision_type=8 10 10 2 2 10 2 10 2 10 2
left_child=2 -2 4 -4 10 -6 -7 8 9 -5 -1
right_child=1 -3 3 7 5 6 -8 -9 -10 -11 -12
leaf_value=8.0330153388670521e-06 -3.871366947077398e-06 -3.0434265280230946e-05 8.3943808675588416e-06 0.00039326529073606788 0.00022734406584856229 0.0041658083085069179 -8.7207598000386833e-05 3.005122862074543e-05 2.6003609168240307e-05 0.0021236744599894696 -8.0975129886782194e-06
leaf_weight=213645 1194513 142513 771387 162 497 7 6.9999999999999982 88971 371 37 273832
leaf_count=213645 1194513 142513 771387 162 497 7 7 88971 371 37 273832
internal_value=-3.06359e-09 -6.70332e-06 6.63754e-06 1.08106e-05 -7.23189e-07 0.000286284 0.00214517 3.16172e-05 0.000274071 0.000729652 -1.02639e-06
internal_weight=2.68594e+06 1.33703e+06 1.34892e+06 860928 487988 511 14 89541 570 199 487477
internal_count=2685942 1337026 1348916 860928 487988 511 14 89541 570 199 487477
is_linear=0
shrinkage=0.00523217


Tree=261
num_leaves=12
num_cat=0
split_feature=0 0 8 8 16 5 9 20 20 13 5
split_gain=8.67119 3.26108 2.18173 1.69332 1.64122 1.63737 1.37931 1.51366 1.29482 1.74345 1.54356
threshold=-3.2554260492324825 0.47876988351345068 -0.70040297508239735 -2.0719914436340328 -0.19932434707880017 1.1347486376762392 -0.075562622398138032 -0.79310226440429676 -0.11233294382691382 -0.093143839389085756 inf
decision_type=2 2 8 10 2 10 8 10 10 8 8
left_child=4 2 3 -2 -1 -5 -3 -8 -4 -10 -11
right_child=1 6 8 5 -6 -7 7 -9 9 10 -12
leaf_value=-9.0450378065909677e-05 5.7122526735809219e-05 1.5120240926246353e-05 -4.1524030079902491e-06 -8.6096463939379142e-06 -3.110738988712718e-05 -3.3663042202292062e-05 -1.5473288058459253e-05 9.4889473277350232e-06 1.7338670256434991e-05 -1.6504535348722948e-06 8.4312254078797256e-05
leaf_weight=31369 9698 522946 630774 445936 21593 85075 100842 195247 246104 390515 5802
leaf_count=31369 9698 522946 630774 445936 21593 85075 100842 195247 246104 390515 5802
internal_value=1.16274e-08 1.34527e-06 -2.56716e-06 -1.13725e-05 -6.62722e-05 -1.26251e-05 1.0011e-05 9.84568e-07 1.17174e-06 6.4006e-06 -3.89703e-07
internal_weight=2.6859e+06 2.63294e+06 1.8139e+06 540709 52962 531011 819035 296089 1.2732e+06 642421 396317
internal_count=2685901 2632939 1813904 540709 52962 531011 819035 296089 1273195 642421 396317
is_linear=0
shrinkage=0.00523217


Tree=262
num_leaves=12
num_cat=0
split_feature=0 0 22 9 22 8 5 9 17 0 11
split_gain=8.65929 3.26114 2.23666 2.67764 2.10204 1.54323 3.53288 1.38711 0.934854 0.926204 0.907165
threshold=-3.2554260492324825 0.47876988351345068 0.061773508787155158 0.56840750575065624 -0.057399531826376908 -0.70040297508239735 inf -0.075562622398138032 1.6235932111740115 -1.0807366967201231 -0.22472656518220899
decision_type=2 2 8 8 8 10 8 8 2 2 8
left_child=4 2 3 5 8 -2 -7 10 -1 -5 -3
right_child=1 7 -4 9 -6 6 -8 -9 -10 -11 -12
leaf_value=-8.7797356801992018e-05 -1.4816517461454432e-05 5.8980639622738829e-06 4.498020663308802e-06 -5.9718317458827387e-05 -3.6710778815961896e-05 -7.3452558152620086e-07 0.00041346857815318213 9.4947342940286956e-07 -0.0001747940677772684 -2.3572784741934338e-05 2.0275498590117589e-05
leaf_weight=19413 287972 187443 730286 25691 29449 689152 563 296169 4128 80017 335515
leaf_count=19413 287972 187443 730286 25691 29449 689152 563 296169 4128 80017 335515
internal_value=1.60664e-09 1.33475e-06 -2.57829e-06 -7.34896e-06 -6.62189e-05 -4.64329e-06 -3.94548e-07 9.99981e-06 -0.000103095 -3.23657e-05 1.51238e-05
internal_weight=2.6858e+06 2.63281e+06 1.81368e+06 1.0834e+06 52990 977687 689715 819127 23541 105708 522958
internal_count=2685798 2632808 1813681 1083395 52990 977687 689715 819127 23541 105708 522958
is_linear=0
shrinkage=0.00523217


Tree=263
num_leaves=12
num_cat=0
split_feature=0 2 22 22 0 0 19 9 16 22 2
split_gain=8.5672 3.43713 3.20364 2.11914 1.77807 1.63617 1.59693 1.88784 1.46069 1.39774 2.32932
threshold=-3.2554260492324825 -0.067518778145313249 -0.94339400529861439 -0.057399531826376908 0.4840973317623139 -1.315712511539459 -0.58134052157402027 0.68993252515792858 -0.24745273590087888 0.14086005091667178 -0.067518778145313249
decision_type=2 8 8 8 2 2 10 10 2 10 10
left_child=3 6 5 -1 9 -3 7 8 -2 10 -4
right_child=1 2 4 -5 -6 -7 -8 -9 -10 -11 -12
leaf_value=-0.00010292165312789638 1.4363502808895873e-05 -8.8575940701501434e-05 -0.00025802421300901264 -3.6247946982424301e-05 8.4663328289511094e-06 -2.2348012507927589e-05 1.3122489627185737e-05 -4.8783488365639436e-05 -6.2171445607177732e-06 3.4951183411746012e-06 -9.0079009711758517e-06
leaf_weight=23537 166361 11099 1029 29413 369739 129249 700696 20552 218214 352183 663980
leaf_count=23537 166361 11099 1029 29413 369739 129249 700696 20552 218214 352183 663980
internal_value=-8.71593e-09 1.31608e-06 -3.77018e-06 -6.59021e-05 -1.35898e-06 -2.75919e-05 8.34156e-06 7.06099e-08 2.68364e-06 -4.93118e-06 -9.39488e-06
internal_weight=2.68605e+06 2.6331e+06 1.52728e+06 52950 1.38693e+06 140348 1.10582e+06 405127 384575 1.01719e+06 665009
internal_count=2686052 2633102 1527279 52950 1386931 140348 1105823 405127 384575 1017192 665009
is_linear=0
shrinkage=0.00523217


Tree=264
num_leaves=12
num_cat=0
split_feature=11 22 7 15 22 17 23 11 21 7 10
split_gain=3.85313 4.05472 1.94843 1.83324 1.71978 1.58765 1.77326 6.52254 1.42904 1.34674 1.2578
threshold=-0.86514216661453236 -1.1528852581977842 1.2680639624595644 -1.0327684283256529 0.14086005091667178 -0.061174379661679261 inf 0.93384623527526867 1.1163746714591982 0.49432499706745153 1.186296343803406
decision_type=8 10 8 2 8 2 8 10 2 10 8
left_child=1 -1 4 -3 5 6 9 -8 -4 -2 -5
right_child=2 3 8 10 -6 -7 7 -9 -10 -11 -12
leaf_value=-6.8153858220982165e-05 1.0363541709510735e-05 -4.0525975450945924e-05 -7.8544077002660032e-06 -1.932760832133609e-06 1.0858837279407732e-05 -4.5975313809677939e-06 -0.00017144108426207362 0.0010259147038727743 -5.0663241586060814e-05 -7.1155302226756177e-06 -3.7838546537143354e-05
leaf_weight=35729 519611 46235 166779 288490 691200 726261 305 208 24495 157118 29440
leaf_count=35729 519611 46235 166779 288490 691200 726261 305 208 24495 157118 29440
internal_value=2.18272e-08 -1.49612e-05 2.64322e-06 -9.73997e-06 4.10319e-06 7.75578e-07 6.53878e-06 0.000313717 -1.33411e-05 6.30419e-06 -5.26026e-06
internal_weight=2.68587e+06 399894 2.28598e+06 364165 2.0947e+06 1.4035e+06 677242 513 191274 676729 317930
internal_count=2685871 399894 2285977 364165 2094703 1403503 677242 513 191274 676729 317930
is_linear=0
shrinkage=0.00523217


Tree=265
num_leaves=12
num_cat=0
split_feature=0 0 8 8 7 5 16 12 5 15 0
split_gain=8.44735 3.17215 2.01401 1.78278 1.6978 1.61599 1.60766 1.26491 1.0854 3.07054 0.997117
threshold=-3.2554260492324825 0.35809324681758886 -0.70040297508239735 -2.0719914436340328 0.60555830597877514 1.1347486376762392 -0.19932434707880017 -1.1186975240707395 inf 0.078642103821039214 -1.0307731032371519
decision_type=2 2 8 10 8 10 2 8 8 2 2
left_child=6 2 3 -2 8 -5 -1 -8 -4 -10 -7
right_child=1 -3 4 5 -6 10 7 -9 9 -11 -12
leaf_value=-8.9345715458007068e-05 5.9029852358769408e-05 8.2107174233132491e-06 4.2953198628383064e-06 -9.3944225158692191e-06 -1.0294960095796797e-05 -6.3979503228337966e-05 -7.7337013420863035e-05 3.6348759694631124e-06 8.6276634701326678e-05 0.0011052442501669796 -2.335664746910249e-05
leaf_weight=31358 9377 1081916 781258 389018 289820 23357 9146 12455 1032 87 57092
leaf_count=31358 9377 1081916 781258 389018 289820 23357 9146 12455 1032 87 57092
internal_value=1.79678e-08 1.33424e-06 -3.46187e-06 -1.23835e-05 5.21793e-07 -1.38117e-05 -6.54066e-05 -3.06143e-05 4.52974e-06 0.000167299 -3.51616e-05
internal_weight=2.68592e+06 2.63296e+06 1.55104e+06 478844 1.0722e+06 469467 52959 21601 782377 1119 80449
internal_count=2685916 2632957 1551041 478844 1072197 469467 52959 21601 782377 1119 80449
is_linear=0
shrinkage=0.00523217


Tree=266
num_leaves=12
num_cat=0
split_feature=1 1 11 3 18 18 18 21 4 8 24
split_gain=7.09755 2.03622 1.82876 1.56286 1.54995 1.37448 1.33237 1.1597 5.00449 11.4303 1.98052
threshold=1.2354218959808352 2.0017727613449101 -0.90246811509132374 -0.46498745679855341 inf 1.5121512413024905 -2.0896196365356441 -2.4087039232254024 -2.1880055665969844 1.1603091359138491 -1.4617531299591062
decision_type=2 2 10 10 8 10 10 2 8 10 10
left_child=2 7 -1 -4 6 -3 -5 8 9 10 -2
right_child=1 5 3 4 -6 -7 -8 -9 -10 -11 -12
leaf_value=-9.8196931319637989e-06 0.00011246411189718452 -3.5609623735175601e-05 -4.0624522862323305e-06 5.6023927163674173e-05 -0.00016827679461384 -8.7767388648453035e-05 6.5384374740370578e-06 -1.7488714198252682e-05 6.7421563700905321e-05 0.0074023462871038856 0.002631668038773525
leaf_weight=275722 40 54507 458415 15033 1381 18587 1660892 200256 872 6.9999999999999991 9.9999999999999982
leaf_count=275722 40 54507 458415 15033 1381 18587 1660892 200256 872 7 10
internal_value=-7.77202e-09 -2.52282e-05 2.86049e-06 4.49789e-06 6.83794e-06 -4.8885e-05 6.98284e-06 -1.6629e-05 0.000167607 0.00165397 0.000681137
internal_weight=2.68572e+06 274279 2.41144e+06 2.13572e+06 1.67731e+06 73094 1.67592e+06 201185 929 57 50
internal_count=2685722 274279 2411443 2135721 1677306 73094 1675925 201185 929 57 50
is_linear=0
shrinkage=0.00523217


Tree=267
num_leaves=12
num_cat=0
split_feature=1 22 22 7 22 6 8 5 17 16 16
split_gain=7.03548 3.17114 2.14357 1.73848 1.6562 1.54184 1.30583 3.82088 3.75165 5.53344 1.23853
threshold=1.2354218959808352 0.10874205827713014 -1.7234337925910947 0.8397873342037202 0.043996194377541549 -3.3290128707885738 -0.91996455192565907 inf -0.52471515536308277 -0.038405347615480416 -0.16710411012172696
decision_type=2 8 10 8 10 2 10 8 2 2 2
left_child=4 2 -2 -3 6 -4 -1 -8 9 -9 -7
right_child=1 3 5 -5 -6 10 7 8 -10 -11 -12
leaf_value=-1.1350258499152417e-05 -0.0001496355947172012 7.2513357109124888e-06 -8.9911752397238873e-05 -3.5562975966243317e-05 8.4289313533551334e-06 -4.5795071005497154e-05 1.4296058630813379e-06 3.5314810249975317e-05 9.1875572064176707e-05 0.0015706623801041708 -1.3251921207610801e-05
leaf_weight=254390 4843 86810 14006 37030 898740 76313 1257947 118 447 143 55299
leaf_count=254390 4843 86810 14006 37030 898740 76313 1257947 118 447 143 55299
internal_value=-5.22392e-08 -2.51612e-05 -4.13016e-05 -5.54451e-06 2.80317e-06 -3.76919e-05 -5.37972e-07 1.6467e-06 0.00038559 0.000882873 -3.21279e-05
internal_weight=2.68609e+06 274301 150461 123840 2.41178e+06 145618 1.51304e+06 1.25866e+06 708 261 131612
internal_count=2686086 274301 150461 123840 2411785 145618 1513045 1258655 708 261 131612
is_linear=0
shrinkage=0.00523217


Tree=268
num_leaves=12
num_cat=0
split_feature=0 0 0 16 3 3 5 17 19 12 16
split_gain=8.32412 3.03154 1.79168 1.65819 1.76449 1.2109 2.36847 2.75007 1.70057 1.15953 1.15909
threshold=-2.9439536333084102 0.55593222379684459 -1.0307731032371519 -0.18293888121843335 -1.8051789402961729 -0.037414273247122758 inf -2.2181544303894039 1.7930645346641543 -1.1186975240707395 -0.12635305523872373
decision_type=2 2 2 2 8 10 8 2 8 8 2
left_child=3 2 10 4 -1 6 -4 -8 -7 -5 -2
right_child=1 -3 5 9 -6 8 7 -9 -10 -11 -12
leaf_value=-0.00016906366759139482 -2.961045342755603e-05 1.1114322432307772e-05 -6.9888256784828792e-06 -6.8094463318225557e-05 -6.664227023311093e-05 3.7528892210806141e-06 0.001145610751789492 7.3726623381510059e-05 -5.8642051526741802e-05 3.1106576597869262e-06 -3.2203437688491614e-06
leaf_weight=5384 98552 662030 648329 10765 32409 1108070 65 8134 12086 14912 84875
leaf_count=5384 98552 662030 648329 10765 32409 1108070 65 8134 12086 14912 84875
internal_value=4.51371e-10 1.43389e-06 -1.83528e-06 -5.92057e-05 -8.12593e-05 -2.27508e-07 -5.87005e-06 8.24862e-05 3.0789e-06 -2.67123e-05 -1.74037e-05
internal_weight=2.68561e+06 2.62214e+06 1.96011e+06 63470 37793 1.77668e+06 656528 8199 1.12016e+06 25677 183427
internal_count=2685611 2622141 1960111 63470 37793 1776684 656528 8199 1120156 25677 183427
is_linear=0
shrinkage=0.00523217


Tree=269
num_leaves=12
num_cat=0
split_feature=0 0 7 20 20 17 16 1 18 12 0
split_gain=8.18885 3.03896 1.86814 1.86859 1.70695 1.57118 1.55406 1.41787 1.27647 1.23356 1.18833
threshold=-3.2554260492324825 0.35809324681758886 0.60555830597877514 -0.15989544987678525 -0.80180907249450672 -0.032236129045486443 -0.19932434707880017 1.4059095382690432 0.94298130273818981 -1.1186975240707395 0.73583427071571361
decision_type=2 2 8 10 10 2 2 2 10 8 2
left_child=6 2 3 -2 10 -5 -1 -4 -7 -8 -3
right_child=1 4 7 5 -6 8 9 -9 -10 -11 -12
leaf_value=-8.792952211249742e-05 -7.1345196702890471e-06 -1.0465216592445772e-05 -8.1319070994741348e-06 1.5563443465784321e-05 1.2393563687379451e-05 -6.8851237428487121e-06 -7.6299119111096294e-05 -3.339825271054444e-05 2.1223501972515133e-05 3.6712814730966671e-06 9.6270959654763114e-06
leaf_weight=31363 474552 188765 426001 287071 752612 238221 9149 70964 54305 12443 140583
leaf_count=31363 474552 188765 426001 287071 752612 238221 9149 70964 54305 12443 140583
internal_value=1.97182e-08 1.3156e-06 -3.37862e-06 5.632e-07 8.04604e-06 6.86719e-06 -6.43986e-05 -1.17415e-05 -1.66418e-06 -3.0179e-05 -1.88632e-06
internal_weight=2.68603e+06 2.63307e+06 1.55111e+06 1.05415e+06 1.08196e+06 579597 52955 496965 292526 21592 329348
internal_count=2686029 2633074 1551114 1054149 1081960 579597 52955 496965 292526 21592 329348
is_linear=0
shrinkage=0.00523217


Tree=270
num_leaves=12
num_cat=0
split_feature=1 6 1 20 4 7 20 1 23 4 7
split_gain=6.79073 1.6029 1.59228 1.51489 1.66859 2.01651 2.04862 1.42616 1.34553 1.26405 1.21737
threshold=1.5430440902709963 -0.77544501423835743 0.87268218398094188 -0.92173686623573292 0.41740708053112036 0.23379074037075046 2.4095736742019658 2.2611397504806523 0.49344716966152197 -2.0247838497161861 0.87739846110343944
decision_type=2 2 2 10 10 8 10 2 10 8 8
left_child=2 7 3 -1 8 6 -6 -2 9 -5 -3
right_child=1 10 -4 4 5 -7 -8 -9 -10 -11 -12
leaf_value=-6.2728147765894745e-06 -3.293603336080818e-05 -5.0740956074966255e-07 -9.2837080458838941e-06 9.4231856264894261e-05 1.5654549257512532e-05 -7.8825336065861549e-06 0.00011851418824778295 -7.6916069194635366e-05 -7.5129502384423791e-06 4.699125422519524e-06 -4.8863559974961104e-05
leaf_weight=355107 66004 52396 296108 4337 517645 110526 5357 29158 307422 921826 19594
leaf_count=355107 66004 52396 296108 4337 517645 110526 5357 29158 307422 921826 19594
internal_value=-3.03628e-08 -3.23251e-05 2.11287e-06 3.63182e-06 5.51601e-06 1.24182e-05 1.67099e-05 -4.64209e-05 1.97061e-06 5.11937e-06 -1.36806e-05
internal_weight=2.68548e+06 167152 2.51833e+06 2.22222e+06 1.86711e+06 633528 523002 95162 1.23358e+06 926163 71990
internal_count=2685480 167152 2518328 2222220 1867113 633528 523002 95162 1233585 926163 71990
is_linear=0
shrinkage=0.00523217


Tree=271
num_leaves=12
num_cat=0
split_feature=1 2 12 1 3 12 18 12 18 18 6
split_gain=6.72642 2.4379 2.25666 1.86011 1.6203 1.74629 3.1916 1.72374 1.56346 1.52457 1.50981
threshold=1.2877020835876467 -0.62356787919998158 0.2564819753170014 2.0751420259475712 -0.20501197874546048 -0.34460830688476557 -0.20075390487909314 -1.0845006108283994 -2.0896196365356441 -2.0896196365356441 -0.82818281650543202
decision_type=2 8 10 2 10 10 10 8 8 10 2
left_child=1 2 -1 -2 -3 6 7 -6 -7 -10 -5
right_child=3 4 -4 10 5 8 -8 -9 9 -11 -12
leaf_value=2.354530065694574e-05 -1.7509022844837388e-05 -7.3887203576406577e-06 3.0993184807391979e-06 -6.8954465408258676e-05 -6.518316094243622e-05 7.1542629410336676e-05 6.0171809115593336e-06 -1.7316656897889733e-05 -0.00016815024371778507 5.6598247344857486e-06 -1.5021100848609021e-05
leaf_weight=256557 189919 600777 348796 41216 31693 9887 135984 59013 1382 988946 21751
leaf_count=256557 189919 600777 348796 41216 31693 9887 135984 59013 1382 988946 21751
internal_value=-3.60224e-09 2.66552e-06 1.1766e-05 -2.56864e-05 -3.48243e-07 3.09861e-06 -1.00119e-05 -3.40509e-05 6.0708e-06 5.41626e-06 -5.03374e-05
internal_weight=2.68592e+06 2.43304e+06 605353 252886 1.82768e+06 1.2269e+06 226690 90706 1.00022e+06 990328 62967
internal_count=2685921 2433035 605353 252886 1827682 1226905 226690 90706 1000215 990328 62967
is_linear=0
shrinkage=0.00523217


Tree=272
num_leaves=12
num_cat=0
split_feature=0 0 22 9 20 11 22 20 9 11 10
split_gain=8.01393 3.05019 2.30378 2.40779 2.14297 2.68368 2.07182 1.7071 1.93401 1.57556 1.29897
threshold=-3.2554260492324825 0.31631076335906988 0.061773508787155158 0.56840750575065624 3.9994294643402104 0.74195003509521495 -0.057399531826376908 -0.80180907249450672 -0.14179181307554242 -0.93323659896850575 0.69764268398284923
decision_type=2 2 8 8 10 10 8 10 8 10 8
left_child=6 2 3 4 10 -6 -1 8 -3 -9 -2
right_child=1 7 -4 -5 5 -7 -8 9 -10 -11 -12
leaf_value=-0.00010035661842543799 -2.2352457463260547e-06 9.9877668260471569e-06 4.0822455164636701e-06 -3.4204893360424299e-05 -4.0241561761143438e-05 0.00022128478009429122 -3.4419109705933848e-05 -1.7913192313422866e-05 -1.4685398918156967e-05 1.3423872691812066e-05 -1.7045691730771387e-05
leaf_weight=23506 520450 176772 602379 94374 1872 2504 29435 46516 171175 781263 235566
leaf_count=23506 520450 176772 602379 94374 1872 2504 29435 46516 171175 781263 235566
internal_value=2.27201e-08 1.30462e-06 -3.75364e-06 -9.27675e-06 -6.18176e-06 0.000109243 -6.37124e-05 7.57429e-06 -2.14807e-06 1.16619e-05 -6.85109e-06
internal_weight=2.68581e+06 2.63287e+06 1.45714e+06 854766 760392 4376 52941 1.17573e+06 347947 827779 756016
internal_count=2685812 2632871 1457145 854766 760392 4376 52941 1175726 347947 827779 756016
is_linear=0
shrinkage=0.00523217


Tree=273
num_leaves=12
num_cat=0
split_feature=2 19 2 23 12 14 19 16 16 2 12
split_gain=4.08653 1.52161 1.46692 2.63518 1.70654 1.69994 1.5216 1.68966 2.00331 1.4392 1.91125
threshold=0.13789775967597964 -0.58134052157402027 1.8837870359420779 inf -3.6223298311233516 -2.3208273649215694 2.5150827169418339 -0.033588176593184464 -0.029556779190897938 -0.62356787919998158 0.30026096105575567
decision_type=8 10 8 8 8 2 8 2 2 8 10
left_child=1 -1 3 -2 -5 -6 -4 -8 -9 10 -3
right_child=2 9 6 4 5 -7 7 8 -10 -11 -12
leaf_value=-9.4712485256009011e-07 -5.6451693153734555e-06 2.8238403746088791e-05 2.3904752397207013e-06 0.00082153953086473144 0.00043117952920887991 6.9167551069519278e-05 -0.0001099877910786221 0.00010564462865025932 -4.6174628753401607e-05 4.2756526911367831e-06 5.3329015198670173e-06
leaf_weight=487858 1277095 219694 21542 103 435 1963 10255 2650 23009 458371 182804
leaf_count=487858 1277095 219694 21542 103 435 1963 10255 2650 23009 458371 182804
internal_value=7.46357e-09 6.43369e-06 -6.47428e-06 -5.31221e-06 0.000164307 0.000135352 -3.23399e-05 -5.31936e-05 -3.04597e-05 1.06174e-05 1.78374e-05
internal_weight=2.68578e+06 1.34873e+06 1.33705e+06 1.2796e+06 2501 2398 57456 35914 25659 860869 402498
internal_count=2685779 1348727 1337052 1279596 2501 2398 57456 35914 25659 860869 402498
is_linear=0
shrinkage=0.00523217


Tree=274
num_leaves=12
num_cat=0
split_feature=2 3 24 10 16 16 19 16 16 10 21
split_gain=4.09614 1.98338 2.52779 2.42697 1.67989 3.34198 2.09801 1.65791 1.91019 1.57465 1.53331
threshold=0.13789775967597964 -1.0999878048896787 -0.01807667966932058 2.0964155197143559 -0.053117882460355752 -0.072710491716861711 1.6638070344924929 -0.022431620396673676 -0.017030337825417515 0.89672210812568676 2.3789874315261845
decision_type=8 8 8 8 2 2 8 2 2 8 2
left_child=-1 3 9 -2 5 -5 -7 10 -9 -3 -6
right_child=1 2 -4 4 7 6 -8 8 -10 -11 -12
leaf_value=6.4407251794632262e-06 -2.2067250680597158e-05 9.6682928462482627e-06 -1.1493255424137057e-05 -4.1970204025129155e-05 -5.6899532671908174e-05 0.0017143688833683197 0.00034956800539612715 0.00068696807062205588 7.4914608979124474e-05 -1.0958902966167535e-05 -0.001020478249588378
leaf_weight=1348887 257780 411023 525805 864 2499 31 1097 145 3341 134424 45
leaf_count=1348887 257780 411023 525805 864 2499 31 1097 145 3341 134424 45
internal_value=7.51347e-09 -6.48203e-06 -3.30685e-06 -1.92758e-05 7.03166e-05 0.000202063 0.000389542 2.663e-05 0.000100827 4.58329e-06 -7.47255e-05
internal_weight=2.68594e+06 1.33705e+06 1.07125e+06 265802 8022 1992 1128 6030 3486 545447 2544
internal_count=2685941 1337054 1071252 265802 8022 1992 1128 6030 3486 545447 2544
is_linear=0
shrinkage=0.00523217


Tree=275
num_leaves=12
num_cat=0
split_feature=9 22 11 22 15 13 5 19 8 19 5
split_gain=4.95735 2.9815 2.03167 2.4502 2.03063 1.58879 1.52656 1.20606 1.09954 1.03078 4.67666
threshold=0.31161199510097509 -0.25622746348381037 -0.87423527240753163 -1.2546744942665098 -1.0327684283256529 0.31295143067836767 1.2343876957893374 2.5150827169418339 -2.0719914436340328 inf inf
decision_type=10 8 8 10 2 8 10 8 8 8 8
left_child=2 6 3 -1 -5 -4 -2 -3 -7 10 -10
right_child=1 7 5 4 -6 8 -8 -9 9 -11 -12
leaf_value=-6.2182807159489971e-05 -2.7493589634820406e-05 -3.9869330611881687e-06 8.6577386471968422e-06 -4.1971682871424996e-05 -1.0377358362671208e-07 8.1749581651873414e-05 -7.0669401924775482e-05 -6.401641366920469e-05 -2.0265171538306732e-06 -9.1075688278699081e-05 0.00018525742832170553
leaf_weight=22349 120370 252544 1214892 36234 254402 4365 27595 9509 736298 3501 3667
leaf_count=22349 120370 252544 1214892 36234 254402 4365 27595 9509 736298 3501 3667
internal_value=-2.70922e-08 -1.67742e-05 2.98991e-06 -9.38909e-06 -5.32642e-06 4.96434e-06 -3.55517e-05 -6.16854e-06 -1.03471e-06 -1.52196e-06 -1.09703e-06
internal_weight=2.68573e+06 410018 2.27571e+06 312985 290636 1.96272e+06 147965 262053 747831 743466 739965
internal_count=2685726 410018 2275708 312985 290636 1962723 147965 262053 747831 743466 739965
is_linear=0
shrinkage=0.00523217


Tree=276
num_leaves=12
num_cat=0
split_feature=1 2 5 20 3 24 5 11 3 8 1
split_gain=6.56487 2.29467 2.28923 1.77781 1.55997 2.75038 1.51236 2.44746 2.2625 1.28634 1.20466
threshold=1.2354218959808352 -0.4469750821590423 1.3490892052650454 0.47976000607013708 -0.20501197874546048 -0.01807667966932058 inf 0.3303710818290711 -3.0878311395645137 -2.0719914436340328 2.2611397504806523
decision_type=2 8 10 10 10 8 8 10 10 10 2
left_child=1 3 -2 -1 6 -6 -3 -8 -9 -4 -11
right_child=2 4 9 -5 5 -7 7 8 -10 10 -12
leaf_value=6.4097780386754632e-06 -1.5511577878653713e-05 -8.5211166698407266e-06 8.9623173734040994e-05 2.6749844060951112e-05 1.266862115521988e-05 -3.9871559103468296e-06 -3.1407399388431153e-05 -9.8671338233080478e-05 0.00022036593344504276 -4.2500597264751995e-05 -9.6792369515780554e-05
leaf_weight=574836 205658 569146 1744 147969 470254 641769 3606 752 3108 52521 14265
leaf_count=574836 205658 569146 1744 147969 470254 641769 3606 752 3108 52521 14265
internal_value=1.48951e-08 2.7736e-06 -2.42445e-05 1.05748e-05 -5.65177e-07 3.05555e-06 -7.5493e-06 6.64162e-05 0.000157992 -5.04394e-05 -5.41105e-05
internal_weight=2.68563e+06 2.41144e+06 274188 722805 1.68864e+06 1.11202e+06 576612 7466 3860 68530 66786
internal_count=2685628 2411440 274188 722805 1688635 1112023 576612 7466 3860 68530 66786
is_linear=0
shrinkage=0.00523217


Tree=277
num_leaves=12
num_cat=0
split_feature=1 5 10 20 7 16 10 16 4 19 5
split_gain=6.50435 2.24624 1.59568 1.6881 1.82621 1.96066 1.45267 1.44686 1.26509 1.11112 2.06484
threshold=1.2354218959808352 1.3490892052650454 0.99234023690223705 -0.88189774751663197 0.46489292383193975 1.1786006689071657 -0.42244926095008845 -0.17479801923036573 0.020577415823936466 inf inf
decision_type=2 10 10 10 8 2 10 2 8 8 8
left_child=2 7 3 6 5 8 -1 -2 -5 10 -6
right_child=1 -3 -4 4 9 -7 -8 -9 -10 -11 -12
leaf_value=-1.9155044081002986e-05 -2.7529978145503417e-05 -5.0046268448771047e-05 -7.7261746537187186e-06 5.2010510445429345e-06 -2.0835328832967372e-06 -9.9623421376983153e-06 2.5651375577168258e-06 4.7404472463357473e-07 1.6725736062821069e-05 -9.3870272548444514e-05 0.00012218041969153665
leaf_weight=138049 117145 68575 340059 424885 488562 120331 216351 88688 676001 3563 3687
leaf_count=138049 117145 68575 340059 424885 488562 120331 216351 88688 676001 3563 3687
internal_value=3.04124e-08 -2.41062e-05 2.77731e-06 4.50202e-06 6.64811e-06 1.00864e-05 -5.89327e-06 -1.54599e-05 1.22785e-05 -1.819e-06 -1.15086e-06
internal_weight=2.6859e+06 274408 2.41149e+06 2.07143e+06 1.71703e+06 1.22122e+06 354400 205833 1.10089e+06 495812 492249
internal_count=2685896 274408 2411488 2071429 1717029 1221217 354400 205833 1100886 495812 492249
is_linear=0
shrinkage=0.00523217


Tree=278
num_leaves=12
num_cat=0
split_feature=0 0 8 8 6 20 20 4 13 18 20
split_gain=7.86096 2.9059 1.94487 1.56399 1.35259 1.20754 1.15669 2.41962 1.20095 1.13062 1.23186
threshold=-2.9439536333084102 0.55044311285018932 -0.91996455192565907 -2.0719914436340328 -0.053328447043895714 0.66975432634353649 -0.11233294382691382 0.40509107708930975 0.19412554800510409 1.1102620959281924 -0.89201623201370228
decision_type=2 2 8 10 2 10 10 10 8 8 10
left_child=4 2 3 5 -1 -2 -4 -8 -9 10 -3
right_child=1 9 6 -5 -6 -7 7 8 -10 -11 -12
leaf_value=-6.8195974412744523e-05 -2.1145171622358565e-05 -2.6078370346323848e-06 -3.6102489222084332e-06 -1.3989511869889415e-05 -2.7686993343370503e-06 9.8732775229449702e-05 -1.2956112211847295e-06 2.7632544698465554e-05 4.6012140035969297e-06 3.7000204824243319e-05 1.3620079375438107e-05
leaf_weight=53102 3698 178552 800933 378803 10364 6042 501900 154866 103493 42217 452103
leaf_count=53102 3698 178552 800933 378803 10364 6042 501900 154866 103493 42217 452103
internal_value=1.28422e-08 1.40556e-06 -1.82954e-06 -1.23045e-05 -5.75246e-05 5.3139e-05 7.76925e-07 5.39987e-06 1.84099e-05 1.07808e-05 9.02434e-06
internal_weight=2.68607e+06 2.62261e+06 1.94974e+06 388543 63466 9740 1.56119e+06 760259 258359 672872 630655
internal_count=2686073 2622607 1949735 388543 63466 9740 1561192 760259 258359 672872 630655
is_linear=0
shrinkage=0.00523217


Tree=279
num_leaves=12
num_cat=0
split_feature=0 9 0 3 0 15 7 15 3 19 11
split_gain=7.67716 2.97764 2.27246 1.60184 1.46845 1.18914 1.16084 1.16275 1.14287 1.11089 1.00286
threshold=-3.2554260492324825 0.27534173429012304 0.57726928591728222 -2.6630805730819698 -1.1328307986259458 -0.43127551674842829 0.27259978652000433 -1.0655104517936704 -0.65579557418823231 inf 0.31740771234035497
decision_type=2 10 2 8 2 2 8 2 8 8 8
left_child=3 2 6 -1 -3 -6 8 -8 -2 -9 -4
right_child=1 4 10 -5 5 -7 7 9 -10 -11 -12
leaf_value=-0.00014218153247873579 -1.0684795094787631e-05 -3.3709678935247851e-05 6.9892739653890757e-06 -5.196735905109599e-05 4.7456079971527421e-06 -1.4894069310610889e-05 -2.66670437513659e-05 -2.0134353558365036e-06 6.4344243705776806e-06 -9.4361169328583842e-05 2.1180597417764737e-05
leaf_weight=6103 122297 68292 339473 46879 138613 215577 60006 618467 838623 3586 228075
leaf_count=6103 122297 68292 339473 46879 138613 215577 60006 618467 838623 3586 228075
internal_value=-1.96835e-08 1.23481e-06 3.66756e-06 -6.23772e-05 -1.1492e-05 -7.20578e-06 5.49106e-07 -4.67049e-06 4.2548e-06 -2.54727e-06 1.26937e-05
internal_weight=2.68599e+06 2.63301e+06 2.21053e+06 52982 422482 354190 1.64298e+06 682059 960920 622053 567548
internal_count=2685991 2633009 2210527 52982 422482 354190 1642979 682059 960920 622053 567548
is_linear=0
shrinkage=0.00523217


Tree=280
num_leaves=12
num_cat=0
split_feature=0 0 0 16 16 12 11 11 18 5 11
split_gain=7.52736 2.93653 1.76402 1.52871 1.25444 1.19148 1.17434 1.1367 0.949867 2.9388 2.7501
threshold=-3.2554260492324825 0.47876988351345068 -1.0307731032371519 -0.19932434707880017 -0.12635305523872373 -1.1186975240707395 0.31740771234035497 1.2608230710029604 inf inf 1.0491058230400088
decision_type=2 2 2 2 2 8 8 10 8 8 10
left_child=3 2 4 -1 7 -5 -3 -2 9 -4 -11
right_child=1 6 8 5 -6 -7 -8 -9 -10 10 -12
leaf_value=-8.5109244535473442e-05 -2.6619643574445425e-05 4.5965686337336985e-06 -9.3894262269203147e-07 -7.3176330498259706e-05 -2.9429741355840164e-06 5.4085177495297309e-06 1.7527966583350262e-05 -0.00012800649951771851 -8.8715251218154738e-05 2.6086919488773607e-05 0.00025043413393480829
leaf_weight=31347 101661 510233 1610114 9148 89190 12454 308716 3124 3347 3931 2423
leaf_count=31347 101661 510233 1610114 9148 89190 12454 308716 3124 3347 3931 2423
internal_value=5.97077e-09 1.24851e-06 -2.46418e-06 -6.17592e-05 -1.73751e-05 -2.78355e-05 9.47227e-06 -2.96514e-05 -6.78078e-07 -4.95229e-07 0.000111795
internal_weight=2.68569e+06 2.63274e+06 1.81379e+06 52949 193975 21602 818949 104785 1.61982e+06 1.61647e+06 6354
internal_count=2685688 2632739 1813790 52949 193975 21602 818949 104785 1619815 1616468 6354
is_linear=0
shrinkage=0.00523217


Tree=281
num_leaves=12
num_cat=0
split_feature=9 22 20 23 16 24 16 12 21 19 21
split_gain=4.71401 2.84789 2.52884 2.92842 6.45933 3.61872 2.88961 2.43398 2.09931 1.94431 2.0858
threshold=0.35652756690979009 -0.25622746348381037 3.9994294643402104 0.2174726873636246 -0.029556779190897938 -0.79115083813667286 -0.027933298610150811 -1.4794322848320005 -0.62623780965805043 2.1760412454605107 -2.1818845272064205
decision_type=10 8 10 10 2 10 2 10 2 10 2
left_child=2 -2 -1 4 7 6 -6 -4 9 10 -5
right_child=1 -3 3 8 5 -7 -8 -9 -10 -11 -12
leaf_value=2.4523983428539766e-06 -3.6877878587576619e-05 -6.5042527457166989e-06 -0.00013253703577166719 0.00069477779293839533 0.001811119170903057 0.00083965048898648525 0.0055938368540670606 0.0011252027707606515 -2.7555768044961309e-05 8.9976375799711845e-05 0.00018726501983586111
leaf_weight=2312060 132029 235018 149 338 15.000000000000002 28 10.999999999999998 57 2753 2738 663
leaf_count=2312060 132029 235018 149 338 15 28 11 57 2753 2738 663
internal_value=-9.45248e-09 -1.74321e-05 2.74806e-06 0.000103852 0.000647527 0.00223915 0.0036147 0.000216036 8.18405e-05 0.000162586 0.000360052
internal_weight=2.68586e+06 367047 2.31881e+06 6752 260 54 26 206 6492 3739 1001
internal_count=2685859 367047 2318812 6752 260 54 26 206 6492 3739 1001
is_linear=0
shrinkage=0.00523217


Tree=282
num_leaves=12
num_cat=0
split_feature=1 22 9 20 1 16 15 10 22 21 13
split_gain=6.24391 2.60752 2.09541 2.20731 2.55716 5.94162 3.76303 2.61134 1.93877 1.45177 1.60258
threshold=1.5430440902709963 -0.24449743330478665 0.12521750479936603 3.9994294643402104 -1.328833222389221 -0.029556779190897938 0.11771810054779054 0.20213599503040316 -0.12748708575963971 -1.8405374884605405 -1.2023044824600218
decision_type=2 8 10 10 2 2 2 8 8 2 10
left_child=2 9 3 -1 5 6 -5 -7 -4 10 -2
right_child=1 -3 8 4 -6 7 -8 -9 -10 -11 -12
leaf_value=4.4814981774560229e-06 0.00035558746745572466 -1.6072832239473284e-05 -1.6449886194173119e-05 8.0094129808502945e-05 9.7471769446382602e-05 0.0052353540400944011 0.0033594721341725729 0.0017032237849563983 2.2299373974137481e-06 -6.4096300213166139e-05 -9.5666444576464664e-06
leaf_weight=1903309 461 109920 282688 175 3423 7 8.9999999999999982 33 329141 55657 1128
leaf_count=1903309 461 109920 282688 175 3423 7 9 33 329141 55657 1128
internal_value=-2.98191e-08 -3.09958e-05 2.02502e-06 4.72839e-06 0.000133312 0.000674041 0.000265255 0.00247337 -6.39955e-06 -5.96351e-05 9.60522e-05
internal_weight=2.68595e+06 167166 2.51878e+06 1.90696e+06 3647 224 184 40 611829 57246 1589
internal_count=2685951 167166 2518785 1906956 3647 224 184 40 611829 57246 1589
is_linear=0
shrinkage=0.00523217


Tree=283
num_leaves=12
num_cat=0
split_feature=2 22 6 13 6 22 19 20 20 4 13
split_gain=3.87853 3.11187 2.05288 1.98906 1.57647 1.5066 1.45725 1.42067 1.39792 1.67968 1.28759
threshold=0.13789775967597964 -0.92435762286186207 -0.47902627289295191 0.25857381522655493 -2.7740281820297237 -0.016026765108108517 -0.70869132876396168 inf -0.54174992442131031 0.51038417220115673 -3.1492685079574581
decision_type=8 8 2 10 2 8 10 8 10 10 10
left_child=3 4 5 8 -2 -3 -5 10 -1 -10 -4
right_child=1 2 7 6 -6 -7 -8 -9 9 -11 -12
leaf_value=1.7868025867008432e-06 -0.00011490632473330025 -2.7266509206041075e-05 -9.7739976310644018e-05 -1.9109525833957539e-05 -2.6636376945144803e-05 -3.9331615238508973e-06 2.8638052751106502e-06 -4.1975630078036868e-05 7.2967258146827185e-06 2.4711963527112379e-05 1.7249051085118663e-06
leaf_weight=329801 5803 149383 3576 115361 124359 153883 291010 21245 336446 276239 878841
leaf_count=329801 5803 149383 3576 115361 124359 153883 291010 21245 336446 276239 878841
internal_value=4.23501e-08 -6.27229e-06 -3.65024e-06 6.3025e-06 -3.05789e-05 -1.54294e-05 -3.37207e-06 3.01946e-07 1.04747e-05 1.515e-05 1.32078e-06
internal_weight=2.68595e+06 1.33709e+06 1.20693e+06 1.34886e+06 130162 303266 406371 903662 942486 612685 882417
internal_count=2685947 1337090 1206928 1348857 130162 303266 406371 903662 942486 612685 882417
is_linear=0
shrinkage=0.00523217


Tree=284
num_leaves=12
num_cat=0
split_feature=5 7 10 16 4 15 7 18 17 17 5
split_gain=3.45167 1.83056 1.80435 1.41203 1.36029 1.2814 1.59206 1.3443 6.13314 1.28056 1.0629
threshold=1.3098418116569521 0.6160184144973756 0.86715707182884227 1.1786006689071657 -0.84851440787315358 -0.045212153345346444 0.6160184144973756 3.1595469713211064 -2.3464462757110591 -0.17381024360656736 1.3098418116569521
decision_type=10 8 10 2 8 2 10 8 2 2 8
left_child=1 2 3 9 -2 6 -3 -8 -9 10 -1
right_child=4 5 -4 -5 -6 -7 7 8 -10 -11 -12
leaf_value=1.3956287407033133e-05 -3.7445858605207357e-05 -0.0001724454055362922 -7.391548951679719e-06 -7.9399628290327869e-06 -1.0685036756922008e-05 2.2629682474723609e-06 -1.2216698785430754e-05 0.0037796458191238723 0.00015996464926565184 3.9020496160362467e-06 0.00027888244406386699
leaf_weight=621210 73060 1697 288558 157333 180883 295217 340716 11.999999999999998 511 726272 414
leaf_count=621210 73060 1697 288558 157333 180883 295217 340716 12 511 726272 414
internal_value=-3.19571e-08 1.8844e-06 4.59219e-06 6.89005e-06 -1.83875e-05 -5.72566e-06 -1.2605e-05 -1.18072e-05 0.000252884 8.62169e-06 1.41345e-05
internal_weight=2.68588e+06 2.43194e+06 1.79379e+06 1.50523e+06 253943 638153 342936 341239 523 1.3479e+06 621624
internal_count=2685883 2431940 1793787 1505229 253943 638153 342936 341239 523 1347896 621624
is_linear=0
shrinkage=0.00523217


Tree=285
num_leaves=12
num_cat=0
split_feature=2 22 5 15 22 2 22 4 5 5 17
split_gain=3.83728 3.10592 2.18825 1.33275 1.32521 2.04258 1.16681 1.07546 1.60535 1.06874 1.66182
threshold=0.13789775967597964 -0.92435762286186207 1.1347486376762392 2.696733951568604 0.25701175630092626 0.13789775967597964 -1.6565974950790403 -0.29655809700489039 inf inf -1.574272572994232
decision_type=8 8 10 2 10 10 10 8 8 8 2
left_child=3 6 4 9 5 -3 7 8 -2 -1 -11
right_child=1 2 -4 -5 -6 -7 -8 -9 -10 10 -12
leaf_value=5.5005917676579979e-06 -8.9693928566228042e-05 -0.00022146329599432733 -2.2400766945290969e-05 5.1685314917818403e-05 8.8283613480045062e-06 -4.1661591302103765e-06 -2.2319877875288364e-05 -2.0441959057083183e-05 0.00077226345584112096 0.0007490110518495952 9.6162624618125416e-05
leaf_weight=1330133 16920 1185 149431 17433 276691 779531 101983 11175 58 120 948
leaf_count=1330133 16920 1185 149431 17433 276691 779531 101983 11175 58 120 948
internal_value=2.6389e-09 -6.27848e-06 -3.65899e-06 6.23005e-06 -1.00965e-06 -4.49734e-06 -3.05644e-05 -6.03991e-05 -8.66485e-05 5.63414e-06 0.000171015
internal_weight=2.68561e+06 1.33697e+06 1.20684e+06 1.34863e+06 1.05741e+06 780716 130136 28153 16978 1.3312e+06 1068
internal_count=2685608 1336974 1206838 1348634 1057407 780716 130136 28153 16978 1331201 1068
is_linear=0
shrinkage=0.00523217


Tree=286
num_leaves=12
num_cat=0
split_feature=0 0 10 5 17 4 3 17 3 7 10
split_gain=7.38276 2.87149 2.00107 2.49308 4.42292 7.37143 2.41451 1.97808 1.55984 1.50745 1.04976
threshold=-3.2554260492324825 0.55593222379684459 0.86715707182884227 inf -2.2181544303894039 -0.11735825985670088 -2.083382129669189 -0.52471515536308277 -2.6630805730819698 0.60555830597877514 2.0964155197143559
decision_type=2 2 8 8 2 10 8 2 8 8 10
left_child=8 2 3 6 5 -5 -2 -6 -1 -8 -4
right_child=1 -3 10 4 7 -7 9 -9 -10 -11 -12
leaf_value=-0.00013999900205321475 -3.1269934037399361e-05 1.0644335898893488e-05 -1.2918805360720217e-05 0.0044177188294036622 0.00049668720265479073 -4.687225535733484e-05 5.0991172099943998e-06 2.5841258511673743e-05 -5.0908529217249533e-05 -7.230727228011563e-06 4.2413390315420632e-05
leaf_weight=6093 61999 662155 434640 17 365 22 1103410 746 46865 359982 9586
leaf_count=6093 61999 662155 434640 17 365 22 1103410 746 46865 359982 9586
internal_value=-1.24012e-08 1.21757e-06 -1.94932e-06 8.94285e-07 0.000244293 0.00195195 7.1007e-07 0.000181615 -6.11768e-05 2.06553e-06 -1.17229e-05
internal_weight=2.68588e+06 2.63292e+06 1.97077e+06 1.52654e+06 1150 39 1.52539e+06 1111 52958 1.46339e+06 444226
internal_count=2685880 2632922 1970767 1526541 1150 39 1525391 1111 52958 1463392 444226
is_linear=0
shrinkage=0.00523217


Tree=287
num_leaves=12
num_cat=0
split_feature=9 22 20 23 16 24 16 11 11 22 14
split_gain=4.72983 2.80787 2.46306 2.79016 6.42404 3.60344 2.8607 2.29524 1.94367 2.32733 1.67426
threshold=0.35652756690979009 -0.25622746348381037 3.9994294643402104 0.2174726873636246 -0.029556779190897938 -0.79115083813667286 -0.027933298610150811 0.74195003509521495 -0.90246811509132374 -1.2546744942665098 0.44951772689819341
decision_type=10 8 10 10 2 10 2 10 8 10 2
left_child=2 -2 8 4 10 6 -6 -5 9 -1 -4
right_child=1 -3 3 7 5 -7 -8 -9 -10 -11 -12
leaf_value=-6.3269680877533601e-05 -3.6768288145068872e-05 -6.6095236739656512e-06 6.8872420003017649e-05 -3.1789594135884686e-05 0.0017978024358378899 0.0008241515732626424 0.0055612630011042533 0.0001665139329820679 4.2917371573770524e-06 -6.02615055053804e-06 0.0018800219327112044
leaf_weight=20937 132056 234967 194 2802 15.000000000000002 28 10.999999999999998 3698 2017813 273302 13.999999999999998
leaf_count=20937 132056 234967 194 2802 15 28 11 3698 2017813 273302 14
internal_value=-1.04983e-08 -1.7463e-05 2.75155e-06 0.000102458 0.000631074 0.00221985 0.00359217 8.09161e-05 2.45955e-06 -1.01024e-05 0.000204551
internal_weight=2.68584e+06 367023 2.31881e+06 6762 262 54 26 6500 2.31205e+06 294239 208
internal_count=2685837 367023 2318814 6762 262 54 26 6500 2312052 294239 208
is_linear=0
shrinkage=0.00523217


Tree=288
num_leaves=12
num_cat=0
split_feature=0 0 22 0 21 15 22 22 9 9 16
split_gain=7.51089 2.87454 2.1204 2.65044 2.08283 2.76332 1.98135 1.54523 1.06475 1.04612 0.91653
threshold=-3.2554260492324825 0.55593222379684459 0.14086005091667178 -1.0307731032371519 -1.4563212990760801 1.5940275788307192 -0.057399531826376908 -1.5879997014999387 -0.084612384438514696 0.68993252515792858 -0.033588176593184464
decision_type=2 2 8 2 2 2 8 10 8 8 2
left_child=6 2 3 4 5 -2 10 -6 -3 -5 -1
right_child=1 8 -4 9 7 -7 -8 -9 -10 -11 -12
leaf_value=-0.00011729881146119213 6.0252332237628788e-06 1.5582312777611656e-05 5.4774391687774806e-06 -2.338520127344202e-06 -0.00012780132257261251 0.00027740322239540679 -3.3044523731763474e-05 -3.1537707632146882e-05 1.7152396926606307e-06 -2.2908641748537966e-05 -4.3321495977465343e-05
leaf_weight=17228 4996 426851 686600 1101468 4790 1294 29409 99614 235262 72127 6303
leaf_count=17228 4996 426851 686600 1101468 4790 1294 29409 99614 235262 72127 6303
internal_value=-1.62878e-08 1.22407e-06 -1.94425e-06 -5.91263e-06 -3.03875e-05 6.20233e-05 -6.17198e-05 -3.59633e-05 1.06563e-05 -3.60343e-06 -9.75206e-05
internal_weight=2.68594e+06 2.633e+06 1.97089e+06 1.28429e+06 110694 6290 52940 104404 662113 1.1736e+06 23531
internal_count=2685942 2633002 1970889 1284289 110694 6290 52940 104404 662113 1173595 23531
is_linear=0
shrinkage=0.00523217


Tree=289
num_leaves=12
num_cat=0
split_feature=1 1 11 13 3 18 4 23 11 16 4
split_gain=6.00366 1.82822 1.69019 1.55944 1.36591 1.33401 1.23834 3.14544 1.8793 1.22777 1.4086
threshold=1.2354218959808352 2.0017727613449101 -0.90246811509132374 0.38858217000961309 -0.51718407869338978 1.5121512413024905 1.680158317089081 inf 0.90580883622169506 -0.23980046808719632 0.51038417220115673
decision_type=2 2 10 8 10 10 8 8 10 2 10
left_child=2 -2 -1 4 -4 -3 7 -5 -9 10 -6
right_child=1 5 3 6 9 -7 -8 8 -10 -11 -12
leaf_value=-9.5958819965018266e-06 -1.509431808909567e-05 -3.2588146900284838e-05 -4.3092110108953215e-06 -1.4565650213323355e-06 9.2909302646138498e-06 -8.3984074760295557e-05 -3.1791511739628918e-05 3.299590888235812e-05 0.00023906863913371917 5.0677373658319123e-06 2.7608315542043185e-05
leaf_weight=275894 201203 54528 229825 680940 320855 18571 36483 2539 2335 683565 179253
leaf_count=275894 201203 54528 229825 680940 320855 18571 36483 2539 2335 683565 179253
internal_value=-4.75613e-08 -2.32422e-05 2.59024e-06 4.16478e-06 7.36083e-06 -4.56576e-05 -2.08861e-06 -5.07287e-07 0.000131918 9.62739e-06 1.58581e-05
internal_weight=2.68599e+06 274302 2.41169e+06 2.1358e+06 1.4135e+06 73099 722297 685814 4874 1.18367e+06 500108
internal_count=2685991 274302 2411689 2135795 1413498 73099 722297 685814 4874 1183673 500108
is_linear=0
shrinkage=0.00523217


Tree=290
num_leaves=12
num_cat=0
split_feature=0 2 0 12 15 21 0 19 5 15 24
split_gain=7.38178 3.13223 2.60827 2.07135 2.24664 1.7777 1.56933 1.49037 1.40348 1.30739 1.26637
threshold=-3.2554260492324825 -0.62356787919998158 -0.46661463379859919 0.32875788211822515 1.7074555754661562 -2.1818845272064205 0.77730029821395885 -0.80394628643989552 0.048516072332859046 1.8948527574539187 0.29167319834232336
decision_type=2 8 2 10 2 2 2 10 10 2 8
left_child=-1 3 5 4 7 -3 9 -2 -7 10 -4
right_child=1 2 6 -5 -6 8 -8 -9 -10 -11 -12
leaf_value=-6.1158121049514921e-05 -1.0503686837775154e-05 9.4044424408121856e-05 3.6918680566178973e-06 2.3462484376250738e-06 8.3932534647610413e-05 -4.3860610274820867e-06 1.4111193283497051e-05 2.3015475983757358e-05 -2.6316567420044477e-05 -2.272000680265297e-05 -6.7017454910751705e-06
leaf_weight=52913 42599 4009 884640 330560 14910 141642 208979 244916 183522 73513 503602
leaf_count=52913 42599 4009 884640 330560 14910 141642 208979 244916 183522 73513 503602
internal_value=2.80951e-08 1.25808e-06 -1.95216e-06 1.14021e-05 2.12976e-05 -1.54138e-05 6.99615e-07 1.80464e-05 -1.67661e-05 -1.21722e-06 -7.79681e-08
internal_weight=2.6858e+06 2.63289e+06 1.99991e+06 632985 302425 329173 1.67073e+06 287515 325164 1.46176e+06 1.38824e+06
internal_count=2685805 2632892 1999907 632985 302425 329173 1670734 287515 325164 1461755 1388242
is_linear=0
shrinkage=0.00523217


Tree=291
num_leaves=12
num_cat=0
split_feature=9 22 20 11 21 11 10 11 22 15 22
split_gain=4.49188 3.06157 2.68685 2.62868 1.97566 2.20424 4.31971 1.72365 2.17458 1.7026 1.41446
threshold=0.27534173429012304 -0.26150640845298762 3.9994294643402104 0.74195003509521495 -2.0988676548004146 1.1851630210876467 -1.3280146718025205 -0.90246811509132374 -1.2546744942665098 -1.0327684283256529 -1.2185246944427488
decision_type=10 8 10 10 2 10 10 8 10 2 10
left_child=2 10 7 -4 5 6 -5 8 -1 -10 -2
right_child=1 -3 3 4 -6 -7 -8 -9 9 -11 -12
leaf_value=-6.1597474808101758e-05 -7.1262078422195166e-05 -4.8687789684656392e-06 -1.0450205728356542e-05 0.0023863104957996015 0.00013228918622128344 0.00024823400577338064 0.00052295925160712373 4.4801836982680756e-06 -4.0258337658993979e-05 -2.077193389355955e-07 -2.6979076940268586e-05
leaf_weight=20256 23064 289237 2806 40 2750 637 218 1947134 33309 227928 138576
leaf_count=20256 23064 289237 2806 40 2750 637 218 1947134 33309 227928 138576
internal_value=1.12188e-10 -1.50644e-05 3.0394e-06 0.000109659 0.000202315 0.000416122 0.000824515 2.73036e-06 -9.37055e-06 -5.3176e-06 -3.33031e-05
internal_weight=2.68596e+06 450877 2.23508e+06 6451 3645 895 258 2.22863e+06 281493 261237 161640
internal_count=2685955 450877 2235078 6451 3645 895 258 2228627 281493 261237 161640
is_linear=0
shrinkage=0.00523217


Tree=292
num_leaves=12
num_cat=0
split_feature=1 11 13 8 6 4 12 1 18 4 23
split_gain=5.97047 2.0292 1.60604 1.56234 1.74454 1.50096 1.70951 1.44455 1.3661 1.23385 3.06071
threshold=1.5430440902709963 -0.90246811509132374 0.31295143067836767 -2.0719914436340328 -0.77544501423835743 0.4308686256408692 0.29326193034648901 2.2611397504806523 1.1516692042350771 1.680158317089081 inf
decision_type=2 8 8 8 2 8 8 2 10 8 8
left_child=1 -1 5 -2 7 8 -7 -5 -3 10 -4
right_child=3 2 9 4 -6 6 -8 -9 -10 -11 -12
leaf_value=-1.062801803117838e-05 0.00010597802525709621 7.0886677975829321e-07 -1.2647945566889079e-06 -3.344540890397565e-05 -1.2768065709892794e-05 2.5261238099112062e-05 5.9026808640751423e-06 -7.8246064873408385e-05 2.1745549557485154e-05 -2.9157539506050297e-05 0.00012947620505868073
leaf_weight=306215 2268 765016 796685 64749 71746 222273 285322 28400 95014 43227 4931
leaf_count=306215 2268 765016 796685 64749 71746 222273 285322 28400 95014 43227 4931
internal_value=-1.45431e-08 1.99485e-06 3.74228e-06 -3.02952e-05 -3.21751e-05 7.2461e-06 1.43813e-05 -4.7114e-05 3.03391e-06 -1.92872e-06 -4.59373e-07
internal_weight=2.68585e+06 2.51868e+06 2.21247e+06 167163 164895 1.36762e+06 507595 93149 860030 844843 801616
internal_count=2685846 2518683 2212468 167163 164895 1367625 507595 93149 860030 844843 801616
is_linear=0
shrinkage=0.00523217


Tree=293
num_leaves=12
num_cat=0
split_feature=9 2 22 22 4 8 6 18 4 11 13
split_gain=4.50232 2.76226 2.7276 2.11216 1.62481 1.84398 2.81971 1.55165 1.53697 1.53094 1.52809
threshold=0.35652756690979009 -0.62356787919998158 -0.25622746348381037 -0.98321911692619313 2.8695944547653203 inf -0.035053735598921769 -2.0896196365356441 -1.9032611250877378 -0.85620513558387745 0.25078175961971289
decision_type=10 8 8 10 8 8 2 8 8 8 8
left_child=1 10 -2 9 5 7 -7 -5 -4 -3 -1
right_child=2 3 8 4 -6 6 -8 -9 -10 -11 -12
leaf_value=1.7347981893474295e-05 -3.6064055956202717e-05 -5.1754239017816979e-05 -7.9485509870845579e-05 5.9679189268960024e-05 -7.6136948595809816e-05 0.00063727780095109256 7.7188564000249058e-05 1.0390228790440927e-06 -3.886127988542646e-06 -1.076241495007168e-05 -2.7101491084512241e-06
leaf_weight=440610 132025 30092 7609 12452 7374 293 1540 1544164 227383 146291 136004
leaf_count=440610 132025 30092 7609 12452 7374 293 1540 1544164 227383 146291 136004
internal_value=-5.58494e-09 2.68919e-06 -1.70334e-05 -5.95663e-07 1.3374e-06 1.70456e-06 0.000167508 1.50867e-06 -6.33783e-06 -1.77607e-05 1.26155e-05
internal_weight=2.68584e+06 2.31882e+06 367017 1.74221e+06 1.56582e+06 1.55845e+06 1833 1.55662e+06 234992 176383 576614
internal_count=2685837 2318820 367017 1742206 1565823 1558449 1833 1556616 234992 176383 576614
is_linear=0
shrinkage=0.00523217


Tree=294
num_leaves=12
num_cat=0
split_feature=0 0 8 3 5 3 3 8 20 5 8
split_gain=7.13865 2.76986 1.94185 1.74998 1.81375 1.71326 1.62036 1.55129 1.54216 1.44562 1.43589
threshold=-3.2554260492324825 0.4840973317623139 -0.70040297508239735 -2.083382129669189 inf -2.924421906471252 -2.6630805730819698 -2.0719914436340328 0.1649470999836922 1.1347486376762392 0.13967196643352511
decision_type=2 2 8 8 8 10 8 10 10 10 8
left_child=6 2 7 4 -4 -6 -1 -2 -5 -9 -10
right_child=1 -3 3 8 5 -7 -8 9 10 -11 -12
leaf_value=-0.000140532969643235 5.4897984093962115e-05 9.2836737806113205e-06 -3.2781156494140011e-05 -1.942727614224122e-06 -7.1731365184258424e-05 0.00026548628605585766 -4.9674221015896583e-05 -8.0776691088356488e-06 -5.6138529504170616e-07 -3.158388562112535e-05 1.8468482382913992e-05
leaf_weight=6083 9704 807834 54301 783225 657 1091 46897 448236 190500 85292 252063
leaf_count=6083 9704 807834 54301 783225 657 1091 46897 448236 190500 85292 252063
internal_value=6.90972e-09 1.21722e-06 -2.35281e-06 1.16002e-06 -2.74279e-05 0.000138318 -6.01244e-05 -1.06433e-05 2.46788e-06 -1.1837e-05 1.02753e-05
internal_weight=2.68588e+06 2.6329e+06 1.82507e+06 1.28184e+06 56049 1748 52980 543232 1.22579e+06 533528 442563
internal_count=2685883 2632903 1825069 1281837 56049 1748 52980 543232 1225788 533528 442563
is_linear=0
shrinkage=0.00523217


Tree=295
num_leaves=12
num_cat=0
split_feature=0 2 0 21 0 13 15 7 16 3 18
split_gain=6.95683 3.04515 2.52078 1.9775 1.68085 1.66722 1.62774 5.44526 1.5067 1.63543 1.11866
threshold=-3.2554260492324825 -0.62356787919998158 -1.0307731032371519 -2.1818845272064205 0.77730029821395885 0.25857381522655493 1.5940275788307192 1.9629154801368716 -0.19932434707880017 -1.8051789402961729 1.8428696393966677
decision_type=2 8 2 2 2 10 2 10 2 8 8
left_child=8 5 3 6 -4 -2 -3 -8 9 -1 -10
right_child=1 2 4 -5 -6 -7 7 -9 10 -11 -12
leaf_value=-0.0001726451811135462 1.5909472511014934e-05 6.1843145176172052e-05 -1.9806497875519241e-06 -2.314509677794532e-05 1.3784235672842082e-05 -4.1170089697607893e-06 0.00023745744875892675 0.0022242338104039592 -6.9785144251724071e-06 -6.6607995202719219e-05 -0.00010176223253748637
leaf_weight=4696 484322 1263 1622486 166680 208991 148677 382 41 17353 26692 4248
leaf_count=4696 484322 1263 1622486 166680 208991 148677 382 41 17353 26692 4248
internal_value=7.71794e-09 1.20265e-06 -1.96277e-06 -2.1337e-05 -1.81262e-07 1.12044e-05 0.000156829 0.000437584 -5.93477e-05 -8.25038e-05 -2.56602e-05
internal_weight=2.68583e+06 2.63284e+06 1.99984e+06 168366 1.83148e+06 632999 1686 423 52989 31388 21601
internal_count=2685831 2632842 1999843 168366 1831477 632999 1686 423 52989 31388 21601
is_linear=0
shrinkage=0.00523217


Tree=296
num_leaves=12
num_cat=0
split_feature=11 22 5 16 13 4 12 15 22 4 5
split_gain=3.34668 3.8523 2.31316 1.89514 1.78523 1.49269 1.47342 1.98392 1.40586 1.13005 3.0228
threshold=-0.86514216661453236 -1.1528852581977842 2.6755261421203618 -1.1726148128509519 0.31295143067836767 0.4308686256408692 0.29326193034648901 1.061493515968323 -1.9874526858329771 1.680158317089081 2.6755261421203618
decision_type=8 10 10 2 8 8 8 2 8 8 8
left_child=1 -1 4 -3 5 8 7 -7 -2 10 -6
right_child=2 3 -4 -5 9 6 -8 -9 -10 -11 -12
leaf_value=-6.5800309169469282e-05 -7.6058685533228216e-05 -4.715929464231238e-05 -3.1506526096745398e-05 -5.151699401526497e-06 -1.9633939745499549e-06 1.8982495157678422e-05 6.2049105584029845e-06 7.0935869993288291e-05 3.3659921057010414e-06 -2.7810838187930474e-05 0.00012870648719411537
leaf_weight=35749 6143 32267 53659 331803 818674 199466 282169 22396 852569 46098 4874
leaf_count=35749 6143 32267 53659 331803 818674 199466 282169 22396 852569 46098 4874
internal_value=-3.15662e-09 -1.3969e-05 2.43905e-06 -8.87712e-06 3.25537e-06 6.99326e-06 1.41412e-05 2.42309e-05 2.79677e-06 -2.60102e-06 -1.18889e-06
internal_weight=2.68587e+06 399819 2.28605e+06 364070 2.23239e+06 1.36274e+06 504031 221862 858712 869646 823548
internal_count=2685867 399819 2286048 364070 2232389 1362743 504031 221862 858712 869646 823548
is_linear=0
shrinkage=0.00523217


Tree=297
num_leaves=12
num_cat=0
split_feature=1 2 12 15 3 1 15 1 1 3 24
split_gain=5.78484 2.07461 2.41694 2.11318 1.71583 1.71366 1.57234 12.9064 1.91539 1.51459 2.73871
threshold=1.2354218959808352 -0.4469750821590423 0.2564819753170014 0.4130567610263825 0.6371276080608369 2.0017727613449101 3.574918389320374 0.1762637794017792 -2.5488176345825191 -0.20501197874546048 -0.01807667966932058
decision_type=2 8 10 2 8 2 2 2 2 10 8
left_child=1 2 3 -1 -5 -2 -4 8 -8 -3 -11
right_child=5 9 6 4 -6 -7 7 -9 -10 10 -12
leaf_value=1.388915837919647e-05 -1.4869428797462289e-05 -7.4515757438172273e-06 1.453333199006167e-06 6.6368035055965047e-05 1.0805641869587399e-05 -4.4466808086962204e-05 0.001682509914720239 0.0064194612004775369 0.00011377905907340388 1.2590036746301539e-05 -4.0302034314177306e-06
leaf_weight=237075 201173 576833 417796 43966 23325 73058 21 7.9999999999999991 631 470213 641875
leaf_count=237075 201173 576833 417796 43966 23325 73058 21 8 631 470213 641875
internal_value=1.31815e-08 2.60271e-06 1.00205e-05 2.1239e-05 4.7121e-05 -2.27576e-05 1.85874e-06 0.000256813 0.000168488 -5.7149e-07 2.99645e-06
internal_weight=2.68597e+06 2.41174e+06 722822 304366 67291 274231 418456 660 652 1.68892e+06 1.11209e+06
internal_count=2685974 2411743 722822 304366 67291 274231 418456 660 652 1688921 1112088
is_linear=0
shrinkage=0.00523217


Tree=298
num_leaves=12
num_cat=0
split_feature=6 10 23 16 15 14 8 16 6 18 8
split_gain=3.56156 1.60215 4.09082 4.82663 10.7527 4.56758 2.97001 1.50977 1.41153 1.25863 1.22941
threshold=-0.701848804950714 0.89672210812568676 inf -0.038405347615480416 -0.0094579216092824919 -0.43714973330497736 0.91276258230209362 1.2102094292640688 -4.1601626873016349 -2.0896196365356441 -2.0719914436340328
decision_type=2 8 8 2 2 2 10 2 2 8 10
left_child=8 2 7 -4 6 -6 -5 9 -1 -2 -10
right_child=1 -3 3 4 5 -7 -8 -9 10 -11 -12
leaf_value=-7.343379535679384e-05 5.187198149720059e-05 -7.9880705925701775e-06 1.5160760344703781e-05 0.0014378528293719202 -7.290132116200095e-05 0.0012169761852342169 0.0053913245086914278 -9.7043208000384202e-06 5.1483367312607625e-05 5.3450651720585403e-06 -1.3841609679970617e-05
leaf_weight=10702 16068 335863 409 10.000000000000002 147 150 15.999999999999998 191416 8041 1726929 396071
leaf_count=10702 16068 335863 409 10 147 150 16 191416 8041 1726929 396071
internal_value=-1.49217e-08 2.5598e-06 4.3909e-06 0.000395153 0.000872032 0.0005781 0.00402895 4.24238e-06 -1.41128e-05 5.77447e-06 -1.25396e-05
internal_weight=2.68582e+06 2.27101e+06 1.93514e+06 732 323 297 26 1.93441e+06 414814 1.743e+06 404112
internal_count=2685822 2271008 1935145 732 323 297 26 1934413 414814 1742997 404112
is_linear=0
shrinkage=0.00523217


Tree=299
num_leaves=12
num_cat=0
split_feature=6 11 5 7 5 11 15 11 18 16 11
split_gain=3.51492 2.08323 1.98687 1.37694 2.4883 5.10816 3.60669 1.78324 1.31162 1.25965 1.20657
threshold=-0.701848804950714 -0.87423527240753163 1.7492436170578005 1.2892325520515444 inf 0.90580883622169506 0.11771810054779054 3.9579920768737797 -2.0896196365356441 -0.19128084927797315 -0.81863927841186512
decision_type=2 8 10 8 8 10 2 10 10 2 10
left_child=2 9 10 4 8 6 -6 -7 -3 -2 -1
right_child=1 3 -4 -5 5 7 -8 -9 -10 -11 -12
leaf_value=-3.0504223681471042e-05 -1.9941997059498428e-05 5.1418738166904698e-05 -3.9246545996435174e-05 -1.2588824593475889e-05 -6.428352736387278e-05 0.00061681216372677487 0.0016349923799098161 -0.00020864944223883419 5.1066981517210702e-06 5.2061366671779378e-07 -4.3834538500474547e-06
leaf_weight=58321 163238 16901 70866 119541 1205 675 34 78 1803187 166058 285600
leaf_count=58321 163238 16901 70866 119541 1205 675 34 78 1803187 166058 285600
internal_value=-1.07527e-08 2.54708e-06 -1.40165e-05 4.61113e-06 5.74001e-06 0.000190518 -1.54914e-05 0.000530048 5.53722e-06 -9.62067e-06 -8.81535e-06
internal_weight=2.6857e+06 2.27092e+06 414787 1.94162e+06 1.82208e+06 1992 1239 753 1.82009e+06 329296 343921
internal_count=2685704 2270917 414787 1941621 1822080 1992 1239 753 1820088 329296 343921
is_linear=0
shrinkage=0.00523217


Tree=300
num_leaves=12
num_cat=0
split_feature=0 2 0 12 15 19 4 20 20 23 0
split_gain=6.9659 2.98857 2.45043 1.99717 2.21395 1.45075 1.32356 2.19835 1.68251 1.48658 1.26296
threshold=-3.2554260492324825 -0.62356787919998158 -0.035449102520942681 0.32875788211822515 1.7074555754661562 -0.80394628643989552 -1.615180969238281 2.5213533639907841 2.7766770124435429 inf 0.77730029821395885
decision_type=2 8 2 10 2 10 8 10 8 8 2
left_child=-1 3 6 4 5 -2 8 -8 9 -3 -4
right_child=1 2 10 -5 -6 -7 7 -9 -10 -11 -12
leaf_value=-5.94340550078994e-05 -1.0593366307609593e-05 -2.0315342596637963e-05 -1.8085436387123369e-07 2.1800498586633027e-06 8.2965340495334553e-05 2.246627226668466e-05 -1.0744287871444702e-05 3.2733942336303973e-05 -8.5847508310792295e-05 0.00054824471808595412 1.3788052070975382e-05
leaf_weight=52970 42631 41738 1163646 330421 14911 244959 538077 33829 13472 125 208988
leaf_count=52970 42631 41738 1163646 330421 14911 244959 538077 33829 13472 125 208988
internal_value=-2.84496e-08 1.16647e-06 -1.96921e-06 1.10757e-05 2.07897e-05 1.75628e-05 -1.0537e-05 -8.17103e-06 -3.49754e-05 -1.8583e-05 1.94538e-06
internal_weight=2.68577e+06 2.6328e+06 1.99988e+06 632922 302501 287590 627241 571906 55335 41863 1.37263e+06
internal_count=2685767 2632797 1999875 632922 302501 287590 627241 571906 55335 41863 1372634
is_linear=0
shrinkage=0.00523217


Tree=301
num_leaves=12
num_cat=0
split_feature=1 22 22 2 12 22 7 19 3 23 18
split_gain=5.57023 2.93172 2.20052 2.04291 2.39892 2.01931 1.63896 1.56733 1.36411 1.47566 1.37336
threshold=1.2354218959808352 0.11523725837469102 -1.7234337925910947 -0.4469750821590423 0.23398526757955554 -0.94339400529861439 0.8397873342037202 -0.69518744945526112 -0.61385735869407643 inf -2.0896196365356441
decision_type=2 8 10 8 10 10 8 10 10 8 8
left_child=3 2 -2 4 7 -5 -3 -1 -7 10 -10
right_child=1 6 -4 5 -6 8 -8 -9 9 -11 -12
leaf_value=-4.2489937177786362e-06 -0.00014748670565712112 9.1171374643967933e-06 -3.4118134672055891e-05 -1.7519596765691042e-05 1.9833563029051852e-06 -8.2315052208048395e-06 -3.2593424050930964e-05 2.7045580302432419e-05 6.2951365918461426e-05 -0.00016439807256212946 3.5724639395185598e-06
leaf_weight=53454 4846 86195 146510 173388 427599 321715 36792 241786 10761 1423 1181396
leaf_count=53454 4846 86195 146510 173388 427599 321715 36792 241786 10761 1423 1181396
internal_value=3.28555e-09 -2.2336e-05 -3.77543e-05 2.54502e-06 9.90569e-06 -6.05239e-07 -3.35439e-06 2.13769e-05 1.32967e-06 3.90745e-06 4.10918e-06
internal_weight=2.68586e+06 274343 151356 2.41152e+06 722839 1.68868e+06 122987 295240 1.5153e+06 1.19358e+06 1.19216e+06
internal_count=2685865 274343 151356 2411522 722839 1688683 122987 295240 1515295 1193580 1192157
is_linear=0
shrinkage=0.00523217


Tree=302
num_leaves=12
num_cat=0
split_feature=1 9 20 1 12 8 3 8 6 15 5
split_gain=5.5695 1.87064 2.16271 2.47092 6.79392 9.97294 1.76859 1.49438 1.6973 1.43639 1.36738
threshold=1.5430440902709963 0.120376855134964 3.9994294643402104 -1.328833222389221 -1.5847278237342832 0.33590453863143926 -0.51718407869338978 -2.0719914436340328 -0.77544501423835743 -0.43127551674842829 inf
decision_type=2 10 10 2 10 10 8 8 2 2 8
left_child=1 2 6 4 -4 -6 -1 -2 -9 -3 -8
right_child=7 9 3 -5 5 -7 10 8 -10 -11 -12
leaf_value=-6.2440722468227311e-06 0.00010387918691465351 4.3237686689050287e-06 2.0466724405199248e-05 9.6898984581314895e-05 0.0012016339799963652 0.0071068307199354712 6.883621988981309e-06 -4.5785607276571358e-05 -1.1908599858133242e-05 -1.2083514838186375e-05 -0.00015009173808095097
leaf_weight=353815 2274 234178 149 3418 64 7.9999999999999991 1537485 93207 71716 387985 1519
leaf_count=353815 2274 234178 149 3418 64 8 1537485 93207 71716 387985 1519
internal_value=2.37635e-08 1.96533e-06 4.54828e-06 0.000131965 0.00066729 0.00197293 4.30281e-06 -2.92186e-05 -3.10594e-05 -5.90664e-06 6.72805e-06
internal_weight=2.68582e+06 2.51862e+06 1.89646e+06 3639 221 72 1.89282e+06 167197 164923 622163 1.539e+06
internal_count=2685818 2518621 1896458 3639 221 72 1892819 167197 164923 622163 1539004
is_linear=0
shrinkage=0.00523217


Tree=303
num_leaves=12
num_cat=0
split_feature=9 2 5 3 5 11 3 24 11 6 15
split_gain=4.30938 2.40738 2.08061 1.48812 1.87522 2.97317 2.2623 1.72345 1.27535 1.10683 1.05817
threshold=0.27534173429012304 -0.62356787919998158 1.1671420335769656 -0.44862213730812067 inf 0.76283988356590282 -3.700837135314941 -0.01807667966932058 -0.63022291660308827 -0.26783387362956995 -0.087962906807661043
decision_type=10 8 10 8 8 10 10 8 10 2 2
left_child=1 -1 8 4 -3 10 -7 -5 -2 -4 -6
right_child=2 3 9 7 5 6 -8 -9 -10 -11 -12
leaf_value=1.2347975572093287e-05 -2.3860898554030913e-05 -1.0072039655779458e-05 -5.1428734047471329e-05 9.5558121441735004e-06 -0.00018873306111208581 -0.00028302987939058451 0.00030561721727888179 -2.7842849415097102e-06 -2.8386304050086951e-06 -1.0404934535686696e-05 3.8720833113553576e-05
leaf_weight=560275 115060 412424 56772 554881 669 196 1807 701420 252428 26445 3401
leaf_count=560275 115060 412424 56772 554881 669 196 1807 701420 252428 26445 3401
internal_value=-1.62371e-08 2.95961e-06 -1.47754e-05 -1.80628e-07 -8.72623e-06 8.25214e-05 0.000247483 2.66543e-06 -9.42292e-06 -3.8402e-05 1.09223e-06
internal_weight=2.68578e+06 2.23507e+06 450705 1.6748e+06 418497 6073 2003 1.2563e+06 367488 83217 4070
internal_count=2685778 2235073 450705 1674798 418497 6073 2003 1256301 367488 83217 4070
is_linear=0
shrinkage=0.00523217


Tree=304
num_leaves=12
num_cat=0
split_feature=2 6 13 24 3 11 8 2 11 3 15
split_gain=3.49622 2.43068 1.91006 1.76579 1.68268 1.31609 1.23064 1.25257 1.284 1.13287 1.11485
threshold=0.13789775967597964 -0.47902627289295191 0.25857381522655493 -0.044720912352204316 0.17141897976398471 -0.98882928490638722 -2.0719914436340328 1.8837870359420779 -0.79270121455192555 -2.083382129669189 2.696733951568604
decision_type=8 2 10 8 8 8 8 10 10 8 2
left_child=2 6 5 4 -3 -1 -2 8 -8 -7 -11
right_child=1 3 -4 -5 -6 9 7 -9 -10 10 -12
leaf_value=-1.2204098725629153e-05 5.1142471924478058e-05 -1.5560296393241104e-06 -3.5612401149857116e-06 -8.8605681854583706e-06 1.9013127790912488e-05 -3.5210189711815779e-05 -3.6784348005785578e-05 -4.9012326535600809e-05 -1.0370568451881062e-05 1.1894763657381749e-05 7.2717146679422326e-05
leaf_weight=67741 6892 337026 406388 496215 160790 13843 64047 35159 236919 852507 8335
leaf_count=67741 6892 337026 406388 496215 160790 13843 64047 35159 236919 852507 8335
internal_value=-2.42137e-08 -6.02024e-06 5.91891e-06 -1.87523e-06 5.08604e-06 1.00077e-05 -1.80297e-05 -1.94506e-05 -1.59943e-05 1.17289e-05 1.24847e-05
internal_weight=2.68586e+06 1.33705e+06 1.34881e+06 994031 497816 942426 343017 336125 300966 874685 860842
internal_count=2685862 1337048 1348814 994031 497816 942426 343017 336125 300966 874685 860842
is_linear=0
shrinkage=0.00523217


Tree=305
num_leaves=12
num_cat=0
split_feature=0 0 8 7 20 3 16 8 0 3 20
split_gain=6.62461 2.63329 1.81817 1.70727 2.5844 1.4779 1.48226 1.41851 1.24622 1.22145 1.20738
threshold=-3.2554260492324825 0.55593222379684459 -0.70040297508239735 0.60555830597877514 -0.50754293799400318 -2.6630805730819698 -0.19932434707880017 -2.0719914436340328 -0.85946616530418385 -0.67735004425048817 0.66975432634353649
decision_type=2 2 8 8 10 8 2 10 2 8 10
left_child=5 2 7 4 -4 -1 -7 10 -9 -6 -2
right_child=1 -3 3 -5 9 6 -8 8 -10 -11 -12
leaf_value=-0.00013471637252941858 -2.1307596755442121e-05 1.0233356457376286e-05 -7.8757381726511903e-06 -8.5232807588104954e-06 -6.3393487199905185e-06 -7.0923626893702705e-05 -1.026169911245155e-05 -2.8135022893783909e-05 -7.2659817560027815e-06 1.2926635161891527e-05 9.7903809460654214e-05
leaf_weight=6078 3738 662084 310068 353932 105187 29096 17811 93967 472290 625359 6112
leaf_count=6078 3738 662084 310068 353932 105187 29096 17811 93967 472290 625359 6112
internal_value=3.94541e-08 1.20551e-06 -1.82719e-06 1.40251e-06 4.77924e-06 -5.78836e-05 -4.79077e-05 -9.6465e-06 -1.07305e-05 1.01515e-05 5.25853e-05
internal_weight=2.68572e+06 2.63274e+06 1.97065e+06 1.39455e+06 1.04061e+06 52985 46907 576107 566257 730546 9850
internal_count=2685722 2632737 1970653 1394546 1040614 52985 46907 576107 566257 730546 9850
is_linear=0
shrinkage=0.00523217


Tree=306
num_leaves=12
num_cat=0
split_feature=0 0 8 3 8 3 20 21 20 20 4
split_gain=6.70148 2.66829 1.7454 1.63435 1.58675 1.50471 1.50257 3.34977 1.45608 1.32099 1.16031
threshold=-3.2554260492324825 0.4392379373311997 -0.70040297508239735 -2.2456966638565059 -2.0719914436340328 -2.6630805730819698 3.9994294643402104 -2.1818845272064205 -0.88189774751663197 0.17559109628200534 -1.3988389968872068
decision_type=2 2 8 8 10 8 10 2 10 10 8
left_child=5 2 4 -4 -2 -1 9 -8 -3 -5 -6
right_child=1 8 3 6 10 -7 7 -9 -10 -11 -12
leaf_value=-0.00013573094490689489 5.6068012585966279e-05 -2.4701532394105649e-06 -2.9875140927992245e-05 -2.4786002570457663e-06 -3.1490341071412607e-05 -4.8180898775159816e-05 0.00058069480495915606 4.4912409267706699e-05 1.2505741317179649e-05 9.1003578652598418e-06 -8.7064757846279883e-06
leaf_weight=6085 9581 243090 45657 734336 71113 46877 385 1876 660192 426261 440400
leaf_count=6085 9581 243090 45657 734336 71113 46877 385 1876 660192 426261 440400
internal_value=1.32684e-08 1.18575e-06 -2.62034e-06 8.3038e-07 -1.06247e-05 -5.82578e-05 2.03668e-06 0.000136755 8.47456e-06 1.7734e-06 -1.18756e-05
internal_weight=2.68585e+06 2.63289e+06 1.72961e+06 1.20852e+06 521094 52962 1.16286e+06 2261 903282 1.1606e+06 511513
internal_count=2685853 2632891 1729609 1208515 521094 52962 1162858 2261 903282 1160597 511513
is_linear=0
shrinkage=0.00523217


Tree=307
num_leaves=12
num_cat=0
split_feature=0 9 0 15 4 11 11 10 15 19 5
split_gain=6.53698 2.57803 1.97743 1.39279 1.15771 1.11878 1.11389 1.01248 1.00582 0.972341 3.82723
threshold=-3.2554260492324825 0.27534173429012304 0.53978511691093456 -0.41748072206974024 -1.3988389968872068 0.31740771234035497 -0.93323659896850575 inf -1.1847674846649168 inf inf
decision_type=2 10 2 2 10 8 10 8 2 8 8
left_child=-1 2 8 6 -5 -4 -3 -6 -2 10 -10
right_child=1 3 5 4 7 -7 -8 -9 9 -11 -12
leaf_value=-5.7538809237630272e-05 -1.4814442258110949e-05 -2.8781794324971241e-05 5.6505749712154467e-06 -4.8027489565128934e-05 -1.3931840265973603e-05 1.9899965379155244e-05 6.3075517618618537e-06 -0.00033280040672316764 1.187107545721624e-06 -8.3487797764052581e-05 0.00015278784618468137
leaf_weight=52974 112082 29727 385029 32210 211853 248235 148350 272 1456972 3679 4572
leaf_count=52974 112082 29727 385029 32210 211853 248235 148350 272 1456972 3679 4572
internal_value=6.05063e-09 1.16415e-06 3.4276e-06 -1.0679e-05 -1.87899e-05 1.12375e-05 4.45305e-07 -1.43464e-05 2.91514e-07 1.4476e-06 1.66202e-06
internal_weight=2.68596e+06 2.63298e+06 2.21057e+06 422412 244335 633264 178077 212125 1.5773e+06 1.46522e+06 1.46154e+06
internal_count=2685955 2632981 2210569 422412 244335 633264 178077 212125 1577305 1465223 1461544
is_linear=0
shrinkage=0.00523217


Tree=308
num_leaves=12
num_cat=0
split_feature=0 0 7 20 4 9 20 17 9 12 5
split_gain=6.39936 2.53772 1.7219 2.03172 1.96703 1.26647 1.4411 1.21969 1.18533 1.15042 1.11189
threshold=-3.2554260492324825 0.47876988351345068 0.60555830597877514 -0.17591686546802518 0.33020098507404333 -0.075562622398138032 -0.79310226440429676 -0.1323742792010307 0.68993252515792858 -1.1186975240707395 0.028489075601100925
decision_type=2 2 8 10 8 8 10 2 10 8 10
left_child=9 2 3 -2 7 -3 -7 -5 -6 -1 -4
right_child=1 5 10 4 8 6 -8 -9 -10 -11 -12
leaf_value=-8.6468666409874494e-05 -5.9233317402066829e-06 1.3734519924802948e-05 -2.7317110202653714e-06 1.0332813143156231e-05 2.0680672918370587e-05 -1.5864117831200593e-05 8.4903729849253974e-06 -8.3058909065769127e-06 -2.758648610446748e-05 -3.6721283529587344e-05 -1.7542062595905654e-05
leaf_weight=21459 591727 522953 285865 170837 260865 100884 195206 219729 14699 31498 269960
leaf_count=21459 591727 522953 285865 170837 260865 100884 195206 219729 14699 31498 269960
internal_value=4.88056e-08 1.19458e-06 -2.25709e-06 1.13124e-06 7.39906e-06 8.8389e-06 1.8955e-07 -1.51095e-07 1.8103e-05 -5.68963e-05 -9.92645e-06
internal_weight=2.68568e+06 2.63272e+06 1.81368e+06 1.25786e+06 666130 819043 296090 390566 275564 52957 555825
internal_count=2685682 2632725 1813682 1257857 666130 819043 296090 390566 275564 52957 555825
is_linear=0
shrinkage=0.00523217


Tree=309
num_leaves=12
num_cat=0
split_feature=2 11 16 2 8 17 21 11 20 15 20
split_gain=3.40482 1.58183 2.25654 1.94704 1.62938 1.36707 2.00037 1.3127 1.55411 1.78542 1.36707
threshold=0.13789775967597964 -0.78441807627677906 -0.22366837412118909 1.8837870359420779 -2.0719914436340328 -2.0397974252700801 -2.285636186599731 -0.98882928490638722 -0.54174992442131031 1.2750778794288637 0.06486110016703607
decision_type=8 8 2 8 8 2 2 8 8 2 10
left_child=7 2 -2 -3 -5 6 -6 -1 -9 -10 -11
right_child=1 3 -4 4 5 -7 -8 8 9 10 -12
leaf_value=-1.1354318719356727e-05 -3.0942383274663271e-05 -1.2335777571524111e-06 -1.6250911041710954e-06 8.6293851074297187e-05 0.00059462618904965105 -4.4660907926269807e-05 3.948283158361787e-05 -9.8026179110997193e-07 9.4019054048245038e-06 1.5289821319566583e-05 6.5884904381122462e-05
leaf_weight=111009 148684 993418 139238 2960 201 50958 1507 404998 774039 30838 27888
leaf_count=111009 148684 993418 139238 2960 201 50958 1507 404998 774039 30838 27888
internal_value=1.31097e-08 -5.90365e-06 -1.67675e-05 -2.92117e-06 -3.30445e-05 -3.97687e-05 0.000105649 5.87868e-06 7.42488e-06 1.15135e-05 3.93311e-05
internal_weight=2.68574e+06 1.33697e+06 287922 1.04904e+06 55626 52666 1708 1.34877e+06 1.23776e+06 832765 58726
internal_count=2685738 1336966 287922 1049044 55626 52666 1708 1348772 1237763 832765 58726
is_linear=0
shrinkage=0.00523217


Tree=310
num_leaves=12
num_cat=0
split_feature=1 22 22 9 20 1 16 17 22 9 9
split_gain=5.19887 2.94481 2.07247 1.63997 1.60264 1.67317 5.84821 5.42444 1.59486 1.42132 1.40584
threshold=1.2354218959808352 0.11523725837469102 -1.7234337925910947 -0.024145352654159066 3.4190702438354497 -2.2956392765045162 -0.027933298610150811 -2.3464462757110591 -0.12748708575963971 -0.55119714140892018 0.54245054721832286
decision_type=2 8 10 8 10 2 2 2 8 10 8
left_child=3 2 -2 4 9 6 7 -6 -5 -1 -4
right_child=1 -3 10 8 5 -7 -8 -9 -10 -11 -12
leaf_value=-5.3132054515951683e-06 -0.00014353137386476021 -2.5672561102320034e-06 -2.3097809487097927e-05 -9.833655500507041e-06 0.0033511505837507788 7.1842680907157014e-05 0.0038989054738352083 0.000121605746041301 3.5074215345934805e-06 8.1583726435372794e-06 -5.8770238530007217e-05
leaf_weight=263055 4847 122923 103728 462043 13.999999999999998 5816 11.999999999999998 244 522822 1157589 42776
leaf_count=263055 4847 122923 103728 462043 14 5816 12 244 522822 1157589 42776
internal_value=-1.26643e-08 -2.1598e-05 -3.70488e-05 2.44194e-06 6.02692e-06 9.07513e-05 0.000493006 0.000314435 -2.75065e-06 5.66333e-06 -3.35193e-05
internal_weight=2.68587e+06 274274 151351 2.4116e+06 1.42673e+06 6086 270 258 984865 1.42064e+06 146504
internal_count=2685869 274274 151351 2411595 1426730 6086 270 258 984865 1420644 146504
is_linear=0
shrinkage=0.00523217


Tree=311
num_leaves=12
num_cat=0
split_feature=9 20 23 16 6 9 15 3 5 5 17
split_gain=4.14681 2.42109 2.70985 6.39916 3.42403 4.37304 3.08934 2.35444 2.07647 2.06384 1.94824
threshold=0.35652756690979009 3.9994294643402104 0.2174726873636246 -0.029556779190897938 0.016487339511513713 -0.054173912853002541 0.11771810054779054 -0.61385735869407643 inf 1.1671420335769656 -2.2181544303894039
decision_type=10 10 10 2 2 10 2 8 8 8 2
left_child=1 7 3 6 -5 -6 10 8 -1 -2 -3
right_child=9 2 -4 4 5 -7 -8 -9 -10 -11 -12
leaf_value=-1.0513201393157387e-05 -1.0188057371057039e-05 0.0023879544505883664 8.0278422503485776e-05 0.0011318596822697542 0.0012372522506669183 0.006421964946996166 0.0026534713573629146 4.7529882263597276e-06 8.2351006688283606e-05 -4.1339516350406021e-05 -7.8720922831863408e-05
leaf_weight=407841 294402 7.9999999999999991 6491 34 10.000000000000002 8.9999999999999982 11.999999999999998 1897488 6697 72615 188
leaf_count=407841 294402 8 6491 34 10 9 12 1897488 6697 72615 188
internal_value=-1.2079e-08 2.57414e-06 0.0001015 0.000623481 0.00222677 0.00396524 0.000200837 2.28484e-06 -9.01078e-06 -1.63537e-05 3.15972e-05
internal_weight=2.6858e+06 2.31878e+06 6752 261 53 19 208 2.31203e+06 414538 367017 196
internal_count=2685795 2318778 6752 261 53 19 208 2312026 414538 367017 196
is_linear=0
shrinkage=0.00523217


Tree=312
num_leaves=12
num_cat=0
split_feature=9 22 2 22 4 5 13 13 18 22 12
split_gain=4.02812 2.98742 2.32312 1.72076 1.55853 2.42485 2.08534 1.51884 1.51428 1.39311 1.35294
threshold=0.27534173429012304 -0.26150640845298762 -0.62356787919998158 -0.98321911692619313 2.8695944547653203 inf 2.7041847705841069 0.25857381522655493 -2.0896196365356441 -1.2185246944427488 0.2564819753170014
decision_type=10 8 8 10 8 8 10 10 10 10 10
left_child=2 9 7 -4 5 8 -7 10 -5 -2 -1
right_child=1 -3 3 4 -6 6 -8 -9 -10 -11 -12
leaf_value=2.7509655720113749e-05 -6.9965942479563426e-05 -4.212070252361999e-06 -1.6001701773514993e-05 5.9606819611948228e-05 -7.4462249763647718e-05 7.4564949703170773e-05 0.00039154391822031744 -3.5608158735874467e-06 1.1267781467564678e-06 -2.602320291899644e-05 8.7578956762888531e-06
leaf_weight=184956 23070 289229 170032 12221 7345 2853 712 130310 1481498 138552 245088
leaf_count=184956 23070 289229 170032 12221 7345 2853 712 130310 1481498 138552 245088
internal_value=-1.66102e-08 -1.42833e-05 2.86094e-06 -2.24232e-07 1.55819e-06 1.93171e-06 0.000138206 1.20826e-05 1.60582e-06 -3.2301e-05 1.68247e-05
internal_weight=2.68587e+06 450851 2.23502e+06 1.67466e+06 1.50463e+06 1.49728e+06 3565 560354 1.49372e+06 161622 430044
internal_count=2685866 450851 2235015 1674661 1504629 1497284 3565 560354 1493719 161622 430044
is_linear=0
shrinkage=0.00523217


Tree=313
num_leaves=12
num_cat=0
split_feature=9 22 2 20 23 13 4 22 4 5 20
split_gain=3.9567 2.60394 2.50753 2.25301 2.53654 6.65875 6.87661 2.11049 1.54049 1.75822 1.54033
threshold=0.35652756690979009 -0.25622746348381037 -0.62356787919998158 3.9994294643402104 0.2174726873636246 0.95331943035125744 -1.0875161886215208 -0.98321911692619313 2.0889402627944951 inf -0.15989544987678525
decision_type=10 8 8 10 10 10 8 10 8 8 8
left_child=2 -2 10 7 5 -5 -7 -4 9 -9 -1
right_child=1 -3 3 4 -6 6 -8 8 -10 -11 -12
leaf_value=3.5873222484785001e-06 -3.4554666529227531e-05 -5.5128963540618219e-06 -1.820445302644512e-05 -0.00019633300691875887 8.1634277237608357e-05 0.002787389822340362 -4.299295694308363e-05 1.3638478932697446e-06 -4.012447797680104e-05 0.00011537335953709334 2.0697810681921138e-05
leaf_weight=293694 132043 235055 174464 111 5480 58 38 1533875 24562 3711 282893
leaf_count=293694 132043 235055 174464 111 5480 58 38 1533875 24562 3711 282893
internal_value=-5.85162e-10 -1.59613e-05 2.52579e-06 -6.03718e-07 0.000103355 0.000670794 0.00167187 -9.44692e-07 9.82413e-07 1.63962e-06 1.19837e-05
internal_weight=2.68598e+06 367098 2.31889e+06 1.7423e+06 5687 207 96 1.73661e+06 1.56215e+06 1.53759e+06 576587
internal_count=2685984 367098 2318886 1742299 5687 207 96 1736612 1562148 1537586 576587
is_linear=0
shrinkage=0.00523217


Tree=314
num_leaves=12
num_cat=0
split_feature=0 0 22 0 22 8 5 9 22 17 16
split_gain=6.28856 2.49572 2.05565 2.27904 1.9683 1.34286 3.20146 1.23133 1.21758 1.10948 1.0877
threshold=-3.2554260492324825 0.48902574181556707 0.14086005091667178 -1.0307731032371519 -0.057399531826376908 -0.70040297508239735 inf -0.075562622398138032 -1.7234337925910947 -0.6073966622352599 -1.8014218211174009
decision_type=2 2 8 2 8 10 8 8 10 2 2
left_child=4 2 3 8 -1 -5 -7 -3 -2 -10 -4
right_child=1 7 10 5 -6 6 -8 -9 9 -11 -12
leaf_value=-9.2109694310205245e-05 -0.00012592122818290638 1.3755896406344951e-05 -4.8540782922494142e-05 -1.3127742563665855e-05 -2.7855740435195199e-05 -5.6657311053375355e-07 0.00035188267672778105 2.0411993602889368e-07 6.9380682662958546e-06 -3.443469817280834e-05 6.1748832551979752e-06
leaf_weight=23533 3434 511029 10100 311129 29415 767186 705 286608 22402 84775 635616
leaf_count=23533 3434 511029 10100 311129 29415 767186 705 286608 22402 84775 635616
internal_value=2.46458e-08 1.16026e-06 -2.19753e-06 -6.27739e-06 -5.64303e-05 -3.95786e-06 -2.41403e-07 8.88747e-06 -2.88971e-05 -2.57795e-05 5.31771e-06
internal_weight=2.68593e+06 2.63298e+06 1.83535e+06 1.18963e+06 52948 1.07902e+06 767891 797637 110611 107177 645716
internal_count=2685932 2632984 1835347 1189631 52948 1079020 767891 797637 110611 107177 645716
is_linear=0
shrinkage=0.00523217


Tree=315
num_leaves=12
num_cat=0
split_feature=0 0 22 0 21 22 22 8 5 16 18
split_gain=6.34457 2.47633 2.09319 2.31459 2.12487 1.91324 1.36358 1.3035 3.21735 1.19712 1.12793
threshold=-3.2554260492324825 0.55593222379684459 0.14086005091667178 -1.0807366967201231 -1.6220108270645139 -0.057399531826376908 -1.7234337925910947 -0.70040297508239735 inf -0.093240842223167406 1.1102620959281924
decision_type=2 2 8 2 2 8 10 10 8 2 8
left_child=5 2 3 4 9 -1 -6 -5 -9 -2 -3
right_child=1 10 -4 7 6 -7 -8 8 -10 -11 -12
leaf_value=-9.1902184279625415e-05 -2.7525830978987316e-05 8.1141309218868899e-06 5.5567205958777192e-06 -1.2396673781418027e-05 -0.0001469971277854767 -2.8554000513535274e-05 -3.0997029893684995e-05 -4.9852076799875139e-07 0.00035457224212807794 0.00015088786326482458 3.634589083758565e-05
leaf_weight=23530 1644 620842 686636 335409 2859 29425 97099 843758 698 2722 41341
leaf_count=23530 1644 620842 686636 335409 2859 29425 97099 843758 698 2722 41341
internal_value=-1.61098e-08 1.12401e-06 -1.81685e-06 -5.76001e-06 -2.93836e-05 -5.67187e-05 -3.43246e-05 -3.67049e-06 -2.03584e-07 8.35337e-05 9.87795e-06
internal_weight=2.68596e+06 2.63301e+06 1.97082e+06 1.28419e+06 104324 52955 99958 1.17986e+06 844456 4366 662183
internal_count=2685963 2633008 1970825 1284189 104324 52955 99958 1179865 844456 4366 662183
is_linear=0
shrinkage=0.00523217


Tree=316
num_leaves=12
num_cat=0
split_feature=1 22 9 22 18 18 12 13 22 4 15
split_gain=5.0148 2.19756 1.87843 1.88477 1.42628 1.24916 2.76815 1.40649 1.24584 1.23091 1.17897
threshold=1.6668483614921572 -0.24449743330478665 0.120376855134964 -0.12748708575963971 -2.0896196365356441 -0.73084127902984608 -1.0845006108283994 0.31295143067836767 -1.7234337925910947 1.680158317089081 -0.05427905730903148
decision_type=2 8 8 8 8 10 10 10 10 8 2
left_child=2 8 4 -4 -1 6 -6 -7 -2 -9 -5
right_child=1 -3 3 10 5 7 -8 9 -10 -11 -12
leaf_value=5.2452415163585021e-05 -0.00017309290038644733 -1.5785090727464403e-05 -1.579910167261224e-05 9.3580708375193263e-06 -5.8342132851947445e-05 1.0683425810385074e-05 -5.3918511352716923e-07 1.6889045724389315e-06 -5.3652270577100419e-05 -3.5074157553189255e-05 -1.050815257354663e-05
leaf_weight=16671 2535 89063 295306 224282 23847 832223 463924 539241 43931 26140 128685
leaf_count=16671 2535 89063 295306 224282 23847 832223 463924 539241 43931 26140 128685
internal_value=-2.04093e-09 -3.10156e-05 1.64578e-06 -6.04526e-06 4.26753e-06 3.84101e-06 -3.36694e-06 6.3572e-06 -6.019e-05 -9.45939e-09 2.11294e-06
internal_weight=2.68585e+06 135529 2.55032e+06 648273 1.90205e+06 1.88538e+06 487771 1.3976e+06 46466 565381 352967
internal_count=2685848 135529 2550319 648273 1902046 1885375 487771 1397604 46466 565381 352967
is_linear=0
shrinkage=0.00523217


Tree=317
num_leaves=12
num_cat=0
split_feature=9 22 11 16 22 22 7 23 11 9 22
split_gain=3.90947 2.86458 1.70198 2.19884 1.442 1.30825 1.04292 3.19611 3.26774 2.43308 1.70061
threshold=0.25832398235797888 -0.26150640845298762 -0.87423527240753163 -0.22366837412118909 -1.2546744942665098 -1.2185246944427488 inf inf 0.76283988356590282 -1.1548210382461546 0.02656616643071175
decision_type=10 8 8 2 10 10 8 8 10 10 10
left_child=2 5 3 4 -1 -2 7 -4 10 -10 -9
right_child=1 -3 6 -5 -6 -7 -8 8 9 -11 -12
leaf_value=-7.3348878289273981e-05 -6.6617193297764042e-05 -4.025449326528596e-06 4.5629066653030022e-06 5.1726519095411291e-06 -1.7714043881337352e-05 -2.4964762652079991e-05 -8.6864519618659258e-05 -0.00013486568995483192 0.0012649408705666507 0.0002566214871182585 0.00013078047987130642
leaf_weight=14109 24099 302892 1902193 154913 133983 145340 3394 1158 67 2126 1528
leaf_count=14109 24099 302892 1902193 154913 133983 145340 3394 1158 67 2126 1528
internal_value=-2.36715e-10 -1.36658e-05 2.91548e-06 -8.60395e-06 -2.30204e-05 -3.08941e-05 4.74292e-06 4.90643e-06 0.000138639 0.000288458 1.59461e-05
internal_weight=2.6858e+06 472331 2.21347e+06 303005 148092 169439 1.91047e+06 1.90707e+06 4879 2193 2686
internal_count=2685802 472331 2213471 303005 148092 169439 1910466 1907072 4879 2193 2686
is_linear=0
shrinkage=0.00523217


Tree=318
num_leaves=12
num_cat=0
split_feature=2 22 22 11 13 11 22 3 18 10 15
split_gain=3.24994 2.74166 1.972 1.96706 1.57648 1.34635 1.24452 1.13053 1.0576 1.60599 4.47359
threshold=0.23212537914514544 -1.6565974950790403 -0.010915561579167841 -0.9124169349670409 0.25857381522655493 -0.93323659896850575 -1.1528852581977842 -2.083382129669189 3.1595469713211064 inf 0.068779755383729949
decision_type=8 8 10 8 10 8 10 8 8 8 2
left_child=4 -2 3 6 5 -1 -3 -7 9 -4 -11
right_child=1 2 8 -5 -6 7 -8 -9 -10 10 -12
leaf_value=-1.0542265589219059e-05 -5.9217745469773624e-05 -7.5765610126504065e-05 3.3780833493152461e-06 -7.0094316560476497e-06 -2.8181431366941218e-06 -3.4462403814454941e-05 -2.4162422160703042e-05 1.1526346681661034e-05 -6.4507009538185289e-05 2.7233164205068276e-05 0.00077441863194733129
leaf_weight=88832 26228 14867 477156 602350 455646 14864 92721 905746 6269 1036 278
leaf_count=88832 26228 14867 477156 602350 455646 14864 92721 905746 6269 1036 278
internal_value=4.71406e-09 -6.29959e-06 -5.13709e-06 -1.0692e-05 5.25884e-06 8.90546e-06 -3.13014e-05 1.07829e-05 2.99678e-06 3.88306e-06 0.000186478
internal_weight=2.68599e+06 1.2209e+06 1.19468e+06 709938 1.46509e+06 1.00944e+06 107588 920610 484739 478470 1314
internal_count=2685993 1220905 1194677 709938 1465088 1009442 107588 920610 484739 478470 1314
is_linear=0
shrinkage=0.00523217


Tree=319
num_leaves=12
num_cat=0
split_feature=0 2 0 12 19 0 16 20 20 2 16
split_gain=6.26899 2.70353 2.24244 1.96471 1.79319 1.61398 1.45707 1.30376 1.2221 1.22196 1.20181
threshold=-3.2554260492324825 -0.62356787919998158 -1.1328307986259458 0.32875788211822515 -0.80394628643989552 0.72833058238029491 -0.19932434707880017 -0.93190664052963246 1.2002869844436648 2.0410968065261845 -0.1425838768482208
decision_type=2 8 2 10 10 2 2 10 10 8 2
left_child=6 3 10 4 -2 7 -1 -4 -6 -9 -3
right_child=1 2 5 -5 8 -7 -8 9 -10 -11 -12
leaf_value=-7.9146423817231544e-05 -1.0709273475845704e-05 -3.527491490860887e-05 -1.458312240080992e-05 1.7298900561114696e-06 2.0968907611231884e-05 1.1949607103383296e-05 -2.3238967418511646e-05 3.5531898674732114e-07 5.4439841725959575e-05 -3.1550735698198611e-05 -5.604988790378782e-06
leaf_weight=31365 43922 79395 203936 330389 224127 254926 21600 1357262 34502 33674 70753
leaf_count=31365 43922 79395 203936 330389 224127 254926 21600 1357262 34502 33674 70753
internal_value=-4.22056e-09 1.12924e-06 -1.85307e-06 1.05539e-05 2.01872e-05 -2.74178e-07 -5.63626e-05 -2.22855e-06 2.54374e-05 -4.16562e-07 -2.12993e-05
internal_weight=2.68585e+06 2.63289e+06 1.99995e+06 632940 302551 1.8498e+06 52965 1.59487e+06 258629 1.39094e+06 150148
internal_count=2685851 2632886 1999946 632940 302551 1849798 52965 1594872 258629 1390936 150148
is_linear=0
shrinkage=0.00523217


Tree=320
num_leaves=12
num_cat=0
split_feature=0 0 22 0 22 8 5 22 9 12 8
split_gain=6.05009 2.42797 2.03564 2.25076 1.89988 1.33516 3.28439 1.13989 0.9964 1.09912 0.917603
threshold=-3.2554260492324825 0.55593222379684459 0.14086005091667178 -1.0307731032371519 -0.057399531826376908 -0.91996455192565907 inf -1.7234337925910947 -0.084612384438514696 0.32875788211822515 0.26283693313598638
decision_type=2 2 8 2 8 10 8 10 8 10 10
left_child=4 2 3 7 -1 -5 -7 -2 -3 -10 -9
right_child=1 8 -4 5 -6 6 -8 10 9 -11 -12
leaf_value=-9.0445828646004657e-05 -0.00012214654144161738 1.4543919574194218e-05 5.4710632933754352e-06 -1.5016272184958142e-05 -2.7311142971133613e-05 -1.1203605308332001e-06 0.00034024802962110497 -3.3727360546806377e-05 1.5594659279183475e-05 -7.7075686973261991e-06 2.3344487136832655e-06
leaf_weight=23523 3433 426937 686610 225136 29417 947587 771 81969 89290 146029 25218
leaf_count=23523 3433 426937 686610 225136 29417 947587 771 81969 89290 146029 25218
internal_value=-1.49015e-09 1.11171e-06 -1.80054e-06 -5.68926e-06 -5.53805e-05 -3.56169e-06 -8.41563e-07 -2.82517e-05 9.7791e-06 1.1309e-06 -2.52356e-05
internal_weight=2.68592e+06 2.63298e+06 1.97072e+06 1.28411e+06 52940 1.17349e+06 948358 110620 662256 235319 107187
internal_count=2685920 2632980 1970724 1284114 52940 1173494 948358 110620 662256 235319 107187
is_linear=0
shrinkage=0.00523217


Tree=321
num_leaves=12
num_cat=0
split_feature=0 0 22 0 22 20 14 20 18 22 18
split_gain=6.09346 2.3778 1.97318 2.19507 1.87583 1.18531 1.19616 1.1684 1.62486 1.14563 1.086
threshold=-3.2554260492324825 0.55593222379684459 0.14086005091667178 -1.0307731032371519 -0.057399531826376908 -0.8453976809978484 -1.0392180085182188 3.9994294643402104 1.6168814301490786 -1.2546744942665098 1.1516692042350771
decision_type=2 2 8 2 8 10 2 10 10 10 10
left_child=4 2 3 7 -1 -5 -7 9 -9 -2 -3
right_child=1 10 -4 5 -6 6 -8 8 -10 -11 -12
leaf_value=-9.0386339936110211e-05 -8.4991484282996002e-05 8.031480223324024e-06 5.3780201488613366e-06 -1.6730175596657533e-05 -2.7675142703013813e-05 -1.4533092403964376e-05 1.0472320247022947e-06 0.00017433642332730581 -6.7037235455942641e-05 -2.5395325230919717e-05 3.6969670418886867e-05
leaf_weight=23554 9723 624643 686628 160279 29418 160227 852854 1797 1320 97763 37661
leaf_count=23554 9723 624643 686628 160279 29418 160227 852854 1797 1320 97763 37661
internal_value=-1.61823e-08 1.10137e-06 -1.78088e-06 -5.60989e-06 -5.55762e-05 -3.50871e-06 -1.41614e-06 -2.78932e-05 7.18743e-05 -3.07946e-05 9.67829e-06
internal_weight=2.68587e+06 2.6329e+06 1.97059e+06 1.28396e+06 52972 1.17336e+06 1.01308e+06 110603 3117 107486 662304
internal_count=2685867 2632895 1970591 1283963 52972 1173360 1013081 110603 3117 107486 662304
is_linear=0
shrinkage=0.00523217


Tree=322
num_leaves=12
num_cat=0
split_feature=0 2 0 21 18 15 18 18 9 4 15
split_gain=5.92034 2.62099 2.15952 1.70643 1.36699 1.80827 1.45371 1.28384 1.27786 10.5898 1.23641
threshold=-3.2554260492324825 -0.62356787919998158 -0.46661463379859919 -2.1818845272064205 1.1727368235588076 1.6470617055892947 -2.0896196365356441 1.8428696393966677 -1.3961172699928281 -2.4509845972061153 1.5940275788307192
decision_type=2 8 2 2 10 2 8 10 8 10 2
left_child=7 10 3 8 6 -6 -4 -1 9 -3 -2
right_child=1 2 4 -5 5 -7 -8 -9 -10 -11 -12
leaf_value=-4.4731480763070653e-05 8.5664822197249501e-06 0.0051364507582878655 5.264677367140761e-05 -1.5437218369771553e-05 1.9528662115461e-05 -3.4970029781769565e-05 -1.6101419570166917e-06 -0.00012098848139127169 5.0222662963402337e-05 0.00020967585567924744 4.0309511342303999e-05
leaf_weight=45990 597251 10.999999999999998 13642 325189 165013 18529 1473611 6978 3328 678 35611
leaf_count=45990 597251 11 13642 325189 165013 18529 1473611 6978 3328 678 35611
internal_value=-2.79937e-08 1.07353e-06 -1.86269e-06 -1.4111e-05 5.50185e-07 1.40223e-05 -1.11188e-06 -5.47952e-05 9.30239e-05 0.000298158 1.0354e-05
internal_weight=2.68583e+06 2.63286e+06 2e+06 329206 1.6708e+06 183542 1.48725e+06 52968 4017 689 632862
internal_count=2685831 2632863 2000001 329206 1670795 183542 1487253 52968 4017 689 632862
is_linear=0
shrinkage=0.00523217


Tree=323
num_leaves=12
num_cat=0
split_feature=1 16 11 10 7 21 15 7 11 7 13
split_gain=4.89105 1.5828 2.03127 1.67325 1.5961 1.58154 1.88196 4.4307 1.44417 1.36096 1.35877
threshold=1.2354218959808352 -0.19932434707880017 1.2608230710029604 2.0964155197143559 1.2680639624595644 -2.0988676548004146 1.5940275788307192 1.9629154801368716 -0.90246811509132374 -0.51403340697288502 0.38858217000961309
decision_type=2 2 10 10 8 2 2 10 10 10 8
left_child=8 2 4 5 -2 6 9 -8 -1 -3 -10
right_child=1 3 -4 -5 -6 -7 7 -9 10 -11 -12
leaf_value=-8.8933162407439843e-06 -2.2314895567498043e-05 0.00030434944372364093 -0.00013729138473844829 0.00013278785196158181 -7.506540720120937e-05 -1.2184471974628416e-05 0.00022083888555257005 0.0016633366503965778 6.8113776874279674e-06 -6.2652436290723055e-05 -2.0095728728889442e-06
leaf_weight=275812 127649 373 4888 2296 17926 119562 516 65 1413500 1054 722188
leaf_count=275812 127649 373 4888 2296 17926 119562 516 65 1413500 1054 722188
internal_value=-8.28789e-09 -2.09425e-05 -3.2347e-05 -7.08257e-06 -2.88166e-05 -9.73207e-06 0.000135813 0.000386649 2.37284e-06 3.28874e-05 3.82818e-06
internal_weight=2.68583e+06 274329 150463 123866 145575 121570 2008 581 2.4115e+06 1427 2.13569e+06
internal_count=2685829 274329 150463 123866 145575 121570 2008 581 2411500 1427 2135688
is_linear=0
shrinkage=0.00523217


Tree=324
num_leaves=12
num_cat=0
split_feature=0 2 0 12 15 19 0 20 15 9 0
split_gain=5.97092 2.55406 2.02494 1.96281 2.12413 1.61443 1.14784 1.43527 1.04292 2.80074 1.99204
threshold=-2.9439536333084102 -0.62356787919998158 -0.035449102520942681 0.32875788211822515 0.76164376735687267 -0.50060224533081044 0.77730029821395885 -0.83677008748054493 3.574918389320374 0.38302536308765417 1.5271715521812441
decision_type=2 8 2 10 2 10 2 10 2 10 2
left_child=-1 3 -3 4 -2 -6 7 -4 -5 10 -10
right_child=1 2 6 8 5 -7 -8 -9 9 -11 -12
leaf_value=-5.0160877144942164e-05 1.4367711439383079e-05 -9.5588161220982064e-06 -1.1682587365595202e-05 1.1844033807099242e-06 -4.2051588982153968e-06 7.1728848805610842e-05 1.3134637826197189e-05 2.754117412474361e-06 0.00012327990564265701 0.0028263112126913391 0.002269401005907095
leaf_weight=63425 258550 617975 236638 329745 9958 33001 209044 927118 528 9.9999999999999982 10.999999999999998
leaf_count=63425 258550 617975 236638 329745 9958 33001 209044 927118 528 10 11
internal_value=1.30407e-09 1.21477e-06 -1.69368e-06 1.03804e-05 2.00329e-05 5.41088e-05 1.84628e-06 -1.80759e-07 1.56663e-06 0.000229185 0.000173435
internal_weight=2.686e+06 2.62258e+06 1.99078e+06 631803 301509 42959 1.3728e+06 1.16376e+06 330294 549 539
internal_count=2686003 2622578 1990775 631803 301509 42959 1372800 1163756 330294 549 539
is_linear=0
shrinkage=0.00523217


Tree=325
num_leaves=12
num_cat=0
split_feature=0 0 22 0 22 10 22 17 9 4 16
split_gain=5.82474 2.31243 1.99819 2.15279 1.88536 1.43723 1.15355 1.11988 1.00355 0.952312 0.933023
threshold=-3.2554260492324825 0.55593222379684459 0.14086005091667178 -1.0307731032371519 -0.057399531826376908 0.86715707182884227 -1.7234337925910947 -0.6073966622352599 -0.084612384438514696 2.6846064329147343 -0.033588176593184464
decision_type=2 2 8 2 8 8 10 2 8 8 2
left_child=4 2 3 6 10 -5 -2 -8 -3 -7 -1
right_child=1 8 -4 5 -6 9 7 -9 -10 -11 -12
leaf_value=-0.00010914092439862572 -0.00012199467648234518 1.4362079112225139e-05 5.4836438814939987e-06 -4.7679684251251244e-07 -2.6343723709712829e-05 -1.3536822568023026e-05 8.2829848805639913e-06 -3.3296217146895782e-05 9.0318110664747268e-07 -0.00011160669656118482 -3.4482834992781996e-05
leaf_weight=17241 3440 426959 686634 923056 29439 247476 22386 84782 235424 2742 6291
leaf_count=17241 3440 426959 686634 923056 29439 247476 22386 84782 235424 2742 6291
internal_value=2.90018e-08 1.12221e-06 -1.72036e-06 -5.57377e-06 -5.42921e-05 -3.49273e-06 -2.76409e-05 -2.46034e-05 9.57974e-06 -1.46152e-05 -8.92188e-05
internal_weight=2.68587e+06 2.6329e+06 1.97052e+06 1.28388e+06 52971 1.17327e+06 110608 107168 662383 250218 23532
internal_count=2685870 2632899 1970516 1283882 52971 1173274 110608 107168 662383 250218 23532
is_linear=0
shrinkage=0.00523217


Tree=326
num_leaves=12
num_cat=0
split_feature=1 22 22 3 5 19 22 14 15 23 21
split_gain=4.67537 2.83791 1.58786 1.53959 1.95368 2.09703 2.15247 9.42861 2.24903 1.70444 1.55573
threshold=1.2877020835876467 -0.25622746348381037 -1.7234337925910947 -0.20501197874546048 inf 3.9804273843765263 -0.83680784702301014 0.44003300368785864 0.088259361684322371 1.4343894720077517 2.5543749332427983
decision_type=2 8 10 10 8 8 8 2 2 8 2
left_child=3 2 -2 4 -1 6 7 -6 -8 -5 -7
right_child=1 -3 -4 9 5 10 8 -9 -10 -11 -12
leaf_value=-5.3638606230226255e-06 -0.00014174124997767308 -8.8884489953671382e-06 -4.061626302924003e-05 5.9788771608539665e-06 0.00030255226730100765 -5.1084650270805919e-05 7.1138041700830555e-05 0.003788875824841019 0.00054444245258115638 -1.8518025205603827e-05 0.001685001525030645
leaf_weight=682618 4493 167407 81072 1660620 543 2731 4596 21 292 81558 12.999999999999998
leaf_count=682618 4493 167407 81072 1660620 543 2731 4596 21 292 81558 13
internal_value=-1.51037e-08 -2.14232e-05 -4.59376e-05 2.2105e-06 -4.39856e-06 7.58891e-05 0.000135289 0.000441436 9.97014e-05 4.83161e-06 -4.18452e-05
internal_weight=2.68596e+06 252972 85565 2.43299e+06 690814 8196 5452 564 4888 1.74218e+06 2744
internal_count=2685964 252972 85565 2432992 690814 8196 5452 564 4888 1742178 2744
is_linear=0
shrinkage=0.00523217


Tree=327
num_leaves=12
num_cat=0
split_feature=1 5 10 23 6 14 6 8 1 13 8
split_gain=4.60273 1.96051 1.32723 2.1715 1.87551 2.58619 2.49972 1.12913 1.02569 0.952345 0.753618
threshold=1.2354218959808352 1.3490892052650454 0.99234023690223705 inf -0.65515670180320729 -0.51256734132766713 0.060260161757469184 -2.0719914436340328 2.2611397504806523 0.31295143067836767 0.087018415331840529
decision_type=2 10 8 8 2 2 2 10 2 10 8
left_child=2 10 3 9 -5 -6 -7 -3 -9 -1 -2
right_child=1 7 -4 4 5 6 -8 8 -10 -11 -12
leaf_value=6.5029780090527926e-06 -1.8708621797113792e-05 8.6731480635458618e-05 -7.1696922054032763e-06 -2.7816790263488664e-05 -2.6038660145575161e-05 0.0005204987076167099 0.0020935327837631702 -3.7302073267584331e-05 -8.7407731688032061e-05 -8.4025361580236075e-07 3.2765007930752958e-06
leaf_weight=1289161 145306 1742 347755 474 256 439 29 52567 14257 773339 60354
leaf_count=1289161 145306 1742 347755 474 256 439 29 52567 14257 773339 60354
internal_value=-2.41511e-08 -2.03362e-05 2.28537e-06 3.87904e-06 0.000226474 0.000393838 0.000624713 -4.45693e-05 -4.80056e-05 3.74923e-06 -1.22529e-05
internal_weight=2.68568e+06 274226 2.41145e+06 2.0637e+06 1198 724 468 68566 66824 2.0625e+06 205660
internal_count=2685679 274226 2411453 2063698 1198 724 468 68566 66824 2062500 205660
is_linear=0
shrinkage=0.00523217


Tree=328
num_leaves=12
num_cat=0
split_feature=0 2 22 12 0 22 22 2 3 20 0
split_gain=5.87924 2.57664 2.5187 1.93082 1.79622 1.75135 1.39958 2.31023 1.28709 1.27111 1.30274
threshold=-3.2554260492324825 -0.62356787919998158 -1.2185246944427488 0.32875788211822515 0.72833058238029491 -0.057399531826376908 0.14086005091667178 -0.62356787919998158 0.95429548621177684 1.2002869844436648 0.25044108927249914
decision_type=2 8 8 10 2 8 10 10 10 10 2
left_child=5 3 -3 8 6 -1 7 -4 9 10 -2
right_child=1 2 4 -5 -6 -7 -8 -9 -10 -11 -12
leaf_value=-8.826546767984427e-05 6.7453948608365147e-06 -2.7104013534032754e-05 -0.00023787345488219738 1.5235187442107582e-06 1.2828878452903941e-05 -2.7656386035040943e-05 4.4384411677417074e-06 -5.5522187045436114e-06 -3.5340035577051491e-06 5.3477045153473208e-05 3.2637097458464251e-05
leaf_weight=23538 104596 102518 1172 330434 242220 29418 545132 1108698 53175 36217 108460
leaf_count=23538 104596 102518 1172 330434 242220 29418 545132 1108698 53175 36217 108460
internal_value=-2.95268e-08 1.06815e-06 -1.8435e-06 1.02694e-05 -4.78087e-07 -5.46126e-05 -2.42614e-06 -5.79852e-06 1.98219e-05 2.48074e-05 1.99299e-05
internal_weight=2.68558e+06 2.63262e+06 1.99974e+06 632882 1.89722e+06 52956 1.655e+06 1.10987e+06 302448 249273 213056
internal_count=2685578 2632622 1999740 632882 1897222 52956 1655002 1109870 302448 249273 213056
is_linear=0
shrinkage=0.00523217


Tree=329
num_leaves=12
num_cat=0
split_feature=9 22 20 23 4 2 10 11 11 11 8
split_gain=3.7419 2.47936 2.42192 2.53924 6.65661 2.36226 2.29198 3.43731 2.26642 2.18746 3.69599
threshold=0.35652756690979009 -0.25622746348381037 3.9994294643402104 0.2174726873636246 -1.6682668328285215 -0.62356787919998158 1.2336778044700625 1.3420386314392092 0.74195003509521495 1.3883551955223086 0.65407583117485057
decision_type=10 8 10 10 8 8 8 10 10 10 8
left_child=2 -2 5 4 9 -1 7 -6 -5 10 -4
right_child=1 -3 3 8 6 -7 -8 -9 -10 -11 -12
leaf_value=1.1357185541192034e-05 -3.3663810846460341e-05 -5.3236224876748973e-06 0.0013350163920302167 -3.1150812440392351e-05 0.0002401816266971584 -8.7357250272782405e-07 -6.614837891810786e-05 0.0032891822273192731 0.00016602179250431727 -0.00015121678264194582 0.0047531117474319444
leaf_weight=575552 132022 235050 22 2800 33 1736492 169 13.999999999999998 3691 6.9999999999999991 15.999999999999998
leaf_count=575552 132022 235050 22 2800 33 1736492 169 14 3691 7 16
internal_value=2.67052e-09 -1.55188e-05 2.46011e-06 0.000101403 0.00060672 2.17077e-06 0.000215897 0.00122347 8.08542e-05 0.00241174 0.00289468
internal_weight=2.68587e+06 367072 2.3188e+06 6752 261 2.31204e+06 216 47 6491 45 38
internal_count=2685868 367072 2318796 6752 261 2312044 216 47 6491 45 38
is_linear=0
shrinkage=0.00523217


Tree=330
num_leaves=12
num_cat=0
split_feature=5 6 22 6 20 7 12 22 6 23 23
split_gain=2.91719 1.67519 1.45909 1.45189 1.41129 1.41298 1.43443 1.05732 1.14387 1.05077 0.841785
threshold=1.1347486376762392 -0.4290833175182342 0.043996194377541549 -0.77544501423835743 -0.81074616312980641 0.49432499706745153 0.45709575712680822 0.14086005091667178 -4.1601626873016349 -0.036100542172789567 0.055551670491695411
decision_type=10 2 8 2 10 8 8 8 2 10 10
left_child=2 7 3 10 -5 -6 -7 8 -2 -10 -1
right_child=1 -3 -4 4 5 6 -8 -9 9 -11 -12
leaf_value=-2.9968941418887207e-05 -0.00012818138507128364 -3.8703864729280062e-06 7.0469754593108828e-06 -9.5721396688743927e-06 7.3966620814185552e-06 -1.4003779224313553e-05 1.1835471154184572e-05 -9.8099192183356757e-06 -5.8593343394801092e-05 -2.0811602534105628e-05 -5.4878446560056984e-06
leaf_weight=69611 3808 165442 933185 295055 711032 200312 83229 52773 32895 52286 86117
leaf_count=69611 3808 165442 933185 295055 711032 200312 83229 52773 32895 52286 86117
internal_value=-1.25795e-08 -1.51859e-05 1.94683e-06 -1.3455e-06 4.76165e-07 3.45796e-06 -6.41622e-06 -2.83858e-05 -3.93925e-05 -3.54121e-05 -1.64363e-05
internal_weight=2.68574e+06 307204 2.37854e+06 1.44536e+06 1.28963e+06 994573 283541 141762 88989 85181 155728
internal_count=2685745 307204 2378541 1445356 1289628 994573 283541 141762 88989 85181 155728
is_linear=0
shrinkage=0.00523217


Tree=331
num_leaves=12
num_cat=0
split_feature=2 22 5 24 13 22 19 18 5 14 22
split_gain=3.035 2.80279 2.106 1.97263 1.73936 1.48851 1.41962 1.17643 1.11126 1.19219 4.10381
threshold=0.13789775967597964 -1.6565974950790403 1.3098418116569521 -0.01807667966932058 0.25857381522655493 0.15455056726932528 -0.70869132876396168 inf inf -0.51256734132766713 -0.13751579821109769
decision_type=8 8 10 8 8 10 10 8 8 2 8
left_child=4 -2 3 5 -1 7 -6 -3 -8 -10 -11
right_child=1 2 -4 -5 6 -7 8 -9 9 10 -12
leaf_value=9.4338149243388383e-06 -5.7247944826627007e-05 -9.7812507913810324e-07 -2.3833679739524e-05 -9.5850050028225993e-06 -1.9046104936969013e-05 1.6257658963210279e-05 2.1611531048193675e-06 -0.00031015784578510393 0.00010782490281461651 0.0020084453342580789 0
leaf_weight=942419 28151 443036 137734 536841 115379 190915 290350 336 508 41 81
leaf_count=942419 28151 443036 137734 536841 115379 190915 290350 336 508 41 81
internal_value=-5.3029e-09 -5.59195e-06 -4.48026e-06 -2.20344e-06 5.53201e-06 4.04283e-06 -3.51498e-06 -1.21507e-06 2.64069e-06 0.000221955 0.000685069
internal_weight=2.68579e+06 1.33701e+06 1.30886e+06 1.17113e+06 1.34878e+06 634287 406359 443372 290980 630 122
internal_count=2685791 1337013 1308862 1171128 1348778 634287 406359 443372 290980 630 122
is_linear=0
shrinkage=0.00523217


Tree=332
num_leaves=12
num_cat=0
split_feature=1 3 23 17 21 19 13 21 23 3 12
split_gain=4.52046 1.6861 1.77124 2.6236 7.84097 3.36129 2.50367 1.92109 1.69245 1.44708 1.39602
threshold=1.6668483614921572 -0.20501197874546048 inf -2.2181544303894039 -0.30850325524806971 2.1760412454605107 2.7041847705841069 1.410807251930237 1.4343894720077517 -2.6630805730819698 -1.0845006108283994
decision_type=2 8 8 2 2 10 10 2 8 8 8
left_child=1 2 -1 4 5 -4 7 -5 10 -2 -3
right_child=9 8 3 6 -6 -7 -8 -9 -10 -11 -12
leaf_value=-5.9534446058385062e-06 -7.9268670278702198e-05 -1.1841226726266619e-05 0.002458746497534141 5.2130235389481917e-05 0.0059114028405141432 -0.00031328057353242607 0.00028475445163770658 -0.0002494421325188358 -1.8745527393827694e-05 -2.3567281318588114e-05 6.6787407073252595e-06
leaf_weight=731754 14289 119694 14.999999999999998 6399 6.9999999999999991 44 1186 634 83330 121258 1607058
leaf_count=731754 14289 119694 15 6399 7 44 1186 634 83330 121258 1607058
internal_value=-2.53803e-09 1.56216e-06 -5.09108e-06 7.09688e-05 0.00110148 0.000412575 6.24387e-05 2.4793e-05 4.28273e-06 -2.94457e-05 5.39451e-06
internal_weight=2.68567e+06 2.55012e+06 740039 8285 66 59 8219 7033 1.81008e+06 135547 1.72675e+06
internal_count=2685668 2550121 740039 8285 66 59 8219 7033 1810082 135547 1726752
is_linear=0
shrinkage=0.00523217


Tree=333
num_leaves=12
num_cat=0
split_feature=1 5 16 18 10 5 16 15 16 21 4
split_gain=4.52691 1.88987 1.33655 1.31308 1.21684 2.21815 2.14332 12.5148 1.34836 1.20904 1.73788
threshold=1.2354218959808352 1.3490892052650454 -0.17479801923036573 -2.0896196365356441 0.99234023690223705 inf -0.038405347615480416 -0.0094579216092824919 1.2102094292640688 -2.0988676548004146 -2.1880055665969844
decision_type=2 8 2 8 8 8 2 2 2 2 8
left_child=3 2 -2 -1 5 8 -7 -8 -5 10 -4
right_child=1 -3 9 4 -6 6 7 -9 -10 -11 -12
leaf_value=4.4663261683909197e-05 -2.383272034175417e-05 -4.3953046973183749e-05 0.00088631525998546918 4.740371466802651e-06 -7.1622547691968519e-06 1.5048064064443485e-05 0.0036851521072011908 0.00027193431643982642 -9.3909969363527268e-06 7.4491557269240307e-07 0.00011040903931422463
leaf_weight=19838 117065 68575 84 1839491 345545 625 30 543 205457 87371 1193
leaf_count=19838 117065 68575 84 1839491 345545 625 30 543 205457 87371 1193
internal_value=-2.00176e-08 -2.01616e-05 -1.22265e-05 2.27056e-06 1.91858e-06 3.45251e-06 0.000228423 0.000459254 3.32019e-06 3.09126e-06 0.000162848
internal_weight=2.68582e+06 274288 205713 2.41153e+06 2.39169e+06 2.04615e+06 1198 573 2.04495e+06 88648 1277
internal_count=2685817 274288 205713 2411529 2391691 2046146 1198 573 2044948 88648 1277
is_linear=0
shrinkage=0.00523217


Tree=334
num_leaves=12
num_cat=0
split_feature=9 2 16 11 4 11 16 11 21 15 10
split_gain=3.61745 2.23898 1.77647 1.52064 1.50969 1.23846 2.24622 1.10968 1.1632 3.60117 1.17367
threshold=0.35652756690979009 -0.62356787919998158 -1.1130046248435972 3.587978839874268 -1.9032611250877378 -0.8835293948650359 -0.20748884975910184 -0.93323659896850575 -1.2497460246086118 3.574918389320374 inf
decision_type=10 8 2 10 10 8 2 10 2 2 8
left_child=1 -1 3 -2 -4 6 -3 -6 9 -9 -10
right_child=2 5 4 -5 7 -7 -8 8 10 -11 -12
leaf_value=1.1359528730901876e-05 -4.9645313111601286e-05 -2.6227776233422237e-05 -6.6567170689001834e-05 -0.0005389582055345002 -3.1617377179077277e-05 1.2942419072735289e-06 4.7964883585936397e-06 3.4125087306700019e-05 -7.0930146624585656e-06 0.00077577814771076774 -0.0003251216262192294
leaf_weight=576586 32112 131631 13181 174 51765 1486539 124065 11601 257702 181 317
leaf_count=576586 32112 131631 13181 174 51765 1486539 124065 11601 257702 181 317
internal_value=6.32056e-09 2.42242e-06 -1.52558e-05 -5.23269e-05 -1.16777e-05 -5.34823e-07 -1.11716e-05 -9.42507e-06 -5.16408e-06 4.56635e-05 -7.48834e-06
internal_weight=2.68585e+06 2.31882e+06 367033 32286 334747 1.74224e+06 255696 321566 269801 11782 258019
internal_count=2685854 2318821 367033 32286 334747 1742235 255696 321566 269801 11782 258019
is_linear=0
shrinkage=0.00523217


Tree=335
num_leaves=12
num_cat=0
split_feature=9 22 3 5 11 3 22 12 23 5 4
split_gain=3.61943 2.72089 1.71446 2.46929 4.63799 2.73053 4.80696 1.74202 1.40163 1.33287 1.2236
threshold=0.25832398235797888 -0.26150640845298762 -0.3447109162807464 inf 0.76283988356590282 -2.924421906471252 -0.18351025134325025 -1.0845006108283994 1.633275091648102 1.2343876957893374 -1.3473179340362547
decision_type=10 8 8 8 10 10 8 8 8 10 8
left_child=2 9 3 -1 10 -6 -7 -4 -9 -2 -5
right_child=1 -3 7 4 5 6 -8 8 -10 -11 -12
leaf_value=-6.6367008942120983e-06 -2.3064339230966456e-05 -3.7443696943576737e-06 -1.3878908357130768e-05 0.0001557233432459168 -3.9922801923418053e-05 0.00080026718238768017 0.00019937974376537274 7.8572770103060283e-06 -1.8160946261444583e-05 -6.1355146270052681e-05 -5.040528009622575e-05
leaf_weight=525232 139027 302912 119119 1026 514 541 1132 1503802 58883 30361 3388
leaf_count=525232 139027 302912 119119 1026 514 541 1132 1503802 58883 30361 3388
internal_value=1.04276e-08 -1.31384e-05 2.81623e-06 -5.37128e-06 9.51776e-05 0.00029214 0.000394597 5.40582e-06 6.87637e-06 -2.99327e-05 -2.28151e-06
internal_weight=2.68594e+06 472300 2.21364e+06 531833 6601 2187 1673 1.6818e+06 1.56268e+06 169388 4414
internal_count=2685937 472300 2213637 531833 6601 2187 1673 1681804 1562685 169388 4414
is_linear=0
shrinkage=0.00523217


Tree=336
num_leaves=12
num_cat=0
split_feature=1 5 20 4 7 20 13 23 13 14 7
split_gain=4.44692 1.88899 1.29161 1.64551 2.08861 1.8735 1.41356 1.09284 1.51562 1.75305 1.04065
threshold=1.2354218959808352 1.3490892052650454 -0.92173686623573292 0.41740708053112036 0.10738794878125192 2.2113448381423955 0.32081682980060583 0.49344716966152197 2.7041847705841069 -2.2013587951660152 2.2555502653121953
decision_type=2 10 10 10 8 10 8 10 10 2 8
left_child=2 -2 -1 7 5 6 -5 8 10 -10 -4
right_child=1 -3 3 4 -6 -7 -8 -9 9 -11 -12
leaf_value=-6.7567734179619616e-06 -1.2077893662417216e-05 -4.380252330502314e-05 3.3987550701306348e-06 1.9075568713800197e-05 -7.063267156566774e-06 9.1085453821287054e-05 -9.2103457421459866e-07 -7.5567480114696541e-06 0.00038025447371647404 3.4578754138892677e-05 -6.5249365189866152e-05
leaf_weight=370861 205758 68538 1021146 389561 144336 8806 128662 340533 620 1154 6079
leaf_count=370861 205758 68538 1021146 389561 144336 8806 128662 340533 620 1154 6079
internal_value=-4.53857e-08 -2.0008e-05 2.22469e-06 3.85715e-06 1.05673e-05 1.53973e-05 1.41094e-05 5.67144e-07 3.25642e-06 0.000156015 2.99165e-06
internal_weight=2.68605e+06 274296 2.41176e+06 2.0409e+06 671365 527029 518223 1.36953e+06 1.029e+06 1774 1.02722e+06
internal_count=2686054 274296 2411758 2040897 671365 527029 518223 1369532 1028999 1774 1027225
is_linear=0
shrinkage=0.00523217


Tree=337
num_leaves=12
num_cat=0
split_feature=11 22 5 22 20 17 5 19 22 11 12
split_gain=2.92466 3.65803 2.03842 1.49881 1.37685 1.29499 2.00736 1.03103 0.909769 1.00943 1.13555
threshold=-0.86514216661453236 -1.1528852581977842 2.6755261421203618 0.14086005091667178 -0.81074616312980641 -0.061174379661679261 2.6755261421203618 inf 0.043996194377541549 -1.4495252966880796 0.085634429007768645
decision_type=8 10 10 8 10 2 8 8 10 10 10
left_child=1 -1 3 4 -2 6 -6 -7 9 10 -3
right_child=2 8 -4 -5 5 7 -8 -9 -10 -11 -12
leaf_value=-6.366029891783685e-05 -9.622196629832571e-06 -8.1119311453291265e-05 -2.9645747629061919e-05 9.1065501818970272e-06 7.8205881393318781e-06 -2.3393162401792998e-06 0.0002267433380245727 -0.00012451330532499088 1.357172780219768e-06 -1.1456458297956175e-05 -2.591912580575254e-06
leaf_weight=35693 320652 12615 53629 736313 569601 602992 1148 1896 156728 186335 8432
leaf_count=35693 320652 12615 53629 736313 569601 602992 1148 1896 156728 186335 8432
internal_value=-5.34861e-08 -1.31095e-05 2.22933e-06 2.99537e-06 -1.13686e-08 2.60928e-06 8.2628e-06 -2.72384e-06 -8.15169e-06 -1.53418e-05 -4.96992e-05
internal_weight=2.68603e+06 399803 2.28623e+06 2.2326e+06 1.49629e+06 1.17564e+06 570749 604888 364110 207382 21047
internal_count=2686034 399803 2286231 2232602 1496289 1175637 570749 604888 364110 207382 21047
is_linear=0
shrinkage=0.00523217


Tree=338
num_leaves=12
num_cat=0
split_feature=1 2 20 16 11 21 4 19 4 1 11
split_gain=4.3396 1.92227 1.72778 1.45553 1.94446 1.43365 1.77413 8.17282 1.25863 1.23001 3.75327
threshold=1.5430440902709963 -0.62356787919998158 1.2002869844436648 -0.18293888121843335 1.590627193450928 -2.0988676548004146 -2.1880055665969844 2.0210930109024052 -1.9032611250877378 -2.5488176345825191 0.90580883622169506
decision_type=2 8 10 2 10 2 8 10 8 2 10
left_child=1 2 -1 4 -2 6 7 -5 -7 10 -4
right_child=3 -3 9 5 -6 8 -8 -9 -10 -11 -12
leaf_value=7.115503401251445e-06 -3.5339214738390794e-05 -9.1601763772420716e-07 -2.9054268312943695e-05 0.004522513608418508 -0.00018667732382072807 -7.1215353903023832e-05 0.00010941081704280997 0.0002261585915758435 -2.7318119901589351e-06 3.6989886928327956e-05 0.0010777246153773315
leaf_weight=568694 93791 1900213 250 12.999999999999998 2385 8347 1082 88 61501 49368 124
leaf_count=568694 93791 1900213 250 13 2385 8347 1082 88 61501 49368 124
internal_value=-2.20413e-08 1.69126e-06 9.7037e-06 -2.58343e-05 -3.91027e-05 -7.85708e-06 0.00017263 0.000832932 -1.09283e-05 3.92772e-05 0.000337998
internal_weight=2.68586e+06 2.51865e+06 618436 167207 96176 71031 1183 101 69848 49742 374
internal_count=2685856 2518649 618436 167207 96176 71031 1183 101 69848 49742 374
is_linear=0
shrinkage=0.00523217


Tree=339
num_leaves=12
num_cat=0
split_feature=1 11 3 5 11 3 20 18 16 3 16
split_gain=4.3135 1.80622 1.60203 2.1043 3.41136 3.08527 1.481 1.61622 1.50838 1.40574 1.31935
threshold=1.6668483614921572 -0.90246811509132374 -0.7223217487335204 inf 1.0491058230400088 -2.924421906471252 -0.81074616312980641 2.5920014381408696 -0.27222105860710138 -2.6630805730819698 -0.22366837412118909
decision_type=2 8 8 8 10 10 10 8 2 8 2
left_child=1 10 3 -3 -5 -6 -4 8 -8 -2 -1
right_child=9 2 6 4 5 -7 7 -9 -10 -11 -12
leaf_value=-2.1192189770856628e-05 -7.7844124319703602e-05 -8.3346069002603481e-06 -3.5251763514565876e-06 6.1563751352057927e-06 -5.0265483561312222e-05 0.00035952116344562343 1.3984986127406297e-05 -0.00011470767709034119 3.1857054587949878e-06 -2.29548377819888e-05 2.0932351743365784e-07
leaf_weight=153208 14295 375585 412759 5630 704 1730 635688 2944 799776 121276 162335
leaf_count=153208 14295 375585 412759 5630 704 1730 635688 2944 799776 121276 162335
internal_value=9.04254e-09 1.53808e-06 3.19289e-06 -6.53705e-06 7.70743e-05 0.000240699 5.20983e-06 7.71694e-06 7.96868e-06 -2.87491e-05 -1.01794e-05
internal_weight=2.68593e+06 2.55036e+06 2.23482e+06 383649 8064 2434 1.85117e+06 1.43841e+06 1.43546e+06 135571 315543
internal_count=2685930 2550359 2234816 383649 8064 2434 1851167 1438408 1435464 135571 315543
is_linear=0
shrinkage=0.00523217


Tree=340
num_leaves=12
num_cat=0
split_feature=9 20 23 12 8 2 2 5 3 8 20
split_gain=3.61161 2.42937 2.57541 5.93887 7.17711 4.01195 2.26791 1.94153 1.66753 1.74777 1.75173
threshold=0.35652756690979009 3.9994294643402104 0.2174726873636246 -1.5847278237342832 0.82810771465301525 2.228622674942017 -0.62356787919998158 1.1671420335769656 -0.61385735869407643 -2.0719914436340328 0.73174118995666515
decision_type=10 10 10 10 10 10 8 8 8 10 10
left_child=1 6 3 -3 5 -5 -1 -2 9 10 -8
right_child=7 2 -4 4 -6 -7 8 -9 -10 -11 -12
leaf_value=1.1116205066292906e-05 -9.2802952239525835e-06 3.2098394340854042e-05 8.0739489819927119e-05 0.00058435522370306925 0.0058651081722048892 0.0036847393632223847 -7.2209900776111497e-05 -3.9495109259911435e-05 1.7789048673735987e-06 -1.2575908223942482e-05 0.00010394867274209409
leaf_weight=575443 294411 172 6496 68 8.9999999999999982 12.999999999999998 2010 72611 1370859 357042 6613
leaf_count=575443 294411 172 6496 68 9 13 2010 72611 1370859 357042 6613
internal_value=-9.66236e-09 2.40395e-06 0.000101455 0.000609352 0.00168902 0.00113756 2.11402e-06 -1.52602e-05 -8.68632e-07 -1.07963e-05 6.27891e-05
internal_weight=2.68575e+06 2.31872e+06 6758 262 90 81 2.31197e+06 367022 1.73652e+06 365665 8623
internal_count=2685747 2318725 6758 262 90 81 2311967 367022 1736524 365665 8623
is_linear=0
shrinkage=0.00523217


Tree=341
num_leaves=12
num_cat=0
split_feature=0 2 22 22 0 22 2 15 9 24 0
split_gain=5.50362 2.39095 2.40346 1.81538 1.76902 1.37797 2.1907 1.20533 1.14448 1.04021 0.870959
threshold=-3.2554260492324825 -0.62356787919998158 -1.2185246944427488 -0.057399531826376908 0.72833058238029491 0.14086005091667178 -0.62356787919998158 1.5940275788307192 0.27534173429012304 0.20283384621143344 -4.1181745529174796
decision_type=2 8 8 8 2 10 10 2 8 8 2
left_child=3 7 8 10 5 6 -4 -2 -3 -7 -1
right_child=1 2 4 -5 -6 9 -8 -9 -10 -11 -12
leaf_value=-0.00011381728941097969 8.171635707645577e-06 -1.8229457261210376e-05 -0.00023186128989187256 -2.5368388539136738e-05 1.2809909230175785e-05 1.0157607138762691e-05 -5.4367506399709847e-06 3.9517165321736913e-05 -6.3857050925953133e-05 -4.7195064096731305e-06 -4.8960535714939029e-05
leaf_weight=13812 597503 84138 1170 29428 242170 337190 1108831 35600 18357 207957 9714
leaf_count=13812 597503 84138 1170 29428 242170 337190 1108831 35600 18357 207957 9714
internal_value=1.14293e-08 1.07391e-06 -1.73112e-06 -5.27997e-05 -3.97513e-07 -2.33043e-06 -5.67638e-06 9.93556e-06 -2.64099e-05 4.48097e-06 -8.70756e-05
internal_weight=2.68587e+06 2.63292e+06 1.99981e+06 52954 1.89732e+06 1.65515e+06 1.11e+06 633103 102495 545147 23526
internal_count=2685870 2632916 1999813 52954 1897318 1655148 1110001 633103 102495 545147 23526
is_linear=0
shrinkage=0.00523217


Tree=342
num_leaves=12
num_cat=0
split_feature=0 2 0 21 4 10 12 19 0 16 4
split_gain=5.46564 2.36091 1.95856 2.00954 4.30157 15.658 1.93563 1.67443 1.46172 1.42357 1.21786
threshold=-3.2554260492324825 -0.62356787919998158 -1.0307731032371519 -2.1818845272064205 -2.1880055665969844 -1.2413657307624815 0.32875788211822515 -0.80394628643989552 0.77730029821395885 -0.19932434707880017 1.7197326421737673
decision_type=2 8 2 2 8 10 10 10 2 2 8
left_child=9 6 3 4 5 -3 7 -2 10 -1 -4
right_child=1 2 8 -5 -6 -7 -8 -9 -10 -11 -12
leaf_value=-7.5135482052322855e-05 -1.0452527011992912e-05 0.0065091657264254588 -1.0332840250059333e-06 -2.0638579167486469e-05 8.8587594628552937e-05 0.00043005826648638795 1.0989090083854557e-06 2.4490159927878497e-05 1.2855513061533425e-05 -1.9882806547017616e-05 -2.7126992909598895e-05
leaf_weight=31382 43882 11.999999999999998 1572110 166756 1580 102 330518 258604 208965 21599 50543
leaf_count=31382 43882 12 1572110 166756 1580 102 330518 258604 208965 21599 50543
internal_value=-1.09524e-08 1.04746e-06 -1.73942e-06 -1.88124e-05 0.000160371 0.00113717 9.85427e-06 1.94183e-05 -1.68802e-07 -5.26265e-05 -1.84657e-06
internal_weight=2.68605e+06 2.63307e+06 2.00007e+06 168450 1694 114 633004 302486 1.83162e+06 52981 1.62265e+06
internal_count=2686053 2633072 2000068 168450 1694 114 633004 302486 1831618 52981 1622653
is_linear=0
shrinkage=0.00523217


Tree=343
num_leaves=12
num_cat=0
split_feature=0 0 3 5 6 18 5 17 1 18 1
split_gain=5.33009 2.215 1.47621 1.22503 1.20138 1.18314 2.31214 2.24383 1.50738 1.13421 0.954746
threshold=-3.2554260492324825 0.55044311285018932 -2.6630805730819698 -0.0097319744527339918 -0.15171803534030912 0.94298130273818981 -0.018877186812460419 -1.9624990224838255 -2.5488176345825191 1.1102620959281924 -0.4676584899425506
decision_type=2 2 8 10 2 10 8 2 2 10 2
left_child=2 3 -1 5 -5 8 -7 -8 -2 -3 -10
right_child=1 9 -4 4 -6 6 7 -9 10 -11 -12
leaf_value=-0.0001286271085634139 -0.00012244765202143318 7.4993237495731389e-06 -4.196259753735233e-05 -1.3369075090514351e-05 -9.4499241656943788e-07 1.0671455445588864e-05 0.00065422215616884292 9.034958413444898e-05 -1.0294568870262933e-05 3.5525723188011357e-05 2.7513472579138647e-06
leaf_weight=6092 2758 630560 46863 379706 485841 154916 198 7129 194098 42194 735426
leaf_count=6092 2758 630560 46863 379706 485841 154916 198 7129 194098 42194 735426
internal_value=2.09824e-08 1.06663e-06 -5.19504e-05 -1.7446e-06 -6.39624e-06 1.93317e-06 1.49732e-05 0.0001058 -3.35314e-07 9.25835e-06 2.62984e-08
internal_weight=2.68578e+06 2.63283e+06 52955 1.96007e+06 865547 1.09452e+06 162243 7327 932282 672754 929524
internal_count=2685781 2632826 52955 1960072 865547 1094525 162243 7327 932282 672754 929524
is_linear=0
shrinkage=0.00523217


Tree=344
num_leaves=12
num_cat=0
split_feature=1 2 12 15 8 6 1 15 1 18 19
split_gain=4.18058 1.6378 2.3237 2.02268 1.52594 1.71321 1.63605 1.48825 12.7965 2.19339 1.41663
threshold=1.2354218959808352 -0.4469750821590423 0.24901991337537768 0.78171750903129589 -2.0719914436340328 -0.41289553046226496 2.0017727613449101 3.574918389320374 0.1762637794017792 -1.8523668646812437 -0.50060224533081044
decision_type=2 8 10 2 8 2 2 2 2 10 10
left_child=1 2 3 -1 -2 6 -6 -4 9 -9 -5
right_child=4 -3 7 10 5 -7 -8 8 -10 -11 -12
leaf_value=1.4327757962896506e-05 9.4234663173215174e-05 -5.8561330952214875e-07 5.0099237247359731e-07 -3.2745080105828592e-06 -1.9854835474548051e-05 -4.2238162471675426e-06 -5.5132023932175611e-05 0.0018196010323026628 0.0063848162810814573 0.00010404272789889367 6.8573297306182462e-05
leaf_weight=257427 3198 1688693 420871 9601 112140 105860 53086 20 7.9999999999999991 635 34191
leaf_count=257427 3198 1688693 420871 9601 112140 105860 53086 20 8 635 34191
internal_value=3.3018e-08 2.23488e-06 8.82599e-06 1.99243e-05 -1.93223e-05 -2.06653e-05 -3.11943e-05 8.93452e-07 0.000248372 0.000160833 5.28033e-05
internal_weight=2.68573e+06 2.41145e+06 722753 301219 274284 271086 165226 421534 663 655 43792
internal_count=2685730 2411446 722753 301219 274284 271086 165226 421534 663 655 43792
is_linear=0
shrinkage=0.00523217


Tree=345
num_leaves=12
num_cat=0
split_feature=9 20 5 12 4 3 3 20 21 19 5
split_gain=3.45953 2.61712 2.29223 7.14638 7.21557 3.84303 2.17164 1.94903 1.82229 1.74924 1.54553
threshold=0.25832398235797888 3.9994294643402104 -0.41178084909915919 -1.5847278237342832 -0.89249765872955311 -1.425800561904907 -0.65579557418823231 2.925165176391602 -0.29870226979255671 2.2558596134185795 inf
decision_type=10 10 10 10 10 10 8 10 2 10 8
left_child=1 6 3 -3 5 -5 10 -2 9 -4 -1
right_child=7 2 8 4 -6 -7 -8 -9 -10 -11 -12
leaf_value=-1.0483897996506774e-05 -1.1050422119320266e-05 -3.6904170426590772e-05 0.00031467392224150334 0.0046714139890710361 0.00035561029986368647 0.00089545128891021684 4.7428839699304247e-06 -7.4228956960211887e-05 -3.3913328019683937e-05 7.9509150269408422e-05 7.1956835059336987e-05
leaf_weight=367922 458560 154 1279 25 42 11.999999999999998 1832726 13773 2140 2723 6329
leaf_count=367922 458560 154 1279 25 42 12 1832726 13773 2140 2723 6329
internal_value=-3.95142e-08 2.70342e-06 0.000108555 0.000617225 0.00188413 0.00353344 2.39723e-06 -1.28946e-05 8.90129e-05 0.000154937 -9.08736e-06
internal_weight=2.68568e+06 2.21335e+06 6375 233 79 37 2.20698e+06 472333 6142 4002 374251
internal_count=2685685 2213352 6375 233 79 37 2206977 472333 6142 4002 374251
is_linear=0
shrinkage=0.00523217


Tree=346
num_leaves=12
num_cat=0
split_feature=9 20 23 4 16 14 11 2 11 21 16
split_gain=3.44058 2.41833 2.49633 6.42299 4.56536 4.44963 2.27308 2.15873 2.05286 3.04275 1.77736
threshold=0.35652756690979009 3.9994294643402104 0.2174726873636246 -1.6682668328285215 -0.027933298610150811 -1.3117957711219785 0.74195003509521495 -0.62356787919998158 1.3883551955223086 -1.2293986678123472 -1.1130046248435972
decision_type=10 10 10 8 2 2 10 8 10 2 2
left_child=1 7 3 8 -5 -6 -4 -1 9 -3 -2
right_child=10 2 6 4 5 -7 -8 -9 -10 -11 -12
leaf_value=1.0848913640553673e-05 -5.196163912455915e-05 0.0046993073953194046 -3.1138498293717241e-05 -2.2304063070326057e-05 0.00035511349001936504 0.0055793938211171033 0.00016624556521125603 -8.4312591941634933e-07 -0.00015835732258471841 0.0015522751772348491 -1.1304644984251843e-05
leaf_weight=575540 32289 13.999999999999998 2808 198 11.000000000000002 6.9999999999999991 3684 1736541 6.9999999999999991 26 334809
leaf_count=575540 32289 14 2808 198 11 7 3684 1736541 7 26 334809
internal_value=0 2.35619e-06 0.000101204 0.000600269 0.000209658 0.00264726 8.07568e-05 2.067e-06 0.00232956 0.0027765 -1.48831e-05
internal_weight=2.68593e+06 2.31884e+06 6755 263 216 18 6492 2.31208e+06 47 40 367098
internal_count=2685934 2318836 6755 263 216 18 6492 2312081 47 40 367098
is_linear=0
shrinkage=0.00523217


Tree=347
num_leaves=12
num_cat=0
split_feature=2 22 22 5 20 19 2 24 5 20 6
split_gain=2.78623 2.60868 1.85202 1.67634 1.29363 1.24273 1.25342 1.37169 1.23537 1.96782 1.22103
threshold=0.26575288176536566 -1.6565974950790403 0.25701175630092626 3.0999383926391606 3.9994294643402104 -0.52739650011062611 -0.48807013034820551 -0.11828220263123511 inf 0.71077200770378124 0.17532422393560412
decision_type=8 8 10 10 10 10 8 8 8 10 2
left_child=5 -2 3 4 -3 10 7 -7 -9 -10 -1
right_child=1 2 -4 -5 -6 6 -8 8 9 -11 -12
leaf_value=-1.0611555488171927e-05 -5.8399701053233011e-05 -8.1203645323355376e-06 6.716966186844254e-06 -6.2718572469764211e-05 9.0734288606139261e-05 1.9588711196571569e-06 2.6609331866148351e-06 2.1078825408618838e-05 0.0024487493255160053 0.0002210571135223158 4.7866594272580991e-06
leaf_weight=230728 25491 849708 283808 15437 3637 147870 477683 288455 9.9999999999999982 547 362362
leaf_count=230728 25491 849708 283808 15437 3637 147870 477683 288455 10 547 362362
internal_value=-1.51711e-08 -6.04415e-06 -4.88548e-06 -8.67662e-06 -7.69797e-06 4.69534e-06 8.5208e-06 1.49261e-05 2.15578e-05 0.000267591 -1.20232e-06
internal_weight=2.68574e+06 1.17808e+06 1.15259e+06 868782 853345 1.50766e+06 914565 436882 289012 557 593090
internal_count=2685736 1178081 1152590 868782 853345 1507655 914565 436882 289012 557 593090
is_linear=0
shrinkage=0.00523217


Tree=348
num_leaves=12
num_cat=0
split_feature=0 11 0 20 20 4 20 9 18 11 4
split_gain=5.23811 2.27301 1.74678 1.57743 1.46018 1.90037 2.21788 1.2835 1.22298 1.21235 1.17695
threshold=-3.2554260492324825 -0.90246811509132374 0.44419525563716894 -0.89201623201370228 -0.095621611922979341 -0.66994115710258473 2.3063540458679204 -0.13847679644823072 1.8428696393966677 0.3975729793310166 0.4969621896743775
decision_type=2 8 2 10 10 10 10 8 10 10 10
left_child=8 -2 4 7 -3 -6 -7 10 -1 -5 -4
right_child=1 2 3 9 5 6 -8 -9 -10 -11 -12
leaf_value=-4.1706579688654002e-05 -1.156410836353228e-05 -5.8074541053740071e-06 2.0634627625742559e-05 7.8276775002618075e-06 -7.8635263518094727e-06 7.6132513638096943e-06 5.3230193837129524e-05 -1.6464538119896082e-05 -0.00011612667347841208 2.3164284169767552e-05 -1.3361249661120656e-05
leaf_weight=46003 342015 730483 78411 408222 224460 454994 31185 104330 6979 215846 43229
leaf_count=46003 342015 730483 78411 408222 224460 454994 31185 104330 6979 215846 43229
internal_value=-1.87745e-08 1.01734e-06 2.8958e-06 8.84432e-06 -6.12347e-07 4.7267e-06 1.0541e-05 -2.99758e-06 -5.1527e-05 1.31335e-05 8.5464e-06
internal_weight=2.68616e+06 2.63318e+06 2.29116e+06 850038 1.44112e+06 710639 486179 225970 52982 624068 121640
internal_count=2686157 2633175 2291160 850038 1441122 710639 486179 225970 52982 624068 121640
is_linear=0
shrinkage=0.00523217


Tree=349
num_leaves=12
num_cat=0
split_feature=1 2 12 19 8 6 2 5 13 6 19
split_gain=4.05305 1.83072 1.9843 1.50088 1.48826 1.45319 1.18818 2.44218 1.58657 1.57042 1.50748
threshold=1.5430440902709963 -0.62356787919998158 0.2564819753170014 -0.80394628643989552 -2.0719914436340328 -0.77544501423835743 1.8837870359420779 inf 2.7041847705841069 0.032077353447675712 0.42259892821311956
decision_type=2 8 10 10 8 2 8 8 10 2 8
left_child=1 2 3 -1 -2 -6 7 -3 9 -9 -8
right_child=4 6 -4 -5 5 -7 10 8 -10 -11 -12
leaf_value=-1.1110191435197913e-05 0.00010792345533447244 -5.023829349591983e-07 1.3331811154553725e-06 2.5206305511637922e-05 -4.0440880743979402e-05 -9.0904266037103848e-06 9.139685502745993e-05 0.00020380070457247346 0.00044391448174568214 -7.8494687521291171e-05 -3.5601507636843782e-05
leaf_weight=36020 2272 1853134 353377 229196 93144 71721 2723 1467 439 847 41399
leaf_count=36020 2272 1853134 353377 229196 93144 71721 2723 1467 439 847 41399
internal_value=-1.95348e-08 1.63593e-06 9.4539e-06 2.0271e-05 -2.49705e-05 -2.68076e-05 -9.08977e-07 -2.70565e-07 0.000155415 0.000100137 -2.77433e-05
internal_weight=2.68574e+06 2.5186e+06 618593 265216 167137 164865 1.90001e+06 1.85589e+06 2753 2314 44122
internal_count=2685739 2518602 618593 265216 167137 164865 1900009 1855887 2753 2314 44122
is_linear=0
shrinkage=0.00523217


Tree=350
num_leaves=12
num_cat=0
split_feature=6 22 7 22 6 23 10 12 4 23 17
split_gain=2.63566 2.2402 1.74969 1.80812 1.5641 1.57297 1.49904 1.31869 1.1221 1.86119 1.02515
threshold=-0.701848804950714 0.14086005091667178 0.60555830597877514 -1.6565974950790403 -4.1601626873016349 -0.036100542172789567 0.86715707182884227 0.76962098479270946 2.8695944547653203 inf -0.10123684629797934
decision_type=2 8 8 10 2 10 10 10 8 8 2
left_child=1 4 6 -4 -1 -6 10 8 9 -5 -2
right_child=2 -3 3 7 5 -7 -8 -9 -10 -11 -12
leaf_value=-9.9177276065058335e-05 1.1071140895012801e-05 3.6980656477986905e-06 -5.0603549542006224e-05 -7.6427654221822002e-06 -3.5203383463274034e-05 -8.6578054047848947e-06 -7.5588487497417782e-06 1.4391579083468951e-05 -9.8345104067602457e-05 0.00011587373949341031 2.3401655612161717e-06
leaf_weight=6908 750768 153715 23595 445570 102433 151742 230487 90702 3689 3363 722928
leaf_count=6908 750768 153715 23595 445570 102433 151742 230487 90702 3689 3363 722928
internal_value=-1.60589e-08 -1.21441e-05 2.19869e-06 -5.76303e-06 -2.14744e-05 -1.9359e-05 4.84773e-06 -3.81415e-06 -7.46424e-06 -6.7154e-06 6.78867e-06
internal_weight=2.6859e+06 414798 2.2711e+06 566919 261083 254175 1.70418e+06 543324 452622 448933 1.4737e+06
internal_count=2685900 414798 2271102 566919 261083 254175 1704183 543324 452622 448933 1473696
is_linear=0
shrinkage=0.00523217


Tree=351
num_leaves=12
num_cat=0
split_feature=0 11 22 22 0 13 15 10 17 22 1
split_gain=5.10023 2.2036 2.81446 1.74987 1.74095 1.42728 1.2701 1.08021 1.08856 0.990546 0.988232
threshold=-3.2554260492324825 -0.90246811509132374 -1.1528852581977842 -0.057399531826376908 0.72833058238029491 0.31295143067836767 -1.0327684283256529 2.0964155197143559 0.97127726674079906 -0.90633669495582569 -0.77504348754882801
decision_type=2 8 10 8 2 8 2 10 2 8 2
left_child=3 2 -2 -1 5 10 -4 9 -9 -7 -3
right_child=1 4 6 -5 -6 7 -8 8 -10 -11 -12
leaf_value=-8.4468883008021714e-05 -6.1921289129522345e-05 -6.4642169616240345e-06 -3.4717150497822924e-05 -2.389846031748355e-05 1.3459308098517875e-05 -2.265136410309322e-05 -2.9222632863509007e-06 1.7452021152841223e-05 0.00017177251484618315 -3.0788152835438232e-06 6.7539135932170136e-06
leaf_weight=23537 27704 184452 39326 29439 358794 78774 274904 3951 1840 699986 962813
leaf_count=23537 27704 184452 39326 29439 358794 78774 274904 3951 1840 699986 962813
internal_value=1.95356e-09 1.02512e-06 -1.13642e-05 -5.08261e-05 2.87491e-06 9.08656e-07 -6.90408e-06 -4.52928e-06 6.66487e-05 -5.0597e-06 4.62806e-06
internal_weight=2.68552e+06 2.63254e+06 341934 52976 2.29061e+06 1.93182e+06 314230 784551 5791 778760 1.14726e+06
internal_count=2685520 2632544 341934 52976 2290610 1931816 314230 784551 5791 778760 1147265
is_linear=0
shrinkage=0.00523217


Tree=352
num_leaves=12
num_cat=0
split_feature=1 2 12 15 3 3 24 12 23 4 20
split_gain=3.95272 1.95169 1.94425 2.20554 1.37487 1.36569 2.07573 1.95546 1.42068 1.69765 1.6406
threshold=1.6668483614921572 -0.62356787919998158 0.32875788211822515 1.7661286592483523 -2.6630805730819698 -0.61385735869407643 -0.01807667966932058 -0.41965124011039728 inf -0.87001618742942799 3.9994294643402104
decision_type=2 8 10 2 8 8 8 10 8 8 10
left_child=1 2 3 -1 -2 8 -7 -8 -3 10 -10
right_child=4 5 -4 -5 -6 6 7 -9 9 -11 -12
leaf_value=1.6134123528073507e-05 -7.6083128335967636e-05 -1.0831484020127642e-05 7.8092956002829914e-07 8.4123972171832464e-05 -2.1778552250550212e-05 8.0082312500784127e-06 -2.173056309865922e-05 -6.3983883450413564e-07 0.00010918977065792989 -1.9861589551934047e-05 0.00055243394427129089
leaf_weight=280763 14282 407982 328215 13705 121283 676473 145795 689913 3671 3617 244
leaf_count=280763 14282 407982 328215 13705 121283 676473 145795 689913 3671 3617 244
internal_value=2.36379e-08 1.48731e-06 9.54067e-06 1.93015e-05 -2.75062e-05 -1.11367e-06 1.19436e-06 -4.32025e-06 -9.5152e-06 6.1667e-05 0.000137178
internal_weight=2.68594e+06 2.55038e+06 622683 294468 135565 1.9277e+06 1.51218e+06 835708 415514 7532 3915
internal_count=2685943 2550378 622683 294468 135565 1927695 1512181 835708 415514 7532 3915
is_linear=0
shrinkage=0.00523217


Tree=353
num_leaves=12
num_cat=0
split_feature=0 11 2 16 20 16 21 0 20 16 20
split_gain=5.01633 2.18071 1.9787 1.7311 1.71997 1.68015 4.53875 1.65857 1.59233 1.49328 1.3986
threshold=-2.9439536333084102 -0.90246811509132374 1.8837870359420779 -0.22366837412118909 2.4095736742019658 -0.053117882460355752 -0.86310389637947071 0.44419525563716894 -0.89201623201370228 -0.18293888121843335 -0.095621611922979341
decision_type=2 8 8 2 10 2 2 2 10 2 10
left_child=9 3 4 -2 7 6 -6 10 -9 -1 -3
right_child=1 2 -4 -5 5 -7 -8 8 -10 -11 -12
leaf_value=-6.6861993423772818e-05 -2.313904810454241e-05 -5.4636579089354175e-06 -2.8802943467821629e-05 5.1546581981111311e-07 0.000293986532963318 1.4969769034651364e-05 4.0133646448288674e-05 -3.0939203451672256e-06 1.3122507419927076e-05 -1.5100376043021291e-05 5.2672150531397482e-06
leaf_weight=37777 168334 724761 52363 170327 2354 30372 10702 225756 622998 25674 614306
leaf_count=37777 168334 724761 52363 170327 2354 30372 10702 225756 622998 25674 614306
internal_value=3.69764e-08 1.14959e-06 2.98731e-06 -1.12399e-05 3.73374e-06 3.63404e-05 8.59874e-05 3.08611e-06 8.80823e-06 -4.59312e-05 -5.40198e-07
internal_weight=2.68572e+06 2.62227e+06 2.28361e+06 338661 2.23125e+06 43428 13056 2.18782e+06 848754 63451 1.33907e+06
internal_count=2685724 2622273 2283612 338661 2231249 43428 13056 2187821 848754 63451 1339067
is_linear=0
shrinkage=0.00523217


Tree=354
num_leaves=12
num_cat=0
split_feature=0 0 7 20 10 16 3 16 16 10 5
split_gain=5.07071 2.09648 1.67091 2.37293 2.48741 1.38171 1.56094 1.05738 1.0514 0.933178 1.04142
threshold=-3.2554260492324825 0.72833058238029491 0.6160184144973756 -0.52135384082794178 0.28429234027862554 -0.19932434707880017 -1.8051789402961729 1.2102094292640688 -1.1726148128509519 2.0964155197143559 0.066763091832399382
decision_type=2 2 8 10 10 2 8 2 2 10 10
left_child=5 2 3 -2 7 6 -1 -5 -4 10 -10
right_child=1 -3 8 4 -6 -7 -8 -9 9 -11 -12
leaf_value=-0.00016084267292591371 -7.2590886393473238e-06 1.2631912535560948e-05 -3.1789702839686309e-05 1.4865152057780842e-05 -3.1374934208580006e-06 -1.8383190225713159e-05 -5.7282868632167698e-05 -8.8500121588817759e-06 -5.4989479657782914e-07 5.7472338266878275e-05 -1.4565193472805488e-05
leaf_weight=4699 516046 368739 47021 599579 450481 21591 26668 56257 327725 6254 260691
leaf_count=4699 516046 368739 47021 599579 450481 21591 26668 56257 327725 6254 260691
internal_value=4.26848e-08 1.06262e-06 -8.21283e-07 2.00518e-06 6.32727e-06 -5.06469e-05 -7.28279e-05 1.28297e-05 -7.96857e-06 -6.08361e-06 -6.76059e-06
internal_weight=2.68575e+06 2.63279e+06 2.26405e+06 1.62236e+06 1.10632e+06 52958 31367 655836 641691 594670 588416
internal_count=2685751 2632793 2264054 1622363 1106317 52958 31367 655836 641691 594670 588416
is_linear=0
shrinkage=0.00523217


Tree=355
num_leaves=12
num_cat=0
split_feature=2 6 13 7 19 20 20 13 23 13 10
split_gain=2.68899 1.7221 1.41149 1.26375 1.21598 1.52551 1.20658 1.19202 1.30049 2.0676 1.39477
threshold=0.26575288176536566 -2.399791836738586 0.26615564525127416 -0.8149026334285735 -0.79656052589416493 1.4570231437683108 -0.54174992442131031 -2.55554187297821 inf 2.7041847705841069 -0.96449005603790272
decision_type=8 2 10 8 10 10 10 10 8 10 8
left_child=2 3 6 -2 -4 -6 -1 -3 -9 10 -10
right_child=1 7 4 -5 5 -7 -8 8 9 -11 -12
leaf_value=3.9486318748581199e-07 -0.00012871127629124343 -6.3157402644855749e-05 -1.8698747772502308e-05 -2.7683001895442278e-05 -1.5332719457392164e-06 3.8342853508557524e-05 1.2189584198193218e-05 -4.4020387414267464e-06 0.00036008887655643372 0.00028640115594766514 -4.421451266858046e-06
leaf_weight=367633 3629 9412 104035 52417 336325 28485 671176 1107807 311 1052 3569
leaf_count=367633 3629 9412 104035 52417 336325 28485 671176 1107807 311 1052 3569
internal_value=-1.27541e-08 -5.93517e-06 4.61495e-06 -3.42415e-05 -2.91947e-06 1.57824e-06 8.01623e-06 -4.52066e-06 -4.0239e-06 8.07309e-05 2.46896e-05
internal_weight=2.68585e+06 1.1782e+06 1.50765e+06 56046 468845 364810 1.03881e+06 1.12215e+06 1.11274e+06 4932 3880
internal_count=2685851 1178197 1507654 56046 468845 364810 1038809 1122151 1112739 4932 3880
is_linear=0
shrinkage=0.00523217


Tree=356
num_leaves=12
num_cat=0
split_feature=11 22 16 13 22 4 12 22 18 4 24
split_gain=2.66241 3.40725 1.80052 1.65063 1.15818 1.19218 1.39567 1.31899 1.02352 0.980978 1.50362
threshold=-0.86514216661453236 -1.1528852581977842 -1.1726148128509519 0.38102562725543981 0.14086005091667178 0.34177346527576452 0.29326193034648901 -1.9874526858329771 1.8943388462066653 1.680158317089081 -2.6382441520690914
decision_type=8 10 2 8 8 10 8 8 10 10 10
left_child=1 -1 -3 4 5 7 -7 8 -2 -5 -11
right_child=3 2 -4 9 -6 6 -8 -9 -10 10 -12
leaf_value=-6.1202721436666809e-05 -8.8884231132335871e-05 -4.4964190724781331e-05 -4.0212923543527604e-06 -2.6132996115164199e-06 1.2019048967502826e-05 2.0689673338781783e-05 5.6422214544242384e-07 -1.6587108960289908e-06 0.0003239692837105233 0.00088124770303740763 -3.3746029370424155e-05
leaf_weight=35724 6135 32270 331877 785061 495930 167853 215555 583636 167 48 31655
leaf_count=35724 6135 32270 331877 785061 495930 167853 215555 583636 167 48 31655
internal_value=1.67672e-08 -1.24383e-05 -7.65191e-06 2.19574e-06 5.51079e-06 2.19393e-06 9.37712e-06 -2.47315e-06 -7.77577e-05 -3.76673e-06 -3.23025e-05
internal_weight=2.68591e+06 399871 364147 2.28604e+06 1.46928e+06 973346 383408 589938 6302 816764 31703
internal_count=2685911 399871 364147 2286040 1469276 973346 383408 589938 6302 816764 31703
is_linear=0
shrinkage=0.00523217


Tree=357
num_leaves=12
num_cat=0
split_feature=9 22 4 15 7 6 22 22 7 6 23
split_gain=3.35292 2.38089 1.36498 1.34603 1.42131 1.19305 1.14497 0.995908 1.14643 1.75753 1.46244
threshold=0.35652756690979009 -0.25622746348381037 -1.9032611250877378 -1.0327684283256529 0.8397873342037202 -1.0842788219451902 -1.9874526858329771 0.14086005091667178 inf 0.075424253940582289 inf
decision_type=10 8 10 2 8 2 8 10 8 2 8
left_child=3 5 -3 4 -1 -2 -5 8 10 -10 -8
right_child=1 2 -4 6 -6 -7 7 -9 9 -11 -12
leaf_value=-4.2438974523791529e-06 -5.8976393545622325e-05 -7.365650281075576e-05 -2.4044642730854024e-06 -4.2246200335755602e-05 -4.0869617762288357e-05 -2.3130178006505217e-05 1.4162352196669112e-06 9.3162738290540177e-06 -1.5362524806578931e-05 -0.00037503721301766259 0.00012022109723901424
leaf_weight=172955 34444 7607 227349 14828 34867 97589 1449772 641730 1130 557 2841
leaf_count=172955 34444 7607 227349 14828 34867 97589 1449772 641730 1130 557 2841
internal_value=-1.43695e-08 -1.47094e-05 -4.71512e-06 2.31114e-06 -1.03928e-05 -3.24881e-05 3.56227e-06 3.88674e-06 1.49033e-06 -0.000134772 1.64924e-06
internal_weight=2.68567e+06 366989 234956 2.31868e+06 207822 132033 2.11086e+06 2.09603e+06 1.4543e+06 1687 1.45261e+06
internal_count=2685669 366989 234956 2318680 207822 132033 2110858 2096030 1454300 1687 1452613
is_linear=0
shrinkage=0.00523217


Tree=358
num_leaves=12
num_cat=0
split_feature=0 0 10 5 17 24 3 17 3 16 7
split_gain=4.8937 2.07317 1.58279 2.11342 4.20911 7.6123 2.15396 1.89492 1.36539 1.30811 1.22038
threshold=-3.2554260492324825 0.55593222379684459 0.87733569741249096 inf -2.2181544303894039 -1.0206616520881651 -2.083382129669189 -0.52471515536308277 -2.6630805730819698 -0.19932434707880017 0.60555830597877514
decision_type=2 2 8 8 2 10 8 2 8 2 10
left_child=8 2 3 6 5 -5 -2 -6 -1 -10 -8
right_child=1 -3 -4 4 7 -7 10 -9 9 -11 -12
leaf_value=-0.00012351968730383805 -2.945051282078002e-05 9.0195324549529815e-06 -1.0476880781156471e-05 0.0064131079694223596 0.00047080985399968394 0.00068403199524208404 4.6536136669447391e-06 1.0598822293422878e-05 -6.1782243756115755e-05 -4.7898475005022493e-06 -6.4044521960639146e-06
leaf_weight=6092 62429 662163 436139 6.9999999999999991 367 32 1108373 743 29105 17799 362546
leaf_count=6092 62429 662163 436139 7 367 32 1108373 743 29105 17799 362546
internal_value=7.41495e-09 1.00975e-06 -1.68126e-06 8.18141e-07 0.000225017 0.00189071 6.49442e-07 0.00016382 -4.97713e-05 -4.01727e-05 1.92752e-06
internal_weight=2.6858e+06 2.6328e+06 1.97064e+06 1.5345e+06 1149 39 1.53335e+06 1110 52996 46904 1.47092e+06
internal_count=2685795 2632799 1970636 1534497 1149 39 1533348 1110 52996 46904 1470919
is_linear=0
shrinkage=0.00523217


Tree=359
num_leaves=12
num_cat=0
split_feature=0 0 7 20 4 16 20 9 4 17 12
split_gain=4.83762 2.08205 1.4087 2.03154 1.77941 1.3747 1.14965 1.28284 1.20607 1.12492 1.10185
threshold=-3.2554260492324825 0.47876988351345068 0.60555830597877514 -0.17591686546802518 0.33020098507404333 -0.19932434707880017 -0.88189774751663197 -0.13847679644823072 0.51038417220115673 -0.1323742792010307 -1.1186975240707395
decision_type=2 2 8 10 8 2 10 8 10 2 8
left_child=5 2 3 -2 9 -1 7 8 -3 -5 -7
right_child=1 6 -4 4 -6 10 -8 -9 -10 -11 -12
leaf_value=-7.1649121684615527e-05 -6.1148564309075503e-06 2.1169247678387081e-05 -9.0610086053905194e-06 1.0092745515363243e-05 1.7384351655840743e-05 -6.0949391004291027e-05 1.1763169733541843e-05 -1.5783781574041219e-05 -1.3021285710451499e-05 -7.8066999940348443e-06 1.463565385339878e-05
leaf_weight=31346 591655 80804 555835 170856 275684 9150 592177 102577 43390 219731 12452
leaf_count=31346 591655 80804 555835 170856 275684 9150 592177 102577 43390 219731 12452
internal_value=5.88483e-09 1.00205e-06 -2.12414e-06 9.40394e-07 7.20673e-06 -4.95097e-05 7.92674e-06 -2.08798e-06 9.21753e-06 2.1075e-08 -1.73445e-05
internal_weight=2.68566e+06 2.63271e+06 1.81376e+06 1.25793e+06 666271 52948 818948 226771 124194 390587 21602
internal_count=2685657 2632709 1813761 1257926 666271 52948 818948 226771 124194 390587 21602
is_linear=0
shrinkage=0.00523217


Tree=360
num_leaves=12
num_cat=0
split_feature=0 9 20 1 4 12 21 4 0 15 20
split_gain=4.88706 2.03069 2.68207 2.36295 6.49038 2.68789 1.72711 2.8822 1.65495 1.41362 1.46463
threshold=-3.2554260492324825 0.120376855134964 3.9994294643402104 -1.328833222389221 -1.6682668328285215 -1.3448320031166074 -2.4087039232254024 -2.4509845972061153 0.53434488177299511 -0.24288506060838697 3.4190702438354497
decision_type=2 10 10 2 8 10 2 10 2 2 10
left_child=-1 2 8 4 -4 -6 7 -5 -2 10 -3
right_child=1 9 3 6 5 -7 -8 -9 -10 -11 -12
leaf_value=-4.9748807628676161e-05 2.2174894887603425e-07 1.0849233020316361e-06 0.0028273361246122356 0.0024119177899305203 -3.2951895953538509e-05 0.0014990242355221244 6.0651885364754498e-05 0.00028952153784943127 1.0717880111962605e-05 -1.4296261430694086e-05 -0.0003773557437302252
leaf_weight=52976 1355826 340289 31 17 152 38 4315 630 590372 341069 279
leaf_count=52976 1355826 340289 31 17 152 38 4315 630 590372 341069 279
internal_value=5.78828e-09 1.00717e-06 3.72314e-06 0.000122578 0.000651162 0.000276616 9.8724e-05 0.000350823 3.40613e-06 -6.76689e-06 7.7123e-07
internal_weight=2.68599e+06 2.63302e+06 1.95138e+06 5183 221 190 4962 647 1.9462e+06 681637 340568
internal_count=2685994 2633018 1951381 5183 221 190 4962 647 1946198 681637 340568
is_linear=0
shrinkage=0.00523217


Tree=361
num_leaves=12
num_cat=0
split_feature=0 11 22 2 22 20 0 16 15 20 16
split_gain=4.7788 2.23051 2.85347 1.93845 1.8803 1.75198 1.65153 1.55375 3.34965 1.5201 1.36104
threshold=-3.624077200889587 -0.90246811509132374 -1.1528852581977842 1.8837870359420779 -0.057399531826376908 2.4095736742019658 0.44419525563716894 -0.053117882460355752 -0.36965617537498469 -0.89201623201370228 -1.1521570682525633
decision_type=2 8 10 8 8 10 2 2 2 10 2
left_child=4 2 -2 5 -1 6 -3 8 -7 -8 -4
right_child=1 3 10 -5 -6 7 9 -9 -10 -11 -12
leaf_value=-9.3764649778055925e-05 -6.1738015233815752e-05 -7.7964316116828881e-07 -4.0502784129684475e-05 -2.8351193218963043e-05 -2.3942083064302658e-05 1.6714558450148541e-05 -3.0966589825916631e-06 1.53288050758418e-05 0.00018437196885250109 1.2747153921134754e-05 -3.5065169876132291e-06
leaf_weight=18947 28442 1350699 30087 53643 23941 8364 225754 30935 5360 623163 286668
leaf_count=18947 28442 1350699 30087 53643 23941 8364 225754 30935 5360 623163 286668
internal_value=-2.20279e-08 8.66677e-07 -1.15339e-05 2.72987e-06 -5.48087e-05 3.47315e-06 2.81404e-06 3.59177e-05 8.2263e-05 8.53284e-06 -7.02328e-06
internal_weight=2.686e+06 2.64312e+06 345197 2.29792e+06 42888 2.24428e+06 2.19962e+06 44659 13724 848917 316755
internal_count=2686003 2643115 345197 2297918 42888 2244275 2199616 44659 13724 848917 316755
is_linear=0
shrinkage=0.00523217


Tree=362
num_leaves=12
num_cat=0
split_feature=2 3 8 24 19 24 8 17 20 21 21
split_gain=2.60559 1.81109 2.51454 2.36921 1.50625 1.43919 1.35565 1.20054 1.18878 1.57997 1.1444
threshold=-0.067518778145313249 -1.0999878048896787 -2.0719914436340328 -0.01807667966932058 -0.58134052157402027 -0.13700078427791593 -0.97315195202827443 -0.071260880678892122 -0.11233294382691382 0.073946069926023497 1.5617108941078188
decision_type=8 8 10 10 10 8 10 2 10 2 2
left_child=4 2 -2 6 7 -6 -3 -1 -7 -10 -4
right_child=1 3 10 -5 5 8 -8 -9 9 -11 -12
leaf_value=7.173668098766102e-06 7.687239393350835e-05 -9.5300654524113116e-06 -1.642604599563279e-05 -8.830446438567426e-06 7.1867245748884689e-07 9.0519457713336046e-06 9.2213692334536251e-06 -1.0736627501293014e-05 4.0074857699815552e-05 9.8388483376478049e-06 -6.1870608115411707e-05
leaf_weight=202107 7675 133044 254521 648663 253389 261780 510078 207752 103404 87373 16147
leaf_count=202107 7675 133044 254521 648663 253389 261780 510078 207752 103404 87373 16147
internal_value=-3.91144e-08 -4.38365e-06 -1.64897e-05 -1.77452e-06 6.07367e-06 1.07058e-05 5.34096e-06 -1.90286e-06 1.62959e-05 2.62316e-05 -1.91403e-05
internal_weight=2.68593e+06 1.57013e+06 278343 1.29178e+06 1.1158e+06 705946 643122 409859 452557 190777 270668
internal_count=2685933 1570128 278343 1291785 1115805 705946 643122 409859 452557 190777 270668
is_linear=0
shrinkage=0.00523217


Tree=363
num_leaves=12
num_cat=0
split_feature=5 11 22 3 5 17 8 11 18 23 13
split_gain=2.67971 1.87803 2.24824 1.43472 2.14312 2.31308 6.07405 1.97834 1.43329 1.39281 1.79574
threshold=1.1347486376762392 -0.90246811509132374 -1.1528852581977842 -0.99618130922317494 1.1347486376762392 -2.2181544303894039 0.98240569233894359 0.3303710818290711 -2.0896196365356441 1.633275091648102 2.7041847705841069
decision_type=10 8 10 8 8 2 10 10 8 8 10
left_child=1 2 -1 4 -3 6 -6 -7 -5 -10 -11
right_child=-2 3 -4 8 5 7 -8 -9 9 10 -12
leaf_value=-5.5046157951127778e-05 -1.4589398087714543e-05 -1.0363018791308115e-05 -5.7310266002857862e-06 5.3575591746325498e-05 -0.00021740716745120538 -5.5004744907580135e-05 0.002965622667940964 0.00014395348723721441 5.8804481257286368e-06 -1.6092733651567653e-05 0.00081506755637488426
leaf_weight=27776 307229 249114 285469 16669 40 2049 26 4085 1704977 88351 70
leaf_count=27776 307229 249114 285469 16669 40 2049 26 4085 1704977 88351 70
internal_value=-4.7399e-08 1.83055e-06 -1.01066e-05 3.64139e-06 -7.96849e-06 8.8097e-05 0.00105467 7.73648e-05 5.27944e-06 4.83006e-06 -1.54148e-05
internal_weight=2.68586e+06 2.37863e+06 313245 2.06538e+06 255314 6200 66 6134 1.81007e+06 1.7934e+06 88421
internal_count=2685855 2378626 313245 2065381 255314 6200 66 6134 1810067 1793398 88421
is_linear=0
shrinkage=0.00523217


Tree=364
num_leaves=12
num_cat=0
split_feature=0 0 3 3 19 12 1 18 17 6 0
split_gain=4.69807 1.95406 1.2799 1.23155 1.72224 1.28592 1.45072 1.32297 0.887794 0.857202 0.844646
threshold=-2.9439536333084102 0.72833058238029491 -2.6630805730819698 -0.25335992872714991 1.9409881830215456 -0.48586818575859064 -1.7460973858833311 2.2451330423355107 1.9435554146766665 -0.053328447043895714 -4.6028513908386222
decision_type=2 2 8 8 8 8 2 10 2 2 2
left_child=2 3 10 5 -5 6 7 -2 -8 -4 -1
right_child=1 -3 9 4 -6 -7 8 -9 -10 -11 -12
leaf_value=-0.0001773551077226722 -2.2450479906355046e-05 1.2285387934117337e-05 -4.5574785353370363e-05 2.2672367953741999e-06 -5.7485471822822385e-05 -1.2768137353599333e-05 -1.7441897968775681e-06 0.00012345337039681493 5.2322309800954467e-05 7.8234907425098793e-06 -6.1168935624997598e-05
leaf_weight=3014 2571 368812 46396 1585476 13314 391249 247469 4978 8602 9974 4042
leaf_count=3014 2571 368812 46396 1585476 13314 391249 247469 4978 8602 9974 4042
internal_value=4.43679e-08 1.12083e-06 -4.44506e-05 -7.05901e-07 1.7691e-06 -6.74956e-06 2.17983e-06 7.36601e-05 6.9122e-08 -3.61124e-05 -0.000110934
internal_weight=2.6859e+06 2.62247e+06 63426 2.25366e+06 1.59879e+06 654869 263620 7549 256071 56370 7056
internal_count=2685897 2622471 63426 2253659 1598790 654869 263620 7549 256071 56370 7056
is_linear=0
shrinkage=0.00523217


Tree=365
num_leaves=12
num_cat=0
split_feature=0 11 22 22 0 16 22 16 16 0 24
split_gain=4.67764 2.03109 2.67622 1.891 1.59242 1.34207 1.33323 1.32746 1.26308 1.14263 0.983003
threshold=-2.9439536333084102 -0.90246811509132374 -1.1528852581977842 -0.24449743330478665 0.72833058238029491 -1.1324836015701292 0.14086005091667178 -0.35220937430858607 -0.19932434707880017 -0.46661463379859919 -1.8021506667137144
decision_type=2 8 10 8 2 2 8 2 2 2 10
left_child=3 2 -2 -1 6 -4 9 -8 -5 10 -3
right_child=1 4 5 8 -6 -7 7 -9 -10 -11 -12
leaf_value=-8.4131391771983911e-05 -6.0786346327958083e-05 -6.3577984948659001e-05 -3.9107884810838445e-05 -4.8438527264578088e-05 1.2969097255094973e-05 -2.9201322141330307e-06 1.7361025640059386e-05 1.6366642776241638e-06 9.7416125251766289e-06 -2.5600289334073502e-07 -1.1689925182313535e-05
leaf_weight=21623 27066 10710 31181 24134 358823 280575 224245 426903 17677 1111396 151555
leaf_count=21623 27066 10710 31181 24134 358823 280575 224245 426903 17677 1111396 151555
internal_value=1.49696e-09 1.07569e-06 -1.0878e-05 -4.43938e-05 2.84961e-06 -6.54225e-06 9.62713e-07 7.05314e-06 -2.38221e-05 -2.15034e-06 -1.51201e-05
internal_weight=2.68589e+06 2.62245e+06 338822 63434 2.28363e+06 311756 1.92481e+06 651148 41811 1.27366e+06 162265
internal_count=2685888 2622454 338822 63434 2283632 311756 1924809 651148 41811 1273661 162265
is_linear=0
shrinkage=0.00523217


Tree=366
num_leaves=12
num_cat=0
split_feature=0 22 0 22 1 22 17 22 7 0 23
split_gain=4.56989 2.3201 1.89821 1.59251 1.60493 1.57974 1.09169 1.17776 0.947861 1.4324 1.22057
threshold=-2.4716690778732295 0.10874205827713014 0.72833058238029491 0.14086005091667178 0.87268218398094188 -1.7234337925910947 -0.92345252633094776 -1.2546744942665098 inf 0.045359371230006225 inf
decision_type=2 8 2 8 2 10 2 10 8 2 8
left_child=1 6 3 4 8 -6 -1 -8 10 -10 -2
right_child=2 -3 -4 -5 5 -7 7 -9 9 -11 -12
leaf_value=1.5706825892308846e-05 -1.5350369539930197e-06 -8.7314885995717549e-06 1.2247716495020047e-05 5.5926928803509565e-06 -9.6069585420616936e-05 -1.4243877630357514e-05 -0.00016001177059277993 -6.2963674895127821e-05 -5.9969778166082496e-06 -0.00031104493170652385 9.7208645436840254e-05
leaf_weight=4273 1246451 39768 368813 758832 6662 215270 3790 36705 1125 678 3435
leaf_count=4273 1246451 39768 368813 758832 6662 215270 3790 36705 1125 678 3435
internal_value=2.06186e-08 -3.78378e-05 1.25127e-06 -5.65048e-07 -3.73649e-06 -1.67043e-05 -6.36745e-05 -7.20708e-05 -1.43657e-06 -0.000121281 -1.26293e-06
internal_weight=2.6858e+06 84536 2.60127e+06 2.23245e+06 1.47362e+06 221932 44768 40495 1.25169e+06 1803 1.24989e+06
internal_count=2685802 84536 2601266 2232453 1473621 221932 44768 40495 1251689 1803 1249886
is_linear=0
shrinkage=0.00523217


Tree=367
num_leaves=12
num_cat=0
split_feature=0 11 22 22 0 20 7 10 10 15 22
split_gain=4.54473 2.09743 2.66467 1.59744 1.59225 1.54588 1.75572 1.61747 1.32616 1.25422 1.25069
threshold=-3.2554260492324825 -0.90246811509132374 -1.1528852581977842 -0.057399531826376908 0.72833058238029491 -0.10352757945656775 0.60555830597877514 -0.10132960975170134 2.0964155197143559 -1.0327684283256529 -0.6862206459045409
decision_type=2 8 10 8 2 10 8 10 10 2 8
left_child=3 2 -2 -1 5 10 7 -7 -8 -4 -3
right_child=1 4 9 -5 -6 6 8 -9 -10 -11 -12
leaf_value=-8.0127442784005317e-05 -6.0288565072536163e-05 -1.7703920458815006e-05 -3.4426975926781857e-05 -2.2248888536873684e-05 1.2894830117344197e-05 2.0491830439607702e-05 -6.9189956601296842e-06 3.1756939828673985e-06 7.9786245102163525e-05 -2.8196165573228935e-06 -1.0666644013264952e-06
leaf_weight=23532 27726 142534 39292 29436 358965 272289 252369 322949 4921 274928 936896
leaf_count=23532 27726 142534 39292 29436 358965 272289 252369 322949 4921 274928 936896
internal_value=5.10994e-09 9.70777e-07 -1.11163e-05 -4.79789e-05 2.77526e-06 8.94584e-07 6.16131e-06 1.10983e-05 -5.25717e-06 -6.77467e-06 -3.2643e-06
internal_weight=2.68584e+06 2.63287e+06 341946 52968 2.29092e+06 1.93196e+06 852528 595238 257290 314220 1.07943e+06
internal_count=2685837 2632869 341946 52968 2290923 1931958 852528 595238 257290 314220 1079430
is_linear=0
shrinkage=0.00523217


Tree=368
num_leaves=12
num_cat=0
split_feature=2 22 13 6 24 3 20 22 20 15 18
split_gain=2.53166 2.85862 1.88074 1.76535 1.61766 1.80419 1.65199 1.55634 1.48599 2.9809 1.17662
threshold=-0.067518778145313249 -1.2185246944427488 0.16949200630187991 -0.47902627289295191 -0.01807667966932058 0.23741693049669269 3.9994294643402104 0.14086005091667178 -0.12837436050176618 1.5940275788307192 -0.046878745779395097
decision_type=8 8 8 2 10 8 10 8 10 2 10
left_child=2 -2 8 7 5 6 -5 -3 -1 10 -10
right_child=1 3 -4 4 -6 -7 -8 -9 9 -11 -12
leaf_value=4.4739141162960546e-06 -3.4188161062704222e-05 -2.1450135096743928e-05 -3.7843638492147582e-06 -1.9680043004579699e-07 -5.635150172608145e-06 2.0214145109582855e-05 0.00023029274693951956 1.1748484449676756e-06 2.5379543910936376e-05 9.8463865444135541e-05 4.7677478052719439e-06
leaf_weight=436743 82713 217950 359868 378917 569099 185904 852 134549 168410 12523 138101
leaf_count=436743 82713 217950 359868 378917 569099 185904 852 134549 168410 12523 138101
internal_value=3.2285e-08 -4.24972e-06 6.05882e-06 -2.58416e-06 5.92239e-07 6.85876e-06 3.18896e-07 -1.28119e-05 1.07468e-05 1.93315e-05 1.60954e-05
internal_weight=2.68563e+06 1.56998e+06 1.11564e+06 1.48727e+06 1.13477e+06 565673 379769 352499 755777 319034 306511
internal_count=2685629 1569984 1115645 1487271 1134772 565673 379769 352499 755777 319034 306511
is_linear=0
shrinkage=0.00523217


Tree=369
num_leaves=12
num_cat=0
split_feature=0 11 16 0 20 4 20 16 12 10 0
split_gain=4.47914 2.05226 1.65281 1.57099 1.56729 1.76855 2.25723 1.33007 1.06798 0.972412 0.843789
threshold=-3.2554260492324825 -0.90246811509132374 -0.22366837412118909 0.72833058238029491 -0.80180907249450672 -1.3727321624755857 2.5213533639907841 -0.19932434707880017 -1.1186975240707395 1.0271405577659609 -0.082306846976280199
decision_type=2 8 2 2 10 10 10 2 8 8 2
left_child=7 2 9 4 -3 10 -7 -1 -9 -2 -6
right_child=1 3 -4 -5 5 6 -8 8 -10 -11 -12
leaf_value=-6.9370734274580979e-05 -1.7230795847102869e-05 -9.1792983102147478e-06 4.6849022972962086e-07 1.2800530189116219e-05 -2.8601967440518029e-05 3.587842117298076e-06 4.5691750592238638e-05 -5.8866604728371709e-05 1.5562851747786286e-05 -5.2059711546563008e-05 8.3036498046580294e-07
leaf_weight=31395 144543 347655 171565 358932 67591 1437156 35727 9154 12434 25914 43953
leaf_count=31395 144543 347655 171565 358932 67591 1437156 35727 9154 12434 25914 43953
internal_value=4.37154e-09 9.63119e-07 -1.09916e-05 2.74817e-06 8.80275e-07 3.08806e-06 4.60972e-06 -4.76252e-05 -1.59619e-05 -2.25308e-05 -1.69973e-05
internal_weight=2.68602e+06 2.63304e+06 342022 2.29101e+06 1.93208e+06 1.58443e+06 1.47288e+06 52983 21588 170457 111544
internal_count=2686019 2633036 342022 2291014 1932082 1584427 1472883 52983 21588 170457 111544
is_linear=0
shrinkage=0.00523217


end of trees

feature_importances:
LOW_TURNOVER=500
Q_SALES_YOY=344
KLOW=250
LN_TURNOVER=234
MAX_DD60=231
AMIHUD_20=206
VOL_CV20=200
CORD60=195
OBV_CHG_20=183
EP=181
CORR20=172
CONSEC_UP5=135
RET_AMT_CORR20=124
RET_VOL_CORR5=121
IMAX60=121
CORR60=118
BP=118
VSTD5=114
CORD5=105
CNTD10=94
VOL_OF_VOL_20=91
WVMA30=83
CNTD60=70
VOL_PRICE_DIVERGENCE=47
NEG_SKEW_20=33

parameters:
[boosting: gbdt]
[objective: regression]
[metric: l2]
[tree_learner: serial]
[device_type: cpu]
[data_sample_strategy: bagging]
[data: ]
[valid: ]
[num_iterations: 1000]
[learning_rate: 0.00523217]
[num_leaves: 12]
[num_threads: 8]
[seed: 42]
[deterministic: 0]
[force_col_wise: 0]
[force_row_wise: 0]
[histogram_pool_size: -1]
[max_depth: 6]
[min_data_in_leaf: 7]
[min_sum_hessian_in_leaf: 0.001]
[bagging_fraction: 0.993677]
[pos_bagging_fraction: 1]
[neg_bagging_fraction: 1]
[bagging_freq: 1]
[bagging_seed: 400]
[bagging_by_query: 0]
[feature_fraction: 0.452778]
[feature_fraction_bynode: 1]
[feature_fraction_seed: 30056]
[extra_trees: 0]
[extra_seed: 12879]
[early_stopping_round: 0]
[early_stopping_min_delta: 0]
[first_metric_only: 0]
[max_delta_step: 0]
[lambda_l1: 0.153507]
[lambda_l2: 1.18198]
[linear_lambda: 0]
[min_gain_to_split: 0]
[drop_rate: 0.1]
[max_drop: 50]
[skip_drop: 0.5]
[xgboost_dart_mode: 0]
[uniform_drop: 0]
[drop_seed: 17869]
[top_rate: 0.2]
[other_rate: 0.1]
[min_data_per_group: 100]
[max_cat_threshold: 32]
[cat_l2: 10]
[cat_smooth: 10]
[max_cat_to_onehot: 4]
[top_k: 20]
[monotone_constraints: ]
[monotone_constraints_method: basic]
[monotone_penalty: 0]
[feature_contri: ]
[forcedsplits_filename: ]
[refit_decay_rate: 0.9]
[cegb_tradeoff: 1]
[cegb_penalty_split: 0]
[cegb_penalty_feature_lazy: ]
[cegb_penalty_feature_coupled: ]
[path_smooth: 0]
[interaction_constraints: ]
[verbosity: -1]
[saved_feature_importance_type: 0]
[use_quantized_grad: 0]
[num_grad_quant_bins: 4]
[quant_train_renew_leaf: 0]
[stochastic_rounding: 1]
[linear_tree: 0]
[max_bin: 255]
[max_bin_by_feature: ]
[min_data_in_bin: 3]
[bin_construct_sample_cnt: 200000]
[data_random_seed: 175]
[is_enable_sparse: 1]
[enable_bundle: 1]
[use_missing: 1]
[zero_as_missing: 0]
[feature_pre_filter: 1]
[pre_partition: 0]
[two_round: 0]
[header: 0]
[label_column: ]
[weight_column: ]
[group_column: ]
[ignore_column: ]
[categorical_feature: ]
[forcedbins_filename: ]
[precise_float_parser: 0]
[parser_config_file: ]
[objective_seed: 16083]
[num_class: 1]
[is_unbalance: 0]
[scale_pos_weight: 1]
[sigmoid: 1]
[boost_from_average: 1]
[reg_sqrt: 0]
[alpha: 0.9]
[fair_c: 1]
[poisson_max_delta_step: 0.7]
[tweedie_variance_power: 1.5]
[lambdarank_truncation_level: 30]
[lambdarank_norm: 1]
[label_gain: ]
[lambdarank_position_bias_regularization: 0]
[eval_at: ]
[multi_error_top_k: 1]
[auc_mu_weights: ]
[num_machines: 1]
[local_listen_port: 12400]
[time_out: 120]
[machine_list_filename: ]
[machines: ]
[gpu_platform_id: -1]
[gpu_device_id: -1]
[gpu_use_dp: 0]
[num_gpu: 1]

end of parameters

pandas_categorical:[]
