tree
version=v4
num_class=1
num_tree_per_iteration=1
label_index=0
max_feature_idx=24
objective=regression
feature_names=LOW_TURNOVER LN_TURNOVER CORR20 VOL_CV20 RET_AMT_CORR20 KLOW CONSEC_UP5 CORD60 RET_VOL_CORR5 OBV_CHG_20 CORD5 AMIHUD_20 VOL_OF_VOL_20 CORR60 VOL_PRICE_DIVERGENCE BP EP CNTD10 IMAX60 WVMA30 MAX_DD60 CNTD60 Q_SALES_YOY VSTD5 NEG_SKEW_20
feature_infos=[-6.7840766906738281:3.9124782085418701] [-8.1787328720092773:4.0523290634155273] [-4.3818607330322266:3.3320114612579346] [-6.045565128326416:2.9178769588470459] [-3.6370337009429932:4.0971097946166992] [-4.3355255126953125:6.1007347106933594] [-6.1838560104370117:3.6603500843048096] [-3.788424015045166:3.9663138389587402] [-3.2236998081207275:4.0610527992248535] [-7.7425122261047363:8.4909095764160156] [-3.9645912647247314:3.1881566047668457] [-2.6809046268463135:6.3920364379882812] [-5.8598566055297852:3.038299560546875] [-4.1220269203186035:3.6881725788116455] [-3.2624225616455078:3.4454977512359619] [-3.5366487503051758:5.9821834564208984] [-4.9623689651489258:6.9325723648071289] [-3.6709277629852295:4.0440030097961426] [-3.3801100254058838:4.3634986877441406] [-2.6821718215942383:6.1134033203125] [-2.6928174495697021:5.6071147918701172] [-3.7018158435821533:3.6345782279968262] [-3.9963879585266113:7.3248472213745117] [-2.8771500587463379:6.8355793952941895] [-3.718505859375:3.8848481178283691]
tree_sizes=1336 1330 1381 1372 1368 1368 1361 1355 1381 1346 1352 1367 1357 1357 1359 1349 1348 1380 1380 1376 1353 1337 1385 1364 1378 1340 1388 1381 1365 1372 1366 1367 1371 1379 1381 1365 1380 1372 1383 1368 1367 1404 1349 1334 1372 1358 1383 1397 1351 1374 1356 1373 1389 1370 1381 1379 1392 1367 1364 1371 1382 1378 1360 1378 1386 1384 1377 1360 1369 1378

Tree=0
num_leaves=12
num_cat=0
split_feature=6 7 6 2 2 11 11 11 20 9 15
split_gain=27.6461 16.4764 11.5428 9.89808 6.01884 4.2181 3.7274 3.62226 2.97054 2.5445 2.31389
threshold=-0.67539504170417775 inf -3.2808529138565059 0.13836199790239337 -0.068636544048786149 -0.913130223751068 -0.58259335160255421 -0.40995244681835169 -0.54488718509674061 0.40461157262325292 -1.028051435947418
decision_type=2 8 2 8 10 10 10 8 8 10 2
left_child=2 3 -1 7 -4 -6 10 -2 -9 -7 -5
right_child=1 -3 4 6 5 9 -8 8 -10 -11 -12
leaf_value=0.0037134540543052167 0.0038550489839635901 0.0036436206530082271 0.0038499998024227231 0.0037928619896250002 0.0037540546777952333 0.0038233486029612893 0.0038523285392740229 0.0038609693503531793 0.0038823582163440579 0.0037846523202899173 0.0038359775490234846
leaf_weight=31555 413666 9938 111226 38390 39126 170201 675686 285302 472194 64089 304332
leaf_count=31555 413666 9938 111226 38390 39126 170201 675686 285302 472194 64089 304332
internal_value=0.00384877 0.00385616 0.00380966 0.00385713 0.00381756 0.00380436 0.0038452 0.0038675 0.0038743 0.00381276 0.00383115
internal_weight=2.6157e+06 2.19951e+06 416197 2.18957e+06 384642 273416 1.01841e+06 1.17116e+06 757496 234290 342722
internal_count=2615705 2199508 416197 2189570 384642 273416 1018408 1171162 757496 234290 342722
is_linear=0
shrinkage=1


Tree=1
num_leaves=12
num_cat=0
split_feature=6 19 6 13 9 5 15 17 9 15 13
split_gain=27.3949 16.2868 11.4227 6.61385 5.2416 2.94345 9.01909 3.10096 2.82408 2.72814 2.58744
threshold=-0.67539504170417775 inf -3.2808529138565059 0.3114642202854157 0.52106145024299633 inf -0.092542927712202058 -2.2306563854217525 0.64755666255950939 -0.10614659637212752 -0.30107413232326502
decision_type=2 8 2 8 10 8 2 2 8 2 8
left_child=2 3 -1 8 10 -5 -7 -8 -2 -3 -4
right_child=1 9 4 5 -6 6 7 -9 -10 -11 -12
leaf_value=-0.00013467069720357358 1.7629934557180734e-05 -0.00031197569648686632 2.3760247618973519e-06 -3.8282558732471496e-06 -6.7733558850250578e-05 -6.111409944053908e-05 0.002097416846914103 0.00031461658712469856 -1.4737823981895142e-05 -0.00013026967329846532 -3.1009929477821215e-05
leaf_weight=31542 1264322 2782 91074 835408 83651 3706 26 2768 78339 12337 209935
leaf_count=31542 1264322 2782 91074 835408 83651 3706 26 2768 78339 12337 209935
internal_value=-1.78925e-08 7.3469e-06 -3.89438e-05 8.5317e-06 -3.10917e-05 -2.9643e-06 0.000107931 0.000332374 1.57408e-05 -0.00016378 -2.0906e-05
internal_weight=2.61589e+06 2.19969e+06 416202 2.18457e+06 384660 841908 6500 2794 1.34266e+06 15119 301009
internal_count=2615890 2199688 416202 2184569 384660 841908 6500 2794 1342661 15119 301009
is_linear=0
shrinkage=0.00523217


Tree=2
num_leaves=12
num_cat=0
split_feature=6 19 6 2 2 7 7 15 15 12 12
split_gain=27.1735 16.0565 11.3741 9.44212 5.93188 2.95333 2.832 2.68295 2.57339 2.31892 2.85569
threshold=-0.67539504170417775 inf -3.2808529138565059 0.13836199790239337 -0.068636544048786149 0.077285226434469237 0.60823506116867077 -0.10614659637212752 -0.42572338879108423 -2.590777993202209 0.325247272849083
decision_type=2 8 2 8 10 10 10 2 2 8 10
left_child=2 3 -1 5 -4 9 -5 -3 -8 -2 -11
right_child=1 7 4 6 -6 -7 8 -9 -10 10 -12
leaf_value=-0.00013432654949599755 -5.6312086123787496e-05 -0.00030956703099708203 1.2597163425461675e-06 3.2787298647421118e-06 -4.406162304237584e-05 6.9468247566266855e-06 -3.4222141180615354e-05 -0.00012940004598201979 -4.8050132941318533e-06 3.7147985369067559e-05 1.6754216890782758e-05
leaf_weight=31537 9587 2784 111166 653746 273438 394695 124618 12321 235012 330337 436670
leaf_count=31537 9587 2784 111166 653746 273438 394695 124618 12321 235012 330337 436670
internal_value=-2.41311e-08 7.31013e-06 -3.87958e-05 8.48593e-06 -3.09599e-05 1.86036e-05 -3.20761e-06 -0.000162681 -1.50009e-05 2.4527e-05 2.55386e-05
internal_weight=2.61591e+06 2.19977e+06 416141 2.18466e+06 384604 1.17129e+06 1.01338e+06 15105 359630 776594 767007
internal_count=2615911 2199770 416141 2184665 384604 1171289 1013376 15105 359630 776594 767007
is_linear=0
shrinkage=0.00523217


Tree=3
num_leaves=12
num_cat=0
split_feature=2 5 11 7 5 15 16 11 19 15 15
split_gain=25.3453 12.3837 6.74583 6.56794 3.89827 11.2783 3.72694 3.2074 3.4407 2.91678 2.89499
threshold=0.43168069422245031 1.3534759879112246 -0.47220972180366511 -2.6979836225509639 1.3534759879112246 -0.092542927712202058 -0.057080874219536774 -0.63223260641098011 0.73784139752388012 -0.37520098686218256 -0.9999152123928069
decision_type=8 8 8 10 10 2 2 10 8 2 2
left_child=2 7 9 -3 5 -5 -7 10 -9 -1 -2
right_child=1 3 -4 4 -6 6 -8 8 -10 -11 -12
leaf_value=-1.685155630151906e-05 -7.4324758991564804e-05 -0.00019892155057008756 1.9608016300081489e-05 -7.5506749449446043e-05 -6.9006063936812939e-05 0.0005648299365570385 0.00017509960677422422 7.9650539426021085e-07 -2.8373601408339413e-05 7.5226127228590574e-06 -2.2578142999504019e-05
leaf_weight=232257 34187 9897 1121021 8862 105908 866 3045 407356 151976 318959 221395
leaf_count=232257 34187 9897 1121021 8862 105908 866 3045 407356 151976 318959 221395
internal_value=5.09265e-09 -2.16773e-05 1.2239e-05 -6.93998e-05 -5.85902e-05 2.77094e-05 0.000261746 -1.41465e-05 -7.12791e-06 -2.74609e-06 -2.95033e-05
internal_weight=2.61573e+06 943492 1.67224e+06 128578 118681 12773 3911 814914 559332 551216 255582
internal_count=2615729 943492 1672237 128578 118681 12773 3911 814914 559332 551216 255582
is_linear=0
shrinkage=0.00523217


Tree=4
num_leaves=12
num_cat=0
split_feature=1 4 1 4 22 6 20 6 18 11 9
split_gain=51.525 18.5377 18.3461 7.6794 5.41859 4.24116 3.4806 2.81935 2.79629 3.29594 5.14663
threshold=-0.15116422623395917 inf 2.0102499723434453 0.14601327478885653 -0.0157204195857048 -0.85244089365005482 -0.51731273531913746 -0.67539504170417775 2.9126175642013554 0.81123295426368724 0.008803412318229677
decision_type=2 8 2 8 10 2 8 2 10 10 10
left_child=1 8 3 4 7 -4 -5 -2 -1 -10 -11
right_child=2 -3 5 6 -6 -7 -8 -9 9 10 -12
leaf_value=2.9139754329960312e-05 -5.6285141212068007e-05 -0.00014708512966842024 -0.0001411686607342992 -2.6830143287732362e-05 -1.0556431317655549e-05 -5.0995966181183137e-05 6.5356536999757496e-06 -2.8907486505807106e-05 2.1325613300851365e-05 0.00054690421002903482 0.00010155845245690954
leaf_weight=1082516 140693 16466 39149 107358 393396 22533 422060 385174 3184 1109 1991
leaf_count=1082516 140693 16466 39149 107358 393396 22533 422060 385174 3184 1109 1991
internal_value=-2.07989e-09 2.71439e-05 -1.98677e-05 -1.61042e-05 -2.52462e-05 -0.000108242 -2.28955e-07 -3.62339e-05 2.97796e-05 0.000139856 0.000261284
internal_weight=2.61563e+06 1.10527e+06 1.51036e+06 1.44868e+06 919263 61682 529418 525867 1.0888e+06 6284 3100
internal_count=2615629 1105266 1510363 1448681 919263 61682 529418 525867 1088800 6284 3100
is_linear=0
shrinkage=0.00523217


Tree=5
num_leaves=12
num_cat=0
split_feature=0 1 19 0 0 2 1 3 3 0 2
split_gain=57.2862 33.0691 19.1952 11.0608 10.9812 8.47513 4.8862 3.7633 2.75213 2.3156 2.20738
threshold=-1.7205970287322996 -0.1847511604428291 inf -4.1964454650878897 0.49411904811859136 0.13836199790239337 1.1195378303527834 -1.4451197981834409 -1.349795877933502 0.031442420557141311 -0.61926409602165211
decision_type=2 2 8 2 2 8 2 8 8 2 8
left_child=3 2 10 8 5 -3 -5 -7 -1 -4 -2
right_child=1 4 9 6 -6 7 -8 -9 -10 -11 -12
leaf_value=-0.00027459148462649624 4.263096465720495e-05 7.5162659584418038e-06 -0.0001025881595192876 -0.00016076216179870538 -6.1443254735480323e-05 -4.7870502912924827e-05 -6.3830769444867905e-05 -1.4022002105479942e-05 -0.00016249031628705701 -0.00023485330494443218 2.5649893177872691e-05
leaf_weight=8308 289700 611176 8576 17026 108668 106097 87405 590853 21897 6322 759808
leaf_count=8308 289700 611176 8576 17026 108668 106097 87405 590853 21897 6322 759808
internal_value=-5.09365e-08 5.65241e-06 2.76901e-05 -0.000105163 -1.09034e-05 -6.70436e-06 -7.96434e-05 -1.9176e-05 -0.00019336 -0.000158783 3.03381e-05
internal_weight=2.61584e+06 2.4812e+06 1.06441e+06 134636 1.41679e+06 1.30813e+06 104431 696950 30205 14898 1.04951e+06
internal_count=2615836 2481200 1064406 134636 1416794 1308126 104431 696950 30205 14898 1049508
is_linear=0
shrinkage=0.00523217


Tree=6
num_leaves=12
num_cat=0
split_feature=0 19 0 0 7 11 18 13 6 0 16
split_gain=56.3485 15.1387 11.4705 10.9887 5.71997 5.68665 5.6512 3.14784 2.87741 2.18675 1.98267
threshold=-1.7205970287322996 inf -0.020564395934343335 -4.1964454650878897 0.61844277381896984 0.30453889071941381 2.9126175642013554 2.7114570140838627 -0.28962066769599909 0.031442420557141311 -0.17748984694480893
decision_type=2 8 2 2 10 10 10 10 2 2 2
left_child=3 2 4 -1 8 -4 -7 -8 -2 -3 -5
right_child=1 9 5 10 -6 6 7 -9 -10 -11 -12
leaf_value=-0.00019214157744661996 -1.6474895313157554e-05 -0.00010542140417822002 7.5034282239779703e-06 -9.9929640536637821e-05 -3.1725345088623013e-05 2.6492240486055101e-05 0.00015964461587243095 0.00055660110791704736 1.1560555056554941e-05 -0.00023317965274677278 -5.4156931630961247e-05
leaf_weight=30191 170403 8723 1267691 56184 248996 532174 2642 693 243324 6379 48290
leaf_count=30191 170403 8723 1267691 56184 248996 532174 2642 693 243324 6379 48290
internal_value=3.21405e-08 5.69019e-06 6.70198e-06 -0.000104203 -1.19113e-05 1.35433e-05 2.78398e-05 0.000242539 1.15533e-08 -0.000159453 -7.87811e-05
internal_weight=2.61569e+06 2.48102e+06 2.46592e+06 134665 662723 1.8032e+06 535509 3335 413727 15102 104474
internal_count=2615690 2481025 2465923 134665 662723 1803200 535509 3335 413727 15102 104474
is_linear=0
shrinkage=0.00523217


Tree=7
num_leaves=12
num_cat=0
split_feature=1 1 18 3 10 6 6 18 1 5 16
split_gain=50.1155 17.7339 16.6325 8.17308 4.99489 4.03892 3.61367 2.84131 4.2841 5.06442 6.4687
threshold=-0.15116422623395917 2.0102499723434453 inf -1.3062086105346677 0.66825389862060558 -0.85244089365005482 -3.6634782552719112 2.9126175642013554 -2.8411318063735957 inf -0.057080874219536774
decision_type=2 2 8 8 8 2 2 10 2 8 2
left_child=2 3 7 6 -5 -3 -2 8 -1 -10 -11
right_child=1 5 -4 4 -6 -7 -8 -9 9 10 -12
leaf_value=-7.5050481805227748e-05 -0.00016671040122980048 -0.00013866049597130114 -0.00019037049887742207 -4.6266536201153955e-06 -2.7082920894704323e-05 -5.065478143342746e-05 -4.535736627015767e-05 0.0001395906949134222 2.8649080290487779e-05 0.0011553214248909407 0.0001871075526572125
leaf_weight=10924 7020 39120 9572 894067 389260 22537 158447 6287 1077179 224 1200
leaf_count=10924 7020 39120 9572 894067 389260 22537 158447 6287 1077179 224 1200
internal_value=-9.28925e-09 -1.9601e-05 2.6761e-05 -1.59019e-05 -1.14388e-05 -0.000106507 -5.05118e-05 2.86586e-05 2.80176e-05 2.90623e-05 0.000340806
internal_weight=2.61584e+06 1.51045e+06 1.10539e+06 1.44879e+06 1.28333e+06 61657 165467 1.09581e+06 1.08953e+06 1.0786e+06 1424
internal_count=2615837 1510451 1105386 1448794 1283327 61657 165467 1095814 1089527 1078603 1424
is_linear=0
shrinkage=0.00523217


Tree=8
num_leaves=12
num_cat=0
split_feature=0 1 19 0 0 2 1 22 15 22 22
split_gain=55.1787 32.2275 18.5436 10.8927 10.8423 8.32738 4.94606 3.94133 2.73746 2.67491 2.60868
threshold=-1.7205970287322996 -0.1847511604428291 inf 0.49411904811859136 -4.1964454650878897 0.13836199790239337 1.1195378303527834 -0.072828169912099824 -0.10614659637212752 0.036404399201273925 -0.26718221604824061
decision_type=2 2 8 2 2 8 2 8 2 8 8
left_child=4 2 -2 5 7 -3 -6 -1 -4 -7 -8
right_child=1 3 8 -5 6 9 10 -9 -10 -11 -12
leaf_value=-0.00025944025632427495 2.9942783896982278e-05 7.5192369926427975e-06 -0.00030698660705059526 -6.1086768565233595e-05 -0.00015956752346898769 -2.7432200374454213e-05 -0.00010270906103716436 -0.00013851981074087199 -0.00012244261758358752 -6.5630947826627311e-06 -4.1893191762887701e-05
leaf_weight=12977 1049482 611147 2695 108704 17010 413291 28883 17232 12213 283655 58499
leaf_count=12977 1049482 611147 2695 108704 17010 413291 28883 17232 12213 283655 58499
internal_value=-1.32723e-08 5.58351e-06 2.73392e-05 -1.07602e-05 -0.000103188 -6.57736e-06 -7.79118e-05 -0.000190499 -0.000155879 -1.89397e-05 -6.20054e-05
internal_weight=2.61579e+06 2.48119e+06 1.06439e+06 1.4168e+06 134601 1.30809e+06 104392 30209 14908 696946 87382
internal_count=2615788 2481187 1064390 1416797 134601 1308093 104392 30209 14908 696946 87382
is_linear=0
shrinkage=0.00523217


Tree=9
num_leaves=12
num_cat=0
split_feature=0 18 0 0 11 4 23 15 23 16 15
split_gain=54.9091 13.2525 10.8923 10.6941 5.76658 5.69289 5.51234 8.5208 2.38153 2.35946 2.03042
threshold=-1.7205970287322996 inf -0.020564395934343335 -3.6999375820159908 0.30453889071941381 -0.14183647930622098 inf -0.092542927712202058 2.347371101379395 -0.2179911136627197 -0.10614659637212752
decision_type=2 8 2 2 10 8 8 2 8 2 2
left_child=3 2 5 9 8 -2 -6 -8 -4 -1 -3
right_child=1 10 4 -5 6 -7 7 -9 -10 -11 -12
leaf_value=-0.00020589250418089823 -2.462480761951156e-05 -0.00032268928914873065 8.3199532402045828e-06 -7.215089523840525e-05 2.5664031871405753e-05 6.5325758463971015e-06 -2.858994150912562e-05 0.00038008132027394094 -2.9900833861924725e-05 -0.00012428367293706194 -0.00014508177053750986
leaf_weight=24656 390093 2351 1226777 93903 530091 272748 2599 3009 46305 16114 7200
leaf_count=24656 390093 2351 1226777 93903 530091 272748 2599 3009 46305 16114 7200
internal_value=3.56594e-09 5.58872e-06 6.34076e-06 -0.000102889 1.29901e-05 -1.18029e-05 2.73923e-05 0.000190575 6.92912e-06 -0.000173662 -0.000188919
internal_weight=2.61585e+06 2.48117e+06 2.47162e+06 134673 1.80878e+06 662841 535699 5608 1.27308e+06 40770 9551
internal_count=2615846 2481173 2471622 134673 1808781 662841 535699 5608 1273082 40770 9551
is_linear=0
shrinkage=0.00523217


Tree=10
num_leaves=12
num_cat=0
split_feature=0 1 4 0 0 7 1 4 3 15 5
split_gain=54.5372 31.8178 17.6568 11.0758 10.5748 7.05783 4.88086 4.43142 2.698 2.63745 2.54375
threshold=-1.7205970287322996 -0.15931276977062223 inf 0.47423829138278967 -4.1964454650878897 0.61844277381896984 1.1195378303527834 0.14601327478885653 -1.349795877933502 -0.10614659637212752 inf
decision_type=2 2 8 2 2 8 2 8 8 2 8
left_child=4 2 10 5 8 7 -6 -3 -1 -4 -2
right_child=1 3 9 -5 6 -7 -8 -9 -10 -11 -12
leaf_value=-0.00026918508956450866 2.850751655432398e-05 -9.4869737226889818e-06 -0.00028716632381641622 -6.1245429758689411e-05 -0.00015867482180269429 -2.5340332984333532e-05 -6.1795098904678095e-05 1.3955882130814551e-05 -0.00015821452665603944 -0.0001126945420970602 0.00011707900212564852
leaf_weight=8312 1069777 474663 2884 110875 17025 387914 87403 412625 21899 13600 8956
leaf_count=8312 1069777 474663 2884 110875 17025 387914 87403 412625 21899 13600 8956
internal_value=3.01126e-09 5.56829e-06 2.66461e-05 -1.10859e-05 -0.000102554 -6.724e-06 -7.75988e-05 1.41401e-06 -0.000188782 -0.000143287 2.92437e-05
internal_weight=2.61593e+06 2.48129e+06 1.09522e+06 1.38608e+06 134639 1.2752e+06 104428 887288 30211 16484 1.07873e+06
internal_count=2615933 2481294 1095217 1386077 134639 1275202 104428 887288 30211 16484 1078733
is_linear=0
shrinkage=0.00523217


Tree=11
num_leaves=12
num_cat=0
split_feature=0 1 4 0 0 4 1 3 3 7 16
split_gain=53.8518 31.4216 17.502 10.7222 10.5663 7.14154 4.26319 4.25231 2.9857 2.923 2.45214
threshold=-1.7205970287322996 -0.1847511604428291 inf 0.49411904811859136 -3.6999375820159908 0.14601327478885653 1.1195378303527834 -1.349795877933502 -1.349795877933502 0.34789624810218817 -1.0808350443840025
decision_type=2 2 8 2 2 8 2 8 8 8 2
left_child=4 2 -2 5 8 7 -6 -3 -1 -7 -9
right_child=1 3 -4 -5 6 9 -8 10 -10 -11 -12
leaf_value=-0.00024690533842509156 2.963565026868119e-05 -4.5716999890121439e-05 -0.00014216422613718443 -6.0571060016208196e-05 -0.00014971636150913717 1.5706746440696961e-05 -5.5503000722943935e-05 -3.8949561917490582e-05 -0.00014530896274552336 -1.7904679897748781e-05 -7.7282810116766726e-06
leaf_weight=10823 1048002 112256 16486 108725 15830 391271 78065 77179 29923 86465 640898
leaf_count=10823 1048002 112256 16486 108725 15830 391271 78065 77179 29923 86465 640898
internal_value=-3.61592e-08 5.49349e-06 2.6974e-05 -1.0645e-05 -0.000101947 -6.4946e-06 -7.13969e-05 -1.57682e-05 -0.000172321 9.62173e-06 -1.10851e-05
internal_weight=2.61592e+06 2.48128e+06 1.06449e+06 1.41679e+06 134641 1.30807e+06 93895 830333 40746 477736 718077
internal_count=2615923 2481282 1064488 1416794 134641 1308069 93895 830333 40746 477736 718077
is_linear=0
shrinkage=0.00523217


Tree=12
num_leaves=12
num_cat=0
split_feature=1 19 1 2 6 13 20 6 18 9 20
split_gain=47.7726 17.7309 16.7534 10.1028 4.98128 4.86509 4.16192 3.99151 2.66379 2.62844 4.17449
threshold=-0.15116422623395917 inf 2.0102499723434453 0.083358582109212889 -2.3973730802536006 0.31961536407470709 -0.51731273531913746 -0.85244089365005482 2.9126175642013554 0.011788401287049057 4.027083396911622
decision_type=2 8 2 8 2 8 8 2 8 10 10
left_child=1 8 3 5 -5 6 -2 -4 -1 10 -10
right_child=2 -3 7 4 -6 -7 -8 -9 9 -11 -12
leaf_value=2.7991901962056947e-05 -2.0258247506775818e-05 -0.00015309466437370034 -0.0001355802853442771 -8.527123939817269e-05 -2.4846993156081543e-05 -2.2707786338094619e-05 1.7698294137917526e-05 -4.8051226553003894e-05 0.0002266990520686036 5.0482338544924132e-05 0.0013584308837556198
leaf_weight=1084149 101841 14899 39091 39264 770714 183349 353677 22512 2350 3845 92
leaf_count=1084149 101841 14899 39091 39264 770714 183349 353677 22512 2350 3845 92
internal_value=2.69337e-08 2.61655e-05 -1.91005e-05 -1.55067e-05 -2.77772e-05 4.8951e-08 9.21049e-06 -0.000103609 2.86157e-05 0.000136027 0.000270301
internal_weight=2.61578e+06 1.10534e+06 1.51045e+06 1.44884e+06 809978 638867 455518 61603 1.09044e+06 6287 2442
internal_count=2615783 1105335 1510448 1448845 809978 638867 455518 61603 1090436 6287 2442
is_linear=0
shrinkage=0.00523217


Tree=13
num_leaves=12
num_cat=0
split_feature=1 2 1 2 6 6 20 22 20 5 1
split_gain=47.4813 16.9997 16.7396 9.89818 4.94423 3.99205 3.98703 3.51653 2.72363 2.69775 5.2981
threshold=-0.15116422623395917 inf 2.0102499723434453 0.083358582109212889 -1.9182681441307066 -0.85244089365005482 -0.52395811676979054 -0.0157204195857048 0.72129258513450634 inf -2.8411318063735957
decision_type=2 8 2 8 2 2 8 10 10 8 2
left_child=1 9 3 6 -5 -4 -2 -6 -3 -1 -11
right_child=2 8 5 4 7 -7 -8 -9 -10 10 -12
leaf_value=2.7815563004235247e-05 -2.5995228098196179e-05 -0.00018862969017700759 -0.00013547687707575007 -7.1894210699461811e-05 -3.3377206719554142e-05 -4.7973098634161341e-05 6.4948071068692229e-06 -1.0294031407316899e-05 -4.6412776991356436e-05 -3.7997307300587135e-06 0.00025380061666290443
leaf_weight=1080007 129756 10927 39140 63724 438871 22521 508995 307301 5590 4534 4208
leaf_count=1080007 129756 10927 39140 63724 438871 22521 508995 307301 5590 4534 4208
internal_value=-2.92091e-08 2.60296e-05 -1.90999e-05 -1.55055e-05 -2.76514e-05 -0.000103532 -1.04003e-07 -2.38718e-05 -0.000140553 2.85576e-05 0.000120123
internal_weight=2.61557e+06 1.10527e+06 1.51031e+06 1.44865e+06 809896 61661 638751 746172 16517 1.08875e+06 8742
internal_count=2615574 1105266 1510308 1448647 809896 61661 638751 746172 16517 1088749 8742
is_linear=0
shrinkage=0.00523217


Tree=14
num_leaves=12
num_cat=0
split_feature=0 7 0 0 7 11 20 17 20 8 16
split_gain=52.5404 14.0959 10.3353 10.3305 5.62161 5.59829 5.94404 3.45387 2.73766 2.35729 1.92804
threshold=-1.7205970287322996 inf -4.1964454650878897 -0.020564395934343335 0.61844277381896984 0.30453889071941381 2.2184107303619389 -2.3672147989273067 -0.80099669098854054 -0.12877506762742993 -0.14408706873655316
decision_type=2 8 2 2 10 10 10 2 10 8 2
left_child=2 3 -1 4 9 -5 8 -8 -7 -2 -4
right_child=1 -3 10 5 -6 6 7 -9 -10 -11 -12
leaf_value=-0.00018592684355146134 -1.1585211781639865e-05 -0.0001912960259905407 -9.6011054543051146e-05 6.7294614286803411e-06 -3.1090910496816535e-05 6.566060245929585e-06 0.0014380107653049314 0.00021118531190137326 3.2891489993026514e-05 1.3414648805208786e-05 -5.0685050189167926e-05
leaf_weight=30212 215821 9929 58349 1272893 248951 151175 63 3779 380631 197955 46101
leaf_count=30212 215821 9929 58349 1272893 248951 151175 63 3779 380631 197955 46101
internal_value=-2.73266e-08 5.43516e-06 -0.000100681 6.226e-06 -1.14451e-05 1.27019e-05 2.6893e-05 0.000231948 2.54096e-05 3.7306e-07 -7.6014e-05
internal_weight=2.61586e+06 2.4812e+06 134662 2.47127e+06 662727 1.80854e+06 535648 3842 531806 413776 104450
internal_count=2615859 2481197 134662 2471268 662727 1808541 535648 3842 531806 413776 104450
is_linear=0
shrinkage=0.00523217


Tree=15
num_leaves=12
num_cat=0
split_feature=0 7 0 0 7 11 23 22 22 22 6
split_gain=52.317 13.8949 10.2967 10.1267 5.58518 5.56807 5.78875 4.67188 3.88334 2.88423 2.82284
threshold=-1.7205970287322996 inf -0.020564395934343335 -4.1964454650878897 0.61844277381896984 0.30453889071941381 inf -0.83687868714332569 -0.072828169912099824 0.081467106938362135 -0.28962066769599909
decision_type=2 8 2 2 10 10 8 8 8 8 2
left_child=3 2 4 8 10 -4 -7 -8 -1 -5 -2
right_child=1 -3 5 9 -6 6 7 -9 -10 -11 -12
leaf_value=-0.00025327011227284612 -1.601023674163703e-05 -0.00018996703859043183 6.6910370159794878e-06 -0.00010177237779846019 -3.1040031949006511e-05 2.5037118060074467e-05 0.00069892797716283623 0.00014882231616584953 -0.00013328023046717168 -4.6609224058136709e-05 1.1755900004106447e-05
leaf_weight=12982 170409 9925 1272886 55758 248992 529946 461 5104 17246 48679 243401
leaf_count=12982 170409 9925 1272886 55758 248992 529946 461 5104 17246 48679 243401
internal_value=-5.53067e-08 5.39577e-06 6.18082e-06 -0.000100493 -1.14599e-05 1.26468e-05 2.68019e-05 0.000194676 -0.000184847 -7.60689e-05 3.19714e-07
internal_weight=2.61579e+06 2.48112e+06 2.4712e+06 134665 662802 1.8084e+06 535511 5565 30228 104437 413810
internal_count=2615789 2481124 2471199 134665 662802 1808397 535511 5565 30228 104437 413810
is_linear=0
shrinkage=0.00523217


Tree=16
num_leaves=12
num_cat=0
split_feature=1 4 1 2 5 18 15 18 11 15 8
split_gain=46.616 16.4606 16.134 9.82223 3.83351 2.69471 2.55529 2.50227 3.13476 2.3889 4.21444
threshold=-0.15116422623395917 inf 2.0102499723434453 0.055542254820466049 1.2439103722572329 0.88614097237586986 -0.10614659637212752 2.9126175642013554 0.81123295426368724 0.068536631762981429 0.79928514361381542
decision_type=2 8 2 8 8 8 2 10 10 2 10
left_child=1 7 3 -2 -5 -4 -3 -1 -9 10 -10
right_child=2 6 5 4 -6 -7 -8 8 9 -11 -12
leaf_value=2.7631329612127811e-05 2.653896864233694e-07 -0.00027997403040899954 -7.2003209819799659e-05 -2.2727206869253225e-05 -5.5322927113136638e-05 -0.00014202405032578733 -0.00010823768342890776 1.6883425267715422e-05 0.00025834215991642223 5.4877776866280957e-05 0.00093967324293417313
leaf_weight=1082508 622379 2884 35413 711965 114739 26268 13595 3189 1701 1106 292
leaf_count=1082508 622379 2884 35413 711965 114739 26268 13595 3189 1701 1106 292
internal_value=-6.95498e-08 2.57522e-05 -1.89612e-05 -1.54329e-05 -2.72522e-05 -0.000101838 -0.00013836 2.82369e-05 0.000132334 0.000250826 0.000359066
internal_weight=2.61604e+06 1.10528e+06 1.51076e+06 1.44908e+06 826704 61681 16479 1.0888e+06 6288 3099 1993
internal_count=2616039 1105275 1510764 1449083 826704 61681 16479 1088796 6288 3099 1993
is_linear=0
shrinkage=0.00523217


Tree=17
num_leaves=12
num_cat=0
split_feature=1 19 1 3 4 13 15 10 3 1 9
split_gain=46.014 17.0622 15.9092 7.7442 5.73859 3.85061 2.64317 2.56029 2.41251 2.00761 2.14526
threshold=-0.15116422623395917 inf 2.0102499723434453 -1.3956235647201536 0.41208732128143316 0.31961536407470709 -0.10614659637212752 0.9326206147670747 -2.6637141704559322 -0.39123210310935969 0.24480041116476062
decision_type=2 8 2 8 10 8 2 8 8 2 8
left_child=1 9 3 -2 7 -6 -3 -5 -4 10 -1
right_child=2 6 8 4 5 -7 -8 -9 -10 -11 -12
leaf_value=3.5065360090769909e-05 -5.0473128251367842e-05 -0.00029876624101479282 -0.00018571391401419907 -1.3320529219041821e-05 1.7849170021160817e-05 -1.8204108695975218e-05 -0.00011732676702734147 -3.3965103990801536e-05 -8.8395370761572305e-05 1.5666894611587157e-05 7.8229462246359295e-06
leaf_weight=731496 153116 2691 8039 709922 251919 119579 12218 214149 53619 270241 88819
leaf_count=731496 153116 2691 8039 709922 251919 119579 12218 214149 53619 270241 88819
internal_value=-1.26918e-08 2.56371e-05 -1.87871e-05 -1.52831e-05 -1.11235e-05 6.24204e-06 -0.000150151 -1.81057e-05 -0.0001011 2.80412e-05 3.21167e-05
internal_weight=2.61581e+06 1.10546e+06 1.51034e+06 1.44868e+06 1.29557e+06 371498 14909 924071 61658 1.09056e+06 820315
internal_count=2615808 1105465 1510343 1448685 1295569 371498 14909 924071 61658 1090556 820315
is_linear=0
shrinkage=0.00523217


Tree=18
num_leaves=12
num_cat=0
split_feature=6 7 6 7 4 20 22 22 22 10 24
split_gain=23.9606 13.7427 10.0916 8.23441 4.42593 3.6261 2.81399 2.61802 2.08498 2.06677 1.88481
threshold=-0.67539504170417775 inf -3.2808529138565059 0.59784582257270824 0.33794538676738745 -0.52395811676979054 -1.812179386615753 0.11865966022014619 -0.13569958508014676 0.86027774214744579 0.66384908556938182
decision_type=2 8 2 10 10 10 10 10 8 8 10
left_child=2 3 8 4 9 -6 -5 -4 -1 -2 -7
right_child=1 -3 7 6 5 10 -8 -9 -10 -11 -12
leaf_value=-0.00017037902488903903 9.7029277346308218e-06 -0.00018717484705844833 -3.897680837107057e-05 -7.2547278304803108e-05 7.6391197189329865e-06 4.1013433828191912e-05 -7.5410652084969861e-06 -1.0295678642068333e-05 -8.5082499922693055e-05 -1.0603281198549673e-05 1.9764069207725606e-05
leaf_weight=15259 744439 9942 250998 18883 261460 268753 529056 133581 16274 168184 199152
leaf_count=15259 744439 9942 250998 18883 261460 268753 529056 133581 16274 168184 199152
internal_value=1.06585e-08 6.89782e-06 -3.63978e-05 7.77935e-06 1.36405e-05 2.32497e-05 -9.78292e-06 -2.90168e-05 -0.000126388 5.95988e-06 3.1971e-05
internal_weight=2.61598e+06 2.19987e+06 416112 2.18993e+06 1.64199e+06 729365 547939 384579 31533 912623 467905
internal_count=2615981 2199869 416112 2189927 1641988 729365 547939 384579 31533 912623 467905
is_linear=0
shrinkage=0.00523217


Tree=19
num_leaves=12
num_cat=0
split_feature=6 7 6 7 9 4 20 13 15 13 15
split_gain=23.8329 13.6218 10.2905 8.20231 4.87954 4.35247 3.62815 3.09247 2.73036 2.37455 1.97896
threshold=-0.67539504170417775 inf -3.2808529138565059 0.59784582257270824 0.52106145024299633 0.33794538676738745 -0.52395811676979054 0.31961536407470709 -0.42572338879108423 -0.30107413232326502 -0.10614659637212752
decision_type=2 8 2 10 10 10 10 10 2 10 2
left_child=2 3 -1 5 9 -2 -7 -8 -5 -4 -3
right_child=1 10 4 8 -6 6 7 -9 -10 -11 -12
leaf_value=-0.00012711232872395227 6.0166564116349002e-06 -0.00031507820175778555 3.3157488801036588e-06 -2.5186357140071266e-05 -6.4165980550310957e-05 7.5498589607356046e-06 4.0710927655306759e-05 1.1363810908546279e-05 -9.0688010491459884e-07 -2.8667178858853572e-05 -0.00014365095699261584
leaf_weight=31553 912422 2465 91075 199402 83665 261464 327149 140640 348424 209935 7485
leaf_count=31553 912422 2465 91075 199402 83665 261464 327149 140640 348424 209935 7485
internal_value=3.50816e-08 6.90586e-06 -3.62698e-05 7.78403e-06 -2.8816e-05 1.36342e-05 2.3164e-05 3.18895e-05 -9.74582e-06 -1.89876e-05 -0.000186233
internal_weight=2.61568e+06 2.19945e+06 416228 2.1895e+06 384675 1.64168e+06 729253 467789 547826 301010 9950
internal_count=2615679 2199451 416228 2189501 384675 1641675 729253 467789 547826 301010 9950
is_linear=0
shrinkage=0.00523217


Tree=20
num_leaves=12
num_cat=0
split_feature=1 4 1 2 22 20 22 20 20 5 1
split_gain=45.2551 15.9317 15.4574 9.48233 4.2578 3.88337 2.91565 2.53855 2.35101 2.09702 5.56983
threshold=-0.15116422623395917 inf 2.0102499723434453 0.083358582109212889 -0.0157204195857048 -0.52395811676979054 -0.26233002543449396 -0.80901569128036488 0.72129258513450634 inf -2.8411318063735957
decision_type=2 8 2 8 8 8 8 10 10 8 2
left_child=1 7 3 5 -5 -2 -4 -1 -3 -9 -11
right_child=2 8 6 4 -6 -7 -8 9 -10 10 -12
leaf_value=1.5102032752220499e-05 -2.5674995231491892e-05 -0.00017955305213697732 -0.00015138029514233974 -3.7821337478952765e-05 -1.367326083548103e-05 6.3896773686864271e-06 -7.4632844422503709e-05 3.19413264661638e-05 -4.6181653807078244e-05 -1.0349688426287094e-05 0.0002514262447056897
leaf_weight=306981 129748 11097 20192 449615 360124 509152 41467 772985 5397 4726 4194
leaf_count=306981 129748 11097 20192 449615 360124 509152 41467 772985 5397 4726 4194
internal_value=-2.72205e-08 2.54114e-05 -1.86462e-05 -1.51922e-05 -2.70827e-05 -1.20804e-07 -9.97814e-05 2.78568e-05 -0.000135968 3.28634e-05 0.000112659
internal_weight=2.61568e+06 1.10538e+06 1.5103e+06 1.44864e+06 809739 638900 61659 1.08889e+06 16494 781905 8920
internal_count=2615678 1105380 1510298 1448639 809739 638900 61659 1088886 16494 781905 8920
is_linear=0
shrinkage=0.00523217


Tree=21
num_leaves=12
num_cat=0
split_feature=2 9 19 9 23 15 20 3 2 12 15
split_gain=22.7253 10.0298 10.3463 4.73984 3.65043 7.60843 4.90378 3.73013 3.45425 3.27571 2.47955
threshold=0.4236904382705689 0.36659127473831182 inf 0.64755666255950939 inf -0.092542927712202058 4.027083396911622 -1.1498866081237791 -0.60421100258827198 -2.0310015678405757 -0.10614659637212752
decision_type=8 8 8 8 8 2 10 8 8 8 2
left_child=3 2 4 8 7 -6 -7 -2 -1 -3 -4
right_child=1 9 10 -5 5 6 -8 -9 -10 -11 -12
leaf_value=2.3919015951584166e-05 -3.2268273036812218e-05 -0.00011469915888389022 -0.00028980815872943087 -2.1257281634724314e-05 -4.8443285772702774e-05 0.00027031669246442401 0.0014082028236895156 -4.0519997016401519e-06 7.8692747539361692e-06 -4.6665156861726924e-05 -0.00011584826019982607
leaf_weight=596936 164783 21959 2755 111577 3521 2799 107 579072 954018 165937 12302
leaf_count=596936 164783 21959 2755 111577 3521 2799 107 579072 954018 165937 12302
internal_value=-5.14466e-11 -2.03671e-05 -1.19564e-05 1.16772e-05 -9.22992e-06 0.000114908 0.000313046 -1.03038e-05 1.40471e-05 -5.46211e-05 -0.000147752
internal_weight=2.61577e+06 953235 765339 1.66253e+06 750282 6427 2906 743855 1.55095e+06 187896 15057
internal_count=2615766 953235 765339 1662531 750282 6427 2906 743855 1550954 187896 15057
is_linear=0
shrinkage=0.00523217


Tree=22
num_leaves=12
num_cat=0
split_feature=0 1 7 0 0 7 1 22 22 18 1
split_gain=50.175 29.1572 15.343 10.6581 10.0043 6.63055 4.79569 3.76568 2.74463 2.6396 3.44002
threshold=-1.7205970287322996 -0.1847511604428291 inf 0.49411904811859136 -4.1964454650878897 0.61844277381896984 1.1195378303527834 -0.072828169912099824 0.047483863309025771 2.9126175642013554 -2.8411318063735957
decision_type=2 2 8 2 2 8 2 8 8 8 2
left_child=4 2 9 5 7 8 -6 -1 -3 10 -2
right_child=1 3 -4 -5 6 -7 -8 -9 -10 -11 -12
leaf_value=-0.00024970990736918926 -6.6071734615540909e-05 -6.0233228600192572e-06 -0.00017983955044992468 -6.0002575654824365e-05 -0.00015446356256856682 -2.3970008077285703e-05 -5.8441075403113175e-05 -0.00013150400984003122 1.2372554673188107e-05 0.00013578984294407488 2.8259703121077266e-05
leaf_weight=12963 10686 530526 9818 108704 17029 395712 87373 17249 381796 6178 1037890
leaf_count=12963 10686 530526 9818 108704 17029 395712 87373 17249 381796 6178 1037890
internal_value=-1.09149e-08 5.32605e-06 2.60168e-05 -1.02209e-05 -9.83912e-05 -6.08315e-06 -7.41126e-05 -0.000182257 1.67426e-06 2.79339e-05 2.72975e-05
internal_weight=2.61592e+06 2.48131e+06 1.06457e+06 1.41674e+06 134614 1.30803e+06 104402 30212 912322 1.05475e+06 1.04858e+06
internal_count=2615924 2481310 1064572 1416738 134614 1308034 104402 30212 912322 1054754 1048576
is_linear=0
shrinkage=0.00523217


Tree=23
num_leaves=12
num_cat=0
split_feature=1 2 1 2 3 22 20 22 15 20 5
split_gain=44.4967 15.5132 15.2289 9.30268 4.27645 4.69684 3.87996 2.96107 2.6052 2.51833 2.28889
threshold=-0.15116422623395917 inf 2.0102499723434453 0.083358582109212889 -1.4451197981834409 -0.0157204195857048 -0.52395811676979054 -0.26233002543449396 -0.10614659637212752 -0.80901569128036488 inf
decision_type=2 8 2 8 8 10 8 8 2 10 8
left_child=1 9 3 6 -5 -6 -2 -4 -3 -1 -11
right_child=2 8 7 4 5 -7 -8 -9 -10 10 -12
leaf_value=1.4877109451314313e-05 -2.5714361788242029e-05 -0.00027981586009035949 -0.00015104105309688659 -5.5889100152140107e-05 -3.3371970669127612e-05 -5.6857063116448523e-06 6.3417622256393427e-06 -7.3708469549383729e-05 -0.00010417845587800354 3.1613494093716676e-05 0.00011705956399697958
leaf_weight=307173 129699 2789 20200 118699 404470 286735 509037 41461 13751 773107 8685
leaf_count=307173 129699 2789 20200 118699 404470 286735 509037 41461 13751 773107 8685
internal_value=-6.31303e-08 2.51594e-05 -1.8526e-05 -1.50975e-05 -2.68722e-05 -2.1888e-05 -1.66195e-07 -9.90579e-05 -0.000133861 2.75756e-05 3.25639e-05
internal_weight=2.61581e+06 1.1055e+06 1.5103e+06 1.44864e+06 809904 691205 638736 61661 16540 1.08896e+06 781792
internal_count=2615806 1105505 1510301 1448640 809904 691205 638736 61661 16540 1088965 781792
is_linear=0
shrinkage=0.00523217


Tree=24
num_leaves=12
num_cat=0
split_feature=0 19 0 0 11 20 3 8 20 3 3
split_gain=49.4885 12.7717 9.87176 9.71873 5.13669 5.80684 3.34814 2.96427 2.6866 2.63071 2.56521
threshold=-1.7205970287322996 inf -4.1964454650878897 -0.020564395934343335 0.30453889071941381 2.2184107303619389 -1.3062086105346677 -0.61539593338966359 -0.51731273531913746 -0.10637838765978812 -1.349795877933502
decision_type=2 8 2 2 10 10 8 8 10 10 8
left_child=2 3 10 6 9 8 -2 -8 -6 -5 -1
right_child=1 -3 -4 4 5 -7 7 -9 -10 -11 -12
leaf_value=-0.00025934055966181688 -3.4122772423430654e-05 -0.00014640807435423582 -7.3557099487207861e-05 -5.7410728703387624e-06 1.2387680413110091e-05 0.00022917579390177353 -2.135917154387222e-05 4.4310203744506935e-06 3.5937504986313093e-05 1.1330306894959415e-05 -0.0001511608182628425
leaf_weight=8316 135174 15094 104436 336267 254541 3828 191561 335903 277169 931548 21910
leaf_count=8316 135174 15094 104436 336267 254541 3828 191561 335903 277169 931548 21910
internal_value=1.38872e-08 5.31619e-06 -9.76718e-05 6.24527e-06 1.25418e-05 2.61291e-05 -1.08894e-05 -4.9338e-06 2.46653e-05 6.80177e-06 -0.00018096
internal_weight=2.61575e+06 2.48108e+06 134662 2.46599e+06 1.80335e+06 535538 662638 527464 531710 1.26782e+06 30226
internal_count=2615747 2481085 134662 2465991 1803353 535538 662638 527464 531710 1267815 30226
is_linear=0
shrinkage=0.00523217


Tree=25
num_leaves=12
num_cat=0
split_feature=0 2 19 0 0 11 22 5 11 22 21
split_gain=48.9424 13.9722 10.0157 9.74785 6.19079 4.11411 3.75668 2.55193 3.61264 2.36688 2.07974
threshold=-1.7205970287322996 0.4236904382705689 inf -3.6999375820159908 -0.034486960619688027 -0.42407879233360285 -0.072828169912099824 inf 0.27987943589687353 0.081467106938362135 -1.4813215732574461
decision_type=2 8 8 2 2 8 8 8 10 8 2
left_child=3 5 4 6 -3 -2 -1 -6 -9 10 -5
right_child=1 2 -4 9 7 -7 -8 8 -10 -11 -12
leaf_value=-0.00022203349981439908 2.9986403392293637e-06 -2.7953879539331098e-05 -0.00014548405767451494 5.4166982535285733e-05 -6.8319944809361962e-09 2.0547314240315489e-05 -0.0001205756729012375 -3.6932504986351629e-05 0.00019464286028503751 -3.9563929230031084e-05 -0.00010001094034379762
leaf_weight=17725 562220 309279 15030 2514 540078 1047022 23045 3184 4364 43633 47742
leaf_count=17725 562220 309279 15030 2514 540078 1047022 23045 3184 4364 43633 47742
internal_value=4.50666e-09 5.27723e-06 -1.15899e-05 -9.7142e-05 -9.24029e-06 1.44168e-05 -0.00016471 1.32703e-06 9.68597e-05 -6.77913e-05 -9.22813e-05
internal_weight=2.61584e+06 2.48118e+06 871935 134659 856905 1.60924e+06 40770 547626 7548 93889 50256
internal_count=2615836 2481177 871935 134659 856905 1609242 40770 547626 7548 93889 50256
is_linear=0
shrinkage=0.00523217


Tree=26
num_leaves=12
num_cat=0
split_feature=1 19 1 3 7 20 10 20 15 16 3
split_gain=43.5432 15.6198 14.4646 7.38802 5.23379 5.12796 4.09884 2.48294 2.48239 2.38944 2.29993
threshold=-0.15116422623395917 inf 2.0102499723434453 -1.3062086105346677 0.60823506116867077 -0.51731273531913746 0.58521133661270153 -0.80901569128036488 -0.10614659637212752 -0.057080874219536774 -2.6637141704559322
decision_type=2 8 2 8 8 8 8 10 2 2 8
left_child=1 7 3 -2 5 -5 -7 -1 -3 -6 -4
right_child=2 8 10 4 9 6 -8 -9 -10 -11 -12
leaf_value=1.4659290778694576e-05 -4.7809870319228296e-05 -0.0002870087716090238 -0.0001793767305716661 -2.671110927543131e-05 -3.9069913820131261e-05 1.0678434693073813e-05 -1.6734541189569144e-05 3.221848993011639e-05 -0.00011133488374102605 -1.1430968549183412e-05 -8.4342367946250833e-05
leaf_weight=307092 165472 2697 8037 212399 209462 504286 212117 783241 12221 145007 53591
leaf_count=307092 165472 2697 8037 212399 209462 504286 212117 783241 12221 145007 53591
internal_value=1.65253e-08 2.49723e-05 -1.82449e-05 -1.49047e-05 -1.06611e-05 -4.13236e-06 2.5607e-06 2.72737e-05 -0.000143169 -2.77657e-05 -9.67522e-05
internal_weight=2.61562e+06 1.10525e+06 1.51037e+06 1.44874e+06 1.28327e+06 928802 716403 1.09033e+06 14918 354469 61628
internal_count=2615622 1105251 1510371 1448743 1283271 928802 716403 1090333 14918 354469 61628
is_linear=0
shrinkage=0.00523217


Tree=27
num_leaves=12
num_cat=0
split_feature=0 7 0 4 0 13 22 13 22 22 0
split_gain=48.1532 12.5594 9.60248 9.57526 7.04479 4.54074 3.66058 3.2668 2.75419 2.72373 2.63797
threshold=-1.7205970287322996 inf -4.1964454650878897 -0.041219949722290032 -0.041764447465538972 0.31961536407470709 -0.077798411250114427 2.7114570140838627 0.081467106938362135 0.31455749273300176 0.77186322212219249
decision_type=2 8 2 10 2 10 8 10 8 8 2
left_child=2 3 6 4 9 -5 -1 10 -4 -2 -6
right_child=1 -3 8 5 7 -7 -8 -9 -10 -11 -12
leaf_value=-0.00024544062522628777 -3.0912300819836155e-05 -0.00018043271055609683 -9.7708260344170938e-05 2.3676189702935342e-05 2.5246508873845852e-07 1.9732690321977006e-06 -0.00012877593629282065 0.00023930495050095472 -4.3822473879115806e-05 -1.1036494337403468e-06 2.6650412901918298e-05
leaf_weight=12875 284095 9934 55781 806676 746918 392354 17324 1616 48727 119174 120338
leaf_count=12875 284095 9934 55781 806676 746918 392354 17324 1616 48727 119174 120338
internal_value=-1.0811e-08 5.21965e-06 -9.63533e-05 5.96637e-06 -4.03204e-06 1.65751e-05 -0.000178549 4.35537e-06 -7.25924e-05 -2.21053e-05 3.91633e-06
internal_weight=2.61581e+06 2.4811e+06 134707 2.47117e+06 1.27214e+06 1.19903e+06 30199 868872 104508 403269 867256
internal_count=2615812 2481105 134707 2471171 1272141 1199030 30199 868872 104508 403269 867256
is_linear=0
shrinkage=0.00523217


Tree=28
num_leaves=12
num_cat=0
split_feature=1 19 1 2 6 6 12 14 10 6 2
split_gain=43.0087 15.2729 14.3164 8.99968 4.54685 3.75833 2.45859 2.29261 3.59855 2.31085 2.27619
threshold=-0.15116422623395917 inf 2.0102499723434453 0.055542254820466049 -1.9182681441307066 -0.85244089365005482 0.51239335536956798 -2.3230999708175655 -0.18544447422027585 -0.30344778299331659 -0.61926409602165211
decision_type=2 8 2 8 2 2 10 2 10 2 8
left_child=1 7 3 6 -5 -4 -2 8 9 -1 -9
right_child=2 -3 5 4 -6 -7 -8 10 -10 -11 -12
leaf_value=0.0010423383910152947 7.398388513871931e-06 -0.00014155302465694895 -0.00012722857231380855 -6.8373282237910266e-05 -2.2587766319946124e-05 -4.2364870077319644e-05 -1.4811308061612304e-05 3.8936198249690794e-05 3.4653661882014042e-05 0.00031997068990710257 2.1992405091035906e-05
leaf_weight=141 420217 14905 39147 64417 762094 22551 202054 299913 1846 906 787513
leaf_count=141 420217 14905 39147 64417 762094 22551 202054 299913 1846 906 787513
internal_value=-1.84807e-08 2.47838e-05 -1.8167e-05 -1.48422e-05 -2.61573e-05 -9.62248e-05 1.85502e-07 2.70586e-05 0.000174174 0.000419084 2.66663e-05
internal_weight=2.6157e+06 1.10522e+06 1.51048e+06 1.44878e+06 826511 61698 622271 1.09032e+06 2893 1047 1.08743e+06
internal_count=2615704 1105224 1510480 1448782 826511 61698 622271 1090319 2893 1047 1087426
is_linear=0
shrinkage=0.00523217


Tree=29
num_leaves=12
num_cat=0
split_feature=0 13 0 0 4 13 4 20 0 15 20
split_gain=47.4945 11.6687 10.2185 8.04211 5.26357 3.90845 3.75913 3.93078 2.48428 1.76291 1.75355
threshold=-1.9622640013694761 inf -0.020564395934343335 -4.1964454650878897 -0.14183647930622098 2.7114570140838627 0.42433042824268347 -0.54488718509674061 0.74746602773666393 -0.10614659637212752 2.3114463090896611
decision_type=2 8 2 2 8 8 10 10 2 2 10
left_child=3 2 4 -1 -2 6 8 -8 -4 -3 -6
right_child=1 9 5 -5 10 -7 7 -9 -10 -11 -12
leaf_value=-0.00017766484533382384 -2.3849369703243512e-05 -0.00029857367821129323 2.8262209527918999e-06 -7.8050425715966602e-05 1.9489017185819385e-06 0.00028523136894351733 5.1236556406793592e-06 3.2039777448014924e-05 2.3375250192316062e-05 -0.0001350482672449002 5.1770360760240218e-05
leaf_weight=30238 403686 2404 978531 83571 259074 1431 236785 398862 192822 7423 20903
leaf_count=30238 403686 2404 978531 83571 259074 1431 236785 398862 192822 7423 20903
internal_value=6.97949e-09 4.7624e-06 5.4723e-06 -0.000104526 -1.17586e-05 1.19868e-05 1.17697e-05 2.20145e-05 6.2096e-06 -0.000175165 5.67163e-06
internal_weight=2.61573e+06 2.50192e+06 2.49209e+06 113809 683663 1.80843e+06 1.807e+06 635647 1.17135e+06 9827 279977
internal_count=2615730 2501921 2492094 113809 683663 1808431 1807000 635647 1171353 9827 279977
is_linear=0
shrinkage=0.00523217


Tree=30
num_leaves=12
num_cat=0
split_feature=0 1 4 0 4 0 3 1 13 0 3
split_gain=46.9977 29.6044 14.65 10.2147 6.83282 6.2529 3.71937 3.32481 3.29392 2.66606 2.55878
threshold=-2.2551376819610591 -0.1847511604428291 inf 0.49411904811859136 -0.051713380962610238 -4.1964454650878897 -1.4451197981834409 1.195763170719147 0.31961536407470709 -1.1050567030906675 -1.349795877933502
decision_type=2 2 8 2 8 2 10 2 8 2 8
left_child=5 2 -2 4 6 10 -3 -7 -6 -8 -1
right_child=1 3 -4 -5 8 7 9 -9 -10 -11 -12
leaf_value=-0.00025536699332267729 2.7698647467314441e-05 -4.630658436373435e-05 -0.00012954674549537165 -5.9820610452931355e-05 1.546578821697263e-05 -0.00017052247050405232 -4.5010373970622066e-05 -6.8633350608208121e-05 -1.050317541345225e-05 -9.3504126906413788e-06 -0.00014726057395096588
leaf_weight=8301 1047950 105232 16472 108714 380107 10523 63554 53033 206235 593866 21914
leaf_count=8301 1047950 105232 16472 108714 380107 10523 63554 53033 206235 593866 21914
internal_value=1.00464e-08 4.2866e-06 2.52644e-05 -1.10309e-05 -7.09832e-06 -0.000115005 -1.74236e-05 -8.55187e-05 6.33031e-06 -1.2799e-05 -0.000176996
internal_weight=2.6159e+06 2.52213e+06 1.06442e+06 1.45771e+06 1.34899e+06 93771 762652 63556 586342 657420 30215
internal_count=2615901 2522130 1064422 1457708 1348994 93771 762652 63556 586342 657420 30215
is_linear=0
shrinkage=0.00523217


Tree=31
num_leaves=12
num_cat=0
split_feature=2 5 11 9 7 9 14 9 5 22 5
split_gain=21.1972 10.156 5.62443 5.29148 4.79682 4.46437 3.98375 3.59016 3.29613 2.42937 2.07064
threshold=0.4236904382705689 1.3534759879112246 -0.47220972180366511 0.36659127473831182 -2.6979836225509639 0.35489772260189062 -2.2028034925460811 0.64755666255950939 1.3534759879112246 -0.24582727253437039 2.6920017004013066
decision_type=8 8 8 8 10 8 2 8 10 8 10
left_child=2 3 7 -2 -3 6 8 -1 -6 -5 -4
right_child=1 4 10 9 5 -7 -8 -9 -10 -11 -12
leaf_value=1.6733991583877279e-06 -6.6160811318357364e-06 -0.0001734511588430199 1.902628760992259e-05 -6.8648104052111759e-05 0.00029133198925205812 -0.00010024884222644601 -3.9697043642304868e-05 -4.6097201351625202e-05 -1.8447184292684732e-05 -2.4965398238032353e-05 -3.3479812536078333e-05
leaf_weight=500254 673549 9902 1094227 54994 1858 38177 77497 47122 1893 95424 20943
leaf_count=500254 673549 9902 1094227 54994 1858 38177 77497 47122 1893 95424 20943
internal_value=1.85242e-08 -1.96505e-05 1.12971e-05 -1.28834e-05 -6.27581e-05 -5.35718e-05 -3.1628e-05 -2.43766e-06 0.000134827 -4.09419e-05 1.80395e-05
internal_weight=2.61584e+06 953294 1.66255e+06 823967 129327 119425 81248 547376 3751 150418 1.11517e+06
internal_count=2615840 953294 1662546 823967 129327 119425 81248 547376 3751 150418 1115170
is_linear=0
shrinkage=0.00523217


Tree=32
num_leaves=12
num_cat=0
split_feature=0 1 2 0 0 2 1 5 20 18 11
split_gain=46.1654 28.145 14.381 10.4294 7.67016 7.50604 4.20871 2.77012 2.67093 2.42561 3.09923
threshold=-1.9622640013694761 -0.1847511604428291 inf 0.49411904811859136 -4.1964454650878897 0.13836199790239337 1.195763170719147 0.65365624427795421 -0.38797445595264429 2.9126175642013554 0.81123295426368724
decision_type=2 2 8 2 2 8 2 10 8 8 10
left_child=4 2 9 5 -1 -3 -6 -7 -5 -2 -11
right_child=1 3 -4 8 6 7 -8 -9 -10 10 -12
leaf_value=-0.00017450878982686174 2.6921335601458351e-05 7.0011463212508958e-06 -0.00012800468184935798 -8.5526739561292395e-05 -0.00015775228940941534 -1.1898879817992927e-05 -6.0046943246070966e-05 -3.5612745374596799e-05 -3.3608908354455307e-05 1.4375747055998543e-05 0.00024937657203992215
leaf_weight=30212 1041705 617546 16527 54506 14651 530652 68904 180889 54147 3105 3055
leaf_count=30212 1041705 617546 16527 54506 14651 530652 68904 180889 54147 3105 3055
internal_value=3.64958e-08 4.72369e-06 2.51186e-05 -1.03746e-05 -0.000103043 -6.34468e-06 -7.71907e-05 -1.79286e-05 -5.96616e-05 2.75345e-05 0.000131078
internal_weight=2.6159e+06 2.50213e+06 1.06439e+06 1.43774e+06 113767 1.32909e+06 83555 711541 108653 1.04786e+06 6160
internal_count=2615899 2502132 1064392 1437740 113767 1329087 83555 711541 108653 1047865 6160
is_linear=0
shrinkage=0.00523217


Tree=33
num_leaves=12
num_cat=0
split_feature=6 7 6 2 2 11 11 11 20 19 3
split_gain=21.4786 11.9595 9.39297 8.0465 5.05586 3.7674 3.03557 2.99438 2.95444 1.9368 1.76332
threshold=-0.67539504170417775 inf -3.2808529138565059 0.13836199790239337 -0.068636544048786149 -0.913130223751068 -0.58259335160255421 -0.40995244681835169 -0.52395811676979054 0.69211891293525707 -2.5505594015121456
decision_type=2 8 2 8 10 10 10 8 8 8 10
left_child=2 3 10 7 -4 -6 -5 -2 -9 -8 -1
right_child=1 -3 4 6 5 -7 9 8 -10 -11 -12
leaf_value=-0.00017917369983754452 5.3877323505265309e-06 -0.00017446421822397783 2.418307318641873e-06 -1.6080053314909611e-05 -8.6977417202109019e-05 -3.148502988219361e-05 7.7412262129953479e-06 9.9773166630432243e-06 3.1163970239744666e-05 -1.3634477174159918e-05 -9.4706216978870199e-05
leaf_weight=9895 413703 9947 111155 342771 39104 234348 527084 295709 461753 148780 21687
leaf_count=9895 413703 9947 111155 342771 39104 234348 527084 295709 461753 148780 21687
internal_value=1.27108e-08 6.53427e-06 -3.44547e-05 7.3569e-06 -2.7329e-05 -3.94238e-05 -3.39676e-06 1.67107e-05 2.28939e-05 3.03452e-06 -0.000121202
internal_weight=2.61594e+06 2.19975e+06 416189 2.1898e+06 384607 273452 1.01864e+06 1.17116e+06 757462 675864 31582
internal_count=2615936 2199747 416189 2189800 384607 273452 1018635 1171165 757462 675864 31582
is_linear=0
shrinkage=0.00523217


Tree=34
num_leaves=12
num_cat=0
split_feature=0 1 1 0 0 3 5 1 22 20 10
split_gain=45.5908 26.953 12.5653 10.6186 9.26308 5.60889 4.58953 4.32508 3.65032 3.64731 3.62284
threshold=-1.7205970287322996 -0.1847511604428291 -2.8411318063735957 0.49411904811859136 -3.6999375820159908 -1.349795877933502 inf 1.1195378303527834 -0.072828169912099824 0.83482667803764354 0.67768445611000072
decision_type=2 2 2 2 2 8 8 2 8 10 8
left_child=4 2 9 5 8 -3 -4 -6 -1 -2 -7
right_child=1 3 6 -5 7 10 -8 -9 -10 -11 -12
leaf_value=-0.00021621446322668216 -0.00016099012850045053 -3.6575637776805355e-05 2.6676703580750454e-05 -5.954155814537427e-05 -0.00014405089556390977 4.1010707878915865e-06 0.00017226038843943232 -4.9148434560310477e-05 -0.00011616291313203382 -1.8265299225096576e-05 -1.6074233958361333e-05
leaf_weight=17701 12192 143559 1038044 108686 15825 817271 5963 78061 23042 8220 347133
leaf_count=17701 12192 143559 1038044 108686 15825 817271 5963 78061 23042 8220 347133
internal_value=1.11536e-08 5.09983e-06 2.49949e-05 -9.84805e-06 -9.37609e-05 -5.71807e-06 2.75092e-05 -6.51549e-05 -0.000159656 -0.000103558 -1.91293e-06
internal_weight=2.6157e+06 2.48107e+06 1.06442e+06 1.41665e+06 134629 1.30796e+06 1.04401e+06 93886 40743 20412 1.1644e+06
internal_count=2615697 2481068 1064419 1416649 134629 1307963 1044007 93886 40743 20412 1164404
is_linear=0
shrinkage=0.00523217


Tree=35
num_leaves=12
num_cat=0
split_feature=1 4 1 3 22 4 22 13 18 11 17
split_gain=40.7436 13.968 13.3345 7.02415 5.49033 4.71014 2.73946 2.46923 2.38223 3.19147 2.91741
threshold=-0.15116422623395917 inf 2.0102499723434453 -1.3956235647201536 0.047483863309025771 0.15705943852663043 -0.26233002543449396 0.70748406648635875 2.9126175642013554 0.81123295426368724 -2.3672147989273067
decision_type=2 8 2 8 10 8 8 8 10 10 2
left_child=1 8 3 -2 5 -5 -4 -7 -1 -10 -11
right_child=2 -3 6 4 -6 7 -8 -9 9 10 -12
leaf_value=2.5868246988507165e-05 -4.7939312960963815e-05 -0.00012695105121541265 -0.00014297271268875499 -2.8929635449618703e-05 3.1838558001080055e-06 4.2504898714548131e-06 -6.860188992103098e-05 -3.4492902323059107e-05 1.1630448966755046e-05 0.0015862992575771619 0.00022811996417979909
leaf_weight=1082632 153117 16491 20201 494357 497179 248996 41499 54970 3186 43 3048
leaf_count=1082632 153117 16491 20201 494357 497179 248996 41499 54970 3186 43 3048
internal_value=3.13158e-08 2.4169e-05 -1.76345e-05 -1.44253e-05 -1.04636e-05 -1.89639e-05 -9.29667e-05 -2.75343e-06 2.64585e-05 0.000128117 0.000247873
internal_weight=2.61572e+06 1.1054e+06 1.51032e+06 1.44862e+06 1.2955e+06 798323 61700 303966 1.08891e+06 6277 3091
internal_count=2615719 1105400 1510319 1448619 1295502 798323 61700 303966 1088909 6277 3091
is_linear=0
shrinkage=0.00523217


Tree=36
num_leaves=12
num_cat=0
split_feature=6 7 6 2 13 2 7 12 12 12 14
split_gain=20.9563 11.7562 9.16617 7.91628 5.07313 4.99262 2.50474 2.35698 2.37398 2.26894 1.99371
threshold=-0.67539504170417775 inf -3.2808529138565059 0.13836199790239337 0.2951407283544541 -0.068636544048786149 0.60823506116867077 -2.590777993202209 0.325247272849083 0.42045518755912786 -2.2028034925460811
decision_type=2 8 2 8 8 10 8 8 10 10 2
left_child=2 3 -1 4 7 -4 -5 -2 -9 10 -8
right_child=1 -3 5 6 -6 -7 9 8 -10 -11 -12
leaf_value=-0.00011982782721048654 -5.5760010450536637e-05 -0.00017312810385228261 2.504290690274956e-06 2.6513599787479898e-06 -7.0926913174068973e-07 -3.9070613374075039e-05 9.9973031802774972e-05 3.4195530199177009e-05 1.6357936909151433e-05 4.2200332231914728e-06 -2.5465066502986634e-05
leaf_weight=31547 10167 9938 111202 656181 334783 273380 3516 370819 455336 119087 239734
leaf_count=31547 10167 9938 111202 656181 334783 273380 3516 370819 455336 119087 239734
internal_value=-3.42403e-08 6.40703e-06 -3.40832e-05 7.22235e-06 1.65002e-05 -2.70472e-05 -3.44471e-06 2.33902e-05 2.43653e-05 -1.44867e-05 -2.36482e-05
internal_weight=2.61569e+06 2.19956e+06 416129 2.18962e+06 1.1711e+06 384582 1.01852e+06 836322 826155 362337 243250
internal_count=2615690 2199561 416129 2189623 1171105 384582 1018518 836322 826155 362337 243250
is_linear=0
shrinkage=0.00523217


Tree=37
num_leaves=12
num_cat=0
split_feature=1 19 1 3 4 13 20 18 18 11 3
split_gain=40.1686 14.0942 13.2536 6.85116 4.99428 3.78118 2.62198 2.45337 2.37782 3.02656 2.34535
threshold=-0.15116422623395917 inf 2.0102499723434453 -1.3062086105346677 0.41208732128143316 0.15194395929574969 -0.43604251742362971 0.88614097237586986 2.9126175642013554 0.81123295426368724 -2.9265940189361568
decision_type=2 8 2 8 8 8 10 10 10 10 10
left_child=1 8 3 -2 -5 6 -6 -4 -1 -10 -11
right_child=2 -3 7 4 5 -7 -8 -9 9 10 -12
leaf_value=2.5544819194711074e-05 -4.6043676063496973e-05 -0.00013583466206192098 -6.4222006267724386e-05 -1.6953839623925652e-05 -8.7477656384224852e-06 -1.4390121655538112e-05 3.0632850609968713e-05 -0.0001310417072771227 1.4059320384050855e-05 1.6304823831181562e-05 0.00033523138668262739
leaf_weight=1084057 165512 14906 35421 904487 64965 153135 160707 26252 3186 891 2211
leaf_count=1084057 165512 14906 35421 904487 64965 153135 160707 26252 3186 891 2211
internal_value=-1.99682e-08 2.3949e-05 -1.75592e-05 -1.43608e-05 -1.02738e-05 5.67408e-06 1.92927e-05 -9.26798e-05 2.61343e-05 0.000127609 0.000243925
internal_weight=2.61573e+06 1.10525e+06 1.51048e+06 1.44881e+06 1.28329e+06 378807 225672 61673 1.09034e+06 6288 3102
internal_count=2615730 1105251 1510479 1448806 1283294 378807 225672 61673 1090345 6288 3102
is_linear=0
shrinkage=0.00523217


Tree=38
num_leaves=12
num_cat=0
split_feature=1 4 1 3 22 4 22 20 20 14 5
split_gain=39.7839 13.6161 13.1433 6.78625 5.46167 4.55666 2.76724 2.38579 2.36872 2.29398 3.48231
threshold=-0.15116422623395917 inf 2.0102499723434453 -1.3956235647201536 0.047483863309025771 0.15705943852663043 -0.26233002543449396 -0.80901569128036488 -0.51731273531913746 -2.3230999708175655 -1.6076596379280088
decision_type=2 8 2 8 10 8 8 10 8 2 10
left_child=1 7 3 -2 5 -5 -4 -1 -7 10 -9
right_child=2 -3 6 4 -6 8 -8 9 -10 -11 -12
leaf_value=1.3702953584832633e-05 -4.7249066749884836e-05 -0.00012545895100863561 -0.00014257864861195042 -2.8699708105422145e-05 3.1897500741448933e-06 -3.1472994785814073e-05 -6.7812843477886285e-05 0.00040139599835577389 4.523402195118146e-06 3.0415131825375959e-05 7.7981784533881518e-06
leaf_weight=306934 153169 16477 20195 494377 497331 63166 41456 1145 240814 779475 1338
leaf_count=306934 153169 16477 20195 494377 497331 63166 41456 1145 240814 779475 1338
internal_value=-4.24903e-08 2.38097e-05 -1.74978e-05 -1.43134e-05 -1.04192e-05 -1.88979e-05 -9.23191e-05 2.60693e-05 -2.95398e-06 3.09223e-05 0.000189728
internal_weight=2.61588e+06 1.10537e+06 1.51051e+06 1.44886e+06 1.29569e+06 798357 61651 1.08889e+06 303980 781958 2483
internal_count=2615877 1105369 1510508 1448857 1295688 798357 61651 1088892 303980 781958 2483
is_linear=0
shrinkage=0.00523217


Tree=39
num_leaves=12
num_cat=0
split_feature=1 19 1 7 22 22 15 8 14 5 15
split_gain=39.4763 13.746 12.8765 6.23783 3.97291 2.71961 2.37659 2.3736 2.21928 3.32117 5.68064
threshold=-0.15116422623395917 inf 2.0102499723434453 0.60823506116867077 0.047483863309025771 -0.26233002543449396 -0.10614659637212752 -0.67205098271369923 -2.3230999708175655 -1.7580553889274595 0.087194520980119719
decision_type=2 8 2 8 8 8 2 10 2 10 2
left_child=1 8 3 4 7 -4 -3 -2 9 10 -1
right_child=2 6 5 -5 -6 -7 -8 -9 -10 -11 -12
leaf_value=0.00027235903382591642 -3.3008174131448911e-05 -0.00027473094093308584 -0.00014127429245523385 -3.0571235524505114e-05 5.3030332915278866e-06 -6.7147588481177036e-05 -0.00010284035096151736 -9.3601265593226245e-06 2.5542191805969155e-05 2.0525415131290597e-05 0.0015887541529539622
leaf_weight=1107 159683 2697 20183 443439 418496 41484 12213 427243 1087681 1691 97
leaf_count=1107 159683 2697 20183 443439 418496 41484 12213 427243 1087681 1691 97
internal_value=1.15623e-08 2.37703e-05 -1.73758e-05 -1.42235e-05 -7.01261e-06 -9.14238e-05 -0.000134006 -1.57954e-05 2.59282e-05 0.000170621 0.000380535
internal_weight=2.61601e+06 1.10549e+06 1.51053e+06 1.44886e+06 1.00542e+06 61667 14910 586926 1.09058e+06 2895 1204
internal_count=2616014 1105486 1510528 1448861 1005422 61667 14910 586926 1090576 2895 1204
is_linear=0
shrinkage=0.00523217


Tree=40
num_leaves=12
num_cat=0
split_feature=0 1 2 0 2 0 1 0 1 20 15
split_gain=44.0817 27.4329 13.4101 10.0941 7.56142 5.85725 3.32365 2.82486 3.36258 2.61908 2.47773
threshold=-2.2551376819610591 -0.1847511604428291 inf 0.49411904811859136 0.25037606060504919 -4.1964454650878897 1.195763170719147 -1.1050567030906675 0.89285629987716686 -0.38797445595264429 -0.10614659637212752
decision_type=2 2 8 2 8 2 2 2 2 8 2
left_child=5 2 -2 4 -3 -1 -7 8 -6 -5 -4
right_child=1 3 10 9 7 6 -8 -9 -10 -11 -12
leaf_value=-0.00017145443764315411 2.6650145021578189e-05 5.377412468184562e-06 -0.00026555534128163636 -8.4730183810302601e-05 -0.00013617179969221908 -0.00016791310547468211 -6.6007411657797063e-05 -1.5387188796442954e-05 -3.5403326448408215e-05 -3.3328295642843672e-05 -9.4479586335323651e-05
leaf_weight=30199 1047917 690777 2797 54539 10447 10515 53004 578808 68955 54156 13748
leaf_count=30199 1047917 690777 2797 54539 10447 10515 53004 578808 68955 54156 13748
internal_value=-1.71545e-08 4.12285e-06 2.4316e-05 -1.06225e-05 -6.71353e-06 -0.00011144 -8.28924e-05 -1.94039e-05 -4.86735e-05 -5.91278e-05 -0.000123466
internal_weight=2.61586e+06 2.52214e+06 1.06446e+06 1.45768e+06 1.34899e+06 93718 63519 658210 79402 108695 16545
internal_count=2615862 2522144 1064462 1457682 1348987 93718 63519 658210 79402 108695 16545
is_linear=0
shrinkage=0.00523217


Tree=41
num_leaves=12
num_cat=0
split_feature=2 13 13 21 11 15 20 20 11 2 17
split_gain=19.7328 8.23269 5.73408 4.24649 3.87425 3.08819 2.94617 2.83789 2.70916 2.17512 2.1157
threshold=0.43168069422245031 -2.8656879663467403 0.37432813644409185 1.4118659496307375 -0.8634454309940337 -0.60956805944442738 -0.7595364749431609 0.093062072992324843 4.0143861770629892 -0.26042003929615015 -0.048394642770290368
decision_type=8 10 10 2 8 2 10 8 8 8 2
left_child=2 -2 4 7 -1 -4 -6 -3 9 -8 -9
right_child=1 3 5 -5 6 -7 8 10 -10 -11 -12
leaf_value=-8.8065486500943133e-06 -0.00015434757840318301 -6.2596547410540462e-06 -2.8627076637876474e-05 -5.3715725898350506e-05 4.6965085418792247e-06 2.8114201978978852e-06 3.2631408793489476e-05 -1.1977738941529523e-05 -0.00013700617675047524 1.5082901376057865e-05 -3.8366448590978666e-05
leaf_weight=142752 12170 517147 113105 80434 254916 350761 486882 158558 2810 321112 175205
leaf_count=142752 12170 517147 113105 80434 254916 350761 486882 158558 2810 321112 175205
internal_value=-9.89084e-09 -1.91421e-05 1.07838e-05 -1.73743e-05 1.67864e-05 -4.85259e-06 2.02153e-05 -1.3938e-05 2.50934e-05 2.56583e-05 -2.58327e-05
internal_weight=2.61585e+06 943514 1.67234e+06 931344 1.20847e+06 463866 1.06572e+06 850910 810804 807994 333763
internal_count=2615852 943514 1672338 931344 1208472 463866 1065720 850910 810804 807994 333763
is_linear=0
shrinkage=0.00523217


Tree=42
num_leaves=12
num_cat=0
split_feature=6 2 6 2 2 5 15 16 9 9 15
split_gain=20.0527 10.1834 8.62105 7.61795 4.26406 3.95661 5.76711 3.0996 2.87098 2.67085 2.38923
threshold=-0.77188551425933827 inf -3.2808529138565059 0.13836199790239337 0.10211188346147539 inf -0.092542927712202058 -0.064781662076711641 0.46498569846153265 0.35489772260189062 -0.10614659637212752
decision_type=2 8 2 10 10 8 2 2 10 8 2
left_child=2 3 -1 -2 -4 9 -7 -8 -6 -5 -3
right_child=1 10 4 5 8 6 7 -9 -10 -11 -12
leaf_value=-0.00011818646587747968 1.5947104766461408e-05 -0.000262033875690587 -1.7254389841406119e-06 -6.8803190181733461e-07 -2.9538070620275707e-05 -4.9515619112960188e-05 0.00067957524759038653 0.00022157659370830541 -7.1278829684629787e-05 -2.4508233293898488e-05 -9.4628258951869051e-05
leaf_weight=31549 1188913 2819 114487 879766 166609 2307 497 2234 61930 150990 13797
leaf_count=31549 1188913 2819 114487 879766 166609 2307 497 2234 61930 150990 13797
internal_value=2.33393e-08 5.94574e-06 -3.5412e-05 6.90995e-06 -2.77963e-05 -3.46237e-06 0.000142786 0.000305477 -4.08529e-05 -4.17813e-06 -0.000123095
internal_weight=2.6159e+06 2.24132e+06 374575 2.22471e+06 343026 1.03579e+06 5038 2731 228539 1.03076e+06 16616
internal_count=2615898 2241323 374575 2224707 343026 1035794 5038 2731 228539 1030756 16616
is_linear=0
shrinkage=0.00523217


Tree=43
num_leaves=12
num_cat=0
split_feature=1 6 4 4 22 1 13 23 1 16 9
split_gain=38.6325 12.9551 12.828 6.62152 4.65103 3.67701 3.63214 2.13329 5.29733 14.8573 7.47763
threshold=-0.15116422623395917 -2.3973730802536006 inf -0.081582143902778612 -0.12109070271253584 2.3321855068206792 0.31961536407470709 inf -2.8411318063735957 -0.036037277430295937 -0.1218222565948963
decision_type=2 2 8 10 10 2 8 8 2 2 10
left_child=2 5 7 4 -3 -2 -5 -1 9 -9 -11
right_child=1 3 -4 6 -6 -7 -8 8 -10 10 -12
leaf_value=2.4967825973880695e-05 -6.9995350424219898e-05 -3.6470258722027629e-05 -0.00012142752466525901 7.9094475148036261e-06 -1.1251374242421432e-05 -0.00017291992274544882 -1.8182831329802784e-05 -4.5996040509753238e-05 0.0002407720240701742 0.0048705120799772206 0.00093114542287608948
leaf_weight=1079932 58943 401665 16480 413090 399379 11347 225920 4690 4224 23 32
leaf_count=1079932 58943 401665 16480 413090 399379 11347 225920 4690 4224 23 32
internal_value=-6.09534e-08 -1.72633e-05 2.34429e-05 -1.38771e-05 -2.38978e-05 -8.66246e-05 -1.31416e-06 2.56363e-05 0.000106019 -1.37992e-05 0.00266062
internal_weight=2.61572e+06 1.51034e+06 1.10538e+06 1.44005e+06 801044 70290 639010 1.0889e+06 8969 4745 55
internal_count=2615725 1510344 1105381 1440054 801044 70290 639010 1088901 8969 4745 55
is_linear=0
shrinkage=0.00523217


Tree=44
num_leaves=12
num_cat=0
split_feature=9 7 7 5 11 11 8 5 20 20 23
split_gain=15.0574 10.9393 7.36785 6.21188 4.00826 3.8255 2.85795 2.66228 2.50034 2.2458 2.94122
threshold=0.35489772260189062 inf 0.45584854483604437 1.1781272888183596 0.2090672701597214 -0.62453547120094288 -0.74688002467155445 0.92776748538017284 3.1599701642990117 3.4542486667633061 0.2103960067033768
decision_type=8 8 10 10 10 8 10 10 10 10 10
left_child=1 2 4 5 6 -2 -1 9 -7 -4 -11
right_child=3 -3 7 -5 -6 8 -8 -9 -10 10 -12
leaf_value=-1.1064942751934152e-05 -4.5336808779001366e-05 -0.0001676725504442127 -4.3898931862762858e-06 -7.3228137615960224e-05 2.4754804368124195e-05 -4.6455858392342792e-06 1.0944658701871123e-05 -3.1435890317785187e-05 -0.00014387928477748585 0.00051493429286289473 6.8767596091813212e-05
leaf_weight=201196 107364 9967 583443 73530 494492 208661 818177 111587 3591 459 3415
leaf_count=201196 107364 9967 583443 73530 494492 208661 818177 111587 3591 459 3415
internal_value=-1.52387e-08 5.26382e-06 6.04323e-06 -2.98635e-05 1.25305e-05 -1.98844e-05 6.59978e-06 -8.00744e-06 -7.00579e-06 -3.55474e-06 0.000121979
internal_weight=2.61588e+06 2.22274e+06 2.21277e+06 393146 1.51386e+06 319616 1.01937e+06 698904 212252 587317 3874
internal_count=2615882 2222736 2212769 393146 1513865 319616 1019373 698904 212252 587317 3874
is_linear=0
shrinkage=0.00523217


Tree=45
num_leaves=12
num_cat=0
split_feature=6 7 6 7 11 11 4 16 23 14 11
split_gain=19.7223 10.7414 8.71514 7.11654 4.65877 4.60596 2.51838 2.31276 3.8966 7.90158 2.77188
threshold=-0.67539504170417775 inf -3.2808529138565059 0.59784582257270824 0.2090672701597214 -0.81582108139991749 0.13477060943841937 -0.040670847520232194 inf -0.47216092050075525 -0.66879719495773304
decision_type=2 8 2 10 8 10 10 2 8 2 10
left_child=2 3 -1 4 6 -4 -2 10 -9 -10 -5
right_child=1 -3 5 7 -6 -7 -8 8 9 -11 -12
leaf_value=-0.00011665054388044693 -1.4371257022845493e-06 -0.00016531030542001597 -6.580362541294537e-05 -4.141610220001053e-05 2.5464490944936162e-05 -1.7919142466766969e-05 1.4212509147914956e-05 8.4806380481516415e-07 0.00012889236847851972 0.0013051018221651395 -7.7612846976625589e-06
leaf_weight=31562 556560 9948 66510 101098 515868 318123 569412 246377 1356 176 198844
leaf_count=31562 556560 9948 66510 101098 515868 318123 569412 246377 1356 176 198844
internal_value=-3.46284e-08 6.21432e-06 -3.30629e-05 6.99403e-06 1.24429e-05 -2.62015e-05 6.4763e-06 -9.3341e-06 2.48768e-06 0.000265444 -1.91077e-05
internal_weight=2.61583e+06 2.19964e+06 416195 2.18969e+06 1.64184e+06 384633 1.12597e+06 547851 247909 1532 299942
internal_count=2615834 2199639 416195 2189691 1641840 384633 1125972 547851 247909 1532 299942
is_linear=0
shrinkage=0.00523217


Tree=46
num_leaves=12
num_cat=0
split_feature=6 7 6 7 4 20 13 13 15 23 10
split_gain=19.6463 10.8268 8.74739 7.07662 3.79672 3.59495 2.9411 2.85167 2.60284 2.31101 1.88766
threshold=-0.67539504170417775 inf -3.2808529138565059 0.59784582257270824 0.33794538676738745 -0.52395811676979054 -0.30107413232326502 0.31961536407470709 -0.42572338879108423 -0.20138822495937345 0.86027774214744579
decision_type=2 8 2 8 10 10 10 8 2 8 8
left_child=2 3 -1 4 10 -6 -4 -7 -5 -8 -2
right_child=1 -3 6 8 5 7 9 -9 -10 -11 -12
leaf_value=-0.0001167059055558675 8.9137790326257154e-06 -0.00016596943126116233 -3.4085073876500392e-06 -2.4338697326074206e-05 5.8081249751309835e-06 3.8503894088375656e-05 -5.7194825107630442e-05 1.0330098370294943e-05 -6.3315307150171916e-07 -2.472856507649086e-05 -1.0493939997562538e-05
leaf_weight=31566 744354 9948 111260 199439 261504 327240 89182 140734 348324 184069 168161
leaf_count=31566 744354 9948 111260 199439 261504 327240 89182 140734 348324 184069 168161
internal_value=-4.54718e-10 6.23553e-06 -3.29706e-05 7.01831e-06 1.24511e-05 2.13499e-05 -2.6094e-05 3.00329e-05 -9.26578e-06 -3.53278e-05 5.33638e-06
internal_weight=2.61578e+06 2.1997e+06 416077 2.18976e+06 1.64199e+06 729478 384511 467974 547763 273251 912515
internal_count=2615781 2199704 416077 2189756 1641993 729478 384511 467974 547763 273251 912515
is_linear=0
shrinkage=0.00523217


Tree=47
num_leaves=12
num_cat=0
split_feature=7 7 3 5 11 5 20 11 16 11 13
split_gain=14.121 7.82137 7.24917 5.83924 5.6709 3.45308 3.0764 2.571 2.65381 2.44952 1.84009
threshold=0.61844277381896984 0.61844277381896984 -0.65193301439285267 0.74924662709236156 0.018803080543875698 2.6920017004013066 -0.5519374907016753 -0.63223260641098011 0.025012088008224968 -0.9031156301498412 0.39025743305683142
decision_type=8 10 8 10 8 10 10 8 2 10 8
left_child=2 -2 5 7 9 -1 -6 8 -3 -4 -11
right_child=1 3 4 -5 6 -7 -8 -9 -10 10 -12
leaf_value=-1.4016649041492071e-05 -0.00016538593081841233 -4.1754255374232571e-05 -1.2317393358848213e-05 -4.5672083308091043e-05 1.0459981008648004e-05 -0.00010837435914312942 3.4300767048158009e-05 -1.737178250122631e-06 1.5180796557388022e-08 1.2947949020310369e-05 -4.3187651973094117e-06
leaf_weight=253955 9972 110457 201305 159333 257039 11083 350224 366493 66775 592960 236204
leaf_count=253955 9972 110457 201305 159333 257039 11083 350224 366493 66775 592960 236204
internal_value=-2.21682e-08 -1.98812e-05 7.41924e-06 -1.7816e-05 1.15279e-05 -1.79659e-05 2.42109e-05 -9.65146e-06 -2.60125e-05 4.05285e-06 8.02821e-06
internal_weight=2.6158e+06 713030 1.90277e+06 703058 1.63773e+06 265038 607263 543725 177232 1.03047e+06 829164
internal_count=2615800 713030 1902770 703058 1637732 265038 607263 543725 177232 1030469 829164
is_linear=0
shrinkage=0.00523217


Tree=48
num_leaves=12
num_cat=0
split_feature=0 7 0 0 7 11 5 14 0 7 16
split_gain=42.9262 10.1443 9.80172 5.73909 5.17268 4.73887 5.21554 3.03673 1.98918 1.84731 1.78436
threshold=-2.2551376819610591 inf -0.034486960619688027 -4.1964454650878897 0.61844277381896984 0.30453889071941381 inf -2.2028034925460811 -1.2249365448951719 0.097150437533855452 -1.1792160272598264
decision_type=2 8 2 2 10 10 8 2 2 10 2
left_child=3 2 4 -1 8 10 9 -8 -2 -7 -4
right_child=1 -3 5 -5 -6 6 7 -9 -10 -11 -12
leaf_value=-0.00016930788940887378 -2.893712031438508e-05 -0.00016258884283534101 -1.7748959095912488e-05 -8.1662728878591508e-05 -3.0485213309180754e-05 2.9905289305474168e-05 0.00036490107750600102 0.0001026420679314276 3.7294221201334818e-06 9.8076801897377277e-06 7.2451739695940822e-06
leaf_weight=30205 59350 9954 83606 63579 260471 334312 1709 4176 363938 200398 1204171
leaf_count=30205 59350 9954 83606 63579 260471 334312 1709 4176 363938 200398 1204171
internal_value=1.14996e-08 4.09897e-06 4.75985e-06 -0.000109901 -1.21398e-05 1.10803e-05 2.40816e-05 0.000178996 -8.48985e-07 2.23747e-05 5.62185e-06
internal_weight=2.61587e+06 2.52208e+06 2.51213e+06 93784 683759 1.82837e+06 540595 5885 423288 534710 1.28778e+06
internal_count=2615869 2522085 2512131 93784 683759 1828372 540595 5885 423288 534710 1287777
is_linear=0
shrinkage=0.00523217


Tree=49
num_leaves=12
num_cat=0
split_feature=0 7 0 4 0 13 22 13 22 0 22
split_gain=42.1156 10.3118 8.64286 8.25287 6.00569 4.1566 3.60857 3.02028 2.60068 2.38111 2.25517
threshold=-1.7205970287322996 inf -3.6999375820159908 -0.041219949722290032 -0.041764447465538972 0.31961536407470709 -0.072828169912099824 2.7114570140838627 0.31455749273300176 0.77186322212219249 0.081467106938362135
decision_type=2 8 2 10 2 8 8 10 8 2 8
left_child=2 3 6 4 8 -5 -1 9 -2 -6 -4
right_child=1 -3 10 5 7 -7 -8 -9 -10 -11 -12
leaf_value=-0.00020988109786669246 -2.898056607489474e-05 -0.00016332126608757533 -8.6360798574988017e-05 2.2236509304398011e-05 1.5371768738196588e-07 1.4705573382560718e-06 -0.00011045585754711128 0.00023024770391441503 1.3015456691967582e-07 2.5231617726568617e-05 -3.4891650391817302e-05
leaf_weight=17732 284094 9932 50239 806756 746914 392263 23041 1612 119211 120360 43606
leaf_count=17732 284094 9932 50239 806756 746914 392263 23041 1612 119211 120360 43606
internal_value=2.72673e-08 4.91783e-06 -9.0104e-05 5.5944e-06 -3.68762e-06 1.54435e-05 -0.00015372 4.05664e-06 -2.03739e-05 3.63498e-06 -6.24545e-05
internal_weight=2.61576e+06 2.48114e+06 134618 2.47121e+06 1.27219e+06 1.19902e+06 40773 868886 403305 867274 93845
internal_count=2615760 2481142 134618 2471210 1272191 1199019 40773 868886 403305 867274 93845
is_linear=0
shrinkage=0.00523217


Tree=50
num_leaves=12
num_cat=0
split_feature=0 1 19 0 0 7 1 1 18 11 9
split_gain=41.6571 24.2904 12.8779 10.309 8.49613 5.58749 4.22495 3.03871 2.2912 3.07718 4.94709
threshold=-1.7205970287322996 -0.19331146031618116 inf 0.49411904811859136 -3.6999375820159908 0.61844277381896984 1.1195378303527834 1.4521141648292544 2.9126175642013554 0.81123295426368724 0.011788401287049057
decision_type=2 2 8 2 2 8 2 2 8 10 10
left_child=4 2 8 5 7 -3 -6 -1 -2 -10 -11
right_child=1 3 -4 -5 6 -7 -8 -9 9 10 -12
leaf_value=-0.0002434319394203728 2.5493007412999662e-05 1.98846507715893e-06 -0.00012872887564565968 -5.7364410704088538e-05 -0.00014023663073016313 -2.1496900153876472e-05 -4.643070900723457e-05 -0.00013015925949556371 1.0392468383533715e-05 0.00051997554013175225 8.285170787144379e-05
leaf_weight=8124 1032946 917552 14916 112172 15823 397417 78016 32613 3098 1127 1923
leaf_count=8124 1032946 917552 14916 112172 15823 397417 78016 32613 3098 1127 1923
internal_value=-1.0652e-08 4.85187e-06 2.39016e-05 -9.21666e-06 -8.96653e-05 -5.10881e-06 -6.22583e-05 -0.000152775 2.60935e-05 0.000126824 0.000244775
internal_weight=2.61573e+06 2.48115e+06 1.05401e+06 1.42714e+06 134576 1.31497e+06 93839 40737 1.03909e+06 6148 3050
internal_count=2615727 2481151 1054010 1427141 134576 1314969 93839 40737 1039094 6148 3050
is_linear=0
shrinkage=0.00523217


Tree=51
num_leaves=12
num_cat=0
split_feature=0 1 4 0 0 4 1 20 1 15 20
split_gain=41.3157 23.9309 12.2668 10.4673 8.55609 5.53381 4.63347 2.65093 2.25975 2.2243 2.19437
threshold=-1.7205970287322996 -0.1847511604428291 inf 0.49411904811859136 -4.1964454650878897 0.14601327478885653 1.1195378303527834 -0.38797445595264429 1.5345497131347658 -0.10614659637212752 -0.80901569128036488
decision_type=2 2 8 2 2 8 2 8 2 2 10
left_child=4 2 10 5 8 -3 -6 -5 -1 -4 -2
right_child=1 3 9 7 6 -7 -8 -9 -10 -11 -12
leaf_value=-0.00025450384563710071 1.3808387353798528e-05 -1.3314711168915334e-05 -0.00025057303515227749 -8.434080291368623e-05 -0.0001458381418133058 9.0360461448799919e-06 -5.1427991926959395e-05 -3.2629884232482145e-05 -0.00014334218130503858 -9.0082624071611089e-05 3.0586300631723239e-05
leaf_weight=6374 298692 830452 2873 54549 17016 477644 87388 54154 23851 13577 749182
leaf_count=6374 298692 830452 2873 54549 17016 477644 87388 54154 23851 13577 749182
internal_value=-1.33016e-08 4.83021e-06 2.35784e-05 -9.25318e-06 -8.92812e-05 -5.15284e-06 -6.68243e-05 -5.85873e-05 -0.00016682 -0.000118177 2.58046e-05
internal_weight=2.61575e+06 2.48112e+06 1.06432e+06 1.4168e+06 134629 1.3081e+06 104404 108703 30225 16450 1.04787e+06
internal_count=2615752 2481123 1064324 1416799 134629 1308096 104404 108703 30225 16450 1047874
is_linear=0
shrinkage=0.00523217


Tree=52
num_leaves=12
num_cat=0
split_feature=0 1 19 0 0 0 1 1 10 20 20
split_gain=41.0004 25.5284 12.4471 10.1208 5.54287 4.59277 4.75376 3.28387 3.12367 2.50655 2.31839
threshold=-2.2551376819610591 -0.15931276977062223 inf 0.47423829138278967 -4.1964454650878897 -1.1050567030906675 0.89285629987716686 1.195763170719147 0.69649779796600353 -0.38797445595264429 -0.80901569128036488
decision_type=2 2 8 2 2 2 2 2 8 8 10
left_child=4 2 10 5 -1 6 -3 -6 -7 -5 -2
right_child=1 3 -4 9 7 8 -8 -9 -10 -11 -12
leaf_value=-0.00016581288642986667 1.2838043654282312e-05 -0.00011695960286411856 -0.00012712976546624935 -8.3857054233210066e-05 -0.00016412649360401411 2.1827568560303626e-06 -2.3737270504811604e-05 -6.2887474185418751e-05 -1.6277630542978518e-05 -3.406990259727607e-05 2.9870346532392547e-05
leaf_weight=30215 305101 17404 14912 54624 10528 831766 107599 53007 359296 56287 775007
leaf_count=30215 305101 17404 14912 54624 10528 831766 107599 53007 359296 56287 775007
internal_value=-1.00876e-08 3.98348e-06 2.29866e-05 -1.05984e-05 -0.000107449 -6.55256e-06 -3.67239e-05 -7.96786e-05 -3.38534e-06 -5.85981e-05 2.50599e-05
internal_weight=2.61575e+06 2.522e+06 1.09502e+06 1.42698e+06 93750 1.31606e+06 125003 63535 1.19106e+06 110911 1.08011e+06
internal_count=2615746 2521996 1095020 1426976 93750 1316065 125003 63535 1191062 110911 1080108
is_linear=0
shrinkage=0.00523217


Tree=53
num_leaves=12
num_cat=0
split_feature=0 1 2 0 2 0 1 5 20 18 11
split_gain=40.5493 25.3708 11.9197 9.87194 6.97576 5.52969 3.20871 2.71378 2.53916 2.32017 3.11821
threshold=-2.2551376819610591 -0.1847511604428291 inf 0.49411904811859136 0.25037606060504919 -4.1964454650878897 1.195763170719147 0.65365624427795421 -0.38797445595264429 2.9126175642013554 0.81123295426368724
decision_type=2 2 8 2 8 2 2 10 8 8 10
left_child=5 2 9 4 -3 -1 -7 -6 -5 -2 -11
right_child=1 3 -4 8 7 6 -8 -9 -10 10 -12
leaf_value=-0.00016514906540674397 2.4999499708870256e-05 5.2789551443787047e-06 -0.0001159957493961679 -8.3387348566404032e-05 -1.2183379304479935e-05 -0.00016259181462167029 -6.2515127559865279e-05 -3.6335429573757307e-05 -3.2779799706371598e-05 9.9422393377917024e-06 0.00024542108902810944
leaf_weight=30203 1041661 690699 16529 54515 485344 10527 53021 172763 54199 3114 3058
leaf_count=30203 1041661 690699 16529 54515 485344 10527 53021 172763 54199 3114 3058
internal_value=7.49659e-09 3.97984e-06 2.34001e-05 -1.02013e-05 -6.3348e-06 -0.000106838 -7.91086e-05 -1.85249e-05 -5.81651e-05 2.55999e-05 0.000126768
internal_weight=2.61563e+06 2.52188e+06 1.06436e+06 1.45752e+06 1.34881e+06 93751 63548 658107 108714 1.04783e+06 6172
internal_count=2615633 2521882 1064362 1457520 1348806 93751 63548 658107 108714 1047833 6172
is_linear=0
shrinkage=0.00523217


Tree=54
num_leaves=12
num_cat=0
split_feature=0 1 19 0 3 0 10 1 13 20 8
split_gain=40.0053 25.0911 12.1118 9.80067 5.62075 5.32355 3.70971 3.13835 2.51583 2.45546 2.39674
threshold=-2.2551376819610591 -0.15931276977062223 inf 0.47423829138278967 -1.4451197981834409 -4.1964454650878897 0.67768445611000072 1.195763170719147 0.3114642202854157 -0.38797445595264429 -2.1073702573776241
decision_type=2 2 8 2 8 2 8 2 10 8 8
left_child=5 2 -2 4 10 -1 8 -7 -6 -5 -3
right_child=1 3 -4 9 6 7 -8 -9 -10 -11 -12
leaf_value=-0.00016337733469147175 2.4810637891079369e-05 9.6009860628011682e-05 -0.00012521083060712833 -8.2799917832884868e-05 1.0745183304450066e-05 -0.00016151338884861502 -1.6908292338301686e-05 -6.2543077194918373e-05 -7.9793807081875188e-06 -3.350926284604235e-05 -4.1550519377695196e-05
leaf_weight=30187 1080170 3554 14933 54565 493695 10527 357204 53051 326204 56288 135381
leaf_count=30187 1080170 3554 14933 54565 493695 10527 357204 53051 326204 56288 135381
internal_value=-1.93809e-08 3.92573e-06 2.27641e-05 -1.05317e-05 -6.55122e-06 -0.000106138 -2.83559e-06 -7.89455e-05 3.29447e-06 -5.77794e-05 -3.80251e-05
internal_weight=2.61576e+06 2.52199e+06 1.0951e+06 1.42689e+06 1.31604e+06 93765 1.1771e+06 63578 819899 110853 138935
internal_count=2615759 2521994 1095103 1426891 1316038 93765 1177103 63578 819899 110853 138935
is_linear=0
shrinkage=0.00523217


Tree=55
num_leaves=12
num_cat=0
split_feature=0 1 19 0 7 0 1 20 13 20 15
split_gain=39.5884 25.0583 12.1081 9.58397 6.08805 5.34397 3.12256 2.79382 2.57634 2.51337 2.27223
threshold=-2.2551376819610591 -0.1847511604428291 inf 0.49411904811859136 0.61844277381896984 -4.1964454650878897 1.195763170719147 -0.51731273531913746 0.31961536407470709 -0.38797445595264429 -0.10614659637212752
decision_type=2 2 8 2 8 2 2 8 10 8 2
left_child=5 2 -2 4 7 -1 -7 -3 -9 -5 -4
right_child=1 3 10 9 -6 6 -8 8 -10 -11 -12
leaf_value=-0.00016294268487791153 2.5305472210871082e-05 -1.6263193191355518e-05 -0.00026252205043730142 -8.2554896131673732e-05 -2.3105893762400931e-05 -0.00016072933730231298 -6.1980398169579311e-05 1.2914749032325731e-05 -7.6457627682224234e-06 -3.2199954528436857e-05 -9.4370175291736116e-05
leaf_weight=30192 1049505 201290 2693 54499 413342 10521 53020 478067 256224 54193 12225
leaf_count=30192 1049505 201290 2693 54499 413342 10521 53020 478067 256224 54193 12225
internal_value=-2.26364e-08 3.90115e-06 2.32009e-05 -1.01919e-05 -6.38287e-06 -0.000105606 -7.83464e-05 1.00456e-06 5.73926e-06 -5.74563e-05 -0.000124797
internal_weight=2.61577e+06 2.52204e+06 1.06442e+06 1.45762e+06 1.34892e+06 93733 63541 935581 734291 108692 14918
internal_count=2615771 2522038 1064423 1457615 1348923 93733 63541 935581 734291 108692 14918
is_linear=0
shrinkage=0.00523217


Tree=56
num_leaves=12
num_cat=0
split_feature=0 2 0 13 0 13 13 22 2 22 11
split_gain=39.3226 11.4301 8.07617 7.94152 4.48485 4.28009 3.62223 3.53583 2.72735 2.27553 1.80467
threshold=-1.7205970287322996 0.4236904382705689 -3.6999375820159908 -2.6878130435943599 -0.034486960619688027 0.37432813644409185 2.7114570140838627 -0.072828169912099824 -0.44728712737560267 0.081467106938362135 -0.41708128154277796
decision_type=2 8 2 10 2 10 8 8 8 8 8
left_child=2 5 7 -3 -5 8 -6 -1 -2 -4 -10
right_child=1 3 9 4 6 -7 -8 -9 10 -11 -12
leaf_value=-0.00020419220040133519 2.6316125880826454e-05 -0.00013922270356884171 -8.4341966700420164e-05 -2.4550674519775545e-05 -3.3745149171696485e-07 -9.3403883554506223e-07 0.00025180296053860002 -0.0001057624697503359 -1.8249183593774452e-06 -3.2644914293696973e-05 1.7193442807487793e-05
leaf_weight=17716 578920 12926 50251 308041 549255 437814 1563 23053 213344 43603 379300
leaf_count=17716 578920 12926 50251 308041 549255 437814 1563 23053 213344 43603 379300
internal_value=3.09189e-08 4.75659e-06 -8.70587e-05 -1.05011e-05 -8.56266e-06 1.3022e-05 3.77102e-07 -0.000148559 1.82381e-05 -6.03337e-05 1.03457e-05
internal_weight=2.61579e+06 2.48116e+06 134623 871785 858859 1.60938e+06 550818 40769 1.17156e+06 93854 592644
internal_count=2615786 2481163 134623 871785 858859 1609378 550818 40769 1171564 93854 592644
is_linear=0
shrinkage=0.00523217


Tree=57
num_leaves=12
num_cat=0
split_feature=0 2 0 19 0 14 2 16 15 23 6
split_gain=39.0651 11.3707 7.88531 7.55503 5.34757 2.95927 2.35892 2.32827 2.24385 2.1939 1.53122
threshold=-1.7205970287322996 0.30027768015861517 -3.6999375820159908 inf -0.034486960619688027 -2.3230999708175655 -0.61926409602165211 -0.22647871077060697 -0.10614659637212752 -1.207856237888336 -0.14407017081975934
decision_type=2 8 2 8 2 2 8 2 2 10 2
left_child=2 6 7 4 10 9 -2 -1 -5 -6 -3
right_child=1 3 -4 8 5 -7 -8 -9 -10 -11 -12
leaf_value=-0.00018002884833942032 2.1942598285019614e-05 -3.2620206263041392e-05 -6.040067986663441e-05 -0.00026024625899180283 0.00038034223995829633 1.1701112530347123e-06 8.4598252718533812e-06 -9.9176012188421361e-05 -9.4736942484668525e-05 3.2114273226087478e-05 -1.0088254460942676e-05
leaf_weight=24387 607800 207584 93871 2754 975 655804 855617 16355 12282 1017 137305
leaf_count=24387 607800 207584 93871 2754 975 655804 855617 16355 12282 1017 137305
internal_value=9.19258e-09 4.71925e-06 -8.67982e-05 -8.71161e-06 -6.96499e-06 1.78315e-06 1.40602e-05 -0.000147596 -0.000125123 0.000203085 -2.36523e-05
internal_weight=2.61575e+06 2.48114e+06 134613 1.01772e+06 1.00268e+06 657796 1.46342e+06 40742 15036 1992 344889
internal_count=2615751 2481138 134613 1017721 1002685 657796 1463417 40742 15036 1992 344889
is_linear=0
shrinkage=0.00523217


Tree=58
num_leaves=12
num_cat=0
split_feature=0 1 19 0 7 0 3 1 3 14 5
split_gain=38.8311 24.4264 11.7445 9.5605 5.90518 5.13776 3.29561 3.1238 2.40612 2.19388 3.24278
threshold=-2.2551376819610591 -0.1847511604428291 inf 0.49411904811859136 0.61844277381896984 -4.1964454650878897 -0.67449271678924549 1.195763170719147 -1.349795877933502 -2.3230999708175655 -1.7580553889274595
decision_type=2 2 8 2 8 2 8 2 8 2 10
left_child=5 2 9 4 6 8 -3 -7 -1 10 -2
right_child=1 3 -4 -5 -6 7 -8 -9 -10 -11 -12
leaf_value=-0.00023676753963180959 0.00037587086146511858 -2.2247239489442596e-05 -0.00012290723762753343 -5.7289102029273159e-05 -2.2745547988394641e-05 -0.00016021028546823085 5.1483478672657502e-06 -6.1497275717221946e-05 -0.00013195590690548954 2.4569332241849299e-05 1.6971282060712224e-05
leaf_weight=8305 1206 141650 14910 108674 413310 10535 794048 53022 21901 1046631 1618
leaf_count=8305 1206 141650 14910 108674 413310 10535 794048 53022 21901 1046631 1618
internal_value=-5.14432e-08 3.83521e-06 2.2891e-05 -1.00783e-05 -6.27445e-06 -0.000104602 1.0002e-06 -7.78749e-05 -0.000160808 2.49633e-05 0.000170618
internal_weight=2.61581e+06 2.52205e+06 1.06436e+06 1.45768e+06 1.34901e+06 93763 935698 63557 30206 1.04946e+06 2824
internal_count=2615810 2522047 1064365 1457682 1349008 93763 935698 63557 30206 1049455 2824
is_linear=0
shrinkage=0.00523217


Tree=59
num_leaves=12
num_cat=0
split_feature=0 7 0 0 7 13 0 6 10 16 21
split_gain=38.213 9.31955 7.74154 6.97237 4.53029 3.70277 2.90492 2.40495 2.32309 2.25552 1.71839
threshold=-1.7205970287322996 inf -3.6999375820159908 -0.020564395934343335 0.61844277381896984 2.7114570140838627 0.74746602773666393 -0.21307461708784101 0.76296779513359081 -0.2179911136627197 -2.0238482952117915
decision_type=2 8 2 2 8 10 2 2 8 2 2
left_child=2 3 9 4 7 6 8 -2 -5 -1 -4
right_child=1 -3 10 5 -6 -7 -8 -9 -10 -11 -12
leaf_value=-0.00017750781828892111 -1.2674403041210394e-05 -0.00015520478343643737 0.000118680902576934 1.08052996845263e-05 -2.6826739235274675e-05 0.00027828777193882926 2.4757837310592379e-05 1.2708966627569028e-05 -5.044979350244102e-06 -9.7730010880518465e-05 -6.2472181419805035e-05
leaf_weight=24673 184041 9939 1452 1164433 249028 1413 319140 229708 323376 16098 92451
leaf_count=24673 184041 9939 1452 1164433 249028 1413 319140 229708 323376 16098 92451
internal_value=1.90742e-08 4.67859e-06 -8.58158e-05 5.32205e-06 -9.19448e-06 1.06429e-05 1.0433e-05 1.41616e-06 7.35969e-06 -0.000146032 -5.9661e-05
internal_weight=2.61575e+06 2.48108e+06 134674 2.47114e+06 662777 1.80836e+06 1.80695e+06 413749 1.48781e+06 40771 93903
internal_count=2615752 2481078 134674 2471139 662777 1808362 1806949 413749 1487809 40771 93903
is_linear=0
shrinkage=0.00523217


Tree=60
num_leaves=12
num_cat=0
split_feature=1 19 1 7 20 4 20 1 16 15 14
split_gain=34.3984 11.3308 10.5267 5.38425 4.67084 3.47353 2.58478 2.5564 2.32435 2.19427 2.0972
threshold=-0.11767411604523657 inf 2.0102499723434453 0.60823506116867077 -0.51731273531913746 0.33794538676738745 -0.80901569128036488 -0.42180889844894404 -0.040670847520232194 -0.10614659637212752 -2.3230999708175655
decision_type=2 8 2 8 8 8 10 2 2 2 2
left_child=1 6 3 4 -2 -6 7 -1 -5 -3 -8
right_child=2 9 -4 8 5 -7 10 -9 -10 -11 -12
leaf_value=1.8716436619915998e-05 -2.8675399090955628e-05 -0.00025698363870905387 -8.3702740236980049e-05 -4.010443772788359e-05 -1.0230106078304058e-05 1.2537116581409476e-05 0.00017667967570588958 -1.6730724719757016e-05 -1.5736860302945757e-05 -9.1876106512767098e-05 2.7760481481080945e-05
leaf_weight=243167 213109 2699 61677 239520 450420 309495 2598 72220 194187 12214 814650
leaf_count=243167 213109 2699 61677 239520 450420 309495 2598 72220 194187 12214 814650
internal_value=-2.4629e-08 2.14372e-05 -1.67974e-05 -1.38634e-05 -7.02827e-06 -9.56505e-07 2.33244e-05 1.05969e-05 -2.91961e-05 -0.00012183 2.82351e-05
internal_weight=2.61596e+06 1.14755e+06 1.46841e+06 1.40673e+06 973024 759915 1.13264e+06 315387 433707 14913 817248
internal_count=2615956 1147548 1468408 1406731 973024 759915 1132635 315387 433707 14913 817248
is_linear=0
shrinkage=0.00523217


Tree=61
num_leaves=12
num_cat=0
split_feature=2 5 11 11 5 15 3 11 20 3 21
split_gain=17.3851 8.47747 4.81506 3.33135 5.67146 3.1615 3.15339 4.15689 2.58999 2.46382 2.40209
threshold=0.4236904382705689 1.3534759879112246 -0.47220972180366511 0.55914458632469188 -1.0000000180025095e-35 -0.092542927712202058 -1.1498866081237791 -0.6102800965309142 -0.76806908845901478 -2.1623463630676265 0.84442284703254711
decision_type=8 8 8 8 10 2 10 10 8 8 2
left_child=2 6 -1 -3 5 -5 -2 10 -4 -10 -8
right_child=1 3 8 4 -6 -7 7 -9 9 -11 -12
leaf_value=-2.4618749906691363e-06 -3.1925637946152315e-05 -7.3955821925841874e-05 1.6744998663080553e-06 -5.0224758902796873e-05 -3.634007156953015e-05 0.00028703107316193428 -1.46395806292274e-05 3.5832244999203698e-06 -3.4340922234105536e-05 2.2194881879792486e-05 -5.37636644869297e-05
leaf_weight=547377 166669 92399 250694 1094 33386 2468 185439 415796 21632 842780 55955
leaf_count=547377 166669 92399 250694 1094 33386 2468 185439 415796 21632 842780 55955
internal_value=3.1843e-08 -1.77819e-05 1.02461e-05 -5.71628e-05 -1.51442e-05 0.000183242 -1.1598e-05 -6.44148e-06 1.64848e-05 2.07791e-05 -2.37121e-05
internal_weight=2.61569e+06 953206 1.66248e+06 129347 36948 3562 823859 657190 1.11511e+06 864412 241394
internal_count=2615689 953206 1662483 129347 36948 3562 823859 657190 1115106 864412 241394
is_linear=0
shrinkage=0.00523217


Tree=62
num_leaves=12
num_cat=0
split_feature=0 1 4 0 0 2 1 13 1 3 3
split_gain=37.3589 22.04 11.2665 9.61784 7.74586 6.02035 4.04891 3.82563 2.95401 2.46691 2.41807
threshold=-1.7205970287322996 -0.22865755856037137 inf 0.55667632818222057 -3.6999375820159908 0.25037606060504919 1.1195378303527834 0.2951407283544541 1.4521141648292544 -1.4451197981834409 -1.349795877933502
decision_type=2 2 8 2 2 8 2 8 2 8 8
left_child=4 2 -2 5 8 7 -6 -3 -1 -7 -10
right_child=1 3 -4 -5 6 9 -8 -9 10 -11 -12
leaf_value=-0.00023441334837624283 2.5650233278386446e-05 1.3649792419895026e-05 -0.00011237942215639209 -6.1075130081567148e-05 -0.00013501618956294085 -3.938000218393634e-05 -4.3215740088389138e-05 -1.243462876832407e-05 -0.00019492415481565578 -1.1891434784253061e-05 -9.4562280517580485e-05
leaf_weight=8137 995513 495720 16453 88905 15834 106596 78048 223212 9171 554517 23449
leaf_count=8137 995513 495720 16453 88905 15834 106596 78048 223212 9171 554517 23449
internal_value=9.1523e-09 4.61603e-06 2.34052e-05 -8.32734e-06 -8.48725e-05 -4.9286e-06 -5.87087e-05 5.55005e-06 -0.000145117 -1.63249e-05 -0.000122809
internal_weight=2.61556e+06 2.48092e+06 1.01197e+06 1.46895e+06 134639 1.38004e+06 93882 718932 40757 661113 32620
internal_count=2615555 2480916 1011966 1468950 134639 1380045 93882 718932 40757 661113 32620
is_linear=0
shrinkage=0.00523217


Tree=63
num_leaves=12
num_cat=0
split_feature=1 4 1 3 7 20 10 20 1 5 20
split_gain=33.5915 10.6794 10.3941 6.01967 4.26409 4.61858 3.6991 2.5556 2.54079 2.23593 1.90898
threshold=-0.11767411604523657 inf 2.0102499723434453 -1.3062086105346677 0.60823506116867077 -0.51731273531913746 0.58521133661270153 -0.80901569128036488 -0.42180889844894404 2.5321185588836674 0.72129258513450634
decision_type=2 8 2 8 8 8 8 10 2 10 10
left_child=1 7 3 -2 5 -5 -7 8 -1 -4 -3
right_child=2 10 9 4 -6 6 -8 -9 -10 -11 -12
leaf_value=1.8597239789695402e-05 -4.3623014851371061e-05 -0.00015008048459301258 -6.91547774103621e-05 -2.580837558365412e-05 -2.5325358529808719e-05 1.0502207485618137e-05 -1.5855706096843274e-05 2.8052721800765806e-05 -1.6765162827174534e-05 -0.000154781760671056 -2.9953079322867989e-05
leaf_weight=243132 162133 11113 51707 201023 346284 489744 207510 815784 72098 9982 5400
leaf_count=243132 162133 11113 51707 201023 346284 489744 207510 815784 72098 9982 5400
internal_value=2.43974e-08 2.12338e-05 -1.655e-05 -1.36342e-05 -9.72674e-06 -3.71259e-06 2.65665e-06 2.31631e-05 1.05067e-05 -8.30259e-05 -0.000110851
internal_weight=2.61591e+06 1.14753e+06 1.46838e+06 1.40669e+06 1.24456e+06 898277 697254 1.13101e+06 315230 61689 16513
internal_count=2615910 1147527 1468383 1406694 1244561 898277 697254 1131014 315230 61689 16513
is_linear=0
shrinkage=0.00523217


Tree=64
num_leaves=12
num_cat=0
split_feature=0 1 1 0 0 5 0 1 1 10 0
split_gain=36.9566 23.4484 10.0904 9.44541 4.98149 4.49381 4.32561 4.69143 3.1124 2.97264 2.79437
threshold=-2.2551376819610591 -0.1847511604428291 -2.8411318063735957 0.4790645986795426 -4.1964454650878897 inf -1.1050567030906675 0.89285629987716686 1.195763170719147 0.69649779796600353 0.35837848484516149
decision_type=2 2 2 2 2 8 2 2 2 8 2
left_child=4 2 -2 6 -1 10 7 -3 -6 -8 -4
right_child=1 3 5 -5 8 -7 9 -9 -10 -11 -12
leaf_value=-0.00015733678977011611 -9.2738754790948051e-05 -0.00011497511883156371 7.4933646574714705e-06 -5.4658436338758139e-05 -0.00015795763255604397 0.00016805350341804459 2.4881926625393224e-06 -2.2311382086479437e-05 -5.9348529114994496e-05 -1.5365955696590181e-05 2.8377335055752016e-05
leaf_weight=30221 20416 17380 223687 118355 10515 5953 849356 107596 53020 364958 814375
leaf_count=30221 20416 17380 223687 118355 10515 5953 849356 107596 53020 364958 814375
internal_value=-1.33581e-08 3.77814e-06 2.24476e-05 -9.85452e-06 -0.000102014 2.4701e-05 -5.89448e-06 -3.52052e-05 -7.56835e-05 -2.87716e-06 2.38779e-05
internal_weight=2.61583e+06 2.52208e+06 1.06443e+06 1.45764e+06 93756 1.04402e+06 1.33929e+06 124976 63535 1.21431e+06 1.03806e+06
internal_count=2615832 2522076 1064431 1457645 93756 1044015 1339290 124976 63535 1214314 1038062
is_linear=0
shrinkage=0.00523217


Tree=65
num_leaves=12
num_cat=0
split_feature=1 19 1 3 22 4 22 22 1 15 15
split_gain=32.8121 10.7884 9.97289 6.00571 5.17919 3.91058 2.66668 2.49568 2.30915 2.15143 1.65037
threshold=-0.11767411604523657 inf 2.0102499723434453 -1.4451197981834409 0.047483863309025771 0.15705943852663043 -0.26233002543449396 -0.66090455651283253 -0.39123210310935969 -0.10614659637212752 1.7183274030685427
decision_type=2 8 2 8 10 8 8 8 2 2 2
left_child=1 8 3 10 5 -5 -4 -7 -1 -3 -2
right_child=2 9 6 4 -6 7 -8 -9 -10 -11 -12
leaf_value=2.7436514364201794e-05 -5.4912813867982555e-05 -0.00025294873790826923 -0.00013085778302800242 -2.73675758203566e-05 3.553965456728272e-06 2.5024451850365764e-05 -5.7456124624554105e-05 -1.1416662193628843e-05 1.0712844230294752e-05 -8.9210204673532769e-05 -1.2037652591938425e-05
leaf_weight=820224 112404 2688 20177 483863 485438 66506 41484 227143 312251 12231 31521
leaf_count=820224 112404 2688 20177 483863 485438 66506 41484 227143 312251 12231 31521
internal_value=1.98348e-08 2.0984e-05 -1.63593e-05 -1.35041e-05 -9.85396e-06 -1.82262e-05 -8.149e-05 -3.16063e-06 2.28261e-05 -0.000118783 -4.55285e-05
internal_weight=2.61593e+06 1.14739e+06 1.46854e+06 1.40688e+06 1.26295e+06 777512 61661 293649 1.13248e+06 14919 143925
internal_count=2615930 1147394 1468536 1406875 1262950 777512 61661 293649 1132475 14919 143925
is_linear=0
shrinkage=0.00523217


Tree=66
num_leaves=12
num_cat=0
split_feature=0 7 0 4 0 20 11 7 16 0 18
split_gain=36.4335 8.78694 7.54252 7.46458 5.2588 3.7015 3.23688 2.57487 2.27089 2.1629 2.09019
threshold=-1.7205970287322996 inf -3.6999375820159908 -0.041219949722290032 -0.10658761858940123 -0.7595364749431609 0.39402195811271673 0.35748001933097845 -0.20195975154638288 0.77186322212219249 3.2330302000045781
decision_type=2 8 2 10 2 10 8 10 2 2 8
left_child=2 3 8 4 -2 -5 7 -7 -1 10 -6
right_child=1 -3 -4 5 9 6 -8 -9 -10 -11 -12
leaf_value=-0.00017418811279179951 -2.0718279256239651e-05 -0.00015074614701150233 -5.8016421564935604e-05 -2.9999798906339582e-06 -6.4335726524363277e-07 1.8447038585916632e-05 3.5802132067201536e-05 -7.3189000824640059e-06 -9.3731514840328194e-05 2.3650655690857494e-05 0.00014692965154660209
leaf_weight=25085 356288 9934 93915 258499 793048 566941 242938 130592 15663 120281 2635
leaf_count=25085 356288 9934 93915 258499 793048 566941 242938 130592 15663 120281 2635
internal_value=-8.29518e-09 4.54051e-06 -8.3825e-05 5.16514e-06 -3.66203e-06 1.45325e-05 1.93523e-05 1.3622e-05 -0.000143285 2.97159e-06 -1.53425e-07
internal_weight=2.61582e+06 2.48116e+06 134663 2.47122e+06 1.27225e+06 1.19897e+06 940471 697533 40748 915964 795683
internal_count=2615819 2481156 134663 2471222 1272252 1198970 940471 697533 40748 915964 795683
is_linear=0
shrinkage=0.00523217


Tree=67
num_leaves=12
num_cat=0
split_feature=0 2 0 7 0 22 2 14 12 22 20
split_gain=35.9276 10.1436 8.47059 7.12286 3.86581 3.54087 2.72889 2.72487 2.36147 2.27685 1.97207
threshold=-1.5272446870803831 0.4236904382705689 -3.6999375820159908 inf -0.034486960619688027 -0.072828169912099824 -0.61926409602165211 -2.3230999708175655 0.31819958984851843 0.14465408027172091 3.4542486667633061
decision_type=2 8 2 8 2 8 10 2 10 8 8
left_child=2 6 5 4 -3 -1 8 -6 -2 10 -4
right_child=1 3 9 -5 7 -7 -8 -9 -10 -11 -12
leaf_value=-0.00019764684803586852 3.2381316233859974e-05 -2.3186086443464987e-05 -8.3596835394710606e-05 -0.00014925841447659878 0.00019458699243698314 -9.9124493444871127e-05 7.3430927205496116e-06 -4.8989142301766919e-07 1.1669394929926184e-05 -2.7477044193294709e-05 1.7521941154349625e-05
leaf_weight=17708 285249 297602 59024 9883 1966 23035 995302 550618 319843 49791 5784
leaf_count=17708 285249 297602 59024 9883 1966 23035 995302 550618 319843 49791 5784
internal_value=1.07599e-08 4.88333e-06 -7.71602e-05 -9.60772e-06 -7.98319e-06 -0.000141969 1.26715e-05 2.0312e-07 2.14347e-05 -5.41107e-05 -7.45596e-05
internal_weight=2.6158e+06 2.46046e+06 155342 860069 850186 40743 1.60039e+06 552584 605092 114599 64808
internal_count=2615805 2460463 155342 860069 850186 40743 1600394 552584 605092 114599 64808
is_linear=0
shrinkage=0.00523217


Tree=68
num_leaves=12
num_cat=0
split_feature=0 1 13 0 0 13 1 10 1 0 1
split_gain=35.5226 22.7255 10.0287 9.63826 4.79592 4.28985 2.99314 2.26887 2.23663 2.21932 2.00462
threshold=-2.2551376819610591 -0.15931276977062223 inf 0.47423829138278967 -4.1964454650878897 0.3114642202854157 1.195763170719147 0.42443539202213293 1.5345497131347658 0.35837848484516149 -0.29358997941017145
decision_type=2 2 8 2 2 8 2 8 2 2 2
left_child=4 2 9 5 8 7 -6 -3 -1 -2 -11
right_child=1 3 -4 -5 6 -7 -8 -9 -10 10 -12
leaf_value=-0.00024160965560233045 9.5493885211410265e-06 9.7173731253275173e-06 -0.00014499126855319077 -5.6866347088081625e-05 -0.0001548234807898523 -1.6857966491733797e-05 -5.8163632865177688e-05 -8.8965156529689946e-06 -0.00013096507253708217 3.0249633264483544e-05 5.0969178100095387e-06
leaf_weight=6367 251773 443900 9794 110904 10526 571475 53025 300675 23801 735146 98435
leaf_count=6367 251773 443900 9794 110904 10526 571475 53025 300675 23801 735146 98435
internal_value=1.82262e-08 3.7353e-06 2.16633e-05 -1.00234e-05 -0.000100003 -6.07525e-06 -7.41887e-05 2.19961e-06 -0.000154352 2.3168e-05 2.72804e-05
internal_weight=2.61582e+06 2.5221e+06 1.09515e+06 1.42695e+06 93719 1.31605e+06 63551 744575 30168 1.08535e+06 833581
internal_count=2615821 2522102 1095148 1426954 93719 1316050 63551 744575 30168 1085354 833581
is_linear=0
shrinkage=0.00523217


Tree=69
num_leaves=12
num_cat=0
split_feature=2 5 2 7 5 15 16 3 22 5 15
split_gain=16.5226 8.04278 3.32546 3.30488 3.49256 8.53548 3.41564 2.96984 2.44567 2.31253 2.07623
threshold=0.4236904382705689 1.3534759879112246 -0.61926409602165211 -2.1010636091232295 1.3534759879112246 -0.092542927712202058 -0.057080874219536774 -1.1498866081237791 -0.0157204195857048 1.1440299749374392 -0.45323041081428522
decision_type=8 8 10 10 10 2 2 10 10 10 2
left_child=2 7 -1 -3 5 -5 -7 -2 10 -4 -9
right_child=1 3 9 4 -6 6 -8 8 -10 -11 -12
leaf_value=1.94811719251765e-05 -3.1097169926964261e-05 -0.00014374013217802975 6.6565538009899834e-06 -5.7964163835010516e-05 -5.7469082193694703e-05 0.00052890419959274247 0.00015495860608843092 -3.1355661558597638e-05 6.2119231392797961e-06 -2.0551869438877993e-05 -6.0457083231204127e-06
leaf_weight=623354 166709 10725 945361 8451 106293 861 3043 132993 257323 94008 266897
leaf_count=623354 166709 10725 945361 8451 106293 861 3043 132993 257323 94008 266897
internal_value=-2.99583e-08 -1.73961e-05 9.92617e-06 -5.57499e-05 -4.77881e-05 3.54325e-05 0.00023777 -1.13727e-05 -6.36814e-06 4.19484e-06 -1.44652e-05
internal_weight=2.61602e+06 953295 1.66272e+06 129373 118648 12355 3904 823922 657213 1.03937e+06 399890
internal_count=2616018 953295 1662723 129373 118648 12355 3904 823922 657213 1039369 399890
is_linear=0
shrinkage=0.00523217


end of trees

feature_importances:
LOW_TURNOVER=116
LN_TURNOVER=93
MAX_DD60=51
CORD60=47
CORR20=46
Q_SALES_YOY=42
AMIHUD_20=39
BP=38
CONSEC_UP5=36
VOL_CV20=34
RET_AMT_CORR20=34
KLOW=32
CORR60=32
WVMA30=24
OBV_CHG_20=17
EP=17
IMAX60=16
CORD5=13
VOL_PRICE_DIVERGENCE=11
VSTD5=9
VOL_OF_VOL_20=8
RET_VOL_CORR5=6
CNTD10=4
CNTD60=4
NEG_SKEW_20=1

parameters:
[boosting: gbdt]
[objective: regression]
[metric: l2]
[tree_learner: serial]
[device_type: cpu]
[data_sample_strategy: bagging]
[data: ]
[valid: ]
[num_iterations: 1000]
[learning_rate: 0.00523217]
[num_leaves: 12]
[num_threads: 8]
[seed: 42]
[deterministic: 0]
[force_col_wise: 0]
[force_row_wise: 0]
[histogram_pool_size: -1]
[max_depth: 6]
[min_data_in_leaf: 7]
[min_sum_hessian_in_leaf: 0.001]
[bagging_fraction: 0.993677]
[pos_bagging_fraction: 1]
[neg_bagging_fraction: 1]
[bagging_freq: 1]
[bagging_seed: 400]
[bagging_by_query: 0]
[feature_fraction: 0.452778]
[feature_fraction_bynode: 1]
[feature_fraction_seed: 30056]
[extra_trees: 0]
[extra_seed: 12879]
[early_stopping_round: 0]
[early_stopping_min_delta: 0]
[first_metric_only: 0]
[max_delta_step: 0]
[lambda_l1: 0.153507]
[lambda_l2: 1.18198]
[linear_lambda: 0]
[min_gain_to_split: 0]
[drop_rate: 0.1]
[max_drop: 50]
[skip_drop: 0.5]
[xgboost_dart_mode: 0]
[uniform_drop: 0]
[drop_seed: 17869]
[top_rate: 0.2]
[other_rate: 0.1]
[min_data_per_group: 100]
[max_cat_threshold: 32]
[cat_l2: 10]
[cat_smooth: 10]
[max_cat_to_onehot: 4]
[top_k: 20]
[monotone_constraints: ]
[monotone_constraints_method: basic]
[monotone_penalty: 0]
[feature_contri: ]
[forcedsplits_filename: ]
[refit_decay_rate: 0.9]
[cegb_tradeoff: 1]
[cegb_penalty_split: 0]
[cegb_penalty_feature_lazy: ]
[cegb_penalty_feature_coupled: ]
[path_smooth: 0]
[interaction_constraints: ]
[verbosity: -1]
[saved_feature_importance_type: 0]
[use_quantized_grad: 0]
[num_grad_quant_bins: 4]
[quant_train_renew_leaf: 0]
[stochastic_rounding: 1]
[linear_tree: 0]
[max_bin: 255]
[max_bin_by_feature: ]
[min_data_in_bin: 3]
[bin_construct_sample_cnt: 200000]
[data_random_seed: 175]
[is_enable_sparse: 1]
[enable_bundle: 1]
[use_missing: 1]
[zero_as_missing: 0]
[feature_pre_filter: 1]
[pre_partition: 0]
[two_round: 0]
[header: 0]
[label_column: ]
[weight_column: ]
[group_column: ]
[ignore_column: ]
[categorical_feature: ]
[forcedbins_filename: ]
[precise_float_parser: 0]
[parser_config_file: ]
[objective_seed: 16083]
[num_class: 1]
[is_unbalance: 0]
[scale_pos_weight: 1]
[sigmoid: 1]
[boost_from_average: 1]
[reg_sqrt: 0]
[alpha: 0.9]
[fair_c: 1]
[poisson_max_delta_step: 0.7]
[tweedie_variance_power: 1.5]
[lambdarank_truncation_level: 30]
[lambdarank_norm: 1]
[label_gain: ]
[lambdarank_position_bias_regularization: 0]
[eval_at: ]
[multi_error_top_k: 1]
[auc_mu_weights: ]
[num_machines: 1]
[local_listen_port: 12400]
[time_out: 120]
[machine_list_filename: ]
[machines: ]
[gpu_platform_id: -1]
[gpu_device_id: -1]
[gpu_use_dp: 0]
[num_gpu: 1]

end of parameters

pandas_categorical:[]
