tree
version=v4
num_class=1
num_tree_per_iteration=1
label_index=0
max_feature_idx=25
objective=regression
feature_names=LOW_TURNOVER LN_TURNOVER INTRADAY_REV10 CORD20 RET_AMT_CORR20 VOL_CV20 CORD60 MACD_LINE AMIHUD_20 REV60 RET_VOL_CORR5 CORD5 CORR60 VOL_OF_VOL_20 VOL_PRICE_DIVERGENCE BP UP_DOWN_RATIO20 EP MAX_DD60 CURRENT_RATIO NEG_SKEW_20 VSTD5 CNTD5 Q_SALES_YOY CNTD60 ROE_YOY
feature_infos=[-6.7071447372436523:3.0716876983642578] [-3.6817841529846191:4.1374430656433105] [-5.1030483245849609:4.1588521003723145] [-3.8825953006744385:3.4335460662841797] [-3.4535553455352783:3.770927906036377] [-6.3403215408325195:2.7034804821014404] [-3.6373140811920166:3.9340310096740723] [-7.5756926536560059:7.7543840408325195] [-2.9619853496551514:6.831667423248291] [-5.9199557304382324:4.0526432991027832] [-2.9021148681640625:3.8397142887115479] [-3.8619823455810547:2.9656057357788086] [-4.3171443939208984:3.5281932353973389] [-5.925194263458252:2.6414425373077393] [-3.0345590114593506:3.6732456684112549] [-5.0483803749084473:6.741356372833252] [-3.36199951171875:6.8490605354309082] [-4.8807830810546875:7.1782450675964355] [-2.8307206630706787:6.0038013458251953] [-2.3850901126861572:6.847834587097168] [-3.8197803497314453:3.6952526569366455] [-3.2013633251190186:6.358586311340332] [-4.1869111061096191:3.728193998336792] [-3.3030569553375244:7.1069355010986328] [-3.5418622493743896:3.7110538482666016] [-7.7037372589111328:7.2028994560241699]
tree_sizes=931 977 968 966 972 965 970 981 974 953 964 978 980 983 969 967 973 971 979 972 969 966 979 951 974 971 984 967 956 972 972 957 974 970 967 973 972 970 978 978 980 973 978 967 952 945 958 972 974 977 973 955 956 956 973 973 975 970 972 972 952 956 963 975 967 969 971 976 975 980 977 983 966 953 965 975 976 974 974 968 960 976 973 951 970 977 963 973 950 976 977 970 965 969 980 979 956 957 975 957 952 970 975 967 958 973 969 955 934 972 955 976 971 973 977 973 949 978 974 977 960 958 958 976 964 972 963 979 959 964 978 978 976 957 970 953 968 984 973 975 953 978 970 949 970 959 984 972 951 956 954 976 952 976 976 954 959 962 974 975 978 982 958 950 960 979 969 980 975 959 971 963 974 955 957 976 981 965 972 956 978 978 973 975 981 981 975 984 966 959 966 970 958 963 973 979 957 943 955 974 974 957 979 977 974 971 943 955 966 970 960 979 967 948 982 970 977 983 940 958 966 969 975 967 975 978 949 977 976 967 976 969 959 957 972 983 959 981 975 959 967 972 980 981 960 979 954 972 978 974 977 971 975 977 979 959 971 975 970 978 969 974 972 974 943 975 987 982 964 973 975 970 962 964 981 969 972 941 944 976 968 976 968 980 981 975 951 985 979 952 969 977 979 949 986 975 984 946 973 954 977 969 975 947 975 947 977 970 971 980 951 971 945 970 969 952 980 965 968 979 980 961 952 969 978 965 965 970 980 958 973 948 950 962 975 966 953 981 978 975 981 978 971 959 958 965 982 964 967 960 940 965 978 960 965 968 954 982 945 951 868 969 975 965 954 973 986 974 984 975 972 981 972 981 954 976 972 965 963 961 960

Tree=0
num_leaves=8
num_cat=0
split_feature=1 25 1 1 6 2 7
split_gain=118.972 33.4091 17.0906 12.2113 11.9666 6.18977 4.73831
threshold=1.5291168093681338 0.01848267670720816 2.2602206468582158 0.78987839818000805 0.58670395612716686 -1.6752099394798277 0.32709264755249029
decision_type=2 10 2 2 8 2 2
left_child=1 4 6 -3 -1 -4 -2
right_child=2 3 5 -5 -6 -7 -8
leaf_value=0.0099188346680855587 0.009798329613501135 0.0099733127448965106 0.009457427265750511 0.0099003362434824105 0.0098614699397991251 0.0096563409839488679 0.0096990945329628354
leaf_weight=691722 65602 846535 13902 138589 259817 19570 40377
leaf_count=691722 65602 846535 13902 138589 259817 19570 40377
internal_value=0.00991899 0.00993363 0.00971568 0.00996305 0.00990317 0.00957371 0.00976052
internal_weight=2.07611e+06 1.93666e+06 139451 985124 951539 33472 105979
internal_count=2076114 1936663 139451 985124 951539 33472 105979
is_linear=0
shrinkage=1


Tree=1
num_leaves=8
num_cat=0
split_feature=25 18 6 6 7 19 23
split_gain=40.1222 21.5082 19.9574 13.8585 11.4673 8.8999 6.0673
threshold=0.0075777114834636458 1.5009267926216128 0.55657663941383373 0.63921567797660839 0.22320238500833514 -0.17550805211067197 0.06811497732996942
decision_type=10 8 8 8 2 8 10
left_child=2 3 5 -2 -4 -1 -3
right_child=1 6 4 -5 -6 -7 -8
leaf_value=1.3229082569533518e-05 5.4941578625886539e-05 -0.00014124287170788258 -5.0878953583789381e-05 -6.5818400550317827e-06 -0.00014546925307793265 -3.8320393733830159e-05 -1.812033047423481e-05
leaf_weight=350000 743591 42757 196293 255503 100726 345827 40459
leaf_count=350000 743591 42757 196293 255503 100726 345827 40459
internal_value=-4.15403e-07 2.99359e-05 -3.35016e-05 3.92079e-05 -8.29572e-05 -1.23911e-05 -8.13828e-05
internal_weight=2.07516e+06 1.08231e+06 992846 999094 297019 695827 83216
internal_count=2075156 1082310 992846 999094 297019 695827 83216
is_linear=0
shrinkage=0.00720685


Tree=2
num_leaves=8
num_cat=0
split_feature=1 25 1 1 7 9 9
split_gain=116.052 36.353 18.4653 11.6594 8.20043 6.52727 6.00323
threshold=1.4945768713951113 0.0075777114834636458 2.0856385231018071 0.48291249573230749 0.20708057284355166 -3.7155882120132442 -1.9979136586189268
decision_type=2 10 2 2 2 8 8
left_child=1 4 6 -3 -1 -4 -2
right_child=2 3 5 -5 -6 -7 -8
leaf_value=-4.8591395629300624e-06 -0.00027338679076690484 5.8415541587769717e-05 -0.00058095193389850336 8.019685209259121e-07 -5.3630832774946373e-05 -0.00028297396903626741 -0.00011390222846505642
leaf_weight=671086 14369 772708 4169 238828 244219 45426 83474
leaf_count=671086 14369 772708 4169 238828 244219 45426 83474
internal_value=1.24032e-07 1.50355e-05 -0.00019475 4.48128e-05 -1.78723e-05 -0.000308033 -0.000137326
internal_weight=2.07428e+06 1.92684e+06 147438 1.01154e+06 915305 49595 97843
internal_count=2074279 1926841 147438 1011536 915305 49595 97843
is_linear=0
shrinkage=0.00720685


Tree=3
num_leaves=8
num_cat=0
split_feature=1 25 1 1 6 7 6
split_gain=112.707 33.8938 18.761 11.4824 11.0267 6.46606 3.0719
threshold=1.4945768713951113 0.0075777114834636458 2.0110718011856084 0.48291249573230749 0.49644474685192114 0.34307660162448889 0.83111649751663219
decision_type=2 10 2 2 8 2 10
left_child=1 4 6 -3 -1 -4 -2
right_child=2 3 5 -5 -6 -7 -8
leaf_value=-3.4505100109523505e-07 -9.6496821942105977e-05 5.7050003707513779e-05 -0.0002256598519709993 -1.178141828894916e-07 -5.4616136208317385e-05 -0.00037934321609543986 -0.00018557025221010024
leaf_weight=635144 59316 773237 32344 238849 280241 25386 30429
leaf_count=635144 59316 773237 32344 238849 280241 25386 30429
internal_value=1.2526e-07 1.48174e-05 -0.000191897 4.35586e-05 -1.696e-05 -0.000293246 -0.0001267
internal_weight=2.07495e+06 1.92747e+06 147475 1.01209e+06 915385 57730 89745
internal_count=2074946 1927471 147475 1012086 915385 57730 89745
is_linear=0
shrinkage=0.00720685


Tree=4
num_leaves=8
num_cat=0
split_feature=1 25 1 1 6 7 7
split_gain=114.947 34.1477 15.2606 13.2597 11.0339 4.90725 3.57097
threshold=1.5657209157943728 0.0075777114834636458 2.2602206468582158 0.83663043379783641 0.49644474685192114 0.34307660162448889 0.29806232452392584
decision_type=2 10 2 2 8 2 2
left_child=1 4 5 -3 -1 -2 -4
right_child=2 3 6 -5 -6 -7 -8
leaf_value=-1.0944981359671426e-06 -0.0001211808861530142 5.2872421697243989e-05 -0.00026449096323439441 -2.4161793316178358e-05 -5.5101338782041652e-05 -0.00022688012835203069 -0.0004130906187828821
leaf_weight=639448 60922 887374 16796 133513 283634 36476 16822
leaf_count=639448 60922 887374 16796 133513 283634 36476 16822
internal_value=1.50543e-07 1.40759e-05 -0.000206467 4.27977e-05 -1.76892e-05 -0.000160768 -0.000338859
internal_weight=2.07498e+06 1.94397e+06 131016 1.02089e+06 923082 97398 33618
internal_count=2074985 1943969 131016 1020887 923082 97398 33618
is_linear=0
shrinkage=0.00720685


Tree=5
num_leaves=8
num_cat=0
split_feature=1 25 1 19 2 2 3
split_gain=107.81 34.307 20.7216 11.4785 10.1724 7.11547 3.47089
threshold=1.4056387543678286 0.01848267670720816 2.0110718011856084 -0.3829337209463119 0.015218260232359173 -1.3256374597549436 1.2091002464294436
decision_type=2 10 2 8 2 2 10
left_child=1 3 6 -1 -3 -4 -2
right_child=2 4 5 -5 -6 -7 -8
leaf_value=1.9667050432011536e-05 -9.6314401457339201e-05 1.8531165708383046e-05 -0.00037147181975678693 -3.3616040747831519e-05 6.5737318402186247e-05 -0.00021091626544951145 -0.00019557892842098963
leaf_weight=318478 89384 411876 26502 616428 558710 31246 23006
leaf_count=318478 89384 411876 26502 616428 558710 31246 23006
internal_value=1.72461e-07 1.56927e-05 -0.000173649 -1.5465e-05 4.57051e-05 -0.000284605 -0.000116635
internal_weight=2.07563e+06 1.90549e+06 170138 934906 970586 57748 112390
internal_count=2075630 1905492 170138 934906 970586 57748 112390
is_linear=0
shrinkage=0.00720685


Tree=6
num_leaves=8
num_cat=0
split_feature=0 0 0 19 6 9 9
split_gain=119.501 23.2458 20.6912 14.8239 10.2022 5.13721 5.04672
threshold=-1.4575732946395872 -0.034701250493526452 -3.5989686250686641 -0.34462994337081904 0.63921567797660839 -3.0580929517745967 -1.4645861983299253
decision_type=2 2 2 8 8 8 8
left_child=2 4 5 -3 -2 -1 -4
right_child=1 3 6 -5 -6 -7 -8
leaf_value=-0.00056459272024896815 -2.950958110351376e-06 5.708242086804329e-05 -0.00024718002228609799 1.0027659433655522e-05 -7.0487255841551169e-05 -0.00032327136094725166 -0.00012700089513021113
leaf_weight=5456 311733 583168 23940 861338 185190 28660 75047
leaf_count=5456 311733 583168 23940 861338 185190 28660 75047
internal_value=7.57626e-08 1.43978e-05 -0.000208823 2.90244e-05 -2.81201e-05 -0.00036188 -0.000156069
internal_weight=2.07453e+06 1.94143e+06 133103 1.44451e+06 496923 34116 98987
internal_count=2074532 1941429 133103 1444506 496923 34116 98987
is_linear=0
shrinkage=0.00720685


Tree=7
num_leaves=8
num_cat=0
split_feature=0 25 0 0 19 2 25
split_gain=122.003 31.8889 19.8326 14.6179 10.7415 3.88004 3.61765
threshold=-1.4575732946395872 0.0075777114834636458 -3.5989686250686641 -0.049599366262555115 -0.3829337209463119 -1.6154282093048093 0.041707912459969528
decision_type=2 10 2 2 8 2 8
left_child=2 4 5 -3 -2 -1 -4
right_child=1 3 6 -5 -6 -7 -8
leaf_value=-0.00044278641023390275 1.7375977219808904e-05 -7.5503944517409582e-06 -0.00020855863279202577 5.6699755765624095e-05 -3.4563438502683086e-05 -0.00028844856277089224 -0.00012091979860408363
leaf_weight=16276 312713 240883 44648 777737 610630 17642 54133
leaf_count=16276 312713 240883 44648 777737 610630 17642 54133
internal_value=-7.45745e-07 1.37011e-05 -0.000212164 4.15059e-05 -1.69728e-05 -0.000362521 -0.000160534
internal_weight=2.07466e+06 1.94196e+06 132699 1.01862e+06 923343 33918 98781
internal_count=2074662 1941963 132699 1018620 923343 33918 98781
is_linear=0
shrinkage=0.00720685


Tree=8
num_leaves=8
num_cat=0
split_feature=0 25 0 0 6 23 25
split_gain=118.99 31.9121 20.772 13.7423 10.0162 5.69734 4.37753
threshold=-1.4575732946395872 0.0075777114834636458 -3.5989686250686641 -0.05824510566890239 0.50610712170600902 -0.24508529156446454 0.041707912459969528
decision_type=2 10 2 2 8 8 8
left_child=2 4 5 -3 -2 -1 -4
right_child=1 3 6 -5 -6 -7 -8
leaf_value=-0.0004937201323398703 -6.552353324197522e-07 -5.965554947915271e-06 -0.00020845264461526097 5.6718986390554415e-05 -5.2229859521295024e-05 -0.00029600209011855673 -0.00011213971424367048
leaf_weight=11358 642405 236663 44682 781377 281184 22722 54307
leaf_count=11358 642405 236663 44682 781377 281184 22722 54307
internal_value=2.95185e-08 1.43178e-05 -0.000208451 4.21467e-05 -1.6357e-05 -0.000361909 -0.000155616
internal_weight=2.0747e+06 1.94163e+06 133069 1.01804e+06 923589 34080 98989
internal_count=2074698 1941629 133069 1018040 923589 34080 98989
is_linear=0
shrinkage=0.00720685


Tree=9
num_leaves=8
num_cat=0
split_feature=1 1 19 21 2 9 9
split_gain=101.8 19.7643 18.4008 11.6145 11.3116 7.37972 4.15287
threshold=1.4056387543678286 2.0110718011856084 -0.34907266497611994 inf -0.18779515475034711 -1.7268918752670286 -1.5234258770942686
decision_type=2 2 8 8 2 8 8
left_child=2 6 4 -4 -1 -3 -2
right_child=1 5 3 -5 -6 -7 -8
leaf_value=2.181293351837278e-06 -0.00020044130252433627 -0.00041305968961760663 -4.0283950270400766e-06 0.00037004625350579943 6.284031569113777e-05 -0.00022833041885874763 -9.1307318733646124e-05
leaf_weight=235032 22670 15282 1167439 4326 497968 42411 90056
leaf_count=235032 22670 15282 1167439 4326 497968 42411 90056
internal_value=-2.90678e-08 -0.000168782 1.50693e-05 -2.64704e-06 4.33904e-05 -0.000277269 -0.000113257
internal_weight=2.07518e+06 170419 1.90476e+06 1.17176e+06 733000 57693 112726
internal_count=2075184 170419 1904765 1171765 733000 57693 112726
is_linear=0
shrinkage=0.00720685


Tree=10
num_leaves=8
num_cat=0
split_feature=0 25 0 0 6 2 3
split_gain=113.14 30.6089 19.2747 12.6163 11.5397 4.92978 3.74901
threshold=-1.4575732946395872 0.01848267670720816 -3.5989686250686641 0.25217306613922125 0.63921567797660839 -1.6752099394798277 1.529840409755707
decision_type=2 10 2 2 8 2 10
left_child=2 4 5 -3 -2 -1 -4
right_child=1 3 6 -5 -6 -7 -8
leaf_value=-0.00044475933695237651 1.1868047146636582e-07 1.4650657100599427e-05 -0.00013704920298797369 6.6356852090589181e-05 -5.7275947402341755e-05 -0.00027016968082723943 -0.00028183357189152984
leaf_weight=15751 709469 452756 88645 534382 244699 18017 10377
leaf_count=15751 709469 452756 88645 534382 244699 18017 10377
internal_value=5.85519e-07 1.45067e-05 -0.000202932 4.26416e-05 -1.46003e-05 -0.000351618 -0.000152225
internal_weight=2.0741e+06 1.94131e+06 132790 987138 954168 33768 99022
internal_count=2074096 1941306 132790 987138 954168 33768 99022
is_linear=0
shrinkage=0.00720685


Tree=11
num_leaves=8
num_cat=0
split_feature=9 25 6 6 4 18 23
split_gain=38.9805 32.0653 13.5536 10.7218 10.3877 9.33173 5.10505
threshold=-1.4645861983299253 -0.0052684410475194446 0.49644474685192114 0.56610175967216503 -1.3213512301445005 1.7174925804138186 -0.045505013316869729
decision_type=10 10 8 8 8 8 10
left_child=4 2 -2 -3 6 -6 -1
right_child=1 3 -4 -5 5 -7 -8
leaf_value=-0.00038041626463804277 -3.9376865230244597e-06 5.091252670320834e-05 -6.574932350544949e-05 -7.9640242466778978e-07 -2.2907732528034913e-05 -0.00013026573897731406 -0.00013186161968928301
leaf_weight=9470 588816 741023 268160 289689 75732 94558 7852
leaf_count=9470 588816 741023 268160 289689 75732 94558 7852
internal_value=-5.51476e-07 9.2953e-06 -2.32795e-05 3.63793e-05 -9.96261e-05 -8.25216e-05 -0.000267762
internal_weight=2.0753e+06 1.88769e+06 856976 1.03071e+06 187612 170290 17322
internal_count=2075300 1887688 856976 1030712 187612 170290 17322
is_linear=0
shrinkage=0.00720685


Tree=12
num_leaves=8
num_cat=0
split_feature=0 25 0 0 6 4 0
split_gain=110.642 29.4691 23.3015 11.4091 10.2739 4.81237 3.98637
threshold=-1.2529269456863401 0.0075777114834636458 -3.5989686250686641 0.25217306613922125 0.70476213097572338 -1.3213512301445005 -4.5563533306121817
decision_type=2 10 2 2 8 8 2
left_child=2 4 6 -3 -2 -4 -1
right_child=1 3 5 -5 -6 -7 -8
leaf_value=-0.00042865475195878066 -1.5459569509321695e-06 1.5005840290665279e-05 -0.00024785942791891657 6.375645934635081e-05 -5.8904383623737937e-05 -0.00011958844875304238 -0.00027224912170838433
leaf_weight=17180 700139 454756 17756 551978 211095 105209 16702
leaf_count=17180 700139 454756 17756 551978 211095 105209 16702
internal_value=-1.90804e-07 1.48591e-05 -0.000184225 4.17352e-05 -1.48336e-05 -0.000138113 -0.000351566
internal_weight=2.07482e+06 1.91797e+06 156847 1.00673e+06 911234 122965 33882
internal_count=2074815 1917968 156847 1006734 911234 122965 33882
is_linear=0
shrinkage=0.00720685


Tree=13
num_leaves=8
num_cat=0
split_feature=25 6 9 6 9 9 23
split_gain=35.4292 17.8861 16.9696 14.2405 10.5787 7.54591 4.84986
threshold=0.0075777114834636458 0.68278661370277416 -3.3436529636383052 0.62831872701644909 -1.5234258770942686 -0.38926206529140467 0.19328623265028003
decision_type=10 8 10 8 10 10 10
left_child=1 4 6 -4 -1 -3 -2
right_child=2 5 3 -5 -6 -7 -8
leaf_value=-0.00010140497762930866 -0.00023363227419735127 -0.00013428258853365299 4.876527882881715e-05 -1.0997094716998875e-05 -5.0350298592368779e-06 -5.2936109876191278e-05 -2.6607793782124149e-05
leaf_weight=64827 15800 95391 773101 282859 676868 156238 9359
leaf_count=64827 15800 95391 773101 282859 676868 156238 9359
internal_value=-1.99081e-07 -3.12709e-05 2.83495e-05 3.27568e-05 -1.34583e-05 -8.37745e-05 -0.000156625
internal_weight=2.07444e+06 993324 1.08112e+06 1.05596e+06 741695 251629 25159
internal_count=2074443 993324 1081119 1055960 741695 251629 25159
is_linear=0
shrinkage=0.00720685


Tree=14
num_leaves=8
num_cat=0
split_feature=1 1 19 4 6 9 9
split_gain=101.541 19.2188 18.0399 11.0141 7.07708 6.94084 4.88105
threshold=1.4056387543678286 2.0110718011856084 -0.34907266497611994 -1.2223077416419981 0.58670395612716686 -2.1169744729995723 -1.8047696352005003
decision_type=2 2 8 10 8 8 8
left_child=2 6 3 -1 -4 -3 -2
right_child=1 5 4 -5 -6 -7 -8
leaf_value=-5.7061153872245235e-05 -0.00022216401086676171 -0.00042702530388489564 8.523863257426835e-06 5.1129521035759573e-05 -3.145998781207223e-05 -0.00023404383521827911 -9.282760617106706e-05
leaf_weight=52649 18040 12307 856239 681082 314321 45384 94789
leaf_count=52649 18040 12307 856239 681082 314321 45384 94789
internal_value=2.62151e-07 -0.000168221 1.5349e-05 4.33662e-05 -2.21267e-06 -0.000275219 -0.000113509
internal_weight=2.07481e+06 170520 1.90429e+06 733731 1.17056e+06 57691 112829
internal_count=2074811 170520 1904291 733731 1170560 57691 112829
is_linear=0
shrinkage=0.00720685


Tree=15
num_leaves=8
num_cat=0
split_feature=1 19 1 2 9 6 9
split_gain=97.4219 17.9497 15.9153 10.4311 8.42067 8.24812 3.79041
threshold=1.4945768713951113 -0.34907266497611994 2.0110718011856084 -0.29008500277996058 -3.7155882120132442 0.63921567797660839 -1.4119676947593687
decision_type=2 8 2 2 8 8 8
left_child=1 3 6 -1 -4 -3 -2
right_child=2 5 4 -5 -6 -7 -8
leaf_value=-1.4858777546162061e-06 -0.00020400514840482131 7.4996539175266868e-06 -0.00056529840466216412 5.8609020986845597e-05 -0.00024598303237875053 -3.6278428685554808e-05 -9.266657578465346e-05
leaf_weight=208858 20639 887679 4667 532500 53020 298758 68911
leaf_count=208858 20639 887679 4667 532500 53020 298758 68911
internal_value=2.1212e-07 1.38592e-05 -0.00017847 4.16789e-05 -0.000271826 -3.52415e-06 -0.000118329
internal_weight=2.07503e+06 1.9278e+06 147237 741358 57687 1.18644e+06 89550
internal_count=2075032 1927795 147237 741358 57687 1186437 89550
is_linear=0
shrinkage=0.00720685


Tree=16
num_leaves=8
num_cat=0
split_feature=0 0 0 2 3 9 23
split_gain=108.863 21.9703 20.759 9.3086 8.03636 5.90264 4.2381
threshold=-1.3142480850219724 -4.0831270217895499 -0.034701250493526452 0.050985213369131095 1.0272812843322756 -1.229097783565521 -0.062164934352040284
decision_type=2 2 2 2 8 8 8
left_child=1 6 4 -4 -2 -3 -1
right_child=2 5 3 -5 -6 -7 -8
leaf_value=-0.00049109998945857816 -1.0366613736004103e-05 -0.00022666278360930291 6.1122812171635069e-06 4.3415372619209431e-05 -8.0829084933725548e-05 -0.00011644108889023672 -0.00030187271362351668
leaf_weight=10587 373005 35340 581728 862714 108529 88275 14682
leaf_count=10587 373005 35340 581728 862714 108529 88275 14682
internal_value=2.16846e-07 -0.000187538 1.4731e-05 2.83921e-05 -2.62478e-05 -0.000147954 -0.00038117
internal_weight=2.07486e+06 148884 1.92598e+06 1.44444e+06 481534 123615 25269
internal_count=2074860 148884 1925976 1444442 481534 123615 25269
is_linear=0
shrinkage=0.00720685


Tree=17
num_leaves=8
num_cat=0
split_feature=0 25 0 0 3 25 23
split_gain=105.425 28.4159 18.2005 11.6716 9.60603 4.56349 4.17022
threshold=-1.4575732946395872 0.01848267670720816 -4.0831270217895499 0.20472817867994311 1.2091002464294436 0.041707912459969528 -0.062164934352040284
decision_type=2 10 2 2 8 8 8
left_child=2 4 6 -3 -2 -4 -1
right_child=1 3 5 -5 -6 -7 -8
leaf_value=-0.00047928390258734303 -6.9323826384295827e-06 1.1441079220056668e-05 -0.00020703536544857163 6.1699667754137554e-05 -8.461749127066661e-05 -0.00011273144113596591 -0.00029141825435908517
leaf_weight=10619 863103 411276 48697 576268 91429 58888 14561
leaf_count=10619 863103 411276 48697 576268 91429 58888 14561
internal_value=2.34509e-07 1.36663e-05 -0.000196244 4.07689e-05 -1.43735e-05 -0.000155419 -0.000370662
internal_weight=2.07484e+06 1.94208e+06 132765 987544 954532 107585 25180
internal_count=2074841 1942076 132765 987544 954532 107585 25180
is_linear=0
shrinkage=0.00720685


Tree=18
num_leaves=8
num_cat=0
split_feature=0 25 0 0 19 9 9
split_gain=104.045 28.0769 22.3058 11.4397 10.7626 7.37158 2.68221
threshold=-1.3142480850219724 0.0075777114834636458 -4.0831270217895499 -0.049599366262555115 -0.3829337209463119 -1.9979136586189268 -3.0580929517745967
decision_type=2 10 2 2 8 8 8
left_child=2 4 6 -3 -2 -4 -1
right_child=1 3 5 -5 -6 -7 -8
leaf_value=-0.00053912891882845445 1.9474339757417381e-05 -4.1868987757254049e-06 -0.00027174704204380797 5.3381157931541748e-05 -3.2722857352392242e-05 -0.00011965245937465301 -0.00034419937484499072
leaf_weight=4453 310481 233086 19670 776709 604885 104397 20862
leaf_count=4453 310481 233086 19670 776709 604885 104397 20862
internal_value=-3.28136e-07 1.3889e-05 -0.000183551 4.0093e-05 -1.50182e-05 -0.000143768 -0.000378508
internal_weight=2.07454e+06 1.92516e+06 149382 1.0098e+06 915366 124067 25315
internal_count=2074543 1925161 149382 1009795 915366 124067 25315
is_linear=0
shrinkage=0.00720685


Tree=19
num_leaves=8
num_cat=0
split_feature=0 25 0 0 6 9 23
split_gain=100.912 27.4865 21.1301 11.3725 10.1178 4.77993 4.37622
threshold=-1.3142480850219724 0.015766371972858909 -3.5989686250686641 0.25217306613922125 0.63921567797660839 -1.4645861983299253 -0.250731810927391
decision_type=2 10 2 2 8 8 8
left_child=2 4 6 -3 -2 -4 -1
right_child=1 3 5 -5 -6 -7 -8
leaf_value=-0.00045662838462328048 -3.7502429540253912e-07 1.3406822895534791e-05 -0.00021847199966936012 6.2522923446468729e-05 -5.4642557786053534e-05 -0.00010885173321971149 -0.00028200933269811629
leaf_weight=11121 698459 448336 26979 539474 239673 88234 22642
leaf_count=11121 698459 448336 26979 539474 239673 88234 22642
internal_value=-2.80057e-07 1.36982e-05 -0.000180988 4.02307e-05 -1.42393e-05 -0.000134523 -0.000339538
internal_weight=2.07492e+06 1.92594e+06 148976 987810 938132 115213 33763
internal_count=2074918 1925942 148976 987810 938132 115213 33763
is_linear=0
shrinkage=0.00720685


Tree=20
num_leaves=8
num_cat=0
split_feature=1 25 1 19 1 23 7
split_gain=91.5224 30.59 15.66 9.99407 9.35742 5.154 4.03674
threshold=1.4945768713951113 0.0075777114834636458 2.2602206468582158 -0.3829337209463119 0.72981518507003795 -0.25644399225711817 0.29806232452392584
decision_type=2 10 2 8 2 8 2
left_child=1 3 5 -1 -3 -2 -4
right_child=2 4 6 -5 -6 -7 -8
leaf_value=1.5988140748627011e-05 -0.00020136177072256612 4.9763785139773472e-05 -0.00023161581481151344 -3.4222760139954784e-05 -1.0918278011469102e-05 -9.8614096248426304e-05 -0.000389807015741397
leaf_weight=312497 38040 855275 16912 603526 156069 76065 16619
leaf_count=312497 38040 855275 16912 603526 156069 76065 16619
internal_value=-1.72271e-07 1.30746e-05 -0.000173108 -1.70935e-05 4.03994e-05 -0.000132869 -0.00031003
internal_weight=2.075e+06 1.92737e+06 147636 916023 1.01134e+06 114105 33531
internal_count=2075003 1927367 147636 916023 1011344 114105 33531
is_linear=0
shrinkage=0.00720685


Tree=21
num_leaves=8
num_cat=0
split_feature=1 25 1 1 19 2 9
split_gain=89.4732 27.0992 13.3827 11.9403 10.5721 6.52899 5.76313
threshold=1.5657209157943728 0.01848267670720816 2.2602206468582158 0.82136172056198131 -0.3829337209463119 -1.2837089300155637 -1.8047696352005003
decision_type=2 10 2 2 8 2 8
left_child=1 4 6 -3 -1 -4 -2
right_child=2 3 5 -5 -6 -7 -8
leaf_value=1.7952854916885142e-05 -0.00025653119300312357 4.8193400036684033e-05 -0.00040584024908574978 -2.4989613752087711e-05 -3.2705662948783732e-05 -0.00020439701614415891 -0.00011372671591073159
leaf_weight=323609 18019 854944 17091 133933 631515 16360 79179
leaf_count=323609 18019 854944 17091 133933 631515 16360 79179
internal_value=-4.32379e-07 1.18371e-05 -0.000182996 3.82815e-05 -1.55418e-05 -0.000307329 -0.000140203
internal_weight=2.07465e+06 1.944e+06 130649 988877 955124 33451 97198
internal_count=2074650 1944001 130649 988877 955124 33451 97198
is_linear=0
shrinkage=0.00720685


Tree=22
num_leaves=8
num_cat=0
split_feature=0 25 0 0 3 9 23
split_gain=98.2326 26.8645 17.9481 11.2051 8.40334 5.80321 4.25707
threshold=-1.3142480850219724 0.0050277663394808778 -4.0831270217895499 -0.049599366262555115 1.1592593789100649 -1.229097783565521 -0.0056199422106146804
decision_type=2 10 2 2 8 8 8
left_child=2 4 6 -3 -2 -4 -1
right_child=1 3 5 -5 -6 -7 -8
leaf_value=-0.00045736409835576058 -7.5710060918557686e-06 -4.9162090785082856e-06 -0.00022116291301837559 5.1862436533746392e-05 -7.8581915000774379e-05 -0.00011179921584964379 -0.00026931515675893212
leaf_weight=11342 811404 234610 35244 783064 96890 88455 13951
leaf_count=11342 811404 234610 35244 783064 96890 88455 13951
internal_value=-4.47431e-07 1.33445e-05 -0.00017873 3.87729e-05 -1.5146e-05 -0.00014296 -0.000353656
internal_weight=2.07496e+06 1.92597e+06 148992 1.01767e+06 908294 123699 25293
internal_count=2074960 1925968 148992 1017674 908294 123699 25293
is_linear=0
shrinkage=0.00720685


Tree=23
num_leaves=8
num_cat=0
split_feature=1 1 1 21 9 4 9
split_gain=91.6066 14.8589 14.1116 9.60399 6.051 4.95193 3.46716
threshold=1.5291168093681338 0.83663043379783641 2.0110718011856084 inf -2.1169744729995723 -1.0000000180025095e-35 -1.8047696352005003
decision_type=2 2 2 8 8 8 8
left_child=1 3 6 -1 -4 -3 -2
right_child=2 5 4 -5 -6 -7 -8
leaf_value=1.9952336438397227e-05 -0.00022146388154001644 -6.1569401432235156e-05 -0.00040638776414758258 0.00036043218518330044 -0.00022608001998663849 6.1361503584946566e-06 -9.6000040687603042e-05
leaf_weight=1680559 13764 165780 12280 4313 45470 84809 67774
leaf_count=1680559 13764 165780 12280 4313 45470 84809 67774
internal_value=2.7644e-07 1.31232e-05 -0.000178232 2.08241e-05 -0.000264427 -3.86552e-05 -0.000117182
internal_weight=2.07475e+06 1.93546e+06 139288 1.68487e+06 57750 250589 81538
internal_count=2074749 1935461 139288 1684872 57750 250589 81538
is_linear=0
shrinkage=0.00720685


Tree=24
num_leaves=8
num_cat=0
split_feature=0 0 0 19 3 23 9
split_gain=98.4945 20.9928 18.2816 12.2921 9.34484 5.21885 4.78516
threshold=-1.4575732946395872 -0.034701250493526452 -3.5989686250686641 -0.34907266497611994 1.0272812843322756 -0.24508529156446454 -1.3144359588623045
decision_type=2 2 2 8 8 8 8
left_child=2 4 5 -3 -2 -1 -4
right_child=1 3 6 -5 -6 -7 -8
leaf_value=-0.0004611264051488573 -1.0936889779091242e-05 5.2174963022256041e-05 -0.00022297224799038785 9.264317672167722e-06 -8.5547772753863136e-05 -0.00027137097463658877 -0.0001103180606787882
leaf_weight=11313 384202 577978 26858 866587 112782 22526 72325
leaf_count=11313 384202 577978 26858 866587 112782 22526 72325
internal_value=-4.6467e-07 1.25333e-05 -0.000190178 2.64331e-05 -2.78687e-05 -0.000334822 -0.000140826
internal_weight=2.07457e+06 1.94155e+06 133022 1.44456e+06 496984 33839 99183
internal_count=2074571 1941549 133022 1444565 496984 33839 99183
is_linear=0
shrinkage=0.00720685


Tree=25
num_leaves=8
num_cat=0
split_feature=0 25 0 19 0 9 2
split_gain=94.2713 25.1368 22.7853 9.71967 9.51003 5.1139 4.37766
threshold=-1.0377164483070371 0.0050277663394808778 -3.5989686250686641 -0.3829337209463119 0.41249211132526403 -1.8047696352005003 -1.6752099394798277
decision_type=2 10 2 8 2 8 2
left_child=2 3 6 -2 -3 -4 -1
right_child=1 4 5 -5 -6 -7 -8
leaf_value=-0.00041045893488039114 2.0813410874910177e-05 2.1924612719765633e-05 -0.0002093974774383786 -2.9512770774076262e-05 6.723568053001483e-05 -9.8013450688740246e-05 -0.00024597477068685476
leaf_weight=15795 302031 592826 25638 586126 404904 129823 17977
leaf_count=15795 302031 592826 25638 586126 404904 129823 17977
internal_value=1.01506e-07 1.54886e-05 -0.000153244 -1.23986e-05 4.03131e-05 -0.000116384 -0.000322913
internal_weight=2.07512e+06 1.88589e+06 189233 888157 997730 155461 33772
internal_count=2075120 1885887 189233 888157 997730 155461 33772
is_linear=0
shrinkage=0.00720685


Tree=26
num_leaves=8
num_cat=0
split_feature=2 25 23 25 9 7 18
split_gain=35.7229 29.6332 11.3878 9.5161 8.37336 4.88698 3.84437
threshold=-1.1439185142517088 0.054591665044426925 -0.098129801452159868 1.4654232859611513 -1.4645861983299253 -0.099540211260318742 2.0534805059432988
decision_type=2 10 10 10 10 2 10
left_child=2 4 5 -3 -2 -1 -4
right_child=1 3 6 -5 -6 -7 -8
leaf_value=-3.3420958506767482e-05 -8.9725246047952872e-05 4.7523630589360621e-05 -1.7182252213404756e-05 -5.6420510183081876e-05 -1.0405410411486074e-05 -0.00016020206833044311 -0.00015609028031163217
leaf_weight=19029 74590 795176 89748 48537 943098 92847 11696
leaf_count=19029 74590 795176 89748 48537 943098 92847 11696
internal_value=-1.60644e-07 9.96295e-06 -8.84975e-05 4.15439e-05 -1.62191e-05 -0.000138639 -3.31992e-05
internal_weight=2.07472e+06 1.8614e+06 213320 843713 1.01769e+06 111876 101444
internal_count=2074721 1861401 213320 843713 1017688 111876 101444
is_linear=0
shrinkage=0.00720685


Tree=27
num_leaves=8
num_cat=0
split_feature=0 25 0 0 0 9 5
split_gain=96.5096 26.0679 17.0064 11.2385 9.30005 5.07263 2.62835
threshold=-1.4575732946395872 0.01848267670720816 -4.0831270217895499 0.41249211132526403 -0.10173349082469939 -1.229097783565521 -2.4149727821350093
decision_type=2 10 2 2 2 8 8
left_child=2 4 6 -3 -2 -4 -1
right_child=1 3 5 -5 -6 -7 -8
leaf_value=-0.00051505794080438099 -5.4980101820583065e-05 1.9204143802201739e-05 -0.00022498318735281967 6.8937466613526918e-05 -1.6403888398061419e-06 -0.00011639045045143153 -0.00032182285755627733
leaf_weight=4436 220796 597996 31589 389850 734713 76345 20889
leaf_count=4436 220796 597996 31589 389850 734713 76345 20889
internal_value=6.39592e-09 1.28719e-05 -0.000187614 3.88313e-05 -1.3966e-05 -0.000148174 -0.000355689
internal_weight=2.07661e+06 1.94336e+06 133259 987846 955509 107934 25325
internal_count=2076614 1943355 133259 987846 955509 107934 25325
is_linear=0
shrinkage=0.00720685


Tree=28
num_leaves=8
num_cat=0
split_feature=0 0 0 19 21 9 23
split_gain=92.6631 18.8178 16.7626 12.6916 8.44775 5.68489 3.44365
threshold=-1.4575732946395872 0.21918310970067981 -4.0831270217895499 -0.34462994337081904 inf -1.9979136586189268 -0.05676214583218097
decision_type=2 2 2 8 8 8 8
left_child=2 4 6 -3 -2 -4 -1
right_child=1 3 5 -5 -6 -7 -8
leaf_value=-0.00044856761699979536 -1.4028314600015799e-05 6.1331992418959673e-05 -0.00026252192889325907 1.133452985851842e-05 0.00030451598739273891 -0.00012140397708469115 -0.00027864057605949614
leaf_weight=10749 858719 461135 17761 615910 4345 89774 14641
leaf_count=10749 858719 461135 17761 615910 4345 89774 14641
internal_value=3.69189e-08 1.2649e-05 -0.000184042 3.27409e-05 -1.24243e-05 -0.000144714 -0.000350595
internal_weight=2.07303e+06 1.94011e+06 132925 1.07704e+06 863064 107535 25390
internal_count=2073034 1940109 132925 1077045 863064 107535 25390
is_linear=0
shrinkage=0.00720685


Tree=29
num_leaves=8
num_cat=0
split_feature=0 25 0 0 19 9 9
split_gain=89.926 27.1066 15.6523 10.8173 10.3069 3.92466 3.10142
threshold=-1.4575732946395872 0.0075777114834636458 -3.5989686250686641 0.26661445200443273 -0.3829337209463119 -1.4645861983299253 -3.0580929517745967
decision_type=2 10 2 2 8 8 8
left_child=2 4 6 -3 -2 -4 -1
right_child=1 3 5 -5 -6 -7 -8
leaf_value=-0.00047337626183440736 1.7783288845260439e-05 1.3188328486167142e-05 -0.00021630217132673389 6.0221936016717698e-05 -3.3072695849046371e-05 -0.00011002014681823875 -0.00028508533735885025
leaf_weight=5408 313018 480433 23782 538820 611009 74842 28518
leaf_count=5408 313018 480433 23782 538820 611009 74842 28518
internal_value=3.57983e-08 1.24242e-05 -0.000181586 3.80523e-05 -1.5845e-05 -0.000135651 -0.000315113
internal_weight=2.07583e+06 1.94328e+06 132550 1.01925e+06 924027 98624 33926
internal_count=2075830 1943280 132550 1019253 924027 98624 33926
is_linear=0
shrinkage=0.00720685


Tree=30
num_leaves=8
num_cat=0
split_feature=1 1 19 2 9 3 9
split_gain=80.451 19.7452 15.4129 9.47681 6.66863 4.94372 4.82919
threshold=1.3218597173690798 2.0856385231018071 -0.34907266497611994 0.065667290240526213 -3.7155882120132442 1.1287909150123598 -1.0812332630157468
decision_type=2 2 8 2 8 8 8
left_child=2 6 3 -1 -3 -4 -2
right_child=1 4 5 -5 -6 -7 -8
leaf_value=1.1635334463098426e-05 -0.00016300933201716442 -0.00054115090349619052 3.4837517914075657e-06 6.407144206326447e-05 -0.00023822885203182438 -4.4769138777528197e-05 -7.0650033584935881e-05
leaf_weight=322733 41017 4116 1032841 402006 45510 123462 103866
leaf_count=322733 41017 4116 1032841 402006 45510 123462 103866
internal_value=2.35417e-07 -0.000139296 1.46637e-05 4.07212e-05 -0.000263364 -1.66837e-06 -9.67984e-05
internal_weight=2.07555e+06 194509 1.88104e+06 724739 49626 1.1563e+06 144883
internal_count=2075551 194509 1881042 724739 49626 1156303 144883
is_linear=0
shrinkage=0.00720685


Tree=31
num_leaves=8
num_cat=0
split_feature=0 0 0 3 21 23 3
split_gain=87.415 18.1422 17.1242 7.82742 7.65438 4.35578 4.20049
threshold=-1.3142480850219724 -3.5989686250686641 -0.034701250493526452 1.1287909150123598 inf -0.24508529156446454 1.529840409755707
decision_type=2 2 2 8 8 8 10
left_child=1 5 3 -2 -4 -1 -3
right_child=2 6 4 -5 -6 -7 -8
leaf_value=-0.00043063304907137314 -9.9236186025897862e-06 -0.00010999991416927534 2.4796675560796226e-05 -8.4042306304161308e-05 0.00035073666647928787 -0.00025694226395767432 -0.0002522305569708659
leaf_weight=11246 389279 103237 1441489 91374 3751 22535 12043
leaf_count=11246 389279 103237 1441489 91374 3751 22535 12043
internal_value=2.36048e-07 -0.000167902 1.32498e-05 -2.40141e-05 2.56429e-05 -0.000314777 -0.000124861
internal_weight=2.07495e+06 149061 1.92589e+06 480653 1.44524e+06 33781 115280
internal_count=2074954 149061 1925893 480653 1445240 33781 115280
is_linear=0
shrinkage=0.00720685


Tree=32
num_leaves=8
num_cat=0
split_feature=0 0 0 2 3 23 23
split_gain=86.1016 18.3011 16.7168 8.04227 7.89827 4.14362 3.61843
threshold=-1.3879587054252622 -0.034701250493526452 -4.0831270217895499 0.1365664601325989 1.1287909150123598 -0.25644399225711817 -0.24508529156446454
decision_type=2 2 2 2 8 8 8
left_child=2 4 6 -3 -2 -4 -1
right_child=1 3 5 -5 -6 -7 -8
leaf_value=-0.00046177178820558992 -1.1851889605425849e-05 6.5414609062062231e-06 -0.00019540584676624916 4.0673838444376768e-05 -8.5637483469554261e-05 -0.00010438697665786763 -0.00027908898049562424
leaf_weight=8447 396385 659054 39535 786310 93034 75779 16924
leaf_count=8447 396385 659054 39535 786310 93034 75779 16924
internal_value=-3.04699e-07 1.22123e-05 -0.000172446 2.51103e-05 -2.5878e-05 -0.000135594 -0.000339927
internal_weight=2.07547e+06 1.93478e+06 140685 1.44536e+06 489419 115314 25371
internal_count=2075468 1934783 140685 1445364 489419 115314 25371
is_linear=0
shrinkage=0.00720685


Tree=33
num_leaves=8
num_cat=0
split_feature=0 25 0 19 0 9 9
split_gain=88.2015 25.8376 17.6257 9.7613 9.20073 4.40813 4.25561
threshold=-1.3142480850219724 0.054591665044426925 -3.5989686250686641 -0.3829337209463119 0.47988137602806097 -1.9979136586189268 -2.2465035915374751
decision_type=2 10 2 8 2 8 8
left_child=2 3 6 -2 -3 -4 -1
right_child=1 4 5 -5 -6 -7 -8
leaf_value=-0.00045440790654735285 1.9770940989877939e-05 2.5119661333066087e-05 -0.00023088345788683555 -2.6795890812621083e-05 7.4533585730153005e-05 -0.00010757345087733778 -0.00026720957862867928
leaf_weight=8394 351337 579617 17804 698862 295484 97634 25414
leaf_count=8394 351337 579617 17804 698862 295484 97634 25414
internal_value=-2.00854e-07 1.28827e-05 -0.00016898 -1.12172e-05 4.18047e-05 -0.000126594 -0.0003137
internal_weight=2.07455e+06 1.9253e+06 149246 1.0502e+06 875101 115438 33808
internal_count=2074546 1925300 149246 1050199 875101 115438 33808
is_linear=0
shrinkage=0.00720685


Tree=34
num_leaves=8
num_cat=0
split_feature=0 0 0 19 3 7 18
split_gain=86.5658 20.3298 12.9685 11.6038 9.36018 4.81875 1.76443
threshold=-1.6392048597335813 -0.034701250493526452 -4.5563533306121817 -0.34462994337081904 1.0541852712631228 0.23493074625730517 0.88535887002944957
decision_type=2 2 2 8 8 2 10
left_child=2 4 6 -3 -2 -4 -1
right_child=1 3 5 -5 -6 -7 -8
leaf_value=-0.00030250502407161629 -1.1365333801731201e-05 4.9980030602163909e-05 -0.0001141429791499119 8.326855811650931e-06 -8.5688112569059051e-05 -0.00021555742624596082 -0.00044841647643659388
leaf_weight=8808 401925 581933 54156 861808 112684 44201 8444
leaf_count=8808 401925 581933 54156 861808 112684 44201 8444
internal_value=-5.975e-08 1.12531e-05 -0.000191691 2.51162e-05 -2.764e-05 -0.00015972 -0.000373944
internal_weight=2.07396e+06 1.95835e+06 115609 1.44374e+06 514609 98357 17252
internal_count=2073959 1958350 115609 1443741 514609 98357 17252
is_linear=0
shrinkage=0.00720685


Tree=35
num_leaves=8
num_cat=0
split_feature=1 25 1 19 2 9 9
split_gain=78.8163 26.9777 16.0446 9.41885 9.06676 7.82455 3.75674
threshold=1.4056387543678286 0.0075777114834636458 2.0110718011856084 -0.3829337209463119 0.015218260232359173 -3.7155882120132442 -1.0812332630157468
decision_type=2 10 2 8 2 8 8
left_child=1 3 6 -1 -3 -4 -2
right_child=2 4 5 -5 -6 -7 -8
leaf_value=1.6419144630951678e-05 -0.00016436579300560772 1.3202230934708105e-05 -0.00053315569102705893 -3.2614553211906409e-05 5.7098223642113734e-05 -0.00022220468603404743 -7.2545678979871273e-05
leaf_weight=309273 32532 424457 4564 594754 576118 53135 80206
leaf_count=309273 32532 424457 4564 594754 576118 53135 80206
internal_value=-5.91493e-07 1.26953e-05 -0.000149069 -1.58398e-05 3.8477e-05 -0.00024681 -9.90429e-05
internal_weight=2.07504e+06 1.9046e+06 170437 904027 1.00058e+06 57699 112738
internal_count=2075039 1904602 170437 904027 1000575 57699 112738
is_linear=0
shrinkage=0.00720685


Tree=36
num_leaves=8
num_cat=0
split_feature=0 25 0 6 0 0 25
split_gain=81.6295 24.2123 21.5786 8.00375 7.69068 5.57243 3.99957
threshold=-0.8722013235092162 0.015766371972858909 -2.6620422601699825 0.54682323336601268 0.44592073559761053 -4.5563533306121817 0.094311293214559569
decision_type=2 10 2 8 2 2 8
left_child=2 3 5 -2 -3 -1 -4
right_child=1 4 6 -5 -6 -7 -8
leaf_value=-0.00035902494067774712 2.5262658005204008e-06 2.5113428449115763e-05 -0.00012214607573618423 -4.5213503980353885e-05 6.7287651326188277e-05 -0.00020431177207448902 -5.0533630363503765e-05
leaf_weight=17180 647890 588828 85510 253870 363038 40852 76973
leaf_count=17180 647890 588828 85510 253870 363038 40852 76973
internal_value=2.52683e-07 1.58467e-05 -0.000130829 -1.09138e-05 4.11986e-05 -0.000250119 -8.82218e-05
internal_weight=2.07414e+06 1.85363e+06 220515 901760 951866 58032 162483
internal_count=2074141 1853626 220515 901760 951866 58032 162483
is_linear=0
shrinkage=0.00720685


Tree=37
num_leaves=8
num_cat=0
split_feature=0 25 0 19 2 3 23
split_gain=81.841 23.043 21.2751 9.49486 8.14593 6.61158 4.32895
threshold=-0.8722013235092162 0.0050277663394808778 -3.5989686250686641 -0.3829337209463119 0.15047319978475573 1.3666996359825136 -0.24508529156446454
decision_type=2 10 2 8 2 8 8
left_child=2 3 6 -2 -3 -4 -1
right_child=1 4 5 -5 -6 -7 -8
leaf_value=-0.0004122465856880907 2.1712736227384902e-05 1.8734770736131117e-05 -8.3189665180927273e-05 -2.8448314841875196e-05 6.0260180964871481e-05 -0.00020422518071178448 -0.0002395184699951853
leaf_weight=11308 297562 488599 159720 574207 492866 27473 22618
leaf_count=11308 297562 488599 159720 574207 492866 27473 22618
internal_value=9.19598e-10 1.56374e-05 -0.00013105 -1.13267e-05 3.95878e-05 -0.000100954 -0.000297102
internal_weight=2.07435e+06 1.85323e+06 221119 871769 981465 187193 33926
internal_count=2074353 1853234 221119 871769 981465 187193 33926
is_linear=0
shrinkage=0.00720685


Tree=38
num_leaves=8
num_cat=0
split_feature=0 25 0 0 25 3 18
split_gain=80.7618 23.6903 17.3737 8.88548 6.84496 4.42236 2.93506
threshold=-1.1924140453338621 0.0075777114834636458 -3.5989686250686641 0.25217306613922125 -3.2650512456893916 1.2268322706222536 0.95844221115112316
decision_type=2 10 2 2 8 10 10
left_child=2 4 6 -3 -2 -4 -1
right_child=1 3 5 -5 -6 -7 -8
leaf_value=-0.00023829385882897852 9.7703477447994331e-05 1.3832451808395139e-05 -9.4562158556854787e-05 5.6976077221295911e-05 -1.6768374229878588e-05 -0.00019994448474693462 -0.00037344676368986248
leaf_weight=18719 27993 450342 105113 551647 880000 25751 15076
leaf_count=18719 27993 450342 105113 551647 880000 25751 15076
internal_value=2.21186e-07 1.34237e-05 -0.000152922 3.75853e-05 -1.32391e-05 -0.0001153 -0.000298595
internal_weight=2.07464e+06 1.90998e+06 164659 1.00199e+06 907993 130864 33795
internal_count=2074641 1909982 164659 1001989 907993 130864 33795
is_linear=0
shrinkage=0.00720685


Tree=39
num_leaves=8
num_cat=0
split_feature=0 25 0 2 19 25 23
split_gain=81.6697 24.0686 15.5628 9.59626 9.2922 4.23461 3.28991
threshold=-1.4575732946395872 0.0075777114834636458 -4.0831270217895499 -0.12627159059047696 -0.37806974351406092 0.046827659010887153 -0.250731810927391
decision_type=2 10 2 2 8 8 8
left_child=2 4 6 -3 -2 -4 -1
right_child=1 3 5 -5 -6 -7 -8
leaf_value=-0.00045227652783743347 1.6965518755719358e-05 6.119983838493372e-06 -0.00018427237390618488 5.2419272635847547e-05 -3.1223359893288066e-05 -9.3532720350284845e-05 -0.00027661883295250868
leaf_weight=8217 316020 359253 49181 659067 607089 58481 17017
leaf_count=8217 316020 359253 49181 659067 607089 58481 17017
internal_value=9.41841e-08 1.19255e-05 -0.000172744 3.60854e-05 -1.47262e-05 -0.000134985 -0.000333834
internal_weight=2.07432e+06 1.94143e+06 132896 1.01832e+06 923109 107662 25234
internal_count=2074325 1941429 132896 1018320 923109 107662 25234
is_linear=0
shrinkage=0.00720685


Tree=40
num_leaves=8
num_cat=0
split_feature=0 25 0 0 6 23 4
split_gain=78.5611 22.7486 21.6512 7.93479 7.69482 5.77167 4.81268
threshold=-0.8722013235092162 -0.0026930572930723424 -2.9138352870941158 0.39829501509666448 0.53678333759307872 -0.250731810927391 -1.3213512301445005
decision_type=2 10 2 2 8 8 8
left_child=2 4 5 -3 -2 -1 -4
right_child=1 3 6 -5 -6 -7 -8
leaf_value=-0.00036970331419291684 1.124099624197212e-06 2.0645154847679922e-05 -0.00018318007909012078 6.1633503228834808e-05 -4.6905537348373499e-05 -0.00020571216414200661 -7.4563639445477997e-05
leaf_weight=16767 606483 576349 24769 427080 242529 33276 146561
leaf_count=16767 606483 576349 24769 427080 242529 33276 146561
internal_value=-4.74071e-07 1.48599e-05 -0.000128788 3.80907e-05 -1.25961e-05 -0.000260664 -9.02673e-05
internal_weight=2.07381e+06 1.85244e+06 221373 1.00343e+06 849012 50043 171330
internal_count=2073814 1852441 221373 1003429 849012 50043 171330
is_linear=0
shrinkage=0.00720685


Tree=41
num_leaves=8
num_cat=0
split_feature=1 25 1 25 17 9 9
split_gain=70.1765 23.4237 12.4106 8.35119 7.59997 6.71131 3.49972
threshold=1.4621991515159609 0.054591665044426925 2.0110718011856084 1.4654232859611513 -0.67313396930694569 -1.8945105075836179 -1.0812332630157468
decision_type=2 10 2 10 2 8 8
left_child=1 4 6 -3 -1 -4 -2
right_child=2 3 5 -5 -6 -7 -8
leaf_value=2.1688035071562648e-05 -0.00016512837412201132 4.4763409552486093e-05 -0.00036987950008589813 -5.1103027528525936e-05 -2.2727133175125673e-05 -0.00018780237569103049 -7.0280908628558514e-05
leaf_weight=269556 28608 823613 13848 50064 776520 43701 68807
leaf_count=269556 28608 823613 13848 50064 776520 43701 68807
internal_value=-1.8437e-07 1.17241e-05 -0.00014771 3.92699e-05 -1.12821e-05 -0.000231621 -9.81365e-05
internal_weight=2.07472e+06 1.91975e+06 154964 873677 1.04608e+06 57549 97415
internal_count=2074717 1919753 154964 873677 1046076 57549 97415
is_linear=0
shrinkage=0.00720685


Tree=42
num_leaves=8
num_cat=0
split_feature=9 25 19 12 23 18 17
split_gain=26.3534 23.127 12.0873 10.4552 7.64761 6.97752 3.36411
threshold=-1.4645861983299253 -0.0079705063253641111 -0.3829337209463119 0.4598469883203507 0.45608991384506231 2.0534805059432988 -1.7852872610092161
decision_type=10 8 8 8 10 10 2
left_child=4 2 -2 -3 5 -1 -6
right_child=1 3 -4 -5 6 -7 -8
leaf_value=-8.1601167407494517e-05 1.6633344149440311e-05 4.556894287233346e-05 -4.1056517144024084e-05 -2.8262796137355321e-06 -0.00057790890669931743 -0.00020704928695224528 1.596525769965204e-05
leaf_weight=120421 289186 712192 542513 343768 501 28474 38097
leaf_count=120421 289186 712192 542513 343768 501 28474 38097
internal_value=-6.67634e-07 7.42649e-06 -2.09974e-05 2.98139e-05 -8.21581e-05 -0.000105593 8.24219e-06
internal_weight=2.07515e+06 1.88766e+06 831699 1.05596e+06 187493 148895 38598
internal_count=2075152 1887659 831699 1055960 187493 148895 38598
is_linear=0
shrinkage=0.00720685


Tree=43
num_leaves=8
num_cat=0
split_feature=1 25 1 25 25 18 25
split_gain=70.3426 22.0038 15.2192 8.01701 7.72745 2.51542 2.38875
threshold=1.3780995011329653 0.01848267670720816 2.0110718011856084 -3.2650512456893916 1.4654232859611513 2.8349362611770634 0.094311293214559569
decision_type=2 10 2 8 10 10 8
left_child=1 3 6 -1 -3 -4 -2
right_child=2 4 5 -5 -6 -7 -8
leaf_value=0.00010818309879517562 -0.00012133377442581107 4.1450834885476655e-05 -0.00021496112240176871 -1.6091453609351729e-05 -5.1335411939737498e-05 -0.00035730328743429208 -5.705570218113463e-05
leaf_weight=27790 63536 916159 50459 902970 49117 7396 56949
leaf_count=27790 63536 916159 50459 902970 49117 7396 56949
internal_value=-2.49691e-07 1.26213e-05 -0.000137088 -1.23808e-05 3.67294e-05 -0.000233164 -9.09527e-05
internal_weight=2.07438e+06 1.89604e+06 178340 930760 965276 57855 120485
internal_count=2074376 1896036 178340 930760 965276 57855 120485
is_linear=0
shrinkage=0.00720685


Tree=44
num_leaves=8
num_cat=0
split_feature=0 25 0 19 21 0 25
split_gain=76.2922 21.5757 20.0218 8.7742 7.81062 5.36732 4.45763
threshold=-0.8722013235092162 0.0075777114834636458 -2.6620422601699825 -0.3829337209463119 inf -4.5563533306121817 0.041707912459969528
decision_type=2 10 2 8 8 2 8
left_child=2 3 5 -2 -3 -1 -4
right_child=1 4 6 -5 -6 -7 -8
leaf_value=-0.00034776694670106265 2.1363041764539078e-05 3.8043086552160446e-05 -0.00012579723165177665 -2.6685221686525307e-05 0.00052036850342374052 -0.00019607711600416565 -5.0134901182107973e-05
leaf_weight=17256 299248 972716 75449 579974 1746 40695 87171
leaf_count=17256 299248 972716 75449 579974 1746 40695 87171
internal_value=4.76099e-07 1.5553e-05 -0.00012623 -1.03317e-05 3.89078e-05 -0.000241251 -8.52398e-05
internal_weight=2.07426e+06 1.85368e+06 220571 879222 974462 57951 162620
internal_count=2074255 1853684 220571 879222 974462 57951 162620
is_linear=0
shrinkage=0.00720685


Tree=45
num_leaves=8
num_cat=0
split_feature=2 25 4 21 25 9 9
split_gain=31.4193 22.597 9.14072 8.28277 7.14434 6.30626 5.57914
threshold=-0.65942823886871327 0.054591665044426925 -1.2794840335845945 inf -3.2650512456893916 -3.7155882120132442 -2.1169744729995723
decision_type=2 10 8 8 8 8 10
left_child=2 4 6 -3 -2 -4 -1
right_child=1 3 5 -5 -6 -7 -8
leaf_value=-0.00033552394053080044 0.00011380199646602916 4.2413195792024868e-05 -0.00022893259549062707 0.0008888385173944466 -1.3126059643286967e-05 -3.7055836246139315e-05 -0.00011419249474934129
leaf_weight=6610 23636 764330 9155 600 900386 314066 56254
leaf_count=6610 23636 764330 9155 600 900386 314066 56254
internal_value=6.97362e-07 1.41054e-05 -5.79565e-05 4.30782e-05 -9.87917e-06 -4.24913e-05 -0.00013747
internal_weight=2.07504e+06 1.68895e+06 386085 764930 924022 323221 62864
internal_count=2075037 1688952 386085 764930 924022 323221 62864
is_linear=0
shrinkage=0.00720685


Tree=46
num_leaves=8
num_cat=0
split_feature=0 0 19 4 21 3 23
split_gain=75.9611 21.1767 15.1203 9.98531 8.5069 5.9618 4.26099
threshold=-0.8722013235092162 -3.2254713773727413 -0.34907266497611994 -1.1231434345245359 inf 1.4137254953384402 -0.24508529156446454
decision_type=2 2 8 10 8 10 8
left_child=1 6 3 -2 -4 -3 -1
right_child=2 5 4 -5 -6 -7 -8
leaf_value=-0.00037587402281282053 -4.2979930657501587e-05 -7.6467266889655638e-05 -2.8221875936232473e-06 4.9473701047561052e-05 0.0003172613231484725 -0.00019885448545198418 -0.00022141829158275317
leaf_weight=13946 67002 155351 1139486 642360 4328 23846 27734
leaf_count=13946 67002 155351 1139486 642360 4328 23846 27734
internal_value=-4.5662e-07 -0.000126789 1.46007e-05 4.0741e-05 -1.61076e-06 -9.27546e-05 -0.000273107
internal_weight=2.07405e+06 220877 1.85318e+06 709362 1.14381e+06 179197 41680
internal_count=2074053 220877 1853176 709362 1143814 179197 41680
is_linear=0
shrinkage=0.00720685


Tree=47
num_leaves=8
num_cat=0
split_feature=0 25 0 19 2 9 23
split_gain=67.3054 20.9361 16.5849 8.94221 8.34573 5.38229 4.39705
threshold=-1.0377164483070371 0.0075777114834636458 -3.5989686250686641 -0.3829337209463119 0.10771372169256212 -1.4645861983299253 -0.250731810927391
decision_type=2 10 2 8 2 8 8
left_child=2 3 6 -2 -3 -4 -1
right_child=1 4 5 -5 -6 -7 -8
leaf_value=-0.00039132139028204673 1.9788243416402592e-05 1.4171895530142564e-05 -0.00017859121184613907 -2.8288812350972874e-05 5.6053588929694705e-05 -7.5574176642159292e-05 -0.00021635379829790423
leaf_weight=11150 304446 471172 33623 591000 519685 121648 22562
leaf_count=11150 304446 471172 33623 591000 519685 121648 22562
internal_value=3.22709e-07 1.33136e-05 -0.000129343 -1.19429e-05 3.61381e-05 -9.7883e-05 -0.000274233
internal_weight=2.07529e+06 1.8863e+06 188983 895446 990857 155271 33712
internal_count=2075286 1886303 188983 895446 990857 155271 33712
is_linear=0
shrinkage=0.00720685


Tree=48
num_leaves=8
num_cat=0
split_feature=0 25 0 0 19 7 2
split_gain=72.0243 21.2095 10.8107 10.4737 8.82041 4.66448 1.78594
threshold=-1.6392048597335813 0.0075777114834636458 -0.05824510566890239 -4.5563533306121817 -0.38782370090484614 0.196240209043026 -2.570193767547607
decision_type=2 10 2 2 8 2 2
left_child=3 4 -3 6 -2 -5 -1
right_child=1 2 -4 5 -6 -7 -8
leaf_value=-0.00044140646768111181 1.7363021950468722e-05 -8.2476627563330456e-06 4.6605501889528369e-05 -9.8054845703058249e-05 -2.9642578745578813e-05 -0.00019753333211207903 -0.00028598911244627452
leaf_weight=5788 311167 245100 782028 51248 621375 46881 11453
leaf_count=5788 311167 245100 782028 51248 621375 46881 11453
internal_value=6.22594e-07 1.09248e-05 3.35161e-05 -0.000174368 -1.39579e-05 -0.000145582 -0.000338187
internal_weight=2.07504e+06 1.95967e+06 1.02713e+06 115370 932542 98129 17241
internal_count=2075040 1959670 1027128 115370 932542 98129 17241
is_linear=0
shrinkage=0.00720685


Tree=49
num_leaves=8
num_cat=0
split_feature=0 0 25 6 6 6 17
split_gain=69.6539 20.2101 19.3448 7.69011 7.33731 5.87757 3.24498
threshold=-0.8722013235092162 -3.5989686250686641 0.0050277663394808778 0.55657663941383373 0.62831872701644909 0.88054722547531139 1.0000000180025095e-35
decision_type=2 2 10 8 8 10 2
left_child=1 6 3 -2 -4 -3 -1
right_child=2 5 4 -5 -6 -7 -8
leaf_value=-0.00032319704645181619 2.1978749652506052e-06 -6.4927110702736769e-05 4.6962798021748003e-05 -4.5561875438960818e-05 1.5345611087245741e-06 -0.00015176648783135545 -0.00015760082327657786
leaf_weight=25798 629611 127866 735330 242566 246587 59237 8073
leaf_count=25798 629611 127866 735330 242566 246587 59237 8073
internal_value=-7.99679e-07 -0.000121747 1.36151e-05 -1.10849e-05 3.55545e-05 -9.24213e-05 -0.000283734
internal_weight=2.07507e+06 220974 1.85409e+06 872177 981917 187103 33871
internal_count=2075068 220974 1854094 872177 981917 187103 33871
is_linear=0
shrinkage=0.00720685


Tree=50
num_leaves=8
num_cat=0
split_feature=0 0 0 3 19 23 23
split_gain=70.4795 16.2241 11.751 11.1626 10.2145 4.16172 3.39634
threshold=-1.4575732946395872 0.45078277587890631 -3.5989686250686641 1.1926521658897402 -0.34462994337081904 -0.250731810927391 -0.25644399225711817
decision_type=2 2 2 8 8 8 8
left_child=2 3 5 -2 -3 -1 -4
right_child=1 4 6 -5 -6 -7 -8
leaf_value=-0.00038988441500420907 3.9220501584560704e-06 7.0731416888411796e-05 -0.00017921531634002455 -6.2181789111604029e-05 1.443722256200428e-05 -0.00022006106697534139 -9.017840752592028e-05
leaf_weight=11201 1112675 304443 33848 150641 371931 22675 64966
leaf_count=11201 1112675 304443 33848 150641 371931 22675 64966
internal_value=2.98064e-07 1.12906e-05 -0.000160391 -3.96036e-06 3.97759e-05 -0.000276223 -0.000120679
internal_weight=2.07238e+06 1.93969e+06 132690 1.26332e+06 676374 33876 98814
internal_count=2072380 1939690 132690 1263316 676374 33876 98814
is_linear=0
shrinkage=0.00720685


Tree=51
num_leaves=8
num_cat=0
split_feature=0 0 0 3 21 23 9
split_gain=69.0751 16.3071 12.2781 7.85934 7.37806 3.83395 3.78714
threshold=-1.4575732946395872 -0.034701250493526452 -3.5989686250686641 1.0408992767333987 inf -0.24508529156446454 -1.3144359588623045
decision_type=2 2 2 8 8 8 8
left_child=2 3 5 -2 -3 -1 -4
right_child=1 4 6 -5 -6 -7 -8
leaf_value=-0.0003854567317038659 -9.0156896055753779e-06 2.268620727410743e-05 -0.00019124803131519166 -7.7928641298460885e-05 0.00034239192776542579 -0.00022270602006203185 -9.0973631745384559e-05
leaf_weight=11285 386767 1440640 26793 110517 3758 22545 72507
leaf_count=11285 386767 1440640 26793 110517 3758 22545 72507
internal_value=3.75036e-07 1.12635e-05 -0.000158431 -2.43312e-05 2.35183e-05 -0.000277006 -0.000118031
internal_weight=2.07481e+06 1.94168e+06 133130 497284 1.4444e+06 33830 99300
internal_count=2074812 1941682 133130 497284 1444398 33830 99300
is_linear=0
shrinkage=0.00720685


Tree=52
num_leaves=8
num_cat=0
split_feature=0 0 0 19 21 9 23
split_gain=67.9541 15.5265 14.4462 9.77943 8.45045 5.6469 3.28531
threshold=-1.3142480850219724 0.22857464104890826 -4.5563533306121817 -0.33544866740703577 inf -1.0812332630157468 -0.05676214583218097
decision_type=2 2 2 8 8 8 8
left_child=2 4 6 -3 -2 -4 -1
right_child=1 3 5 -5 -6 -7 -8
leaf_value=-0.00046075174634426527 -1.2934490358107824e-05 5.4672462835671699e-05 -0.00019092348646557509 1.0552749751392023e-05 0.00030698051976880205 -9.0065286508544997e-05 -0.00025949611274043923
leaf_weight=7276 860126 462989 42601 597934 4309 89222 10022
leaf_count=7276 860126 462989 42601 597934 4309 89222 10022
internal_value=-1.46053e-07 1.13332e-05 -0.000148358 2.98067e-05 -1.13394e-05 -0.000122661 -0.000344172
internal_weight=2.07448e+06 1.92536e+06 149121 1.06092e+06 864435 131823 17298
internal_count=2074479 1925358 149121 1060923 864435 131823 17298
is_linear=0
shrinkage=0.00720685


Tree=53
num_leaves=8
num_cat=0
split_feature=0 0 19 0 21 9 9
split_gain=67.9807 19.2616 13.9716 9.69718 8.93429 5.46282 3.70219
threshold=-0.8722013235092162 -3.5989686250686641 -0.34907266497611994 0.50495052337646495 inf -1.8047696352005003 -3.0580929517745967
decision_type=2 2 8 2 8 8 8
left_child=1 6 3 -2 -4 -3 -1
right_child=2 5 4 -5 -6 -7 -8
leaf_value=-0.00045037889114921522 1.8804215929116491e-05 -0.00018119267254847847 -2.6030733415368913e-06 7.3898809437401887e-05 0.00032557365852850669 -7.4098582641249233e-05 -0.0002447858833678818
leaf_weight=5418 445051 29336 1139409 264566 4324 157877 28422
leaf_count=5418 445051 29336 1139409 264566 4324 157877 28422
internal_value=-2.41782e-08 -0.000119484 1.42241e-05 3.93452e-05 -1.36208e-06 -9.0881e-05 -0.000277715
internal_weight=2.0744e+06 221053 1.85335e+06 709617 1.14373e+06 187213 33840
internal_count=2074403 221053 1853350 709617 1143733 187213 33840
is_linear=0
shrinkage=0.00720685


Tree=54
num_leaves=8
num_cat=0
split_feature=0 25 0 0 0 7 19
split_gain=64.875 20.8906 11.8472 9.80892 7.99458 3.51019 1.51938
threshold=-1.9680593609809873 0.079666625708341612 -0.083838790655136095 0.47988137602806097 -4.5563533306121817 0.24673538655042651 -0.65508389472961415
decision_type=2 10 2 2 2 2 10
left_child=4 2 -2 -3 6 -6 -1
right_child=1 3 -4 -5 5 -7 -8
leaf_value=-0.00022007508833429514 -5.0718292606491579e-05 1.9283016580940297e-05 2.5298158954371987e-06 7.2074947164742581e-05 -0.00011007437689345631 -0.00021014036126033549 -0.00037034885854695797
leaf_weight=4883 289898 558931 863249 271643 40289 33229 12348
leaf_count=4883 289898 558931 863249 271643 40289 33229 12348
internal_value=3.71723e-07 8.99185e-06 -1.08566e-05 3.6549e-05 -0.000188057 -0.000155305 -0.000327779
internal_weight=2.07447e+06 1.98372e+06 1.15315e+06 830574 90749 73518 17231
internal_count=2074470 1983721 1153147 830574 90749 73518 17231
is_linear=0
shrinkage=0.00720685


Tree=55
num_leaves=8
num_cat=0
split_feature=0 25 0 19 2 25 23
split_gain=68.9525 19.8428 18.6628 8.07428 7.34473 5.2487 3.67438
threshold=-0.8722013235092162 0.0050277663394808778 -3.5989686250686641 -0.3829337209463119 0.12920263409614566 0.041707912459969528 -0.250731810927391
decision_type=2 10 2 8 2 8 8
left_child=2 3 6 -2 -3 -4 -1
right_child=1 4 5 -5 -6 -7 -8
leaf_value=-0.00038259624637160174 1.9289425857193365e-05 1.5797071392471356e-05 -0.0001338755165984495 -2.6956107625791265e-05 5.5244112660463629e-05 -5.7298439250799259e-05 -0.00022336670357225532
leaf_weight=11279 297831 476601 86253 574015 504831 100846 22654
leaf_count=11279 297831 476601 86253 574015 504831 100846 22654
internal_value=-4.8789e-07 1.38618e-05 -0.000120804 -1.11582e-05 3.6088e-05 -9.26013e-05 -0.000276303
internal_weight=2.07431e+06 1.85328e+06 221032 871846 981432 187099 33933
internal_count=2074310 1853278 221032 871846 981432 187099 33933
is_linear=0
shrinkage=0.00720685


Tree=56
num_leaves=8
num_cat=0
split_feature=0 0 0 12 2 9 9
split_gain=65.7224 17.7111 11.7207 7.02969 5.43898 5.03893 4.34162
threshold=-0.8722013235092162 -2.9138352870941158 0.41249211132526403 0.43506051599979406 0.1365664601325989 -3.0580929517745967 -0.98572650551795948
decision_type=2 2 2 8 2 8 8
left_child=1 5 3 -2 -4 -1 -3
right_child=2 6 4 -5 -6 -7 -8
leaf_value=-0.00041467937755082642 1.3054054172815648e-05 -0.00013887827318149158 1.2149053417618094e-05 -2.4426164992260766e-05 5.1986643323113327e-05 -0.00020743243543154717 -5.9225994490216844e-05
leaf_weight=7103 697587 50387 296384 414253 445653 42905 120654
leaf_count=7103 697587 50387 296384 414253 445653 42905 120654
internal_value=-1.12343e-07 -0.000117574 1.38934e-05 -9.10435e-07 3.60748e-05 -0.000236877 -8.26916e-05
internal_weight=2.07493e+06 221049 1.85388e+06 1.11184e+06 742037 50008 171041
internal_count=2074926 221049 1853877 1111840 742037 50008 171041
is_linear=0
shrinkage=0.00720685


Tree=57
num_leaves=8
num_cat=0
split_feature=1 25 2 25 1 1 9
split_gain=59.0306 23.1241 10.7939 9.16226 7.22535 4.8749 3.67027
threshold=1.6041751503944399 0.054591665044426925 -1.4103693366050718 1.4654232859611513 0.86882415413856517 2.2602206468582158 -3.7155882120132442
decision_type=2 10 2 10 2 2 8
left_child=1 4 5 -3 -1 -2 -4
right_child=2 3 6 -5 -6 -7 -8
leaf_value=-5.7986365376045534e-06 -0.00018633916619063021 4.2504381339146849e-05 -0.00035607908040262117 -5.6812125705487189e-05 -6.1780632532409529e-05 -0.00034376403479280729 -9.2973188788714011e-05
leaf_weight=927743 28270 836665 2857 51196 137489 16004 75715
leaf_count=927743 28270 836665 2857 51196 137489 16004 75715
internal_value=-2.3001e-08 9.61522e-06 -0.000153257 3.67775e-05 -1.30243e-05 -0.000243251 -0.000102545
internal_weight=2.07594e+06 1.95309e+06 122846 887861 1.06523e+06 44274 78572
internal_count=2075939 1953093 122846 887861 1065232 44274 78572
is_linear=0
shrinkage=0.00720685


Tree=58
num_leaves=8
num_cat=0
split_feature=0 25 0 19 25 3 2
split_gain=61.8594 19.5916 15.6139 7.97892 7.15429 5.31809 3.42138
threshold=-0.83339819312095631 0.0050277663394808778 -3.5989686250686641 -0.3829337209463119 1.4654232859611513 1.3903185725212099 -1.6752099394798277
decision_type=2 10 2 8 8 8 2
left_child=2 3 6 -2 -3 -4 -1
right_child=1 4 5 -5 -6 -7 -8
leaf_value=-0.00033185130632209912 1.9293606294522942e-05 4.0444490038062071e-05 -7.1650905346042567e-05 -2.6752134805243896e-05 -5.0620046587627792e-05 -0.00018013599858009835 -0.00018673287149200289
leaf_weight=15781 297163 929802 168422 571096 47076 27270 18149
leaf_count=15781 297163 929802 168422 571096 47076 27270 18149
internal_value=3.41999e-08 1.39164e-05 -0.000111516 -1.09929e-05 3.6056e-05 -8.67694e-05 -0.000254236
internal_weight=2.07476e+06 1.84514e+06 229622 868259 976878 195692 33930
internal_count=2074759 1845137 229622 868259 976878 195692 33930
is_linear=0
shrinkage=0.00720685


Tree=59
num_leaves=8
num_cat=0
split_feature=0 6 19 0 1 3 17
split_gain=64.1936 17.4503 13.0744 9.47259 8.8875 2.88008 2.63372
threshold=-1.6392048597335813 0.59713104367256176 -0.17550805211067197 -3.5989686250686641 0.32405398786067968 1.529840409755707 -0.0081491461023688299
decision_type=2 8 8 2 2 8 2
left_child=3 2 -2 6 -3 -5 -1
right_child=1 4 -4 5 -6 -7 -8
leaf_value=-0.00030268871472891056 4.3338190852238565e-05 -1.3004340726682838e-06 -3.8988074302198362e-07 -0.00010852142973686538 -6.1152211360078501e-05 -0.00024825910855237355 -0.00015513733497078986
leaf_weight=25640 752293 317427 672684 72800 216917 8562 8328
leaf_count=25640 752293 317427 672684 72800 216917 8562 8328
internal_value=-2.00896e-07 9.52519e-06 2.26956e-05 -0.000165435 -2.55974e-05 -0.00012323 -0.000266519
internal_weight=2.07465e+06 1.95932e+06 1.42498e+06 115330 534344 81362 33968
internal_count=2074651 1959321 1424977 115330 534344 81362 33968
is_linear=0
shrinkage=0.00720685


Tree=60
num_leaves=8
num_cat=0
split_feature=2 19 21 23 4 4 13
split_gain=26.3394 17.2757 11.8099 9.63495 9.28239 5.21555 3.925
threshold=-1.1439185142517088 -0.18466806411743161 inf -0.098129801452159868 -1.1231434345245359 -1.2604312896728513 -2.6438746452331539
decision_type=2 8 8 10 10 8 8
left_child=3 4 -3 5 -2 -1 -5
right_child=1 2 -4 6 -6 -7 -8
leaf_value=-0.00022019857333818908 -4.2007031095556014e-05 -1.4485152615173523e-05 0.00052776405894674853 -0.00019011345082234899 3.763207971107036e-05 -9.6855849553612917e-05 -1.2285620660245856e-05
leaf_weight=22224 83269 903651 2090 6917 872422 89585 94629
leaf_count=22224 83269 903651 2090 6917 872422 89585 94629
internal_value=6.25809e-07 9.31923e-06 -1.32333e-05 -7.52202e-05 3.06931e-05 -0.000121374 -2.44006e-05
internal_weight=2.07479e+06 1.86143e+06 905741 213355 955691 111809 101546
internal_count=2074787 1861432 905741 213355 955691 111809 101546
is_linear=0
shrinkage=0.00720685


Tree=61
num_leaves=8
num_cat=0
split_feature=0 0 0 21 23 4 9
split_gain=60.6721 16.6899 12.0294 7.71407 4.67882 4.20141 3.16269
threshold=-0.8722013235092162 -2.9138352870941158 0.37470616400241857 inf -0.25644399225711817 -1.3213512301445005 -4.1378033161163321
decision_type=2 2 2 8 8 8 10
left_child=1 4 3 -2 -1 -3 -4
right_child=2 5 6 -5 -6 -7 -8
leaf_value=-0.00032906157303927837 -4.0268092941106938e-06 -0.0001665353080142336 -0.00020030024619931654 0.00029782499551161279 -0.00018032564527240336 -6.4565821520466904e-05 3.5155063314985068e-05
leaf_weight=16355 1041926 24509 2973 4415 33476 146046 803407
leaf_count=16355 1041926 24509 2973 4415 33476 146046 803407
internal_value=-7.84526e-08 -0.000113121 1.33683e-05 -2.75286e-06 -0.000229148 -7.922e-05 3.42867e-05
internal_weight=2.07311e+06 220386 1.85272e+06 1.04634e+06 49831 170555 806380
internal_count=2073107 220386 1852721 1046341 49831 170555 806380
is_linear=0
shrinkage=0.00720685


Tree=62
num_leaves=8
num_cat=0
split_feature=2 25 23 6 21 4 13
split_gain=24.9697 22.9397 10.0086 9.94932 7.57753 3.75362 3.53149
threshold=-1.1439185142517088 -0.01048105815425515 -0.098129801452159868 0.49644474685192114 inf -1.3213512301445005 -2.8068972826004024
decision_type=2 10 10 8 8 8 8
left_child=2 3 5 -2 -3 -1 -4
right_child=1 4 6 -5 -6 -7 -8
leaf_value=-0.00021188929234786355 -3.4050451984375889e-06 3.0396637321046942e-05 -0.00019098833766365255 -5.7400189733069377e-05 0.00066314939906032756 -0.00010196609269202121 -1.1694301196101114e-05
leaf_weight=19555 581751 1023732 6067 254910 983 92282 95619
leaf_count=19555 581751 1023732 6067 254910 983 92282 95619
internal_value=-3.24308e-07 8.14327e-06 -7.41398e-05 -1.98561e-05 3.10043e-05 -0.000121188 -2.23936e-05
internal_weight=2.0749e+06 1.86138e+06 213523 836661 1.02472e+06 111837 101686
internal_count=2074899 1861376 213523 836661 1024715 111837 101686
is_linear=0
shrinkage=0.00720685


Tree=63
num_leaves=8
num_cat=0
split_feature=1 25 1 6 25 2 17
split_gain=54.728 20.0674 10.0583 8.35805 8.21719 4.70876 3.34473
threshold=1.4621991515159609 0.054591665044426925 2.2602206468582158 0.49644474685192114 1.4654232859611513 -1.9707385897636411 -0.034110598266124718
decision_type=2 10 2 8 10 2 2
left_child=1 3 6 -1 -3 -4 -2
right_child=2 4 5 -5 -6 -7 -8
leaf_value=2.6561398179646195e-06 -0.00012713568761329173 4.1398350120011873e-05 -0.00035597844593606386 -4.159342464829837e-05 -5.3775117608251506e-05 -0.00017741400933589442 -4.7705408522828831e-05
leaf_weight=727255 79821 823772 11880 318933 49975 21658 42039
leaf_count=727255 79821 823772 11880 318933 49975 21658 42039
internal_value=-6.9517e-08 1.04595e-05 -0.000130154 -1.08335e-05 3.59547e-05 -0.000240675 -9.97348e-05
internal_weight=2.07533e+06 1.91994e+06 155398 1.04619e+06 873747 33538 121860
internal_count=2075333 1919935 155398 1046188 873747 33538 121860
is_linear=0
shrinkage=0.00720685


Tree=64
num_leaves=8
num_cat=0
split_feature=0 25 0 12 6 9 9
split_gain=59.5104 19.5588 11.4459 8.67196 8.61044 4.48415 2.47234
threshold=-1.4575732946395872 0.01848267670720816 -4.0831270217895499 0.75061923265457164 0.50610712170600902 -1.8047696352005003 -3.0580929517745967
decision_type=2 10 2 8 8 8 8
left_child=2 4 6 -3 -2 -4 -1
right_child=1 3 5 -5 -6 -7 -8
leaf_value=-0.00043860362173292971 1.4417354444841066e-06 4.3103544137254539e-05 -0.00021066363468073086 -1.1680745496360485e-05 -4.5589286788146311e-05 -9.2130765851431969e-05 -0.00025188933896118344
leaf_weight=4472 664353 803266 20477 184548 290632 87042 20949
leaf_count=4472 664353 803266 20477 184548 290632 87042 20949
internal_value=2.90846e-07 1.0385e-05 -0.000147225 3.28685e-05 -1.28713e-05 -0.000114707 -0.000284752
internal_weight=2.07574e+06 1.9428e+06 132940 987814 954985 107519 25421
internal_count=2075739 1942799 132940 987814 954985 107519 25421
is_linear=0
shrinkage=0.00720685


Tree=65
num_leaves=8
num_cat=0
split_feature=0 6 19 0 1 9 5
split_gain=58.4424 16.5131 13.261 10.2528 8.61277 4.74456 2.11263
threshold=-1.6392048597335813 0.63921567797660839 -0.33544866740703577 -4.5563533306121817 0.24885795265436175 -1.8047696352005003 -2.5353471040725704
decision_type=2 8 8 2 2 8 8
left_child=3 2 -2 6 -3 -5 -1
right_child=1 4 -4 5 -6 -7 -8
leaf_value=-0.00049389945430770464 4.84173627181304e-05 -5.9808464879586208e-09 3.896522048868951e-06 -0.00022728486906496069 -6.0074137090412787e-05 -0.00010369223700292568 -0.00028321558496673252
leaf_weight=2994 572311 280948 884575 20344 221899 77949 14241
leaf_count=2994 572311 280948 884575 20344 221899 77949 14241
internal_value=-1.90455e-07 9.09534e-06 2.13858e-05 -0.000157707 -2.65133e-05 -0.000129275 -0.000319841
internal_weight=2.07526e+06 1.95973e+06 1.45689e+06 115528 502847 98293 17235
internal_count=2075261 1959733 1456886 115528 502847 98293 17235
is_linear=0
shrinkage=0.00720685


Tree=66
num_leaves=8
num_cat=0
split_feature=1 1 7 15 15 2 9
split_gain=51.5659 12.5787 10.277 7.48787 5.47838 5.46735 4.65866
threshold=1.2963340282440188 2.0856385231018071 0.36784192919731146 -0.58421781659126271 0.21351381391286853 -1.3256374597549436 -1.0812332630157468
decision_type=2 2 2 2 2 2 8
left_child=2 6 4 -4 -1 -3 -2
right_child=1 5 3 -5 -6 -7 -8
leaf_value=1.006672879947623e-05 -0.00013984238819940003 -0.00028887091936131222 2.4218106923269495e-05 -4.7953533868731822e-05 3.8351178180405169e-05 -0.00013703750612072986 -5.1423481608945404e-05
leaf_weight=978905 43078 23283 112408 222363 558649 26163 109942
leaf_count=978905 43078 23283 112408 222363 558649 26163 109942
internal_value=6.50173e-07 -0.000108608 1.2465e-05 -2.372e-05 2.03435e-05 -0.000208537 -7.63159e-05
internal_weight=2.07479e+06 202466 1.87232e+06 334771 1.53755e+06 49446 153020
internal_count=2074791 202466 1872325 334771 1537554 49446 153020
is_linear=0
shrinkage=0.00720685


Tree=67
num_leaves=8
num_cat=0
split_feature=0 0 6 19 0 23 23
split_gain=58.6359 15.7772 13.2457 12.6111 5.45239 4.72826 3.31241
threshold=-0.8722013235092162 -4.0831270217895499 0.63921567797660839 -0.34907266497611994 0.48488624393939977 -0.25644399225711817 -0.24508529156446454
decision_type=2 2 8 8 2 8 8
left_child=1 6 3 -2 -4 -3 -1
right_child=2 5 4 -5 -6 -7 -8
leaf_value=-0.00039721586016668942 5.2149027220936725e-05 -0.00013723068692903209 -3.4305646429825051e-05 7.4962891028577388e-06 2.334913074452943e-05 -6.2949540927081105e-05 -0.00022194772621387528
leaf_weight=8403 531140 68342 346010 861093 113020 127634 16814
leaf_count=8403 531140 68342 346010 861093 113020 127634 16814
internal_value=2.1168e-07 -0.000110688 1.34623e-05 2.45315e-05 -2.01101e-05 -8.8854e-05 -0.000280366
internal_weight=2.07246e+06 221193 1.85126e+06 1.39223e+06 459030 195976 25217
internal_count=2072456 221193 1851263 1392233 459030 195976 25217
is_linear=0
shrinkage=0.00720685


Tree=68
num_leaves=8
num_cat=0
split_feature=0 25 0 2 19 23 23
split_gain=55.0823 18.2711 15.4339 8.34315 7.33554 5.48753 4.13361
threshold=-0.83339819312095631 0.0075777114834636458 -3.5989686250686641 0.15047319978475573 -0.38782370090484614 -0.25644399225711817 -0.250731810927391
decision_type=2 10 2 2 8 8 8
left_child=2 4 6 -3 -2 -4 -1
right_child=1 3 5 -5 -6 -7 -8
leaf_value=-0.00036145638479920527 1.8561919917885652e-05 1.3499652808939291e-05 -0.00013266321723835425 5.5795179475832596e-05 -2.554837842457144e-05 -5.2688908939046107e-05 -0.00019161616649113176
leaf_weight=11137 295666 481618 68619 487350 579803 127117 22456
leaf_count=11137 295666 481618 68619 487350 579803 127117 22456
internal_value=1.15007e-07 1.3212e-05 -0.00010522 3.47726e-05 -1.06513e-05 -8.07261e-05 -0.000247932
internal_weight=2.07377e+06 1.84444e+06 229329 968968 875469 195736 33593
internal_count=2073766 1844437 229329 968968 875469 195736 33593
is_linear=0
shrinkage=0.00720685


Tree=69
num_leaves=8
num_cat=0
split_feature=7 25 4 19 25 23 23
split_gain=23.0789 17.5788 13.7432 10.8929 8.48264 7.68021 3.98984
threshold=0.31940108537673956 0.054591665044426925 -1.3213512301445005 -0.18466806411743161 1.4654232859611513 -0.15099659562110898 -0.09325797855854033
decision_type=2 10 10 8 10 10 10
left_child=1 3 6 -1 -3 -4 -2
right_child=2 4 5 -5 -6 -7 -8
leaf_value=1.7683584365037343e-05 -0.00020243560275215846 4.5368839224847327e-05 -6.4309285846322737e-05 -3.277213859754947e-05 -6.0737028616793659e-05 -6.4390001465776316e-07 -8.408769227518223e-05
leaf_weight=429485 31683 686656 180854 460542 41497 215898 27763
leaf_count=429485 31683 686656 180854 460542 41497 215898 27763
internal_value=2.96897e-07 1.30605e-05 -4.49767e-05 -8.42457e-06 3.93218e-05 -2.9665e-05 -0.000147166
internal_weight=2.07438e+06 1.61818e+06 456198 890027 728153 396752 59446
internal_count=2074378 1618180 456198 890027 728153 396752 59446
is_linear=0
shrinkage=0.00720685


Tree=70
num_leaves=8
num_cat=0
split_feature=0 0 25 0 25 23 23
split_gain=56.423 17.7949 13.1507 7.64021 6.14375 4.17336 2.64619
threshold=-1.9680593609809873 -0.11944471672177313 -0.0052684410475194446 -4.5563533306121817 0.039115149527788169 -0.63351574540138234 -0.10868284106254576
decision_type=2 2 10 2 8 8 8
left_child=3 4 -3 6 -2 -5 -1
right_child=1 2 -4 5 -6 -7 -8
leaf_value=-0.00042244679121822764 -5.8000780554218903e-05 -3.2219817991111625e-06 3.9320991831171612e-05 -0.00026306368635182234 -5.0941290136683049e-06 -0.00011874755672823887 -0.00023951807972041222
leaf_weight=6804 224210 685323 839874 12536 231921 61317 10380
leaf_count=6804 224210 685323 839874 12536 231921 61317 10380
internal_value=3.32983e-07 8.3937e-06 2.0205e-05 -0.000175098 -3.11004e-05 -0.000143248 -0.000311969
internal_weight=2.07236e+06 1.98133e+06 1.5252e+06 91037 456131 73853 17184
internal_count=2072365 1981328 1525197 91037 456131 73853 17184
is_linear=0
shrinkage=0.00720685


Tree=71
num_leaves=8
num_cat=0
split_feature=0 0 6 19 7 23 23
split_gain=56.3514 13.9208 12.9614 12.7006 6.49452 5.34899 3.98616
threshold=-0.8722013235092162 -2.6620422601699825 0.63921567797660839 -0.17550805211067197 0.29135273396968847 -0.24508529156446454 -0.91975861787796009
decision_type=2 2 8 8 2 8 8
left_child=1 5 3 -2 -4 -1 -3
right_child=2 6 4 -5 -6 -7 -8
leaf_value=-0.00030183060724093478 4.4306664144847251e-05 -0.00018345163640860369 -3.2670676708489492e-06 7.1170473966848363e-07 -6.3341947057258017e-05 -0.00015537878226419576 -6.3114526825581755e-05
leaf_weight=19561 738296 15833 329418 655042 130489 38360 147363
leaf_count=19561 738296 15833 329418 655042 130489 38360 147363
internal_value=-1.13078e-07 -0.000108858 1.28617e-05 2.38116e-05 -2.03122e-05 -0.000204843 -7.47906e-05
internal_weight=2.07436e+06 221117 1.85324e+06 1.39334e+06 459907 57921 163196
internal_count=2074362 221117 1853245 1393338 459907 57921 163196
is_linear=0
shrinkage=0.00720685


Tree=72
num_leaves=8
num_cat=0
split_feature=1 25 6 25 9 1 23
split_gain=46.8318 17.9596 9.15762 8.78139 7.69542 3.69467 2.90226
threshold=1.6041751503944399 0.12110790982842447 0.7157689929008485 1.4654232859611513 -1.8047696352005003 2.0856385231018071 0.11640224233269693
decision_type=2 10 8 8 8 2 10
left_child=1 2 -1 -3 6 -6 -2
right_child=4 3 -4 -5 5 -7 -8
leaf_value=3.6163631356223854e-06 -0.00030406451675710851 4.5390994064636064e-05 -4.3101250813635079e-05 -5.2452782632160995e-05 -7.1310479481321014e-05 -0.00016323140085513195 -0.00014604965507083737
leaf_weight=956250 16391 662529 282251 51332 60065 36523 9563
leaf_count=956250 16391 662529 282251 51332 60065 36523 9563
internal_value=9.86427e-07 9.56433e-06 -7.03046e-06 3.83552e-05 -0.000135677 -0.00010607 -0.000245851
internal_weight=2.0749e+06 1.95236e+06 1.2385e+06 713861 122542 96588 25954
internal_count=2074904 1952362 1238501 713861 122542 96588 25954
is_linear=0
shrinkage=0.00720685


Tree=73
num_leaves=8
num_cat=0
split_feature=0 0 0 21 19 9 23
split_gain=53.4435 13.9597 10.5548 9.10134 8.32785 5.071 3.17228
threshold=-1.4575732946395872 0.39345449209213262 -4.5563533306121817 inf -0.34462994337081904 -1.229097783565521 -0.114259235560894
decision_type=2 2 2 8 8 8 8
left_child=2 3 6 -2 -3 -4 -1
right_child=1 4 5 -5 -6 -7 -8
leaf_value=-0.00042828481208401686 -7.6116262820344204e-06 5.9451014338375895e-05 -0.00018815503160443935 0.00032029948206286566 1.1914221390935774e-05 -8.4003176898312176e-05 -0.00022784540809678766
leaf_weight=6768 1162972 345084 34741 4412 429825 80648 10421
leaf_count=6768 1162972 345084 34741 4412 429825 80648 10421
internal_value=-1.8664e-07 9.36937e-06 -0.000140183 -6.37204e-06 3.30835e-05 -0.000115362 -0.000306787
internal_weight=2.07487e+06 1.94229e+06 132578 1.16738e+06 774909 115389 17189
internal_count=2074871 1942293 132578 1167384 774909 115389 17189
is_linear=0
shrinkage=0.00720685


Tree=74
num_leaves=8
num_cat=0
split_feature=1 25 1 25 10 9 4
split_gain=46.6737 18.192 11.2516 7.8841 6.45521 5.98793 2.67384
threshold=1.3218597173690798 0.01848267670720816 1.9463691711425783 -2.5756974220275874 -1.1645808219909666 -2.1169744729995723 -0.06125040911138057
decision_type=2 10 2 8 8 8 8
left_child=1 3 6 -1 -3 -4 -2
right_child=2 4 5 -5 -6 -7 -8
leaf_value=9.4922783520855818e-05 -9.0094208878737896e-05 -2.6921695417238807e-05 -0.00031826850403710098 -1.6167270845053189e-05 3.8681109582879613e-05 -0.00014815734059696003 -1.9971586563629501e-05
leaf_weight=34468 86969 85542 13541 888166 872296 52112 41828
leaf_count=34468 86969 85542 13541 888166 872296 52112 41828
internal_value=-1.69038e-07 1.08223e-05 -0.000106463 -1.2017e-05 3.28222e-05 -0.000183247 -6.73218e-05
internal_weight=2.07492e+06 1.88047e+06 194450 922634 957838 65653 128797
internal_count=2074922 1880472 194450 922634 957838 65653 128797
is_linear=0
shrinkage=0.00720685


Tree=75
num_leaves=8
num_cat=0
split_feature=1 25 1 25 17 2 3
split_gain=47.8016 18.0536 12.584 7.71088 7.12213 5.32557 3.55284
threshold=1.2963340282440188 0.054591665044426925 2.0110718011856084 1.4654232859611513 -0.67313396930694569 -1.3673813939094541 1.3903185725212099
decision_type=2 10 2 10 2 2 10
left_child=1 4 6 -3 -1 -4 -2
right_child=2 3 5 -5 -6 -7 -8
leaf_value=2.3287090650242625e-05 -5.5298454665295245e-05 4.1094889344704925e-05 -0.00027230765757104488 -5.2738611208600796e-05 -2.0318856882101347e-05 -0.00013300777299622002 -0.00015983937658951941
leaf_weight=261611 125192 804486 25786 48211 758794 31885 19517
leaf_count=261611 125192 804486 25786 48211 758794 31885 19517
internal_value=-5.4852e-08 1.13138e-05 -0.000105276 3.57895e-05 -9.13915e-06 -0.000195296 -6.93991e-05
internal_weight=2.07548e+06 1.8731e+06 202380 852697 1.0204e+06 57671 144709
internal_count=2075482 1873102 202380 852697 1020405 57671 144709
is_linear=0
shrinkage=0.00720685


Tree=76
num_leaves=8
num_cat=0
split_feature=6 25 7 15 19 4 25
split_gain=23.9572 14.7284 11.9848 9.06389 7.93738 5.27978 5.04411
threshold=0.63921567797660839 0.079666625708341612 0.31222996115684515 0.20248828083276751 -0.17086265236139295 -1.3945544958114622 1.4654232859611513
decision_type=8 10 2 2 8 8 8
left_child=1 4 3 -2 -1 -4 -3
right_child=2 6 5 -5 -6 -7 -8
leaf_value=1.6657972956042641e-05 -4.6605424390112528e-05 4.604605536940354e-05 -0.00016923787523925253 2.4821236810874124e-05 -2.6479881767823229e-05 -7.089448561557518e-05 -3.925221980569104e-05
leaf_weight=449832 242753 596226 36690 148858 436523 124814 38321
leaf_count=449832 242753 596226 36690 148858 436523 124814 38321
internal_value=-3.82408e-07 1.43887e-05 -4.09986e-05 -1.94549e-05 -4.58706e-06 -9.32369e-05 4.08947e-05
internal_weight=2.07402e+06 1.5209e+06 553115 391611 886355 161504 634547
internal_count=2074017 1520902 553115 391611 886355 161504 634547
is_linear=0
shrinkage=0.00720685


Tree=77
num_leaves=8
num_cat=0
split_feature=1 25 1 25 19 7 3
split_gain=46.2042 17.9945 9.7036 7.84201 7.63374 5.3097 2.82194
threshold=1.4056387543678286 0.054591665044426925 2.0110718011856084 1.4654232859611513 -0.3829337209463119 0.29135273396968847 1.2268322706222536
decision_type=2 10 2 10 8 2 10
left_child=1 4 6 -3 -1 -4 -2
right_child=2 3 5 -5 -6 -7 -8
leaf_value=1.6963493776156996e-05 -5.7132146945169135e-05 3.9443920418937358e-05 -0.00012393961020220625 -5.4165598296418458e-05 -2.4353275852256384e-05 -0.00026218623204319144 -0.00014790763679206712
leaf_weight=350970 90262 816782 30250 49285 686682 27597 22153
leaf_count=350970 90262 816782 30250 49285 686682 27597 22153
internal_value=-3.08869e-07 9.86395e-06 -0.000114052 3.41168e-05 -1.03785e-05 -0.000189896 -7.50221e-05
internal_weight=2.07398e+06 1.90372e+06 170262 866067 1.03765e+06 57847 112415
internal_count=2073981 1903719 170262 866067 1037652 57847 112415
is_linear=0
shrinkage=0.00720685


Tree=78
num_leaves=8
num_cat=0
split_feature=0 25 0 2 25 23 6
split_gain=52.0661 16.579 13.8979 7.35699 7.11446 4.54645 3.6843
threshold=-0.95174816250801075 0.0075777114834636458 -2.6620422601699825 0.15047319978475573 -2.5756974220275874 -0.25644399225711817 0.88054722547531139
decision_type=2 10 2 2 8 8 10
left_child=2 4 5 -3 -2 -1 -4
right_child=1 3 6 -5 -6 -7 -8
leaf_value=-0.00029406007915434233 9.1874547131501463e-05 1.2332947943386208e-05 -4.741296046586955e-05 5.1771383681408994e-05 -1.4932399071259261e-05 -0.00015871273682300976 -0.00012515741182414109
leaf_weight=19263 33668 490390 100514 492297 853834 38984 46219
leaf_count=19263 33668 490390 100514 492297 853834 38984 46219
internal_value=-2.52627e-07 1.16985e-05 -0.000109292 3.20905e-05 -1.08805e-05 -0.000203478 -7.19023e-05
internal_weight=2.07517e+06 1.87019e+06 204980 982687 887502 58247 146733
internal_count=2075169 1870189 204980 982687 887502 58247 146733
is_linear=0
shrinkage=0.00720685


Tree=79
num_leaves=8
num_cat=0
split_feature=1 25 2 6 2 1 23
split_gain=45.5729 18.3699 8.73765 8.32358 6.1995 3.63614 2.05511
threshold=1.7285958528518679 0.01848267670720816 0.12920263409614566 0.49644474685192114 -1.3256374597549436 2.2602206468582158 -0.70768836140632618
decision_type=2 10 2 8 2 2 8
left_child=1 3 -3 -1 5 -2 -6
right_child=4 2 -4 -5 6 -7 -8
leaf_value=-1.0693745322793104e-06 -0.00016242047550503485 7.418473943499881e-06 4.9924011087500132e-05 -4.666711621496634e-05 -0.00021276100536310103 -0.00030156937358719076 -8.7503119230018727e-05
leaf_weight=669882 23337 501003 503749 301519 7857 16765 50742
leaf_count=669882 23337 501003 503749 301519 7857 16765 50742
internal_value=-4.24262e-07 7.12417e-06 2.87294e-05 -1.52228e-05 -0.000151555 -0.000220599 -0.000104301
internal_weight=2.07485e+06 1.97615e+06 1.00475e+06 971401 98701 40102 58599
internal_count=2074854 1976153 1004752 971401 98701 40102 58599
is_linear=0
shrinkage=0.00720685


Tree=80
num_leaves=8
num_cat=0
split_feature=0 0 19 3 0 9 16
split_gain=49.5487 15.6982 9.608 8.10539 6.27026 3.31657 1.66856
threshold=-1.9680593609809873 -0.034701250493526452 -0.34907266497611994 1.1751835346221926 -4.5563533306121817 -1.4119676947593687 4.6125965118408212
decision_type=2 2 8 8 2 8 2
left_child=4 3 -3 -2 6 -6 -1
right_child=1 2 -4 -5 5 -7 -8
leaf_value=-0.0002768461621649016 -1.233449296979327e-05 4.2965889696958473e-05 5.0168917440427276e-06 -8.5246738940317765e-05 -0.00021091585196255462 -0.00010440685474437192 -0.00074079903288582405
leaf_weight=16807 443169 577552 866235 96417 21378 52434 412
leaf_count=16807 443169 577552 866235 96417 21378 52434 412
internal_value=2.56612e-07 7.8025e-06 2.01975e-05 -2.53631e-05 -0.00016415 -0.000135257 -0.000287989
internal_weight=2.0744e+06 1.98337e+06 1.44379e+06 539586 91031 73812 17219
internal_count=2074404 1983373 1443787 539586 91031 73812 17219
is_linear=0
shrinkage=0.00720685


Tree=81
num_leaves=8
num_cat=0
split_feature=2 25 23 25 8 25 11
split_gain=23.5607 19.2162 9.62374 7.07473 6.82279 6.36118 3.50919
threshold=-0.71186444163322438 0.079666625708341612 -0.098129801452159868 1.4654232859611513 -0.85993561148643483 -3.2650512456893916 1.11865770816803
decision_type=2 10 10 8 8 8 10
left_child=2 5 4 -3 -1 -2 -4
right_child=1 3 6 -5 -6 -7 -8
leaf_value=-0.0001872015609592186 0.00010629975972402067 4.5657127105996579e-05 4.7347495037735116e-06 -4.874105024892381e-05 -6.9320236301409165e-05 -1.1967019514299276e-05 -7.0217361015613531e-05
leaf_weight=30409 24207 670466 130181 43937 158018 974611 43212
leaf_count=30409 24207 670466 130181 43937 158018 974611 43212
internal_value=1.52004e-07 1.13121e-05 -5.26908e-05 3.98514e-05 -8.83453e-05 -9.10062e-06 -1.39445e-05
internal_weight=2.07504e+06 1.71322e+06 361820 714403 188427 998818 173393
internal_count=2075041 1713221 361820 714403 188427 998818 173393
is_linear=0
shrinkage=0.00720685


Tree=82
num_leaves=8
num_cat=0
split_feature=0 0 19 0 3 0 9
split_gain=49.4943 13.7632 11.7803 8.17985 5.16536 4.63033 2.50409
threshold=-0.8722013235092162 -4.0831270217895499 -0.39267207682132715 0.51022472977638256 1.2091002464294436 -0.034701250493526452 -3.0580929517745967
decision_type=2 2 8 2 8 2 8
left_child=1 6 3 -2 -3 -4 -1
right_child=2 4 5 -5 -6 -7 -8
leaf_value=-0.00041550419227350492 1.7804772344279119e-05 -6.241911681822286e-05 -2.5655483353737736e-05 7.0922478439633814e-05 -0.0001548097639087177 7.373422992768236e-06 -0.00022668921795859374
leaf_weight=4427 403798 156583 289993 240118 39323 919298 20783
leaf_count=4427 403798 156583 289993 240118 39323 919298 20783
internal_value=5.51919e-07 -0.000101362 1.27119e-05 3.76126e-05 -8.09649e-05 -5.47038e-07 -0.000259861
internal_weight=2.07432e+06 221116 1.85321e+06 643916 195906 1.20929e+06 25210
internal_count=2074323 221116 1853207 643916 195906 1209291 25210
is_linear=0
shrinkage=0.00720685


Tree=83
num_leaves=8
num_cat=0
split_feature=0 25 0 21 7 25 9
split_gain=49.7022 15.2546 12.9557 8.04709 6.18644 4.70604 1.97889
threshold=-0.8722013235092162 0.0050277663394808778 -4.0831270217895499 inf 0.22320238500833514 0.041707912459969528 -3.0580929517745967
decision_type=2 10 2 8 2 8 8
left_child=2 4 6 -3 -2 -4 -1
right_child=1 3 5 -5 -6 -7 -8
leaf_value=-0.0003942492256566636 1.8664716188075314e-06 3.118193425648199e-05 -0.00012015784676515544 0.0005168808468024314 -4.2162057222668533e-05 -4.9265190229356976e-05 -0.00022593098884305746
leaf_weight=4391 649806 979066 90151 1774 222511 105615 20939
leaf_count=4391 649806 979066 90151 1774 222511 105615 20939
internal_value=3.75888e-07 1.25612e-05 -0.000101757 3.20609e-05 -9.36435e-06 -8.19121e-05 -0.000255124
internal_weight=2.07425e+06 1.85316e+06 221096 980840 872317 195766 25330
internal_count=2074253 1853157 221096 980840 872317 195766 25330
is_linear=0
shrinkage=0.00720685


Tree=84
num_leaves=8
num_cat=0
split_feature=1 25 2 2 6 1 6
split_gain=43.105 17.7072 7.9597 7.66964 7.5509 4.52662 3.11448
threshold=1.5657209157943728 0.0075777114834636458 -1.3256374597549436 0.10771372169256212 0.53678333759307872 2.2602206468582158 0.7489432990550996
decision_type=2 10 2 2 8 2 10
left_child=1 4 5 -3 -1 -2 -4
right_child=2 3 6 -5 -6 -7 -8
leaf_value=-8.3377705291821171e-07 -0.00014917649069459257 9.0097904703454565e-06 -4.8382031225861752e-05 4.8556705566752424e-05 -4.6119853532210665e-05 -0.00029538108999795326 -0.00014000501373440127
leaf_weight=653405 32348 492342 51233 527716 270357 16669 30888
leaf_count=653405 32348 492342 51233 527716 270357 16669 30888
internal_value=2.37698e-07 8.76954e-06 -0.000126226 2.9469e-05 -1.40877e-05 -0.000198901 -8.28455e-05
internal_weight=2.07496e+06 1.94382e+06 131138 1.02006e+06 923762 49017 82121
internal_count=2074958 1943820 131138 1020058 923762 49017 82121
is_linear=0
shrinkage=0.00720685


Tree=85
num_leaves=8
num_cat=0
split_feature=3 25 25 19 9 25 4
split_gain=20.3416 15.6343 9.43531 9.05003 8.84549 3.01902 1.83192
threshold=1.1926521658897402 0.079666625708341612 1.4654232859611513 -0.19348771125078199 -2.2465035915374751 -0.031883209943771355 -1.7064821124076841
decision_type=8 10 8 8 10 10 8
left_child=1 3 -3 -1 6 -6 -2
right_child=4 2 -4 -5 5 -7 -8
leaf_value=1.2072571786473238e-05 -0.00041116037355236101 3.9468452397613764e-05 -6.4079895447522467e-05 -2.9634082169086413e-05 -8.4683116578673556e-05 -2.8254152916241973e-05 -0.00020104571829196165
leaf_weight=527146 2663 732317 48746 554452 89378 109672 11326
leaf_count=527146 2663 732317 48746 554452 89378 109672 11326
internal_value=8.05895e-07 8.4358e-06 3.30059e-05 -9.3072e-06 -6.59042e-05 -5.35925e-05 -0.000241071
internal_weight=2.0757e+06 1.86266e+06 781063 1.0816e+06 213039 199050 13989
internal_count=2075700 1862661 781063 1081598 213039 199050 13989
is_linear=0
shrinkage=0.00720685


Tree=86
num_leaves=8
num_cat=0
split_feature=1 6 19 1 9 1 6
split_gain=45.2045 14.3472 11.8602 7.3666 6.89822 3.70369 2.71234
threshold=1.6848142147064211 0.49644474685192114 -0.34462994337081904 0.88520029187202465 -3.7155882120132442 2.2602206468582158 1.2522296309471133
decision_type=2 8 8 2 8 2 10
left_child=1 2 -1 -3 6 -6 -2
right_child=4 3 -4 -5 5 -7 -8
leaf_value=4.8023563677788952e-05 -0.00031669303268615885 -8.9831713652052395e-06 4.2235262562810428e-06 -7.3209559519945929e-05 -0.00010092809842031294 -0.00019654310974028606 -0.00076246350702761174
leaf_weight=522175 5635 496778 833842 114047 70029 30083 811
leaf_count=522175 5635 496778 833842 114047 70029 30083 811
internal_value=1.93694e-07 8.02628e-06 2.10901e-05 -2.0975e-05 -0.000144378 -0.000129662 -0.000372885
internal_weight=2.0734e+06 1.96684e+06 1.35602e+06 610825 106558 100112 6446
internal_count=2073400 1966842 1356017 610825 106558 100112 6446
is_linear=0
shrinkage=0.00720685


Tree=87
num_leaves=8
num_cat=0
split_feature=0 6 19 1 0 23 23
split_gain=45.5104 15.5531 12.1826 8.3003 6.68729 3.26671 3.00176
threshold=-1.9680593609809873 0.63921567797660839 -0.17550805211067197 0.5950828790664674 -4.5563533306121817 -0.25644399225711817 -0.078038617968559251
decision_type=2 8 8 2 2 8 8
left_child=4 2 -2 -3 6 -6 -1
right_child=1 3 -4 -5 5 -7 -8
leaf_value=-0.00040103880925789365 3.8872100767520186e-05 -7.2641646354976424e-06 -2.6908851786809867e-06 -6.9710801215473411e-05 -0.00019515234143890848 -9.3591601775965558e-05 -0.00020688836371021008
leaf_weight=6982 775566 353196 694079 160921 24848 48681 10159
leaf_count=6982 775566 353196 694079 160921 24848 48681 10159
internal_value=9.08256e-08 7.30756e-06 1.92429e-05 -2.68104e-05 -0.000157802 -0.000127915 -0.00028599
internal_weight=2.07443e+06 1.98376e+06 1.46964e+06 514117 90670 73529 17141
internal_count=2074432 1983762 1469645 514117 90670 73529 17141
is_linear=0
shrinkage=0.00720685


Tree=88
num_leaves=8
num_cat=0
split_feature=6 2 19 13 21 11 2
split_gain=22.5046 11.6118 11.9371 7.75766 6.72325 4.94108 2.25157
threshold=0.59713104367256176 -0.12627159059047696 -0.26022553443908686 -2.6438746452331539 inf 1.173382639884949 -2.4161818027496333
decision_type=8 2 8 8 8 8 2
left_child=1 5 -3 6 -5 -1 -2
right_child=3 2 -4 4 -6 -7 -8
leaf_value=-4.2879166864715812e-06 -0.00030334905967800804 5.670674066765144e-05 6.3703808236310959e-06 -3.396013600375825e-05 0.00029176465665163435 -6.9496623664634056e-05 -0.00012688800443722917
leaf_weight=430783 4474 447368 540132 554800 3310 70186 23400
leaf_count=430783 4474 447368 540132 554800 3310 70186 23400
internal_value=-5.64621e-08 1.48372e-05 2.91744e-05 -3.78882e-05 -3.20278e-05 -1.34239e-05 -0.000155222
internal_weight=2.07445e+06 1.48847e+06 987500 585984 558110 500969 27874
internal_count=2074453 1488469 987500 585984 558110 500969 27874
is_linear=0
shrinkage=0.00720685


Tree=89
num_leaves=8
num_cat=0
split_feature=0 0 0 6 23 6 15
split_gain=47.9595 13.303 10.4523 8.69196 3.96882 3.74251 2.54747
threshold=-0.8722013235092162 -2.6620422601699825 0.49994494020938879 0.63921567797660839 -0.25644399225711817 0.8678654432296754 0.62657496333122265
decision_type=2 2 2 8 8 10 2
left_child=1 4 3 -2 -1 -3 -4
right_child=2 5 6 -5 -6 -7 -8
leaf_value=-0.00027839108628500904 1.1878663526986933e-05 -4.3236615463305941e-05 2.8274905819988601e-05 -3.0351760982807074e-05 -0.0001519784174953588 -0.00011712681991769017 6.3004818699196051e-05
leaf_weight=19282 905991 110842 450448 351289 38991 52451 145014
leaf_count=19282 905991 110842 450448 351289 38991 52451 145014
internal_value=-1.24097e-07 -0.000100332 1.18596e-05 7.92817e-08 -0.000193811 -6.69714e-05 3.67329e-05
internal_weight=2.07431e+06 221566 1.85274e+06 1.25728e+06 58273 163293 595462
internal_count=2074308 221566 1852742 1257280 58273 163293 595462
is_linear=0
shrinkage=0.00720685


Tree=90
num_leaves=8
num_cat=0
split_feature=0 0 0 12 2 23 3
split_gain=46.1843 12.1652 10.1935 6.27584 5.31151 5.03571 3.94155
threshold=-0.8722013235092162 -2.6620422601699825 0.37925405800342565 0.44311185181140905 0.050985213369131095 -0.25644399225711817 1.3903185725212099
decision_type=2 2 2 8 2 8 10
left_child=1 5 3 -2 -4 -1 -3
right_child=2 6 4 -5 -6 -7 -8
leaf_value=-0.00028392624545611511 9.8264003510159011e-06 -5.3063127224408041e-05 5.2367803129967665e-06 -2.6553370378772351e-05 4.4110738793860246e-05 -0.00014144968021453412 -0.00015564079510254085
leaf_weight=19294 661082 140237 282030 392522 517579 38799 22590
leaf_count=19294 661082 140237 282030 392522 517579 38799 22590
internal_value=-7.43981e-07 -9.924e-05 1.09977e-05 -3.72693e-06 3.03996e-05 -0.000188774 -6.72953e-05
internal_weight=2.07413e+06 220920 1.85321e+06 1.0536e+06 799609 58093 162827
internal_count=2074133 220920 1853213 1053604 799609 58093 162827
is_linear=0
shrinkage=0.00720685


Tree=91
num_leaves=8
num_cat=0
split_feature=0 0 0 3 2 23 23
split_gain=46.0192 11.9885 9.35358 7.87602 5.56401 4.58384 2.36928
threshold=-1.3142480850219724 0.43131317198276525 -4.5563533306121817 1.2091002464294436 0.1365664601325989 -0.250731810927391 -0.062164934352040284
decision_type=2 2 2 8 2 8 8
left_child=2 3 6 -2 -3 -4 -1
right_child=1 4 5 -5 -6 -7 -8
leaf_value=-0.00038033648686198118 2.4685894088916861e-06 8.2574705552994771e-06 -0.00015986334044131113 -5.4978485430152436e-05 4.9467009124901029e-05 -7.0418005257837503e-05 -0.00020847674738576873
leaf_weight=7170 1076231 282212 45521 140088 428632 85948 9960
leaf_count=7170 1076231 282212 45521 140088 428632 85948 9960
internal_value=1.70893e-07 9.59362e-06 -0.00012203 -4.14782e-06 3.31065e-05 -0.000101389 -0.00028043
internal_weight=2.07576e+06 1.92716e+06 148599 1.21632e+06 710844 131469 17130
internal_count=2075762 1927163 148599 1216319 710844 131469 17130
is_linear=0
shrinkage=0.00720685


Tree=92
num_leaves=8
num_cat=0
split_feature=0 0 6 2 7 3 16
split_gain=42.8389 11.3633 11.2816 6.4458 5.95396 4.99853 1.76528
threshold=-0.8722013235092162 -4.5563533306121817 0.58670395612716686 0.16460090130567553 0.35957585275173193 1.3666996359825136 4.6125965118408212
decision_type=2 2 8 2 2 8 2
left_child=1 6 3 -2 -4 -3 -1
right_child=2 5 4 -5 -6 -7 -8
leaf_value=-0.00026088823754872535 5.8246164584329307e-06 -6.4868015984534378e-05 -3.9085746375631799e-06 3.723764491511109e-05 -6.24558947164421e-05 -0.0001661046819941202 -0.00074672951554741391
leaf_weight=16897 649180 173513 376609 710695 118634 29662 397
leaf_count=16897 649180 173513 376609 710695 118634 29662 397
internal_value=2.2933e-07 -9.47447e-05 1.15165e-05 2.22417e-05 -1.79336e-05 -7.96486e-05 -0.000272083
internal_weight=2.07559e+06 220469 1.85512e+06 1.35988e+06 495243 203175 17294
internal_count=2075587 220469 1855118 1359875 495243 203175 17294
is_linear=0
shrinkage=0.00720685


Tree=93
num_leaves=8
num_cat=0
split_feature=2 25 19 4 25 9 9
split_gain=19.9401 17.8187 8.65967 7.92651 6.37213 5.47335 3.93073
threshold=-0.65942823886871327 0.054591665044426925 -0.17086265236139295 -1.2794840335845945 1.4654232859611513 -3.7155882120132442 -1.8945105075836179
decision_type=2 10 8 8 8 8 10
left_child=3 2 -2 6 -3 -5 -1
right_child=1 4 -4 5 -6 -7 -8
leaf_value=-0.00026828043647815134 1.1591848967773732e-05 4.1623291322715054e-05 -3.2534844702132369e-05 -0.00020712280653108526 -4.8504575701945265e-05 -2.7157669673437825e-05 -9.8616402380619986e-05
leaf_weight=8145 461417 721470 462533 9029 43181 313983 54870
leaf_count=8145 461417 721470 462533 9029 43181 313983 54870
internal_value=1.16459e-07 1.07993e-05 -1.04981e-05 -4.66133e-05 3.65335e-05 -3.21888e-05 -0.00012055
internal_weight=2.07463e+06 1.6886e+06 923950 386027 764651 323012 63015
internal_count=2074628 1688601 923950 386027 764651 323012 63015
is_linear=0
shrinkage=0.00720685


Tree=94
num_leaves=8
num_cat=0
split_feature=0 6 19 0 0 23 23
split_gain=43.6444 14.0239 11.4466 6.94252 6.66658 3.3967 3.30487
threshold=-1.6392048597335813 0.58670395612716686 -0.17550805211067197 -4.0831270217895499 -0.074934590607881532 -0.93735036253929127 -0.0056199422106146804
decision_type=2 8 8 2 2 8 8
left_child=3 2 -2 6 -3 -5 -1
right_child=1 4 -4 5 -6 -7 -8
leaf_value=-0.00033324470473313422 3.9131152949780176e-05 -5.783156070222364e-05 -1.8958533301885633e-06 -0.00024816662860983483 -4.8099224326710139e-06 -9.2959392442579846e-05 -0.00016753070402117736
leaf_weight=11357 747676 189513 669462 8042 351804 81967 13912
leaf_count=11357 747676 189513 669462 8042 351804 81967 13912
internal_value=-1.90677e-07 7.83073e-06 1.97498e-05 -0.000136465 -2.33727e-05 -0.000106829 -0.000242021
internal_weight=2.07373e+06 1.95846e+06 1.41714e+06 115278 541317 90009 25269
internal_count=2073733 1958455 1417138 115278 541317 90009 25269
is_linear=0
shrinkage=0.00720685


Tree=95
num_leaves=8
num_cat=0
split_feature=0 6 19 0 1 23 23
split_gain=41.6609 12.6237 11.0337 8.85134 5.90025 4.39254 2.75635
threshold=-1.3142480850219724 0.63921567797660839 -0.26951158046722407 -4.5563533306121817 0.21792694181203845 -0.25644399225711817 -0.062164934352040284
decision_type=2 8 8 2 2 8 8
left_child=3 2 -2 6 -3 -5 -1
right_child=1 4 -4 5 -6 -7 -8
leaf_value=-0.0003760587807625653 4.1661543650672209e-05 -7.3600775086834226e-07 1.5060606400843539e-06 -0.00015367658018006271 -5.1182809192403478e-05 -6.6005065495155986e-05 -0.00019206832388909918
leaf_weight=7283 644881 274577 791751 45229 214483 86359 10096
leaf_count=7283 644881 274577 791751 45229 214483 86359 10096
internal_value=-2.17061e-07 8.76526e-06 1.95312e-05 -0.000116331 -2.28602e-05 -9.61403e-05 -0.000269191
internal_weight=2.07466e+06 1.92569e+06 1.43663e+06 148967 489060 131588 17379
internal_count=2074659 1925692 1436632 148967 489060 131588 17379
is_linear=0
shrinkage=0.00720685


Tree=96
num_leaves=8
num_cat=0
split_feature=4 19 9 23 11 12 23
split_gain=16.8374 14.3331 7.39068 6.90142 5.11865 4.47478 4.15806
threshold=-1.1231434345245359 -0.18466806411743161 -1.8047696352005003 -1.0759391784667967 inf 0.34638302028179174 0.36391089856624609
decision_type=8 8 10 10 8 8 10
left_child=2 3 6 -2 -4 -3 -1
right_child=1 5 4 -5 -6 -7 -8
leaf_value=-0.00025102275388853119 -4.0938682851083661e-05 -1.2354828353193782e-06 -4.8430145680503545e-05 3.2039742734295362e-05 0.00043144595799531483 -3.4732787093104003e-05 -8.1260537523117445e-06
leaf_weight=14937 72827 557739 207436 887302 1160 329497 4849
leaf_count=14937 72827 557739 207436 887302 1160 329497 4849
internal_value=-9.90045e-09 7.20699e-06 -5.83867e-05 2.65042e-05 -4.57595e-05 -1.36756e-05 -0.0001915
internal_weight=2.07575e+06 1.84736e+06 228382 960129 208596 887236 19786
internal_count=2075747 1847365 228382 960129 208596 887236 19786
is_linear=0
shrinkage=0.00720685


Tree=97
num_leaves=8
num_cat=0
split_feature=0 19 0 21 0 0 6
split_gain=42.6072 11.584 11.5783 8.46013 8.12155 3.93049 3.64128
threshold=-0.8722013235092162 -0.39267207682132715 -2.6620422601699825 inf 0.52559703588485729 -4.5563533306121817 1.0747585892677309
decision_type=2 8 2 8 2 2 10
left_child=2 4 5 -3 -2 -1 -4
right_child=1 3 6 -5 -6 -7 -8
leaf_value=-0.00027324415252551827 1.6932408949746821e-05 -2.9506956937274382e-06 -4.4153135177913028e-05 0.000315268522836422 7.0310561178898431e-05 -0.00014339811975268497 -0.00012389478583086988
leaf_weight=17182 413744 1204298 123781 4354 230543 41025 39150
leaf_count=17182 413744 1204298 123781 4354 230543 41025 39150
internal_value=6.77947e-08 1.13522e-05 -9.44846e-05 -1.80409e-06 3.60326e-05 -0.000181731 -6.33147e-05
internal_weight=2.07408e+06 1.85294e+06 221138 1.20865e+06 644287 58207 162931
internal_count=2074077 1852939 221138 1208652 644287 58207 162931
is_linear=0
shrinkage=0.00720685


Tree=98
num_leaves=8
num_cat=0
split_feature=6 25 7 15 23 25 25
split_gain=19.5633 13.6156 11.6989 9.88986 7.16145 7.02898 4.588
threshold=0.63921567797660839 0.079666625708341612 0.29135273396968847 0.18201529979705813 -0.16223997622728345 -2.5756974220275874 2.1917306184768681
decision_type=8 10 2 2 10 8 10
left_child=1 5 3 -2 -4 -1 -3
right_child=2 6 4 -5 -6 -7 -8
leaf_value=0.00011477196835319825 -4.4039017408748843e-05 4.2300871637406022e-05 -0.00013751448377566131 3.1025852607852208e-05 -4.3445287452876499e-05 -8.5655847157030072e-06 -6.2872891019546736e-05
leaf_weight=24686 235049 612498 78066 148914 91072 861117 22327
leaf_count=24686 235049 612498 78066 148914 91072 861117 22327
internal_value=-2.22015e-07 1.3128e-05 -3.69249e-05 -1.49262e-05 -8.68638e-05 -5.1282e-06 3.86017e-05
internal_weight=2.07373e+06 1.52063e+06 553101 383963 169138 885803 634825
internal_count=2073729 1520628 553101 383963 169138 885803 634825
is_linear=0
shrinkage=0.00720685


Tree=99
num_leaves=8
num_cat=0
split_feature=0 25 0 7 21 3 2
split_gain=41.6687 14.3668 11.4497 8.14521 7.89608 3.84944 3.77141
threshold=-0.8722013235092162 0.12110790982842447 -2.9138352870941158 0.040831243619322784 inf 1.3666996359825136 -1.3256374597549436
decision_type=2 10 2 2 8 10 2
left_child=2 3 6 -2 -3 -4 -1
right_child=1 4 5 -5 -6 -7 -8
leaf_value=-0.00025130490468693175 1.1330144950387452e-05 3.6657231985921519e-05 -5.1357682998173829e-05 -2.741603006832293e-05 0.00067186815352205471 -0.00014822315133609742 -0.00012607713855479298
leaf_weight=25329 709215 675506 145755 467583 1017 24957 24653
leaf_count=25329 709215 675506 145755 467583 1017 24957 24653
internal_value=1.64665e-09 1.11488e-05 -9.36086e-05 -4.06505e-06 3.76131e-05 -6.55197e-05 -0.000189542
internal_weight=2.07402e+06 1.85332e+06 220694 1.1768e+06 676523 170712 49982
internal_count=2074015 1853321 220694 1176798 676523 170712 49982
is_linear=0
shrinkage=0.00720685


Tree=100
num_leaves=8
num_cat=0
split_feature=0 0 19 21 2 10 2
split_gain=42.0965 11.701 10.3445 9.11034 8.68601 3.01325 2.81072
threshold=-0.8722013235092162 -3.5989686250686641 -0.17550805211067197 inf 0.065667290240526213 -1.2090417146682737 -1.6154282093048093
decision_type=2 2 8 8 2 8 2
left_child=1 6 4 -4 -2 -3 -1
right_child=2 5 3 -5 -6 -7 -8
leaf_value=-0.00028527946682964161 3.772702109359971e-06 -0.00013570535750130768 -7.8874239602054323e-06 0.0003205415601510792 4.7012416082591541e-05 -5.8227160892920064e-05 -0.00015370296697695394
leaf_weight=16225 432986 31306 871135 4408 545026 155954 17569
leaf_count=16225 432986 31306 871135 4408 545026 155954 17569
internal_value=5.49454e-07 -9.34559e-05 1.17605e-05 -6.23355e-06 2.78694e-05 -7.11807e-05 -0.000216882
internal_weight=2.07461e+06 221054 1.85356e+06 875543 978012 187260 33794
internal_count=2074609 221054 1853555 875543 978012 187260 33794
is_linear=0
shrinkage=0.00720685


Tree=101
num_leaves=8
num_cat=0
split_feature=0 25 0 25 2 9 3
split_gain=41.8352 13.9784 11.6078 6.95748 6.50438 4.36921 4.14055
threshold=-0.83339819312095631 0.0075777114834636458 -2.6620422601699825 -3.2650512456893916 0.15047319978475573 -3.3436529636383052 1.3903185725212099
decision_type=2 10 2 8 2 8 10
left_child=2 3 5 -2 -3 -1 -4
right_child=1 4 6 -5 -6 -7 -8
leaf_value=-0.0003560009334697482 0.00010688275369662713 1.157343285783613e-05 -4.7618205674272254e-05 -1.2937893667968481e-05 4.8893621157885437e-05 -0.00015750717285731013 -0.00015014916937496905
leaf_weight=6483 25938 482294 147801 848798 487961 51645 23743
leaf_count=6483 25938 482294 147801 848798 487961 51645 23743
internal_value=8.89874e-08 1.15073e-05 -9.16354e-05 -9.38479e-06 3.03426e-05 -0.000179651 -6.18102e-05
internal_weight=2.07466e+06 1.84499e+06 229672 874736 970255 58128 171544
internal_count=2074663 1844991 229672 874736 970255 58128 171544
is_linear=0
shrinkage=0.00720685


Tree=102
num_leaves=8
num_cat=0
split_feature=0 0 6 19 0 17 23
split_gain=39.4212 13.5691 9.89028 8.96874 6.59764 3.52212 2.03829
threshold=-1.8474461436271665 0.37925405800342565 0.62831872701644909 -0.34462994337081904 -4.5563533306121817 0.098162312060594573 -0.062164934352040284
decision_type=2 2 8 8 2 2 8
left_child=4 2 -2 -3 6 -6 -1
right_child=1 3 -4 -5 5 -7 -8
leaf_value=-0.0003616129836955395 5.0531144947611728e-06 5.6518990470371163e-05 -4.0165754746576434e-05 7.9527656012912001e-06 -0.00014050719174319836 -2.9661671173217125e-05 -0.00020265500754299554
leaf_weight=7195 812878 355682 363592 444062 61847 19611 10047
leaf_count=7195 812878 355682 363592 444062 61847 19611 10047
internal_value=-3.72202e-07 6.64805e-06 -8.92193e-06 2.95524e-05 -0.000140934 -0.000113822 -0.000269005
internal_weight=2.07491e+06 1.97621e+06 1.17647e+06 799744 98700 81458 17242
internal_count=2074914 1976214 1176470 799744 98700 81458 17242
is_linear=0
shrinkage=0.00720685


Tree=103
num_leaves=8
num_cat=0
split_feature=2 25 3 19 9 25 8
split_gain=18.8624 15.3436 8.88962 8.5593 5.75597 5.1565 3.77795
threshold=-0.37599356472492212 0.079666625708341612 1.3023993372917178 -0.1615769490599632 -3.7155882120132442 1.4654232859611513 -0.6794237196445464
decision_type=2 10 8 8 8 10 8
left_child=2 3 4 -2 -1 -3 -4
right_child=1 5 6 -5 -6 -7 -8
leaf_value=-0.00019473649117343161 1.5883838803677599e-05 4.5631749768350423e-05 -0.00017969110787405428 -2.893024752907553e-05 -1.9654171730256102e-05 -4.0509812350148935e-05 -7.3447623121988134e-05
leaf_weight=9963 450789 592496 23901 434934 460130 38433 63762
leaf_count=9963 450789 592496 23901 434934 460130 38433 63762
internal_value=4.58209e-08 1.32246e-05 -3.579e-05 -6.12208e-06 -2.33652e-05 4.03843e-05 -0.000102416
internal_weight=2.07441e+06 1.51665e+06 557756 885723 470093 630929 87663
internal_count=2074408 1516652 557756 885723 470093 630929 87663
is_linear=0
shrinkage=0.00720685


Tree=104
num_leaves=8
num_cat=0
split_feature=0 0 19 8 21 9 9
split_gain=39.9068 11.301 10.5401 8.09609 7.61983 3.86884 3.64833
threshold=-0.8722013235092162 -3.2254713773727413 -0.39267207682132715 0.2814204096794129 inf -1.0165858268737791 -3.0580929517745967
decision_type=2 2 8 10 8 8 8
left_child=1 6 3 -2 -4 -3 -1
right_child=2 5 4 -5 -6 -7 -8
leaf_value=-0.00035875701628544811 2.0333490591877344e-05 -0.00011902127612737834 -2.8463447494708777e-06 8.0967915941585055e-05 0.0003007576126468932 -4.5318306457191257e-05 -0.00017013643651368862
leaf_weight=6267 496029 52212 1205302 148650 4308 126904 35502
leaf_count=6267 496029 52212 1205302 148650 4308 126904 35502
internal_value=-1.28852e-07 -9.16974e-05 1.07789e-05 3.43147e-05 -1.76481e-06 -6.68033e-05 -0.000198445
internal_weight=2.07517e+06 220885 1.85429e+06 644679 1.20961e+06 179116 41769
internal_count=2075174 220885 1854289 644679 1209610 179116 41769
is_linear=0
shrinkage=0.00720685


Tree=105
num_leaves=8
num_cat=0
split_feature=0 6 19 0 1 17 2
split_gain=39.3496 12.2078 9.79209 8.02254 6.18498 4.0546 1.7428
threshold=-1.4575732946395872 0.58670395612716686 -0.17550805211067197 -4.5563533306121817 0.32405398786067968 -0.034110598266124718 -1.9707385897636411
decision_type=2 8 8 2 2 2 2
left_child=3 2 -2 6 -3 -5 -1
right_child=1 4 -4 5 -6 -7 -8
leaf_value=-0.00034179098087422745 3.741872484539774e-05 -1.1501477410706462e-06 -6.3385192699150635e-07 -0.00013007055514600109 -5.1318824083546911e-05 -4.1060809364975753e-05 -0.00019665214475157112
leaf_weight=8098 743868 322191 665434 74237 211363 41409 9170
leaf_count=8098 743868 322191 665434 74237 211363 41409 9170
internal_value=1.28634e-07 8.33579e-06 1.94513e-05 -0.000119838 -2.10242e-05 -9.81999e-05 -0.000264733
internal_weight=2.07577e+06 1.94286e+06 1.4093e+06 132914 533554 115646 17268
internal_count=2075770 1942856 1409302 132914 533554 115646 17268
is_linear=0
shrinkage=0.00720685


Tree=106
num_leaves=8
num_cat=0
split_feature=0 0 1 0 2 23 23
split_gain=39.2193 12.6397 7.86739 6.12866 4.62223 3.72516 2.35
threshold=-1.7400413751602171 0.33776108920574194 -1.9448184370994566 -4.5563533306121817 0.037256522104144103 -0.24508529156446454 -0.062164934352040284
decision_type=2 2 2 2 2 8 8
left_child=3 2 -2 6 -3 -5 -1
right_child=1 4 -4 5 -6 -7 -8
leaf_value=-0.00035845975511927927 0.00027742281097946548 4.6213635111052352e-06 -1.0834562284592392e-05 -0.0001744642327299038 3.9418917436262899e-05 -7.707154391573852e-05 -0.00018799668023793708
leaf_weight=7197 4939 305047 1091111 31219 566396 58858 10101
leaf_count=7197 4939 305047 1091111 31219 566396 58858 10101
internal_value=-5.67371e-07 6.75237e-06 -9.53536e-06 -0.00013469 2.72381e-05 -0.000110828 -0.000258937
internal_weight=2.07487e+06 1.96749e+06 1.09605e+06 107375 871443 90077 17298
internal_count=2074868 1967493 1096050 107375 871443 90077 17298
is_linear=0
shrinkage=0.00720685


Tree=107
num_leaves=8
num_cat=0
split_feature=0 0 0 21 3 2 17
split_gain=39.5355 10.5845 9.00907 7.51558 4.53963 4.38195 1.65419
threshold=-0.8722013235092162 -4.0831270217895499 0.47988137602806097 inf 1.529840409755707 0.037256522104144103 0.0087479129433631914
decision_type=2 2 2 8 8 2 2
left_child=1 6 3 -2 -3 -4 -1
right_child=2 4 5 -5 -6 -7 -8
leaf_value=-0.00026079562813084554 -1.118011269252512e-06 -6.095596544992703e-05 6.3921570888935212e-06 0.00029849621660819165 -0.00017475161046650683 4.6831211423889551e-05 -0.0001197779247346984
leaf_weight=19640 1219969 175166 207655 4363 20320 422022 5543
leaf_count=19640 1219969 175166 207655 4363 20320 422022 5543
internal_value=4.89192e-07 -9.0701e-05 1.13429e-05 -5.00628e-08 -7.27855e-05 3.34953e-05 -0.000229763
internal_weight=2.07468e+06 220669 1.85401e+06 1.22433e+06 195486 629677 25183
internal_count=2074678 220669 1854009 1224332 195486 629677 25183
is_linear=0
shrinkage=0.00720685


Tree=108
num_leaves=8
num_cat=0
split_feature=6 19 7 21 3 23 21
split_gain=19.4035 10.7938 10.4667 6.84754 6.71553 4.76386 2.6551
threshold=0.58670395612716686 -0.17550805211067197 0.29806232452392584 inf 1.4398193359375002 -1.7544986605644224 inf
decision_type=8 8 2 8 10 10 8
left_child=1 5 3 -2 -4 -1 -3
right_child=2 6 4 -5 -6 -7 -8
leaf_value=-8.0940141569856066e-05 -1.6920483224156721e-05 -6.4853829688742344e-06 -5.6388788261673128e-05 0.00035324509380367649 -0.00016159124719638247 3.5673130999162868e-05 0.00048009241544579457
leaf_weight=18640 414047 701207 136324 2611 40992 760623 582
leaf_count=18640 414047 701207 136324 2611 40992 760623 582
internal_value=4.63941e-07 1.44203e-05 -3.43357e-05 -1.46e-05 -8.07104e-05 3.28836e-05 -6.08118e-06
internal_weight=2.07503e+06 1.48105e+06 593974 416658 177316 779263 701789
internal_count=2075026 1481052 593974 416658 177316 779263 701789
is_linear=0
shrinkage=0.00720685


Tree=109
num_leaves=8
num_cat=0
split_feature=1 6 7 10 7 3 23
split_gain=33.5606 11.1878 6.62142 6.09292 6.06355 4.44755 4.16768
threshold=1.5291168093681338 0.46576568484306341 0.31222996115684515 -1.1940591335296629 0.4993389248847962 1.3666996359825136 -0.93735036253929127
decision_type=2 8 2 8 2 10 8
left_child=1 3 6 -1 -3 -4 -2
right_child=2 4 5 -5 -6 -7 -8
leaf_value=-3.9359064294365154e-05 -0.0002314267483946267 -7.4173208588732708e-06 -0.00013428475118298854 2.3450620168879295e-05 -6.6843522219981502e-05 -0.00028829926061222841 -5.0450333930256988e-05
leaf_weight=85806 7253 510332 45322 1231154 108062 12405 74373
leaf_count=85806 7253 510332 45322 1231154 108062 12405 74373
internal_value=-2.93258e-07 7.48461e-06 -0.000108313 1.93582e-05 -1.7802e-05 -0.000167386 -6.65341e-05
internal_weight=2.07471e+06 1.93535e+06 139353 1.31696e+06 618394 57727 81626
internal_count=2074707 1935354 139353 1316960 618394 57727 81626
is_linear=0
shrinkage=0.00720685


Tree=110
num_leaves=8
num_cat=0
split_feature=6 19 2 15 21 2 8
split_gain=18.6117 10.8692 8.87813 7.42174 6.74828 4.77217 2.63353
threshold=0.63921567797660839 -0.17550805211067197 -0.11754298210144042 0.18201529979705813 inf -2.0651293992996211 -1.2053646445274351
decision_type=8 8 2 2 8 2 8
left_child=1 2 -1 4 -2 -5 -3
right_child=3 6 -4 5 -6 -7 -8
leaf_value=-1.7944625422075809e-06 -5.8517981000001849e-05 -8.8770902701378659e-05 4.8727708517783021e-05 -0.00017980588690413743 0.00025016978302913959 6.925070497168435e-06 -4.9277070879487779e-06
leaf_weight=275513 353643 20013 524696 7386 3716 188536 700307
leaf_count=275513 353643 20013 524696 7386 3716 188536 700307
internal_value=2.7962e-08 1.30515e-05 3.13328e-05 -3.57634e-05 -5.53074e-05 -1.15141e-07 -7.25731e-06
internal_weight=2.07381e+06 1.52053e+06 800209 553281 357359 195922 720320
internal_count=2073810 1520529 800209 553281 357359 195922 720320
is_linear=0
shrinkage=0.00720685


Tree=111
num_leaves=8
num_cat=0
split_feature=0 25 0 6 9 25 6
split_gain=37.0293 16.0678 8.01377 7.67542 5.63022 3.40268 3.25924
threshold=-2.1123412847518916 -0.0079705063253641111 0.25217306613922125 0.50610712170600902 -2.2465035915374751 -0.013060959521681069 1.1942571401596072
decision_type=2 10 2 8 8 8 10
left_child=4 3 -3 -2 6 -6 -1
right_child=1 2 -4 -5 5 -7 -8
leaf_value=-0.00022439633688034808 -2.1737245201563971e-06 4.1446515845753709e-06 4.3298246164125899e-05 -4.7585625560854649e-05 -0.00018762213086453885 -8.1111086641173853e-05 -0.00049773458674654643
leaf_weight=13059 621926 513927 575604 280494 24750 42048 2742
leaf_count=13059 621926 513927 575604 280494 24750 42048 2742
internal_value=1.37886e-09 6.2016e-06 2.48297e-05 -1.62889e-05 -0.000149521 -0.000120578 -0.000271858
internal_weight=2.07455e+06 1.99195e+06 1.08953e+06 902420 82599 66798 15801
internal_count=2074550 1991951 1089531 902420 82599 66798 15801
is_linear=0
shrinkage=0.00720685


Tree=112
num_leaves=8
num_cat=0
split_feature=0 25 7 25 0 7 23
split_gain=36.1514 14.4946 8.10789 7.90068 5.7358 3.52011 2.9236
threshold=-1.8474461436271665 0.12110790982842447 0.040831243619322784 1.4654232859611513 -4.5563533306121817 0.23493074625730517 -0.0056199422106146804
decision_type=2 10 2 10 2 2 10
left_child=4 2 -2 -3 6 -6 -1
right_child=1 3 -4 -5 5 -7 -8
leaf_value=-0.00031943330958139496 7.1913415300628106e-06 3.9290080472622637e-05 -3.01307979257685e-05 -5.2819924608042084e-05 -6.5634542138794688e-05 -0.00016045666735465196 -0.0001199960608729984
leaf_weight=11552 747046 669054 507829 52134 44520 37435 5705
leaf_count=11552 747046 669054 507829 52134 44520 37435 5705
internal_value=1.44672e-07 6.88459e-06 -7.91236e-06 3.26314e-05 -0.000134097 -0.000108949 -0.000253513
internal_weight=2.07528e+06 1.97606e+06 1.25488e+06 721188 99212 81955 17257
internal_count=2075275 1976063 1254875 721188 99212 81955 17257
is_linear=0
shrinkage=0.00720685


Tree=113
num_leaves=8
num_cat=0
split_feature=1 25 1 25 12 3 6
split_gain=30.7884 14.3702 8.05583 7.31665 5.78505 3.41178 2.35193
threshold=1.2428570389747622 0.0075777114834636458 2.0110718011856084 -3.2650512456893916 0.77992689609527599 1.4981850981712344 1.1757692694664004
decision_type=2 10 2 8 8 10 10
left_child=1 3 5 -1 -3 -2 -4
right_child=2 4 6 -5 -6 -7 -8
leaf_value=0.00010577827073913656 -4.352113477747889e-05 3.6461496659148516e-05 -0.00012611118111927229 -1.5239883447902606e-05 -1.0557040249169194e-05 -0.00015314791233160646 -0.00023024590578555137
leaf_weight=26760 145431 812232 42374 854001 163224 16408 15348
leaf_count=26760 145431 812232 42374 854001 163224 16408 15348
internal_value=-6.03585e-09 9.53976e-06 -8.07081e-05 -1.15629e-05 2.85938e-05 -5.46366e-05 -0.000153804
internal_weight=2.07578e+06 1.85622e+06 219561 880761 975456 161839 57722
internal_count=2075778 1856217 219561 880761 975456 161839 57722
is_linear=0
shrinkage=0.00720685


Tree=114
num_leaves=8
num_cat=0
split_feature=0 25 0 25 7 25 17
split_gain=37.2508 14.2621 10.4092 6.79332 6.55057 5.1726 1.80002
threshold=-0.83339819312095631 0.12110790982842447 -4.0831270217895499 1.4654232859611513 0.22902946174144748 0.051990432664752013 0.0087479129433631914
decision_type=2 10 2 10 2 8 2
left_child=2 4 6 -3 -2 -4 -1
right_child=1 3 5 -5 -6 -7 -8
leaf_value=-0.00025756125024795328 4.8255757766251851e-06 4.2943811281889574e-05 -0.00010834085495886377 -4.6647703400413134e-05 -3.4599498678327648e-05 -3.5606484868803302e-05 -0.00011062005704659481
leaf_weight=19703 880704 625826 96703 47278 291284 106950 5553
leaf_count=19703 880704 625826 96703 47278 291284 106950 5553
internal_value=-5.463e-07 1.02117e-05 -8.72595e-05 3.66509e-05 -4.97307e-06 -7.01443e-05 -0.00022526
internal_weight=2.074e+06 1.84509e+06 228909 673104 1.17199e+06 203653 25256
internal_count=2074001 1845092 228909 673104 1171988 203653 25256
is_linear=0
shrinkage=0.00720685


Tree=115
num_leaves=8
num_cat=0
split_feature=1 25 9 25 19 6 6
split_gain=29.8508 14.9648 8.90107 6.14616 6.0504 4.56812 2.38259
threshold=1.3780995011329653 0.046827659010887153 -1.8047696352005003 1.4654232859611513 -0.3829337209463119 0.7489432990550996 1.2522296309471133
decision_type=2 10 8 8 8 10 10
left_child=1 4 6 -3 -1 -4 -2
right_child=2 3 5 -5 -6 -7 -8
leaf_value=1.3341080746808901e-05 -0.00016603692064936964 3.3900177385763749e-05 -3.2424171186081308e-05 -4.8996892416038396e-05 -2.3880937095433415e-05 -0.00011544650128550699 -0.00032078277295727542
leaf_weight=343018 27491 836093 87004 49185 669539 56958 6366
leaf_count=343018 27491 836093 87004 49185 669539 56958 6366
internal_value=-7.1455e-07 7.65122e-06 -9.00008e-05 2.92944e-05 -1.12714e-05 -6.52724e-05 -0.000195142
internal_weight=2.07565e+06 1.89784e+06 177819 885278 1.01256e+06 143962 33857
internal_count=2075654 1897835 177819 885278 1012557 143962 33857
is_linear=0
shrinkage=0.00720685


Tree=116
num_leaves=8
num_cat=0
split_feature=0 6 21 11 0 24 23
split_gain=34.5392 11.3075 7.66626 5.64783 5.44903 3.60588 2.61933
threshold=-1.6392048597335813 0.58670395612716686 inf 1.2681584358215334 -4.5563533306121817 -1.1352113485336301 -0.114259235560894
decision_type=2 8 8 10 2 2 8
left_child=4 3 -3 -2 6 -6 -1
right_child=1 2 -4 -5 5 -7 -8
leaf_value=-0.00034837742505053749 2.2216259377445356e-05 -2.2253618852367323e-05 0.00030383217634688943 -4.1174916982114253e-05 5.5231811829575007e-05 -0.00011181189150109893 -0.00016660173142850058
leaf_weight=6808 1339827 536800 3770 77204 7246 90928 10427
leaf_count=6808 1339827 536800 3770 77204 7246 90928 10427
internal_value=9.2179e-07 8.06446e-06 -1.99789e-05 1.87625e-05 -0.000120233 -9.94821e-05 -0.000238422
internal_weight=2.07301e+06 1.9576e+06 540570 1.41703e+06 115409 98174 17235
internal_count=2073010 1957601 540570 1417031 115409 98174 17235
is_linear=0
shrinkage=0.00720685


Tree=117
num_leaves=8
num_cat=0
split_feature=0 25 0 6 25 3 23
split_gain=32.9093 13.5268 9.60903 7.20256 6.96583 4.44066 3.66046
threshold=-0.8722013235092162 0.12110790982842447 -3.2254713773727413 0.68278661370277416 1.4654232859611513 1.4981850981712344 -0.24508529156446454
decision_type=2 10 2 8 8 10 8
left_child=2 3 6 -2 -3 -4 -1
right_child=1 4 5 -5 -6 -7 -8
leaf_value=-0.00027728196402420101 4.3053362589834664e-06 4.1295344414371077e-05 -4.8234120800180906e-05 -3.7906816521623893e-05 -4.9231824711347001e-05 -0.00016259179382697943 -0.00013427366674057634
leaf_weight=14009 904127 628975 159597 273436 47479 19827 27646
leaf_count=14009 904127 628975 159597 273436 47479 19827 27646
internal_value=-6.53108e-07 9.25756e-06 -8.37659e-05 -5.49654e-06 3.49413e-05 -6.0872e-05 -0.000182375
internal_weight=2.0751e+06 1.85402e+06 221079 1.17756e+06 676454 179424 41655
internal_count=2075096 1854017 221079 1177563 676454 179424 41655
is_linear=0
shrinkage=0.00720685


Tree=118
num_leaves=8
num_cat=0
split_feature=1 25 1 25 11 23 7
split_gain=29.7356 13.3727 7.86725 6.99315 5.77865 4.58906 3.01733
threshold=1.2963340282440188 0.0075777114834636458 2.2602206468582158 -3.2650512456893916 1.2858846187591555 -0.63351574540138234 0.25279583036899572
decision_type=2 10 2 8 10 8 2
left_child=1 3 5 -1 -3 -2 -4
right_child=2 4 6 -5 -6 -7 -8
leaf_value=0.00010254947987223758 -0.00014861510356782231 3.1573286223861822e-05 -0.00011097734497814783 -1.5077496074911414e-05 -4.0873986687402911e-05 -4.6624061142689035e-05 -0.00024804640763204441
leaf_weight=27076 27356 923098 15644 860805 60959 141094 17877
leaf_count=27076 27356 923098 15644 860805 60959 141094 17877
internal_value=-1.75237e-07 8.78848e-06 -8.32539e-05 -1.14903e-05 2.70854e-05 -6.31881e-05 -0.000184083
internal_weight=2.07391e+06 1.87194e+06 201971 887881 984057 168450 33521
internal_count=2073909 1871938 201971 887881 984057 168450 33521
is_linear=0
shrinkage=0.00720685


Tree=119
num_leaves=8
num_cat=0
split_feature=1 25 9 17 25 7 6
split_gain=30.0232 14.368 7.57529 6.5525 6.11068 4.15407 2.74425
threshold=1.4056387543678286 -0.0026930572930723424 -1.9979136586189268 -0.67313396930694569 1.4654232859611513 -0.22666767239570615 1.8435525298118594
decision_type=2 10 8 2 10 2 10
left_child=1 3 6 -1 -3 -4 -2
right_child=2 4 5 -5 -6 -7 -8
leaf_value=1.8896025949105982e-05 -0.00018079580777462961 3.0690577705537819e-05 3.3943369241177269e-06 -2.5184169645092209e-05 -5.1434578107105931e-05 -9.0712345376718986e-05 -0.0004807401525559818
leaf_weight=242274 26919 980752 31306 632171 49428 109835 1683
leaf_count=242274 26919 980752 31306 632171 49428 109835 1683
internal_value=3.28286e-07 8.51338e-06 -9.15131e-05 -1.29713e-05 2.67501e-05 -6.98388e-05 -0.000198461
internal_weight=2.07437e+06 1.90462e+06 169743 874445 1.03018e+06 141141 28602
internal_count=2074368 1904625 169743 874445 1030180 141141 28602
is_linear=0
shrinkage=0.00720685


Tree=120
num_leaves=8
num_cat=0
split_feature=0 0 0 21 6 18 17
split_gain=33.9657 9.31006 8.6049 6.44738 3.85229 3.01701 1.66473
threshold=-0.83339819312095631 -4.0831270217895499 0.39345449209213262 inf 0.49644474685192114 1.6024404764175417 -0.0081491461023688299
decision_type=2 2 2 8 10 8 2
left_child=1 6 3 -2 -3 -4 -1
right_child=2 4 5 -5 -6 -7 -8
leaf_value=-0.00024516634933405079 -3.8376418283818213e-06 -3.6146085768063227e-05 3.0477815331771675e-05 0.00027556301356615091 -9.8762452812954654e-05 -9.3623028497601165e-05 -0.00010592092694494879
leaf_weight=19400 1066708 105900 763735 4306 98498 10311 5794
leaf_count=19400 1066708 105900 763735 4306 98498 10311 5794
internal_value=2.30622e-07 -8.24339e-05 1.05171e-05 -2.71405e-06 -6.63209e-05 2.88245e-05 -0.00021315
internal_weight=2.07465e+06 229592 1.84506e+06 1.07101e+06 204398 774046 25194
internal_count=2074652 229592 1845060 1071014 204398 774046 25194
is_linear=0
shrinkage=0.00720685


Tree=121
num_leaves=8
num_cat=0
split_feature=7 25 12 19 21 4 9
split_gain=17.8618 14.4806 12.0415 8.27307 7.58309 4.61125 3.21431
threshold=0.38497109711170202 0.079666625708341612 0.677332103252411 -0.17086265236139295 inf -1.3686259388923643 -3.7155882120132442
decision_type=2 10 10 8 8 10 8
left_child=1 3 5 -1 -3 -2 -4
right_child=2 4 6 -5 -6 -7 -8
leaf_value=1.3164865483303746e-05 -0.00011063594217062941 3.4188525599177007e-05 -0.00027944451326475909 -2.8635703842789579e-05 0.00075686957378212248 -9.0132266237302983e-06 -9.7948200758201585e-05
leaf_weight=488065 25556 700336 5315 495670 754 250577 108918
leaf_count=488065 25556 700336 5315 495670 754 250577 108918
internal_value=-2.37889e-07 9.93951e-06 -4.41637e-05 -7.89697e-06 3.49668e-05 -1.84188e-05 -0.000106395
internal_weight=2.07519e+06 1.68482e+06 390366 983735 701090 276133 114233
internal_count=2075191 1684825 390366 983735 701090 276133 114233
is_linear=0
shrinkage=0.00720685


Tree=122
num_leaves=8
num_cat=0
split_feature=0 25 0 6 21 9 3
split_gain=32.9855 12.6526 9.92339 7.05964 6.70932 3.99527 3.74398
threshold=-0.8722013235092162 0.12110790982842447 -2.9138352870941158 0.69357773661613475 inf -2.2465035915374751 1.3235926628112795
decision_type=2 10 2 8 8 8 10
left_child=2 3 5 -2 -3 -1 -4
right_child=1 4 6 -5 -6 -7 -8
leaf_value=-0.00029274081133889369 4.9402794078539891e-06 3.3576296802920015e-05 -4.2660821708746871e-05 -3.7085308680371338e-05 0.00062973034308021235 -0.00013819941972139052 -0.00013454621043956032
leaf_weight=11189 907425 675389 143676 269197 981 38898 27429
leaf_count=11189 907425 675389 143676 269197 981 38898 27429
internal_value=-3.26133e-07 9.60345e-06 -8.35091e-05 -4.67467e-06 3.44419e-05 -0.000172728 -5.73913e-05
internal_weight=2.07418e+06 1.85299e+06 221192 1.17662e+06 676370 50087 171105
internal_count=2074184 1852992 221192 1176622 676370 50087 171105
is_linear=0
shrinkage=0.00720685


Tree=123
num_leaves=8
num_cat=0
split_feature=0 25 2 0 9 25 6
split_gain=31.5887 13.9917 7.70792 7.10329 4.06974 2.40199 1.89485
threshold=-2.2670853137969966 0.041707912459969528 0.029882264323532585 -0.10173349082469939 -2.1169744729995723 0.0050277663394808778 1.2522296309471133
decision_type=2 10 2 2 8 8 10
left_child=4 3 -3 -2 6 -6 -1
right_child=1 2 -4 -5 5 -7 -8
leaf_value=-0.00021329639675328889 -4.4284726446477325e-05 3.0409887961607501e-06 4.4454555655503256e-05 -1.2424871893302676e-06 -0.00017502446479624332 -8.0438750225016257e-05 -0.00042786674206577851
leaf_weight=13304 266489 419943 525544 787975 22976 35487 2548
leaf_count=13304 266489 419943 525544 787975 22976 35487 2548
internal_value=5.0845e-07 5.92984e-06 2.60606e-05 -1.21204e-05 -0.000145389 -0.000117614 -0.000247811
internal_weight=2.07427e+06 1.99995e+06 945487 1.05446e+06 74315 58463 15852
internal_count=2074266 1999951 945487 1054464 74315 58463 15852
is_linear=0
shrinkage=0.00720685


Tree=124
num_leaves=8
num_cat=0
split_feature=1 25 1 25 12 3 9
split_gain=27.5688 13.4044 9.78325 6.30513 5.268 5.09218 3.88925
threshold=1.0470762252807619 -0.0052684410475194446 2.0856385231018071 -2.5756974220275874 0.50098839402198803 1.529840409755707 -3.7155882120132442
decision_type=2 10 2 8 8 10 8
left_child=1 3 5 -1 -3 -2 -4
right_child=2 4 6 -5 -6 -7 -8
leaf_value=8.8181147042990592e-05 -3.5468371251814135e-05 3.949861570024977e-05 -0.00036720197872113565 -1.4910941754168462e-05 2.4391843431313214e-06 -0.00015100723461165675 -0.00013750778489603511
leaf_weight=32083 221309 693860 4181 777823 279465 21760 45416
leaf_count=32083 221309 693860 4181 777823 279465 21760 45416
internal_value=1.94078e-07 1.08339e-05 -6.46347e-05 -1.0827e-05 2.8858e-05 -4.58123e-05 -0.000156878
internal_weight=2.0759e+06 1.78323e+06 292666 809906 973325 243069 49597
internal_count=2075897 1783231 292666 809906 973325 243069 49597
is_linear=0
shrinkage=0.00720685


Tree=125
num_leaves=8
num_cat=0
split_feature=0 6 19 7 23 6 7
split_gain=29.8777 13.0248 10.1332 7.35618 4.36995 2.33638 2.22663
threshold=-2.2670853137969966 0.63921567797660839 -0.17550805211067197 0.29135273396968847 -0.25644399225711817 1.1757692694664004 0.23493074625730517
decision_type=2 8 8 2 8 10 2
left_child=4 2 -2 -3 6 -6 -1
right_child=1 3 -4 -5 5 -7 -8
leaf_value=-0.00014578288129897844 3.4054956431581953e-05 -8.1551231813469915e-06 -3.7235863893027676e-06 -6.752361716756011e-05 -7.8042439814970612e-05 -0.00020203192939869974 -0.00028254351047204735
leaf_weight=11484 780661 366785 698898 153878 39992 9835 13408
leaf_count=11484 780661 366785 698898 153878 39992 9835 13408
internal_value=1.44245e-08 5.30005e-06 1.62095e-05 -2.57012e-05 -0.000141479 -0.00010252 -0.000219458
internal_weight=2.07494e+06 2.00022e+06 1.47956e+06 520663 74719 49827 24892
internal_count=2074941 2000222 1479559 520663 74719 49827 24892
is_linear=0
shrinkage=0.00720685


Tree=126
num_leaves=8
num_cat=0
split_feature=0 25 11 25 0 24 23
split_gain=30.543 13.3083 7.12083 6.6743 4.74784 3.43226 2.32052
threshold=-1.8474461436271665 -0.01048105815425515 1.1887991428375246 -3.2650512456893916 -4.5563533306121817 -2.6143565177917476 -0.062164934352040284
decision_type=2 8 10 10 2 2 8
left_child=4 3 -3 -2 6 -6 -1
right_child=1 2 -4 -5 5 -7 -8
leaf_value=-0.00032969999119317699 9.1405653478685779e-05 2.8310895108943501e-05 -3.56199609238143e-05 -1.8920983190064545e-05 0.0009288262660213613 -0.00010251743804237116 -0.0001604740463124572
leaf_weight=7286 29497 1021289 99286 825018 167 81757 9974
leaf_count=7286 29497 1021289 99286 825018 167 81757 9974
internal_value=1.12916e-07 6.31015e-06 2.26464e-05 -1.51125e-05 -0.000123294 -0.000100404 -0.000231925
internal_weight=2.07427e+06 1.97509e+06 1.12058e+06 854515 99184 81924 17260
internal_count=2074274 1975090 1120575 854515 99184 81924 17260
is_linear=0
shrinkage=0.00720685


Tree=127
num_leaves=8
num_cat=0
split_feature=0 19 0 0 6 23 23
split_gain=31.7792 9.09578 9.02717 7.21897 4.12432 3.85606 3.0619
threshold=-0.83339819312095631 -0.34907266497611994 -3.5989686250686641 0.52559703588485729 0.30955772101879125 0.06811497732996942 -0.250731810927391
decision_type=2 8 2 2 8 8 8
left_child=2 3 6 -2 -3 -4 -1
right_child=1 4 5 -5 -6 -7 -8
leaf_value=-0.00028653703412825628 1.3081736227493109e-05 7.7817892205134206e-06 -9.1641530011813652e-05 6.1233893101329411e-05 -2.060907325563297e-05 -2.7579176937261576e-05 -0.00014069946747679107
leaf_weight=11144 456293 715008 102915 250479 422968 92815 22739
leaf_count=11144 456293 715008 102915 250479 422968 92815 22739
internal_value=-1.10923e-07 9.84094e-06 -8.00656e-05 3.01469e-05 -2.77064e-06 -6.12636e-05 -0.000188672
internal_weight=2.07436e+06 1.84475e+06 229613 706772 1.13798e+06 195730 33883
internal_count=2074361 1844748 229613 706772 1137976 195730 33883
is_linear=0
shrinkage=0.00720685


Tree=128
num_leaves=8
num_cat=0
split_feature=1 9 7 15 21 7 23
split_gain=26.1409 7.87618 6.84632 8.48469 5.59441 4.46466 2.75258
threshold=1.2963340282440188 -1.9979136586189268 0.35957585275173193 -0.5771857202053069 inf -0.30061943829059595 0.10326413065195085
decision_type=2 8 2 2 8 2 10
left_child=2 6 4 -4 -1 -3 -2
right_child=1 5 3 -5 -6 -7 -8
leaf_value=1.5244554675996411e-05 -0.00023497172896569561 1.8633368124367106e-05 3.0326019690349344e-05 -4.557281772479096e-05 0.00031971081813321446 -7.5369410704407552e-05 -9.7350004341803441e-05
leaf_weight=1528197 19318 32402 115771 225509 3140 138018 12394
leaf_count=1528197 19318 32402 115771 225509 3140 138018 12394
internal_value=9.59132e-07 -7.69034e-05 9.36373e-06 -1.98259e-05 1.58691e-05 -5.74965e-05 -0.00018119
internal_weight=2.07475e+06 202132 1.87262e+06 341280 1.53134e+06 170420 31712
internal_count=2074749 202132 1872617 341280 1531337 170420 31712
is_linear=0
shrinkage=0.00720685


Tree=129
num_leaves=8
num_cat=0
split_feature=1 6 2 1 9 23 6
split_gain=26.0189 10.6652 6.77923 6.23946 6.1316 3.55625 2.52545
threshold=1.7783973813056948 0.53678333759307872 0.1365664601325989 0.70148879289627086 -3.3436529636383052 -0.63351574540138234 1.3175989985466006
decision_type=2 8 2 2 8 8 10
left_child=1 2 -1 -3 6 -6 -2
right_child=4 3 -4 -5 5 -7 -8
leaf_value=-2.9831181171155133e-07 -0.00025993161951337547 -5.9969609880259851e-06 3.1513849473744081e-05 -5.9404257243843979e-05 -0.00020788459235216214 -7.9611576122302338e-05 -0.00064491965764391554
leaf_weight=654954 7198 433313 742185 153992 13434 68297 1009
leaf_count=654954 7198 433313 742185 153992 13434 68297 1009
internal_value=3.34741e-07 5.7685e-06 1.66009e-05 -2.00005e-05 -0.000119557 -0.000100698 -0.000307335
internal_weight=2.07438e+06 1.98444e+06 1.39714e+06 587305 89938 81731 8207
internal_count=2074382 1984444 1397139 587305 89938 81731 8207
is_linear=0
shrinkage=0.00720685


Tree=130
num_leaves=8
num_cat=0
split_feature=0 25 0 25 2 23 23
split_gain=29.6371 12.4127 8.26501 6.22889 5.68526 3.93923 3.39826
threshold=-0.8722013235092162 -0.0079705063253641111 -2.6620422601699825 -2.5756974220275874 0.037256522104144103 0.3136585950851441 -0.25644399225711817
decision_type=2 10 2 8 2 8 8
left_child=2 3 6 -2 -3 -4 -1
right_child=1 4 5 -5 -6 -7 -8
leaf_value=-0.00023085343170853038 8.5313060715618163e-05 6.4442924729387515e-06 -7.9448212306106224e-05 -1.540963504760741e-05 4.0850300384536882e-05 -5.6728093816431404e-06 -0.0001139604223978964
leaf_weight=19346 33208 437271 103893 802565 580724 58904 38887
leaf_count=19346 33208 437271 103893 802565 580724 58904 38887
internal_value=-2.31232e-07 9.17408e-06 -7.9113e-05 -1.14075e-05 2.60715e-05 -5.27548e-05 -0.000152798
internal_weight=2.0748e+06 1.85377e+06 221030 835773 1.018e+06 162797 58233
internal_count=2074798 1853768 221030 835773 1017995 162797 58233
is_linear=0
shrinkage=0.00720685


Tree=131
num_leaves=8
num_cat=0
split_feature=2 6 23 7 7 23 9
split_gain=16.7046 9.72848 8.54891 6.6705 5.02343 4.45114 4.31971
threshold=-0.37599356472492212 0.34836004674434667 -0.25644399225711817 0.33504176139831549 -0.17117118090391156 -0.78240451216697682 -1.5234258770942686
decision_type=2 8 8 2 2 10 10
left_child=2 6 3 -1 -4 -3 -2
right_child=1 5 4 -5 -6 -7 -8
leaf_value=-3.7689759759755324e-05 -4.0302885995712528e-05 -6.1733133962285085e-05 4.7215429093070308e-05 -0.00012118251443522469 -2.4242217676226605e-05 -3.5241877403215846e-06 2.9274374943107613e-05
leaf_weight=129831 48722 80847 62251 80526 285145 437232 949879
leaf_count=129831 48722 80847 62251 80526 285145 437232 949879
internal_value=3.30856e-07 1.27327e-05 -3.33931e-05 -6.96518e-05 -1.14373e-05 -1.26079e-05 2.58796e-05
internal_weight=2.07443e+06 1.51668e+06 557753 210357 347396 518079 998601
internal_count=2074433 1516680 557753 210357 347396 518079 998601
is_linear=0
shrinkage=0.00720685


Tree=132
num_leaves=8
num_cat=0
split_feature=7 25 12 25 4 15 11
split_gain=16.4034 12.8031 11.2309 7.34404 4.89762 4.71183 3.63266
threshold=0.36784192919731146 0.088400866836309447 0.677332103252411 1.4654232859611513 -1.3945544958114622 0.5946001708507539 1.145570755004883
decision_type=2 10 10 10 10 2 10
left_child=1 5 4 -3 -2 -1 -4
right_child=2 3 6 -5 -6 -7 -8
leaf_value=-1.5915496323716378e-05 -0.00011405029593056439 3.9896423749511648e-05 -8.1439086404351329e-05 -5.7594821858705987e-05 -8.2768385145254296e-06 2.0600365754608562e-05 -0.00018307820006606003
leaf_weight=752478 24886 630161 95339 42861 263132 242739 22593
leaf_count=752478 24886 630161 95339 42861 263132 242739 22593
internal_value=-5.88263e-07 9.40933e-06 -4.1673e-05 3.36876e-05 -1.74166e-05 -7.00904e-06 -0.000100912
internal_weight=2.07419e+06 1.66824e+06 405950 673022 288018 995217 117932
internal_count=2074189 1668239 405950 673022 288018 995217 117932
is_linear=0
shrinkage=0.00720685


Tree=133
num_leaves=8
num_cat=0
split_feature=6 25 7 25 21 4 25
split_gain=16.3878 10.955 9.00426 6.56947 5.21182 5.07534 4.92494
threshold=0.59713104367256176 0.079666625708341612 0.30517032742500311 -2.5756974220275874 inf -1.3945544958114622 2.1917306184768681
decision_type=8 10 2 8 8 10 10
left_child=1 3 4 -1 -2 -4 -3
right_child=2 6 5 -5 -6 -7 -8
leaf_value=0.00011304462688044371 -1.6526906353372261e-05 3.9250290599660924e-05 -0.00014900523618383002 -7.6192690527505364e-06 0.00030753587159102315 -5.5405140544339779e-05 -7.1277160441293079e-05
leaf_weight=24104 409927 599170 38871 843281 2593 133184 21696
leaf_count=24104 409927 599170 38871 843281 2593 133184 21696
internal_value=-4.2334e-07 1.22767e-05 -3.2756e-05 -4.26596e-06 -1.44892e-05 -7.65523e-05 3.53878e-05
internal_weight=2.07283e+06 1.48825e+06 584575 867385 412520 172055 620866
internal_count=2072826 1488251 584575 867385 412520 172055 620866
is_linear=0
shrinkage=0.00720685


Tree=134
num_leaves=8
num_cat=0
split_feature=1 25 25 8 2 1 23
split_gain=26.2212 13.4324 6.46233 5.90699 5.10087 2.70491 1.88793
threshold=1.7285958528518679 0.054591665044426925 1.4654232859611513 -0.83347076177597035 -1.3256374597549436 2.2602206468582158 -0.93735036253929127
decision_type=2 10 10 8 2 2 8
left_child=1 3 -3 -1 5 -2 -6
right_child=4 2 -4 -5 6 -7 -8
leaf_value=-5.7428909138567827e-05 -0.00012640753465812451 3.1817852425801017e-05 -5.0833574262860896e-05 -4.6279264693322279e-06 -0.0002068231521430188 -0.00024656732046686295 -5.8855582750707436e-05
leaf_weight=124397 23236 845762 52163 953840 4885 16747 53775
leaf_count=124397 23236 845762 52163 953840 4885 16747 53775
internal_value=7.02618e-07 6.42673e-06 2.70163e-05 -1.07197e-05 -0.00011397 -0.000176742 -7.11814e-05
internal_weight=2.0748e+06 1.97616e+06 897925 1.07824e+06 98643 39983 58660
internal_count=2074805 1976162 897925 1078237 98643 39983 58660
is_linear=0
shrinkage=0.00720685


Tree=135
num_leaves=8
num_cat=0
split_feature=1 25 9 25 21 6 1
split_gain=25.1487 12.5084 7.14334 6.43769 6.13451 4.22789 2.60974
threshold=1.348747253417969 0.0075777114834636458 -1.8047696352005003 -3.2650512456893916 inf 0.88054722547531139 1.9463691711425783
decision_type=2 10 8 8 8 10 2
left_child=1 3 6 -1 -3 -4 -2
right_child=2 4 5 -5 -6 -7 -8
leaf_value=9.6658695533846469e-05 -0.00011484069003471462 2.4640547058490231e-05 -3.1533198830091712e-05 -1.5195456098029027e-05 0.00045405284496186706 -0.00011201234101899986 -0.00024035019895573143
leaf_weight=27572 18408 989990 100350 868921 1730 51204 16164
leaf_count=27572 18408 989990 100350 868921 1730 51204 16164
internal_value=-1.24369e-07 7.75409e-06 -8.00496e-05 -1.17552e-05 2.53901e-05 -5.87246e-05 -0.000173528
internal_weight=2.07434e+06 1.88821e+06 186126 896493 991720 151554 34572
internal_count=2074339 1888213 186126 896493 991720 151554 34572
is_linear=0
shrinkage=0.00720685


Tree=136
num_leaves=8
num_cat=0
split_feature=0 25 25 3 0 24 23
split_gain=28.6458 12.1087 7.22607 7.16731 4.71543 3.47994 2.41141
threshold=-1.9680593609809873 0.12110790982842447 1.4654232859611513 1.1926521658897402 -4.5563533306121817 -2.6143565177917476 -0.062164934352040284
decision_type=2 10 8 8 2 2 8
left_child=4 3 -3 -2 6 -6 -1
right_child=1 2 -4 -5 5 -7 -8
leaf_value=-0.00033329856505015802 -1.7422440745438966e-06 3.584681273586075e-05 -5.207023273781665e-05 -5.8846621833222581e-05 0.00098981248990677255 -0.00010198454395751027 -0.00016011925803331037
leaf_weight=7161 1133223 671539 52340 126946 151 73635 10028
leaf_count=7161 1133223 671539 52340 126946 151 73635 10028
internal_value=2.65084e-07 5.99901e-06 2.94899e-05 -7.49484e-06 -0.000124783 -9.97372e-05 -0.000232282
internal_weight=2.07502e+06 1.98405e+06 723879 1.26017e+06 90975 73786 17189
internal_count=2075023 1984048 723879 1260169 90975 73786 17189
is_linear=0
shrinkage=0.00720685


Tree=137
num_leaves=8
num_cat=0
split_feature=6 19 7 15 23 25 8
split_gain=15.8787 10.5698 9.78035 9.48863 6.22807 5.83644 5.47132
threshold=0.62831872701644909 -0.34907266497611994 0.29135273396968847 0.18201529979705813 -0.15099659562110898 -0.018086218275129792 0.23470707237720492
decision_type=8 8 2 2 10 8 10
left_child=1 6 3 -2 -4 -3 -1
right_child=2 5 4 -5 -6 -7 -8
leaf_value=2.3324455841407825e-05 -4.1071752545302516e-05 -2.4146206145351995e-05 -0.00012425252709072625 3.1943710851485479e-05 -3.7253265101344215e-05 1.2337636353698343e-05 7.4147575349086536e-05
leaf_weight=427487 238942 389756 80604 150769 90978 547858 148144
leaf_count=427487 238942 389756 80604 150769 90978 547858 148144
internal_value=-4.75354e-08 1.20956e-05 -3.27855e-05 -1.28239e-05 -7.81235e-05 -2.82828e-06 3.64044e-05
internal_weight=2.07454e+06 1.51324e+06 561293 389711 171582 937614 575631
internal_count=2074538 1513245 561293 389711 171582 937614 575631
is_linear=0
shrinkage=0.00720685


Tree=138
num_leaves=8
num_cat=0
split_feature=0 25 11 3 0 17 23
split_gain=28.0853 12.2757 7.18864 5.91113 4.51063 3.56308 1.86592
threshold=-1.9680593609809873 0.0050277663394808778 1.2681584358215334 1.1926521658897402 -4.5563533306121817 0.089385271072387709 -0.011381116695702074
decision_type=2 10 10 8 2 2 8
left_child=4 3 -3 -2 6 -6 -1
right_child=1 2 -4 -5 5 -7 -8
leaf_value=-0.00031285285933651348 -7.0602070424449376e-06 2.7939365777468953e-05 -4.5676004856030889e-05 -6.6683207800517989e-05 -0.00012758369117977622 -1.0790592237222969e-05 -0.00016181397079381913
leaf_weight=7630 840582 972701 74148 96253 55829 17923 9596
leaf_count=7630 840582 972701 74148 96253 55829 17923 9596
internal_value=8.66519e-08 5.76531e-06 2.27252e-05 -1.31861e-05 -0.000123729 -9.92018e-05 -0.000228729
internal_weight=2.07466e+06 1.98368e+06 1.04685e+06 936835 90978 73752 17226
internal_count=2074662 1983684 1046849 936835 90978 73752 17226
is_linear=0
shrinkage=0.00720685


Tree=139
num_leaves=8
num_cat=0
split_feature=0 25 25 3 9 17 5
split_gain=28.4441 12.3231 7.73745 7.39945 4.83384 2.68471 1.74115
threshold=-1.9680593609809873 0.12110790982842447 1.4654232859611513 1.1926521658897402 -1.8945105075836179 0.21151360124349597 -1.9010044932365415
decision_type=2 10 10 8 8 2 10
left_child=4 3 -3 -2 6 -6 -1
right_child=1 2 -4 -5 5 -7 -8
leaf_value=-0.00037442788491696109 -2.3075309435497655e-06 3.5756576218105241e-05 -5.5067914308525456e-05 -6.0391450489786152e-05 -0.00011754745406016449 -3.1820824038026046e-06 -0.00019282490997215546
leaf_weight=3249 1133487 671360 52528 126641 57045 13112 17618
leaf_count=3249 1133487 671360 52528 126641 57045 13112 17618
internal_value=-2.46955e-07 5.46829e-06 2.91659e-05 -8.14494e-06 -0.000124819 -9.61738e-05 -0.000221117
internal_weight=2.07504e+06 1.98402e+06 723888 1.26013e+06 91024 70157 20867
internal_count=2075040 1984016 723888 1260128 91024 70157 20867
is_linear=0
shrinkage=0.00720685


Tree=140
num_leaves=8
num_cat=0
split_feature=0 25 0 21 25 4 5
split_gain=29.0604 10.1226 7.96337 7.71252 5.58942 3.89635 2.2533
threshold=-0.8722013235092162 0.12110790982842447 -3.5989686250686641 inf -3.2650512456893916 1.2850726842880251 -2.5353471040725704
decision_type=2 10 2 8 8 8 8
left_child=2 4 6 -3 -2 -4 -1
right_child=1 3 5 -5 -6 -7 -8
leaf_value=-0.00031930802526991265 0.00010114791504279903 3.13040015449737e-05 -6.9178911270312797e-05 0.00066438866778034341 -5.1323190445176913e-06 4.7527035561205254e-05 -0.00015445386721042853
leaf_weight=5064 26288 675061 170671 1000 1149491 16274 28817
leaf_count=5064 26288 675061 170671 1000 1149491 16274 28817
internal_value=7.01957e-07 1.00207e-05 -7.74441e-05 3.22414e-05 -2.75601e-06 -5.90191e-05 -0.000179103
internal_weight=2.07267e+06 1.85184e+06 220826 676061 1.17578e+06 186945 33881
internal_count=2072666 1851840 220826 676061 1175779 186945 33881
is_linear=0
shrinkage=0.00720685


Tree=141
num_leaves=8
num_cat=0
split_feature=0 0 0 6 23 2 23
split_gain=27.8424 8.32633 8.19282 6.93836 4.24477 3.62552 2.25612
threshold=-0.83339819312095631 0.48488624393939977 -4.0831270217895499 0.63921567797660839 -0.25644399225711817 0.1365664601325989 -0.0056199422106146804
decision_type=2 2 2 8 8 2 8
left_child=2 3 6 -2 -4 -3 -1
right_child=1 5 4 -5 -6 -7 -8
leaf_value=-0.00027237762595540331 9.5695658951114283e-06 9.3662663987689415e-06 -0.00010420861727840739 -2.8630149304290565e-05 -3.5239332722683795e-05 4.5114955701444851e-05 -0.0001354270756937968
leaf_weight=11325 881748 240510 71106 343038 133122 380401 13946
leaf_count=11325 881748 240510 71106 343038 133122 380401 13946
internal_value=4.60814e-07 9.76933e-06 -7.44006e-05 -1.1294e-06 -5.92528e-05 3.12678e-05 -0.000196809
internal_weight=2.0752e+06 1.8457e+06 229499 1.22479e+06 204228 620911 25271
internal_count=2075196 1845697 229499 1224786 204228 620911 25271
is_linear=0
shrinkage=0.00720685


Tree=142
num_leaves=8
num_cat=0
split_feature=1 25 25 7 2 1 25
split_gain=25.497 12.0379 7.31209 6.93453 4.78499 1.94203 1.79684
threshold=1.7285958528518679 0.11804664134979249 1.4654232859611513 0.053675528615713126 -1.3256374597549436 2.524811983108521 -0.031883209943771355
decision_type=2 10 8 2 2 2 8
left_child=1 3 -3 -1 5 -2 -6
right_child=4 2 -4 -5 6 -7 -8
leaf_value=5.6148833431422783e-06 -0.00014687620326424075 3.5164624339479778e-05 -5.3298551150902888e-05 -2.9209604155872555e-05 -0.00012528554005757745 -0.00026686672862551435 -4.1877180428617873e-05
leaf_weight=758622 30855 677835 52271 488049 20898 9067 37468
leaf_count=758622 30855 677835 52271 488049 20898 9067 37468
internal_value=-4.13394e-08 5.59174e-06 2.88311e-05 -8.01826e-06 -0.000113334 -0.000174135 -7.17436e-05
internal_weight=2.07506e+06 1.97678e+06 730106 1.24667e+06 98288 39922 58366
internal_count=2075065 1976777 730106 1246671 98288 39922 58366
is_linear=0
shrinkage=0.00720685


Tree=143
num_leaves=8
num_cat=0
split_feature=6 19 13 15 15 21 9
split_gain=16.1849 9.27759 6.958 5.77245 4.45245 2.79656 2.09573
threshold=0.49644474685192114 -0.17550805211067197 -2.6438746452331539 0.18201529979705813 -0.89351850748062123 inf -1.3144359588623045
decision_type=8 8 8 2 2 8 8
left_child=1 4 6 -4 -1 -3 -2
right_child=2 5 3 -5 -6 -7 -8
leaf_value=8.2389105320891643e-05 -0.00023987509268975999 -6.3855273373582056e-06 -4.0338310533597364e-05 5.3027433498794799e-06 2.4980525110029903e-05 0.00051344706744187239 -0.00010163988590214428
leaf_weight=78501 7639 668247 416439 219938 660978 537 22409
leaf_count=78501 7639 668247 416439 219938 660978 537 22409
internal_value=-3.63504e-07 1.34836e-05 -2.96246e-05 -2.45643e-05 3.1075e-05 -5.96736e-06 -0.00013679
internal_weight=2.07469e+06 1.40826e+06 666425 636377 739479 668784 30048
internal_count=2074688 1408263 666425 636377 739479 668784 30048
is_linear=0
shrinkage=0.00720685


Tree=144
num_leaves=8
num_cat=0
split_feature=4 25 25 17 21 8 8
split_gain=13.1329 11.2073 7.23486 6.97986 5.87636 4.64643 2.77256
threshold=-1.2223077416419981 0.079666625708341612 1.4654232859611513 -0.60521396994590748 -1.6352676749229429 1.5871651172637942 0.48073868453502661
decision_type=8 10 10 2 10 8 10
left_child=4 3 -3 -2 6 -6 -1
right_child=1 2 -4 -5 5 -7 -8
leaf_value=2.5456115723346001e-05 1.905291880013577e-05 3.1920577377408036e-05 -5.7695020077499724e-05 -2.0870339621555595e-05 -7.4958558684353889e-05 5.8250211151042499e-05 0.00050558371211430089
leaf_weight=1148 321195 745147 49924 779293 161961 14846 1370
leaf_count=1148 321195 745147 49924 779293 161961 14846 1370
internal_value=1.00019e-07 5.67679e-06 2.62934e-05 -9.21807e-06 -5.8849e-05 -6.3773e-05 0.000286787
internal_weight=2.07488e+06 1.89556e+06 795071 1.10049e+06 179325 176807 2518
internal_count=2074884 1895559 795071 1100488 179325 176807 2518
is_linear=0
shrinkage=0.00720685


Tree=145
num_leaves=8
num_cat=0
split_feature=3 19 9 25 9 21 23
split_gain=14.7715 11.4913 7.34778 7.26144 5.39144 3.9321 1.93228
threshold=1.1926521658897402 -0.34907266497611994 -2.2465035915374751 -0.01048105815425515 -1.8047696352005003 inf -0.011381116695702074
decision_type=8 8 10 8 10 8 10
left_child=1 4 6 -3 -1 -4 -2
right_child=2 3 5 -5 -6 -7 -8
leaf_value=-4.8499196397349051e-05 -0.00028101963674634036 -2.9037125685925775e-05 -4.9787658589185638e-05 7.5755977098492056e-06 3.3865866322259788e-05 0.00022511757071141874 -0.00010565623836107479
leaf_weight=43996 8880 491395 197179 658216 667693 2739 5163
leaf_count=43996 8880 491395 197179 658216 667693 2739 5163
internal_value=-5.03931e-07 6.01507e-06 -5.72142e-05 -8.0743e-06 2.8774e-05 -4.60201e-05 -0.000216559
internal_weight=2.07526e+06 1.8613e+06 213961 1.14961e+06 711689 199918 14043
internal_count=2075261 1861300 213961 1149611 711689 199918 14043
is_linear=0
shrinkage=0.00720685


Tree=146
num_leaves=8
num_cat=0
split_feature=0 25 0 19 25 25 17
split_gain=25.4007 10.0633 7.93069 6.80645 5.59967 4.99793 2.18282
threshold=-0.69907149672508229 0.12110790982842447 -3.5989686250686641 -0.38782370090484614 1.4654232859611513 0.041707912459969528 0.0087479129433631914
decision_type=2 10 2 8 8 8 2
left_child=2 3 6 -2 -3 -4 -1
right_child=1 4 5 -5 -6 -7 -8
leaf_value=-0.00020057695627348325 2.1798042720398376e-05 3.8141979580588099e-05 -8.6665819430331069e-05 -1.5324522203033193e-05 -4.4402315318090885e-05 -1.9195191397064303e-05 -6.4071860822708285e-05
leaf_weight=25982 385997 614988 106535 764808 45868 122700 7947
leaf_count=25982 385997 614988 106535 764808 45868 122700 7947
internal_value=3.87809e-07 9.99847e-06 -6.57732e-05 -2.87304e-06 3.24127e-05 -5.05519e-05 -0.000168608
internal_weight=2.07482e+06 1.81166e+06 263164 1.1508e+06 660856 229235 33929
internal_count=2074825 1811661 263164 1150805 660856 229235 33929
is_linear=0
shrinkage=0.00720685


Tree=147
num_leaves=8
num_cat=0
split_feature=0 25 12 9 17 0 0
split_gain=25.9424 11.4347 6.33905 6.11072 5.97154 2.75902 2.16676
threshold=-1.3879587054252622 -0.0079705063253641111 0.49257694184780126 -1.229097783565521 -0.51499199867248524 -4.5563533306121817 -5.003096103668212
decision_type=2 8 8 8 2 2 2
left_child=3 4 -3 6 -2 -5 -1
right_child=1 2 -4 5 -6 -7 -8
leaf_value=-0.00032271095753713154 1.16754632753426e-05 3.3607645112901167e-05 -4.1343163927507131e-06 -0.00017802327426128694 -2.7952801679284595e-05 -4.9927132341347535e-05 -0.00014910525881228542
leaf_weight=4122 313893 755325 333049 9710 532618 86778 39709
leaf_count=4122 313893 755325 333049 9710 532618 86778 39709
internal_value=-2.54673e-07 6.60733e-06 2.20584e-05 -9.48757e-05 -1.32583e-05 -6.28199e-05 -0.000165439
internal_weight=2.0752e+06 1.93488e+06 1.08837e+06 140319 846511 96488 43831
internal_count=2075204 1934885 1088374 140319 846511 96488 43831
is_linear=0
shrinkage=0.00720685


Tree=148
num_leaves=8
num_cat=0
split_feature=6 2 21 15 8 15 23
split_gain=15.6225 9.05921 6.7836 7.3859 6.70964 5.72889 5.26611
threshold=0.61786460876464855 0.050985213369131095 inf 0.17177433520555499 0.57644659280776989 0.56446573138237011 0.15679063647985461
decision_type=8 2 8 2 10 2 10
left_child=1 6 3 -2 -4 -3 -1
right_child=2 5 4 -5 -6 -7 -8
leaf_value=-2.2515079606033517e-05 -5.4391526383472727e-05 1.689923131699235e-05 1.4859281870478143e-05 -1.0824262395385634e-07 0.00062790592740684598 6.1880050091406091e-05 2.2051692069167012e-05
leaf_weight=450550 363136 667447 2229 202941 1587 188626 198323
leaf_count=450550 363136 667447 2229 202941 1587 188626 198323
internal_value=-7.5305e-07 1.14162e-05 -3.28891e-05 -3.49308e-05 0.000269912 2.68103e-05 -8.89354e-06
internal_weight=2.07484e+06 1.50495e+06 569893 566077 3816 856073 648873
internal_count=2074839 1504946 569893 566077 3816 856073 648873
is_linear=0
shrinkage=0.00720685


Tree=149
num_leaves=8
num_cat=0
split_feature=7 12 19 21 15 2 3
split_gain=15.4275 11.5048 10.8508 6.93946 4.46765 4.22402 4.13312
threshold=0.29806232452392584 0.677332103252411 -0.17550805211067197 inf -0.8585045039653777 0.072842668741941466 1.3903185725212099
decision_type=2 10 8 8 2 2 10
left_child=2 4 5 -4 -2 -1 -3
right_child=1 6 3 -5 -6 -7 -8
leaf_value=9.2810060263617519e-06 3.7294239283786666e-05 -7.2653115701562071e-05 -9.9622082365607179e-06 0.00033242439840186348 -2.6779937946551155e-05 4.248760502213065e-05 -0.00017430798490984846
leaf_weight=334523 71322 110913 766265 3086 272324 490982 25562
leaf_count=334523 71322 110913 766265 3086 272324 490982 25562
internal_value=1.01629e-07 -3.57139e-05 1.08837e-05 -8.5884e-06 -1.34815e-05 2.90312e-05 -9.16945e-05
internal_weight=2.07498e+06 480121 1.59486e+06 769351 343646 825505 136475
internal_count=2074977 480121 1594856 769351 343646 825505 136475
is_linear=0
shrinkage=0.00720685


Tree=150
num_leaves=8
num_cat=0
split_feature=1 19 8 21 9 4 3
split_gain=22.0075 9.78504 8.29746 6.39202 6.19717 4.76663 2.20138
threshold=1.2428570389747622 -0.39267207682132715 0.36919231712818151 inf -1.9979136586189268 0.11719217523932458 1.4137254953384402
decision_type=2 8 10 8 8 8 10
left_child=1 2 -1 -3 6 -6 -2
right_child=4 3 -4 -5 5 -7 -8
leaf_value=1.7106836883142709e-05 -0.00013739334659792723 -5.473614060802148e-06 8.0781635153439634e-05 0.000273243632136974 -7.4531115131413865e-05 7.9804751096114717e-06 -0.0003165017669756527
leaf_weight=516650 29251 1200157 133824 4288 136020 49632 4059
leaf_count=516650 29251 1200157 133824 4288 136020 49632 4059
internal_value=-3.82899e-07 7.68314e-06 3.0207e-05 -4.48111e-06 -6.87136e-05 -5.24725e-05 -0.000159228
internal_weight=2.07388e+06 1.85492e+06 650474 1.20444e+06 218962 185652 33310
internal_count=2073881 1854919 650474 1204445 218962 185652 33310
is_linear=0
shrinkage=0.00720685


Tree=151
num_leaves=8
num_cat=0
split_feature=1 11 9 12 7 7 23
split_gain=22.2475 8.12132 6.58109 6.48059 3.66395 3.2824 1.95345
threshold=1.4945768713951113 1.217710077762604 -3.3436529636383052 0.44311185181140905 -0.30061943829059595 0.31940108537673956 0.13585152477025988
decision_type=2 10 8 8 2 2 10
left_child=1 3 6 -1 -4 -3 -2
right_child=2 5 4 -5 -6 -7 -8
leaf_value=2.0450621513223247e-05 -0.00033342699667090136 -2.1591200168533631e-05 1.1988475192655923e-05 -8.9688875993731386e-06 -8.8613846571744862e-05 -9.3233207991686326e-05 -0.00013195096123253328
leaf_weight=1191867 6667 111267 22515 577247 114023 47352 4002
leaf_count=1191867 6667 111267 22515 577247 114023 47352 4002
internal_value=-9.91921e-08 6.42195e-06 -8.54958e-05 1.08513e-05 -7.20245e-05 -4.29788e-05 -0.000257873
internal_weight=2.07494e+06 1.92773e+06 147207 1.76911e+06 136538 158619 10669
internal_count=2074940 1927733 147207 1769114 136538 158619 10669
is_linear=0
shrinkage=0.00720685


Tree=152
num_leaves=8
num_cat=0
split_feature=0 25 0 25 21 23 9
split_gain=25.2442 9.92362 9.39134 6.34256 5.26644 4.64198 2.79564
threshold=-0.51941031217575062 -0.0026930572930723424 -2.6620422601699825 -3.2650512456893916 inf 0.44310587644577032 -4.1378033161163321
decision_type=2 10 2 8 8 8 8
left_child=2 3 6 -2 -3 -4 -1
right_child=1 4 5 -5 -6 -7 -8
leaf_value=-0.00037510064131365101 0.00010815465618903449 2.5759550348597192e-05 -6.0634759491095234e-05 -1.1430001658592325e-05 0.00041170244850142118 4.9777337741309332e-06 -0.0001309460935666554
leaf_weight=2547 23737 950821 181689 778851 1839 80958 55571
leaf_count=2547 23737 950821 181689 778851 1839 80958 55571
internal_value=3.31988e-08 1.07765e-05 -5.87544e-05 -7.89306e-06 2.6505e-05 -4.04104e-05 -0.000141652
internal_weight=2.07601e+06 1.75525e+06 320765 802588 952660 262647 58118
internal_count=2076013 1755248 320765 802588 952660 262647 58118
is_linear=0
shrinkage=0.00720685


Tree=153
num_leaves=8
num_cat=0
split_feature=0 25 0 25 11 9 25
split_gain=26.3784 10.5825 7.77286 6.70421 5.04305 3.23737 3.08787
threshold=-0.8722013235092162 -0.0052684410475194446 -2.9138352870941158 -3.2650512456893916 1.1887991428375246 -3.3436529636383052 0.039115149527788169
decision_type=2 10 2 8 10 8 8
left_child=2 3 5 -2 -3 -1 -4
right_child=1 4 6 -5 -6 -7 -8
leaf_value=-0.00031324996799200782 0.0001026923735258916 2.8717467951768047e-05 -8.5338809436948161e-05 -1.4377132609972646e-05 -2.9200039460974532e-05 -0.00013313859007274789 -2.3860315908317865e-05
leaf_weight=5875 26221 925891 78512 817323 85275 44034 92343
leaf_count=5875 26221 925891 78512 817323 85275 44034 92343
internal_value=-7.54427e-07 8.10973e-06 -7.52249e-05 -1.0738e-05 2.3833e-05 -0.000154346 -5.21116e-05
internal_weight=2.07547e+06 1.85471e+06 220764 843544 1.01117e+06 49909 170855
internal_count=2075474 1854710 220764 843544 1011166 49909 170855
is_linear=0
shrinkage=0.00720685


Tree=154
num_leaves=8
num_cat=0
split_feature=1 25 12 17 2 1 25
split_gain=21.0397 10.7668 6.78993 6.27858 4.34484 2.1273 1.54847
threshold=1.7783973813056948 -0.01048105815425515 0.45152594149112707 -0.58055344223976124 -1.3673813939094541 2.2602206468582158 0.054591665044426925
decision_type=2 10 8 2 2 2 8
left_child=1 3 -3 -1 5 -2 -6
right_child=4 2 -4 -5 6 -7 -8
leaf_value=1.4223280085197383e-05 -0.00011815748266036899 3.3251726436153233e-05 -4.9785229422067161e-06 -2.6455041567220281e-05 -0.00010683441879112039 -0.00022887442596945839 -2.9320317502053566e-05
leaf_weight=294062 20149 734967 359224 597496 25273 16317 28461
leaf_count=294062 20149 734967 359224 597496 25273 16317 28461
internal_value=6.62772e-07 5.55269e-06 2.07007e-05 -1.30381e-05 -0.000106987 -0.000167704 -6.57797e-05
internal_weight=2.07595e+06 1.98575e+06 1.09419e+06 891558 90200 36466 53734
internal_count=2075949 1985749 1094191 891558 90200 36466 53734
is_linear=0
shrinkage=0.00720685


Tree=155
num_leaves=8
num_cat=0
split_feature=0 0 21 0 9 15 3
split_gain=22.5551 7.49315 7.76884 6.71178 3.66641 3.05384 2.33428
threshold=-0.8722013235092162 0.46039521694183355 inf -2.6620422601699825 -3.0580929517745967 0.8958086669445039 1.1751835346221926
decision_type=2 2 8 2 8 2 8
left_child=3 2 -2 4 -1 -3 -5
right_child=1 5 -4 6 -6 -7 -8
leaf_value=-0.00027880093642406383 -3.0553024595381907e-06 2.1203186560483265e-05 0.00030154454644420152 -3.0218252171607727e-05 -0.00011187644481936758 6.2092423742485681e-05 -9.6843970962610696e-05
leaf_weight=7908 1188961 547122 4364 128239 50341 114769 34704
leaf_count=7908 1188961 547122 4364 128239 50341 114769 34704
internal_value=6.4407e-07 8.84571e-06 -1.94112e-06 -6.81456e-05 -0.000134543 2.82933e-05 -4.4409e-05
internal_weight=2.07641e+06 1.85522e+06 1.19332e+06 221192 58249 661891 162943
internal_count=2076408 1855216 1193325 221192 58249 661891 162943
is_linear=0
shrinkage=0.00720685


Tree=156
num_leaves=8
num_cat=0
split_feature=7 19 4 21 8 25 9
split_gain=14.7012 9.8417 8.73183 6.99599 5.29957 5.28933 1.39243
threshold=0.28465916216373449 -0.34462994337081904 -1.3945544958114622 inf 0.23470707237720492 -0.068039000034332262 -1.8945105075836179
decision_type=2 8 10 8 10 10 8
left_child=1 4 6 -3 -1 -4 -2
right_child=2 3 5 -5 -6 -7 -8
leaf_value=2.1095510661086537e-05 -0.00022220194925116294 -5.2320796229456651e-06 -5.7305846389050935e-05 0.00034166326599618105 7.1685389981217487e-05 -5.6023421493433152e-06 -0.00010848235332209903
leaf_weight=460603 6346 974041 161975 3028 140311 281136 47148
leaf_count=460603 6346 974041 161975 3028 140311 281136 47148
internal_value=-8.04374e-07 9.95804e-06 -3.50024e-05 -4.15667e-06 3.29082e-05 -2.45022e-05 -0.000121977
internal_weight=2.07459e+06 1.57798e+06 496605 977069 600914 443111 53494
internal_count=2074588 1577983 496605 977069 600914 443111 53494
is_linear=0
shrinkage=0.00720685


Tree=157
num_leaves=8
num_cat=0
split_feature=1 6 2 1 9 24 6
split_gain=20.5592 9.8379 6.17678 5.23342 4.9937 3.2965 1.91382
threshold=1.7285958528518679 0.53678333759307872 0.14347952604293826 -0.0099875451996922476 -3.0580929517745967 -2.6143565177917476 1.2522296309471133
decision_type=2 8 2 2 8 2 10
left_child=1 2 -1 -3 6 -6 -2
right_child=4 3 -4 -5 5 -7 -8
leaf_value=-6.0536156675993486e-07 -0.00021084245346245114 4.0617666819983566e-06 2.9811671906989543e-05 -3.9293768198702937e-05 0.00079725334128648328 -8.6150789819151047e-05 -0.0004896221801066542
leaf_weight=657081 8898 262826 734198 321485 219 88138 1494
leaf_count=657081 8898 262826 734198 321485 219 88138 1494
internal_value=-4.87257e-08 5.02384e-06 1.54461e-05 -1.97922e-05 -0.000101531 -8.39524e-05 -0.000250964
internal_weight=2.07434e+06 1.97559e+06 1.39128e+06 584311 98749 88357 10392
internal_count=2074339 1975590 1391279 584311 98749 88357 10392
is_linear=0
shrinkage=0.00720685


Tree=158
num_leaves=8
num_cat=0
split_feature=0 25 25 17 23 6 0
split_gain=22.9864 10.9879 6.58939 5.73829 4.19792 2.55941 2.49559
threshold=-2.1123412847518916 0.0075777114834636458 1.4654232859611513 -0.58055344223976124 -0.24508529156446454 1.1757692694664004 -4.5563533306121817
decision_type=2 10 8 2 8 10 2
left_child=4 3 -3 -2 6 -6 -1
right_child=1 2 -4 -5 5 -7 -8
leaf_value=-0.00032496875320110746 1.2306162143665128e-05 2.488830050793586e-05 -5.7566617008106023e-05 -2.5507814455793933e-05 -5.6750705642825344e-05 -0.00018067500833908367 -0.00015564352657061747
leaf_weight=5668 309113 990163 53034 639944 43637 10798 22359
leaf_count=5668 309113 990163 53034 639944 43637 10798 22359
internal_value=-3.27373e-07 4.55305e-06 2.06964e-05 -1.31916e-05 -0.000118236 -8.13361e-05 -0.000189897
internal_weight=2.07472e+06 1.99225e+06 1.0432e+06 949057 82462 54435 28027
internal_count=2074716 1992254 1043197 949057 82462 54435 28027
is_linear=0
shrinkage=0.00720685


Tree=159
num_leaves=8
num_cat=0
split_feature=1 1 2 15 23 23 2
split_gain=20.8031 8.29616 5.89782 8.95521 5.21661 5.03072 4.08887
threshold=0.90232884883880626 1.9463691711425783 0.17139591276645663 0.22398630529642108 0.021680600009858612 -0.10342041775584219 -1.3256374597549436
decision_type=2 2 2 2 8 8 2
left_child=2 4 5 -4 -2 -1 -3
right_child=1 6 3 -5 -6 -7 -8
leaf_value=-2.0199973413966054e-05 -6.3481677069833031e-05 -0.00018655788767135391 6.6803884267893769e-06 5.5151576597154125e-05 -2.5773854724407548e-06 1.4852127204300671e-05 -7.1943067861564633e-05
leaf_weight=432881 148329 29291 563269 305258 143914 418029 36085
leaf_count=432881 148329 29291 563269 305258 143914 418029 36085
internal_value=1.03412e-07 -4.99078e-05 1.05051e-05 2.37165e-05 -3.34898e-05 -2.9798e-06 -0.000123297
internal_weight=2.07706e+06 357619 1.71944e+06 868527 292243 850910 65376
internal_count=2077056 357619 1719437 868527 292243 850910 65376
is_linear=0
shrinkage=0.00720685


Tree=160
num_leaves=8
num_cat=0
split_feature=1 25 19 25 9 6 23
split_gain=19.1734 11.0026 6.29222 6.22822 5.81098 3.99952 3.03239
threshold=1.2700377702713015 0.12110790982842447 -0.38782370090484614 1.4654232859611513 -1.4645861983299253 0.7489432990550996 0.10952783375978471
decision_type=2 10 8 10 8 10 8
left_child=1 2 -1 -3 6 -6 -2
right_child=4 3 -4 -5 5 -7 -8
leaf_value=1.8307071786474906e-05 -0.00018114105300752912 3.7296851332727171e-05 -1.6862452452599057e-05 -4.7847122240295168e-05 -1.5453120776902428e-05 -8.9118405103141146e-05 -6.523962063120866e-05
leaf_weight=398073 28555 634000 785753 47999 100185 61952 19896
leaf_count=398073 28555 634000 785753 47999 100185 61952 19896
internal_value=8.89623e-07 8.24696e-06 -5.03633e-06 3.13043e-05 -6.42965e-05 -4.36009e-05 -0.00013355
internal_weight=2.07641e+06 1.86582e+06 1.18383e+06 681999 210588 162137 48451
internal_count=2076413 1865825 1183826 681999 210588 162137 48451
is_linear=0
shrinkage=0.00720685


Tree=161
num_leaves=8
num_cat=0
split_feature=7 19 12 23 18 23 23
split_gain=14.4093 11.1727 9.94036 7.89482 5.23547 5.07052 3.7742
threshold=0.35957585275173193 -0.34462994337081904 0.66884621977806102 -1.1019871830940244 3.8699431419372563 -0.10868284106254576 -0.51324030756950367
decision_type=2 8 10 10 10 8 10
left_child=1 3 5 -1 -3 -2 -4
right_child=2 4 6 -5 -6 -7 -8
leaf_value=-5.553365354829526e-05 -4.7664165606626004e-05 -5.8645767890582785e-06 -0.00016019235399236041 4.108575325257211e-05 0.00021416221861416803 1.2549519239461269e-05 -6.8516882593313476e-05
leaf_weight=47485 132812 1021246 31461 585597 5647 160310 90199
leaf_count=47485 132812 1021246 31461 585597 5647 160310 90199
internal_value=5.3221e-07 1.00261e-05 -3.74625e-05 3.38386e-05 -4.6544e-06 -1.4733e-05 -9.22252e-05
internal_weight=2.07476e+06 1.65998e+06 414782 633082 1.02689e+06 293122 121660
internal_count=2074757 1659975 414782 633082 1026893 293122 121660
is_linear=0
shrinkage=0.00720685


Tree=162
num_leaves=8
num_cat=0
split_feature=0 25 0 25 21 23 6
split_gain=22.9843 9.46988 7.91617 5.75892 5.59133 4.32238 3.89517
threshold=-0.51941031217575062 -0.0026930572930723424 -2.1123412847518916 -3.2650512456893916 inf -0.250731810927391 0.88054722547531139
decision_type=2 10 2 8 8 8 10
left_child=2 3 5 -2 -3 -1 -4
right_child=1 4 6 -5 -6 -7 -8
leaf_value=-0.00019008719454292254 0.00010226921899867982 2.4818328456495219e-05 -1.5609733370537786e-05 -1.1388114114718973e-05 0.00041992392525829354 -7.9771478193303103e-05 -7.8784341392222634e-05
leaf_weight=27815 23863 950660 164837 778943 1863 54786 73203
leaf_count=27815 23863 950660 164837 778943 1863 54786 73203
internal_value=-2.50207e-08 1.02239e-05 -5.61323e-05 -8.00956e-06 2.55915e-05 -0.000116921 -3.50378e-05
internal_weight=2.07597e+06 1.75533e+06 320641 802806 952523 82601 238040
internal_count=2075970 1755329 320641 802806 952523 82601 238040
is_linear=0
shrinkage=0.00720685


Tree=163
num_leaves=8
num_cat=0
split_feature=1 19 8 21 7 24 2
split_gain=20.2962 9.62238 8.95244 6.45521 4.70288 2.90342 1.69253
threshold=1.7783973813056948 -0.17550805211067197 0.23470707237720492 inf 0.34307660162448889 -2.6143565177917476 -1.3256374597549436
decision_type=2 8 10 8 2 2 2
left_child=1 2 -1 -3 5 -2 -6
right_child=4 3 -4 -5 6 -7 -8
leaf_value=7.7578393797998908e-06 0.00086496382468414666 -1.3479491870074419e-05 5.7265604794013212e-05 0.00026494871167822274 -0.00020794537196308779 -6.5025933307756581e-05 -0.00010980227378824047
leaf_weight=793682 174 936633 249295 4344 22161 52132 15526
leaf_count=793682 174 936633 249295 4344 22161 52132 15526
internal_value=-2.85846e-07 4.51583e-06 1.95914e-05 -1.21938e-05 -0.000106141 -6.19162e-05 -0.000167518
internal_weight=2.07395e+06 1.98395e+06 1.04298e+06 940977 89993 52306 37687
internal_count=2073947 1983954 1042977 940977 89993 52306 37687
is_linear=0
shrinkage=0.00720685


Tree=164
num_leaves=8
num_cat=0
split_feature=0 25 0 21 17 23 23
split_gain=21.3155 8.90339 6.77435 6.68343 6.02857 4.22942 1.698
threshold=-0.8722013235092162 0.12110790982842447 -4.5563533306121817 inf -0.54807081818580616 -0.250731810927391 -0.0056199422106146804
decision_type=2 10 2 8 2 8 10
left_child=2 4 6 -3 -2 -4 -1
right_child=1 3 5 -5 -6 -7 -8
leaf_value=-0.00025436958988381698 2.0921626799392129e-05 2.8242786962149666e-05 -9.9710251373930317e-05 0.00060895387005140513 -1.4491934491995691e-05 -3.0887120446842391e-05 -0.00010185333285285455
leaf_weight=11507 359362 675315 71430 1030 817934 132234 5658
leaf_count=11507 359362 675315 71430 1030 817934 132234 5658
internal_value=3.15799e-07 8.28942e-06 -6.66145e-05 2.9128e-05 -3.68214e-06 -5.50256e-05 -0.000204106
internal_weight=2.07447e+06 1.85364e+06 220829 676345 1.1773e+06 203664 17165
internal_count=2074470 1853641 220829 676345 1177296 203664 17165
is_linear=0
shrinkage=0.00720685


Tree=165
num_leaves=8
num_cat=0
split_feature=0 25 0 17 25 25 17
split_gain=21.553 10.0827 6.08815 6.01127 5.87315 3.16695 1.70644
threshold=-0.8722013235092162 0.12110790982842447 -3.2254713773727413 -0.54807081818580616 2.7295281887054448 0.041707912459969528 -0.0081491461023688299
decision_type=2 10 2 2 8 8 2
left_child=2 3 6 -2 -3 -4 -1
right_child=1 4 5 -5 -6 -7 -8
leaf_value=-0.00017220048342302799 2.0219497899170566e-05 3.4278434891904795e-05 -8.1277966467406553e-05 -1.5144556067844766e-05 -9.0322514941757942e-05 -2.0540895254384995e-05 -6.6396102901060928e-05
leaf_weight=31138 359027 655690 83061 819469 20254 96270 10620
leaf_count=31138 359027 655690 83061 819469 20254 96270 10620
internal_value=3.36965e-07 8.35584e-06 -6.6923e-05 -4.37092e-06 3.05447e-05 -4.8673e-05 -0.000145295
internal_weight=2.07553e+06 1.85444e+06 221089 1.1785e+06 675944 179331 41758
internal_count=2075529 1854440 221089 1178496 675944 179331 41758
is_linear=0
shrinkage=0.00720685


Tree=166
num_leaves=8
num_cat=0
split_feature=0 0 6 25 0 7 15
split_gain=21.4232 10.5507 6.98312 5.33518 3.11431 2.44457 1.50408
threshold=-2.1123412847518916 0.35641269385814672 0.63921567797660839 0.20738965272903445 -4.5563533306121817 0.24673538655042651 0.085724364966154112
decision_type=2 2 8 10 2 2 2
left_child=4 2 -2 -3 6 -6 -1
right_child=1 3 -4 -5 5 -7 -8
leaf_value=-0.0001755202138295354 2.640751960416467e-06 1.3363330685199673e-05 -3.5731534082750777e-05 5.4378899566462695e-05 -5.0613503240347165e-05 -0.00013933935327196397 -0.00038629513097589629
leaf_weight=15252 796489 614363 356606 225061 35524 29544 1988
leaf_count=15252 796489 614363 356606 225061 35524 29544 1988
internal_value=2.16585e-07 4.92332e-06 -9.22625e-06 2.43602e-05 -0.000113723 -9.09011e-05 -0.000199847
internal_weight=2.07483e+06 1.99252e+06 1.1531e+06 839424 82308 65068 17240
internal_count=2074827 1992519 1153095 839424 82308 65068 17240
is_linear=0
shrinkage=0.00720685


Tree=167
num_leaves=8
num_cat=0
split_feature=0 19 8 0 25 3 23
split_gain=20.4953 8.82973 7.26045 6.80868 6.05239 4.6732 2.57163
threshold=-0.51941031217575062 -0.34907266497611994 0.2814204096794129 -2.9138352870941158 0.021208927966654304 1.3903185725212099 -0.24508529156446454
decision_type=2 8 10 2 8 8 8
left_child=3 2 -2 6 -3 -5 -1
right_child=1 4 -4 5 -6 -7 -8
leaf_value=-0.00020255826370264821 1.7360589911366056e-05 -2.0090186948718759e-05 7.2904369397537534e-05 -2.6338337874732212e-05 1.4063624211112052e-05 -0.00011365308591177256 -9.3166265759445438e-05
leaf_weight=16744 516171 529369 160158 233202 548936 36870 33491
leaf_count=16744 516171 529369 160158 233202 548936 36870 33491
internal_value=4.22826e-07 1.01003e-05 3.05137e-05 -5.25897e-05 -2.70338e-06 -3.82589e-05 -0.000129632
internal_weight=2.07494e+06 1.75463e+06 676329 320307 1.0783e+06 270072 50235
internal_count=2074941 1754634 676329 320307 1078305 270072 50235
is_linear=0
shrinkage=0.00720685


Tree=168
num_leaves=8
num_cat=0
split_feature=0 0 0 12 2 17 5
split_gain=22.3665 6.94671 6.79377 5.5837 3.90906 3.17603 1.81815
threshold=-0.8722013235092162 0.50495052337646495 -4.0831270217895499 0.51783749461174022 0.1365664601325989 -0.034110598266124718 -2.4149727821350093
decision_type=2 2 2 8 2 2 8
left_child=2 3 6 -2 -3 -4 -1
right_child=1 4 5 -5 -6 -7 -8
leaf_value=-0.00031455229047185626 9.0311609132887993e-06 4.9730113297263989e-06 -7.724895748841313e-05 -2.3298689118037766e-05 4.3181213535825055e-05 -1.7564174945652738e-05 -0.00015229392536596198
leaf_weight=4339 854083 225773 120829 410974 362179 75085 20718
leaf_count=4339 854083 225773 120829 410974 362179 75085 20718
internal_value=-1.31634e-07 8.04117e-06 -6.86666e-05 -1.4717e-06 2.85094e-05 -5.43748e-05 -0.000180403
internal_weight=2.07398e+06 1.85301e+06 220971 1.26506e+06 587952 195914 25057
internal_count=2073980 1853009 220971 1265057 587952 195914 25057
is_linear=0
shrinkage=0.00720685


Tree=169
num_leaves=8
num_cat=0
split_feature=0 19 0 0 21 23 23
split_gain=21.8193 7.48392 7.34982 6.41402 5.76484 4.37695 1.6824
threshold=-0.83339819312095631 -0.34907266497611994 0.54115372896194469 -4.5563533306121817 inf -0.250731810927391 -0.13489520549774167
decision_type=2 8 2 2 8 8 8
left_child=3 2 -2 6 -3 -5 -1
right_child=1 4 -4 5 -6 -7 -8
leaf_value=-0.00028960875976376125 9.5273857380595144e-06 -4.6819318382748559e-06 5.857906037199066e-05 -0.00010044247700733104 0.00025788026105135321 -3.1828666682522916e-05 -0.00014368673936160476
leaf_weight=6694 467616 1133594 240132 74315 4359 137883 10617
leaf_count=6694 467616 1133594 240132 74315 4359 137883 10617
internal_value=-4.71701e-07 7.7688e-06 2.61702e-05 -6.67413e-05 -3.67594e-06 -5.58587e-05 -0.000200128
internal_weight=2.07521e+06 1.8457e+06 707748 229509 1.13795e+06 212198 17311
internal_count=2075210 1845701 707748 229509 1137953 212198 17311
is_linear=0
shrinkage=0.00720685


Tree=170
num_leaves=8
num_cat=0
split_feature=6 19 15 23 11 12 18
split_gain=13.8192 7.3849 6.42539 5.1575 4.58027 3.3294 2.20405
threshold=0.47594788670539862 -0.17550805211067197 0.18201529979705813 -0.12469579651951788 1.173382639884949 0.45152594149112707 3.8699431419372563
decision_type=8 8 2 10 8 10 10
left_child=1 4 3 -2 -1 -4 -3
right_child=2 6 5 -5 -6 -7 -8
leaf_value=3.3702543591025264e-05 -6.8055411763016775e-05 -5.327628434782667e-06 3.7811658501389817e-05 -1.9063167014594581e-05 -3.5525468436999385e-05 -1.7743042224269182e-05 0.00024284409098685567
leaf_weight=676807 216702 658786 91017 230117 53566 145751 1863
leaf_count=676807 216702 658786 91017 230117 53566 145751 1863
internal_value=-2.06844e-07 1.28323e-05 -2.674e-05 -4.2824e-05 2.86252e-05 3.61293e-06 -4.62741e-06
internal_weight=2.07461e+06 1.39102e+06 683587 446819 730373 236768 660649
internal_count=2074609 1391022 683587 446819 730373 236768 660649
is_linear=0
shrinkage=0.00720685


Tree=171
num_leaves=8
num_cat=0
split_feature=1 25 9 2 25 2 6
split_gain=17.944 10.2637 5.7241 5.61977 5.60363 2.97262 2.30679
threshold=1.5657209157943728 0.01848267670720816 -1.9979136586189268 -0.10918615385890006 -3.2650512456893916 -1.1755329370498655 1.8435525298118594
decision_type=2 10 8 2 8 2 10
left_child=1 4 6 -3 -1 -4 -2
right_child=2 3 5 -5 -6 -7 -8
leaf_value=8.8001839660809916e-05 -0.00016375198892978912 -8.7033505623982114e-07 -0.00010843965065371896 3.4852013330931368e-05 -1.4283715939815303e-05 -2.9847593059926645e-05 -0.00045470828314935434
leaf_weight=28678 22474 358858 39678 630794 926998 67556 1510
leaf_count=28678 22474 358858 39678 630794 926998 67556 1510
internal_value=1.292e-07 5.6314e-06 -8.14411e-05 2.18987e-05 -1.12142e-05 -5.89286e-05 -0.000182088
internal_weight=2.07655e+06 1.94533e+06 131218 989652 955676 107234 23984
internal_count=2076546 1945328 131218 989652 955676 107234 23984
is_linear=0
shrinkage=0.00720685


Tree=172
num_leaves=8
num_cat=0
split_feature=1 6 19 23 9 23 6
split_gain=18.3147 8.36963 6.65223 4.87937 4.80426 3.39705 2.09414
threshold=1.7783973813056948 0.30955772101879125 -0.17086265236139295 -0.16223997622728345 -2.1169744729995723 -0.97770690917968739 1.9229646921157839
decision_type=2 8 8 10 8 8 10
left_child=1 2 -1 -3 6 -6 -2
right_child=4 3 -4 -5 5 -7 -8
leaf_value=3.1733434393729635e-05 -0.00018869850536827482 -3.3413943642413707e-05 -2.0447045487544642e-06 2.9528987354632028e-06 -0.00023857632194130939 -6.0375644642166996e-05 -0.00052507155025576597
leaf_weight=645640 16326 368486 570309 399225 6057 67119 1021
leaf_count=645640 16326 368486 570309 399225 6057 67119 1021
internal_value=-4.46765e-07 4.12799e-06 1.58907e-05 -1.45024e-05 -0.000100694 -7.51291e-05 -0.000208526
internal_weight=2.07418e+06 1.98366e+06 1.21595e+06 767711 90523 73176 17347
internal_count=2074183 1983660 1215949 767711 90523 73176 17347
is_linear=0
shrinkage=0.00720685


Tree=173
num_leaves=8
num_cat=0
split_feature=0 0 2 21 18 4 23
split_gain=20.1691 7.72321 6.00287 8.98729 4.95584 4.17146 3.31734
threshold=-0.51941031217575062 -2.6620422601699825 0.072842668741941466 inf 0.49351762235164648 -0.06125040911138057 -0.25644399225711817
decision_type=2 2 2 8 10 8 8
left_child=1 6 4 -4 -2 -3 -1
right_child=2 5 3 -5 -6 -7 -8
leaf_value=-0.00020507258220075713 -1.3875065065882302e-05 -5.5901900142358511e-05 2.0998133606257471e-05 0.00067280338924155969 3.3134024337442385e-05 5.1107541386660725e-06 -8.9214222147480427e-05
leaf_weight=19167 626579 174914 984028 1099 143074 87225 38870
leaf_count=19167 626579 174914 984028 1099 143074 87225 38870
internal_value=3.46347e-07 -5.22554e-05 9.94406e-06 2.1726e-05 -5.13629e-06 -3.56003e-05 -0.00012748
internal_weight=2.07496e+06 320176 1.75478e+06 985127 769653 262139 58037
internal_count=2074956 320176 1754780 985127 769653 262139 58037
is_linear=0
shrinkage=0.00720685


Tree=174
num_leaves=8
num_cat=0
split_feature=1 25 25 1 21 3 2
split_gain=16.5718 9.27207 6.43822 6.4113 5.60315 4.41705 3.20827
threshold=0.91877582669258129 -0.0052684410475194446 -1.6407474875450132 2.0856385231018071 inf 0.39119753241539007 -1.6154282093048093
decision_type=2 10 8 2 8 10 2
left_child=1 2 -1 5 -3 -2 -5
right_child=3 4 -4 6 -6 -7 -8
leaf_value=7.5485015496845533e-05 -3.2315128131752597e-06 2.3434557086547753e-05 -1.4372635448458856e-05 -0.00019203157475460741 0.00042077439305413905 -5.8675495713037428e-05 -7.3800930877343935e-05
leaf_weight=43870 139547 940506 739450 19939 1846 160429 29649
leaf_count=43870 139547 940506 739450 19939 1846 160429 29649
internal_value=-1.83268e-07 8.98274e-06 -9.34002e-06 -4.54326e-05 2.42134e-05 -3.28835e-05 -0.000121344
internal_weight=2.07524e+06 1.72567e+06 783320 349564 942352 299976 49588
internal_count=2075236 1725672 783320 349564 942352 299976 49588
is_linear=0
shrinkage=0.00720685


Tree=175
num_leaves=8
num_cat=0
split_feature=0 6 0 10 7 17 15
split_gain=20.5753 8.59485 5.19807 4.98142 4.96734 3.73195 1.31252
threshold=-1.3142480850219724 0.46576568484306341 -4.5563533306121817 -1.2947870492935178 0.29806232452392584 -0.034110598266124718 -1.5511549711227415
decision_type=2 8 2 8 2 2 2
left_child=2 3 6 -2 -3 -4 -1
right_child=1 4 5 -5 -6 -7 -8
leaf_value=-0.00042932238622674622 -4.6436861907391657e-05 -3.1045061244016633e-06 -9.4973854060113443e-05 2.000819874695015e-05 -4.8847378044441029e-05 -1.5252815453489177e-05 -0.00018177807833032148
leaf_weight=1195 61493 445453 83982 1246437 170494 47892 16099
leaf_count=1195 61493 445453 83982 1246437 170494 47892 16099
internal_value=1.08689e-07 6.43085e-06 -8.143e-05 1.68842e-05 -1.57662e-05 -6.60225e-05 -0.000198907
internal_weight=2.07304e+06 1.92388e+06 149168 1.30793e+06 615947 131874 17294
internal_count=2073045 1923877 149168 1307930 615947 131874 17294
is_linear=0
shrinkage=0.00720685


Tree=176
num_leaves=8
num_cat=0
split_feature=7 19 23 23 25 6 25
split_gain=12.2208 10.1441 8.24285 7.34183 6.92316 5.99504 3.78228
threshold=0.31940108537673956 -0.33544866740703577 -0.15099659562110898 -1.0759391784667967 0.16970853507518771 0.50610712170600902 -0.48637883365154261
decision_type=2 8 10 10 10 10 10
left_child=1 3 5 -1 -3 -2 -4
right_child=2 4 6 -5 -6 -7 -8
leaf_value=-5.2524861102975892e-05 -3.4259336506789222e-05 -1.7225428838791275e-05 -0.00013256803242663983 3.881497646477135e-05 2.5327191696512237e-05 -0.00011250956530368417 1.34072583057063e-06
leaf_weight=49619 123784 714683 11492 579457 274992 86312 234204
leaf_count=49619 123784 714683 11492 579457 274992 86312 234204
internal_value=-2.99831e-07 8.98186e-06 -3.32639e-05 3.16103e-05 -5.40168e-06 -6.64067e-05 -4.923e-06
internal_weight=2.07454e+06 1.61875e+06 455792 629076 989675 210096 245696
internal_count=2074543 1618751 455792 629076 989675 210096 245696
is_linear=0
shrinkage=0.00720685


Tree=177
num_leaves=8
num_cat=0
split_feature=0 25 17 0 21 25 23
split_gain=18.8842 8.62522 5.85925 5.42168 4.92537 3.64862 3.01764
threshold=-0.8722013235092162 -0.0026930572930723424 -0.58055344223976124 -3.5989686250686641 inf 0.041707912459969528 -0.24508529156446454
decision_type=2 10 2 2 8 8 8
left_child=3 2 -2 6 -3 -5 -1
right_child=1 4 -4 5 -6 -7 -8
leaf_value=-0.00024221278718503724 1.8034791095559036e-05 2.1642336179995643e-05 -2.216663935511062e-05 -8.1566666679469467e-05 0.00039628612861380649 -1.7716955384151129e-05 -9.825584020523312e-05
leaf_weight=11316 281290 1000271 569590 86407 1825 100609 22811
leaf_count=11316 281290 1000271 569590 86407 1825 100609 22811
internal_value=4.84939e-07 7.99737e-06 -8.87653e-06 -6.2462e-05 2.2325e-05 -4.72178e-05 -0.000145996
internal_weight=2.07412e+06 1.85298e+06 850880 221143 1.0021e+06 187016 34127
internal_count=2074119 1852976 850880 221143 1002096 187016 34127
is_linear=0
shrinkage=0.00720685


Tree=178
num_leaves=8
num_cat=0
split_feature=0 0 6 19 17 2 24
split_gain=19.535 9.37891 7.46315 6.30712 3.65979 2.33299 1.05044
threshold=-1.8474461436271665 0.37925405800342565 0.63921567797660839 -0.34462994337081904 0.089385271072387709 -1.6752099394798277 -0.60713690519332875
decision_type=2 2 8 8 2 2 2
left_child=4 2 -2 -3 5 -1 -6
right_child=1 3 -4 -5 6 -7 -8
leaf_value=-0.00017654086560543286 3.2031068544296748e-06 4.5800294229850372e-05 -3.6220379474437695e-05 5.055813770417282e-06 9.0131075535058089e-05 -9.3554900149065074e-05 -4.1325375698394454e-05
leaf_weight=27521 817647 355309 358866 443796 3779 48805 19160
leaf_count=27521 817647 355309 358866 443796 3779 48805 19160
internal_value=-8.37699e-07 4.11911e-06 -8.82204e-06 2.31722e-05 -9.94898e-05 -0.000123479 -1.96651e-05
internal_weight=2.07488e+06 1.97562e+06 1.17651e+06 799105 99265 76326 22939
internal_count=2074883 1975618 1176513 799105 99265 76326 22939
is_linear=0
shrinkage=0.00720685


Tree=179
num_leaves=8
num_cat=0
split_feature=6 7 19 23 21 8 8
split_gain=12.2684 7.75563 7.72062 5.82569 5.69039 5.16792 2.38277
threshold=0.59713104367256176 0.29135273396968847 -0.17550805211067197 -0.15099659562110898 inf 0.23470707237720492 -1.3836190104484556
decision_type=8 2 8 10 8 10 8
left_child=2 4 5 -3 -2 -1 -4
right_child=1 3 6 -5 -6 -7 -8
leaf_value=1.620107128879976e-05 -1.2095947410053292e-05 -0.00011072219213015619 -0.00012425902764815538 -2.8149399161898553e-05 0.00032744296374596395 5.8310252199936969e-05 -4.1590213948880461e-06
leaf_weight=577968 405031 83713 8686 94447 2579 205090 697094
leaf_count=577968 405031 83713 8686 94447 2579 205090 697094
internal_value=6.56401e-07 -2.72839e-05 1.16493e-05 -6.69488e-05 -9.94683e-06 2.72299e-05 -5.63729e-06
internal_weight=2.07461e+06 585770 1.48884e+06 178160 407610 783058 705780
internal_count=2074608 585770 1488838 178160 407610 783058 705780
is_linear=0
shrinkage=0.00720685


Tree=180
num_leaves=8
num_cat=0
split_feature=6 2 19 13 8 11 19
split_gain=11.5995 7.73147 7.48385 6.19555 5.13034 3.5149 2.54306
threshold=0.46576568484306341 -0.045278348028659814 -0.26022553443908686 -2.6438746452331539 -0.78123748302459706 1.1887991428375246 -0.99631053209304798
decision_type=8 2 8 8 10 8 10
left_child=1 5 -3 6 -5 -1 -2
right_child=3 2 -4 4 -6 -7 -8
leaf_value=-3.2791432631408836e-06 -0.00033835606121882677 4.8134754765973547e-05 5.6311262566073393e-06 -5.5772675472655024e-05 -8.5647533273012434e-06 -6.033798490066975e-05 -0.00010451277482987587
leaf_weight=451171 2644 393066 475383 156769 503833 64031 27888
leaf_count=451171 2644 393066 475383 156769 503833 64031 27888
internal_value=-2.96099e-07 1.17472e-05 2.48686e-05 -2.44069e-05 -1.97679e-05 -1.03708e-05 -0.000124774
internal_weight=2.07478e+06 1.38365e+06 868449 691134 660602 515202 30532
internal_count=2074785 1383651 868449 691134 660602 515202 30532
is_linear=0
shrinkage=0.00720685


Tree=181
num_leaves=8
num_cat=0
split_feature=0 19 0 8 25 4 5
split_gain=18.4067 8.14434 6.81695 6.18841 5.2958 4.94229 1.39639
threshold=-0.54240804910659779 -0.34907266497611994 -4.5563533306121817 0.23470707237720492 0.021208927966654304 -1.3213512301445005 -2.5353471040725704
decision_type=2 8 2 10 8 8 8
left_child=2 3 6 -2 -3 -4 -1
right_child=1 4 5 -5 -6 -7 -8
leaf_value=-0.00033003073407055297 1.6778488465569921e-05 -1.8702960515033387e-05 -0.00011462265752054454 6.7035243292741433e-05 1.3150604496905705e-05 -3.0146369743022667e-05 -0.00015972951148887944
leaf_weight=3040 509085 532573 41936 169670 552119 252867 14123
leaf_count=3040 509085 532573 41936 169670 552119 252867 14123
internal_value=7.35256e-07 9.7625e-06 -5.02927e-05 2.93414e-05 -2.48916e-06 -4.21636e-05 -0.000189912
internal_weight=2.07541e+06 1.76345e+06 311966 678755 1.08469e+06 294803 17163
internal_count=2075413 1763447 311966 678755 1084692 294803 17163
is_linear=0
shrinkage=0.00720685


Tree=182
num_leaves=8
num_cat=0
split_feature=0 0 0 18 2 6 2
split_gain=18.4483 6.94685 6.68933 5.98657 3.645 3.62216 2.57818
threshold=-0.58963662385940541 -2.9138352870941158 0.47988137602806097 -0.22332165390253064 0.1365664601325989 0.88054722547531139 -1.3256374597549436
decision_type=2 2 2 10 2 10 2
left_child=1 6 3 -2 -4 -3 -1
right_child=2 5 4 -5 -6 -7 -8
leaf_value=-0.000180086538127544 -1.8489770192245473e-05 -1.7408529805822789e-05 6.7509915938572597e-06 1.4503893047596976e-05 4.2352043281315337e-05 -7.715868059880062e-05 -7.6681642095525831e-05
leaf_weight=25426 529277 168987 243993 620487 385169 76576 24685
leaf_count=25426 529277 168987 243993 620487 385169 76576 24685
internal_value=8.92077e-07 -5.18221e-05 9.6537e-06 -6.84236e-07 2.85458e-05 -3.60413e-05 -0.000129152
internal_weight=2.0746e+06 295674 1.77893e+06 1.14976e+06 629162 245563 50111
internal_count=2074600 295674 1778926 1149764 629162 245563 50111
is_linear=0
shrinkage=0.00720685


Tree=183
num_leaves=8
num_cat=0
split_feature=0 25 10 17 23 9 17
split_gain=18.3579 10.3989 6.25965 5.91869 3.69426 2.60565 2.46274
threshold=-1.9680593609809873 -0.0079705063253641111 -1.178743779659271 -0.67313396930694569 -0.250731810927391 1.8461843729019167 0.057231005281209953
decision_type=2 8 8 2 8 10 2
left_child=4 3 -3 -2 5 -1 -6
right_child=1 2 -4 -5 6 -7 -8
leaf_value=-0.00017322517724646416 1.5018428967385716e-05 -3.535379317869346e-05 2.4029870270985416e-05 -2.6605820522831107e-05 -9.5777417950596063e-05 0.00036760161254839081 8.0851945642315198e-06
leaf_weight=30220 249135 101386 1016867 616442 44020 469 16228
leaf_count=30220 249135 101386 1016867 616442 44020 469 16228
internal_value=-4.60676e-07 4.12909e-06 1.86458e-05 -1.46253e-05 -0.000100588 -0.000164948 -6.78016e-05
internal_weight=2.07477e+06 1.98383e+06 1.11825e+06 865577 90937 30689 60248
internal_count=2074767 1983830 1118253 865577 90937 30689 60248
is_linear=0
shrinkage=0.00720685


Tree=184
num_leaves=8
num_cat=0
split_feature=0 25 0 25 12 25 23
split_gain=18.1689 8.01371 6.57487 5.73689 5.07797 4.92205 2.51992
threshold=-0.54240804910659779 -0.0052684410475194446 -4.0831270217895499 -1.6407474875450132 0.49257694184780126 0.041707912459969528 -0.05676214583218097
decision_type=2 10 2 8 8 8 10
left_child=2 3 6 -2 -3 -4 -1
right_child=1 4 5 -5 -6 -7 -8
leaf_value=-0.00021706418978963897 7.2319433448759791e-05 3.2933535739365188e-05 -7.3315064723851128e-05 -1.3115716588372889e-05 -3.5813284301889264e-06 -1.35103176541011e-05 -6.6638441363077469e-05
leaf_weight=16108 43152 684232 134324 755722 278244 152771 9027
leaf_count=16108 43152 684232 134324 755722 278244 152771 9027
internal_value=-6.09442e-07 8.37235e-06 -5.12774e-05 -8.50074e-06 2.23774e-05 -4.14916e-05 -0.000163046
internal_weight=2.07358e+06 1.76135e+06 312230 798874 962476 287095 25135
internal_count=2073580 1761350 312230 798874 962476 287095 25135
is_linear=0
shrinkage=0.00720685


Tree=185
num_leaves=8
num_cat=0
split_feature=7 19 11 23 23 18 8
split_gain=12.446 9.04817 8.2927 7.14029 5.55201 5.55066 2.30302
threshold=0.31940108537673956 -0.34462994337081904 1.2503626346588137 -1.0759391784667967 -0.15099659562110898 3.8699431419372563 -0.63511732220649708
decision_type=2 8 10 10 10 10 8
left_child=1 3 4 -1 -2 -3 -4
right_child=2 5 6 -5 -6 -7 -8
leaf_value=-5.3080976897952289e-05 -5.1260982583547493e-05 -5.6701037227252397e-06 -0.00019127044356451626 3.7853769912600238e-05 2.5510107013123629e-06 0.00022368176665130493 -8.7496740628208343e-05
leaf_weight=48691 184589 996434 15372 568149 216237 5510 40053
leaf_count=48691 184589 996434 15372 568149 216237 5510 40053
internal_value=-4.10033e-07 8.96029e-06 -3.36561e-05 3.06756e-05 -2.22306e-05 -4.40859e-06 -0.000116281
internal_weight=2.07504e+06 1.61878e+06 456251 616840 400826 1.00194e+06 55425
internal_count=2075035 1618784 456251 616840 400826 1001944 55425
is_linear=0
shrinkage=0.00720685


Tree=186
num_leaves=8
num_cat=0
split_feature=1 25 3 25 25 1 7
split_gain=15.8239 8.16854 6.46561 5.39069 5.16139 3.96483 3.88523
threshold=0.86882415413856517 0.12110790982842447 1.4137254953384402 2.7295281887054448 -2.5756974220275874 1.9463691711425783 0.27134963870048529
decision_type=2 10 8 8 8 2 2
left_child=1 4 5 -3 -1 -2 -4
right_child=2 3 6 -5 -6 -7 -8
leaf_value=9.0954583875855173e-05 -1.9646751952824336e-05 3.4412218565569162e-05 -5.3521881313647364e-05 -9.3257995362993083e-05 -4.7143624295657868e-06 -8.7648513088471475e-05 -0.00018619864082188064
leaf_weight=30128 274756 601871 22216 17681 1051520 53146 23688
leaf_count=30128 274756 601871 22216 17681 1051520 53146 23688
internal_value=5.73241e-07 9.90233e-06 -4.18835e-05 3.07685e-05 -2.04952e-06 -3.06687e-05 -0.000121991
internal_weight=2.07501e+06 1.7012e+06 373806 619552 1.08165e+06 327902 45904
internal_count=2075006 1701200 373806 619552 1081648 327902 45904
is_linear=0
shrinkage=0.00720685


Tree=187
num_leaves=8
num_cat=0
split_feature=0 0 0 18 3 2 17
split_gain=16.7171 6.43418 5.73631 6.22945 4.41974 4.13351 2.84583
threshold=-0.54240804910659779 -2.6620422601699825 0.46519647538661962 -0.22332165390253064 1.3903185725212099 0.072842668741941466 -1.0000000180025095e-35
decision_type=2 2 2 10 10 2 2
left_child=1 6 3 -2 -3 -4 -1
right_child=2 4 5 -5 -6 -7 -8
leaf_value=-0.00014765847910499719 -2.0045700489936861e-05 -2.1236130715684033e-05 7.758847792955766e-07 1.4202894575498246e-05 -0.00010879726617847208 3.876594387275714e-05 -3.2792923370556029e-05
leaf_weight=42587 509981 219323 229472 600797 34674 422900 15203
leaf_count=42587 509981 219323 229472 600797 34674 422900 15203
internal_value=-1.61396e-07 -4.88064e-05 8.44077e-06 -1.52132e-06 -3.31899e-05 2.5403e-05 -0.000117442
internal_weight=2.07494e+06 311787 1.76315e+06 1.11078e+06 253997 652372 57790
internal_count=2074937 311787 1763150 1110778 253997 652372 57790
is_linear=0
shrinkage=0.00720685


Tree=188
num_leaves=8
num_cat=0
split_feature=1 7 19 15 9 19 2
split_gain=14.5263 7.85738 8.57084 7.73836 3.94963 2.34708 1.98917
threshold=1.9463691711425783 0.31940108537673956 -0.34907266497611994 -0.58421781659126271 -3.7155882120132442 -0.66203516721725453 -1.0834243297576902
decision_type=2 2 8 2 8 8 2
left_child=1 2 -1 -3 5 -2 -6
right_child=4 3 -4 -5 6 -7 -8
leaf_value=3.2486376634090229e-05 3.6737555564990589e-05 1.8996101251863436e-05 -2.0496354121027137e-06 -4.577476666987613e-05 -0.00013095610693683105 -0.00037302985210023909 -4.8329972811315496e-05
leaf_weight=602674 882 145190 980308 281642 30013 4097 30529
leaf_count=602674 882 145190 980308 281642 30013 4097 30529
internal_value=2.56852e-07 3.69952e-06 1.10989e-05 -2.37424e-05 -0.000105343 -0.000300444 -8.92928e-05
internal_weight=2.07534e+06 2.00981e+06 1.58298e+06 426832 65521 4979 60542
internal_count=2075335 2009814 1582982 426832 65521 4979 60542
is_linear=0
shrinkage=0.00720685


Tree=189
num_leaves=8
num_cat=0
split_feature=0 0 19 0 21 23 23
split_gain=18.1777 6.81158 6.53031 5.88236 5.81322 4.01108 3.2563
threshold=-0.51941031217575062 -2.2670853137969966 -0.34462994337081904 0.52559703588485729 inf 0.4053445309400559 -0.250731810927391
decision_type=2 2 8 2 8 8 8
left_child=1 6 3 -2 -4 -3 -1
right_child=2 5 4 -5 -6 -7 -8
leaf_value=-0.00017774605606084255 9.8556909349797553e-06 -5.2040851360095374e-05 -3.5306963800339994e-06 5.3646622390756826e-05 0.00026070629194472136 1.0453508599394579e-05 -7.685991577034934e-05
leaf_weight=25046 430820 167247 1066736 252816 4341 78321 49386
leaf_count=25046 430820 167247 1066736 252816 4341 78321 49386
internal_value=-4.61929e-07 -5.04151e-05 8.64784e-06 2.60501e-05 -2.45951e-06 -3.21089e-05 -0.00011081
internal_weight=2.07471e+06 320000 1.75471e+06 683636 1.07108e+06 245568 74432
internal_count=2074713 320000 1754713 683636 1071077 245568 74432
is_linear=0
shrinkage=0.00720685


Tree=190
num_leaves=8
num_cat=0
split_feature=0 0 3 19 23 9 9
split_gain=17.2546 9.30036 6.68393 5.63278 3.64401 1.94796 1.94601
threshold=-2.2670853137969966 0.39829501509666448 1.1926521658897402 -0.34462994337081904 -0.250731810927391 -2.2465035915374751 1.9700000882148745
decision_type=2 2 8 8 8 8 10
left_child=4 2 -2 -3 6 -6 -1
right_child=1 3 -4 -5 5 -7 -8
leaf_value=-0.00018490720994927826 -1.6237443813027662e-06 4.5727762081211339e-05 -5.2012060573979131e-05 6.3952391412165175e-06 -0.00016710044382677567 -5.0106381634587726e-05 0.00043960511325113414
leaf_weight=24791 1075471 341699 156644 423476 9057 40199 261
leaf_count=24791 1075471 341699 156644 423476 9057 40199 261
internal_value=2.13698e-07 4.22556e-06 -8.02988e-06 2.39598e-05 -0.000107618 -7.16221e-05 -0.000178383
internal_weight=2.0716e+06 1.99729e+06 1.23212e+06 765175 74308 49256 25052
internal_count=2071598 1997290 1232115 765175 74308 49256 25052
is_linear=0
shrinkage=0.00720685


Tree=191
num_leaves=8
num_cat=0
split_feature=0 25 10 25 0 25 15
split_gain=16.1468 8.84533 6.22503 5.00551 2.59963 2.45353 1.07513
threshold=-1.9680593609809873 0.0075777114834636458 -1.178743779659271 -3.2650512456893916 -4.5563533306121817 0.046827659010887153 0.13211528211832049
decision_type=2 8 8 8 2 8 2
left_child=4 3 -3 -2 6 -6 -1
right_child=1 2 -4 -5 5 -7 -8
leaf_value=-0.00015402681843420911 8.0067455227120747e-05 -3.6437357297039791e-05 2.4067088180795475e-05 -1.5028764219428551e-05 -0.00012052087050029235 -3.7048368895364886e-05 -0.00034101481058035333
leaf_weight=15418 29715 97108 975784 882833 33557 40202 1782
leaf_count=15418 29715 97108 975784 882833 33557 40202 1782
internal_value=2.60224e-07 4.56184e-06 1.85907e-05 -1.19321e-05 -9.36336e-05 -7.5026e-05 -0.000173419
internal_weight=2.0764e+06 1.98544e+06 1.07289e+06 912548 90959 73759 17200
internal_count=2076399 1985440 1072892 912548 90959 73759 17200
is_linear=0
shrinkage=0.00720685


Tree=192
num_leaves=8
num_cat=0
split_feature=0 0 25 25 3 21 2
split_gain=16.3989 8.28083 6.65202 5.7959 5.31706 5.10718 3.11118
threshold=-0.066552523523569093 -2.2670853137969966 -0.0052684410475194446 -2.5756974220275874 1.0272812843322756 inf -1.6154282093048093
decision_type=2 2 10 8 10 8 2
left_child=1 6 3 -2 -3 -4 -1
right_child=2 4 5 -5 -6 -7 -8
leaf_value=-0.00016182683631931234 0.00010424156509320055 -9.5986778905389571e-06 2.5185176210025944e-05 -8.8835143999555294e-06 -6.3806583012787724e-05 0.00040812312637176931 -6.6334844119472121e-05
leaf_weight=29065 24423 398936 813764 637734 122943 1812 45410
leaf_count=29065 24423 398936 813764 637734 122943 1812 45410
internal_value=-6.14498e-07 -3.25141e-05 1.22589e-05 -4.71083e-06 -2.2369e-05 2.60365e-05 -0.000103604
internal_weight=2.07409e+06 596354 1.47773e+06 662157 521879 815576 74475
internal_count=2074087 596354 1477733 662157 521879 815576 74475
is_linear=0
shrinkage=0.00720685


Tree=193
num_leaves=8
num_cat=0
split_feature=0 19 8 0 3 9 18
split_gain=16.2643 6.65589 6.68742 6.09011 4.49265 3.2987 3.03726
threshold=-0.51941031217575062 -0.17550805211067197 0.23470707237720492 -2.6620422601699825 1.3903185725212099 -4.1378033161163321 3.0368520021438603
decision_type=2 8 10 2 8 8 10
left_child=3 2 -2 5 -5 -1 -3
right_child=1 6 -4 4 -6 -7 -8
leaf_value=-0.00036449919724354805 1.1723358659969242e-05 -6.3131652331762027e-06 5.600744417500592e-05 -1.9363066653539998e-05 -0.00010631084904900628 -0.00010102059782541854 0.00015708051358478856
leaf_weight=2582 695574 815592 237620 226538 35734 55581 5951
leaf_count=2582 695574 815592 237620 226538 35734 55581 5951
internal_value=1.20809e-06 9.82996e-06 2.29995e-05 -4.6006e-05 -3.121e-05 -0.000112723 -5.12938e-06
internal_weight=2.07517e+06 1.75474e+06 933194 320435 262272 58163 821543
internal_count=2075172 1754737 933194 320435 262272 58163 821543
is_linear=0
shrinkage=0.00720685


Tree=194
num_leaves=8
num_cat=0
split_feature=3 19 8 25 8 23 17
split_gain=11.2917 8.54961 6.5554 6.14069 4.58628 5.07598 3.51083
threshold=1.1926521658897402 -0.39267207682132715 0.2814204096794129 0.0050277663394808778 1.0582997202873232 -0.18270342051982877 -0.034110598266124718
decision_type=8 8 10 8 8 10 2
left_child=1 2 -1 -3 5 -2 -6
right_child=4 3 -4 -5 6 -7 -8
leaf_value=1.4817608618326029e-05 -0.00010187672058527945 -2.3046418083274034e-05 6.9755493762869091e-05 9.4951399918276459e-06 -7.1725125852377953e-05 -2.6457751832472114e-05 9.97678289037486e-05
leaf_weight=500820 87940 550610 145608 664860 9653 98008 17330
leaf_count=500820 87940 550610 145608 664860 9653 98008 17330
internal_value=3.30491e-07 6.01609e-06 2.71925e-05 -5.24623e-06 -4.93849e-05 -6.2126e-05 3.8416e-05
internal_weight=2.07483e+06 1.8619e+06 646428 1.21547e+06 212931 185948 26983
internal_count=2074829 1861898 646428 1215470 212931 185948 26983
is_linear=0
shrinkage=0.00720685


Tree=195
num_leaves=8
num_cat=0
split_feature=0 19 0 9 23 12 23
split_gain=16.3757 7.36551 6.80101 5.14288 3.54976 2.28871 2.23565
threshold=-1.4575732946395872 -0.17550805211067197 0.53068983554840099 -1.9979136586189268 -0.97770690917968739 -0.13709454983472821 0.097455725073814406
decision_type=2 8 2 8 8 8 8
left_child=3 2 -2 6 -5 -3 -1
right_child=1 5 -4 4 -6 -7 -8
leaf_value=-0.00022612871642678029 5.9011976458223472e-06 4.1205090904619509e-06 4.6051653043265741e-05 -0.00019635538017788825 -4.3653691254650034e-05 -1.9004779775117882e-05 -8.8181391332398833e-05
leaf_weight=15003 700426 373441 318879 8591 99195 549155 10289
leaf_count=15003 700426 373441 318879 8591 99195 549155 10289
internal_value=-1.91368e-07 5.10866e-06 1.84619e-05 -7.75301e-05 -5.58265e-05 -9.64429e-06 -0.000170017
internal_weight=2.07498e+06 1.9419e+06 1.0193e+06 133078 107786 922596 25292
internal_count=2074979 1941901 1019305 133078 107786 922596 25292
is_linear=0
shrinkage=0.00720685


Tree=196
num_leaves=8
num_cat=0
split_feature=1 6 18 9 21 6 23
split_gain=13.9075 6.75749 6.16493 5.11889 5.08672 3.6593 2.44079
threshold=1.4056387543678286 0.28996197879314428 -0.22332165390253064 -1.9979136586189268 inf 0.7489432990550996 0.11640224233269693
decision_type=2 8 10 8 8 10 8
left_child=1 2 -1 6 -3 -5 -2
right_child=3 4 -4 5 -6 -7 -8
leaf_value=1.2213555291740659e-06 -0.00020549295876395648 -1.2665280705265196e-05 3.4475383140102128e-05 -1.4577918266941506e-05 0.00024890216994848471 -8.9292855504890316e-05 -6.9589962027725508e-05
leaf_weight=627074 16930 734542 537962 84993 3881 56800 11547
leaf_count=627074 16930 734542 537962 84993 3881 56800 11547
internal_value=1.83992e-07 5.76604e-06 1.65766e-05 -6.22176e-05 -1.12902e-05 -4.45081e-05 -0.000150391
internal_weight=2.07373e+06 1.90346e+06 1.16504e+06 170270 738423 141793 28477
internal_count=2073729 1903459 1165036 170270 738423 141793 28477
is_linear=0
shrinkage=0.00720685


Tree=197
num_leaves=8
num_cat=0
split_feature=0 25 0 25 3 21 4
split_gain=15.6494 7.39057 7.20028 6.12538 5.35039 5.24505 2.43912
threshold=-0.51941031217575062 0.0075777114834636458 -4.0831270217895499 -3.2650512456893916 1.3903185725212099 inf 2.5009500980377202
decision_type=2 10 2 8 8 8 10
left_child=2 3 6 -2 -4 -3 -1
right_child=1 5 4 -5 -6 -7 -8
leaf_value=-0.00016729961672673772 0.00010634811836382486 2.1875354367095793e-05 -2.3905864869381267e-05 -1.0368886781601743e-05 -0.00011296283131949604 0.00041281316812560311 0.00099007412581055736
leaf_weight=25163 24049 922502 254406 806663 40634 1785 94
leaf_count=25163 24049 922502 254406 806663 40634 1785 94
internal_value=1.55544e-07 8.61016e-06 -4.61695e-05 -6.9898e-06 -3.61715e-05 2.26308e-05 -0.000162954
internal_weight=2.0753e+06 1.755e+06 320297 830712 295040 924287 25257
internal_count=2075296 1754999 320297 830712 295040 924287 25257
is_linear=0
shrinkage=0.00720685


Tree=198
num_leaves=8
num_cat=0
split_feature=0 0 25 25 3 21 9
split_gain=16.0146 7.58726 7.53641 6.18719 5.2913 4.7509 3.30699
threshold=-0.11944471672177313 -2.2670853137969966 -0.015490729361772535 -1.6407474875450132 0.35130470991134649 inf -1.8047696352005003
decision_type=2 2 10 8 8 8 8
left_child=1 6 3 -2 -3 -4 -1
right_child=2 4 5 -5 -6 -7 -8
leaf_value=-0.00018380731067971025 8.4771230679800937e-05 1.9278155834615871e-06 2.4357471070323849e-05 -1.2409145979269558e-05 -4.6365904029420179e-05 0.00038251313900946118 -7.3730107198309352e-05
leaf_weight=19062 35979 222575 863648 626972 250396 1927 55303
leaf_count=19062 35979 222575 863648 626972 250396 1927 55303
internal_value=-8.27902e-07 -3.42792e-05 1.11504e-05 -7.13492e-06 -2.36394e-05 2.51553e-05 -0.000101949
internal_weight=2.07586e+06 547336 1.52853e+06 662951 472971 865575 74365
internal_count=2075862 547336 1528526 662951 472971 865575 74365
is_linear=0
shrinkage=0.00720685


Tree=199
num_leaves=8
num_cat=0
split_feature=0 25 25 17 23 9 17
split_gain=14.9945 8.6805 5.87337 5.24361 3.92201 2.4563 2.25304
threshold=-2.2670853137969966 -0.01048105815425515 1.4654232859611513 -0.53997793793678273 -0.250731810927391 1.8461843729019167 -1.0000000180025095e-35
decision_type=2 8 10 2 8 10 2
left_child=4 3 -3 -2 5 -1 -6
right_child=1 2 -4 -5 6 -7 -8
leaf_value=-0.00018337953048360434 9.6484317450435164e-06 1.9898549357602616e-05 -5.7765924513200032e-05 -2.7315549600524324e-05 -9.5341387844794537e-05 0.00041310134410679295 1.0945373988673425e-05
leaf_weight=24557 311106 1081375 53055 554757 35012 363 14710
leaf_count=24557 311106 1081375 53055 554757 35012 363 14710
internal_value=-5.92334e-07 3.15011e-06 1.62663e-05 -1.40343e-05 -0.000100883 -0.000174674 -6.38969e-05
internal_weight=2.07494e+06 2.00029e+06 1.13443e+06 865863 74642 24920 49722
internal_count=2074935 2000293 1134430 865863 74642 24920 49722
is_linear=0
shrinkage=0.00720685


Tree=200
num_leaves=8
num_cat=0
split_feature=0 0 6 9 2 4 6
split_gain=15.2068 6.52581 5.6061 5.39122 3.44923 3.25246 1.94657
threshold=-0.83339819312095631 0.46519647538661962 0.63921567797660839 -1.8047696352005003 0.086398676037788405 0.095355350524187102 1.1757692694664004
decision_type=2 2 8 8 2 8 10
left_child=3 2 -2 6 -3 -5 -1
right_child=1 4 -4 5 -6 -7 -8
leaf_value=-0.00010647877976087296 6.4523377596107848e-06 2.9378060856662266e-06 -2.827405822926145e-05 -5.7839844117654335e-05 3.7445822358352101e-05 8.9794947281320115e-06 -0.00023281720388167241
leaf_weight=32513 857038 235185 336157 136876 417535 52288 7868
leaf_count=32513 857038 235185 336157 136876 417535 52288 7868
internal_value=-1.88004e-07 6.69114e-06 -3.33107e-06 -5.55074e-05 2.50121e-05 -3.93698e-05 -0.000131101
internal_weight=2.07546e+06 1.84592e+06 1.1932e+06 229545 652720 189164 40381
internal_count=2075460 1845915 1193195 229545 652720 189164 40381
is_linear=0
shrinkage=0.00720685


Tree=201
num_leaves=8
num_cat=0
split_feature=3 19 8 7 23 21 8
split_gain=12.2521 8.1121 6.31214 5.23005 3.99226 3.96162 3.16295
threshold=1.1926521658897402 -0.34907266497611994 0.23470707237720492 0.32709264755249029 -0.15099659562110898 inf 0.99550706148147594
decision_type=8 8 10 2 10 8 8
left_child=1 2 -1 6 -5 -3 -2
right_child=3 5 -4 4 -6 -7 -8
leaf_value=1.2833027991497226e-05 -3.9314530173773844e-05 -6.6004763136034505e-06 6.3172918383530151e-05 -0.0001491595487956985 -4.9082047981431513e-05 0.00036254627748186582 5.5964829961743742e-05
leaf_weight=542956 108734 1148488 169842 39445 43577 1511 21708
leaf_count=542956 108734 1148488 169842 39445 43577 1511 21708
internal_value=-2.0118e-07 5.72518e-06 2.48279e-05 -5.19176e-05 -9.66318e-05 -6.11513e-06 -2.34578e-05
internal_weight=2.07626e+06 1.8628e+06 712798 213464 83022 1.15e+06 130442
internal_count=2076261 1862797 712798 213464 83022 1149999 130442
is_linear=0
shrinkage=0.00720685


Tree=202
num_leaves=8
num_cat=0
split_feature=1 6 23 6 23 9 17
split_gain=13.2373 5.80155 5.67622 5.33033 4.07771 4.06322 3.57286
threshold=1.0470762252807619 1.1757692694664004 -0.25644399225711817 0.46576568484306341 -0.16223997622728345 -3.3436529636383052 -0.39793546497821802
decision_type=2 10 8 8 10 8 2
left_child=3 2 -2 6 -5 -3 -1
right_child=1 5 -4 4 -6 -7 -8
leaf_value=3.3577184744311917e-05 -7.9271632542531666e-05 -0.00042111238102018439 -3.5027061149975997e-06 -3.1076400461066257e-05 8.2498434970731819e-06 -9.6892128246063705e-05 7.6518921795563415e-06
leaf_weight=417150 76137 2081 157758 262754 286003 56359 816525
leaf_count=417150 76137 2081 157758 262754 286003 56359 816525
internal_value=7.34022e-07 -4.42156e-05 -2.81672e-05 8.1062e-06 -1.05802e-05 -0.000108444 1.64182e-05
internal_weight=2.07477e+06 292335 233895 1.78243e+06 548757 58440 1.23368e+06
internal_count=2074767 292335 233895 1782432 548757 58440 1233675
is_linear=0
shrinkage=0.00720685


Tree=203
num_leaves=8
num_cat=0
split_feature=0 25 25 17 17 23 17
split_gain=15.8018 8.55018 6.03725 6.03004 4.26797 3.24403 1.65961
threshold=-1.1924140453338621 0.12110790982842447 1.6391316056251528 -0.54807081818580616 0.089385271072387709 0.67351707816123974 2.9538826942443852
decision_type=2 10 8 2 2 10 2
left_child=4 3 -3 -2 5 -1 -6
right_child=1 2 -4 -5 6 -7 -8
leaf_value=-0.0001032450623065324 1.8594045516565603e-05 3.1478561370877083e-05 -5.6704660737090642e-05 -1.6285275585433242e-05 3.1891430527335157e-06 5.6425251804428399e-06 -0.00027707771281076303
leaf_weight=107152 370787 654463 42970 842137 40477 16383 1127
leaf_count=107152 370787 654463 42970 842137 40477 16383 1127
internal_value=9.19782e-08 5.93863e-06 2.60453e-05 -5.62275e-06 -6.75426e-05 -8.88044e-05 -4.40843e-06
internal_weight=2.0755e+06 1.91036e+06 697433 1.21292e+06 165139 123535 41604
internal_count=2075496 1910357 697433 1212924 165139 123535 41604
is_linear=0
shrinkage=0.00720685


Tree=204
num_leaves=8
num_cat=0
split_feature=1 25 25 9 7 23 23
split_gain=12.7617 8.39823 5.48255 5.33628 5.03568 4.06576 2.74302
threshold=1.2963340282440188 0.12110790982842447 1.4654232859611513 -3.0580929517745967 0.049539534375071533 -0.93735036253929127 0.7384534776210786
decision_type=2 10 10 8 2 8 8
left_child=1 4 -3 6 -1 -5 -2
right_child=3 2 -4 5 -6 -7 -8
leaf_value=5.9350424863358749e-06 -0.00023042859986650927 3.1439758319646858e-05 -4.8183870537611672e-05 -0.00015254988577569672 -2.4505491664112374e-05 -3.3534598408732432e-05 1.4168093048541115e-05
leaf_weight=727130 12434 635772 48328 16335 461337 170621 2945
leaf_count=727130 12434 635772 48328 16335 461337 170621 2945
internal_value=-1.77033e-07 5.6981e-06 2.58147e-05 -5.45501e-05 -5.8813e-06 -4.39342e-05 -0.00018359
internal_weight=2.0749e+06 1.87257e+06 684100 202335 1.18847e+06 186956 15379
internal_count=2074902 1872567 684100 202335 1188467 186956 15379
is_linear=0
shrinkage=0.00720685


Tree=205
num_leaves=8
num_cat=0
split_feature=0 25 25 0 25 25 23
split_gain=15.5553 7.78965 5.29102 5.24796 4.52215 3.48066 1.8858
threshold=-0.83339819312095631 0.0050277663394808778 -3.2650512456893916 -4.0831270217895499 2.7295281887054448 0.041707912459969528 -0.250731810927391
decision_type=2 10 8 2 10 8 8
left_child=3 2 -2 6 -3 -5 -1
right_child=1 4 -4 5 -6 -7 -8
leaf_value=-0.00024307219773244239 9.2193909466117951e-05 2.3378932581772059e-05 -1.1683238637437097e-05 -7.5764156877924186e-05 -8.5639981181960236e-05 -1.614846456923036e-05 -0.00011026866547305596
leaf_weight=8265 26261 956421 842106 94334 20178 110394 16939
leaf_count=8265 26261 956421 842106 94334 20178 110394 16939
internal_value=1.96368e-07 7.16253e-06 -8.54168e-06 -5.56995e-05 2.11263e-05 -4.36184e-05 -0.000153827
internal_weight=2.0749e+06 1.84497e+06 868367 229932 976599 204728 25204
internal_count=2074898 1844966 868367 229932 976599 204728 25204
is_linear=0
shrinkage=0.00720685


Tree=206
num_leaves=8
num_cat=0
split_feature=1 21 8 3 2 9 8
split_gain=12.4053 5.9835 10.481 5.7969 4.85702 3.60705 2.94397
threshold=0.88520029187202465 inf 0.99550706148147594 1.529840409755707 0.072842668741941466 -3.7155882120132442 0.7459603250026704
decision_type=2 8 10 8 2 8 10
left_child=1 4 -3 5 -1 -2 -5
right_child=3 2 -4 6 -6 -7 -8
leaf_value=-6.4923391744705942e-06 -0.00015955793638202265 3.4764343911385082e-05 0.00079854988015809068 -0.00016330100052155871 1.8046186331989588e-05 -2.4603534334466581e-05 -3.7463080856453337e-06
leaf_weight=740064 10627 2955 1363 26605 965545 320334 7758
leaf_count=740064 10627 2955 1363 26605 965545 320334 7758
internal_value=-6.71758e-08 8.07732e-06 0.000275985 -3.81881e-05 7.3989e-06 -2.89374e-05 -0.000127281
internal_weight=2.07525e+06 1.70993e+06 4318 365324 1.70561e+06 330961 34363
internal_count=2075251 1709927 4318 365324 1705609 330961 34363
is_linear=0
shrinkage=0.00720685


Tree=207
num_leaves=8
num_cat=0
split_feature=1 19 8 9 21 3 3
split_gain=12.3627 6.32222 6.91342 5.39237 4.4707 2.88623 2.56799
threshold=1.2428570389747622 -0.34907266497611994 0.2814204096794129 -2.1169744729995723 inf 1.529840409755707 1.3666996359825136
decision_type=2 8 10 8 8 8 10
left_child=1 2 -1 6 -3 -5 -2
right_child=3 4 -4 5 -6 -7 -8
leaf_value=9.9505216730022269e-06 -0.00011515953674890995 -6.0604241726260129e-06 6.3287422688323246e-05 -2.7384602545914985e-05 0.00022665320281393925 -0.00011628769195238414 -0.00031175211048277098
leaf_weight=551262 26620 1134285 163702 166950 4303 21397 3965
leaf_count=551262 26620 1134285 163702 166950 4303 21397 3965
internal_value=-6.82917e-07 5.36643e-06 2.21629e-05 -5.18987e-05 -5.18073e-06 -3.7485e-05 -0.000140655
internal_weight=2.07248e+06 1.85355e+06 714964 218932 1.13859e+06 188347 30585
internal_count=2072484 1853552 714964 218932 1138588 188347 30585
is_linear=0
shrinkage=0.00720685


Tree=208
num_leaves=8
num_cat=0
split_feature=0 25 25 0 9 15 2
split_gain=15.7834 8.09621 6.72433 5.6864 2.98866 1.60916 1.47045
threshold=-2.2670853137969966 0.12110790982842447 1.4654232859611513 -0.10173349082469939 -1.4119676947593687 -1.5511549711227415 1.4733310341835024
decision_type=2 8 10 2 8 2 2
left_child=4 3 -3 -2 6 -6 -1
right_child=1 2 -4 -5 5 -7 -8
leaf_value=-0.00018175260999321355 -3.6339457146144953e-05 2.7351409037713239e-05 -5.6781546366283681e-05 1.8815617761046936e-07 -0.00025418963211002761 -6.3095970039512113e-05 9.6473908303004353e-05
leaf_weight=23070 288761 710341 53023 948212 2403 47862 1030
leaf_count=23070 288761 710341 53023 948212 2403 47862 1030
internal_value=-7.81681e-07 3.05099e-06 2.15075e-05 -8.33891e-06 -0.000103875 -7.22366e-05 -0.000169857
internal_weight=2.0747e+06 2.00034e+06 763364 1.23697e+06 74365 50265 24100
internal_count=2074702 2000337 763364 1236973 74365 50265 24100
is_linear=0
shrinkage=0.00720685


Tree=209
num_leaves=8
num_cat=0
split_feature=0 6 19 15 23 24 6
split_gain=14.4498 7.99198 7.34754 5.19742 3.59858 2.7936 2.7067
threshold=-1.7400413751602171 0.62831872701644909 -0.17086265236139295 0.20248828083276751 -0.25644399225711817 -2.6143565177917476 1.2123314738273623
decision_type=2 8 8 2 8 2 10
left_child=4 2 -2 -3 5 -1 -6
right_child=1 3 -4 -5 6 -7 -8
leaf_value=0.00085195048122892083 2.8222886280220436e-05 -3.7140293228034139e-05 -4.248647667682898e-06 1.0604150461436759e-05 -3.0537611902714109e-05 -0.00014379291654582704 -0.00014554395260186353
leaf_weight=146 773989 329994 679834 184704 58026 36204 13012
leaf_count=146 773989 329994 679834 184704 58026 36204 13012
internal_value=-4.2598e-08 4.3984e-06 1.30386e-05 -2.00067e-05 -8.14498e-05 -0.000139771 -5.16053e-05
internal_weight=2.07591e+06 1.96852e+06 1.45382e+06 514698 107388 36350 71038
internal_count=2075909 1968521 1453823 514698 107388 36350 71038
is_linear=0
shrinkage=0.00720685


Tree=210
num_leaves=8
num_cat=0
split_feature=7 19 23 23 21 3 15
split_gain=11.7499 8.22935 7.81906 7.01646 5.15073 3.97625 3.59922
threshold=0.46381635963916784 -0.17086265236139295 -1.0759391784667967 -0.10868284106254576 inf 1.3903185725212099 -0.24762792885303495
decision_type=2 8 10 10 8 10 2
left_child=1 2 -1 5 -3 -2 -5
right_child=3 4 -4 6 -6 -7 -8
leaf_value=-5.1632183029966633e-05 -6.0977457219286306e-05 -1.1088806068136138e-05 2.7449748115745284e-05 1.6077317550741211e-05 0.000273302187583346 -0.00016813454955317249 -5.4171129120790611e-05
leaf_weight=70352 138759 829846 843474 110050 3320 20664 57764
leaf_count=70352 138759 829846 843474 110050 3320 20664 57764
internal_value=-9.97626e-07 6.42606e-06 2.13615e-05 -4.06298e-05 -9.95523e-06 -7.4868e-05 -8.10323e-06
internal_weight=2.07423e+06 1.74699e+06 913826 327237 833166 159423 167814
internal_count=2074229 1746992 913826 327237 833166 159423 167814
is_linear=0
shrinkage=0.00720685


Tree=211
num_leaves=8
num_cat=0
split_feature=0 19 8 0 3 25 23
split_gain=14.0748 7.07011 6.5941 5.73788 4.44475 4.34748 2.07451
threshold=-0.51941031217575062 -0.34907266497611994 0.38220994174480444 -4.5563533306121817 1.3903185725212099 0.01848267670720816 -0.062164934352040284
decision_type=2 8 10 2 10 8 10
left_child=3 2 -2 6 -5 -3 -1
right_child=1 5 -4 4 -6 -7 -8
leaf_value=-0.00023094764817006795 1.4136309117718071e-05 -1.8847512714909328e-05 6.937343271112335e-05 -2.6232321286660161e-05 -0.00010669960874503717 1.0102241551905205e-05 -6.5935221990372683e-05
leaf_weight=11127 533941 524522 142129 261475 41282 553982 6143
leaf_count=11127 533941 524522 142129 261475 41282 553982 6143
internal_value=-5.40137e-07 7.47677e-06 2.57488e-05 -4.44934e-05 -3.72047e-05 -3.97723e-06 -0.00017226
internal_weight=2.0746e+06 1.75457e+06 676070 320027 302757 1.0785e+06 17270
internal_count=2074601 1754574 676070 320027 302757 1078504 17270
is_linear=0
shrinkage=0.00720685


Tree=212
num_leaves=8
num_cat=0
split_feature=3 19 8 25 7 18 12
split_gain=10.505 8.162 6.08508 5.52865 4.69715 3.50287 2.98322
threshold=1.1926521658897402 -0.17086265236139295 0.29364083707332617 0.17746201902627948 0.24067369848489764 3.8699431419372563 0.54178279638290416
decision_type=8 8 10 8 2 10 8
left_child=1 2 -1 -3 5 -2 -6
right_child=4 3 -4 -5 6 -7 -8
leaf_value=1.050736348272464e-05 -2.1495062263230589e-05 -2.2255613505414859e-05 5.338427151228858e-05 1.6924013653451178e-05 -4.5730621646728571e-05 0.00027516048881331371 -0.00012495103477253976
leaf_weight=765014 112723 602906 221744 271211 51363 2105 47545
leaf_count=765014 112723 602906 221744 271211 51363 2105 47545
internal_value=4.40821e-07 5.93696e-06 2.01427e-05 -1.00994e-05 -4.74105e-05 -1.60544e-05 -8.38129e-05
internal_weight=2.07461e+06 1.86088e+06 986758 874117 213736 114828 98908
internal_count=2074611 1860875 986758 874117 213736 114828 98908
is_linear=0
shrinkage=0.00720685


Tree=213
num_leaves=8
num_cat=0
split_feature=1 7 3 21 8 12 18
split_gain=10.2728 5.04308 4.76108 4.40887 9.28778 4.36235 2.51782
threshold=0.90232884883880626 -0.22666767239570615 1.3903185725212099 inf 0.99550706148147594 0.82883378863334667 3.8699431419372563
decision_type=2 2 8 8 10 8 10
left_child=3 6 -3 5 -5 -1 -2
right_child=1 2 -4 4 -6 -7 -8
leaf_value=1.1534577056625897e-05 7.7410950549600775e-06 -3.7249781885095191e-05 -0.00012029472611045442 1.3853538052444569e-05 0.00073804372959383789 -2.0799611980122799e-05 0.00027117160682740198
leaf_weight=1459134 81706 231244 42437 2978 1330 254514 1928
leaf_count=1459134 81706 231244 42437 2978 1330 254514 1928
internal_value=-1.43348e-09 -3.51602e-05 -5.01272e-05 7.31117e-06 0.00023755 6.73222e-06 1.38172e-05
internal_weight=2.07527e+06 357315 273681 1.71796e+06 4308 1.71365e+06 83634
internal_count=2075271 357315 273681 1717956 4308 1713648 83634
is_linear=0
shrinkage=0.00720685


Tree=214
num_leaves=8
num_cat=0
split_feature=6 2 15 15 18 23 2
split_gain=10.4173 6.67519 6.01962 5.62795 4.85985 4.82291 3.37727
threshold=0.59713104367256176 0.14347952604293826 0.22398630529642108 0.18201529979705813 -0.20763986557722089 -0.12469579651951788 -1.1130420565605161
decision_type=8 2 2 2 10 10 2
left_child=1 4 -3 5 -1 -2 -5
right_child=3 2 -4 6 -6 -7 -8
leaf_value=-2.3497258582173532e-05 -6.8497940069299536e-05 1.0992011392397189e-05 5.4018082473223417e-05 -7.4322661448258888e-05 1.3968768405194317e-05 -1.7114081662158771e-05 1.5426492619632004e-05
leaf_weight=374772 184572 518361 250505 24742 345681 195226 181659
leaf_count=374772 184572 518361 250505 24742 345681 195226 181659
internal_value=1.11634e-07 1.02411e-05 2.50105e-05 -2.56237e-05 -5.52063e-06 -4.20855e-05 4.66754e-06
internal_weight=2.07552e+06 1.48932e+06 768866 586199 720453 379798 206401
internal_count=2075518 1489319 768866 586199 720453 379798 206401
is_linear=0
shrinkage=0.00720685


Tree=215
num_leaves=8
num_cat=0
split_feature=0 25 25 19 23 6 0
split_gain=13.5869 8.14181 5.63052 4.39846 3.24978 2.2229 1.85897
threshold=-1.9680593609809873 -0.01048105815425515 2.7295281887054448 -0.3829337209463119 -0.250731810927391 1.1757692694664004 -4.5563533306121817
decision_type=2 8 10 8 8 10 2
left_child=4 3 -3 -2 6 -6 -1
right_child=1 2 -4 -5 5 -7 -8
leaf_value=-0.00026467478207441419 9.1920730737644291e-06 1.8671396952563069e-05 -9.6085900142459525e-05 -2.5043612353767459e-05 -3.3861241309321673e-05 -0.00014387102526952376 -0.00012007522014070259
leaf_weight=5655 299186 1102312 22662 559219 48264 11890 25195
leaf_count=5655 299186 1102312 22662 559219 48264 11890 25195
internal_value=-3.462e-07 3.60464e-06 1.63596e-05 -1.31112e-05 -8.64518e-05 -5.5608e-05 -0.000146589
internal_weight=2.07438e+06 1.98338e+06 1.12497e+06 858405 91004 60154 30850
internal_count=2074383 1983379 1124974 858405 91004 60154 30850
is_linear=0
shrinkage=0.00720685


Tree=216
num_leaves=8
num_cat=0
split_feature=0 23 25 25 0 2 3
split_gain=13.0438 7.04278 6.5459 6.75283 4.43613 4.2479 3.39173
threshold=-0.11056662350893019 -0.25644399225711817 -0.0052684410475194446 -1.6407474875450132 -2.2670853137969966 0.39622630178928381 1.0272812843322756
decision_type=2 8 10 8 2 2 8
left_child=1 4 3 -2 -1 -4 -3
right_child=2 6 5 -5 -6 -7 -8
leaf_value=-0.00015492973106376209 9.0439857032357008e-05 1.0382997973164251e-06 1.1423209336320248e-05 -1.145705964871404e-05 -5.1928264933341502e-05 4.5013520058416854e-05 -5.1431066146176802e-05
leaf_weight=24827 35642 273200 523934 646140 173390 311977 83558
leaf_count=24827 35642 273200 523934 646140 173390 311977 83558
internal_value=-4.89901e-07 -3.03876e-05 1.04428e-05 -6.12997e-06 -6.48302e-05 2.39598e-05 -1.12508e-05
internal_weight=2.07267e+06 554975 1.51769e+06 681782 198217 835911 356758
internal_count=2072668 554975 1517693 681782 198217 835911 356758
is_linear=0
shrinkage=0.00720685


Tree=217
num_leaves=8
num_cat=0
split_feature=3 19 2 25 9 23 23
split_gain=10.8518 8.56285 4.9763 4.78936 4.69594 2.69421 1.69032
threshold=1.1926521658897402 -0.34462994337081904 0.050985213369131095 -0.01048105815425515 -2.1169744729995723 -0.16223997622728345 -0.0056199422106146804
decision_type=8 8 2 8 10 10 10
left_child=1 2 -1 -3 6 -6 -2
right_child=4 3 -4 -5 5 -7 -8
leaf_value=3.8540557914864912e-06 -0.00022845832022651765 -2.343007937247087e-05 4.2078274497510699e-05 6.3926796963669362e-06 -6.5829185832525538e-05 -1.2658696550186604e-05 -7.2607390786611788e-05
leaf_weight=313982 9577 488424 405171 654438 97825 100195 5808
leaf_count=313982 9577 488424 405171 654438 97825 100195 5808
internal_value=3.27965e-07 5.90696e-06 2.53897e-05 -6.35263e-06 -4.83499e-05 -3.89261e-05 -0.000169633
internal_weight=2.07542e+06 1.86202e+06 719153 1.14286e+06 213405 198020 15385
internal_count=2075420 1862015 719153 1142862 213405 198020 15385
is_linear=0
shrinkage=0.00720685


Tree=218
num_leaves=8
num_cat=0
split_feature=0 4 0 21 9 20 2
split_gain=12.9133 7.67025 4.93787 3.98561 3.82908 1.648 1.51321
threshold=-2.2670853137969966 -1.2223077416419981 0.49994494020938879 inf -1.9979136586189268 1.219184994697571 1.4733310341835024
decision_type=2 8 2 8 8 8 2
left_child=4 3 -3 -2 6 -6 -1
right_child=1 2 -4 -5 5 -7 -8
leaf_value=-0.00020328485111318397 -4.76615344972485e-05 -5.4569632513170307e-07 2.4955397763281189e-05 0.00026875680374249382 -7.6482907839779918e-05 6.7996500944150179e-05 0.00011479630879260932
leaf_weight=16298 164197 1259401 574179 2093 52776 4445 815
leaf_count=16298 164197 1259401 574179 2093 52776 4445 815
internal_value=-2.77401e-07 3.18943e-06 7.43987e-06 -4.36773e-05 -9.35477e-05 -6.52582e-05 -0.000188129
internal_weight=2.0742e+06 1.99987e+06 1.83358e+06 166290 74334 57221 17113
internal_count=2074204 1999870 1833580 166290 74334 57221 17113
is_linear=0
shrinkage=0.00720685


Tree=219
num_leaves=8
num_cat=0
split_feature=2 23 25 2 21 19 25
split_gain=10.3294 7.9321 7.38948 5.49899 5.10218 4.72456 3.17382
threshold=-0.10117862373590468 -0.10342041775584219 0.079666625708341612 -1.1439185142517088 inf -0.25052154064178461 2.7295281887054448
decision_type=2 8 10 2 8 8 10
left_child=1 3 5 -1 -4 -2 -3
right_child=2 6 4 -5 -6 -7 -8
leaf_value=-8.9759905648690812e-05 1.838169177522683e-05 4.0424802993842002e-06 3.2290718739663852e-05 -2.7982298818703608e-05 0.0008279358837793337 -1.8162029854574813e-05 -0.00015594917593404634
leaf_weight=101015 325101 401234 528737 288774 418 422612 6544
leaf_count=101015 325101 401234 528737 288774 418 422612 6544
internal_value=-3.98101e-07 -2.07462e-05 1.23119e-05 -4.39924e-05 3.29208e-05 -2.27301e-06 1.47452e-06
internal_weight=2.07444e+06 797567 1.27687e+06 389789 529155 747713 407778
internal_count=2074435 797567 1276868 389789 529155 747713 407778
is_linear=0
shrinkage=0.00720685


Tree=220
num_leaves=8
num_cat=0
split_feature=1 25 8 11 7 24 6
split_gain=10.2291 8.19367 5.89289 5.07887 2.93986 1.77785 1.72149
threshold=1.9463691711425783 0.054591665044426925 -0.85993561148643483 1.2858846187591555 0.31222996115684515 -2.6143565177917476 1.1757692694664004
decision_type=2 8 10 10 2 2 8
left_child=1 2 -1 -3 5 -2 -6
right_child=4 3 -4 -5 6 -7 -8
leaf_value=-5.9440476211990224e-05 0.00083136866742856161 2.2680149955776051e-05 -4.9570596147154495e-06 -4.460815794656808e-05 -0.00010803113467886936 -4.7509229139882384e-05 -0.00023127687559649116
leaf_weight=115726 119 885735 945567 62362 21749 35763 8073
leaf_count=115726 119 885735 945567 62362 21749 35763 8073
internal_value=-3.65467e-08 2.85686e-06 -1.08981e-05 1.82541e-05 -8.85232e-05 -4.4572e-05 -0.000141402
internal_weight=2.07509e+06 2.00939e+06 1.06129e+06 948097 65704 35882 29822
internal_count=2075094 2009390 1061293 948097 65704 35882 29822
is_linear=0
shrinkage=0.00720685


Tree=221
num_leaves=8
num_cat=0
split_feature=1 25 25 17 2 1 25
split_gain=10.2319 7.53603 5.77963 5.77674 3.3297 1.96917 1.3569
threshold=1.7783973813056948 0.12110790982842447 1.4654232859611513 -0.53997793793678273 -1.3256374597549436 2.2602206468582158 0.085399337112903609
decision_type=2 10 10 2 2 2 8
left_child=1 3 -3 -1 5 -2 -6
right_child=4 2 -4 -5 6 -7 -8
leaf_value=1.6649120723103304e-05 -7.9599707599501909e-05 2.826727269640252e-05 -5.0322800793940297e-05 -1.6854508120182806e-05 -7.3393914172657557e-05 -0.00018471903245773883 -2.6106355569166578e-07
leaf_weight=385314 20827 672205 52389 872661 26835 16664 25890
leaf_count=385314 20827 672205 52389 872661 26835 16664 25890
internal_value=6.55723e-07 4.07141e-06 2.2585e-05 -6.59242e-06 -7.44058e-05 -0.000126327 -3.7484e-05
internal_weight=2.07278e+06 1.98257e+06 724594 1.25798e+06 90216 37491 52725
internal_count=2072785 1982569 724594 1257975 90216 37491 52725
is_linear=0
shrinkage=0.00720685


Tree=222
num_leaves=8
num_cat=0
split_feature=0 23 0 12 6 0 9
split_gain=11.9081 5.49462 5.38567 4.47811 4.38471 3.55005 2.31625
threshold=-0.51941031217575062 -0.25644399225711817 0.53595206141471874 0.51783749461174022 1.1757692694664004 -4.0831270217895499 1.62068647146225
decision_type=2 8 2 8 8 2 8
left_child=1 5 3 -2 -3 -1 -4
right_child=2 4 6 -5 -6 -7 -8
leaf_value=-0.00022621213352496563 8.0369817363643988e-06 -2.989722764101704e-06 2.8865524866822248e-05 -2.1827209309164869e-05 -8.7906789589375079e-05 -6.9997659203965395e-05 -5.4739465450449313e-05
leaf_weight=8149 837397 169854 521174 378731 38795 103730 17798
leaf_count=8149 837397 169854 521174 378731 38795 103730 17798
internal_value=-2.35923e-07 -4.06293e-05 7.14098e-06 -1.26342e-06 -1.87792e-05 -8.1378e-05 2.61046e-05
internal_weight=2.07563e+06 320528 1.7551e+06 1.21613e+06 208649 111879 538972
internal_count=2075628 320528 1755100 1216128 208649 111879 538972
is_linear=0
shrinkage=0.00720685


Tree=223
num_leaves=8
num_cat=0
split_feature=0 6 7 10 9 20 5
split_gain=11.9054 7.86938 5.14997 4.89537 2.85351 1.97275 1.56267
threshold=-2.2670853137969966 0.59713104367256176 0.29135273396968847 -1.1940591335296629 -1.7268918752670286 1.2412421703338625 -2.1315348148345943
decision_type=2 8 2 8 8 8 10
left_child=4 3 -3 -2 6 -6 -1
right_child=1 2 -4 -5 5 -7 -8
leaf_value=-0.00031291986380297494 -3.6377205341767184e-05 -5.5729602663046035e-06 -5.3872497871414751e-05 1.5822384343173209e-05 -7.4838573609548509e-05 8.669518647232892e-05 -0.0001357749375542887
leaf_weight=3047 100257 390315 162352 1347047 50210 4259 17127
leaf_count=3047 100257 390315 162352 1347047 50210 4259 17127
internal_value=3.7114e-08 3.37243e-06 -1.97616e-05 1.22064e-05 -8.93272e-05 -6.22063e-05 -0.000162545
internal_weight=2.07461e+06 1.99997e+06 552667 1.4473e+06 74643 54469 20174
internal_count=2074614 1999971 552667 1447304 74643 54469 20174
is_linear=0
shrinkage=0.00720685


Tree=224
num_leaves=8
num_cat=0
split_feature=6 19 1 2 25 8 23
split_gain=9.70467 6.65644 6.2496 4.73159 4.66874 3.75205 3.46325
threshold=0.56610175967216503 -0.34907266497611994 0.5950828790664674 0.47445270419120794 0.18453629314899447 1.1648206710815432 -1.1019871830940244
decision_type=8 8 2 2 8 10 8
left_child=1 3 5 -1 -3 -2 -4
right_child=2 4 6 -5 -6 -7 -8
leaf_value=1.4976583273150765e-05 -1.4191418480685084e-05 -1.2312950396071272e-05 -0.00016173007056616076 5.9353618751514292e-05 2.3334645979131457e-05 5.9167361425052502e-05 -4.7090297551581544e-05
leaf_weight=367617 352824 635612 14680 188923 272688 40353 202229
leaf_count=367617 352824 635612 14680 188923 272688 40353 202229
internal_value=3.56116e-07 1.04147e-05 -2.37948e-05 3.00409e-05 -1.61086e-06 -6.66219e-06 -5.48497e-05
internal_weight=2.07493e+06 1.46484e+06 610086 556540 908300 393177 216909
internal_count=2074926 1464840 610086 556540 908300 393177 216909
is_linear=0
shrinkage=0.00720685


Tree=225
num_leaves=8
num_cat=0
split_feature=0 25 25 17 9 25 0
split_gain=11.8228 6.70673 5.93029 5.21842 5.13093 3.72539 1.60565
threshold=-0.8722013235092162 0.12110790982842447 1.4654232859611513 -0.53997793793678273 -1.9979136586189268 0.039115149527788169 -3.2254713773727413
decision_type=2 10 10 2 8 8 2
left_child=4 3 -3 -2 6 -6 -1
right_child=1 2 -4 -5 5 -7 -8
leaf_value=-0.00020191198628092882 1.8426187808986173e-05 3.00829698970852e-05 -5.3303161726885262e-05 -1.4403763545338817e-05 -7.0139422655647244e-05 -5.4345659665792037e-06 -9.6540593627102072e-05
leaf_weight=11093 363987 629252 47651 813504 84451 102078 23275
leaf_count=11093 363987 629252 47651 813504 84451 102078 23275
internal_value=1.99397e-07 6.13631e-06 2.42128e-05 -4.25531e-06 -4.96397e-05 -3.473e-05 -0.000130557
internal_weight=2.07529e+06 1.85439e+06 676903 1.17749e+06 220897 186529 34368
internal_count=2075291 1854394 676903 1177491 220897 186529 34368
is_linear=0
shrinkage=0.00720685


Tree=226
num_leaves=8
num_cat=0
split_feature=7 12 21 6 6 4 1
split_gain=10.0957 8.56022 6.29692 8.28557 4.27538 3.34493 2.43159
threshold=0.31222996115684515 0.677332103252411 inf 2.1629589796066289 0.49644474685192114 -1.422915995121002 1.886314392089844
decision_type=2 8 8 8 8 8 2
left_child=2 5 4 -4 -1 -2 -3
right_child=1 6 3 -5 -6 -7 -8
leaf_value=1.5738392800442594e-05 -9.1484561754921545e-05 -6.6083430559181689e-05 0.00067414912407381879 -7.042767607021909e-05 -1.0042669313543335e-05 -3.4329296327924049e-06 -0.00015594277921768729
leaf_weight=1133650 24166 114174 1688 1436 473685 307892 18124
leaf_count=1133650 24166 114174 1688 1436 473685 307892 18124
internal_value=2.32618e-07 -2.93728e-05 8.76901e-06 0.000331966 8.14064e-06 -9.84133e-06 -7.83948e-05
internal_weight=2.07482e+06 464356 1.61046e+06 3124 1.60734e+06 332058 132298
internal_count=2074815 464356 1610459 3124 1607335 332058 132298
is_linear=0
shrinkage=0.00720685


Tree=227
num_leaves=8
num_cat=0
split_feature=0 25 10 17 2 0 17
split_gain=12.5641 8.00587 5.60063 4.63269 2.89103 1.88297 1.24051
threshold=-2.2670853137969966 -0.0079705063253641111 -1.178743779659271 -0.67313396930694569 -1.0834243297576902 -5.003096103668212 -0.034110598266124718
decision_type=2 8 8 2 2 2 2
left_child=4 3 -3 -2 5 -1 -6
right_child=1 2 -4 -5 6 -7 -8
leaf_value=-0.00024762354351740874 1.3414483591040751e-05 -3.4322345594854764e-05 2.1461919445887455e-05 -2.3267169476161006e-05 -7.5042016240184779e-05 -0.00011233347805016823 1.5160104662843027e-05
leaf_weight=6391 251054 102871 1023518 621538 23415 32614 11964
leaf_count=6391 251054 102871 1023518 621538 23415 32614 11964
internal_value=2.50695e-07 3.67295e-06 1.63672e-05 -1.27134e-05 -9.1717e-05 -0.000134507 -4.45383e-05
internal_weight=2.07336e+06 1.99898e+06 1.12639e+06 872592 74384 39005 35379
internal_count=2073365 1998981 1126389 872592 74384 39005 35379
is_linear=0
shrinkage=0.00720685


Tree=228
num_leaves=8
num_cat=0
split_feature=0 25 23 25 9 25 3
split_gain=12.3642 6.38207 5.66333 5.20167 4.04465 4.00849 3.16321
threshold=-0.51941031217575062 -0.0026930572930723424 -0.25644399225711817 -2.5756974220275874 -0.80365407466888417 2.7295281887054448 1.4137254953384402
decision_type=2 10 8 8 8 10 8
left_child=2 3 4 -2 -1 -3 -4
right_child=1 5 6 -5 -6 -7 -8
leaf_value=-0.00014175959639184033 8.5225889984072236e-05 2.1857469599483273e-05 -9.13163213546582e-06 -1.1451542566830506e-05 -5.1023519607056583e-05 -8.4656589088378986e-05 -9.658841553331688e-05
leaf_weight=39306 30029 933201 184234 772068 72735 18718 24314
leaf_count=39306 30029 933201 184234 772068 72735 18718 24314
internal_value=-3.77742e-07 7.14399e-06 -4.15308e-05 -7.83199e-06 -8.28565e-05 1.97629e-05 -1.93285e-05
internal_weight=2.0746e+06 1.75402e+06 320589 802097 112041 951919 208548
internal_count=2074605 1754016 320589 802097 112041 951919 208548
is_linear=0
shrinkage=0.00720685


Tree=229
num_leaves=8
num_cat=0
split_feature=0 11 25 9 7 17 4
split_gain=12.1575 7.3037 6.98695 3.44281 3.20353 2.39655 2.35567
threshold=-2.2670853137969966 1.2681584358215334 -0.01048105815425515 -2.2465035915374751 0.083319179713726058 0.057231005281209953 2.5009500980377202
decision_type=2 10 8 8 2 2 10
left_child=3 2 -2 6 -3 -5 -1
right_child=1 4 -4 5 -6 -7 -8
leaf_value=-0.00019580274873589657 -7.9789023093336028e-06 -9.9004189483833889e-06 2.0314813616856436e-05 -9.2519664766947123e-05 -7.6340634652351279e-05 1.0902847774418392e-05 0.00095530432077350967
leaf_weight=14558 795073 73455 1054588 44169 77422 15799 92
leaf_count=14558 795073 73455 1054588 44169 77422 15799 92
internal_value=8.50975e-07 4.21992e-06 8.15281e-06 -8.94704e-05 -4.39944e-05 -6.52721e-05 -0.000188511
internal_weight=2.07516e+06 2.00054e+06 1.84966e+06 74618 150877 59968 14650
internal_count=2075156 2000538 1849661 74618 150877 59968 14650
is_linear=0
shrinkage=0.00720685


Tree=230
num_leaves=8
num_cat=0
split_feature=7 12 25 25 18 15 11
split_gain=10.8716 7.57022 7.40444 7.02934 5.10174 4.31502 3.70521
threshold=0.38497109711170202 0.65144997835159313 0.079666625708341612 1.4654232859611513 3.8699431419372563 -0.87018090486526478 1.2503626346588137
decision_type=2 10 10 10 10 2 10
left_child=2 5 4 -4 -1 -2 -3
right_child=1 6 3 -5 -6 -7 -8
leaf_value=-5.295932217494319e-06 4.2291381996766974e-05 -6.4658959144792212e-05 3.2300829335049351e-05 -6.2620640105507438e-05 0.00024214612357198451 -2.7680646696722587e-05 -0.0001769000319037094
leaf_weight=979821 58227 100527 657467 43181 4346 214025 18013
leaf_count=979821 58227 100527 657467 43181 4346 214025 18013
internal_value=6.01073e-07 -3.36459e-05 8.54466e-06 2.64507e-05 -4.20299e-06 -1.27154e-05 -8.17163e-05
internal_weight=2.07561e+06 390792 1.68482e+06 700648 984167 272252 118540
internal_count=2075607 390792 1684815 700648 984167 272252 118540
is_linear=0
shrinkage=0.00720685


Tree=231
num_leaves=8
num_cat=0
split_feature=0 25 25 0 23 9 23
split_gain=12.5582 7.22207 6.06656 5.2586 3.20412 2.23606 1.52511
threshold=-2.2670853137969966 0.12110790982842447 1.4654232859611513 -0.083838790655136095 -0.250731810927391 -1.0812332630157468 -0.18767803162336347
decision_type=2 8 10 2 8 8 8
left_child=4 3 -3 -2 5 -1 -6
right_child=1 2 -4 -5 6 -7 -8
leaf_value=-0.00023195777397049704 -3.3611623489539193e-05 2.6421922579932019e-05 -5.3583122963039143e-05 1.0943980621169833e-06 0.00011157130728733732 -9.5660540655100634e-05 -6.740585148847868e-05
leaf_weight=11485 299055 711211 52886 937866 2609 13726 47079
leaf_count=11485 299055 711211 52886 937866 2609 13726 47079
internal_value=3.49996e-08 3.46441e-06 2.08844e-05 -7.2966e-06 -9.15845e-05 -0.000157759 -5.80057e-05
internal_weight=2.07592e+06 2.00102e+06 764097 1.23692e+06 74899 25211 49688
internal_count=2075917 2001018 764097 1236921 74899 25211 49688
is_linear=0
shrinkage=0.00720685


Tree=232
num_leaves=8
num_cat=0
split_feature=6 1 19 18 21 18 13
split_gain=9.77917 6.72213 6.08331 4.52602 4.49589 2.55054 2.46264
threshold=0.55657663941383373 0.86882415413856517 -0.17550805211067197 -0.20763986557722089 inf 3.8699431419372563 -2.6438746452331539
decision_type=8 2 8 10 8 10 8
left_child=2 4 3 -1 -2 -4 -3
right_child=1 6 5 -5 -6 -7 -8
leaf_value=7.6368211431645417e-06 -1.1682411579979655e-05 -0.00014529202501515858 -5.8992889488116792e-06 4.2718140722811957e-05 0.00023925740647662077 0.00025190486160470431 -5.3937052128644854e-05
leaf_weight=401256 451375 17120 689225 364546 3738 1998 146259
leaf_count=401256 451375 17120 689225 364546 3738 1998 146259
internal_value=1.54041e-07 -2.38563e-05 1.03462e-05 2.43367e-05 -9.62081e-06 -5.15372e-06 -6.35108e-05
internal_weight=2.07552e+06 618492 1.45702e+06 765802 455113 691223 163379
internal_count=2075517 618492 1457025 765802 455113 691223 163379
is_linear=0
shrinkage=0.00720685


Tree=233
num_leaves=8
num_cat=0
split_feature=6 15 7 19 21 15 25
split_gain=9.35669 6.68691 7.73246 5.84808 5.57441 5.09583 4.32839
threshold=0.68278661370277416 0.18201529979705813 0.27134963870048529 -0.17550805211067197 inf -0.90537825226783741 0.18797217309474948
decision_type=8 2 2 8 8 2 8
left_child=3 4 -3 5 -2 -1 -5
right_child=1 2 -4 6 -6 -7 -8
leaf_value=7.495907926618228e-05 -4.8739334032440944e-05 3.5439150646874245e-05 -7.1663856778291117e-05 -1.7230188213890134e-05 0.00023372542875851326 1.5995676499879341e-05 2.1059472677033273e-05
leaf_weight=84933 331465 138260 46882 517594 3668 734239 217889
leaf_count=84933 331465 138260 46882 517594 3668 734239 217889
internal_value=1.14624e-08 -2.64434e-05 8.31796e-06 8.86476e-06 -4.56471e-05 2.21092e-05 -5.88672e-06
internal_weight=2.07493e+06 520275 185142 1.55466e+06 335133 819172 735483
internal_count=2074930 520275 185142 1554655 335133 819172 735483
is_linear=0
shrinkage=0.00720685


Tree=234
num_leaves=8
num_cat=0
split_feature=1 25 23 25 9 25 3
split_gain=9.93578 6.45443 5.64677 5.18827 4.11264 4.03373 3.3396
threshold=0.83663043379783641 -0.0052684410475194446 -0.25644399225711817 -2.5756974220275874 -1.0812332630157468 2.7295281887054448 1.0272812843322756
decision_type=2 10 8 8 8 10 8
left_child=1 3 4 -1 -2 -3 -4
right_child=2 5 6 -5 -6 -7 -8
leaf_value=8.510308395827008e-05 -0.00013805484423701092 2.2715260194315114e-05 1.8873683640427116e-06 -1.1490959327445343e-05 -4.6862270278651219e-05 -8.7823395530345417e-05 -5.8543599126743936e-05
leaf_weight=30060 34819 903299 194119 735768 97929 17477 62882
leaf_count=30060 34819 903299 194119 735768 97929 17477 62882
internal_value=1.81054e-07 7.75954e-06 -3.26141e-05 -7.69935e-06 -7.07825e-05 2.0617e-05 -1.28987e-05
internal_weight=2.07635e+06 1.6866e+06 389749 765828 132748 920776 257001
internal_count=2076353 1686604 389749 765828 132748 920776 257001
is_linear=0
shrinkage=0.00720685


Tree=235
num_leaves=8
num_cat=0
split_feature=7 12 19 18 8 15 15
split_gain=9.28249 7.86886 7.25681 5.09672 4.97949 4.46641 1.86737
threshold=0.35957585275173193 0.677332103252411 -0.34462994337081904 3.8699431419372563 -0.57916957139968861 -0.66772082448005665 -0.38727210462093348
decision_type=2 10 8 10 10 2 2
left_child=2 5 4 -4 -1 -2 -3
right_child=1 6 3 -5 -6 -7 -8
leaf_value=-5.8230895929967974e-07 2.9284012051312604e-05 -4.5444458932303083e-05 -5.5694518833185782e-06 0.00021045983447439423 4.1640663255158729e-05 -3.0345159436971853e-05 -0.0001031900899123318
leaf_weight=224951 97638 49044 1021197 5703 408523 196632 71490
leaf_count=224951 97638 49044 1021197 5703 408523 196632 71490
internal_value=-1.54419e-07 -3.06496e-05 7.46405e-06 -4.36949e-06 2.6647e-05 -1.05602e-05 -7.96948e-05
internal_weight=2.07518e+06 414804 1.66037e+06 1.0269e+06 633474 294270 120534
internal_count=2075178 414804 1660374 1026900 633474 294270 120534
is_linear=0
shrinkage=0.00720685


Tree=236
num_leaves=8
num_cat=0
split_feature=4 1 21 11 8 15 18
split_gain=9.2345 5.6667 4.98952 4.88822 4.16159 2.6435 1.99
threshold=-1.2223077416419981 1.9463691711425783 -1.6352676749229429 1.2858846187591555 1.5871651172637942 0.10454263165593149 2.4258433580398564
decision_type=8 2 10 8 10 2 10
left_child=2 3 5 -2 -4 -1 -3
right_child=1 6 4 -5 -6 -7 -8
leaf_value=0.00038585552072804602 9.1464302919720924e-06 -5.1627407615726354e-05 -6.4886582180184434e-05 -4.2369128929084497e-05 6.1389399545350802e-05 -0.00021175479339501644 -0.00017591367536337819
leaf_weight=2003 1743718 42136 162135 101220 14791 475 7954
leaf_count=2003 1743718 42136 162135 101220 14791 475 7954
internal_value=-4.11968e-07 4.26657e-06 -4.98309e-05 6.32007e-06 -5.43295e-05 0.000271254 -7.13668e-05
internal_weight=2.07443e+06 1.89503e+06 179404 1.84494e+06 176926 2478 50090
internal_count=2074432 1895028 179404 1844938 176926 2478 50090
is_linear=0
shrinkage=0.00720685


Tree=237
num_leaves=8
num_cat=0
split_feature=7 12 19 18 8 11 11
split_gain=9.95723 7.63566 7.33817 6.75715 5.42621 3.24525 2.57575
threshold=0.34307660162448889 0.677332103252411 -0.34462994337081904 3.8699431419372563 0.30587971210479742 1.11865770816803 1.304881274700165
decision_type=2 10 8 10 10 10 10
left_child=2 5 4 -4 -1 -2 -3
right_child=1 6 3 -5 -6 -7 -8
leaf_value=1.6482608301382165e-05 -1.5626840380050902e-06 -6.5531456632273965e-05 -5.1663661048198704e-06 0.00024544609113290311 6.8132387335307753e-05 -6.7035500849584799e-05 -0.00016180472828836073
leaf_weight=492208 260177 107332 1011500 5618 134518 46320 16677
leaf_count=492208 260177 107332 1011500 5618 134518 46320 16677
internal_value=9.02897e-08 -3.07639e-05 8.17071e-06 -3.78187e-06 2.75686e-05 -1.14577e-05 -7.84798e-05
internal_weight=2.07435e+06 430506 1.64384e+06 1.01712e+06 626726 306497 124009
internal_count=2074350 430506 1643844 1017118 626726 306497 124009
is_linear=0
shrinkage=0.00720685


Tree=238
num_leaves=8
num_cat=0
split_feature=6 1 25 25 21 23 2
split_gain=9.21994 5.96129 5.92385 5.22803 3.79635 3.7841 3.59831
threshold=0.62831872701644909 0.32405398786067968 0.13639222085475924 -2.5756974220275874 -1.6352676749229429 -0.5215364098548888 -0.023365695029497143
decision_type=8 2 8 8 10 10 2
left_child=2 4 3 -1 -2 -3 -4
right_child=1 5 6 -5 -6 -7 -8
leaf_value=0.00010257096605629882 0.00020509256430259058 -9.4285845830463039e-05 5.5493695227277241e-06 -4.1418549331525362e-06 -6.157644502958804e-06 -3.2966171468360489e-05 4.3091667562523656e-05
leaf_weight=24468 4484 72573 219968 934952 297645 186851 333865
leaf_count=24468 4484 72573 219968 934952 297645 186851 333865
internal_value=1.58766e-07 -2.47803e-05 9.41344e-06 -1.42024e-06 -3.02169e-06 -5.01205e-05 2.81809e-05
internal_weight=2.07481e+06 561553 1.51325e+06 959420 302129 259424 553833
internal_count=2074806 561553 1513253 959420 302129 259424 553833
is_linear=0
shrinkage=0.00720685


Tree=239
num_leaves=8
num_cat=0
split_feature=6 2 1 15 15 23 21
split_gain=9.20825 6.91042 6.03344 5.93207 4.6997 3.78058 3.57934
threshold=0.49644474685192114 0.14347952604293826 0.75899970531463634 0.56446573138237011 -0.42680794000625605 -1.1019871830940244 inf
decision_type=8 2 2 2 2 8 8
left_child=1 4 6 -3 -1 -4 -2
right_child=2 3 5 -5 -6 -7 -8
leaf_value=1.8338429450479551e-05 -9.9151495172696649e-06 1.5006103261550151e-05 -0.00017378365931329138 6.4923563690161336e-05 -2.0908212337660689e-05 -4.7230781701447082e-05 0.00021214002691256464
leaf_weight=253527 466948 573314 13142 157651 422674 182665 3800
leaf_count=253527 466948 573314 13142 157651 422674 182665 3800
internal_value=-4.0757e-08 1.04113e-05 -2.21062e-05 2.57722e-05 -6.19349e-06 -5.57256e-05 -8.12219e-06
internal_weight=2.07372e+06 1.40717e+06 666555 730965 676201 195807 470748
internal_count=2073721 1407166 666555 730965 676201 195807 470748
is_linear=0
shrinkage=0.00720685


Tree=240
num_leaves=8
num_cat=0
split_feature=0 10 6 7 9 6 17
split_gain=10.9628 6.92851 5.2928 3.97784 3.46465 3.15892 2.69909
threshold=-1.9680593609809873 -1.178743779659271 0.65010431408882152 0.29806232452392584 -3.0580929517745967 1.2522296309471133 0.057231005281209953
decision_type=2 8 8 2 8 10 2
left_child=4 3 -3 -2 5 -1 -6
right_child=1 2 -4 -5 6 -7 -8
leaf_value=-0.00015289691375039224 -1.5460475298060977e-05 1.4815749598505458e-05 -1.4304024237587386e-05 -8.6573439112478434e-05 -8.6460660670962134e-05 -0.00052797711866637892 8.0078071455572509e-06
leaf_weight=9015 129156 1370672 424620 59757 59232 1339 21377
leaf_count=9015 129156 1370672 424620 59757 59232 1339 21377
internal_value=1.31327e-08 3.55981e-06 7.92836e-06 -3.79554e-05 -7.73507e-05 -0.000201449 -6.14081e-05
internal_weight=2.07517e+06 1.9842e+06 1.79529e+06 188913 90963 10354 80609
internal_count=2075168 1984205 1795292 188913 90963 10354 80609
is_linear=0
shrinkage=0.00720685


Tree=241
num_leaves=8
num_cat=0
split_feature=0 25 25 17 17 8 17
split_gain=11.3123 6.90726 5.1559 4.67656 4.02478 2.58911 2.56881
threshold=-1.3142480850219724 0.12110790982842447 1.4654232859611513 -0.54807081818580616 -0.034110598266124718 1.5309963822364809 -0.02967808116227388
decision_type=2 8 10 2 2 10 2
left_child=4 3 -3 -2 5 -1 -6
right_child=1 2 -4 -5 6 -7 -8
leaf_value=-8.1362369426891772e-05 1.5480864176617517e-05 2.7423118366641156e-05 -4.8257863670496912e-05 -1.5415609879865357e-05 0.00030019591481838257 -0.00030204397762378064 -1.7634822299422643e-05
leaf_weight=94161 367445 680036 50205 827413 1355 2844 50927
leaf_count=94161 367445 680036 50205 827413 1355 2844 50927
internal_value=7.11157e-08 4.75776e-06 2.22199e-05 -5.91424e-06 -6.0364e-05 -8.78355e-05 -9.39179e-06
internal_weight=2.07439e+06 1.9251e+06 730241 1.19486e+06 149287 97005 52282
internal_count=2074386 1925099 730241 1194858 149287 97005 52282
is_linear=0
shrinkage=0.00720685


Tree=242
num_leaves=8
num_cat=0
split_feature=6 2 23 9 18 13 5
split_gain=9.17444 5.93732 4.81298 4.50467 4.36778 2.46558 2.17052
threshold=0.56610175967216503 -0.007546262349933385 -0.70768836140632618 -3.7155882120132442 -0.21553821861743924 -2.6438746452331539 0.85430517792701732
decision_type=8 2 10 8 10 10 10
left_child=1 4 3 -2 -1 -4 -3
right_child=2 6 5 -5 -6 -7 -8
leaf_value=-2.8226697429965112e-05 -0.00059915804258896005 1.5569830934646014e-05 -9.033959508030753e-05 -6.2366742636880368e-05 1.1289250890472963e-05 -1.0717260666707104e-05 4.3536019516393775e-05
leaf_weight=288798 817 702170 21092 111754 292342 476942 181376
leaf_count=288798 817 702170 21092 111754 292342 476942 181376
internal_value=-2.40612e-07 9.54308e-06 -2.37092e-05 -6.62678e-05 -8.3482e-06 -1.40895e-05 2.13109e-05
internal_weight=2.07529e+06 1.46469e+06 610605 112571 581140 498034 883546
internal_count=2075291 1464686 610605 112571 581140 498034 883546
is_linear=0
shrinkage=0.00720685


Tree=243
num_leaves=8
num_cat=0
split_feature=0 19 0 23 18 6 15
split_gain=10.7067 5.23918 5.19955 4.64671 5.14652 3.22018 2.83836
threshold=-0.51941031217575062 -0.34462994337081904 0.50495052337646495 -0.25644399225711817 3.8699431419372563 0.88054722547531139 0.56446573138237011
decision_type=2 8 2 8 10 10 2
left_child=3 2 -2 4 -1 -5 -3
right_child=1 6 -4 5 -6 -7 -8
leaf_value=-8.452861925751636e-05 6.7181828229138376e-06 -9.2445742245603149e-06 4.747082086899305e-05 2.5870767766999391e-07 0.0001965313790371783 -6.1690794403156132e-05 1.8793300236335306e-05
leaf_weight=108324 416246 829026 266861 146519 3492 62030 242348
leaf_count=108324 416246 829026 266861 146519 3492 62030 242348
internal_value=4.63757e-08 7.04204e-06 2.26386e-05 -3.82653e-05 -7.57493e-05 -1.81674e-05 -2.90229e-06
internal_weight=2.07485e+06 1.75448e+06 683107 320365 111816 208549 1.07137e+06
internal_count=2074846 1754481 683107 320365 111816 208549 1071374
is_linear=0
shrinkage=0.00720685


Tree=244
num_leaves=8
num_cat=0
split_feature=2 19 23 21 23 8 1
split_gain=9.21797 7.56478 6.81209 6.13346 5.70416 4.64771 3.65227
threshold=-0.37599356472492212 -0.39267207682132715 -0.098129801452159868 inf -1.7544986605644224 -0.9093126356601714 1.9463691711425783
decision_type=2 8 8 8 10 10 2
left_child=2 4 5 -3 -2 -1 -4
right_child=1 3 6 -5 -6 -7 -8
leaf_value=-0.0001271362556829862 -0.00012318616797988064 -3.4239276548464139e-06 7.2571852908593339e-06 0.00043660958977367219 3.4916291527489827e-05 -3.9502546968202639e-05 -8.2956574359991855e-05
leaf_weight=36284 12135 995804 260464 1647 507192 235111 25598
leaf_count=36284 12135 995804 260464 1647 507192 235111 25598
internal_value=-2.93976e-07 8.91642e-06 -2.53544e-05 -2.6969e-06 3.12217e-05 -5.12192e-05 -8.15669e-07
internal_weight=2.07424e+06 1.51678e+06 557457 997451 519327 271395 286062
internal_count=2074235 1516778 557457 997451 519327 271395 286062
is_linear=0
shrinkage=0.00720685


Tree=245
num_leaves=8
num_cat=0
split_feature=0 25 25 7 9 25 23
split_gain=10.4684 5.88401 5.22463 4.88972 4.79674 3.25822 2.73756
threshold=-0.8722013235092162 0.12110790982842447 1.4654232859611513 0.036726862192153938 -1.8047696352005003 0.041707912459969528 0.11640224233269693
decision_type=2 10 10 2 8 8 8
left_child=4 3 -3 -2 6 -6 -1
right_child=1 2 -4 -5 5 -7 -8
leaf_value=-0.00016951340922490783 7.1915910703918458e-06 2.7347145403563855e-05 -5.1008584278039569e-05 -2.2765166749054949e-05 -6.5279725472827777e-05 -3.9180100630368021e-06 -4.7463699942782353e-05
leaf_weight=23336 704825 628571 47540 472859 82697 98452 16154
leaf_count=23336 704825 628571 47540 472859 82697 98452 16154
internal_value=-6.93335e-07 4.89197e-06 2.18375e-05 -4.83651e-06 -4.76206e-05 -3.19308e-05 -0.00011959
internal_weight=2.07443e+06 1.8538e+06 676111 1.17768e+06 220639 181149 39490
internal_count=2074434 1853795 676111 1177684 220639 181149 39490
is_linear=0
shrinkage=0.00720685


Tree=246
num_leaves=8
num_cat=0
split_feature=1 25 21 25 9 23 23
split_gain=8.59922 6.80509 6.23232 4.49785 2.50433 2.08679 1.74999
threshold=1.9463691711425783 0.054591665044426925 inf -3.2650512456893916 -1.4645861983299253 -0.97770690917968739 0.10952783375978471
decision_type=2 8 8 10 8 8 8
left_child=1 3 -3 -1 6 -6 -2
right_child=4 2 -4 -5 5 -7 -8
leaf_value=7.6884851864116727e-05 -0.00020157231467423899 1.5909739465872716e-05 0.00049155681078921407 -1.2475196681820173e-05 -0.00021447937192949716 -3.7060671726139306e-05 -6.3216382006652994e-05
leaf_weight=30109 12344 946690 1432 1031025 3752 41752 7719
leaf_count=30109 12344 946690 1432 1031025 3752 41752 7719
internal_value=-5.30387e-08 2.59735e-06 1.66287e-05 -9.93957e-06 -8.12718e-05 -5.16943e-05 -0.000148348
internal_weight=2.07482e+06 2.00926e+06 948122 1.06113e+06 65567 45504 20063
internal_count=2074823 2009256 948122 1061134 65567 45504 20063
is_linear=0
shrinkage=0.00720685


Tree=247
num_leaves=8
num_cat=0
split_feature=0 23 18 19 8 7 15
split_gain=10.2052 5.80946 5.73883 4.71169 5.59796 2.78384 2.49343
threshold=-0.11944471672177313 -0.25644399225711817 3.8699431419372563 -0.33544866740703577 0.36919231712818151 -0.30061943829059595 0.5341399908065797
decision_type=2 8 10 8 10 2 2
left_child=1 2 -1 4 -2 -3 -5
right_child=3 5 -4 6 -6 -7 -8
leaf_value=-6.3788672187663e-05 1.3172850575458381e-05 2.855605400812762e-05 0.0002145279929683228 -7.4837691628110781e-06 6.4866755090043211e-05 -2.0069049961230696e-05 2.0752087978358852e-05
leaf_weight=191427 480247 78782 3926 694865 140674 273261 211994
leaf_count=191427 480247 78782 3926 694865 140674 273261 211994
internal_value=2.29553e-08 -2.66769e-05 -5.81942e-05 9.5894e-06 2.48846e-05 -9.18735e-06 -8.83105e-07
internal_weight=2.07518e+06 547396 195353 1.52778e+06 620921 352043 906859
internal_count=2075176 547396 195353 1527780 620921 352043 906859
is_linear=0
shrinkage=0.00720685


Tree=248
num_leaves=8
num_cat=0
split_feature=0 23 11 18 8 3 18
split_gain=10.3812 5.01435 4.31532 3.73192 3.56253 2.2769 1.12588
threshold=-0.51941031217575062 -0.25644399225711817 1.2681584358215334 3.8699431419372563 -1.2053646445274351 1.646769165992737 0.73667743802070629
decision_type=2 8 10 10 10 10 10
left_child=1 3 4 -1 -2 -3 -4
right_child=2 5 6 -5 -6 -7 -8
leaf_value=-8.342827264971345e-05 -4.7756953418046919e-05 -9.9879613161920747e-06 -4.6377539568539947e-05 0.00015838755628577478 1.2313133794076686e-05 -0.00010632410520907268 1.0509845471576764e-05
leaf_weight=108817 52990 194519 92639 3418 1586441 13635 22447
leaf_count=108817 52990 194519 92639 3418 1586441 13635 22447
internal_value=4.88291e-07 -3.72349e-05 7.37688e-06 -7.60625e-05 1.03715e-05 -1.6299e-05 -3.52817e-05
internal_weight=2.07491e+06 320389 1.75452e+06 112235 1.63943e+06 208154 115086
internal_count=2074906 320389 1754517 112235 1639431 208154 115086
is_linear=0
shrinkage=0.00720685


Tree=249
num_leaves=8
num_cat=0
split_feature=1 25 11 17 6 8 25
split_gain=8.8969 6.77241 5.31739 5.01917 1.62966 1.93397 1.46573
threshold=1.9463691711425783 -0.01048105815425515 1.2681584358215334 -0.53997793793678273 1.1757692694664004 0.76680660247802745 -0.031883209943771355
decision_type=2 8 10 2 10 10 8
left_child=1 3 -3 -1 6 -6 -2
right_child=4 2 -4 -5 5 -7 -8
leaf_value=1.090788834780113e-05 -0.00011497498696780063 1.8688360840695134e-05 -4.2073151821783127e-05 -2.5256877554803412e-05 -0.00018030683065490503 1.4027767633728731e-05 -3.1885587363202953e-05
leaf_weight=310519 17003 1061761 80474 556590 13822 3293 31377
leaf_count=310519 17003 1061761 80474 556590 13822 3293 31377
internal_value=1.85243e-07 2.87959e-06 1.44075e-05 -1.23059e-05 -8.24742e-05 -0.000142916 -6.10893e-05
internal_weight=2.07484e+06 2.00934e+06 1.14224e+06 867109 65495 17115 48380
internal_count=2074839 2009344 1142235 867109 65495 17115 48380
is_linear=0
shrinkage=0.00720685


Tree=250
num_leaves=8
num_cat=0
split_feature=0 0 4 2 15 18 23
split_gain=10.8116 6.22321 5.12679 4.07953 8.66137 4.95104 1.99453
threshold=-0.11056662350893019 -4.0831270217895499 -0.071672309190034852 0.14347952604293826 0.22398630529642108 -0.20763986557722089 0.06811497732996942
decision_type=2 2 8 2 2 10 10
left_child=1 6 -3 5 -5 -2 -1
right_child=3 2 -4 4 -6 -7 -8
leaf_value=-0.00017978403048678871 -1.9268811030410595e-05 -3.958510750387699e-05 7.189511584700337e-06 2.5393813857324733e-06 5.1664526261383083e-05 1.9610450066612776e-05 -3.9325767563285982e-05
leaf_weight=17872 422092 339916 189588 522138 289913 284971 7437
leaf_count=17872 422092 339916 189588 522138 289913 284971 7437
internal_value=-8.86708e-07 -2.81146e-05 -2.28375e-05 9.05751e-06 2.00778e-05 -3.59907e-06 -0.000138515
internal_weight=2.07393e+06 554813 529504 1.51911e+06 812051 707063 25309
internal_count=2073927 554813 529504 1519114 812051 707063 25309
is_linear=0
shrinkage=0.00720685


Tree=251
num_leaves=8
num_cat=0
split_feature=7 3 18 24 23 23 23
split_gain=9.30368 6.70148 5.09244 6.66095 5.1711 3.83005 3.10451
threshold=0.36784192919731146 1.4137254953384402 3.8699431419372563 -2.1070327758789058 -0.79646089673042286 0.10952783375978471 -0.045505013316869729
decision_type=2 10 10 2 10 10 10
left_child=2 5 4 -4 -1 -2 -3
right_child=1 6 3 -5 -6 -7 -8
leaf_value=-2.2406303744805135e-05 -3.7515620213795898e-05 -0.00016393931614609031 0.0007848362691995431 0.00011524432827181735 1.2754406959763868e-05 1.1452819548366425e-05 -4.6595835671444218e-05
leaf_weight=256974 228956 25972 917 4845 1405314 130096 21328
leaf_count=256974 228956 25972 917 4845 1405314 130096 21328
internal_value=5.2722e-07 -3.03956e-05 8.06032e-06 0.000221923 7.31887e-06 -1.97727e-05 -0.000111031
internal_weight=2.0744e+06 406352 1.66805e+06 5762 1.66229e+06 359052 47300
internal_count=2074402 406352 1668050 5762 1662288 359052 47300
is_linear=0
shrinkage=0.00720685


Tree=252
num_leaves=8
num_cat=0
split_feature=0 25 25 0 3 2 2
split_gain=10.3999 5.82243 6.33209 5.52783 4.32255 4.05608 1.7018
threshold=-0.15986773371696469 -0.0052684410475194446 -2.5756974220275874 -4.0831270217895499 0.99985504150390636 0.18544596433639529 -1.9707385897636411
decision_type=2 10 8 2 10 2 2
left_child=3 2 -2 6 -5 -3 -1
right_child=1 5 -4 4 -6 -7 -8
leaf_value=-0.00020100861828667451 0.00010441418504207953 5.4677075860841531e-06 -1.0984890428777564e-05 -1.065076221214617e-05 -5.9417166468580095e-05 3.6807579916328664e-05 -8.1439956315433517e-05
leaf_weight=10829 25631 426969 676593 361713 127744 431007 14415
leaf_count=10829 25631 426969 676593 361713 127744 431007 14415
internal_value=-6.51023e-07 8.61617e-06 -6.77268e-06 -2.87425e-05 -2.33785e-05 2.12114e-05 -0.000132738
internal_weight=2.0749e+06 1.5602e+06 702224 514701 489457 857976 25244
internal_count=2074901 1560200 702224 514701 489457 857976 25244
is_linear=0
shrinkage=0.00720685


Tree=253
num_leaves=8
num_cat=0
split_feature=0 0 25 25 25 9 15
split_gain=9.97632 5.20016 4.84153 5.21989 4.34485 3.78177 1.07189
threshold=-0.034701250493526452 -4.5563533306121817 -0.0052684410475194446 -1.6407474875450132 0.041707912459969528 -4.1378033161163321 -1.5511549711227415
decision_type=2 2 10 8 8 10 2
left_child=1 6 3 -2 -3 -4 -1
right_child=2 4 5 -5 -6 -7 -8
leaf_value=-0.00035507108486247408 8.2913208470853221e-05 -3.9313478234869946e-05 -0.00024232302861014522 -8.5820002426526728e-06 -9.4270175232704418e-07 2.3714033745020393e-05 -0.00013128675679426789
leaf_weight=1194 34194 303879 2784 612151 309261 796281 16070
leaf_count=1194 34194 303879 2784 612151 309261 796281 16070
internal_value=4.90162e-07 -2.34332e-05 1.09242e-05 -3.74142e-06 -1.99598e-05 2.27868e-05 -0.000146784
internal_weight=2.07581e+06 630404 1.44541e+06 646345 613140 799065 17264
internal_count=2075814 630404 1445410 646345 613140 799065 17264
is_linear=0
shrinkage=0.00720685


Tree=254
num_leaves=8
num_cat=0
split_feature=7 12 19 18 10 25 10
split_gain=9.08711 7.95867 6.7045 7.19415 2.99951 2.80999 2.10204
threshold=0.31940108537673956 0.677332103252411 -0.39267207682132715 3.8699431419372563 -1.2090417146682737 4.3423571586608896 -1.2257037758827207
decision_type=2 10 8 10 10 10 8
left_child=2 4 5 -4 -2 -1 -3
right_child=1 6 3 -5 -6 -7 -8
leaf_value=2.990730694897794e-05 -6.7827734304601987e-05 -0.00014246668775406288 -3.4700445927771817e-06 0.00025591562833197093 -8.0043546214854733e-07 -0.00020821592456035789 -6.303092574135743e-05
leaf_weight=552051 39450 20545 1058236 5582 286554 2585 109647
leaf_count=552051 39450 20545 1058236 5582 286554 2585 109647
internal_value=4.74728e-07 -2.79345e-05 8.48251e-06 -2.10876e-06 -8.91171e-06 2.87971e-05 -7.55675e-05
internal_weight=2.07465e+06 456196 1.61845e+06 1.06382e+06 326004 554636 130192
internal_count=2074650 456196 1618454 1063818 326004 554636 130192
is_linear=0
shrinkage=0.00720685


Tree=255
num_leaves=8
num_cat=0
split_feature=1 25 25 8 9 6 24
split_gain=9.27913 6.99224 5.58852 4.56392 4.30626 2.31024 1.92131
threshold=1.9463691711425783 0.079666625708341612 2.7295281887054448 -0.81545963883399952 -3.7155882120132442 1.2522296309471133 -2.6143565177917476
decision_type=2 8 10 10 8 10 2
left_child=1 3 -3 -1 5 -2 -6
right_child=4 2 -4 -5 6 -7 -8
leaf_value=-4.7852720006340297e-05 -0.00022775997942075301 2.0179092046591548e-05 -9.3795841586867773e-05 -4.3972345601795541e-06 0.0008034883293390314 -0.00068215144638640417 -7.0434385516482355e-05
leaf_weight=143771 4284 853684 22944 989233 130 672 60376
leaf_count=143771 4284 853684 22944 989233 130 672 60376
internal_value=-8.37452e-07 1.91308e-06 1.71959e-05 -9.91152e-06 -8.5276e-05 -0.000289496 -6.85438e-05
internal_weight=2.07509e+06 2.00963e+06 876628 1.133e+06 65462 4956 60506
internal_count=2075094 2009632 876628 1133004 65462 4956 60506
is_linear=0
shrinkage=0.00720685


Tree=256
num_leaves=8
num_cat=0
split_feature=0 3 19 17 7 23 19
split_gain=10.2754 6.31167 6.72501 2.96444 2.85437 2.69581 1.00291
threshold=-2.2670853137969966 1.1926521658897402 -0.39267207682132715 0.057231005281209953 0.35957585275173193 0.67351707816123974 -1.4574795365333555
decision_type=2 8 8 2 2 10 8
left_child=3 2 -2 5 -3 -1 -5
right_child=1 4 -4 6 -6 -7 -8
leaf_value=-0.00012725256976487876 2.6064707789280253e-05 -1.5631609488791044e-05 -3.1679395694503781e-06 0.00065212765808887524 -7.3052885773987569e-05 2.4526923188963706e-05 -6.4003774641733539e-06
leaf_weight=49912 626966 126611 1174311 120 69725 6920 17550
leaf_count=49912 626966 126611 1174311 120 69725 6920 17550
internal_value=-3.21679e-07 2.77764e-06 7.00699e-06 -8.34227e-05 -3.60241e-05 -0.000108771 -1.89213e-06
internal_weight=2.07212e+06 1.99761e+06 1.80128e+06 74502 196336 56832 17670
internal_count=2072115 1997613 1801277 74502 196336 56832 17670
is_linear=0
shrinkage=0.00720685


Tree=257
num_leaves=8
num_cat=0
split_feature=0 0 0 18 7 9 5
split_gain=9.65499 4.06886 3.94659 6.06006 3.03513 2.58668 1.22448
threshold=-0.54240804910659779 -4.5563533306121817 0.5466713309288026 -0.22332165390253064 -0.23749797046184537 1.7538130879402163 -2.6653387546539302
decision_type=2 2 2 10 2 8 8
left_child=1 6 3 -2 -3 -4 -1
right_child=2 4 5 -5 -6 -7 -8
leaf_value=-0.00028544937666720541 -1.7690599047707301e-05 9.9441198922451779e-06 2.5071851672795233e-05 1.4203545734127047e-05 -4.4214508875663667e-05 -8.1571075987869922e-05 -0.00011880483458548686
leaf_weight=2719 591445 70726 510614 648886 223823 12092 14531
leaf_count=2719 591445 70726 510614 648886 223823 12092 14531
internal_value=-5.43058e-07 -3.75107e-05 5.9948e-06 -1.00498e-06 -3.12101e-05 2.26046e-05 -0.000145088
internal_weight=2.07484e+06 311799 1.76304e+06 1.24033e+06 294549 522706 17250
internal_count=2074836 311799 1763037 1240331 294549 522706 17250
is_linear=0
shrinkage=0.00720685


Tree=258
num_leaves=8
num_cat=0
split_feature=7 23 18 24 3 23 11
split_gain=9.1856 6.25919 5.84526 6.80203 5.73527 5.25628 2.83488
threshold=0.34307660162448889 -0.10868284106254576 3.8699431419372563 -2.197600126266479 1.4398193359375002 -0.79646089673042286 1.1591656208038332
decision_type=2 10 10 2 10 10 10
left_child=2 4 5 -4 -2 -1 -3
right_child=1 6 3 -5 -6 -7 -8
leaf_value=-2.3009612314478953e-05 -4.4097273944051357e-05 8.4011940362115822e-06 0.00086150898163216561 0.0001388674466691465 -0.00016340968821040036 1.2693269455583355e-05 -6.4098761663751989e-05
leaf_weight=253367 187986 186901 783 4943 23546 1384419 32950
leaf_count=253367 187986 186901 783 4943 23546 1384419 32950
internal_value=2.05019e-07 -2.93925e-05 7.9737e-06 0.000237815 -5.73789e-05 7.16998e-06 -2.46479e-06
internal_weight=2.0749e+06 431383 1.64351e+06 5726 211532 1.63779e+06 219851
internal_count=2074895 431383 1643512 5726 211532 1637786 219851
is_linear=0
shrinkage=0.00720685


Tree=259
num_leaves=8
num_cat=0
split_feature=6 7 19 2 13 25 3
split_gain=8.31605 6.53988 5.53928 5.07694 4.12457 4.04488 3.23714
threshold=0.59713104367256176 0.29135273396968847 -0.17550805211067197 0.41934643685817724 -2.6438746452331539 0.18108381330966952 1.3903185725212099
decision_type=8 2 8 2 8 8 10
left_child=2 4 3 -1 -2 -4 -3
right_child=1 6 5 -5 -6 -7 -8
leaf_value=8.2266579856499461e-06 -0.00011570112143617547 -4.1611322001350014e-05 -1.7213992157187766e-05 4.6462378786389079e-05 -2.5055377626705341e-06 2.0317787863558345e-05 -0.00011191470033498513
leaf_weight=500619 17466 132121 492060 281949 390457 214004 45814
leaf_count=500619 17466 132121 492060 281949 390457 214004 45814
internal_value=-2.5459e-07 -2.32555e-05 8.79753e-06 2.20026e-05 -7.35254e-06 -5.83827e-06 -5.97134e-05
internal_weight=2.07449e+06 585858 1.48863e+06 782568 407923 706064 177935
internal_count=2074490 585858 1488632 782568 407923 706064 177935
is_linear=0
shrinkage=0.00720685


Tree=260
num_leaves=8
num_cat=0
split_feature=6 15 18 9 9 8 16
split_gain=8.1027 5.31485 4.84554 4.32189 3.70097 3.21598 3.13332
threshold=0.56610175967216503 0.18201529979705813 -0.22332165390253064 0.27492456138134008 -1.5234258770942686 1.9329385161399844 1.860293507575989
decision_type=8 2 10 8 10 8 2
left_child=2 6 3 -1 -4 -3 -2
right_child=1 5 4 -5 -6 -7 -8
leaf_value=1.4830668132357019e-05 -4.1055799118161054e-05 -8.7355394207759287e-07 -2.6543313692974926e-05 -1.9533915540674358e-05 2.8082868648476177e-05 0.00011216726398913831 9.8642263029398861e-05
leaf_weight=351607 388435 199566 71771 413769 628640 13987 8521
leaf_count=351607 388435 199566 71771 413769 628640 13987 8521
internal_value=-4.00344e-07 -2.24603e-05 8.78775e-06 -3.7471e-06 2.24853e-05 6.53058e-06 -3.80568e-05
internal_weight=2.0763e+06 610509 1.46579e+06 765376 700411 213553 396956
internal_count=2076296 610509 1465787 765376 700411 213553 396956
is_linear=0
shrinkage=0.00720685


Tree=261
num_leaves=8
num_cat=0
split_feature=0 12 23 10 23 9 6
split_gain=9.10332 4.79529 4.31852 4.04527 3.2537 3.1554 2.77403
threshold=-0.69907149672508229 0.80923914909362804 -0.25644399225711817 -1.3139060735702512 -0.5215364098548888 -3.7155882120132442 1.1757692694664004
decision_type=2 8 8 8 10 8 10
left_child=2 3 5 -2 -3 -1 -4
right_child=1 4 6 -5 -6 -7 -8
leaf_value=-0.00028759319522083954 -3.8329292408795594e-05 -5.941325049585783e-05 -3.651268508280701e-06 1.4504304089186595e-05 -5.4779018283450761e-06 -7.0332027264896697e-05 -7.7797340105826695e-05
leaf_weight=3615 79427 79528 139656 1437570 215531 87354 32261
leaf_count=3615 79427 79528 139656 1437570 215531 87354 32261
internal_value=8.17875e-07 6.56753e-06 -3.88139e-05 1.1738e-05 -2.00155e-05 -7.89689e-05 -1.75656e-05
internal_weight=2.07494e+06 1.81206e+06 262886 1.517e+06 295059 90969 171917
internal_count=2074942 1812056 262886 1516997 295059 90969 171917
is_linear=0
shrinkage=0.00720685


Tree=262
num_leaves=8
num_cat=0
split_feature=0 25 25 0 9 6 25
split_gain=9.27125 6.45033 6.21407 4.44754 2.27504 2.79449 2.35327
threshold=-2.2670853137969966 0.12110790982842447 1.4654232859611513 -1.0000000180025095e-35 -3.0580929517745967 1.2522296309471133 -0.013060959521681069
decision_type=2 8 10 2 8 10 8
left_child=4 3 -3 -2 5 -1 -6
right_child=1 2 -4 -5 6 -7 -8
leaf_value=-0.00013622344317922323 -2.8788415528133101e-05 2.4910552404155656e-05 -5.5781810942159127e-05 1.3671353526480159e-06 -0.00012013103296075906 -0.00050816944212344034 -3.0745411674656744e-05
leaf_weight=7997 357066 711482 53279 880252 24378 1207 41073
leaf_count=7997 357066 711482 53279 880252 24378 1207 41073
internal_value=-1.05701e-07 2.83475e-06 1.92888e-05 -7.33517e-06 -7.89613e-05 -0.00018505 -6.40398e-05
internal_weight=2.07673e+06 2.00208e+06 764761 1.23732e+06 74655 9204 65451
internal_count=2076734 2002079 764761 1237318 74655 9204 65451
is_linear=0
shrinkage=0.00720685


Tree=263
num_leaves=8
num_cat=0
split_feature=0 23 25 25 0 6 25
split_gain=9.74603 6.19501 4.86697 5.3797 4.18983 3.91807 3.79168
threshold=-0.11056662350893019 -0.25644399225711817 0.11804664134979249 -3.2650512456893916 -2.2670853137969966 0.55657663941383373 2.7295281887054448
decision_type=2 8 10 8 2 8 10
left_child=1 4 3 -2 -1 -3 -4
right_child=2 5 6 -5 -6 -7 -8
leaf_value=-0.00014525069370430332 0.00011736776728719616 1.2241063033676139e-05 2.9363348280800436e-05 -2.93358949387034e-06 -4.5532030164662547e-05 -3.6191416054662022e-05 -8.6319917784404381e-05
leaf_weight=25045 19712 208661 547703 936837 173408 148490 15121
leaf_count=25045 19712 208661 547703 936837 173408 148490 15121
internal_value=-5.3101e-09 -2.5834e-05 9.4397e-06 -4.54349e-07 -5.81174e-05 -7.89532e-06 2.62552e-05
internal_weight=2.07498e+06 555604 1.51937e+06 956549 198453 357151 562824
internal_count=2074977 555604 1519373 956549 198453 357151 562824
is_linear=0
shrinkage=0.00720685


Tree=264
num_leaves=8
num_cat=0
split_feature=3 19 23 23 9 21 21
split_gain=8.19995 7.10595 4.54229 4.47571 4.52884 2.95788 2.18931
threshold=1.1926521658897402 -0.17086265236139295 -1.0759391784667967 -0.18270342051982877 -0.80365407466888417 inf inf
decision_type=8 8 10 10 10 8 8
left_child=1 2 -1 4 -2 -5 -3
right_child=3 6 -4 5 -6 -7 -8
leaf_value=-3.6785188027998967e-05 -0.00016033988294484838 -1.1320007348963636e-05 2.1781240806441638e-05 -1.5777518204676508e-05 -4.9748273217694324e-05 0.00029012680767210268 0.00026647885975664918
leaf_weight=74387 25595 872577 912498 108478 77370 1666 1475
leaf_count=74387 25595 872577 912498 108478 77370 1666 1475
internal_value=-7.35927e-07 4.11334e-06 1.73667e-05 -4.30813e-05 -7.72406e-05 -1.11478e-05 -1.08509e-05
internal_weight=2.07405e+06 1.86094e+06 986885 213109 102965 110144 874052
internal_count=2074046 1860937 986885 213109 102965 110144 874052
is_linear=0
shrinkage=0.00720685


Tree=265
num_leaves=8
num_cat=0
split_feature=0 3 0 18 17 15 0
split_gain=9.11384 4.81528 3.76939 5.0155 3.71385 3.05008 2.81395
threshold=-0.066552523523569093 1.0272812843322756 0.52559703588485729 -0.22332165390253064 -0.034110598266124718 0.22398630529642108 -2.6620422601699825
decision_type=2 8 2 10 2 2 2
left_child=1 6 3 -2 -3 -4 -1
right_child=2 4 5 -5 -6 -7 -8
leaf_value=-6.9635999209520741e-05 -1.573913446134673e-05 -9.4442789284603429e-05 1.0446704247647286e-05 1.789827238546458e-05 -2.1589244078218191e-05 4.5005397944250747e-05 -6.7966550994214187e-06
leaf_weight=40681 481775 77101 335651 440946 68750 219316 410321
leaf_count=40681 481775 77101 335651 440946 68750 219316 410321
internal_value=-3.38108e-07 -2.41061e-05 9.26202e-06 3.35341e-07 -6.01022e-05 2.4104e-05 -1.2465e-05
internal_weight=2.07454e+06 596853 1.47769e+06 922721 145851 554967 451002
internal_count=2074541 596853 1477688 922721 145851 554967 451002
is_linear=0
shrinkage=0.00720685


Tree=266
num_leaves=8
num_cat=0
split_feature=7 12 15 6 15 7 10
split_gain=8.27721 7.58532 6.61689 5.13883 5.11494 3.1685 2.78002
threshold=0.31222996115684515 0.66884621977806102 0.20248828083276751 0.49644474685192114 -0.6762147545814513 0.049539534375071533 -1.1506163477897642
decision_type=2 10 2 8 2 2 8
left_child=2 4 3 -1 -2 -4 -3
right_child=1 6 5 -5 -6 -7 -8
leaf_value=6.5643866765346723e-06 3.296672354039071e-05 -0.00014183185119061824 3.6753357590949234e-05 -2.8816492344924219e-05 -2.8069683618338676e-05 -2.3170919879877671e-06 -5.7401121013735384e-05
leaf_weight=739013 104268 24867 427122 299674 225599 144203 109236
leaf_count=739013 104268 24867 427122 299674 225599 144203 109236
internal_value=-5.36585e-07 -2.73563e-05 7.19226e-06 -3.64343e-06 -8.77651e-06 2.68919e-05 -7.30584e-05
internal_weight=2.07398e+06 463970 1.61001e+06 1.03869e+06 329867 571325 134103
internal_count=2073982 463970 1610012 1038687 329867 571325 134103
is_linear=0
shrinkage=0.00720685


Tree=267
num_leaves=8
num_cat=0
split_feature=7 12 19 23 25 23 23
split_gain=8.64967 7.06115 5.88141 7.06198 4.83202 4.42356 3.32742
threshold=0.29806232452392584 0.677332103252411 -0.18466806411743161 -1.0759391784667967 0.17746201902627948 -0.10868284106254576 -0.5215364098548888
decision_type=2 10 8 10 8 8 10
left_child=2 5 3 -1 -4 -2 -3
right_child=1 6 4 -5 -6 -7 -8
leaf_value=-5.1481788470099856e-05 -3.7388295808150634e-05 -0.0001311790459430752 -1.7677925902594779e-05 2.7971976886225535e-05 2.1390600762437251e-05 1.4427634006814955e-05 -4.9607061648089853e-05
leaf_weight=62973 157499 34920 544104 750937 235628 187379 101377
leaf_count=62973 157499 34920 544104 750937 235628 187379 101377
internal_value=1.87759e-07 -2.65915e-05 8.27336e-06 2.18245e-05 -5.87172e-06 -9.23565e-06 -7.05072e-05
internal_weight=2.07482e+06 481175 1.59364e+06 813910 779732 344878 136297
internal_count=2074817 481175 1593642 813910 779732 344878 136297
is_linear=0
shrinkage=0.00720685


Tree=268
num_leaves=8
num_cat=0
split_feature=0 12 0 11 15 2 9
split_gain=8.73941 6.7474 4.37779 3.83447 2.98307 3.94773 2.77013
threshold=0.39829501509666448 0.4598469883203507 -2.1123412847518916 1.1887991428375246 0.87195780873298656 0.36558561027050024 1.4327051043510439
decision_type=2 8 2 8 2 2 8
left_child=1 3 -3 -1 6 -6 -2
right_child=4 2 -4 -5 5 -7 -8
leaf_value=6.4931903367687964e-06 1.5475825571676922e-05 -9.8947966471302605e-05 -2.5799050287361214e-05 -4.4892304016391485e-05 1.5209304511727014e-05 9.379933719792876e-05 -5.3535495288444137e-05
leaf_weight=712193 599154 46764 465378 84358 76523 58635 31813
leaf_count=712193 599154 46764 465378 84358 76523 58635 31813
internal_value=-7.53382e-07 -1.20703e-05 -3.24785e-05 1.05118e-06 1.85781e-05 4.93043e-05 1.19962e-05
internal_weight=2.07482e+06 1.30869e+06 512142 796551 766125 135158 630967
internal_count=2074818 1308693 512142 796551 766125 135158 630967
is_linear=0
shrinkage=0.00720685


Tree=269
num_leaves=8
num_cat=0
split_feature=6 19 7 8 8 3 8
split_gain=7.83954 5.48315 5.26345 4.02122 3.90026 2.93079 2.66995
threshold=0.58670395612716686 -0.17550805211067197 0.29135273396968847 0.76680660247802745 0.23470707237720492 1.4137254953384402 -1.3836190104484556
decision_type=8 8 2 8 10 10 8
left_child=1 4 3 -2 -1 -4 -3
right_child=2 6 5 -5 -6 -7 -8
leaf_value=1.227244042093389e-05 -1.7709168575958053e-05 -0.00013187451526270631 -3.8273509191951669e-05 4.4472911620291235e-05 4.8961832444121394e-05 -0.00010595002147062763 -4.3239902069547136e-06
leaf_weight=573741 350267 8629 136327 63863 203996 43951 692668
leaf_count=573741 350267 8629 136327 63863 203996 43951 692668
internal_value=-1.64513e-07 8.71926e-06 -2.22696e-05 -8.11993e-06 2.18959e-05 -5.47734e-05 -5.89363e-06
internal_weight=2.07344e+06 1.47903e+06 594408 414130 777737 180278 701297
internal_count=2073442 1479034 594408 414130 777737 180278 701297
is_linear=0
shrinkage=0.00720685


Tree=270
num_leaves=8
num_cat=0
split_feature=12 25 25 23 25 24 9
split_gain=8.19117 6.43044 6.07014 5.31944 4.21201 3.79831 3.48122
threshold=0.50098839402198803 0.13639222085475924 2.1917306184768681 -0.5215364098548888 -3.2650512456893916 -0.64398244023323048 -4.1378033161163321
decision_type=8 8 10 10 8 2 8
left_child=1 4 -3 5 -1 -2 -5
right_child=3 2 -4 6 -6 -7 -8
leaf_value=0.00010476483832035312 4.2161731863193576e-08 3.4895679149239461e-05 -9.3045403391675872e-05 -0.00024829527090742138 -4.3332154719237286e-06 -7.3533823236208914e-05 -6.7790641687225035e-06
leaf_weight=18775 49839 496448 20037 3119 871652 135570 479514
leaf_count=18775 49839 496448 20037 3119 871652 135570 479514
internal_value=-1.65219e-07 9.70171e-06 2.9932e-05 -2.09452e-05 -2.0327e-06 -5.37561e-05 -8.34039e-06
internal_weight=2.07495e+06 1.40691e+06 516485 668042 890427 185409 482633
internal_count=2074954 1406912 516485 668042 890427 185409 482633
is_linear=0
shrinkage=0.00720685


Tree=271
num_leaves=8
num_cat=0
split_feature=1 11 19 18 19 23 23
split_gain=7.79527 6.40479 6.78039 2.27614 5.04727 2.39052 2.08689
threshold=1.9463691711425783 1.2681584358215334 -0.39267207682132715 2.8349362611770634 -0.68993964791297901 -0.63351574540138234 -0.36151525378227228
decision_type=2 10 8 10 8 8 10
left_child=1 2 -1 5 -5 -2 -3
right_child=3 6 -4 4 -6 -7 -8
leaf_value=2.4881927650452023e-05 -0.00017332281261684489 -7.9763661528466773e-05 -3.9765729430553366e-06 0.00052959046537864028 -0.00023737616834872892 -4.2330488494755188e-05 -2.3231750948299046e-05
leaf_weight=649830 8483 52093 1210679 473 7476 49204 97204
leaf_count=649830 8483 52093 1210679 473 7476 49204 97204
internal_value=-6.55354e-08 2.45853e-06 6.10298e-06 -7.73529e-05 -0.000191678 -6.15962e-05 -4.29575e-05
internal_weight=2.07544e+06 2.00981e+06 1.86051e+06 65636 7949 57687 149297
internal_count=2075442 2009806 1860509 65636 7949 57687 149297
is_linear=0
shrinkage=0.00720685


Tree=272
num_leaves=8
num_cat=0
split_feature=0 25 17 21 0 4 17
split_gain=9.18028 5.12801 4.95561 4.14552 3.91839 2.93901 2.11231
threshold=-0.51941031217575062 -0.0026930572930723424 -0.67313396930694569 inf -2.6620422601699825 -0.020509688183665272 0.057231005281209953
decision_type=2 10 2 8 2 8 2
left_child=4 2 -2 -3 6 -6 -1
right_child=1 3 -4 -5 5 -7 -8
leaf_value=-0.00011336089129940593 2.0986957363457907e-05 1.6585051092731762e-05 -1.8737560312801175e-05 0.00035955955575619331 -4.0729674712185227e-05 1.1019021395006457e-05 -9.6773744107298087e-06
leaf_weight=44695 227600 950028 575597 1833 178310 83786 13226
leaf_count=44695 227600 950028 575597 1833 178310 83786 13226
internal_value=-5.43115e-07 5.92975e-06 -7.48088e-06 1.72459e-05 -3.6042e-05 -2.41867e-05 -8.96862e-05
internal_weight=2.07508e+06 1.75506e+06 803197 951861 320017 262096 57921
internal_count=2075075 1755058 803197 951861 320017 262096 57921
is_linear=0
shrinkage=0.00720685


Tree=273
num_leaves=8
num_cat=0
split_feature=0 19 8 21 9 23 18
split_gain=9.06688 4.92994 5.50008 4.98511 3.81866 3.47591 2.42222
threshold=-0.69907149672508229 -0.39267207682132715 0.23470707237720492 inf -1.4645861983299253 0.11640224233269693 3.8699431419372563
decision_type=2 8 10 8 8 10 10
left_child=4 2 -2 -3 5 -1 -6
right_child=1 3 -4 -5 6 -7 -8
leaf_value=-0.00013662617841268262 9.7705427996220185e-06 -3.9164872259415705e-06 5.9128151622527264e-05 0.00024039495384089183 -2.8338010209252276e-05 -2.1076605168765119e-05 0.00016745152281299271
leaf_weight=34884 475882 1176032 155602 4353 202503 22081 3335
leaf_count=34884 475882 1176032 155602 4353 202503 22081 3335
internal_value=-5.81469e-08 5.67973e-06 2.19327e-05 -3.01531e-06 -3.96173e-05 -9.18379e-05 -2.51649e-05
internal_weight=2.07467e+06 1.81187e+06 631484 1.18038e+06 262803 56965 205838
internal_count=2074672 1811869 631484 1180385 262803 56965 205838
is_linear=0
shrinkage=0.00720685


Tree=274
num_leaves=8
num_cat=0
split_feature=7 3 15 15 2 25 23
split_gain=7.9233 7.37271 6.64832 6.58769 6.16275 4.31661 3.04648
threshold=0.29806232452392584 1.4137254953384402 -0.87018090486526478 0.19199743121862414 0.41934643685817724 1.6391316056251528 -0.045505013316869729
decision_type=2 10 2 2 2 10 10
left_child=3 2 -2 5 -5 -1 -3
right_child=1 6 -4 4 -6 -7 -8
leaf_value=-1.2929151091061402e-06 4.3312794217560548e-05 -0.00015378209553283353 -2.9625957102470356e-05 9.3295616681940085e-06 5.8707765781643594e-05 -9.8072052262797408e-05 -4.526188260613929e-05
leaf_weight=996942 79875 29955 346325 368430 203951 24525 24367
leaf_count=996942 79875 29955 346325 368430 203951 24525 24367
internal_value=-3.82598e-07 -2.60346e-05 -1.59562e-05 7.35111e-06 2.69241e-05 -3.61666e-06 -0.000105106
internal_weight=2.07437e+06 480522 426200 1.59385e+06 572381 1.02147e+06 54322
internal_count=2074370 480522 426200 1593848 572381 1021467 54322
is_linear=0
shrinkage=0.00720685


Tree=275
num_leaves=8
num_cat=0
split_feature=0 11 19 9 25 7 6
split_gain=7.93739 6.37081 6.42954 2.54668 2.33742 2.30724 1.81355
threshold=-2.2670853137969966 1.2858846187591555 -0.39267207682132715 -3.3436529636383052 -0.013060959521681069 0.35957585275173193 1.2522296309471133
decision_type=2 10 8 8 8 2 10
left_child=3 2 -2 6 -5 -3 -1
right_child=1 5 -4 4 -6 -7 -8
leaf_value=-0.00015678710851691703 2.4721531484542255e-05 -2.5154474551439696e-05 -3.4360307110482512e-06 -0.00011394440226965223 -2.5981696797883811e-05 -8.9111465213526279e-05 -0.00049724848812901892
leaf_weight=6564 645913 101562 1210625 25061 41964 41173 927
leaf_count=6564 645913 101562 1210625 25061 41964 41173 927
internal_value=7.11328e-08 2.79318e-06 6.36033e-06 -7.29604e-05 -5.88729e-05 -4.3604e-05 -0.000198979
internal_weight=2.07379e+06 1.99927e+06 1.85654e+06 74516 67025 142735 7491
internal_count=2073789 1999273 1856538 74516 67025 142735 7491
is_linear=0
shrinkage=0.00720685


Tree=276
num_leaves=8
num_cat=0
split_feature=0 11 25 7 23 20 17
split_gain=7.94396 6.2286 5.74254 3.07882 2.51921 2.05716 1.72598
threshold=-2.4537676572799678 1.217710077762604 -0.01048105815425515 0.32709264755249029 -0.25644399225711817 1.8973986506462099 -0.66401931643486012
decision_type=2 10 8 2 8 10 2
left_child=4 2 -2 -3 5 -1 -6
right_child=1 3 -4 -5 6 -7 -8
leaf_value=-0.00014893032812799935 -8.2760104255672326e-06 -1.8572672314629419e-05 1.7494372711530661e-05 -8.4189880684462277e-05 -0.00012477457973172356 0.00047844357726400911 -2.059187833982508e-05
leaf_weight=21605 787104 122324 1045864 53333 10992 274 33217
leaf_count=21605 787104 122324 1045864 53333 10992 274 33217
internal_value=-5.85089e-08 2.49947e-06 6.42817e-06 -3.84959e-05 -7.7803e-05 -0.000141052 -4.64983e-05
internal_weight=2.07471e+06 2.00862e+06 1.83297e+06 175657 66088 21879 44209
internal_count=2074713 2008625 1832968 175657 66088 21879 44209
is_linear=0
shrinkage=0.00720685


Tree=277
num_leaves=8
num_cat=0
split_feature=3 19 23 21 9 21 23
split_gain=7.15696 6.08091 5.5437 5.54199 4.29921 2.55703 1.53451
threshold=1.1926521658897402 -0.39267207682132715 -1.7544986605644224 inf -2.2465035915374751 inf 0.29582145810127264
decision_type=8 8 10 8 10 8 10
left_child=1 2 -1 -3 6 -6 -2
right_child=4 3 -4 -5 5 -7 -8
leaf_value=-0.00011229086271118557 -0.00020331155750948928 -4.959810493089546e-06 2.6231134601440647e-05 0.00043279519835618074 -3.3476787831631485e-05 0.00018813243147838984 -2.477942318003844e-05
leaf_weight=15370 10655 1213716 631219 1503 196786 2741 3268
leaf_count=15370 10655 1213716 631219 1503 196786 2741 3268
internal_value=5.50866e-07 5.08251e-06 2.29381e-05 -4.41803e-06 -3.89759e-05 -3.04314e-05 -0.000161413
internal_weight=2.07526e+06 1.86181e+06 646589 1.21522e+06 213450 199527 13923
internal_count=2075258 1861808 646589 1215219 213450 199527 13923
is_linear=0
shrinkage=0.00720685


Tree=278
num_leaves=8
num_cat=0
split_feature=0 0 21 19 17 23 19
split_gain=8.34852 5.68142 5.78165 4.17196 2.93336 2.2034 1.10851
threshold=-2.2670853137969966 0.39829501509666448 inf -0.33544866740703577 0.057231005281209953 0.67351707816123974 -1.4574795365333555
decision_type=2 2 8 8 2 10 8
left_child=4 2 -2 -3 5 -1 -6
right_child=1 3 -4 -5 6 -7 -8
leaf_value=-0.00011570314785253955 -6.7224554007741352e-06 3.7628373689762246e-05 0.0002539581591580519 3.8824940460177228e-06 0.00070320727508545492 2.24702142424737e-05 2.2039163435072324e-06
leaf_weight=50005 1229571 348128 4434 419651 117 6810 17698
leaf_count=50005 1229571 348128 4434 419651 117 6810 17698
internal_value=1.00105e-06 3.79131e-06 -5.78557e-06 1.91837e-05 -7.38404e-05 -9.91408e-05 6.84623e-06
internal_weight=2.07641e+06 2.00178e+06 1.234e+06 767779 74630 56815 17815
internal_count=2076414 2001784 1234005 767779 74630 56815 17815
is_linear=0
shrinkage=0.00720685


Tree=279
num_leaves=8
num_cat=0
split_feature=0 25 25 23 25 6 7
split_gain=8.95488 4.54039 4.79994 4.17797 3.85773 3.46861 2.96087
threshold=-0.54240804910659779 -0.0052684410475194446 -1.6407474875450132 -0.25644399225711817 2.7295281887054448 1.1757692694664004 0.8174906075000764
decision_type=2 10 8 8 10 10 2
left_child=3 2 -2 6 -3 -5 -1
right_child=1 4 -4 5 -6 -7 -8
leaf_value=-5.5002621964795902e-05 6.7775210868917645e-05 1.9329335879418138e-05 -1.0159270980180507e-05 -1.5319808336345434e-06 -8.5225207733780398e-05 -7.8065972067312866e-05 -0.00015860866126760258
leaf_weight=92061 43398 943584 756959 164933 18691 37806 16967
leaf_count=92061 43398 943584 756959 164933 18691 37806 16967
internal_value=4.52133e-07 6.74958e-06 -5.9333e-06 -3.51515e-05 1.72984e-05 -1.58042e-05 -7.11273e-05
internal_weight=2.0744e+06 1.76263e+06 800357 311767 962275 202739 109028
internal_count=2074399 1762632 800357 311767 962275 202739 109028
is_linear=0
shrinkage=0.00720685


Tree=280
num_leaves=8
num_cat=0
split_feature=25 25 12 3 25 23 12
split_gain=7.06794 4.90684 4.8833 4.23699 5.46266 2.95202 1.74321
threshold=-0.01048105815425515 4.3423571586608896 0.47620211541652685 1.0541852712631228 -2.5756974220275874 -0.69514083862304676 1.2094251513481142
decision_type=10 8 8 8 8 10 10
left_child=3 2 -2 4 -1 -5 -3
right_child=1 6 -4 5 -6 -7 -8
leaf_value=8.6569769300987419e-05 2.4219176892247252e-05 -0.00013174592739758639 -7.7628984119981666e-06 -0.00010361199040637058 -1.1582918754010591e-05 -2.9823964025645785e-05 -0.00049002933111460872
leaf_weight=30621 761948 6979 367591 39677 769717 97022 784
leaf_count=30621 761948 6979 367591 39677 769717 97022 784
internal_value=4.94846e-07 1.257e-05 1.38111e-05 -1.4161e-05 -7.82746e-06 -5.12418e-05 -0.000167988
internal_weight=2.07434e+06 1.1373e+06 1.12954e+06 937037 800338 136699 7763
internal_count=2074339 1137302 1129539 937037 800338 136699 7763
is_linear=0
shrinkage=0.00720685


Tree=281
num_leaves=8
num_cat=0
split_feature=11 25 17 25 23 1 24
split_gain=7.09034 6.21271 5.25784 4.38679 2.61053 1.12916 1.05766
threshold=1.217710077762604 -0.01048105815425515 -0.52336636185646046 1.4654232859611513 -0.79646089673042286 0.038730712607502944 -2.6143565177917476
decision_type=10 8 2 10 10 2 2
left_child=1 2 -1 -3 5 -2 -6
right_child=4 3 -4 -5 6 -7 -8
leaf_value=1.3483688177544718e-05 -3.82080818187718e-05 1.9157212744826845e-05 -2.4597862652295427e-05 -5.0159851116968365e-05 0.0002511643912145787 -0.00013137257126601262 -3.1018744280002979e-05
leaf_weight=299465 9883 1030817 507311 49705 692 21373 155588
leaf_count=299465 9883 1030817 507311 49705 692 21373 155588
internal_value=4.70239e-07 4.66987e-06 -1.04624e-05 1.59685e-05 -4.17931e-05 -0.000101917 -2.97676e-05
internal_weight=2.07483e+06 1.8873e+06 806776 1.08052e+06 187536 31256 156280
internal_count=2074834 1887298 806776 1080522 187536 31256 156280
is_linear=0
shrinkage=0.00720685


Tree=282
num_leaves=8
num_cat=0
split_feature=0 25 25 17 17 7 2
split_gain=8.2708 5.80699 5.98958 4.70117 2.29102 1.03486 1.03274
threshold=-2.6620422601699825 0.12110790982842447 1.4654232859611513 -0.54807081818580616 0.057231005281209953 0.091752596199512496 -1.6752099394798277
decision_type=2 8 10 2 2 2 2
left_child=4 3 -3 -2 6 -6 -1
right_child=1 2 -4 -5 5 -7 -8
leaf_value=-0.00014998195281139135 1.343138961979549e-05 2.3132016638026604e-05 -5.5724211437534064e-05 -1.6876539926906823e-05 7.0253037717439597e-05 -5.7927663659735907e-05 -7.999335781522613e-05
leaf_weight=19065 384340 717305 53778 861979 5797 7506 25744
leaf_count=19065 384340 717305 53778 861979 5797 7506 25744
internal_value=-3.54416e-07 2.08729e-06 1.76322e-05 -7.53015e-06 -8.51193e-05 -2.06787e-06 -0.000109775
internal_weight=2.07551e+06 2.0174e+06 771083 1.24632e+06 58112 13303 44809
internal_count=2075514 2017402 771083 1246319 58112 13303 44809
is_linear=0
shrinkage=0.00720685


Tree=283
num_leaves=8
num_cat=0
split_feature=6 15 19 18 25 8 8
split_gain=6.93494 5.34271 5.20643 5.31199 4.28948 3.21591 3.15945
threshold=0.63921567797660839 0.067710608243942275 -0.17086265236139295 -0.20763986557722089 0.17746201902627948 1.8490899205207827 -0.76486754417419422
decision_type=8 2 8 10 8 10 8
left_child=2 6 3 -1 -4 -3 -2
right_child=1 5 4 -5 -6 -7 -8
leaf_value=2.9307514039284273e-06 -7.5081338706073003e-05 -2.0265817271704684e-06 -1.7966988482256765e-05 3.9960215089391377e-05 2.0317891413280713e-05 0.00010475916111942042 -2.5968438115464185e-05
leaf_weight=423441 95584 206163 494295 383395 219494 15767 236025
leaf_count=423441 95584 206163 494295 383395 219494 15767 236025
internal_value=3.29696e-08 -2.18085e-05 7.98374e-06 2.05266e-05 -6.19413e-06 5.5603e-06 -4.01251e-05
internal_weight=2.07416e+06 553539 1.52062e+06 806836 713789 221930 331609
internal_count=2074164 553539 1520625 806836 713789 221930 331609
is_linear=0
shrinkage=0.00720685


Tree=284
num_leaves=8
num_cat=0
split_feature=0 25 25 3 8 19 25
split_gain=8.35437 4.65019 4.93397 4.40683 4.84387 3.51562 2.97932
threshold=-0.066552523523569093 -0.0052684410475194446 -1.6407474875450132 1.0272812843322756 1.5871651172637942 3.0996779203414921 0.041707912459969528
decision_type=2 10 8 10 10 8 8
left_child=3 2 -2 6 -5 -3 -1
right_child=1 5 -4 4 -6 -7 -8
leaf_value=-3.0999727417803448e-05 7.8406536258061131e-05 2.3309015854399658e-05 -9.7504786715947047e-06 -6.9643153181342892e-05 8.3755059076050082e-05 -6.1593407776092452e-05 6.0648640612844075e-06
leaf_weight=217111 34801 789189 627832 133826 11619 26170 234080
leaf_count=217111 34801 789189 627832 133826 11619 26170 234080
internal_value=-1.28845e-07 9.05978e-06 -5.12039e-06 -2.2891e-05 -5.73882e-05 2.05839e-05 -1.17704e-05
internal_weight=2.07463e+06 1.47799e+06 662633 596636 145445 815359 451191
internal_count=2074628 1477992 662633 596636 145445 815359 451191
is_linear=0
shrinkage=0.00720685


Tree=285
num_leaves=8
num_cat=0
split_feature=0 25 12 17 17 23 15
split_gain=8.40137 5.69659 4.78805 4.35659 2.22575 2.34985 1.48622
threshold=-2.2670853137969966 -0.039925104007124894 0.77035224437713634 -0.53997793793678273 0.057231005281209953 0.67351707816123974 0.61033228039741527
decision_type=2 8 8 2 2 10 2
left_child=4 3 -3 -2 5 -1 -6
right_child=1 2 -4 -5 6 -7 -8
leaf_value=-0.00011395945422275127 9.9718756083305569e-06 1.963122038814324e-05 -1.7045526062195064e-05 -2.5244830099482679e-05 1.9691604072886484e-05 2.8653000065340123e-05 -0.00018601803540136205
leaf_weight=49979 290902 994430 227086 489371 15643 6819 2064
leaf_count=49979 290902 994430 227086 489371 15643 6819 2064
internal_value=2.99307e-07 3.09612e-06 1.28128e-05 -1.21153e-05 -7.48439e-05 -9.68372e-05 -4.29394e-06
internal_weight=2.07629e+06 2.00179e+06 1.22152e+06 780273 74505 56798 17707
internal_count=2076294 2001789 1221516 780273 74505 56798 17707
is_linear=0
shrinkage=0.00720685


Tree=286
num_leaves=8
num_cat=0
split_feature=0 19 21 23 23 18 18
split_gain=8.7588 5.06192 5.6327 5.35565 4.01822 3.55219 2.6231
threshold=-1.0377164483070371 -0.17086265236139295 inf -1.0759391784667967 -0.25644399225711817 3.8699431419372563 2.8349362611770634
decision_type=2 8 8 10 8 10 10
left_child=4 3 -3 -2 5 -1 -6
right_child=1 2 -4 -5 6 -7 -8
leaf_value=-0.0001029841319561455 -4.4380952848496691e-05 -8.6958550658036072e-06 0.00025226589227368441 2.0821966073433174e-05 -1.4277616518237015e-05 0.00017238110860504929 -0.00015860369309253451
leaf_weight=62385 70377 880703 4316 930387 117571 2531 6925
leaf_count=62385 70377 880703 4316 930387 117571 2531 6925
internal_value=4.4049e-07 5.13292e-06 -7.42292e-06 1.62366e-05 -4.6277e-05 -9.22452e-05 -2.2307e-05
internal_weight=2.0752e+06 1.88578e+06 885019 1.00076e+06 189412 64916 124496
internal_count=2075195 1885783 885019 1000764 189412 64916 124496
is_linear=0
shrinkage=0.00720685


Tree=287
num_leaves=8
num_cat=0
split_feature=0 19 18 23 18 6 18
split_gain=7.94446 4.79359 5.24904 4.52625 4.16128 3.06679 2.12449
threshold=-0.29340705275535578 -0.34462994337081904 -0.19957293570041654 -0.25644399225711817 3.8699431419372563 0.54682323336601268 3.3287763595581059
decision_type=2 8 10 8 10 8 10
left_child=3 2 -2 4 -1 -5 -3
right_child=1 6 -4 5 -6 -7 -8
leaf_value=-6.6114667971113911e-05 4.4845242037676141e-06 -3.5637192738047849e-06 4.5986674014117349e-05 1.0225383054740974e-05 0.00017367307858080861 -3.8410146910895782e-05 0.00024175073094361688
leaf_weight=146460 374162 998733 274333 156038 3857 118460 1836
leaf_count=146460 374162 998733 274333 156038 3857 118460 1836
internal_value=-3.80513e-07 6.77872e-06 2.20413e-05 -2.81715e-05 -5.99607e-05 -1.07633e-05 -3.11332e-06
internal_weight=2.07388e+06 1.64906e+06 648495 424815 150317 274498 1.00057e+06
internal_count=2073879 1649064 648495 424815 150317 274498 1000569
is_linear=0
shrinkage=0.00720685


Tree=288
num_leaves=8
num_cat=0
split_feature=7 15 25 25 15 1 23
split_gain=7.80934 7.13988 5.20085 5.24709 4.19622 4.03374 3.69484
threshold=0.38497109711170202 -0.59140312671661366 0.079666625708341612 1.4654232859611513 0.5946001708507539 1.9463691711425783 -0.250731810927391
decision_type=2 2 10 8 2 2 10
left_child=2 5 4 -4 -1 -2 -3
right_child=1 6 3 -5 -6 -7 -8
leaf_value=-1.2417995627136848e-05 2.4972681964500734e-05 -8.4535964540132582e-05 2.6812873593114257e-05 -5.5140146877008525e-05 2.2252523322062899e-05 -0.00010275408241997692 -2.8436949928498217e-05
leaf_weight=743124 126505 105678 656525 43249 239826 14292 144171
leaf_count=743124 126505 105678 656525 43249 239826 14292 144171
internal_value=-7.62141e-09 -2.90364e-05 6.73143e-06 2.17477e-05 -3.95884e-06 1.20066e-05 -5.21653e-05
internal_weight=2.07337e+06 390646 1.68272e+06 699774 982950 140797 249849
internal_count=2073370 390646 1682724 699774 982950 140797 249849
is_linear=0
shrinkage=0.00720685


Tree=289
num_leaves=8
num_cat=0
split_feature=0 21 8 19 0 25 2
split_gain=7.60321 4.47115 10.5421 4.33545 4.18556 3.80783 1.40308
threshold=-0.066552523523569093 inf 0.99550706148147594 -0.34907266497611994 -4.5563533306121817 0.041707912459969528 -1.9707385897636411
decision_type=2 8 10 8 2 8 2
left_child=4 3 -3 -2 6 -6 -1
right_child=1 2 -4 -5 5 -7 -8
leaf_value=-0.00020070953375626407 2.3380125835849366e-05 2.1446930897777541e-07 0.00076678154952915104 -1.8641978441455316e-06 -3.7035104382927229e-05 -8.3256111046307033e-08 -7.0764537252697207e-05
leaf_weight=8159 587776 2979 1355 885910 285566 293926 9166
leaf_count=8159 587776 2979 1355 885910 285566 293926 9166
internal_value=1.17655e-07 8.88429e-06 0.000239998 8.20443e-06 -2.15929e-05 -1.82927e-05 -0.00013197
internal_weight=2.07484e+06 1.47802e+06 4334 1.47369e+06 596817 579492 17325
internal_count=2074837 1478020 4334 1473686 596817 579492 17325
is_linear=0
shrinkage=0.00720685


Tree=290
num_leaves=8
num_cat=0
split_feature=0 19 0 17 17 6 2
split_gain=7.86108 4.78816 4.91201 3.57771 4.75181 2.61832 1.94286
threshold=-1.0377164483070371 -0.17550805211067197 0.52559703588485729 -0.034110598266124718 -0.02967808116227388 1.1757692694664004 1.7341771721839907
decision_type=2 8 2 2 2 10 2
left_child=3 2 -2 5 -5 -1 -3
right_child=1 6 -4 4 -6 -7 -8
leaf_value=-5.2297513745422618e-05 4.2113756003251315e-06 -5.9247953972224916e-06 3.8413589724017428e-05 0.00036980484531987166 -1.2329266038843877e-05 -0.00014027500030302823 -7.3175491443421375e-05
leaf_weight=99486 669422 869151 323481 1733 66873 21339 22899
leaf_count=99486 669422 869151 323481 1733 66873 21339 22899
internal_value=1.9422e-08 4.46696e-06 1.53543e-05 -4.42359e-05 -2.67116e-06 -6.78365e-05 -7.65123e-06
internal_weight=2.07438e+06 1.88495e+06 992903 189431 68606 120825 892050
internal_count=2074384 1884953 992903 189431 68606 120825 892050
is_linear=0
shrinkage=0.00720685


Tree=291
num_leaves=8
num_cat=0
split_feature=0 23 2 19 2 6 23
split_gain=8.53699 4.33529 3.98053 3.52132 3.34911 3.12449 2.59574
threshold=-0.034701250493526452 -0.25644399225711817 0.14347952604293826 1.887762248516083 -1.9707385897636411 0.55657663941383373 -0.10342041775584219
decision_type=2 8 2 8 2 8 10
left_child=1 4 6 -4 -1 -3 -2
right_child=2 5 3 -5 -6 -7 -8
leaf_value=-0.000128480494731216 -1.709266898371146e-05 8.4199845364604502e-06 2.4464647650767155e-05 -3.9480054116371305e-05 -3.8071756399685849e-05 -3.230438199233204e-05 1.1379947480803678e-05
leaf_weight=23794 346629 239974 731927 47639 201512 165216 319666
leaf_count=23794 346629 239974 731927 47639 201512 165216 319666
internal_value=-1.48007e-07 -2.22774e-05 9.50192e-06 2.05569e-05 -4.76202e-05 -8.18533e-06 -3.43243e-06
internal_weight=2.07636e+06 630496 1.44586e+06 779566 225306 405190 666295
internal_count=2076357 630496 1445861 779566 225306 405190 666295
is_linear=0
shrinkage=0.00720685


Tree=292
num_leaves=8
num_cat=0
split_feature=6 23 18 15 9 9 9
split_gain=6.89759 4.99063 4.57211 3.71333 3.43906 3.30707 2.82106
threshold=0.46576568484306341 -0.70768836140632618 -0.23897787928581235 0.059039950370788581 0.28806176781654363 -1.4645861983299253 -3.3436529636383052
decision_type=8 10 10 2 8 10 8
left_child=2 6 4 -3 -1 -4 -2
right_child=1 3 5 -5 -6 -7 -8
leaf_value=1.4067641545049567e-05 -0.00038561358953030991 -2.3819055833775422e-05 -2.3637071043128761e-05 1.4019094818168376e-05 -1.7730740296939335e-05 2.8650907554726491e-05 -5.5473034397314623e-05
leaf_weight=328541 1358 343705 70147 221532 382105 601757 125482
leaf_count=328541 1358 343705 70147 221532 382105 601757 125482
internal_value=4.16231e-07 -1.8157e-05 9.71363e-06 -8.98919e-06 -3.02989e-06 2.3192e-05 -5.90107e-05
internal_weight=2.07463e+06 692077 1.38255e+06 565237 710646 671904 126840
internal_count=2074627 692077 1382550 565237 710646 671904 126840
is_linear=0
shrinkage=0.00720685


Tree=293
num_leaves=8
num_cat=0
split_feature=12 9 21 19 18 8 19
split_gain=7.61476 4.66543 4.32061 4.10531 4.14856 2.74599 2.09607
threshold=0.44311185181140905 -3.7155882120132442 inf -0.18466806411743161 -0.22332165390253064 -1.3419464230537412 -0.66890263557434071
decision_type=8 8 8 8 10 8 10
left_child=3 6 -3 4 -1 -5 -2
right_child=1 2 -4 5 -6 -7 -8
leaf_value=6.3653440660001282e-06 6.4697922326579214e-05 -1.8099211491336797e-05 0.00023079528277108116 -0.00012349569886905445 4.1703857625823193e-05 -1.0123569179311545e-06 -0.00024382245976925049
leaf_weight=381537 1379 713730 3640 9649 314987 641090 6690
leaf_count=381537 1379 713730 3640 9649 314987 641090 6690
internal_value=5.03159e-08 -1.87745e-05 -1.6836e-05 1.01866e-05 2.23464e-05 -2.82873e-06 -0.000191091
internal_weight=2.0727e+06 725439 717370 1.34726e+06 696524 650739 8069
internal_count=2072702 725439 717370 1347263 696524 650739 8069
is_linear=0
shrinkage=0.00720685


Tree=294
num_leaves=8
num_cat=0
split_feature=25 8 25 9 25 23 23
split_gain=7.10994 6.03017 5.59936 3.96071 3.90858 3.6393 3.6187
threshold=-0.01048105815425515 -0.85103404521942128 1.4654232859611513 -3.7155882120132442 -0.84117433428764332 -0.23364547640085218 -1.1019871830940244
decision_type=10 8 8 10 10 8 10
left_child=1 6 3 -2 -3 -4 -1
right_child=2 4 5 -5 -6 -7 -8
leaf_value=-0.00015673684421620816 -8.4246772334576101e-05 2.9823340869842862e-05 -0.00015432252560639131 1.7172073500029574e-05 -1.4928713906571131e-05 -2.3236993376604576e-05 -4.6651370037632749e-05
leaf_weight=18731 20383 118232 15124 1061141 710446 40340 90159
leaf_count=18731 20383 118232 15124 1061141 710446 40340 90159
internal_value=-4.76681e-07 -1.51691e-05 1.16387e-05 1.52606e-05 -8.54364e-06 -5.89841e-05 -6.55894e-05
internal_weight=2.07456e+06 937568 1.13699e+06 1.08152e+06 828678 55464 108890
internal_count=2074556 937568 1136988 1081524 828678 55464 108890
is_linear=0
shrinkage=0.00720685


Tree=295
num_leaves=8
num_cat=0
split_feature=0 0 10 19 8 9 15
split_gain=7.89261 5.88417 5.06262 4.34828 2.47135 2.2364 2.17618
threshold=0.46519647538661962 -2.6620422601699825 -1.1369596719741819 -0.34462994337081904 0.32981874048709875 -4.1378033161163321 0.54912576079368602
decision_type=2 2 8 8 10 8 2
left_child=1 5 -3 4 -2 -1 -5
right_child=3 2 -4 6 -6 -7 -8
leaf_value=-0.00028831084928114927 2.6905298862630076e-05 -4.2517489215205889e-05 -1.235625732979539e-06 -6.2887677791459988e-06 7.1745422338475199e-05 -7.097335606871813e-05 3.5165515577789967e-05
leaf_weight=2572 201094 177374 1185718 271283 93536 55672 86822
leaf_count=2572 201094 177374 1185718 271283 93536 55672 86822
internal_value=-1.11506e-07 -9.63869e-06 -6.60752e-06 2.0634e-05 4.11409e-05 -8.05757e-05 3.76175e-06
internal_weight=2.07407e+06 1.42134e+06 1.36309e+06 652735 294630 58244 358105
internal_count=2074071 1421336 1363092 652735 294630 58244 358105
is_linear=0
shrinkage=0.00720685


Tree=296
num_leaves=8
num_cat=0
split_feature=7 12 15 6 15 7 23
split_gain=7.24978 7.28828 5.24982 6.25028 3.80672 3.47442 2.72074
threshold=0.34307660162448889 0.66884621977806102 0.20248828083276751 0.61786460876464855 -0.6762147545814513 -0.19006513804197309 0.45608991384506231
decision_type=2 10 2 8 2 2 10
left_child=2 4 3 -1 -2 -4 -3
right_child=1 6 5 -5 -6 -7 -8
leaf_value=7.3272119952982305e-06 2.9659906438525633e-05 -8.8319079974367738e-05 4.4528042900925716e-05 -3.3383871295436139e-05 -2.4816054554464334e-05 8.9733604497693417e-06 -1.9631053390577519e-06
leaf_weight=803039 98400 102749 251294 259053 206308 330497 23235
leaf_count=803039 98400 102749 251294 259053 206308 330497 23235
internal_value=3.35189e-08 -2.6287e-05 6.92944e-06 -2.60255e-06 -7.2239e-06 2.43306e-05 -7.23929e-05
internal_weight=2.07458e+06 430692 1.64388e+06 1.06209e+06 304708 581791 125984
internal_count=2074575 430692 1643883 1062092 304708 581791 125984
is_linear=0
shrinkage=0.00720685


Tree=297
num_leaves=8
num_cat=0
split_feature=0 23 21 22 18 25 18
split_gain=7.51974 5.16569 4.90765 11.1798 4.61307 4.02399 2.25244
threshold=-0.15986773371696469 0.021680600009858612 inf -1.6038489341735838 3.8699431419372563 -2.5756974220275874 3.0368520021438603
decision_type=2 8 8 2 10 8 10
left_child=1 4 5 -4 -1 -2 -3
right_child=2 6 3 -5 -6 -7 -8
leaf_value=-4.9910766832547671e-05 9.8079106774117956e-05 3.6124193534148256e-06 0.0027938926770684196 0.00019758998483751443 0.00018065370038054939 5.6908180082284904e-06 -0.00012213859261758412
leaf_weight=262077 24883 240474 87 4227 4585 1530526 7632
leaf_count=262077 24883 240474 87 4227 4585 1530526 7632
internal_value=-4.04164e-08 -2.39245e-05 7.84224e-06 0.000250555 -4.59457e-05 7.1689e-06 -2.5616e-07
internal_weight=2.07449e+06 514768 1.55972e+06 4314 266662 1.55541e+06 248106
internal_count=2074491 514768 1559723 4314 266662 1555409 248106
is_linear=0
shrinkage=0.00720685


Tree=298
num_leaves=8
num_cat=0
split_feature=0 25 25 17 17 23 25
split_gain=8.11432 5.19604 5.63783 5.25835 2.23555 1.63653 1.24042
threshold=-2.2670853137969966 0.12110790982842447 1.4654232859611513 -0.53997793793678273 0.057231005281209953 -0.25644399225711817 -0.92870774865150441
decision_type=2 8 10 2 2 8 8
left_child=4 3 -3 -2 5 -1 -6
right_child=1 2 -4 -5 6 -7 -8
leaf_value=-0.00014888432378812167 1.5102455182617895e-05 2.2291351092770502e-05 -5.4570223222979503e-05 -1.6976976519923746e-05 0.00074903225402770291 -6.7913528464192137e-05 -8.6413302730799393e-06
leaf_weight=20020 385848 711593 53276 850095 112 36800 17656
leaf_count=20020 385848 711593 53276 850095 112 36800 17656
internal_value=-5.77156e-07 2.17423e-06 1.69376e-05 -6.9621e-06 -7.43822e-05 -9.64453e-05 -3.82436e-06
internal_weight=2.0754e+06 2.00081e+06 764869 1.23594e+06 74588 56820 17768
internal_count=2075400 2000812 764869 1235943 74588 56820 17768
is_linear=0
shrinkage=0.00720685


Tree=299
num_leaves=8
num_cat=0
split_feature=7 15 21 14 15 6 23
split_gain=6.81606 6.34665 4.95483 8.55602 4.99181 4.21337 4.09505
threshold=0.35957585275173193 -0.59140312671661366 inf -0.4946963489055633 0.20248828083276751 1.1757692694664004 -0.23948086798191068
decision_type=2 2 8 2 2 10 10
left_child=2 5 4 -4 -1 -2 -3
right_child=1 6 3 -5 -6 -7 -8
leaf_value=-3.2868384053157242e-06 2.6819626317779617e-05 -7.9498115469613706e-05 0.0001494650891679982 0.0012775988979658523 2.2869542572743628e-05 -8.7241155321327686e-05 -2.254755491719366e-05
leaf_weight=1069804 128076 115095 2853 397 586836 19363 152428
leaf_count=1069804 128076 115095 2853 397 586836 19363 152428
internal_value=-8.42089e-10 -2.61257e-05 6.5302e-06 0.00028761 5.9786e-06 1.18395e-05 -4.70494e-05
internal_weight=2.07485e+06 414962 1.65989e+06 3250 1.65664e+06 147439 267523
internal_count=2074852 414962 1659890 3250 1656640 147439 267523
is_linear=0
shrinkage=0.00720685


Tree=300
num_leaves=8
num_cat=0
split_feature=7 15 25 25 15 1 12
split_gain=6.76327 6.47236 5.60926 5.7842 4.33928 3.81812 2.4063
threshold=0.4993389248847962 -0.32851451635360712 0.088400866836309447 1.4654232859611513 0.5946001708507539 2.0110718011856084 0.677332103252411
decision_type=2 2 10 8 2 2 10
left_child=2 5 4 -4 -1 -2 -3
right_child=1 6 3 -5 -6 -7 -8
leaf_value=-1.3154849097289898e-05 8.3317232495058398e-06 -4.5104201244876449e-05 2.6557785271846013e-05 -5.7025335172665566e-05 2.1079265509741738e-05 -0.00011576552640249171 -0.00010851768010961717
leaf_weight=797409 157327 82892 673447 45935 253419 14024 49727
leaf_count=797409 157327 82892 673447 45935 253419 14024 49727
internal_value=3.22933e-07 -3.10819e-05 5.71562e-06 2.12206e-05 -4.89887e-06 -1.82529e-06 -6.88826e-05
internal_weight=2.07418e+06 303970 1.77021e+06 719382 1.05083e+06 171351 132619
internal_count=2074180 303970 1770210 719382 1050828 171351 132619
is_linear=0
shrinkage=0.00720685


Tree=301
num_leaves=8
num_cat=0
split_feature=0 0 19 18 2 0 24
split_gain=7.94178 5.4437 4.43892 4.43255 2.27779 1.45238 1.20008
threshold=-2.2670853137969966 0.47988137602806097 -0.33544866740703577 0.066427685320377364 -1.0834243297576902 -5.003096103668212 -1.0794447064399717
decision_type=2 2 8 10 2 2 2
left_child=4 3 -3 -2 5 -1 -6
right_child=1 2 -4 -5 6 -7 -8
leaf_value=-0.00021136523027574455 -1.7089816179608987e-05 4.0610733322110188e-05 2.1977504938827204e-06 9.0565155453243954e-06 0.0001032640695751792 -9.2200254602427226e-05 -4.4828389162395341e-05
leaf_weight=6351 777298 288983 340172 594193 3114 32498 32438
leaf_count=6351 777298 288983 340172 594193 3114 32498 32438
internal_value=-4.29192e-07 2.28972e-06 1.98416e-05 -5.76201e-06 -7.35403e-05 -0.000111687 -3.18538e-05
internal_weight=2.07505e+06 2.00065e+06 629155 1.37149e+06 74401 38849 35552
internal_count=2075047 2000646 629155 1371491 74401 38849 35552
is_linear=0
shrinkage=0.00720685


Tree=302
num_leaves=8
num_cat=0
split_feature=12 25 1 25 25 24 25
split_gain=6.93608 5.52175 5.36913 5.19528 3.51449 2.5124 2.30681
threshold=0.44311185181140905 0.13639222085475924 1.7285958528518679 2.1917306184768681 -3.2650512456893916 -0.64398244023323048 -0.092509545385837541
decision_type=8 8 2 10 8 2 8
left_child=1 4 5 -3 -1 -2 -4
right_child=2 3 6 -5 -6 -7 -8
leaf_value=9.8467568955844234e-05 1.2676296288305134e-05 3.3648889166003799e-05 -0.00015043702776570546 -8.7800421296052982e-05 -3.4270028447733552e-06 -1.9928419396262869e-05 -5.3167949463448639e-05
leaf_weight=17958 162085 475517 18554 19025 836082 505773 39894
leaf_count=17958 162085 475517 18554 19025 836082 505773 39894
internal_value=1.42703e-07 9.81271e-06 -1.78122e-05 2.89765e-05 -1.28432e-06 -1.20154e-05 -8.40479e-05
internal_weight=2.07489e+06 1.34858e+06 726306 494542 854040 667858 58448
internal_count=2074888 1348582 726306 494542 854040 667858 58448
is_linear=0
shrinkage=0.00720685


Tree=303
num_leaves=8
num_cat=0
split_feature=12 25 25 8 3 21 15
split_gain=6.44334 5.63815 5.23878 3.90227 4.89358 4.38517 3.60036
threshold=0.50098839402198803 0.1560284495353699 2.1917306184768681 1.5309963822364809 1.3666996359825136 inf 0.5946001708507539
decision_type=8 8 10 8 8 8 2
left_child=1 6 -3 4 -2 -5 -1
right_child=3 2 -4 5 -6 -7 -8
leaf_value=-9.1312562479050491e-06 -1.6105603890087187e-05 3.3427584296440262e-05 -8.4981926491123789e-05 3.9539178089130582e-05 -8.1144551612509746e-05 0.00059688737408986558 2.6147430011448774e-05
leaf_weight=734149 560207 463280 20254 39901 67304 746 188910
leaf_count=734149 560207 463280 20254 39901 67304 746 188910
internal_value=-2.21461e-07 8.53186e-06 2.84675e-05 -1.86488e-05 -2.30815e-05 4.97825e-05 -1.9112e-06
internal_weight=2.07475e+06 1.40659e+06 483534 668158 627511 40647 923059
internal_count=2074751 1406593 483534 668158 627511 40647 923059
is_linear=0
shrinkage=0.00720685


Tree=304
num_leaves=8
num_cat=0
split_feature=7 12 19 23 15 15 23
split_gain=6.7194 6.71709 5.52343 5.65541 4.26605 4.12347 2.95573
threshold=0.28465916216373449 0.677332103252411 -0.34008069336414332 -1.0759391784667967 0.54912576079368602 -0.8585045039653777 0.45608991384506231
decision_type=2 8 8 10 2 2 10
left_child=2 5 3 -1 -4 -2 -3
right_child=1 6 4 -5 -6 -7 -8
leaf_value=-5.0774362281079443e-05 4.163011915246868e-05 -8.0991352458379713e-05 -1.1812716505051994e-05 3.0773645919578293e-05 2.3691182939039542e-05 -1.8966763511875906e-05 4.5818734038093411e-06
leaf_weight=47957 73455 114663 740139 559219 230525 283142 25654
leaf_count=47957 73455 114663 740139 559219 230525 283142 25654
internal_value=5.29219e-09 -2.31056e-05 7.28372e-06 2.43326e-05 -3.38078e-06 -6.48433e-06 -6.5346e-05
internal_weight=2.07475e+06 496914 1.57784e+06 607176 970664 356597 140317
internal_count=2074754 496914 1577840 607176 970664 356597 140317
is_linear=0
shrinkage=0.00720685


Tree=305
num_leaves=8
num_cat=0
split_feature=6 8 21 23 18 2 15
split_gain=6.77422 5.37728 6.3508 5.38278 4.6814 5.45249 2.68767
threshold=0.59713104367256176 1.0582997202873232 inf -0.70768836140632618 -0.22332165390253064 0.21355616301298144 0.84901392459869396
decision_type=8 8 8 10 10 2 2
left_child=4 3 -3 -2 5 -1 -6
right_child=1 2 -4 -5 6 -7 -8
leaf_value=-2.1872265676986395e-05 -7.7297748513302693e-05 3.4852087453650269e-05 0.00060386462910711175 -1.69356866853943e-05 1.741672430429138e-05 1.6352091933229664e-05 6.5024773698160694e-05
leaf_weight=405712 93240 58163 1036 433352 644478 371118 68097
leaf_count=405712 93240 58163 1036 433352 644478 371118 68097
internal_value=4.59891e-07 -2.03026e-05 4.48199e-05 -2.76237e-05 8.62592e-06 -3.61116e-06 2.19665e-05
internal_weight=2.0752e+06 585791 59199 526592 1.4894e+06 776830 712575
internal_count=2075196 585791 59199 526592 1489405 776830 712575
is_linear=0
shrinkage=0.00720685


Tree=306
num_leaves=8
num_cat=0
split_feature=0 11 25 17 23 23 15
split_gain=7.78551 5.4886 5.12582 2.38261 1.90923 1.87758 1.72253
threshold=-1.9680593609809873 1.2681584358215334 -0.0052684410475194446 0.057231005281209953 -0.34935580193996424 0.67351707816123974 0.94502645730972301
decision_type=2 10 8 2 10 10 2
left_child=3 2 -2 5 -3 -1 -5
right_child=1 4 -4 6 -6 -7 -8
leaf_value=-0.00010064245391524081 -7.5867104637045917e-06 -7.4294447303217473e-05 1.6681817135574338e-05 1.7902623843229329e-05 -2.0279274684017994e-05 1.4704997908954724e-05 -0.00021168289585153443
leaf_weight=60245 804790 52876 1031260 20575 95148 8344 1849
leaf_count=60245 804790 52876 1031260 20575 95148 8344 1849
internal_value=-3.49034e-07 2.64078e-06 6.04426e-06 -6.55262e-05 -3.95747e-05 -8.66098e-05 -1.03512e-06
internal_weight=2.07509e+06 1.98407e+06 1.83605e+06 91013 148024 68589 22424
internal_count=2075087 1984074 1836050 91013 148024 68589 22424
is_linear=0
shrinkage=0.00720685


Tree=307
num_leaves=8
num_cat=0
split_feature=12 11 8 4 8 6 17
split_gain=6.56176 4.17165 3.66084 3.74182 2.51373 2.2764 2.03146
threshold=0.44311185181140905 1.1887991428375246 2.4733036756515507 -1.3213512301445005 -0.70865967869758595 2.378359436988831 -0.034110598266124718
decision_type=8 8 8 8 8 10 2
left_child=1 4 3 -2 -1 -3 -4
right_child=2 5 6 -5 -6 -7 -8
leaf_value=-8.4366804553666746e-06 -6.8642804397872704e-05 -3.4246829776857099e-05 -1.3087040417770881e-05 -1.4554656124115788e-05 1.7975464791568013e-05 0.00055040782494231969 0.00014573458928103349
leaf_weight=229975 74200 113847 6789 634423 1005122 346 10894
leaf_count=229975 74200 113847 6789 634423 1005122 346 10894
internal_value=-1.97028e-07 9.20433e-06 -1.76624e-05 -2.02184e-05 1.30575e-05 -3.24706e-05 8.47596e-05
internal_weight=2.0756e+06 1.34929e+06 726306 708623 1.2351e+06 114193 17683
internal_count=2075596 1349290 726306 708623 1235097 114193 17683
is_linear=0
shrinkage=0.00720685


Tree=308
num_leaves=8
num_cat=0
split_feature=0 6 18 8 19 23 25
split_gain=6.65726 5.38497 4.3818 4.29736 3.5722 3.13992 2.36626
threshold=0.36101725697517401 0.6720949411392213 -0.23129834234714505 1.0908805727958681 -0.46380740404129023 -1.7544986605644224 0.23951162397861483
decision_type=2 8 10 10 8 10 8
left_child=1 2 -1 -3 5 -2 -6
right_child=4 3 -4 -5 6 -7 -8
leaf_value=-2.000398354000548e-05 -0.00018435723111758117 -4.0899307425648776e-05 1.302044144233086e-05 4.1464165581288191e-05 -2.9236089272515262e-06 3.9313184358708327e-05 3.2772322564228607e-05
leaf_weight=351160 3297 341936 514291 36404 421011 281817 125116
leaf_count=351160 3297 341936 514291 36404 421011 281817 125116
internal_value=2.58714e-07 -1.02941e-05 -3.79321e-07 -3.29741e-05 1.6049e-05 3.6726e-05 5.25421e-06
internal_weight=2.07503e+06 1.24379e+06 865451 378340 831241 285114 546127
internal_count=2075032 1243791 865451 378340 831241 285114 546127
is_linear=0
shrinkage=0.00720685


Tree=309
num_leaves=8
num_cat=0
split_feature=6 2 15 8 23 15 15
split_gain=6.74518 5.06949 6.28466 5.02243 8.56226 3.91053 2.69999
threshold=0.53678333759307872 0.30746455490589147 0.57905226945877086 -0.78123748302459706 -1.1019871830940244 -0.43328812718391413 0.17177433520555499
decision_type=8 2 2 10 10 2 2
left_child=1 5 -3 4 -2 -1 -5
right_child=3 2 -4 6 -6 -7 -8
leaf_value=1.8426805557462213e-05 -0.00022487302826121035 1.3262308157259016e-05 7.119225822525397e-05 -2.093966100026282e-05 -3.8011677766587265e-05 -1.4180887256787152e-05 1.4362370215598733e-05
leaf_weight=297066 14015 487377 121519 300491 139509 535124 179889
leaf_count=297066 14015 487377 121519 300491 139509 535124 179889
internal_value=4.03419e-07 9.02132e-06 2.48237e-05 -1.9188e-05 -5.50714e-05 -2.54091e-06 -7.71997e-06
internal_weight=2.07499e+06 1.44109e+06 608896 633904 153524 832190 480380
internal_count=2074990 1441086 608896 633904 153524 832190 480380
is_linear=0
shrinkage=0.00720685


Tree=310
num_leaves=8
num_cat=0
split_feature=0 11 21 7 23 15 0
split_gain=6.74075 4.60594 4.27302 2.70621 2.42298 1.90784 1.8467
threshold=-1.4575732946395872 1.173382639884949 inf 0.35957585275173193 -0.24508529156446454 -1.9953914880752561 -4.5563533306121817
decision_type=2 10 8 2 8 2 2
left_child=4 2 -2 -3 6 -6 -1
right_child=1 3 -4 -5 5 -7 -8
leaf_value=-0.00021365500045755943 6.6998681007844659e-06 -1.3736259541414377e-05 0.00025524834682707446 -7.5637621061100166e-05 -0.00031346357721905228 -2.3132426729892953e-05 -7.469476790884693e-05
leaf_weight=5668 1752292 134849 3599 50389 1191 85665 40165
leaf_count=5668 1752292 134849 3599 50389 1191 85665 40165
internal_value=2.06622e-07 3.60371e-06 7.20946e-06 -3.05753e-05 -4.94895e-05 -2.71172e-05 -9.18841e-05
internal_weight=2.07382e+06 1.94113e+06 1.75589e+06 185238 132689 86856 45833
internal_count=2073818 1941129 1755891 185238 132689 86856 45833
is_linear=0
shrinkage=0.00720685


Tree=311
num_leaves=8
num_cat=0
split_feature=12 25 25 23 4 9 15
split_gain=6.1622 5.48243 5.71198 5.2555 4.37217 3.58625 3.57449
threshold=0.51783749461174022 0.1560284495353699 2.1917306184768681 -0.70768836140632618 -0.51607930660247792 -3.7155882120132442 0.62657496333122265
decision_type=8 10 10 10 8 8 2
left_child=1 6 -3 4 -2 -5 -1
right_child=3 2 -4 5 -6 -7 -8
leaf_value=-8.1960997289023527e-06 -0.00010937015843475622 3.4205318778036596e-05 -8.920799793956272e-05 -0.0001790447766359748 -2.395020298696495e-05 -6.1611366677317995e-06 2.7113904391176294e-05
leaf_weight=775717 53621 442647 20374 6307 74175 517352 184278
leaf_count=775717 53621 442647 20374 6307 74175 517352 184278
internal_value=1.82277e-09 8.40604e-06 2.87746e-05 -1.8356e-05 -5.97917e-05 -8.24373e-06 -1.41804e-06
internal_weight=2.07447e+06 1.42302e+06 463021 651455 127796 523659 959995
internal_count=2074471 1423016 463021 651455 127796 523659 959995
is_linear=0
shrinkage=0.00720685


Tree=312
num_leaves=8
num_cat=0
split_feature=0 21 22 25 0 25 2
split_gain=6.36085 5.05643 11.9112 4.74781 2.69073 2.09555 1.10539
threshold=-1.5425891280174253 inf -1.6038489341735838 0.12110790982842447 -4.5563533306121817 -0.01048105815425515 -2.2844636440277095
decision_type=2 8 2 8 2 8 2
left_child=4 3 -3 -2 6 -6 -1
right_child=1 2 -4 -5 5 -7 -8
leaf_value=-0.00020308967375525782 -5.6357384721843541e-06 0.0029217582182685859 0.00019608202371059914 1.7551242146894568e-05 -7.6375663992835378e-05 -1.0772529925440007e-05 -8.5524000687959905e-05
leaf_weight=6964 1206523 84 4253 739964 41081 65791 10301
leaf_count=6964 1206523 84 4253 739964 41081 65791 10301
internal_value=5.43578e-07 3.72662e-06 0.000249504 3.17887e-06 -4.94777e-05 -3.59907e-05 -0.000132955
internal_weight=2.07496e+06 1.95082e+06 4337 1.94649e+06 124137 106872 17265
internal_count=2074961 1950824 4337 1946487 124137 106872 17265
is_linear=0
shrinkage=0.00720685


Tree=313
num_leaves=8
num_cat=0
split_feature=0 0 25 25 6 1 2
split_gain=6.94612 4.15418 3.76581 3.60997 3.31727 1.61103 1.49973
threshold=0.21918310970067981 -3.2254713773727413 -3.2650512456893916 0.14936189353466037 0.68278661370277416 -1.3350247144699094 -1.6752099394798277
decision_type=2 2 8 10 8 2 2
left_child=1 6 5 -4 -3 -2 -1
right_child=2 4 3 -5 -6 -7 -8
leaf_value=-0.00013291477837070576 -6.4173971765086785e-05 -1.9265703589071991e-06 1.1443796226954329e-06 2.9179291578304585e-05 -3.078893482365605e-05 0.00015762430152040769 -4.5976602929470729e-05
leaf_weight=18508 1967 652454 702480 361232 302822 12543 23260
leaf_count=18508 1967 652454 702480 361232 302822 12543 23260
internal_value=-4.40824e-07 -1.41521e-05 1.22381e-05 1.0665e-05 -1.1076e-05 0.000127553 -8.45029e-05
internal_weight=2.07527e+06 997044 1.07822e+06 1.06371e+06 955276 14510 41768
internal_count=2075266 997044 1078222 1063712 955276 14510 41768
is_linear=0
shrinkage=0.00720685


Tree=314
num_leaves=8
num_cat=0
split_feature=0 7 18 11 19 18 8
split_gain=7.27585 3.805 4.3466 3.65321 3.51433 7.33186 3.83227
threshold=-0.034701250493526452 0.16989172995090487 3.8699431419372563 1.217710077762604 3.0996779203414921 2.4258433580398564 0.57644659280776989
decision_type=2 2 10 8 8 10 10
left_child=1 2 -1 -3 6 -6 -2
right_child=4 3 -4 -5 5 -7 -8
leaf_value=-8.6192958443401654e-06 4.9955170421018587e-06 -2.9281341677239849e-05 0.00020585447823644014 -0.00010094930243071278 -5.2580706806558182e-05 0.0013770997849853557 3.4348070258513678e-05
leaf_weight=369350 1096770 210800 4973 44791 54544 186 292671
leaf_count=369350 1096770 210800 4973 44791 54544 186 292671
internal_value=3.23862e-08 -2.04058e-05 -5.76936e-06 -4.18412e-05 8.94707e-06 -4.76978e-05 1.11784e-05
internal_weight=2.07408e+06 629914 374323 255591 1.44417e+06 54730 1.38944e+06
internal_count=2074085 629914 374323 255591 1444171 54730 1389441
is_linear=0
shrinkage=0.00720685


Tree=315
num_leaves=8
num_cat=0
split_feature=7 12 18 21 25 9 18
split_gain=6.92675 7.50748 5.28621 5.92032 3.62211 3.08636 2.65121
threshold=0.27134963870048529 0.54994305968284618 3.8699431419372563 inf 0.054591665044426925 -3.7155882120132442 -0.80971014499664296
decision_type=2 10 10 8 8 8 10
left_child=2 6 4 -4 -1 -3 -2
right_child=1 5 3 -5 -6 -7 -8
leaf_value=-4.0139423109843033e-06 -4.5969710006118494e-05 -0.00021788552598047827 0.00018484859848379745 0.0014455109646615001 1.8013317523175869e-05 -5.585504195705247e-05 5.9938859975363991e-06
leaf_weight=821799 62512 6335 5237 200 734072 168303 276801
leaf_count=821799 62512 6335 5237 200 734072 168303 276801
internal_value=-3.91549e-07 -2.33402e-05 7.16268e-06 0.00023147 6.37868e-06 -6.1734e-05 -3.57945e-06
internal_weight=2.07526e+06 513951 1.56131e+06 5437 1.55587e+06 174638 339313
internal_count=2075259 513951 1561308 5437 1555871 174638 339313
is_linear=0
shrinkage=0.00720685


Tree=316
num_leaves=8
num_cat=0
split_feature=0 19 18 4 17 18 7
split_gain=6.307 3.99284 5.39411 3.95954 2.98805 2.60631 2.25362
threshold=-0.20247986167669293 -0.34462994337081904 -0.20763986557722089 -0.081244546920061098 -0.034110598266124718 3.3287763595581059 0.75650867819786083
decision_type=2 8 10 8 2 10 2
left_child=3 2 -2 4 -1 -3 -5
right_child=1 5 -4 6 -6 -7 -8
leaf_value=-5.6222897166289107e-05 4.0964462727691275e-06 -1.7670033539158713e-06 4.6855956975118227e-05 1.6415556739024255e-05 -1.1058435301027874e-05 0.00031291723839680887 -6.0372836745712002e-05
leaf_weight=179779 365298 959952 263949 147578 131908 1368 22935
leaf_count=179779 365298 959952 263949 147578 131908 1368 22935
internal_value=9.97498e-07 7.91931e-06 2.20328e-05 -2.18345e-05 -3.71092e-05 -1.31886e-06 6.08664e-06
internal_weight=2.07277e+06 1.59057e+06 629247 482200 311687 961320 170513
internal_count=2072767 1590567 629247 482200 311687 961320 170513
is_linear=0
shrinkage=0.00720685


Tree=317
num_leaves=8
num_cat=0
split_feature=12 25 25 23 15 21 4
split_gain=6.01308 5.32323 5.00332 4.9563 3.60257 2.57236 2.49361
threshold=0.68634170293807995 0.13639222085475924 2.1917306184768681 -0.63351574540138234 0.62657496333122265 inf -0.52546387910842884
decision_type=8 8 10 10 2 8 8
left_child=1 4 -3 6 -1 -5 -2
right_child=3 2 -4 5 -6 -7 -8
leaf_value=-1.0184232528394363e-05 -0.00010222053688082293 2.8299336442674638e-05 -8.0232443794136667e-05 -1.1295823665576893e-05 2.4008536244773854e-05 0.00020308055441833978 -3.393539326483503e-05
leaf_weight=801136 49779 560750 22964 373734 199994 2929 62844
leaf_count=801136 49779 560750 22964 373734 199994 2929 62844
internal_value=-8.62475e-08 6.73185e-06 2.40294e-05 -2.21707e-05 -3.35356e-06 -9.62822e-06 -6.4118e-05
internal_weight=2.07413e+06 1.58484e+06 583714 489286 1.00113e+06 376663 112623
internal_count=2074130 1584844 583714 489286 1001130 376663 112623
is_linear=0
shrinkage=0.00720685


Tree=318
num_leaves=8
num_cat=0
split_feature=0 6 8 19 23 11 25
split_gain=6.5042 4.82039 4.07326 3.30954 3.3145 3.00045 2.19052
threshold=0.37470616400241857 0.63921567797660839 1.0908805727958681 -0.46380740404129023 5.1849126815795907 1.1887991428375246 0.23951162397861483
decision_type=2 8 10 8 10 8 8
left_child=1 5 -3 4 -2 -1 -5
right_child=3 2 -4 6 -6 -7 -8
leaf_value=4.2559272483708708e-06 3.4616534865157016e-05 -3.7671824051371335e-05 4.0974431317478645e-05 -1.9253906821169338e-06 0.00032506324417568011 -4.2019388992529965e-05 3.2959136736798398e-05
leaf_weight=788299 275618 362363 37768 408787 2055 80175 121212
leaf_count=788299 275618 362363 37768 408787 2055 80175 121212
internal_value=6.26102e-07 -9.55168e-06 -3.02483e-05 1.66123e-05 3.67673e-05 -1.60871e-08 6.05278e-06
internal_weight=2.07628e+06 1.2686e+06 400131 807672 277673 868474 529999
internal_count=2076277 1268605 400131 807672 277673 868474 529999
is_linear=0
shrinkage=0.00720685


Tree=319
num_leaves=8
num_cat=0
split_feature=6 2 15 18 8 23 8
split_gain=5.94097 5.22686 5.86312 5.80619 5.06909 7.83477 3.14087
threshold=0.49644474685192114 0.30746455490589147 0.56446573138237011 -0.26231235265731806 -0.77315562963485707 -1.1019871830940244 1.2026078104972842
decision_type=8 2 2 10 8 10 10
left_child=1 3 -3 -1 5 -2 -6
right_child=4 2 -4 -5 6 -7 -8
leaf_value=-2.2601306297451767e-05 -0.00021094573669572998 1.3029166201466814e-05 6.9063977391742288e-05 1.5967098840296866e-05 -1.2912096408486252e-05 -3.6979084451785876e-05 4.4201652124711991e-05
leaf_weight=411905 14785 474187 121921 399213 446198 148363 56322
leaf_count=411905 14785 474187 121921 399213 446198 148363 56322
internal_value=-1.03142e-07 8.28821e-06 2.449e-05 -3.61883e-06 -1.78425e-05 -5.27458e-05 -6.51072e-06
internal_weight=2.07289e+06 1.40723e+06 596108 811118 665668 163148 502520
internal_count=2072894 1407226 596108 811118 665668 163148 502520
is_linear=0
shrinkage=0.00720685


Tree=320
num_leaves=8
num_cat=0
split_feature=0 23 18 17 8 9 19
split_gain=7.32006 4.50912 4.80869 3.2967 5.39453 4.06158 2.32217
threshold=-0.049599366262555115 0.021680600009858612 3.8699431419372563 -0.67313396930694569 -0.81545963883399952 -4.1378033161163321 -1.2046768665313718
decision_type=2 8 10 2 8 10 8
left_child=1 2 -1 4 -2 -5 -3
right_child=3 6 -4 5 -6 -7 -8
leaf_value=-4.2924549930665395e-05 -4.7920614258676715e-05 0.00016984643769890081 0.00019199490194699709 -0.00016055019484903811 4.1146296457411498e-05 4.1300451114022366e-06 -2.9085323863897259e-06
leaf_weight=318076 40642 4098 4590 7831 269634 1142539 287503
leaf_count=318076 40642 4098 4590 7831 269634 1142539 287503
internal_value=-1.46369e-07 -2.10199e-05 -3.95821e-05 8.63189e-06 2.94795e-05 3.00885e-06 -4.80099e-07
internal_weight=2.07491e+06 614267 322666 1.46065e+06 310276 1.15037e+06 291601
internal_count=2074913 614267 322666 1460646 310276 1150370 291601
is_linear=0
shrinkage=0.00720685


Tree=321
num_leaves=8
num_cat=0
split_feature=7 12 18 24 19 10 1
split_gain=6.52321 6.44564 5.65356 6.93194 5.65737 2.69981 2.28304
threshold=0.28465916216373449 0.677332103252411 3.8699431419372563 -2.197600126266479 -0.17550805211067197 -1.1506163477897642 2.524811983108521
decision_type=2 10 10 2 8 8 2
left_child=2 5 4 -4 -1 -2 -3
right_child=1 6 3 -5 -6 -7 -8
leaf_value=1.9375269510036931e-05 -5.6203099479735976e-05 -5.8318821895187969e-05 0.00087663967128217993 0.00013520355463827164 -7.9845523743477663e-06 1.2961467859112911e-06 -0.00020611286995837207
leaf_weight=816661 49193 134713 759 4745 755830 307689 5656
leaf_count=816661 49193 134713 759 4745 755830 307689 5656
internal_value=-1.409e-07 -2.29027e-05 7.03168e-06 0.000237585 6.22455e-06 -6.62967e-06 -6.42755e-05
internal_weight=2.07525e+06 497251 1.578e+06 5504 1.57249e+06 356882 140369
internal_count=2075246 497251 1577995 5504 1572491 356882 140369
is_linear=0
shrinkage=0.00720685


Tree=322
num_leaves=8
num_cat=0
split_feature=7 15 19 23 21 23 1
split_gain=5.95786 6.72357 5.02668 6.18572 4.23998 3.26958 2.97939
threshold=0.4993389248847962 -0.59140312671661366 -0.1615769490599632 -1.0759391784667967 inf -0.250731810927391 2.0110718011856084
decision_type=2 2 8 10 8 8 2
left_child=2 6 3 -1 -4 -3 -2
right_child=1 5 4 -5 -6 -7 -8
leaf_value=-4.71803833588982e-05 2.6079061962666859e-05 -9.2052772406924315e-05 -8.6174625877884928e-06 2.2103768061103082e-05 0.00024558912488872853 -3.0932101776619028e-05 -9.8676087716348252e-05
leaf_weight=72522 104237 76411 827380 867660 3421 112222 10990
leaf_count=72522 104237 76411 827380 867660 3421 112222 10990
internal_value=2.87235e-07 -2.91955e-05 5.34582e-06 1.67594e-05 -7.5704e-06 -5.56912e-05 1.41794e-05
internal_weight=2.07484e+06 303860 1.77098e+06 940182 830801 188633 115227
internal_count=2074843 303860 1770983 940182 830801 188633 115227
is_linear=0
shrinkage=0.00720685


Tree=323
num_leaves=8
num_cat=0
split_feature=0 6 18 8 17 2 15
split_gain=6.51773 4.76003 5.94054 4.5706 2.21328 1.50071 1.14212
threshold=-2.2670853137969966 0.55657663941383373 -0.19957293570041654 1.5309963822364809 0.057231005281209953 -1.6154282093048093 0.61033228039741527
decision_type=2 8 10 8 2 2 2
left_child=4 2 -2 -3 5 -1 -6
right_child=1 3 -4 -5 6 -7 -8
leaf_value=-0.00013280734810339607 -4.2802189558937514e-06 -2.032994028193313e-05 2.5322014225027981e-05 6.3571607821283544e-05 2.5118340849552791e-05 -5.7508957230575111e-05 -0.00015555932251827884
leaf_weight=23281 766639 546635 651167 35939 15587 33580 2056
leaf_count=23281 766639 546635 651167 35939 15587 33580 2056
internal_value=-2.75917e-07 2.18916e-06 9.31542e-06 -1.51539e-05 -6.64611e-05 -8.83411e-05 4.05469e-06
internal_weight=2.07488e+06 2.00038e+06 1.41781e+06 582574 74504 56861 17643
internal_count=2074884 2000380 1417806 582574 74504 56861 17643
is_linear=0
shrinkage=0.00720685


Tree=324
num_leaves=8
num_cat=0
split_feature=11 25 25 25 23 24 18
split_gain=6.39479 5.79293 4.76596 4.67579 2.37244 1.88188 0.77194
threshold=1.2858846187591555 -0.015490729361772535 -2.5756974220275874 1.4654232859611513 -0.35576879978179926 -0.55963817238807667 2.8349362611770634
decision_type=10 10 8 8 10 2 10
left_child=1 2 -1 -3 5 -2 -6
right_child=4 3 -4 -5 6 -7 -8
leaf_value=7.201030448726408e-05 -1.9176976596566979e-05 1.819647859494505e-05 -1.3897138982201915e-05 -5.2767359137578046e-05 -1.8861078188945086e-05 -0.00010963637590721407 -0.00011837468471218054
leaf_weight=34982 17237 1021252 813878 50614 94055 38912 4230
leaf_count=34982 17237 1021252 813878 50614 94055 38912 4230
internal_value=1.20052e-07 3.7074e-06 -1.03567e-05 1.48455e-05 -4.44961e-05 -8.18678e-05 -2.31453e-05
internal_weight=2.07516e+06 1.92073e+06 848860 1.07187e+06 154434 56149 98285
internal_count=2075160 1920726 848860 1071866 154434 56149 98285
is_linear=0
shrinkage=0.00720685


Tree=325
num_leaves=8
num_cat=0
split_feature=0 25 25 3 9 3 9
split_gain=6.42116 4.16261 4.69531 3.41705 3.04712 2.69126 1.18126
threshold=-0.15986773371696469 -2.5756974220275874 -0.018086218275129792 -1.1205051541328428 1.9700000882148745 0.39119753241539007 -3.7155882120132442
decision_type=2 8 10 10 10 8 8
left_child=3 5 -3 6 -5 -2 -1
right_child=1 2 -4 4 -6 -7 -8
leaf_value=-0.0001622518824478122 0.00015558279003270419 -9.0145125053205128e-06 1.6512266187777292e-05 -2.9320040544099291e-05 0.00017061363930668451 3.6941456856526304e-06 4.6906440210184753e-05
leaf_weight=1451 16019 646345 889010 468401 3992 9745 41131
leaf_count=1451 16019 646345 889010 468401 3992 9745 41131
internal_value=1.1082e-08 7.29063e-06 5.76613e-06 -2.20564e-05 -2.76301e-05 9.81355e-05 3.97752e-05
internal_weight=2.07609e+06 1.56112e+06 1.53536e+06 514975 472393 25764 42582
internal_count=2076094 1561119 1535355 514975 472393 25764 42582
is_linear=0
shrinkage=0.00720685


Tree=326
num_leaves=8
num_cat=0
split_feature=11 19 0 0 9 5 9
split_gain=6.66761 5.49231 4.1816 4.1637 2.42295 1.95478 1.54043
threshold=1.304881274700165 -0.17550805211067197 -4.0831270217895499 0.52559703588485729 -2.1169744729995723 1.5447421073913576 1.9700000882148745
decision_type=10 8 2 2 10 10 10
left_child=1 3 -3 -1 5 -2 -6
right_child=4 2 -4 -5 6 -7 -8
leaf_value=5.2424191972496249e-06 -0.00015785215577379625 -0.00014341452897388229 -7.5721936731387011e-06 3.6866769825887352e-05 -4.083479088166064e-05 0.00094617460001102387 0.00022815476280421484
leaf_weight=699879 10991 11924 903953 312915 134157 83 1114
leaf_count=699879 10991 11924 903953 312915 134157 83 1114
internal_value=-1.10574e-07 3.44803e-06 -9.34093e-06 1.50132e-05 -4.7009e-05 -0.000149495 -3.86178e-05
internal_weight=2.07502e+06 1.92867e+06 915877 1.01279e+06 146345 11074 135271
internal_count=2075016 1928671 915877 1012794 146345 11074 135271
is_linear=0
shrinkage=0.00720685


Tree=327
num_leaves=8
num_cat=0
split_feature=0 11 6 17 9 15 15
split_gain=6.30479 4.67003 3.80548 2.80345 2.36934 1.77859 1.60837
threshold=-2.2670853137969966 1.2681584358215334 0.44581882655620581 0.057231005281209953 -4.1378033161163321 0.50553709268569957 0.99834862351417553
decision_type=2 10 8 2 8 2 2
left_child=3 2 -2 4 -1 -3 -5
right_child=1 5 -4 6 -6 -7 -8
leaf_value=-0.00029896394175395338 1.2604548293026507e-05 -5.1163139767814873e-05 -9.5774637992384168e-06 3.314638893792299e-05 -7.9329297192883095e-05 4.7274332954565999e-06 -0.00022966825050759276
leaf_weight=2676 1259260 110356 589855 16520 54353 40397 1304
leaf_count=2676 1259260 110356 589855 16520 54353 40397 1304
internal_value=-4.64776e-08 2.38407e-06 5.52862e-06 -6.49838e-05 -8.96406e-05 -3.61861e-05 1.39063e-05
internal_weight=2.07472e+06 1.99987e+06 1.84912e+06 74853 57029 150753 17824
internal_count=2074721 1999868 1849115 74853 57029 150753 17824
is_linear=0
shrinkage=0.00720685


Tree=328
num_leaves=8
num_cat=0
split_feature=3 19 8 8 25 23 17
split_gain=6.28906 5.50423 4.61532 4.03889 3.93285 3.67533 3.20469
threshold=1.345067083835602 -0.17086265236139295 0.23470707237720492 1.2026078104972842 0.17746201902627948 -0.97770690917968739 -0.034110598266124718
decision_type=8 8 10 10 8 10 2
left_child=1 2 -1 5 -3 -2 -5
right_child=3 4 -4 6 -6 -7 -8
leaf_value=6.324864024181172e-06 -0.00016419086756227995 -1.9531070357759373e-05 4.2204327161682874e-05 -8.3404492620789623e-05 1.2960923849241224e-05 -4.5369117000926822e-05 0.00012135831520353656
leaf_weight=777752 15334 625589 244825 5859 280119 114307 12307
leaf_count=777752 15334 625589 244825 5859 280119 114307 12307
internal_value=-1.68051e-08 3.45597e-06 1.49152e-05 -4.53224e-05 -9.48186e-06 -5.94247e-05 5.53147e-05
internal_weight=2.07609e+06 1.92828e+06 1.02258e+06 147807 905708 129641 18166
internal_count=2076092 1928285 1022577 147807 905708 129641 18166
is_linear=0
shrinkage=0.00720685


Tree=329
num_leaves=8
num_cat=0
split_feature=0 25 25 21 0 25 5
split_gain=6.22672 4.04418 5.24428 3.53191 2.94577 2.92359 1.12099
threshold=-0.074934590607881532 -0.0052684410475194446 -1.6407474875450132 inf -4.5563533306121817 0.039115149527788169 -2.5353471040725704
decision_type=2 10 8 8 2 8 8
left_child=4 2 -2 -3 6 -6 -1
right_child=1 3 -4 -5 5 -7 -8
leaf_value=-0.00023811896655372787 8.1096738038840231e-05 1.8259585745800942e-05 -9.6916694394940198e-06 0.00033505711123265795 -3.3328565359883417e-05 -7.1147825069651188e-07 -8.5367368532937441e-05
leaf_weight=3023 34870 817809 631340 1831 278986 292247 14297
leaf_count=3023 34870 817809 631340 1831 278986 292247 14297
internal_value=3.89978e-07 8.24839e-06 -4.93958e-06 1.89677e-05 -1.94492e-05 -1.66415e-05 -0.000112041
internal_weight=2.0744e+06 1.48585e+06 666210 819640 588553 571233 17320
internal_count=2074403 1485850 666210 819640 588553 571233 17320
is_linear=0
shrinkage=0.00720685


Tree=330
num_leaves=8
num_cat=0
split_feature=12 25 25 0 23 15 18
split_gain=6.2183 5.9985 5.45351 4.809 4.09341 2.71607 2.04597
threshold=0.44311185181140905 0.15919492393732074 2.1917306184768681 0.47988137602806097 -0.25644399225711817 0.57905226945877086 3.8699431419372563
decision_type=8 8 10 2 10 2 8
left_child=1 5 -3 4 -2 -1 -5
right_child=3 2 -4 6 -6 -7 -8
leaf_value=-8.5010309473906687e-06 -4.9384951804290474e-05 3.5261895582336962e-05 -8.9166697868049474e-05 1.8891400809987677e-05 -1.0234552419885613e-05 2.2525800162098515e-05 -0.00037784839022675756
leaf_weight=706170 245648 437591 19092 161647 318629 184911 677
leaf_count=706170 245648 437591 19092 161647 318629 184911 677
internal_value=-3.39791e-07 8.82198e-06 3.00598e-05 -1.73339e-05 -2.72781e-05 -2.06251e-06 1.72344e-05
internal_weight=2.07436e+06 1.34776e+06 456683 726601 564277 891081 162324
internal_count=2074365 1347764 456683 726601 564277 891081 162324
is_linear=0
shrinkage=0.00720685


Tree=331
num_leaves=8
num_cat=0
split_feature=11 19 8 21 23 8 8
split_gain=5.92186 5.29637 5.46596 4.02593 2.11261 2.2723 1.30355
threshold=1.217710077762604 -0.18466806411743161 0.23470707237720492 inf -0.79646089673042286 0.99550706148147594 -0.869321048259735
decision_type=10 8 10 8 10 8 8
left_child=1 2 -1 -3 5 -2 -6
right_child=4 3 -4 -5 6 -7 -8
leaf_value=6.5508754426637019e-06 -0.00012461485412705006 -9.0603100986413466e-06 4.666858686197216e-05 0.00023373830884052668 -7.826772704139493e-05 2.4628786691242516e-05 -1.877881947321937e-05
leaf_weight=744827 24422 907352 231133 3560 22318 6766 133986
leaf_count=744827 24422 907352 231133 3560 22318 6766 133986
internal_value=5.48411e-07 4.38685e-06 1.60519e-05 -8.11114e-06 -3.80803e-05 -9.2237e-05 -2.72736e-05
internal_weight=2.07436e+06 1.88687e+06 975960 910912 187492 31188 156304
internal_count=2074364 1886872 975960 910912 187492 31188 156304
is_linear=0
shrinkage=0.00720685


Tree=332
num_leaves=8
num_cat=0
split_feature=0 25 21 19 23 19 25
split_gain=5.6579 5.27424 4.77236 3.21073 2.31132 1.86751 1.67665
threshold=-1.6392048597335813 0.12110790982842447 inf -0.3829337209463119 -0.250731810927391 -1.2772037386894224 0.41956883668899542
decision_type=2 8 8 8 8 8 10
left_child=4 3 -3 -2 6 -6 -1
right_child=1 2 -4 -5 5 -7 -8
leaf_value=-7.9419140769770765e-05 9.5420539749910326e-06 1.6973645639622598e-05 0.00050908311551639985 -1.5161167176741754e-05 0.00033290123022803345 -2.9720266236791616e-05 -0.00024380098235600125
leaf_weight=35820 415398 743872 1024 798657 744 75193 3541
leaf_count=35820 415398 743872 1024 798657 744 75193 3541
internal_value=-3.33602e-07 2.55403e-06 1.76508e-05 -6.70875e-06 -4.93952e-05 -2.6163e-05 -9.42134e-05
internal_weight=2.07425e+06 1.95895e+06 744896 1.21406e+06 115298 75937 39361
internal_count=2074249 1958951 744896 1214055 115298 75937 39361
is_linear=0
shrinkage=0.00720685


Tree=333
num_leaves=8
num_cat=0
split_feature=7 23 18 1 19 11 7
split_gain=6.96382 5.84686 5.11096 7.60818 5.55841 3.42121 2.49759
threshold=0.36784192919731146 0.13585152477025988 3.8699431419372563 -2.1308906078338619 -0.17550805211067197 1.3242902159690859 1.517496705055237
decision_type=2 10 10 2 8 8 2
left_child=2 5 4 -4 -1 -2 -3
right_child=1 6 3 -5 -6 -7 -8
leaf_value=1.8756820759942769e-05 -3.7533410704615582e-05 -5.062499528838202e-06 0.0018635031900657126 0.00017961204607033963 -7.6216487650972493e-06 -0.00012264469344856592 6.7944743667889908e-05
leaf_weight=864772 238946 110002 142 5592 797540 27336 31251
leaf_count=864772 238946 110002 142 5592 797540 27336 31251
internal_value=3.17027e-07 -2.63897e-05 6.842e-06 0.000221617 6.10101e-06 -4.62713e-05 1.10899e-05
internal_weight=2.07558e+06 407535 1.66805e+06 5734 1.66231e+06 266282 141253
internal_count=2075581 407535 1668046 5734 1662312 266282 141253
is_linear=0
shrinkage=0.00720685


Tree=334
num_leaves=8
num_cat=0
split_feature=6 18 19 8 23 9 18
split_gain=5.36437 4.82311 5.49258 4.48953 4.65604 4.37707 2.36395
threshold=0.53678333759307872 -0.21553821861743924 -0.33544866740703577 1.3746846914291384 -0.70768836140632618 0.25505177676677709 3.8699431419372563
decision_type=8 10 8 10 10 8 10
left_child=1 5 -3 4 -2 -1 -5
right_child=3 2 -4 6 -6 -7 -8
leaf_value=1.4556214599117271e-05 -6.633189052111056e-05 4.6648747337588215e-05 4.899604437110567e-06 4.3274079469382056e-05 -1.3370720867683431e-05 -2.0315103171317309e-05 0.00036712602270677261
leaf_weight=335648 104899 272187 410534 43707 484099 422016 1202
leaf_count=335648 104899 272187 410534 43707 484099 422016 1202
internal_value=-3.69768e-08 7.65154e-06 2.15442e-05 -1.75071e-05 -2.28031e-05 -4.86695e-06 5.19502e-05
internal_weight=2.07429e+06 1.44038e+06 682721 633907 588998 757664 44909
internal_count=2074292 1440385 682721 633907 588998 757664 44909
is_linear=0
shrinkage=0.00720685


Tree=335
num_leaves=8
num_cat=0
split_feature=0 19 23 23 21 7 15
split_gain=6.28128 3.92964 3.89607 3.82721 3.34787 2.47984 2.12177
threshold=-0.54240804910659779 -0.34907266497611994 -0.25644399225711817 -0.97770690917968739 inf 0.8174906075000764 -1.9953914880752561
decision_type=2 8 8 10 8 2 2
left_child=2 3 5 -2 -3 -1 -4
right_child=1 4 6 -5 -6 -7 -8
leaf_value=-4.9948394898474676e-05 -3.6288976676884986e-05 -4.1799803438854528e-06 -0.00022467017619545832 2.4052995985943885e-05 0.00019588159862647537 -0.00014474831474244835 -8.7492238754155225e-06
leaf_weight=91954 59873 1081319 2391 618883 4361 16978 200537
leaf_count=91954 59873 1081319 2391 618883 4361 16978 200537
internal_value=-1.42044e-07 5.12784e-06 -2.99579e-05 1.87302e-05 -3.37617e-06 -6.47252e-05 -1.12945e-05
internal_weight=2.0763e+06 1.76444e+06 311860 678756 1.08568e+06 108932 202928
internal_count=2076296 1764436 311860 678756 1085680 108932 202928
is_linear=0
shrinkage=0.00720685


Tree=336
num_leaves=8
num_cat=0
split_feature=25 9 21 0 25 23 7
split_gain=5.68651 4.75817 4.53252 4.41372 4.224 3.03857 1.96236
threshold=-0.0079705063253641111 -4.1378033161163321 inf -0.49773949384689326 -3.2650512456893916 0.19328623265028003 -1.3332377672195432
decision_type=8 8 8 2 10 10 2
left_child=3 5 -3 6 -5 -2 -1
right_child=1 2 -4 4 -6 -7 -8
leaf_value=0.00010025489219886224 -0.00040579251216097079 1.1061620898351083e-05 0.00036493439844773176 8.8120681483980578e-05 -9.7004762465801313e-06 -2.5571571502601929e-05 -5.6715552291622851e-05
leaf_weight=4273 2312 1168036 1882 23654 745096 2068 128637
leaf_count=4273 2312 1168036 1882 23654 745096 2068 128637
internal_value=2.9164e-07 1.07435e-05 1.16312e-05 -1.33205e-05 -6.69044e-06 -0.000226323 -5.16681e-05
internal_weight=2.07596e+06 1.1743e+06 1.16992e+06 901660 768750 4380 132910
internal_count=2075958 1174298 1169918 901660 768750 4380 132910
is_linear=0
shrinkage=0.00720685


Tree=337
num_leaves=8
num_cat=0
split_feature=0 23 9 25 25 6 4
split_gain=5.38895 5.0821 3.88575 3.78605 3.26112 2.66463 1.96932
threshold=-0.11944471672177313 -0.25644399225711817 -4.1378033161163321 0.80924227833747875 -0.0052684410475194446 0.56610175967216503 -1.0105859637260435
decision_type=2 8 10 10 8 10 8
left_child=1 3 6 -1 -4 -3 -2
right_child=2 5 4 -5 -6 -7 -8
leaf_value=-4.2375430998520273e-05 -0.00048420266073092531 1.3078403131914016e-05 -4.3743998744203945e-06 -0.00019371499364476127 1.6899545714070661e-05 -2.7205902722400701e-05 -0.00010144436695409584
leaf_weight=186601 747 206967 673015 8999 843050 145049 10523
leaf_count=186601 747 206967 673015 8999 843050 145049 10523
internal_value=-4.90063e-07 -1.98865e-05 6.4644e-06 -4.93392e-05 7.45555e-06 -3.52079e-06 -0.000126855
internal_weight=2.07495e+06 547616 1.52734e+06 195600 1.51606e+06 352016 11270
internal_count=2074951 547616 1527335 195600 1516065 352016 11270
is_linear=0
shrinkage=0.00720685


Tree=338
num_leaves=8
num_cat=0
split_feature=12 7 8 17 19 23 1
split_gain=6.19647 6.12511 4.19907 4.84291 3.97471 3.96599 3.9203
threshold=0.75061923265457164 -0.22116246819496152 -0.87908694148063649 -0.20300558954477307 -0.18466806411743161 -0.5215364098548888 -2.4678087234497066
decision_type=8 2 8 2 8 10 2
left_child=2 6 3 -1 -4 -3 -2
right_child=1 5 4 -5 -6 -7 -8
leaf_value=-6.1149806701658361e-05 0.00065880235435839191 -8.4050692700562339e-05 2.2183847437553884e-05 9.417622590776605e-06 -1.7563472651857072e-06 -2.6015335573927655e-05 1.4857650553133916e-05
leaf_weight=97739 492 84695 730787 104532 710291 220084 126995
leaf_count=97739 492 84695 730787 104532 710291 220084 126995
internal_value=-3.1839e-07 -2.45975e-05 6.06798e-06 -2.46811e-05 1.0384e-05 -4.21431e-05 1.73478e-05
internal_weight=2.07562e+06 432266 1.64335e+06 202271 1.44108e+06 304779 127487
internal_count=2075615 432266 1643349 202271 1441078 304779 127487
is_linear=0
shrinkage=0.00720685


Tree=339
num_leaves=8
num_cat=0
split_feature=12 25 25 23 8 25 0
split_gain=5.68063 5.06079 5.33388 4.59478 3.72309 3.05698 2.84418
threshold=0.49257694184780126 0.17746201902627948 2.1917306184768681 -0.51324030756950367 0.61096745729446422 -3.2650512456893916 0.52044320106506359
decision_type=8 8 10 10 8 10 2
left_child=1 5 -3 4 -2 -1 -5
right_child=3 2 -4 6 -6 -7 -8
leaf_value=9.0950214041430415e-05 -6.2582268633637068e-05 3.404494474262147e-05 -8.6436253494055103e-05 -1.358954353588286e-05 1.7136135741489836e-05 -2.5614512266040279e-06 3.0410483733794667e-05
leaf_weight=18517 152983 427047 19977 390911 37982 932400 94808
leaf_count=18517 152983 427047 19977 390911 37982 932400 94808
internal_value=3.64191e-07 8.66123e-06 2.86605e-05 -1.67764e-05 -4.67265e-05 -7.40403e-07 -5.00104e-06
internal_weight=2.07462e+06 1.39794e+06 447024 676684 190965 950917 485719
internal_count=2074625 1397941 447024 676684 190965 950917 485719
is_linear=0
shrinkage=0.00720685


Tree=340
num_leaves=8
num_cat=0
split_feature=0 23 8 18 18 6 23
split_gain=6.18524 3.92158 3.61255 3.97916 3.27559 2.70135 1.76931
threshold=-0.51941031217575062 -0.25644399225711817 -1.1643608212471006 0.056585162878036506 3.8699431419372563 1.1573061943054201 -0.78240451216697682
decision_type=2 8 8 10 10 8 10
left_child=1 4 6 -4 -1 -3 -2
right_child=2 5 3 -5 -6 -7 -8
leaf_value=-7.0465480592588387e-05 -0.00014080649728076303 2.0652121011850342e-06 -1.4480297914976959e-07 2.3630762079435461e-05 0.00015356646517564017 -6.3784831203848017e-05 -3.2017789413318272e-05
leaf_weight=108575 8966 168219 1152478 535489 3498 40061 57935
leaf_count=108575 8966 168219 1152478 535489 3498 40061 57935
internal_value=2.31401e-08 -2.90973e-05 5.33914e-06 7.39773e-06 -6.34716e-05 -1.06006e-05 -4.65997e-05
internal_weight=2.07522e+06 320353 1.75487e+06 1.68797e+06 112073 208280 66901
internal_count=2075221 320353 1754868 1687967 112073 208280 66901
is_linear=0
shrinkage=0.00720685


Tree=341
num_leaves=8
num_cat=0
split_feature=7 15 15 2 6 18 3
split_gain=5.53207 6.4321 5.06813 6.67225 4.38086 3.46402 2.29882
threshold=0.34307660162448889 -0.6762147545814513 0.20248828083276751 0.41934643685817724 0.25232444703578955 2.6828558444976811 0.85577529668807995
decision_type=2 2 2 2 8 10 10
left_child=2 6 4 -4 -1 -3 -2
right_child=1 5 3 -5 -6 -7 -8
leaf_value=7.8670642671712435e-06 3.9694416256698425e-05 -3.7489411350792973e-05 4.6419281906834907e-06 5.5727125214751406e-05 -2.2170362929409761e-05 -0.00018970333082585651 -2.6892583520402166e-05
leaf_weight=647914 88836 295743 376861 205042 412901 7974 38641
leaf_count=647914 88836 295743 376861 205042 412901 7974 38641
internal_value=-4.79356e-07 -2.34535e-05 5.55107e-06 2.26426e-05 -3.82439e-06 -4.14864e-05 1.95102e-05
internal_weight=2.07391e+06 431194 1.64272e+06 581903 1.06082e+06 303717 127477
internal_count=2073912 431194 1642718 581903 1060815 303717 127477
is_linear=0
shrinkage=0.00720685


Tree=342
num_leaves=8
num_cat=0
split_feature=0 25 25 18 2 15 19
split_gain=5.28999 4.20597 5.13933 3.52575 1.57912 1.43499 1.13694
threshold=-2.2670853137969966 0.12110790982842447 1.4654232859611513 3.8699431419372563 -1.0834243297576902 -1.6263689398765562 -0.57513511180877674
decision_type=2 8 10 10 2 2 10
left_child=4 3 -3 -2 5 -1 -6
right_child=1 2 -4 -5 6 -7 -8
leaf_value=-0.00030798493481907688 -7.0386388582759438e-06 2.0316616693912787e-05 -5.3238585455361044e-05 0.00019761206178266127 3.2706871996777955e-05 -8.2728137190236545e-05 -5.3975750046924266e-05
leaf_weight=1528 1230353 710367 53018 4387 11790 37546 23565
leaf_count=1528 1230353 710367 53018 4387 11790 37546 23565
internal_value=-3.12048e-07 1.91013e-06 1.5208e-05 -6.31135e-06 -5.99685e-05 -9.15448e-05 -2.50685e-05
internal_weight=2.07255e+06 1.99812e+06 763385 1.23474e+06 74429 39074 35355
internal_count=2072554 1998125 763385 1234740 74429 39074 35355
is_linear=0
shrinkage=0.00720685


Tree=343
num_leaves=8
num_cat=0
split_feature=12 7 21 25 25 23 15
split_gain=5.81885 7.80537 8.43748 4.4474 5.41799 4.26299 3.07761
threshold=0.46796469390392309 -0.22666767239570615 inf 0.15919492393732074 2.1917306184768681 -0.91975861787796009 0.62657496333122265
decision_type=8 2 8 10 10 10 2
left_child=3 2 -2 6 -5 -3 -1
right_child=1 5 -4 4 -6 -7 -8
leaf_value=-6.8956714905094247e-06 1.7497517253876181e-05 -8.7332449082947678e-05 0.00098734529818615105 3.2707623011918839e-05 -9.008555859105552e-05 -2.4576332635608666e-05 2.6377120199459315e-05
leaf_weight=754211 209426 64756 466 420841 19528 426508 178571
leaf_count=754211 209426 64756 466 420841 19528 426508 178571
internal_value=-2.39606e-07 -1.71315e-05 1.96553e-05 8.38571e-06 2.72622e-05 -3.28487e-05 -5.25908e-07
internal_weight=2.07431e+06 701156 209892 1.37315e+06 440369 491264 932782
internal_count=2074307 701156 209892 1373151 440369 491264 932782
is_linear=0
shrinkage=0.00720685


Tree=344
num_leaves=8
num_cat=0
split_feature=6 18 19 15 7 21 8
split_gain=5.91137 5.1259 4.63423 4.63295 6.7122 3.99275 1.98543
threshold=0.59713104367256176 -0.21553821861743924 -0.18466806411743161 0.18201529979705813 0.24067369848489764 inf -0.71616616845130909
decision_type=8 10 8 2 2 8 8
left_child=1 6 -3 5 -5 -2 -1
right_child=3 2 -4 4 -6 -7 -8
leaf_value=-3.2850048358109379e-05 -3.6326864559364018e-05 3.9608502799406667e-05 2.6358752901363892e-06 3.3542453369006018e-05 -5.9018239906009219e-05 0.00020135823085653021 -7.227725686503807e-08
leaf_weight=111993 376236 370092 335885 150058 55830 3706 671318
leaf_count=111993 376236 370092 335885 150058 55830 3706 671318
internal_value=3.05449e-07 7.93441e-06 2.2018e-05 -1.90887e-05 8.44278e-06 -3.40079e-05 -4.75871e-06
internal_weight=2.07512e+06 1.48929e+06 705977 585830 205888 379942 783311
internal_count=2075118 1489288 705977 585830 205888 379942 783311
is_linear=0
shrinkage=0.00720685


Tree=345
num_leaves=8
num_cat=0
split_feature=0 11 25 17 25 8 20
split_gain=6.17506 4.78055 4.25883 2.78328 2.51803 1.45957 1.02427
threshold=-2.2670853137969966 1.2858846187591555 0.11804664134979249 0.057231005281209953 -0.92870774865150441 1.7756065130233767 1.7638939023017886
decision_type=2 10 8 2 8 8 8
left_child=3 2 -2 6 -5 -3 -1
right_child=1 5 -4 4 -6 -7 -8
leaf_value=-9.5006980338480104e-05 -3.0221615383052593e-06 -4.4336624999030771e-05 1.9372925349034024e-05 0.0011491091482141334 7.6398948803181045e-06 4.1128378035295454e-05 6.7759773347790008e-05
leaf_weight=54527 1137373 131618 720376 100 17803 11266 2084
leaf_count=54527 1137373 131618 720376 100 17803 11266 2084
internal_value=1.73055e-07 2.57234e-06 5.66193e-06 -6.42444e-05 1.40775e-05 -3.75975e-05 -8.90136e-05
internal_weight=2.07515e+06 2.00063e+06 1.85775e+06 74514 17903 142884 56611
internal_count=2075147 2000633 1857749 74514 17903 142884 56611
is_linear=0
shrinkage=0.00720685


Tree=346
num_leaves=8
num_cat=0
split_feature=0 11 0 7 19 18 15
split_gain=6.01715 4.1553 3.85163 3.75354 3.01548 2.74637 2.10056
threshold=0.35641269385814672 1.11865770816803 -3.2254713773727413 0.31222996115684515 -0.33544866740703577 -0.055321766063570969 0.56446573138237011
decision_type=2 10 2 2 8 10 2
left_child=1 2 -1 -3 5 -2 -6
right_child=4 3 -4 -5 6 -7 -8
leaf_value=-8.1770105346461153e-05 1.874425035312299e-05 -1.7919871845484593e-05 -1.8225404753470829e-06 -8.6721588308362379e-05 -5.6916803181429436e-06 6.2943496730690892e-05 3.047286313267385e-05
leaf_weight=32287 277989 120238 1021505 62641 352016 99028 109324
leaf_count=32287 277989 120238 1021505 62641 352016 99028 109324
internal_value=3.29027e-07 -9.77549e-06 -4.27214e-06 -4.14868e-05 1.52344e-05 3.03539e-05 2.87824e-06
internal_weight=2.07503e+06 1.23667e+06 1.05379e+06 182879 838357 377017 461340
internal_count=2075028 1236671 1053792 182879 838357 377017 461340
is_linear=0
shrinkage=0.00720685


Tree=347
num_leaves=8
num_cat=0
split_feature=11 19 8 8 2 24 8
split_gain=5.55796 5.35775 5.61626 3.98058 1.73077 2.03944 1.12896
threshold=1.2858846187591555 -0.18466806411743161 0.23470707237720492 -1.3836190104484556 -1.1130420565605161 -2.6143565177917476 1.7756065130233767
decision_type=10 8 10 8 2 2 10
left_child=1 2 -1 -3 5 -2 -6
right_child=4 3 -4 -5 6 -7 -8
leaf_value=5.5050363039931596e-06 0.00086983275258004642 -0.00013021978743170642 4.5863418618587126e-05 -7.2143456755890541e-06 -3.3358452973240665e-05 -8.320818736235227e-05 5.1292215930389024e-05
leaf_weight=758065 116 13871 234486 913117 103013 42520 8888
leaf_count=758065 116 13871 234486 913117 103013 42520 8888
internal_value=5.62933e-08 3.40372e-06 1.50396e-05 -9.0551e-06 -4.15225e-05 -8.05954e-05 -2.66343e-05
internal_weight=2.07408e+06 1.91954e+06 992551 926988 154537 42636 111901
internal_count=2074076 1919539 992551 926988 154537 42636 111901
is_linear=0
shrinkage=0.00720685


Tree=348
num_leaves=8
num_cat=0
split_feature=8 0 25 25 25 9 15
split_gain=5.18605 4.99643 4.56754 2.8096 1.89087 1.54088 1.03737
threshold=-1.1831167936325071 -4.5563533306121817 0.12110790982842447 -0.073637057095766054 0.33866588771343237 -1.0165858268737791 -1.7199643850326536
decision_type=8 2 8 10 10 8 2
left_child=3 6 -3 5 -5 -1 -2
right_child=1 2 -4 4 -6 -7 -8
leaf_value=-0.00022075800492702083 -0.00041000474963017234 -4.5947070004934715e-06 1.8067894884772165e-05 8.9188777487100832e-07 -7.7502590583225083e-05 -8.5785755162455036e-05 -0.00011535175799382397
leaf_weight=5514 648 1220650 743102 45204 24717 21619 14335
leaf_count=5514 648 1220650 743102 45204 24717 21619 14335
internal_value=4.5783e-07 2.98066e-06 3.98102e-06 -5.09769e-05 -2.68208e-05 -0.000113223 -0.000128122
internal_weight=2.07579e+06 1.97874e+06 1.96375e+06 97054 69921 27133 14983
internal_count=2075789 1978735 1963752 97054 69921 27133 14983
is_linear=0
shrinkage=0.00720685


Tree=349
num_leaves=8
num_cat=0
split_feature=7 15 18 19 19 18 3
split_gain=6.15655 6.20591 5.69791 6.5629 4.7459 4.30778 2.30378
threshold=0.34307660162448889 -0.6762147545814513 3.8699431419372563 2.5648137331008916 -0.17550805211067197 2.8349362611770634 0.87871223688125621
decision_type=2 2 10 10 8 10 10
left_child=2 6 4 -4 -1 -3 -2
right_child=1 5 3 -5 -6 -7 -8
leaf_value=1.7792685022007158e-05 3.8063425643399803e-05 -3.7500121168649147e-05 0.00018009848426178376 0.001341724103066448 -6.7590313173263753e-06 -0.00022449111291088491 -2.937903219335308e-05
leaf_weight=851888 90261 296870 5448 264 786432 6539 37126
leaf_count=851888 90261 296870 5448 264 786432 6539 37126
internal_value=4.4473e-07 -2.38069e-05 6.79957e-06 0.000234004 6.00727e-06 -4.15309e-05 1.84075e-05
internal_weight=2.07483e+06 430796 1.64403e+06 5712 1.63832e+06 303409 127387
internal_count=2074828 430796 1644032 5712 1638320 303409 127387
is_linear=0
shrinkage=0.00720685


Tree=350
num_leaves=8
num_cat=0
split_feature=7 18 21 0 12 18 18
split_gain=5.8745 4.62328 6.76086 4.13714 3.98691 2.67134 2.2093
threshold=0.4993389248847962 3.8699431419372563 inf 0.49994494020938879 0.677332103252411 1.5009267926216128 3.8699431419372563
decision_type=2 10 8 2 10 10 10
left_child=1 3 -3 -1 5 -2 -6
right_child=4 2 -4 -5 6 -7 -8
leaf_value=-2.763361900520353e-06 -2.3463591693535398e-06 0.0001578202353894566 0.0014536526563793764 2.1089153418693068e-05 -6.3884410251218346e-05 -8.1009389595228227e-05 -0.00033136814699341892
leaf_weight=1217526 186581 5820 216 547518 90222 25484 1632
leaf_count=1217526 186581 5820 216 547518 90222 25484 1632
internal_value=2.93464e-07 5.31669e-06 0.000204416 4.6357e-06 -2.89791e-05 -1.17998e-05 -6.86405e-05
internal_weight=2.075e+06 1.77108e+06 6036 1.76504e+06 303919 212065 91854
internal_count=2074999 1771080 6036 1765044 303919 212065 91854
is_linear=0
shrinkage=0.00720685


Tree=351
num_leaves=8
num_cat=0
split_feature=12 23 11 21 24 12 23
split_gain=5.50465 4.24683 3.63232 3.43717 2.81478 2.03448 1.24965
threshold=0.76060691475868236 -0.7427353262901305 1.2681584358215334 inf -0.43639709055423731 -2.6869344711303706 -0.79646089673042286
decision_type=8 10 10 8 2 10 10
left_child=2 4 5 -3 -2 -1 -4
right_child=1 3 6 -5 -6 -7 -8
leaf_value=-5.8389566080845732e-05 -1.2542610569564088e-05 -1.4302081736569876e-05 -9.0522262611086331e-05 0.00023414473996020177 -0.00010149761771205727 9.7480914199903579e-06 -2.3554454841946877e-05
leaf_weight=23106 28506 340545 17066 2916 52510 1515095 95233
leaf_count=23106 28506 340545 17066 2916 52510 1515095 95233
internal_value=-1.17074e-07 -2.32635e-05 5.83574e-06 -1.2192e-05 -7.01991e-05 8.72451e-06 -3.37324e-05
internal_weight=2.07498e+06 424477 1.6505e+06 343461 81016 1.5382e+06 112299
internal_count=2074977 424477 1650500 343461 81016 1538201 112299
is_linear=0
shrinkage=0.00720685


Tree=352
num_leaves=8
num_cat=0
split_feature=3 19 23 23 25 1 24
split_gain=5.62574 4.77385 4.88108 3.21351 3.16246 1.64614 1.56856
threshold=1.1926521658897402 -0.39267207682132715 -1.7544986605644224 -0.12469579651951788 0.17746201902627948 -1.9448184370994566 -0.65683990716934193
decision_type=8 8 10 10 8 2 2
left_child=1 2 -1 6 -3 -5 -2
right_child=3 4 -4 5 -6 -7 -8
leaf_value=-0.00010675192333095954 -1.8456773894546368e-05 -1.1998956800731597e-05 2.3124052790999783e-05 0.000195945899408675 1.3125961479547504e-05 -9.8158046639759435e-06 -7.8586128052993281e-05
leaf_weight=15395 31385 838040 631679 2060 377365 100223 79907
leaf_count=15395 31385 838040 631679 2060 377365 100223 79907
internal_value=2.0335e-07 4.22077e-06 2.00339e-05 -3.48303e-05 -4.19802e-06 -5.6697e-06 -6.16298e-05
internal_weight=2.07605e+06 1.86248e+06 647074 213575 1.2154e+06 102283 111292
internal_count=2076054 1862479 647074 213575 1215405 102283 111292
is_linear=0
shrinkage=0.00720685


Tree=353
num_leaves=8
num_cat=0
split_feature=7 15 18 1 25 6 23
split_gain=5.35083 6.67318 5.78776 11.2766 4.63438 3.12335 2.82622
threshold=0.4993389248847962 -0.56361973285675038 3.8699431419372563 -2.25971508026123 0.088400866836309447 0.49644474685192114 -0.10868284106254576
decision_type=2 2 10 2 8 10 8
left_child=2 5 4 -4 -1 -2 -3
right_child=1 6 3 -5 -6 -7 -8
leaf_value=-6.0423128196125062e-06 4.2194217739153405e-05 -8.304763361836545e-05 0.0027053918749028886 0.00018865046061097601 1.7552180097670556e-05 -3.3010361975978153e-05 -2.629981228895923e-05
leaf_weight=1006638 75162 93672 93 5924 757919 46382 88794
leaf_count=1006638 75162 93672 93 5924 757919 46382 88794
internal_value=5.70288e-08 -2.7875e-05 4.85303e-06 0.000227972 4.09207e-06 1.34954e-05 -5.54327e-05
internal_weight=2.07458e+06 304010 1.77057e+06 6017 1.76456e+06 121544 182466
internal_count=2074584 304010 1770574 6017 1764557 121544 182466
is_linear=0
shrinkage=0.00720685


Tree=354
num_leaves=8
num_cat=0
split_feature=12 25 25 8 0 25 15
split_gain=5.64983 4.73395 4.62619 4.23753 3.86136 3.74128 3.39571
threshold=0.45152594149112707 0.13639222085475924 2.1917306184768681 2.8321537971496586 -2.2670853137969966 -6.4565587043762198 0.62657496333122265
decision_type=8 8 10 8 2 8 2
left_child=1 6 -3 4 -2 -5 -1
right_child=3 2 -4 5 -6 -7 -8
leaf_value=-8.9728231387304318e-06 -8.5888290951927578e-05 3.0470060229146087e-05 -8.3510895162626714e-05 0.00084707173477804691 -1.474953936445825e-05 9.2532238962673733e-05 2.7006123700009181e-05
leaf_weight=690319 42151 478119 19238 350 662309 12472 169748
leaf_count=690319 42151 478119 19238 350 662309 12472 169748
internal_value=-2.82378e-07 8.36274e-06 2.6061e-05 -1.66429e-05 -1.90062e-05 0.000113192 -1.87175e-06
internal_weight=2.07471e+06 1.35742e+06 497357 717282 704460 12822 860067
internal_count=2074706 1357424 497357 717282 704460 12822 860067
is_linear=0
shrinkage=0.00720685


Tree=355
num_leaves=8
num_cat=0
split_feature=7 23 4 19 23 18 7
split_gain=5.34546 5.61246 5.24367 4.68666 5.49404 5.0788 2.29006
threshold=0.31940108537673956 0.13585152477025988 -1.3686259388923643 -0.33544866740703577 -1.0759391784667967 3.8699431419372563 1.517496705055237
decision_type=2 10 8 8 10 10 2
left_child=3 2 -2 4 -1 -5 -3
right_child=1 6 -4 5 -6 -7 -8
leaf_value=-5.0620670935113789e-05 -0.00012595003243606826 -4.0513770536555059e-08 -2.9026605865815223e-05 -4.3014623070727906e-06 2.8330673376322409e-05 0.00021467835772150722 6.9010275367467982e-05
leaf_weight=49709 32532 126443 266343 984125 578842 5531 31076
leaf_count=49709 32532 126443 266343 984125 578842 5531 31076
internal_value=5.53316e-07 -2.12297e-05 -3.9577e-05 6.69694e-06 2.20867e-05 -3.0774e-06 1.35823e-05
internal_weight=2.0746e+06 456394 298875 1.61821e+06 628551 989656 157519
internal_count=2074601 456394 298875 1618207 628551 989656 157519
is_linear=0
shrinkage=0.00720685


Tree=356
num_leaves=8
num_cat=0
split_feature=0 21 9 3 9 23 23
split_gain=5.37214 3.71266 8.08015 3.67356 3.14018 2.1506 1.94278
threshold=-1.2529269456863401 inf 0.048792185261845596 1.1926521658897402 -1.3144359588623045 -0.97770690917968739 0.084827821701765074
decision_type=2 8 10 10 8 8 8
left_child=4 3 -3 -2 6 -6 -1
right_child=1 2 -4 -5 5 -7 -8
leaf_value=-0.00013161241832565111 5.9767497378612531e-06 7.1008149979714315e-06 0.00067734759355088619 -2.8539354620460017e-05 -0.00012756656635345607 -1.0837749250062377e-05 -3.5579747933734606e-05
leaf_weight=26169 1736940 3049 1346 176418 8907 102838 18806
leaf_count=26169 1736940 3049 1346 176418 8907 102838 18806
internal_value=-4.04802e-08 3.27488e-06 0.000212476 2.79422e-06 -4.06098e-05 -2.01432e-05 -9.14592e-05
internal_weight=2.07447e+06 1.91775e+06 4395 1.91336e+06 156720 111745 44975
internal_count=2074473 1917753 4395 1913358 156720 111745 44975
is_linear=0
shrinkage=0.00720685


Tree=357
num_leaves=8
num_cat=0
split_feature=2 15 23 7 25 25 0
split_gain=5.17839 7.95824 5.78664 4.94237 3.21379 2.79649 2.31854
threshold=0.1365664601325989 0.22398630529642108 -0.10342041775584219 0.55578920245170604 -0.039925104007124894 2.7295281887054448 0.36552807688713079
decision_type=2 2 10 2 10 8 2
left_child=2 4 3 -1 -2 -4 -3
right_child=1 6 5 -5 -6 -7 -8
leaf_value=-1.6496325990167216e-05 -2.0877810697095833e-05 1.9565622440308266e-05 9.4031188550058641e-06 -7.2996037042646474e-05 1.1130240160995996e-05 -0.00012372644550712446 5.7596760185085387e-05
leaf_weight=453667 274038 147956 498929 97739 401824 8331 190412
leaf_count=453667 274038 147956 498929 97739 401824 8331 190412
internal_value=7.98506e-07 1.24362e-05 -1.03507e-05 -2.65113e-05 -1.84786e-06 7.21638e-06 4.09673e-05
internal_weight=2.0729e+06 1.01423e+06 1.05867e+06 551406 675862 507260 338368
internal_count=2072896 1014230 1058666 551406 675862 507260 338368
is_linear=0
shrinkage=0.00720685


Tree=358
num_leaves=8
num_cat=0
split_feature=2 21 15 15 23 7 7
split_gain=5.5616 6.952 7.48228 7.29069 5.77583 4.26814 2.95431
threshold=0.050985213369131095 inf 0.025826915167272094 0.22398630529642108 -0.10342041775584219 0.64110514521598827 -0.33361205458641047
decision_type=2 8 2 2 8 2 2
left_child=4 3 -3 -2 5 -1 -6
right_child=1 2 -4 -5 6 -7 -8
leaf_value=-2.0588465391899013e-05 -2.3080010715596003e-06 0.0018669513902785518 0.00031103905977041023 3.670577921336585e-05 4.8660107144884224e-05 -7.915087251798504e-05 -2.0472311454336765e-06
leaf_weight=395517 736106 191 985 375791 69570 77266 419609
leaf_count=395517 736106 191 985 375791 69570 77266 419609
internal_value=4.95042e-07 1.14636e-05 0.00056506 1.08776e-05 -1.21965e-05 -3.01594e-05 5.16429e-06
internal_weight=2.07504e+06 1.11307e+06 1176 1.1119e+06 961962 472783 489179
internal_count=2075035 1113073 1176 1111897 961962 472783 489179
is_linear=0
shrinkage=0.00720685


Tree=359
num_leaves=8
num_cat=0
split_feature=2 21 14 15 23 7 7
split_gain=5.37534 6.19899 7.6307 6.40614 5.9408 3.41158 3.28257
threshold=-0.12627159059047696 inf -0.4946963489055633 0.22398630529642108 -0.098129801452159868 0.54090419411659252 -0.29459843039512629
decision_type=2 8 2 2 8 2 2
left_child=4 3 -3 -2 5 -1 -6
right_child=1 2 -4 -5 6 -7 -8
leaf_value=-2.3903746682932469e-05 -3.3105839118600543e-06 0.0002322662607808674 0.0015773716206240317 3.0353009433109617e-05 5.5289854827683355e-05 -7.5752898959719519e-05 -4.0590903491462193e-06
leaf_weight=295077 851714 1224 266 448065 56560 84870 335622
leaf_count=295077 851714 1224 266 448065 56560 84870 335622
internal_value=-1.11739e-07 8.82683e-06 0.000473263 8.29406e-06 -1.51759e-05 -3.54857e-05 4.50019e-06
internal_weight=2.0734e+06 1.30127e+06 1490 1.29978e+06 772129 379947 392182
internal_count=2073398 1301269 1490 1299779 772129 379947 392182
is_linear=0
shrinkage=0.00720685


Tree=360
num_leaves=7
num_cat=0
split_feature=0 0 12 19 3 23
split_gain=5.18943 4.13565 3.66149 2.87491 1.69266 1.66176
threshold=-4.0831270217895499 0.43131317198276525 0.44311185181140905 -0.46380740404129023 -2.4003171920776363 0.073792677372694029
decision_type=2 2 8 8 10 10
left_child=4 2 -2 -3 -1 -6
right_child=1 3 -4 -5 5 -7
leaf_value=0.00081558061565657606 3.737483164875656e-06 3.5512325055238648e-05 -2.0676077728444686e-05 5.0881390059061867e-06 -0.00014364697373716063 -1.4978126738566551e-05
leaf_weight=103 815942 247763 523961 462346 17820 7370
leaf_count=103 815942 247763 523961 462346 17820 7370
internal_value=3.76668e-07 1.64257e-06 -5.80928e-06 1.57035e-05 -0.00010222 -0.000106004
internal_weight=2.0753e+06 2.05001e+06 1.3399e+06 710109 25293 25190
internal_count=2075305 2050012 1339903 710109 25293 25190
is_linear=0
shrinkage=0.00720685


Tree=361
num_leaves=8
num_cat=0
split_feature=0 11 19 7 17 2 25
split_gain=4.94296 4.23103 4.81506 2.64891 2.37838 1.92393 1.41866
threshold=-2.2670853137969966 1.217710077762604 -0.39267207682132715 0.11766710877418519 0.057231005281209953 -1.6154282093048093 -0.92870774865150441
decision_type=2 10 8 2 2 2 8
left_child=4 2 -2 -3 5 -1 -6
right_child=1 3 -4 -5 6 -7 -8
leaf_value=-0.00012999762018686993 2.2180370304937583e-05 -4.4437730310844939e-06 -2.3876542103475229e-06 -6.0753584499275077e-05 0.00078117943790165527 -4.4720060635822886e-05 1.0525201608338393e-05
leaf_weight=23224 635496 91938 1190570 82171 124 33656 17662
leaf_count=23224 635496 91938 1190570 82171 124 33656 17662
internal_value=7.76538e-07 2.92575e-06 6.16235e-06 -3.10196e-05 -5.67961e-05 -7.95408e-05 1.59407e-05
internal_weight=2.07484e+06 2.00018e+06 1.82607e+06 174109 74666 56880 17786
internal_count=2074841 2000175 1826066 174109 74666 56880 17786
is_linear=0
shrinkage=0.00720685


Tree=362
num_leaves=8
num_cat=0
split_feature=0 10 19 18 19 2 17
split_gain=5.37535 4.4052 4.37873 1.69761 1.54761 1.46835 0.735774
threshold=-3.5989686250686641 -1.1940591335296629 -0.39267207682132715 0.93315166234970104 -0.6358278989791869 -0.71186444163322438 -0.099405940622091279
decision_type=2 8 8 10 8 2 2
left_child=3 5 -3 6 -5 -2 -1
right_child=1 2 -4 4 -6 -7 -8
leaf_value=-7.857237423474689e-05 -5.7364475517517176e-05 1.978393326135235e-05 -3.5056430835250347e-06 6.5978591542830172e-06 -0.00018057226580000529 -1.6178509435412556e-05 1.5199284207424027e-05
leaf_weight=11787 72276 642669 1206312 2808 12537 118965 6883
leaf_count=11787 72276 642669 1206312 2808 12537 118965 6883
internal_value=-3.14456e-07 1.18357e-06 4.58934e-06 -9.01642e-05 -0.000146322 -3.17443e-05 -4.40015e-05
internal_weight=2.07424e+06 2.04022e+06 1.84898e+06 34015 15345 191241 18670
internal_count=2074237 2040222 1848981 34015 15345 191241 18670
is_linear=0
shrinkage=0.00720685


Tree=363
num_leaves=8
num_cat=0
split_feature=0 8 7 23 23 23 24
split_gain=5.54193 4.45677 3.74094 2.57602 2.36549 1.46764 1.32778
threshold=-2.2670853137969966 -1.2053646445274351 0.55578920245170604 -0.7556239366531371 -0.25644399225711817 -0.18767803162336347 -2.6143565177917476
decision_type=2 8 2 10 8 8 2
left_child=4 3 -3 -2 6 -6 -1
right_child=1 2 -4 -5 5 -7 -8
leaf_value=0.00071850612036879148 -0.0001477757136702943 7.6463665085577282e-06 -2.2796142035401252e-05 -3.3782927959507259e-05 0.00012549231781727168 -4.2574569531207713e-05 -0.00012230486547148501
leaf_weight=97 12153 1681252 239526 67385 2862 47018 24753
leaf_count=97 12153 1681252 239526 67385 2862 47018 24753
internal_value=-6.15446e-07 1.66102e-06 3.85008e-06 -5.12023e-05 -6.15496e-05 -3.29286e-05 -0.000118995
internal_weight=2.07505e+06 2.00032e+06 1.92078e+06 79538 74730 49880 24850
internal_count=2075046 2000316 1920778 79538 74730 49880 24850
is_linear=0
shrinkage=0.00720685


Tree=364
num_leaves=8
num_cat=0
split_feature=12 7 25 25 19 21 0
split_gain=5.44101 7.43291 4.56812 5.30908 3.6784 3.62962 2.11103
threshold=0.50953054428100597 -0.22666767239570615 0.18108381330966952 2.1917306184768681 -0.11116326600313185 inf -2.1123412847518916
decision_type=8 2 8 10 8 8 2
left_child=2 5 4 -4 -1 -2 -3
right_child=1 6 3 -5 -6 -7 -8
leaf_value=1.1217905617886203e-05 1.8418358553038174e-05 -8.4292566711682802e-05 3.2337332260879623e-05 -8.7136147884240824e-05 -1.7176391635754672e-05 0.00067375462927857645 -2.836293260846851e-05
leaf_weight=554220 196530 38209 426832 20233 413964 439 424105
leaf_count=554220 196530 38209 426832 20233 413964 439 424105
internal_value=-9.02275e-08 -1.71906e-05 7.87584e-06 2.693e-05 -9.22551e-07 1.98823e-05 -3.29856e-05
internal_weight=2.07453e+06 659283 1.41525e+06 447065 968184 196969 462314
internal_count=2074532 659283 1415249 447065 968184 196969 462314
is_linear=0
shrinkage=0.00720685


Tree=365
num_leaves=8
num_cat=0
split_feature=11 19 23 8 23 8 9
split_gain=5.0436 4.67909 4.88133 3.47111 2.2718 1.95308 1.32549
threshold=1.2681584358215334 -0.39267207682132715 -1.7544986605644224 -1.4312949180603025 -0.79646089673042286 1.0582997202873232 -2.1169744729995723
decision_type=10 8 10 8 10 8 8
left_child=1 2 -1 -3 5 -2 -6
right_child=4 3 -4 -5 6 -7 -8
leaf_value=-0.00010665452513933405 -0.00012972672893189923 -0.00010779941188848918 2.2117384402665564e-05 -3.211313657470276e-06 -0.00012147637210312968 1.8696275516164477e-05 -2.0734963206008329e-05
leaf_weight=15658 21555 16704 647535 1231778 7162 5855 128105
leaf_count=15658 21555 16704 647535 1231778 7162 5855 128105
internal_value=3.28712e-07 3.6069e-06 1.90769e-05 -4.61075e-06 -3.8194e-05 -9.80219e-05 -2.60699e-05
internal_weight=2.07435e+06 1.91168e+06 663193 1.24848e+06 162677 27410 135267
internal_count=2074352 1911675 663193 1248482 162677 27410 135267
is_linear=0
shrinkage=0.00720685


Tree=366
num_leaves=8
num_cat=0
split_feature=7 15 15 12 6 8 7
split_gain=5.44401 6.29033 5.11043 4.16784 4.01351 2.97638 2.90186
threshold=0.26509484648704534 -0.68452051281929005 0.20248828083276751 0.66884621977806102 0.25232444703578955 -0.89874511957168568 -0.14839654415845868
decision_type=2 2 2 8 8 8 2
left_child=2 5 4 -3 -1 -2 -4
right_child=1 3 6 -5 -6 -7 -8
leaf_value=8.0922052662215225e-06 -5.4847444840766692e-05 -2.0029755304851118e-05 4.0379334510425437e-05 -7.1977573998459527e-05 -2.1594291236441458e-05 3.4251437624437097e-05 7.3523600054294751e-06
leaf_weight=616784 23197 261175 278809 115778 383673 121272 273938
leaf_count=616784 23197 261175 278809 115778 383673 121272 273938
internal_value=-3.39862e-07 -2.04889e-05 6.42431e-06 -3.59853e-05 -3.29248e-06 1.99446e-05 2.40115e-05
internal_weight=2.07463e+06 521422 1.5532e+06 376953 1.00046e+06 144469 552747
internal_count=2074626 521422 1553204 376953 1000457 144469 552747
is_linear=0
shrinkage=0.00720685


Tree=367
num_leaves=8
num_cat=0
split_feature=0 9 25 18 25 18 19
split_gain=4.98804 4.11858 3.74714 3.82586 3.70391 1.99021 1.27259
threshold=-1.0377164483070371 -1.9979136586189268 0.12110790982842447 0.066427685320377364 1.6391316056251528 3.8699431419372563 5.3920071125030526
decision_type=2 8 10 10 10 10 8
left_child=1 6 3 -2 -4 -3 -1
right_child=2 5 4 -5 -6 -7 -8
leaf_value=-0.00010437564652096772 -1.3843815916509651e-05 -2.4109259198974603e-05 2.0782114833897974e-05 1.3335610456789826e-05 -4.9159333098844909e-05 0.00017075453614905328 -0.00042961315676560356
leaf_weight=30847 789819 154818 645600 407917 41876 2770 637
leaf_count=30847 789819 154818 645600 407917 41876 2770 637
internal_value=-4.28709e-07 -3.57179e-05 3.11052e-06 -4.5872e-06 1.65217e-05 -2.06829e-05 -0.00011097
internal_weight=2.07428e+06 189072 1.88521e+06 1.19774e+06 687476 157588 31484
internal_count=2074284 189072 1885212 1197736 687476 157588 31484
is_linear=0
shrinkage=0.00720685


Tree=368
num_leaves=8
num_cat=0
split_feature=8 23 17 23 17 0 0
split_gain=5.31296 9.34343 3.83883 3.94158 3.68947 3.1227 1.64299
threshold=-0.78960075974464405 -1.1019871830940244 -0.64646294713020314 -0.79646089673042286 0.23916093260049823 -2.6620422601699825 -0.18039141595363614
decision_type=8 10 2 8 2 2 2
left_child=1 6 5 -4 -3 -2 -1
right_child=2 4 3 -5 -6 -7 -8
leaf_value=-0.00018431573548775772 -0.00010420439118843707 -3.0164717708851037e-05 -3.5530508179989504e-05 3.9269332233630667e-06 2.0841108747236411e-05 2.8737217684899707e-05 -8.119201837078748e-05
leaf_weight=19007 9408 225389 148049 1175815 109412 372168 13893
leaf_count=19007 9408 225389 148049 1175815 109412 372168 13893
internal_value=-3.78149e-08 -2.48846e-05 5.31926e-06 -4.85634e-07 -1.34961e-05 2.54591e-05 -0.000140773
internal_weight=2.07314e+06 367701 1.70544e+06 1.32386e+06 334801 381576 32900
internal_count=2073141 367701 1705440 1323864 334801 381576 32900
is_linear=0
shrinkage=0.00720685


Tree=369
num_leaves=8
num_cat=0
split_feature=0 12 7 25 19 23 15
split_gain=5.25807 4.26201 4.71965 3.46263 2.81754 2.655 2.19839
threshold=0.41249211132526403 0.378680169582367 -0.22666767239570615 -0.039925104007124894 -0.46380740404129023 -1.8835978507995603 0.62657496333122265
decision_type=2 8 2 8 8 10 2
left_child=1 3 -3 -1 5 -2 -6
right_child=4 2 -4 -5 6 -7 -8
leaf_value=-1.736251946933933e-05 -0.00021925920911660245 1.0335875828872609e-05 -3.6494548154316127e-05 1.4195861245808418e-05 -3.7676888923604302e-06 3.6123487656953819e-05 3.294917969320497e-05
leaf_weight=294236 2131 152340 419752 467481 374981 255791 109407
leaf_count=294236 2131 152340 419752 467481 374981 255791 109407
internal_value=-6.02924e-07 -9.15908e-06 -2.40242e-05 2.00545e-06 1.4771e-05 3.40126e-05 4.52541e-06
internal_weight=2.07612e+06 1.33381e+06 572092 761717 742310 257922 484388
internal_count=2076119 1333809 572092 761717 742310 257922 484388
is_linear=0
shrinkage=0.00720685


Tree=370
num_leaves=8
num_cat=0
split_feature=0 8 25 25 2 9 5
split_gain=5.57196 4.16597 4.20455 3.06787 1.76242 1.22775 0.895989
threshold=-2.6620422601699825 -0.78960075974464405 4.3423571586608896 -0.079845488071441637 -1.6154282093048093 -4.1378033161163321 0.72320434451103222
decision_type=2 8 10 10 2 8 10
left_child=4 3 -3 -2 5 -1 -6
right_child=1 2 -4 -5 6 -7 -8
leaf_value=-0.00030850830678657182 -5.6587140462851913e-05 7.3325015479871037e-06 -0.00019829224854878646 -7.9382068203954189e-06 -1.8639587564509432e-05 -0.00010280813034170937 -0.00011551390831879791
leaf_weight=1614 91387 1663805 5180 255710 27712 22658 6039
leaf_count=1614 91387 1663805 5180 255710 27712 22658 6039
internal_value=-3.41746e-08 1.96975e-06 6.69418e-06 -2.07472e-05 -6.96623e-05 -0.000116499 -3.59766e-05
internal_weight=2.0741e+06 2.01608e+06 1.66898e+06 347097 58023 24272 33751
internal_count=2074105 2016082 1668985 347097 58023 24272 33751
is_linear=0
shrinkage=0.00720685


Tree=371
num_leaves=8
num_cat=0
split_feature=7 3 19 25 25 25 1
split_gain=5.5113 5.35981 4.14645 3.88202 3.01713 2.35576 1.77748
threshold=0.31940108537673956 1.4398193359375002 -0.34462994337081904 0.17746201902627948 2.7295281887054448 -0.070912126451730714 1.2428570389747622
decision_type=2 10 8 8 10 10 2
left_child=2 5 4 -4 -1 -2 -3
right_child=1 6 3 -5 -6 -7 -8
leaf_value=2.2377141538978935e-05 -3.6618467111799674e-05 -6.5717625570128611e-05 -1.2652010805836728e-05 1.8205347402972142e-05 -0.0001138038581183342 -7.2533406917328323e-07 -0.00016090954207680872
leaf_weight=608110 150709 34634 696628 304229 8568 256804 14436
leaf_count=608110 150709 34634 696628 304229 8568 256804 14436
internal_value=-4.56493e-07 -2.25682e-05 5.78499e-06 -3.27231e-06 2.04849e-05 -1.39997e-05 -9.37254e-05
internal_weight=2.07412e+06 456583 1.61754e+06 1.00086e+06 616678 407513 49070
internal_count=2074118 456583 1617535 1000857 616678 407513 49070
is_linear=0
shrinkage=0.00720685


Tree=372
num_leaves=8
num_cat=0
split_feature=8 23 19 25 3 8 3
split_gain=4.96267 9.0676 4.5318 3.44455 3.41667 3.04237 2.83475
threshold=-0.71616616845130909 -1.1019871830940244 -0.17086265236139295 0.19565434753894809 1.345067083835602 0.23470707237720492 -0.106262169778347
decision_type=8 10 8 8 8 10 10
left_child=1 6 5 -4 -3 -2 -1
right_child=2 4 3 -5 -6 -7 -8
leaf_value=-4.0902013928892954e-05 8.3348994602726512e-06 -5.0240146334247664e-06 -1.5098297400768878e-05 1.8262414803594379e-05 -8.0880698368988247e-05 3.8419706390802534e-05 -0.00017033633935127881
leaf_weight=13331 553248 370342 602858 219198 33640 255082 25797
leaf_count=13331 553248 370342 602858 219198 33640 255082 25797
internal_value=-1.00662e-07 -2.14872e-05 5.71182e-06 -6.20275e-06 -1.13409e-05 1.78287e-05 -0.00012624
internal_weight=2.0735e+06 443110 1.63039e+06 822056 403982 808330 39128
internal_count=2073496 443110 1630386 822056 403982 808330 39128
is_linear=0
shrinkage=0.00720685


Tree=373
num_leaves=8
num_cat=0
split_feature=7 15 15 2 6 12 6
split_gain=5.20915 5.43007 4.23436 5.99628 3.94704 3.5242 2.72745
threshold=0.29806232452392584 -0.68452051281929005 0.20248828083276751 0.42714723944664007 0.63921567797660839 0.26240050792694097 1.1757692694664004
decision_type=2 2 2 2 8 10 10
left_child=2 6 4 -4 -1 -3 -2
right_child=1 5 3 -5 -6 -7 -8
leaf_value=5.6783520230409107e-06 3.0601156704622904e-05 -1.2303071733714945e-05 5.1685361778520186e-06 5.432782763345781e-05 -2.773991552510536e-05 -5.839703861479731e-05 -6.5634757330744099e-05
leaf_weight=788044 118172 169953 366548 198751 239311 174723 17569
leaf_count=788044 118172 169953 366548 198751 239311 174723 17569
internal_value=3.36348e-07 -2.04641e-05 6.61073e-06 2.24523e-05 -2.10606e-06 -3.56692e-05 1.81448e-05
internal_weight=2.07307e+06 480417 1.59265e+06 565299 1.02736e+06 344676 135741
internal_count=2073071 480417 1592654 565299 1027355 344676 135741
is_linear=0
shrinkage=0.00720685


Tree=374
num_leaves=8
num_cat=0
split_feature=12 23 19 6 18 18 21
split_gain=4.56698 4.45786 3.31256 3.58708 3.04033 2.75275 2.52239
threshold=0.78961309790611278 -0.63351574540138234 -0.39267207682132715 2.378359436988831 2.8349362611770634 3.0368520021438603 inf
decision_type=8 10 8 8 10 10 8
left_child=2 5 4 -4 -1 -2 -3
right_child=1 6 3 -5 -6 -7 -8
leaf_value=2.029067617973168e-05 -7.5299983664364777e-05 -1.0422627854480635e-05 -2.4496538898050882e-06 0.00041291464260915373 -0.00024056625297055518 8.5725511546323526e-05 0.00020517398272834662
leaf_weight=580072 87933 303229 1090254 1080 2329 5882 2844
leaf_count=580072 87933 303229 1090254 1080 2329 5882 2844
internal_value=1.40469e-07 -2.17406e-05 5.36831e-06 -2.03822e-06 1.92471e-05 -6.5203e-05 -8.41861e-06
internal_weight=2.07362e+06 399888 1.67374e+06 1.09133e+06 582401 93815 306073
internal_count=2073623 399888 1673735 1091334 582401 93815 306073
is_linear=0
shrinkage=0.00720685


Tree=375
num_leaves=8
num_cat=0
split_feature=12 25 25 15 1 13 24
split_gain=4.6949 4.59744 4.28478 3.23144 2.80814 3.3913 2.0846
threshold=0.80923914909362804 0.13639222085475924 0.73124581575393688 0.61033228039741527 -1.9448184370994566 -0.63154673576354969 -0.27862724661827082
decision_type=8 8 10 2 2 8 2
left_child=1 3 -3 -1 5 -2 -6
right_child=4 2 -4 -5 6 -7 -8
leaf_value=-1.0577706849586533e-05 0.00032821421464105798 2.9135434284219536e-05 -2.059477005235371e-05 2.0498026200421192e-05 -3.1239714996927689e-06 -4.576802696329099e-06 -3.8432369496334748e-05
leaf_weight=848921 2576 513691 109097 218537 135921 4154 240553
leaf_count=848921 2576 513691 109097 218537 135921 4154 240553
internal_value=-3.00555e-07 4.86303e-06 2.04239e-05 -4.21564e-06 -2.30762e-05 0.000122828 -2.56848e-05
internal_weight=2.07345e+06 1.69025e+06 622788 1.06746e+06 383204 6730 376474
internal_count=2073450 1690246 622788 1067458 383204 6730 376474
is_linear=0
shrinkage=0.00720685


Tree=376
num_leaves=8
num_cat=0
split_feature=3 15 2 23 23 17 1
split_gain=5.29822 2.87857 6.26101 2.84661 2.8143 2.15011 1.19106
threshold=1.1926521658897402 0.87195780873298656 0.42714723944664007 -0.97770690917968739 -0.114259235560894 -0.034110598266124718 1.348747253417969
decision_type=8 2 2 10 10 2 2
left_child=1 4 -3 6 -1 -5 -2
right_child=3 2 -4 5 -6 -7 -8
leaf_value=-9.3518499418828004e-06 -7.1286370692396207e-05 1.1222117701699952e-06 7.5055011655627139e-05 -4.7468112533034839e-05 9.8042554233448975e-06 1.5494556159531484e-06 -0.0001751454144861855
leaf_weight=806794 18351 179612 88957 97842 786787 88532 8344
leaf_count=806794 18351 179612 88957 97842 786787 88532 8344
internal_value=-1.10779e-07 3.78443e-06 2.56109e-05 -3.41535e-05 1.05937e-07 -2.41836e-05 -0.000103755
internal_weight=2.07522e+06 1.86215e+06 268569 213069 1.59358e+06 186374 26695
internal_count=2075219 1862150 268569 213069 1593581 186374 26695
is_linear=0
shrinkage=0.00720685


Tree=377
num_leaves=8
num_cat=0
split_feature=11 19 7 17 0 2 24
split_gain=4.73873 4.2848 3.218 3.17438 2.70965 0.989079 0.85042
threshold=1.217710077762604 -0.39267207682132715 0.096123673021793379 4.6509954929351816 -3.5989686250686641 -1.1130420565605161 -2.6143565177917476
decision_type=10 8 2 2 2 2 2
left_child=1 3 6 -1 -3 -4 -2
right_child=2 4 5 -5 -6 -7 -8
leaf_value=1.8460583893180858e-05 0.00023455668263480496 -9.0896614385541606e-05 -9.424053862574701e-05 -0.00025306710972564865 -3.9550464375754276e-06 -4.6446988350346019e-05 -7.0541889212083253e-06
leaf_weight=652175 762 18908 36498 2243 1213095 58614 91556
leaf_count=652175 762 18908 36498 2243 1213095 58614 91556
internal_value=-8.07233e-07 2.62666e-06 -3.53682e-05 1.75295e-05 -5.28946e-06 -6.47882e-05 -5.05726e-06
internal_weight=2.07385e+06 1.88642e+06 187430 654418 1.232e+06 95112 92318
internal_count=2073851 1886421 187430 654418 1232003 95112 92318
is_linear=0
shrinkage=0.00720685


Tree=378
num_leaves=8
num_cat=0
split_feature=8 25 19 15 21 25 2
split_gain=5.02009 4.64172 4.0937 4.29586 3.40689 3.29224 2.49186
threshold=-0.78960075974464405 -0.079845488071441637 -0.34907266497611994 -0.91870900988578785 inf 0.56249749660491954 -1.4546747207641599
decision_type=8 10 8 2 8 10 2
left_child=1 6 3 -2 -4 -3 -1
right_child=2 5 4 -5 -6 -7 -8
leaf_value=-0.00017955232255065351 8.1889562310093591e-05 3.5896505592804874e-06 -3.6624597641909774e-06 1.4480679401870659e-05 0.0001985208119218539 -6.1810050049197066e-05 -5.4517630178008653e-05
leaf_weight=9116 53847 219581 1091223 557259 4345 48877 90079
leaf_count=9116 53847 219581 1091223 557259 4345 48877 90079
internal_value=2.72097e-07 -2.38835e-05 5.47574e-06 2.04205e-05 -2.86041e-06 -8.31747e-06 -6.60102e-05
internal_weight=2.07433e+06 367653 1.70667e+06 611106 1.09557e+06 268458 99195
internal_count=2074327 367653 1706674 611106 1095568 268458 99195
is_linear=0
shrinkage=0.00720685


Tree=379
num_leaves=8
num_cat=0
split_feature=0 10 12 2 16 8 18
split_gain=5.2895 3.97441 3.57506 1.72424 1.04786 0.912752 0.49839
threshold=-4.5563533306121817 -1.1940591335296629 0.44311185181140905 -0.65942823886871327 4.6125965118408212 1.5309963822364809 3.8699431419372563
decision_type=2 8 8 2 2 10 10
left_child=4 3 -3 -2 5 -1 -6
right_child=1 2 -4 -5 6 -7 -8
leaf_value=-0.00010588512701376648 -5.6002450619824343e-05 1.1333974903954186e-05 -9.7641698999062082e-06 -1.2319714301145822e-05 -0.00022218997820048139 -0.00036351554411671687 -0.00073146756177854553
leaf_weight=15996 78914 1232817 630474 115807 192 747 210
leaf_count=15996 78914 1232817 630474 115807 192 747 210
internal_value=-9.27706e-08 9.57445e-07 4.19507e-06 -3.00232e-05 -0.000126151 -0.000117401 -0.000489385
internal_weight=2.07516e+06 2.05801e+06 1.86329e+06 194721 17145 16743 402
internal_count=2075157 2058012 1863291 194721 17145 16743 402
is_linear=0
shrinkage=0.00720685


Tree=380
num_leaves=8
num_cat=0
split_feature=7 15 21 8 19 23 6
split_gain=4.69519 5.66012 4.73219 13.6733 4.81985 3.46814 2.33668
threshold=0.36784192919731146 -0.6762147545814513 inf 0.86016860604286205 -0.34462994337081904 -0.23948086798191068 1.1757692694664004
decision_type=2 2 8 10 8 8 10
left_child=2 6 4 -4 -1 -3 -2
right_child=1 5 3 -5 -6 -7 -8
leaf_value=2.1179927258835489e-05 3.2038909598366856e-05 -6.9462892696740212e-05 -5.1486703443093619e-05 0.00093589456451248195 -4.0525970721735574e-06 -1.8169363235663995e-05 -6.1924532624316409e-05
leaf_weight=636260 106270 114417 2168 1096 1029212 170472 15787
leaf_count=636260 106270 114417 2168 1096 1029212 170472 15787
internal_value=7.71702e-07 -2.11774e-05 6.12433e-06 0.000280227 5.58697e-06 -3.87701e-05 1.9885e-05
internal_weight=2.07568e+06 406946 1.66874e+06 3264 1.66547e+06 284889 122057
internal_count=2075682 406946 1668736 3264 1665472 284889 122057
is_linear=0
shrinkage=0.00720685


end of trees

feature_importances:
LOW_TURNOVER=413
ROE_YOY=371
Q_SALES_YOY=251
CURRENT_RATIO=172
REV60=158
CORD60=152
LN_TURNOVER=135
INTRADAY_REV10=126
MACD_LINE=124
VSTD5=104
BP=98
CORD20=91
AMIHUD_20=91
MAX_DD60=86
EP=76
CORR60=61
CORD5=44
RET_AMT_CORR20=40
CNTD60=23
RET_VOL_CORR5=17
VOL_CV20=12
VOL_OF_VOL_20=9
UP_DOWN_RATIO20=4
NEG_SKEW_20=4
VOL_PRICE_DIVERGENCE=2
CNTD5=2

parameters:
[boosting: gbdt]
[objective: regression]
[metric: l2]
[tree_learner: serial]
[device_type: cpu]
[data_sample_strategy: bagging]
[data: ]
[valid: ]
[num_iterations: 1000]
[learning_rate: 0.00720685]
[num_leaves: 43]
[num_threads: 8]
[seed: 42]
[deterministic: 0]
[force_col_wise: 0]
[force_row_wise: 0]
[histogram_pool_size: -1]
[max_depth: 3]
[min_data_in_leaf: 76]
[min_sum_hessian_in_leaf: 0.001]
[bagging_fraction: 0.712041]
[pos_bagging_fraction: 1]
[neg_bagging_fraction: 1]
[bagging_freq: 1]
[bagging_seed: 400]
[bagging_by_query: 0]
[feature_fraction: 0.587027]
[feature_fraction_bynode: 1]
[feature_fraction_seed: 30056]
[extra_trees: 0]
[extra_seed: 12879]
[early_stopping_round: 0]
[early_stopping_min_delta: 0]
[first_metric_only: 0]
[max_delta_step: 0]
[lambda_l1: 0.0035701]
[lambda_l2: 0.944352]
[linear_lambda: 0]
[min_gain_to_split: 0]
[drop_rate: 0.1]
[max_drop: 50]
[skip_drop: 0.5]
[xgboost_dart_mode: 0]
[uniform_drop: 0]
[drop_seed: 17869]
[top_rate: 0.2]
[other_rate: 0.1]
[min_data_per_group: 100]
[max_cat_threshold: 32]
[cat_l2: 10]
[cat_smooth: 10]
[max_cat_to_onehot: 4]
[top_k: 20]
[monotone_constraints: ]
[monotone_constraints_method: basic]
[monotone_penalty: 0]
[feature_contri: ]
[forcedsplits_filename: ]
[refit_decay_rate: 0.9]
[cegb_tradeoff: 1]
[cegb_penalty_split: 0]
[cegb_penalty_feature_lazy: ]
[cegb_penalty_feature_coupled: ]
[path_smooth: 0]
[interaction_constraints: ]
[verbosity: -1]
[saved_feature_importance_type: 0]
[use_quantized_grad: 0]
[num_grad_quant_bins: 4]
[quant_train_renew_leaf: 0]
[stochastic_rounding: 1]
[linear_tree: 0]
[max_bin: 255]
[max_bin_by_feature: ]
[min_data_in_bin: 3]
[bin_construct_sample_cnt: 200000]
[data_random_seed: 175]
[is_enable_sparse: 1]
[enable_bundle: 1]
[use_missing: 1]
[zero_as_missing: 0]
[feature_pre_filter: 1]
[pre_partition: 0]
[two_round: 0]
[header: 0]
[label_column: ]
[weight_column: ]
[group_column: ]
[ignore_column: ]
[categorical_feature: ]
[forcedbins_filename: ]
[precise_float_parser: 0]
[parser_config_file: ]
[objective_seed: 16083]
[num_class: 1]
[is_unbalance: 0]
[scale_pos_weight: 1]
[sigmoid: 1]
[boost_from_average: 1]
[reg_sqrt: 0]
[alpha: 0.9]
[fair_c: 1]
[poisson_max_delta_step: 0.7]
[tweedie_variance_power: 1.5]
[lambdarank_truncation_level: 30]
[lambdarank_norm: 1]
[label_gain: ]
[lambdarank_position_bias_regularization: 0]
[eval_at: ]
[multi_error_top_k: 1]
[auc_mu_weights: ]
[num_machines: 1]
[local_listen_port: 12400]
[time_out: 120]
[machine_list_filename: ]
[machines: ]
[gpu_platform_id: -1]
[gpu_device_id: -1]
[gpu_use_dp: 0]
[num_gpu: 1]

end of parameters

pandas_categorical:[]
