tree
version=v4
num_class=1
num_tree_per_iteration=1
label_index=0
max_feature_idx=24
objective=regression
feature_names=LOW_TURNOVER LN_TURNOVER CORR20 VOL_CV20 RET_AMT_CORR20 KLOW CONSEC_UP5 CORD60 RET_VOL_CORR5 OBV_CHG_20 CORD5 AMIHUD_20 VOL_OF_VOL_20 CORR60 VOL_PRICE_DIVERGENCE BP EP CNTD10 IMAX60 WVMA30 MAX_DD60 CNTD60 Q_SALES_YOY VSTD5 NEG_SKEW_20
feature_infos=[-6.9264240264892578:2.9917638301849365] [-3.8893070220947266:4.5241842269897461] [-4.6390371322631836:6.9460058212280273] [-7.7103004455566406:3.0953469276428223] [-5.8022251129150391:4.4685578346252441] [-3.5607421398162842:6.1252908706665039] [-7.016624927520752:3.9757454395294189] [-3.8732438087463379:5.1899161338806152] [-5.4159584045410156:5.4981160163879395] [-7.6488556861877441:8.4303197860717773] [-5.3262920379638672:4.7476224899291992] [-2.6640264987945557:7.2725443840026855] [-6.5766854286193848:2.9951188564300537] [-4.9166388511657715:5.0102863311767578] [-3.5349297523498535:3.6229569911956787] [-4.7396855354309082:7.3646230697631836] [-5.3652853965759277:6.806943416595459] [-4.3062586784362793:4.4016647338867188] [-5.4951596260070801:7.0826377868652344] [-3.0020303726196289:7.4518394470214844] [-3.4294989109039307:7.5578012466430664] [-3.554797887802124:3.7283763885498047] [-4.5746288299560547:6.6190981864929199] [-3.629586935043335:6.9323163032531738] [-4.0594887733459473:3.979306697845459]
tree_sizes=912 933 968 839 933 934 927 943 940 938 949 938 944 945 966 932 956 948 972 953 936 939 945 939 937 946 969 937 937 943 944 933 955 972 953 948 962 949 943 933 943 921 925 944 958 918 952 952 942 971 951 964 973 952 946 935 951 965 954 958 971 951 953 949 940 966 971 959 938 946 934 952 950 945 950 975 975 951 943 910 969 932 948 956 966 839 970 950 963 959 944 944 953 975 945 979 955 975 954 954 942 956 979 965 975 951 976 951 942 946 979 974 960 951 943 942 964 953 942 968 971 950 984 955 966 977 986 941 953 971 970 976 950 973 986 936 972 974 938 955 966 969 948 958 970 977 960 949 973 977 978 965 963 973 951 965 945 987 975 979 965 971 954 943 975 978 953 969 968 969 976 945 957 971 966 983 953 940 950 960 946 964 956 978 982 977 975 961 978 982 978 952 982 957 957 970 945 956 979 977 982 977 948 986 972 979 963 973 960 973 980 963 958 950 961 971 973 862 974 958 970 965 966 872 962 965 965 958 986 947 872 967 973 959 967 975 952 960 842 955 968 972 953 928 970 971 956 965 975 943 959 955 975 841 870 950 963 972 954 945 955 961 969 975 944 961 979 958 944 976 976 976 966

Tree=0
num_leaves=8
num_cat=0
split_feature=0 18 0 0 6 18 17
split_gain=106.083 43.653 40.8928 13.8826 9.8573 6.32998 2.89915
threshold=-2.7903808355331416 -1.2316229939460752 0.34833291172981268 -5.2815752029418936 -0.80743318796157826 -2.2610722780227657 0.42886133491992956
decision_type=2 10 2 2 2 8 2
left_child=3 5 -3 6 -5 -2 -1
right_child=1 2 -4 4 -6 -7 -8
leaf_value=0.012353841217828076 0.012813355702808145 0.012707969881302584 0.01277081843494913 0.01241758193465122 0.012621104338299036 0.012622855472858775 0.012091818665156117
leaf_weight=3376 9431 1358423 889998 41775 17556 229437 6291
leaf_count=3376 9431 1358423 889998 41775 17556 229437 6291
internal_value=0.0127153 0.012723 0.0127328 0.0124365 0.0124778 0.0126304 0.0121833
internal_weight=2.55629e+06 2.48729e+06 2.24842e+06 68998 59331 238868 9667
internal_count=2556287 2487289 2248421 68998 59331 238868 9667
is_linear=0
shrinkage=1


Tree=1
num_leaves=8
num_cat=0
split_feature=0 5 18 0 18 6 17
split_gain=107.983 42.9925 40.0361 15.1548 11.771 7.80457 3.04752
threshold=-2.7903808355331416 inf -1.2316229939460752 -5.2815752029418936 2.7439033985137944 -2.9238005876541133 0.42886133491992956
decision_type=2 8 10 2 10 2 2
left_child=3 2 -2 6 -3 -5 -1
right_child=1 4 -4 5 -6 -7 -8
leaf_value=-0.00037074143962435179 -8.1851176932726797e-05 0.0001716449883123092 1.6412105940484014e-05 -0.00036653585843250523 0.0011579348629939129 -0.00018481971128530842 -0.00063944525171051949
leaf_weight=3378 238221 892 2243807 17309 2130 42234 6276
leaf_count=3378 238221 892 2243807 17309 2130 42234 6276
internal_value=2.07698e-07 8.02706e-06 6.98092e-06 -0.000280603 0.000866966 -0.00023765 -0.000545472
internal_weight=2.55425e+06 2.48505e+06 2.48203e+06 69197 3022 59543 9654
internal_count=2554247 2485050 2482028 69197 3022 59543 9654
is_linear=0
shrinkage=0.00720685


Tree=2
num_leaves=8
num_cat=0
split_feature=0 0 1 6 1 0 0
split_gain=105.447 35.4274 19.7789 15.2236 7.5485 5.15321 4.18723
threshold=-2.7903808355331416 0.34833291172981268 -2.0163760185241695 -2.3293399810791011 0.0095183663070201891 -5.2815752029418936 -3.8377268314361568
decision_type=2 2 2 2 2 2 2
left_child=3 2 -2 5 -3 -1 -5
right_child=1 4 -4 6 -6 -7 -8
leaf_value=-0.000590918838790917 0.00081783710056959266 4.3434711581897042e-05 -1.6576387695307988e-05 -0.00026334873978549231 -6.396093544910776e-05 -0.00035496062116250606 -0.00011623750808292485
leaf_weight=6094 1476 972704 1475078 19597 35222 22824 20632
leaf_count=6094 1476 972704 1475078 19597 35222 22824 20632
internal_value=-9.83065e-07 6.74292e-06 -1.57417e-05 -0.000278578 3.96817e-05 -0.000404704 -0.000187906
internal_weight=2.55363e+06 2.48448e+06 1.47655e+06 69147 1.00793e+06 28918 40229
internal_count=2553627 2484480 1476554 69147 1007926 28918 40229
is_linear=0
shrinkage=0.00720685


Tree=3
num_leaves=7
num_cat=0
split_feature=5 11 18 20 16 18
split_gain=43.9734 49.6373 38.6886 42.5635 12.8593 6.18523
threshold=inf 4.3719849586486825 -1.2496129274368284 1.3591239452362063 -0.0064697295892983666 -2.2610722780227657
decision_type=8 10 10 8 2 10
left_child=2 4 5 -4 -2 -1
right_child=1 -3 3 -5 -6 -7
leaf_value=8.7714009718962527e-05 3.1315785466542618e-05 0.005974929168604942 1.8507153755048025e-05 -8.5451320342889184e-05 0.0010481343229735531 -9.7211801636936168e-05
leaf_weight=9809 975 95 2093001 226710 1914 221612
leaf_count=9809 975 95 2093001 226710 1914 221612
internal_value=5.05391e-07 0.000874721 -5.17472e-07 8.34704e-06 0.000705103 -8.93731e-05
internal_weight=2.55412e+06 2984 2.55113e+06 2.31971e+06 2889 231421
internal_count=2554116 2984 2551132 2319711 2889 231421
is_linear=0
shrinkage=0.00720685


Tree=4
num_leaves=8
num_cat=0
split_feature=0 23 11 18 0 6 6
split_gain=106.307 54.7725 69.9437 40.0614 14.7311 7.66503 1.83158
threshold=-2.7903808355331416 inf 3.6396818161010747 -1.2316229939460752 -5.2815752029418936 -2.0563417673110957 -4.0561912059783927
decision_type=2 8 10 10 2 2 2
left_child=4 3 -3 -2 6 -6 -1
right_child=1 2 -4 -5 5 -7 -8
leaf_value=-0.00067098570683619865 -8.1776781169871218e-05 0.00072752361186932039 0.0058899034811559659 1.6447767054089408e-05 -0.00033105640283279949 -0.00016516023779482867 -0.00046462463942989783
leaf_weight=3549 238602 2954 142 2243237 25435 33551 6077
leaf_count=3549 238602 2954 142 2243237 25435 33551 6077
internal_value=4.72916e-07 8.19974e-06 0.000966032 7.0045e-06 -0.000279367 -0.0002367 -0.000540769
internal_weight=2.55355e+06 2.48494e+06 3096 2.48184e+06 68612 58986 9626
internal_count=2553547 2484935 3096 2481839 68612 58986 9626
is_linear=0
shrinkage=0.00720685


Tree=5
num_leaves=8
num_cat=0
split_feature=0 5 11 0 0 17 17
split_gain=99.6005 41.9282 57.0022 38.4286 13.8985 7.93079 2.73285
threshold=-2.7903808355331416 inf 3.9765586853027348 0.33555780351161962 -5.2815752029418936 0.67398008704185497 0.43965758383274084
decision_type=2 8 10 2 2 2 2
left_child=4 3 -3 -2 6 -6 -1
right_child=1 2 -4 -5 5 -7 -8
leaf_value=-0.00036029960923976504 -1.7896879646869613e-05 0.00066942935074371655 0.0060052971598915789 3.9578292244743988e-05 -0.00015494823905727007 -0.00032319955004535988 -0.00061361148367349873
leaf_weight=3430 1444319 2854 107 1038746 32845 26130 6261
leaf_count=3430 1444319 2854 107 1038746 32845 26130 6261
internal_value=-3.09663e-07 7.16905e-06 0.00086411 6.14683e-06 -0.00027107 -0.0002295 -0.000524002
internal_weight=2.55469e+06 2.48603e+06 2961 2.48306e+06 68666 58975 9691
internal_count=2554692 2486026 2961 2483065 68666 58975 9691
is_linear=0
shrinkage=0.00720685


Tree=6
num_leaves=8
num_cat=0
split_feature=0 23 11 18 0 6 6
split_gain=103.784 46.4409 80.9793 39.6395 14.5966 7.64677 2.07296
threshold=-2.7903808355331416 inf 3.9765586853027348 -1.2316229939460752 -5.2815752029418936 -1.0078592300415037 -4.0561912059783927
decision_type=2 8 8 10 2 2 2
left_child=4 3 -3 -2 6 -6 -1
right_child=1 2 -4 -5 5 -7 -8
leaf_value=-0.0006727748459081273 -8.1546875893607056e-05 0.00065573357856192388 0.006743819109179078 1.6132844707974193e-05 -0.00029215148428254293 -0.00011959957855395192 -0.0004542046330955225
leaf_weight=3550 238747 3009 117 2242952 38904 20303 6215
leaf_count=3550 238747 3009 117 2242952 38904 20303 6215
internal_value=1.873e-07 7.84168e-06 0.000885575 6.73572e-06 -0.00027557 -0.000232984 -0.000533724
internal_weight=2.5538e+06 2.48482e+06 3126 2.4817e+06 68972 59207 9765
internal_count=2553797 2484825 3126 2481699 68972 59207 9765
is_linear=0
shrinkage=0.00720685


Tree=7
num_leaves=8
num_cat=0
split_feature=1 5 18 0 16 0 6
split_gain=98.621 48.4925 40.0979 23.7468 19.2504 5.99545 5.67289
threshold=1.7409967184066775 inf -1.2316229939460752 -4.3269193172454825 -0.0064697295892983666 -5.2815752029418936 -0.83814403414726246
decision_type=2 8 8 2 2 2 2
left_child=1 2 -1 5 -3 -2 -5
right_child=3 4 -4 6 -6 -7 -8
leaf_value=-8.0631784114492677e-05 -0.00051915426437934011 9.1295077221255783e-05 1.8664068394981501e-05 -0.00018638207120904915 0.001339130208197649 -0.00029942551041705267 -8.0098599131267525e-05
leaf_weight=233862 9618 949 2182326 59383 1986 19603 46520
leaf_count=233862 9618 949 2182326 59383 1986 19603 46520
internal_value=-4.05682e-07 1.0178e-05 9.05322e-06 -0.000189884 0.000935824 -0.000371764 -0.000139696
internal_weight=2.55425e+06 2.41912e+06 2.41619e+06 135124 2935 29221 105903
internal_count=2554247 2419123 2416188 135124 2935 29221 105903
is_linear=0
shrinkage=0.00720685


Tree=8
num_leaves=8
num_cat=0
split_feature=1 23 0 0 19 0 23
split_gain=97.1686 47.4973 27.7001 27.2904 11.4136 8.28101 7.62112
threshold=1.5470215678215029 inf 0.35282495617866522 -3.8377268314361568 1.7394446134567263 -5.2815752029418936 -1.2738311886787412
decision_type=2 8 2 2 10 2 10
left_child=1 2 -1 5 -3 -2 -5
right_child=3 4 -4 6 -6 -7 -8
leaf_value=-9.359369235252177e-06 -0.00051256138167863827 8.6191996895735587e-05 4.0549326267004178e-05 0.00020517822543645955 0.0011511489326778558 -0.00026901620479226216 -0.00012279252907508619
leaf_weight=1372965 9658 672 997026 3779 2355 29122 139163
leaf_count=1372965 9658 672 997026 3779 2355 29122 139163
internal_value=4.89529e-07 1.27891e-05 1.16366e-05 -0.000160123 0.000914835 -0.000329682 -0.00011412
internal_weight=2.55474e+06 2.37302e+06 2.36999e+06 181722 3027 38780 142942
internal_count=2554740 2373018 2369991 181722 3027 38780 142942
is_linear=0
shrinkage=0.00720685


Tree=9
num_leaves=8
num_cat=0
split_feature=0 23 11 18 6 0 0
split_gain=94.262 44.3107 44.1018 39.0617 14.8827 5.02851 4.65824
threshold=-2.7903808355331416 inf 2.4816040992736821 -1.2316229939460752 -2.9238005876541133 -4.8178658485412589 -5.2815752029418936
decision_type=2 8 10 10 2 2 2
left_child=4 3 -3 -2 6 -6 -1
right_child=1 2 -4 -5 5 -7 -8
leaf_value=-0.00060448164520588831 -8.1249195044031972e-05 0.00059380768842549273 0.0035521281446902974 1.5743003761957693e-05 -0.00033198563400800416 -0.00015003140667611543 -0.00035808598193069399
leaf_weight=5194 238594 2788 288 2243471 10055 36631 17168
leaf_count=5194 238594 2788 288 2243471 10055 36631 17168
internal_value=1.93074e-07 7.49085e-06 0.000871803 6.41938e-06 -0.000262461 -0.000189226 -0.00041534
internal_weight=2.55419e+06 2.48514e+06 3076 2.48206e+06 69048 46686 22362
internal_count=2554189 2485141 3076 2482065 69048 46686 22362
is_linear=0
shrinkage=0.00720685


Tree=10
num_leaves=8
num_cat=0
split_feature=1 18 5 0 6 18 17
split_gain=94.6793 38.6226 36.8274 21.4012 9.97157 5.56162 2.43919
threshold=1.7409967184066775 -1.2316229939460752 inf -5.2815752029418936 -2.9238005876541133 -2.2610722780227657 0.63747996091842662
decision_type=2 10 8 2 2 8 2
left_child=1 5 -3 6 -5 -1 -2
right_child=3 2 -4 4 -6 -7 -8
leaf_value=9.6804575488198264e-05 -0.00037704835387473388 1.8724857197437261e-05 0.00086980007031880785 -0.0002897378946633873 -0.00012860671958139363 -8.4698816839355346e-05 -0.00060948819792938961
leaf_weight=9123 4029 2182048 2643 24904 100250 225079 5636
leaf_count=9123 4029 2182048 2643 24904 100250 225079 5636
internal_value=-3.38799e-08 1.0326e-05 1.97549e-05 -0.000185908 -0.000160672 -7.76281e-05 -0.000512641
internal_weight=2.55371e+06 2.41889e+06 2.18469e+06 134819 125154 234202 9665
internal_count=2553712 2418893 2184691 134819 125154 234202 9665
is_linear=0
shrinkage=0.00720685


Tree=11
num_leaves=8
num_cat=0
split_feature=1 23 11 18 0 23 0
split_gain=96.0484 40.1438 53.8439 37.3238 20.2323 5.73864 3.56433
threshold=1.788998067378998 inf 3.9765586853027348 -1.2316229939460752 -4.8178658485412589 -1.2738311886787412 -5.2815752029418936
decision_type=2 8 8 10 2 8 2
left_child=1 3 -3 -1 6 -6 -2
right_child=4 2 -4 -5 5 -7 -8
leaf_value=-7.740613447082034e-05 -0.00050678591986748388 0.00063023602919091374 0.0054221596225656693 1.8212126822547186e-05 0.00015309456338438184 -0.00016465366538876035 -0.00031170631546860564
leaf_weight=234736 9644 3016 126 2191763 3039 102358 9833
leaf_count=234736 9644 3016 126 2191763 3039 102358 9833
internal_value=-2.06389e-09 1.00164e-05 0.000823981 8.96212e-06 -0.000194928 -0.00015549 -0.000408321
internal_weight=2.55452e+06 2.42964e+06 3142 2.4265e+06 124874 105397 19477
internal_count=2554515 2429641 3142 2426499 124874 105397 19477
is_linear=0
shrinkage=0.00720685


Tree=12
num_leaves=8
num_cat=0
split_feature=1 23 18 1 18 6 17
split_gain=91.0669 43.7832 36.8163 22.5117 17.8993 11.1419 5.86501
threshold=1.5115629434585574 inf -1.2151964306831358 2.4046756029129033 2.7439033985137944 -0.86841899156570423 0.11566082760691644
decision_type=2 8 8 2 10 2 2
left_child=1 2 -1 5 -3 -2 -5
right_child=3 4 -4 6 -6 -7 -8
leaf_value=-7.3899640959666898e-05 -0.00017331585142758819 4.9882192197194589e-05 2.0311904458973824e-05 -0.00018035674674599046 0.00123918268734518 -5.0098919730240678e-05 -0.00036831310934726339
leaf_weight=239817 76677 952 2119202 12887 2123 75795 26081
leaf_count=239817 76677 952 2119202 12887 2123 75795 26081
internal_value=-3.97682e-07 1.18548e-05 1.07344e-05 -0.000151575 0.00087112 -0.000112065 -0.000306161
internal_weight=2.55353e+06 2.36209e+06 2.35902e+06 191440 3075 152472 38968
internal_count=2553534 2362094 2359019 191440 3075 152472 38968
is_linear=0
shrinkage=0.00720685


Tree=13
num_leaves=8
num_cat=0
split_feature=1 5 18 6 16 1 1
split_gain=91.7343 39.3673 37.5768 20.6251 15.2291 7.44933 4.79082
threshold=1.5819617509841921 inf -1.2316229939460752 -2.9238005876541133 -0.0064697295892983666 2.5278275012969975 2.5278275012969975
decision_type=2 8 10 2 2 2 2
left_child=1 2 -1 6 -3 -5 -2
right_child=3 4 -4 5 -6 -7 -8
leaf_value=-7.706334250765603e-05 -0.00026091949901961445 0.0001038440719513766 1.9529469773436723e-05 -0.0001019855970046278 0.0012037780701692178 -0.0002591016008848701 -0.00044430895585558617
leaf_weight=231770 22347 975 2146138 121273 1985 18000 11067
leaf_count=231770 22347 975 2146138 121273 1985 18000 11067
internal_value=-4.84423e-07 1.11488e-05 1.01147e-05 -0.000160874 0.000841626 -0.000122293 -0.000321671
internal_weight=2.55356e+06 2.38087e+06 2.37791e+06 172687 2960 139273 33414
internal_count=2553555 2380868 2377908 172687 2960 139273 33414
is_linear=0
shrinkage=0.00720685


Tree=14
num_leaves=8
num_cat=0
split_feature=0 18 0 0 6 18 17
split_gain=90.9027 36.3398 38.1172 12.7228 8.30915 6.75935 2.57035
threshold=-2.7903808355331416 -1.2316229939460752 0.34833291172981268 -5.2815752029418936 -0.62356045842170704 -2.2610722780227657 0.42886133491992956
decision_type=2 10 2 2 2 8 2
left_child=3 5 -3 6 -5 -2 -1
right_child=1 2 -4 4 -6 -7 -8
leaf_value=-0.0003404382293625296 0.00011171406548238208 -7.8390895917673586e-06 5.2863119953896356e-05 -0.00026905934675407249 -7.4205803672002522e-05 -8.5123625729144827e-05 -0.00058686999326132254
leaf_weight=3391 9433 1357855 889075 43888 15341 229276 6281
leaf_count=3391 9433 1357855 889075 43888 15341 229276 6281
internal_value=4.04145e-08 7.19813e-06 1.61798e-05 -0.000258174 -0.000218592 -7.73447e-05 -0.000500515
internal_weight=2.55454e+06 2.48564e+06 2.24693e+06 68901 59229 238709 9672
internal_count=2554540 2485639 2246930 68901 59229 238709 9672
is_linear=0
shrinkage=0.00720685


Tree=15
num_leaves=8
num_cat=0
split_feature=0 5 11 0 0 6 6
split_gain=86.6385 42.5909 75.5353 37.2006 13.1636 8.22867 1.67309
threshold=-2.7903808355331416 inf 3.9765586853027348 0.34833291172981268 -5.2815752029418936 -1.0078592300415037 -4.0561912059783927
decision_type=2 8 10 2 2 2 2
left_child=4 3 -3 -2 6 -6 -1
right_child=1 2 -4 -5 5 -7 -8
leaf_value=-0.00062241365685133867 -1.678595300570108e-05 0.0006276306704876642 0.006395690137972752 4.002287412883456e-05 -0.00027258190938696274 -9.3469110434964703e-05 -0.00042572207949486107
leaf_weight=3541 1474918 2897 122 1007775 38952 20249 6189
leaf_count=3541 1474918 2897 122 1007775 38952 20249 6189
internal_value=3.25244e-07 7.31434e-06 0.000862658 6.27389e-06 -0.000251704 -0.000211321 -0.000497359
internal_weight=2.55464e+06 2.48571e+06 3019 2.48269e+06 68931 59201 9730
internal_count=2554643 2485712 3019 2482693 68931 59201 9730
is_linear=0
shrinkage=0.00720685


Tree=16
num_leaves=8
num_cat=0
split_feature=1 18 5 0 17 18 1
split_gain=89.9778 37.5327 38.5828 27.0907 8.44765 5.68893 5.37434
threshold=1.5115629434585574 -1.2151964306831358 inf -3.8377268314361568 0.086037557572126402 -2.2610722780227657 2.0685938596725468
decision_type=2 10 8 2 2 8 2
left_child=1 5 -3 4 -2 -1 -5
right_child=3 2 -4 6 -6 -7 -8
leaf_value=0.00010422335041913838 -0.00015900740121639427 1.9777787214835433e-05 0.00087584994144018172 -8.0937919773361086e-05 -0.00039126178401862911 -8.1100265366353328e-05 -0.00017553006384802379
leaf_weight=8935 11626 2120834 2737 108732 27097 231062 43751
leaf_count=8935 11626 2120834 2737 108732 27097 231062 43751
internal_value=-9.37878e-07 1.12269e-05 2.08816e-05 -0.000151311 -0.000321537 -7.42002e-05 -0.00010808
internal_weight=2.55477e+06 2.36357e+06 2.12357e+06 191206 38723 239997 152483
internal_count=2554774 2363568 2123571 191206 38723 239997 152483
is_linear=0
shrinkage=0.00720685


Tree=17
num_leaves=8
num_cat=0
split_feature=1 18 5 1 17 5 18
split_gain=89.3469 35.8133 36.6163 18.809 6.1609 5.56114 5.42952
threshold=1.5819617509841921 -1.2316229939460752 inf 2.3018027544021611 0.34579437971115118 1.1281230449676516 -2.2610722780227657
decision_type=2 10 8 2 2 8 8
left_child=1 6 -3 5 -5 -2 -1
right_child=3 2 -4 4 -6 -7 -8
leaf_value=0.00010009425757379249 -8.0285020599522882e-05 1.9788400845776105e-05 0.0008565035453495163 -0.00018133519933056177 -0.00034635323571102181 -0.00018685168867806301 -8.0470512844554401e-05
leaf_weight=8998 87909 2146551 2719 19960 28588 35790 222702
leaf_count=8998 87909 2146551 2719 19960 28588 35790 222702
internal_value=2.0334e-07 1.16701e-05 2.08473e-05 -0.000158301 -0.000278513 -0.000111119 -7.34578e-05
internal_weight=2.55322e+06 2.38097e+06 2.14927e+06 172247 48548 123699 231700
internal_count=2553217 2380970 2149270 172247 48548 123699 231700
is_linear=0
shrinkage=0.00720685


Tree=18
num_leaves=8
num_cat=0
split_feature=6 18 11 6 18 11 20
split_gain=67.6659 38.0675 23.5028 13.9604 5.86433 5.13913 3.76713
threshold=-1.3806999921798704 -1.2316229939460752 1.5452843904495241 -2.9238005876541133 -2.2610722780227657 1.0600168108940127 0.28581012785434728
decision_type=2 10 8 2 8 10 8
left_child=3 4 -3 6 -2 -5 -1
right_child=1 2 -4 5 -6 -7 -8
leaf_value=-0.00011955142341711415 9.9186807594551395e-05 1.3503650285175636e-05 0.00010725833569033548 -0.00011058275236171956 -8.4258182986405019e-05 3.2955439489330052e-05 -0.000269190863276371
leaf_weight=11254 9431 1989814 149294 116784 224142 14571 39129
leaf_count=11254 9431 1989814 149294 116784 224142 14571 39129
internal_value=2.4247e-07 1.05082e-05 2.00471e-05 -0.000133781 -7.68507e-05 -9.466e-05 -0.000235769
internal_weight=2.55442e+06 2.37268e+06 2.13911e+06 181738 233573 131355 50383
internal_count=2554419 2372681 2139108 181738 233573 131355 50383
is_linear=0
shrinkage=0.00720685


Tree=19
num_leaves=8
num_cat=0
split_feature=6 18 23 6 23 18 23
split_gain=69.2716 35.665 33.2864 15.3852 8.40085 5.98919 5.17995
threshold=-1.2714982032775877 -1.2496129274368284 inf -2.9238005876541133 -1.3818532228469846 -2.2610722780227657 0.93014726042747509
decision_type=2 10 8 2 10 8 8
left_child=3 5 -3 6 -5 -2 -1
right_child=1 2 -4 4 -6 -7 -8
leaf_value=-0.00028048307494103931 0.00010294482273710065 1.9122757799377093e-05 0.0008940350066815911 0.00037900702384212435 -9.808711807306574e-05 -8.380816686087342e-05 -0.00011308031525114064
leaf_weight=37384 9309 2128507 2260 1941 148892 212513 12921
leaf_count=37384 9309 2128507 2260 1941 148892 212513 12921
internal_value=2.22244e-08 1.09974e-05 2.00511e-05 -0.000128347 -9.19451e-05 -7.59704e-05 -0.000237489
internal_weight=2.55373e+06 2.35259e+06 2.13077e+06 201138 150833 221822 50305
internal_count=2553727 2352589 2130767 201138 150833 221822 50305
is_linear=0
shrinkage=0.00720685


Tree=20
num_leaves=8
num_cat=0
split_feature=0 23 11 18 0 17 17
split_gain=87.3156 42.8465 85.6625 34.6955 11.2742 6.9928 2.15393
threshold=-2.7903808355331416 inf 4.3719849586486825 -1.2316229939460752 -5.2815752029418936 0.69945284724235546 0.43965758383274084
decision_type=2 8 8 8 2 2 2
left_child=4 3 -3 -2 6 -6 -1
right_child=1 2 -4 -5 5 -7 -8
leaf_value=-0.00033606180571346477 -7.6522899360312728e-05 0.00062756306995091857 0.0073118492226741973 1.4836751661159732e-05 -0.00014753378502062775 -0.00030561238796133361 -0.00056120485231536839
leaf_weight=3429 238893 3061 102 2243200 33698 25563 6227
leaf_count=3429 238893 3061 102 2243200 33698 25563 6227
internal_value=9.51152e-08 7.11205e-06 0.000845243 6.04366e-06 -0.000252943 -0.000215727 -0.000481296
internal_weight=2.55417e+06 2.48526e+06 3163 2.48209e+06 68917 59261 9656
internal_count=2554173 2485256 3163 2482093 68917 59261 9656
is_linear=0
shrinkage=0.00720685


Tree=21
num_leaves=8
num_cat=0
split_feature=0 23 11 0 6 0 6
split_gain=83.2487 37.7943 60.0082 34.3277 10.8449 3.8877 3.81287
threshold=-2.7903808355331416 inf 3.9765586853027348 0.33995544910430914 -2.9238005876541133 -5.2815752029418936 -0.53922733664512623
decision_type=2 8 8 2 2 2 2
left_child=4 3 -3 -2 5 -1 -6
right_child=1 2 -4 -5 6 -7 -8
leaf_value=-0.00055068543908790523 -1.6834164847922461e-05 0.00061319920196929831 0.006084167503353932 3.7573769175437516e-05 -0.00023025571326463907 -0.00032549028810685543 -9.1329905327525965e-05
leaf_weight=5189 1454209 2963 107 1028119 31247 17158 15281
leaf_count=5189 1454209 2963 107 1028119 31247 17158 15281
internal_value=-1.60385e-07 6.68874e-06 0.000805702 5.70025e-06 -0.000247313 -0.000377803 -0.000184632
internal_weight=2.55427e+06 2.4854e+06 3070 2.48233e+06 68875 22347 46528
internal_count=2554273 2485398 3070 2482328 68875 22347 46528
is_linear=0
shrinkage=0.00720685


Tree=22
num_leaves=8
num_cat=0
split_feature=1 5 18 0 16 23 0
split_gain=85.1009 39.7132 33.5831 24.8757 19.1371 7.4925 6.96126
threshold=1.5470215678215029 inf -1.2496129274368284 -3.8377268314361568 -0.0064697295892983666 -1.2738311886787412 -5.2815752029418936
decision_type=2 8 10 2 2 10 2
left_child=1 2 -1 6 -3 -5 -2
right_child=3 4 -4 5 -6 -7 -8
leaf_value=-7.4369478672131682e-05 -0.00047929446468061572 7.2095854539654499e-06 1.9031523809488661e-05 0.00020893037028486361 0.0012415997931240416 -0.00011509476377977328 -0.00025642977596942307
leaf_weight=220453 9708 964 2149139 3807 2017 139154 29124
leaf_count=220453 9708 964 2149139 3807 2017 139154 29124
internal_value=-1.26658e-07 1.1388e-05 1.0342e-05 -0.000150403 0.000842558 -0.000106465 -0.000312157
internal_weight=2.55437e+06 2.37257e+06 2.36959e+06 181793 2981 142961 38832
internal_count=2554366 2372573 2369592 181793 2981 142961 38832
is_linear=0
shrinkage=0.00720685


Tree=23
num_leaves=8
num_cat=0
split_feature=1 5 11 18 1 5 22
split_gain=78.947 34.7154 39.248 32.5142 18.0667 6.29733 4.79161
threshold=1.5115629434585574 inf 3.3568564653396611 -1.2316229939460752 2.4046756029129033 1.8100239634513857 -2.2019176483154292
decision_type=2 8 10 10 2 10 8
left_child=1 3 -3 -1 5 -2 -6
right_child=4 2 -4 -5 6 -7 -8
leaf_value=-7.0292274301301451e-05 -8.2384461405133924e-05 0.00058258826348538584 0.0041288742791061291 1.9983629037811384e-05 0.00091187692884487379 -0.00020124423726079001 -0.00028366233223597203
leaf_weight=229553 124378 2843 171 2129273 174 28447 38820
leaf_count=229553 124378 2843 171 2129273 174 28447 38820
internal_value=7.66399e-07 1.21861e-05 0.000785026 1.11982e-05 -0.000139842 -0.00010451 -0.000278305
internal_weight=2.55366e+06 2.36184e+06 3014 2.35883e+06 191819 152825 38994
internal_count=2553659 2361840 3014 2358826 191819 152825 38994
is_linear=0
shrinkage=0.00720685


Tree=24
num_leaves=8
num_cat=0
split_feature=1 23 11 0 0 6 6
split_gain=79.3966 30.7884 36.9408 29.8464 17.3219 7.32174 1.86995
threshold=1.788998067378998 inf 3.3568564653396611 0.35282495617866522 -5.2815752029418936 -0.80743318796157826 -4.0561912059783927
decision_type=2 8 10 2 2 2 2
left_child=1 3 -3 -1 6 -6 -2
right_child=4 2 -4 -5 5 -7 -8
leaf_value=-1.2520609466130891e-05 -0.0006026979966192431 0.00054401357949981682 0.0040613505856562119 3.8844370598063565e-05 -0.00019779027681347965 -7.9875276863128957e-05 -0.00039394669484557832
leaf_weight=1428916 3531 2884 163 997865 70822 44563 6079
leaf_count=1428916 3531 2884 163 997865 70822 44563 6079
internal_value=3.96996e-07 9.50926e-06 0.000733383 8.60009e-06 -0.000176738 -0.000152251 -0.000470702
internal_weight=2.55482e+06 2.42983e+06 3047 2.42678e+06 124995 115385 9610
internal_count=2554823 2429828 3047 2426781 124995 115385 9610
is_linear=0
shrinkage=0.00720685


Tree=25
num_leaves=8
num_cat=0
split_feature=0 0 5 9 6 0 9
split_gain=77.983 32.7415 34.5157 15.4771 12.2034 4.1179 4.08258
threshold=-2.7903808355331416 0.3614018857479096 inf 0.024675113148987297 -2.9238005876541133 -5.2815752029418936 0.66177207231521618
decision_type=2 2 8 8 2 2 10
left_child=4 2 -2 -3 5 -1 -6
right_child=1 3 -4 -5 6 -7 -8
leaf_value=-0.00055505208011770262 -1.5982014998667219e-05 2.0184578780937272e-05 0.00077456655897048218 8.263904156791009e-05 -0.00012873573962522212 -0.00032368500591455643 -0.00027637306714836413
leaf_weight=5213 1505752 681083 2873 295505 32635 17148 13862
leaf_count=5213 1505752 681083 2873 295505 32635 17148 13862
internal_value=-5.82732e-08 6.5704e-06 -1.4476e-05 3.90827e-05 -0.000239296 -0.000377646 -0.000172756
internal_weight=2.55407e+06 2.48521e+06 1.50862e+06 976588 68858 22361 46497
internal_count=2554071 2485213 1508625 976588 68858 22361 46497
is_linear=0
shrinkage=0.00720685


Tree=26
num_leaves=8
num_cat=0
split_feature=1 18 1 18 6 18 22
split_gain=80.8944 32.2302 17.7608 16.8154 9.03526 6.40413 4.72755
threshold=1.5819617509841921 -1.2316229939460752 2.5278275012969975 0.27562372386455541 -0.86841899156570423 -2.2610722780227657 -2.2019176483154292
decision_type=2 10 2 8 2 8 8
left_child=1 5 4 -3 -2 -1 -4
right_child=2 3 6 -5 -6 -7 -8
leaf_value=0.00011852928418098616 -0.00017177318152396124 3.5521070533381525e-05 0.001109049854906369 -5.8374382790365561e-06 -5.7111901926303231e-05 -7.7545518915930276e-05 -0.0003189927943420247
leaf_weight=9000 75986 1314624 120 834817 67319 223068 29024
leaf_count=9000 75986 1314624 120 834817 67319 223068 29024
internal_value=-1.68117e-07 1.07464e-05 -0.000150896 1.94579e-05 -0.000117911 -6.99408e-05 -0.000313076
internal_weight=2.55396e+06 2.38151e+06 172449 2.14944e+06 143305 232068 29144
internal_count=2553958 2381509 172449 2149441 143305 232068 29144
is_linear=0
shrinkage=0.00720685


Tree=27
num_leaves=8
num_cat=0
split_feature=0 23 11 18 0 0 23
split_gain=74.2143 33.728 47.918 32.2508 16.7189 5.19197 4.93259
threshold=-2.0424360036849971 inf 3.9765586853027348 -1.2316229939460752 -3.8377268314361568 -5.2815752029418936 -1.2738311886787412
decision_type=2 8 8 10 2 2 8
left_child=4 3 -3 -2 5 -1 -6
right_child=1 2 -4 -5 6 -7 -8
leaf_value=-0.00044969195106196481 -7.2741425121047266e-05 0.00058568876472193834 0.0053686215328118325 1.5899214186845609e-05 0.00024958240272886814 -0.00025668885198377696 -0.00012732359734627467
leaf_weight=9583 235963 2978 112 2208803 1853 29636 66256
leaf_count=9583 235963 2978 112 2208803 1853 29636 66256
internal_value=1.62141e-07 8.29501e-06 0.000760646 7.3438e-06 -0.000185324 -0.000303859 -0.000117066
internal_weight=2.55518e+06 2.44786e+06 3090 2.44477e+06 107328 39219 68109
internal_count=2555184 2447856 3090 2444766 107328 39219 68109
is_linear=0
shrinkage=0.00720685


Tree=28
num_leaves=8
num_cat=0
split_feature=1 23 11 1 6 2 7
split_gain=79.6227 32.1491 41.0617 21.4281 11.5423 3.83451 2.06874
threshold=1.9419685602188113 inf 3.3568564653396611 0.76151674985885631 -2.9238005876541133 0.26872859895229345 1.3020430803298952
decision_type=2 8 10 2 2 10 10
left_child=1 3 -3 -1 6 -6 -2
right_child=4 2 -4 -5 5 -7 -8
leaf_value=1.6864333414437426e-05 -0.00037119500834036898 0.00054747322953481708 0.0042451271987413823 -3.9725284554306154e-05 -6.3679897520908815e-05 -0.00018609568359300149 -0.0002189462712891581
leaf_weight=2033013 19308 2884 164 419196 17678 53566 6108
leaf_count=2033013 19308 2884 164 419196 17678 53566 6108
internal_value=1.22647e-07 8.11009e-06 0.00074769 7.19053e-06 -0.000202764 -0.000155722 -0.000334617
internal_weight=2.55192e+06 2.45526e+06 3048 2.45221e+06 96660 71244 25416
internal_count=2551917 2455257 3048 2452209 96660 71244 25416
is_linear=0
shrinkage=0.00720685


Tree=29
num_leaves=8
num_cat=0
split_feature=1 23 11 18 0 23 17
split_gain=77.1437 33.3716 38.8253 30.7951 22.9336 6.87489 6.85799
threshold=1.5115629434585574 inf 4.3719849586486825 -1.2151964306831358 -3.8377268314361568 -1.2738311886787412 -0.28756181895732874
decision_type=2 8 8 8 2 8 2
left_child=1 3 -3 -1 6 -6 -2
right_child=4 2 -4 -5 5 -7 -8
leaf_value=-6.7311534082355022e-05 -9.9876053323000858e-05 0.00062097932191685376 0.0052811227064957535 1.8845399743957489e-05 0.00019707743275806114 -0.00010736829463275978 -0.00034222660310002256
leaf_weight=239844 7517 2910 95 2120438 3954 148721 31414
leaf_count=239844 7517 2910 95 2120438 3954 148721 31414
internal_value=-2.19163e-07 1.10569e-05 0.000769926 1.00904e-05 -0.000139298 -9.94824e-05 -0.000295437
internal_weight=2.55489e+06 2.36329e+06 3005 2.36028e+06 191606 152675 38931
internal_count=2554893 2363287 3005 2360282 191606 152675 38931
is_linear=0
shrinkage=0.00720685


Tree=30
num_leaves=8
num_cat=0
split_feature=1 5 0 0 17 6 17
split_gain=77.5188 33.6294 28.1863 23.9549 13.1825 7.12769 6.49545
threshold=1.3496716618537905 inf -3.8377268314361568 0.43157418072223669 1.6846657395362856 -0.86841899156570423 0.79254764318466198
decision_type=2 8 2 2 2 2 2
left_child=1 3 6 -1 -3 -4 -2
right_child=2 4 5 -5 -6 -7 -8
leaf_value=-5.5950579854762506e-06 -0.00021501487033606748 0.00063367557100664604 -0.00013522915167461192 4.2937151649254561e-05 0.0023671247334106499 -4.9365411871560911e-05 -0.00040094497262873393
leaf_weight=1493835 21476 2718 92795 817200 248 109432 17895
leaf_count=1493835 21476 2718 92795 817200 248 109432 17895
internal_value=-2.74575e-07 1.25507e-05 -0.000123114 1.15663e-05 0.000779333 -8.87659e-05 -0.000299533
internal_weight=2.5556e+06 2.314e+06 241598 2.31104e+06 2966 202227 39371
internal_count=2555599 2314001 241598 2311035 2966 202227 39371
is_linear=0
shrinkage=0.00720685


Tree=31
num_leaves=8
num_cat=0
split_feature=0 23 0 11 0 6 6
split_gain=74.7353 31.6283 32.8322 32.1268 8.9667 5.51382 1.8414
threshold=-3.0707685947418208 inf 0.34833291172981268 3.3568564653396611 -5.2815752029418936 -1.0078592300415037 -4.0561912059783927
decision_type=2 8 2 8 2 2 2
left_child=4 2 -2 -3 6 -6 -1
right_child=1 3 -4 -5 5 -7 -8
leaf_value=-0.00058542579438590351 -1.6281303434257242e-05 0.00055516133563079874 3.7016381450373776e-05 0.0037778841768843713 -0.00026644516027316646 -0.00010372827527978823 -0.00037837466294865307
leaf_weight=3528 1483627 2958 1008278 169 33505 15976 6102
leaf_count=3528 1483627 2958 1008278 169 33505 15976 6102
internal_value=1.92704e-07 6.19318e-06 5.28407e-06 0.000730431 -0.000253079 -0.000213912 -0.000454282
internal_weight=2.55414e+06 2.49503e+06 2.4919e+06 3127 59111 49481 9630
internal_count=2554143 2495032 2491905 3127 59111 49481 9630
is_linear=0
shrinkage=0.00720685


Tree=32
num_leaves=8
num_cat=0
split_feature=1 18 5 0 17 18 6
split_gain=74.2267 31.2207 33.5984 20.3877 6.65384 5.70949 5.37668
threshold=1.5819617509841921 -1.3033480644226072 inf -3.8377268314361568 0.11566082760691644 -2.2610722780227657 -0.52030175924301136
decision_type=2 10 8 2 2 8 2
left_child=1 5 -3 4 -2 -1 -5
right_child=3 2 -4 6 -6 -7 -8
leaf_value=9.9326006296922501e-05 -0.00014954363444999439 1.6589951191678258e-05 0.00081081636811327707 -0.00013950965888131253 -0.00035466203373686091 -8.6786680834697422e-05 -4.5810109962478424e-05
leaf_weight=8979 11891 2187303 2769 81663 26581 183629 52104
leaf_count=8979 11891 2187303 2769 81663 26581 183629 52104
internal_value=-5.86065e-07 9.85802e-06 1.75945e-05 -0.000145064 -0.00029127 -7.81099e-05 -0.000103013
internal_weight=2.55492e+06 2.38268e+06 2.19007e+06 172239 38472 192608 133767
internal_count=2554919 2382680 2190072 172239 38472 192608 133767
is_linear=0
shrinkage=0.00720685


Tree=33
num_leaves=8
num_cat=0
split_feature=0 18 0 6 18 6 0
split_gain=70.3905 31.9743 32.3246 14.8541 6.70937 6.70348 3.71786
threshold=-2.0424360036849971 -1.2844302654266355 0.35282495617866522 -2.9238005876541133 -2.2610722780227657 -0.047301059588789933 -5.2815752029418936
decision_type=2 10 2 2 8 2 2
left_child=3 4 -3 6 -2 -5 -1
right_child=1 2 -4 5 -6 -7 -8
leaf_value=-0.00049852004375894473 0.00011233719615376292 -6.6256010256780706e-06 4.9276928289340281e-05 -0.00016585611642296193 -8.6873041032389759e-05 -7.1686237776572929e-06 -0.0002838915444065752
leaf_weight=5133 9189 1345912 894130 61687 197407 17821 22918
leaf_count=5133 9189 1345912 894130 61687 197407 17821 22918
internal_value=-1.56425e-07 7.77616e-06 1.56883e-05 -0.000180597 -7.80119e-05 -0.000130289 -0.000323182
internal_weight=2.5542e+06 2.44664e+06 2.24004e+06 107559 206596 79508 28051
internal_count=2554197 2446638 2240042 107559 206596 79508 28051
is_linear=0
shrinkage=0.00720685


Tree=34
num_leaves=8
num_cat=0
split_feature=1 18 5 0 17 6 18
split_gain=70.4233 30.4383 32.3791 26.129 7.0671 6.79456 5.36593
threshold=1.3496716618537905 -1.2316229939460752 inf -3.8377268314361568 0.09592080116271974 -0.90055269002914418 -2.2610722780227657
decision_type=2 10 8 2 2 2 8
left_child=1 6 -3 4 -2 -5 -1
right_child=3 2 -4 5 -6 -7 -8
leaf_value=0.00010823360528639962 -0.00014082547828483353 1.9838088533249334e-05 0.0008113328102594638 -0.00013016752917406144 -0.00035044569013212079 -4.6186988916564747e-05 -7.4095093126153789e-05
leaf_weight=8718 12009 2082726 2687 90918 27459 111288 217928
leaf_count=8718 12009 2082726 2687 90918 27459 111288 217928
internal_value=1.94156e-09 1.22377e-05 2.08583e-05 -0.000117056 -0.00028667 -8.39478e-05 -6.70812e-05
internal_weight=2.55373e+06 2.31206e+06 2.08541e+06 241674 39468 202206 226646
internal_count=2553733 2312059 2085413 241674 39468 202206 226646
is_linear=0
shrinkage=0.00720685


Tree=35
num_leaves=8
num_cat=0
split_feature=1 18 5 6 18 1 17
split_gain=69.6912 30.224 27.4054 13.5614 5.60923 5.50802 3.8518
threshold=1.7409967184066775 -1.2672847509384153 inf -2.9238005876541133 -2.2610722780227657 2.5278275012969975 0.60130077600479137
decision_type=2 10 8 2 8 2 2
left_child=1 4 -3 6 -1 -5 -2
right_child=3 2 -4 5 -6 -7 -8
leaf_value=0.00010031860354142395 -0.00019256303730056466 1.514014474173448e-05 0.00074207159521705931 -9.7958316612247785e-05 -8.147177469517496e-05 -0.00023672575435541607 -0.00036055067969372476
leaf_weight=9211 11557 2203019 2696 86886 204922 17921 18358
leaf_count=9211 11557 2203019 2696 86886 204922 17921 18358
internal_value=-7.88709e-07 8.0931e-06 1.6029e-05 -0.000160321 -7.36515e-05 -0.000121688 -0.000295661
internal_weight=2.55457e+06 2.41985e+06 2.20572e+06 134722 214133 104807 29915
internal_count=2554570 2419848 2205715 134722 214133 104807 29915
is_linear=0
shrinkage=0.00720685


Tree=36
num_leaves=8
num_cat=0
split_feature=0 18 0 0 18 6 6
split_gain=67.2738 31.8154 34.5916 6.88332 6.03502 4.15625 1.41897
threshold=-3.4293502569198604 -1.2316229939460752 0.33555780351161962 -5.2815752029418936 -2.2610722780227657 -0.46458888053894037 -4.5886740684509268
decision_type=2 10 2 2 8 2 2
left_child=3 4 -3 6 -2 -5 -1
right_child=1 2 -4 5 -6 -7 -8
leaf_value=-0.00059008346670520577 0.00010376344006204635 -9.6463790962310122e-06 4.7731380507109708e-05 -0.00025913237478941443 -8.11172051344518e-05 -7.1256623369872685e-05 -0.00038740951086021336
leaf_weight=2397 9550 1349475 916257 31548 230163 7588 7204
leaf_count=2397 9550 1349475 916257 31548 230163 7588 7204
internal_value=4.50193e-08 5.20365e-06 1.35571e-05 -0.000265141 -7.37512e-05 -0.000222709 -0.000438065
internal_weight=2.55418e+06 2.50544e+06 2.26573e+06 48737 239713 39136 9601
internal_count=2554182 2505445 2265732 48737 239713 39136 9601
is_linear=0
shrinkage=0.00720685


Tree=37
num_leaves=8
num_cat=0
split_feature=1 18 5 6 18 17 9
split_gain=68.9151 29.409 31.0142 10.5038 5.42743 3.71487 2.23265
threshold=1.9419685602188113 -1.1992133259773252 inf -2.9238005876541133 -2.2610722780227657 -0.028170787729322907 0.80688658356666576
decision_type=2 10 8 2 8 2 10
left_child=1 4 -3 6 -1 -5 -2
right_child=3 2 -4 5 -6 -7 -8
leaf_value=0.00010477723129862996 -0.00026947593138114097 1.5031952162400029e-05 0.0007843674764927269 -7.5264443902237725e-05 -7.1982690656671315e-05 -0.00018325722702710812 -0.00041607129683153831
leaf_weight=9363 17725 2197929 2724 26112 247301 45165 7767
leaf_count=9363 17725 2197929 2724 26112 247301 45165 7767
internal_value=4.11228e-08 7.47003e-06 1.59846e-05 -0.000188604 -6.55341e-05 -0.000143696 -0.000314156
internal_weight=2.55409e+06 2.45732e+06 2.20065e+06 96769 256664 71277 25492
internal_count=2554086 2457317 2200653 96769 256664 71277 25492
is_linear=0
shrinkage=0.00720685


Tree=38
num_leaves=8
num_cat=0
split_feature=1 5 6 9 16 23 1
split_gain=68.1569 29.014 15.7559 13.9319 13.3801 6.72993 3.99412
threshold=1.5470215678215029 inf -2.9238005876541133 0.013539671432226898 -0.0064697295892983666 -1.2469822764396665 2.5278275012969975
decision_type=2 8 2 8 2 10 2
left_child=1 3 6 -1 -3 -4 -2
right_child=2 4 5 -5 -6 -7 -8
leaf_value=-4.4561832337187001e-06 -0.00022023163187283727 3.0944175646794629e-05 0.00016110387718687607 3.1497940020572375e-05 0.001058917437172673 -0.0001114158325842183 -0.00038700141946862438
leaf_weight=1463007 22907 980 4866 906662 1999 142899 11066
leaf_count=1463007 22907 980 4866 906662 1999 142899 11066
internal_value=-1.09016e-07 1.0194e-05 -0.000134617 9.30026e-06 0.000720871 -0.00010244 -0.000274563
internal_weight=2.55439e+06 2.37265e+06 181738 2.36967e+06 2979 147765 33973
internal_count=2554386 2372648 181738 2369669 2979 147765 33973
is_linear=0
shrinkage=0.00720685


Tree=39
num_leaves=8
num_cat=0
split_feature=1 5 11 11 1 23 22
split_gain=66.0759 28.885 35.7737 18.7392 15.263 6.47862 4.75075
threshold=1.5819617509841921 inf 3.6396818161010747 1.4874369502067568 2.5278275012969975 -1.2738311886787412 -2.2019176483154292
decision_type=2 8 10 10 2 10 8
left_child=1 3 -3 -1 5 -2 -6
right_child=4 2 -4 -5 6 -7 -8
leaf_value=3.6333962145271809e-06 0.00018508017690666416 0.00054793082545634376 0.0043595538972494331 7.9759741590089203e-05 0.0011276885698787915 -0.00011321096994025808 -0.00029217701061802265
leaf_weight=2196267 3886 2846 133 181852 122 139807 28960
leaf_count=2196267 3886 2846 133 181852 122 139807 28960
internal_value=4.6867e-07 1.03433e-05 0.00071944 9.45473e-06 -0.000135618 -0.000105143 -0.000286183
internal_weight=2.55387e+06 2.3811e+06 2979 2.37812e+06 172775 143693 29082
internal_count=2553873 2381098 2979 2378119 172775 143693 29082
is_linear=0
shrinkage=0.00720685


Tree=40
num_leaves=8
num_cat=0
split_feature=1 23 11 0 0 17 23
split_gain=65.9004 30.2095 47.7589 24.7376 20.673 7.13544 7.07403
threshold=1.5470215678215029 inf 3.6396818161010747 0.43157418072223669 -3.8377268314361568 0.086037557572126402 -1.2738311886787412
decision_type=2 8 8 2 2 2 10
left_child=1 3 -3 -1 5 -2 -6
right_child=4 2 -4 -5 6 -7 -8
leaf_value=-7.7874051606184309e-06 -0.0001304877472764086 0.0005277775907609174 0.0047822885750233033 4.1210173496783387e-05 0.00021596039953423931 -0.00034364387420832132 -0.00010063512667218964
leaf_weight=1551711 11650 2869 143 816938 3764 27218 139000
leaf_count=1551711 11650 2869 143 816938 3764 27218 139000
internal_value=-1.03294e-07 1.0029e-05 0.000731212 9.11167e-06 -0.000132406 -0.000279759 -9.22865e-05
internal_weight=2.55329e+06 2.37166e+06 3012 2.36865e+06 181632 38868 142764
internal_count=2553293 2371661 3012 2368649 181632 38868 142764
is_linear=0
shrinkage=0.00720685


Tree=41
num_leaves=8
num_cat=0
split_feature=6 5 11 11 6 5 17
split_gain=57.0532 22.9564 48.6707 19.6065 12.4208 6.8719 4.60743
threshold=-1.3806999921798704 inf 3.6396818161010747 1.5452843904495241 -2.9238005876541133 inf 0.63747996091842662
decision_type=2 8 10 8 2 8 2
left_child=4 3 -3 -2 6 -6 -1
right_child=1 2 -4 -5 5 -7 -8
leaf_value=-0.00014158828249403091 2.4458982774716522e-06 0.00051085456667790776 0.0060620449773459159 8.3568344246705615e-05 -8.9433157324861982e-05 0.00095991458875830738 -0.00028079670516184465
leaf_weight=21898 2203641 2406 84 166428 130841 324 28330
leaf_count=21898 2203641 2406 84 166428 130841 324 28330
internal_value=-5.49294e-07 8.86919e-06 0.000700361 8.14242e-06 -0.000123739 -8.6834e-05 -0.00022011
internal_weight=2.55395e+06 2.37256e+06 2490 2.37007e+06 181393 131165 50228
internal_count=2553952 2372559 2490 2370069 181393 131165 50228
is_linear=0
shrinkage=0.00720685


Tree=42
num_leaves=8
num_cat=0
split_feature=6 18 23 5 6 16 18
split_gain=55.626 30.6722 20.6732 11.3917 9.40459 5.14668 5.01966
threshold=-1.5095657706260679 -1.2151964306831358 inf inf -2.9238005876541133 -0.0064697295892983666 -2.2610722780227657
decision_type=2 10 8 8 2 2 8
left_child=3 6 -3 4 -1 -5 -2
right_child=1 2 -4 5 -6 -7 -8
leaf_value=-0.00021556676284455054 9.414129922712724e-05 1.6177427968080504e-05 0.00068979197582208832 -0.0003017312881967274 -9.6426599418035703e-05 0.0014012812719758788 -7.4780543727384174e-05
leaf_weight=49964 9505 2146252 2368 123 110571 363 235295
leaf_count=49964 9505 2146252 2368 123 110571 363 235295
internal_value=-5.11253e-07 8.2118e-06 1.69201e-05 -0.00013017 -0.000133508 0.00097047 -6.82213e-05
internal_weight=2.55444e+06 2.39342e+06 2.14862e+06 161021 160535 486 244800
internal_count=2554441 2393420 2148620 161021 160535 486 244800
is_linear=0
shrinkage=0.00720685


Tree=43
num_leaves=8
num_cat=0
split_feature=1 5 6 16 9 23 13
split_gain=63.5188 28.1153 14.9481 14.7134 13.9116 7.23428 3.55658
threshold=1.5819617509841921 inf -2.9238005876541133 -0.0064697295892983666 0.0107669266872108 -1.2738311886787412 -1.0925211906433103
decision_type=2 8 2 2 8 10 10
left_child=1 4 6 -3 -1 -4 -2
right_child=2 3 5 -5 -6 -7 -8
leaf_value=-5.0675607796266762e-06 5.3773908342665091e-05 -1.6817508022507513e-05 0.00019386770904325951 0.0010608243440128995 3.071619085618985e-05 -0.00010978053812712581 -0.00028740674431658453
leaf_weight=1456995 1670 978 4201 2010 920961 135112 31744
leaf_count=1456995 1670 978 4201 2010 920961 135112 31744
internal_value=-1.18104e-08 9.66918e-06 -0.000133458 0.0007082 8.79116e-06 -0.000100623 -0.000270353
internal_weight=2.55367e+06 2.38094e+06 172727 2988 2.37796e+06 139313 33414
internal_count=2553671 2380944 172727 2988 2377956 139313 33414
is_linear=0
shrinkage=0.00720685


Tree=44
num_leaves=8
num_cat=0
split_feature=0 0 23 11 0 9 9
split_gain=63.9332 31.9544 25.79 15.3802 6.47382 3.5472 1.03429
threshold=-3.4293502569198604 0.35282495617866522 -1.6501097679138181 1.1634018421173098 -5.2815752029418936 0.59458905458450328 -0.16736812889575955
decision_type=2 2 10 10 2 10 8
left_child=4 2 -2 -3 6 -6 -1
right_child=1 3 -4 -5 5 -7 -8
leaf_value=-0.00023695470401912202 0.00035819651026210202 2.4130167750642757e-05 -1.8552352723735515e-05 0.00010162673459856274 -0.0001670579295679074 -0.00031120695490336538 -0.00045441939382092722
leaf_weight=1318 9496 839503 1497109 158053 25535 13588 8402
leaf_count=1318 9496 839503 1497109 158053 25535 13588 8402
internal_value=-2.66053e-07 4.77076e-06 -1.61775e-05 3.64089e-05 -0.000258497 -0.00021713 -0.00042496
internal_weight=2.553e+06 2.50416e+06 1.5066e+06 997556 48843 39123 9720
internal_count=2553004 2504161 1506605 997556 48843 39123 9720
is_linear=0
shrinkage=0.00720685


Tree=45
num_leaves=8
num_cat=0
split_feature=6 11 5 19 5 6 11
split_gain=54.9823 22.4408 32.5073 13.6119 12.2116 10.7304 10.1596
threshold=-1.3806999921798704 1.5452843904495241 inf -1.6971170902252195 inf -2.9238005876541133 3.0815458297729497
decision_type=2 10 8 10 8 2 10
left_child=4 3 -3 -2 5 -1 -6
right_child=1 2 -4 -5 6 -7 -8
leaf_value=-0.00021307047000108616 0.00028345244259512956 8.5525795894234624e-05 0.0020860733195379559 2.6506640135284136e-06 0.00053375534743206046 -8.9063652220506157e-05 0.0032515477705242915
leaf_weight=50122 9002 165863 422 2197768 427 130886 85
leaf_count=50122 9002 165863 422 2197768 427 130886 85
internal_value=6.32728e-07 9.87986e-06 9.06148e-05 3.79626e-06 -0.000120257 -0.000123403 0.000990157
internal_weight=2.55458e+06 2.37306e+06 166285 2.20677e+06 181520 181008 512
internal_count=2554575 2373055 166285 2206770 181520 181008 512
is_linear=0
shrinkage=0.00720685


Tree=46
num_leaves=8
num_cat=0
split_feature=0 0 23 17 0 0 15
split_gain=63.05 27.2535 29.0307 9.91692 4.84007 4.4205 3.62447
threshold=-2.7903808355331416 0.35282495617866522 inf 0.67398008704185497 0.70845103263854992 -4.8178658485412589 -0.58481442928314198
decision_type=2 2 8 2 2 2 2
left_child=3 2 -2 6 -3 -5 -1
right_child=1 4 -4 5 -6 -7 -8
leaf_value=-0.00021630753428415728 -1.5187730267997126e-05 2.3761821652629878e-05 0.00068465575913329404 -0.00042820560241466136 5.7474199937395903e-05 -0.00024817648216979532 -7.2745007074604597e-05
leaf_weight=16218 1484262 665916 3084 10707 331204 20959 20914
leaf_count=16218 1484262 665916 3084 10707 331204 20959 20914
internal_value=-1.51983e-07 5.80757e-06 -1.37362e-05 -0.000215364 3.49598e-05 -0.00030906 -0.000135453
internal_weight=2.55326e+06 2.48447e+06 1.48735e+06 68798 997120 31666 37132
internal_count=2553264 2484466 1487346 68798 997120 31666 37132
is_linear=0
shrinkage=0.00720685


Tree=47
num_leaves=8
num_cat=0
split_feature=1 18 5 0 17 18 6
split_gain=61.7917 29.124 26.3061 19.2659 6.5254 5.55893 5.13797
threshold=1.5115629434585574 -1.2844302654266355 inf -3.8377268314361568 0.18359242379665378 -2.2610722780227657 -0.86841899156570423
decision_type=2 10 8 2 2 8 2
left_child=1 5 -3 4 -2 -1 -5
right_child=3 2 -4 6 -6 -7 -8
leaf_value=0.00010306937514248588 -0.00013535999994569484 1.7001964628672016e-05 0.00072309450057222102 -0.00013027415215218944 -0.00033342932404816937 -8.0887637295439524e-05 -4.6666037004889743e-05
leaf_weight=8927 12950 2159460 2743 75320 25965 192389 77416
leaf_count=8927 12950 2159460 2743 75320 25965 192389 77416
internal_value=8.66481e-08 1.01787e-05 1.78981e-05 -0.000124371 -0.000267522 -7.27298e-05 -8.78971e-05
internal_weight=2.55517e+06 2.36352e+06 2.1622e+06 191651 38915 201316 152736
internal_count=2555170 2363519 2162203 191651 38915 201316 152736
is_linear=0
shrinkage=0.00720685


Tree=48
num_leaves=8
num_cat=0
split_feature=1 23 11 18 0 23 0
split_gain=60.4993 28.7631 41.4055 27.548 22.3772 8.11761 6.06579
threshold=1.3793378472328188 inf 3.3568564653396611 -1.2151964306831358 -3.8377268314361568 -1.2738311886787412 -5.2815752029418936
decision_type=2 8 8 10 2 10 2
left_child=1 3 -3 -1 6 -6 -2
right_child=4 2 -4 -5 5 -7 -8
leaf_value=-6.3238664163043403e-05 -0.00042416944201887973 0.00050734084324218778 0.004169180150409871 1.8692512688102343e-05 0.00021106652601856604 -8.6525311481674982e-05 -0.00021645120719759401
leaf_weight=237448 9706 2861 169 2082742 4884 187312 29499
leaf_count=237448 9706 2861 169 2082742 4884 187312 29499
internal_value=1.55514e-07 1.12242e-05 0.000712826 1.03077e-05 -0.000110971 -7.89619e-05 -0.000267886
internal_weight=2.55462e+06 2.32322e+06 3030 2.32019e+06 231401 192196 39205
internal_count=2554621 2323220 3030 2320190 231401 192196 39205
is_linear=0
shrinkage=0.00720685


Tree=49
num_leaves=8
num_cat=0
split_feature=0 18 0 0 23 17 18
split_gain=58.9944 30.2438 29.3861 13.3812 6.46112 6.37031 6.171
threshold=-2.0424360036849971 -1.2844302654266355 0.32235457003116613 -3.8377268314361568 -1.2738311886787412 0.80611422657966625 -2.2610722780227657
decision_type=2 10 2 2 10 2 8
left_child=3 6 -3 5 -5 -1 -2
right_child=1 2 -4 4 -6 -7 -8
leaf_value=-0.00018771952131546056 0.00010645763227406797 -7.3648076856762491e-06 4.5375631243028597e-05 0.00031868273619348951 -0.00011542512582692283 -0.00037190300074487739 -8.4341493825106605e-05
leaf_weight=21678 9214 1279645 960634 1829 66277 17737 197576
leaf_count=21678 9214 1279645 960634 1829 66277 17737 197576
internal_value=2.93094e-07 7.55275e-06 1.52503e-05 -0.000164928 -0.000103762 -0.000270611 -7.58394e-05
internal_weight=2.55459e+06 2.44707e+06 2.24028e+06 107521 68106 39415 206790
internal_count=2554590 2447069 2240279 107521 68106 39415 206790
is_linear=0
shrinkage=0.00720685


Tree=50
num_leaves=8
num_cat=0
split_feature=1 18 5 0 6 0 18
split_gain=60.9379 27.1885 25.9704 20.5484 6.21128 5.77641 4.96904
threshold=1.3496716618537905 -1.2316229939460752 inf -3.8377268314361568 -0.86841899156570423 -5.2815752029418936 -2.2610722780227657
decision_type=2 10 8 2 2 2 8
left_child=1 6 -3 5 -5 -2 -1
right_child=3 2 -4 4 -6 -7 -8
leaf_value=0.00010558271857723793 -0.00041286889056770681 1.813756537628276e-05 0.00072791258141889582 -0.00012361407576991351 -4.341677011314998e-05 -0.00021028030996561871 -7.0725796799164353e-05
leaf_weight=8630 9733 2080242 2680 92732 109263 29385 218295
leaf_count=8630 9733 2080242 2680 92732 109263 29385 218295
internal_value=-4.90395e-07 1.089e-05 1.90511e-05 -0.000109513 -8.02343e-05 -0.000260696 -6.40202e-05
internal_weight=2.55096e+06 2.30985e+06 2.08292e+06 241113 201995 39118 226925
internal_count=2550960 2309847 2082922 241113 201995 39118 226925
is_linear=0
shrinkage=0.00720685


Tree=51
num_leaves=8
num_cat=0
split_feature=0 0 6 0 1 6 17
split_gain=57.9179 27.77 11.9902 9.62076 6.80858 6.37998 2.40444
threshold=-2.7903808355331416 0.35282495617866522 -1.2217662334442136 -5.2815752029418936 0.01912027690559626 -0.53922733664512623 0.42886133491992956
decision_type=2 2 2 2 2 2 2
left_child=3 2 -2 6 -3 -5 -1
right_child=1 4 -4 5 -6 -7 -8
leaf_value=-0.00026259302625621415 -7.4597988549730576e-05 3.8546258489797661e-05 -7.0803834813392034e-06 -0.00021371715150547189 -6.9118518926454905e-05 -3.8606944033967144e-05 -0.00050071329696619715
leaf_weight=3404 152182 966822 1335048 45009 31500 14222 6262
leaf_count=3404 152182 966822 1335048 45009 31500 14222 6262
internal_value=3.37343e-08 5.74714e-06 -1.39892e-05 -0.000206082 3.5149e-05 -0.000171673 -0.000416893
internal_weight=2.55445e+06 2.48555e+06 1.48723e+06 68897 998322 59231 9666
internal_count=2554449 2485552 1487230 68897 998322 59231 9666
is_linear=0
shrinkage=0.00720685


Tree=52
num_leaves=8
num_cat=0
split_feature=1 18 0 0 18 2 0
split_gain=58.5339 28.0647 24.8481 16.4878 5.56876 4.96825 4.31675
threshold=1.5819617509841921 -1.2151964306831358 0.52446451783180248 -3.8377268314361568 -2.2610722780227657 0.13416399806737903 -5.2815752029418936
decision_type=2 10 2 2 8 10 2
left_child=1 4 -3 6 -1 -5 -2
right_child=3 2 -4 5 -6 -7 -8
leaf_value=0.00011179043100720645 -0.00038982560387736673 3.7737667878341404e-06 6.0243352188376159e-05 -1.0716725288397692e-05 -7.0669419712419751e-05 -0.00011412847894815267 -0.00021445383431302855
leaf_weight=9024 9733 1598117 541974 31580 232647 102292 29074
leaf_count=9024 9733 1598117 541974 31580 232647 102292 29074
internal_value=4.7223e-07 9.76132e-06 1.80746e-05 -0.000127651 -6.38558e-05 -8.97344e-05 -0.000258447
internal_weight=2.55444e+06 2.38176e+06 2.14009e+06 172679 241671 133872 38807
internal_count=2554441 2381762 2140091 172679 241671 133872 38807
is_linear=0
shrinkage=0.00720685


Tree=53
num_leaves=8
num_cat=0
split_feature=1 18 23 0 23 18 0
split_gain=56.6701 25.8907 23.6703 21.3211 6.9381 5.46589 4.84332
threshold=1.3793378472328188 -1.2151964306831358 inf -3.8377268314361568 -1.2738311886787412 -2.2610722780227657 -5.2815752029418936
decision_type=2 10 8 2 10 8 2
left_child=1 5 -3 6 -5 -1 -2
right_child=3 2 -4 4 -6 -7 -8
leaf_value=0.00011682909185038783 -0.00040031145345636576 1.7921633573775509e-05 0.00068650747974359873 0.0001894999855452485 -8.3349195783518539e-05 -6.7436452375326851e-05 -0.00021472041170534032
leaf_weight=8678 9702 2082493 2753 4968 187219 228308 29567
leaf_count=8678 9702 2082493 2753 4968 187219 228308 29567
internal_value=-2.58949e-08 1.06923e-05 1.88046e-05 -0.000107562 -7.62951e-05 -6.06884e-05 -0.000260583
internal_weight=2.55369e+06 2.32223e+06 2.08525e+06 231456 192187 236986 39269
internal_count=2553688 2322232 2085246 231456 192187 236986 39269
is_linear=0
shrinkage=0.00720685


Tree=54
num_leaves=8
num_cat=0
split_feature=1 5 18 0 18 6 0
split_gain=57.7457 27.9014 26.6056 23.8447 12.6877 7.353 4.46985
threshold=1.2146099805831911 inf -1.3033480644226072 -3.8377268314361568 2.7439033985137944 -0.90055269002914418 -5.2815752029418936
decision_type=2 8 10 2 10 2 2
left_child=1 2 -1 6 -3 -5 -2
right_child=3 4 -4 5 -6 -7 -8
leaf_value=-7.1297280636452829e-05 -0.00039458177862149407 -2.3172229759343388e-05 1.8832007262062383e-05 -0.00011548845674992613 0.0010098051213218713 -3.6522616304829606e-05 -0.00021649398607668445
leaf_weight=185299 9729 872 2075292 105671 2115 145686 29594
leaf_count=185299 9729 872 2075292 105671 2115 145686 29594
internal_value=8.44629e-08 1.2364e-05 1.14441e-05 -9.55385e-05 0.000708326 -6.97204e-05 -0.000260564
internal_weight=2.55426e+06 2.26358e+06 2.26059e+06 290680 2987 251357 39323
internal_count=2554258 2263578 2260591 290680 2987 251357 39323
is_linear=0
shrinkage=0.00720685


Tree=55
num_leaves=8
num_cat=0
split_feature=1 5 11 0 0 23 0
split_gain=59.3592 29.8627 65.0729 22.0799 20.8476 7.41304 4.00723
threshold=1.3496716618537905 inf 4.3719849586486825 -3.8377268314361568 0.52446451783180248 -1.2738311886787412 -5.2815752029418936
decision_type=2 8 8 2 2 8 2
left_child=1 4 -3 6 -1 -5 -2
right_child=3 2 -4 5 -6 -7 -8
leaf_value=-2.8545187324965647e-06 -0.00039121289395184402 0.00053653495572898583 0.0065107786466023897 0.00019405290544498359 4.5876534798529645e-05 -8.4118572237012085e-05 -0.00022218993733010093
leaf_weight=1684998 9653 2867 97 5104 625130 196703 29737
leaf_count=1684998 9653 2867 97 5104 625130 196703 29737
internal_value=4.12467e-08 1.126e-05 0.000734068 -0.000107547 1.03323e-05 -7.70822e-05 -0.00026362
internal_weight=2.55429e+06 2.31309e+06 2964 241197 2.31013e+06 201807 39390
internal_count=2554289 2313092 2964 241197 2310128 201807 39390
is_linear=0
shrinkage=0.00720685


Tree=56
num_leaves=8
num_cat=0
split_feature=0 0 5 11 0 5 6
split_gain=56.6087 28.7898 26.1188 14.8279 5.32472 3.08131 1.63465
threshold=-3.4293502569198604 0.34833291172981268 inf 1.1275402307510378 -5.2815752029418936 1.4019398093223574 -4.0561912059783927
decision_type=2 2 8 10 2 10 2
left_child=4 2 -2 -3 6 -6 -1
right_child=1 3 -4 -5 5 -7 -8
leaf_value=-0.00051911755046264339 -1.7032462470543983e-05 2.1928733589956878e-05 0.00066211395056984276 9.6796181144406183e-05 -0.00015911931681655324 -0.00029322915700235827 -0.00032405170215355427
leaf_weight=3493 1495180 843706 2946 164127 25598 13645 6207
leaf_count=3493 1495180 843706 2946 164127 25598 13645 6207
internal_value=-4.02043e-07 4.33886e-06 -1.56965e-05 3.41211e-05 -0.00024314 -0.000205757 -0.000394342
internal_weight=2.5549e+06 2.50596e+06 1.49813e+06 1.00783e+06 48943 39243 9700
internal_count=2554902 2505959 1498126 1007833 48943 39243 9700
is_linear=0
shrinkage=0.00720685


Tree=57
num_leaves=8
num_cat=0
split_feature=0 18 0 6 23 0 18
split_gain=52.4578 27.2005 27.6345 11.7439 4.99216 4.83963 4.82856
threshold=-2.1936115026473995 -1.2496129274368284 0.33555780351161962 -2.3293399810791011 -1.3047866225242613 -5.2815752029418936 -2.2610722780227657
decision_type=2 10 2 2 8 2 8
left_child=3 6 -3 5 -5 -1 -2
right_child=1 2 -4 4 -6 -7 -8
leaf_value=-0.00045216018719748224 9.2702668552065807e-05 -6.7612241812769324e-06 4.4737994663742832e-05 0.00026747761113996471 -0.00011477961733580646 -0.00022932236270624325 -7.519730393726978e-05
leaf_weight=6115 9275 1308284 922972 1827 60693 29430 217353
leaf_count=6115 9275 1308284 922972 1827 60693 29430 217353
internal_value=3.79387e-07 6.90097e-06 1.45417e-05 -0.000163075 -0.000103605 -0.00026767 -6.83253e-05
internal_weight=2.55595e+06 2.45788e+06 2.23126e+06 98065 62520 35545 226628
internal_count=2555949 2457884 2231256 98065 62520 35545 226628
is_linear=0
shrinkage=0.00720685


Tree=58
num_leaves=8
num_cat=0
split_feature=1 18 5 0 6 0 18
split_gain=54.1911 25.9638 27.4235 19.2308 6.34608 4.59915 4.05453
threshold=1.3496716618537905 -1.2316229939460752 inf -3.8377268314361568 -0.86841899156570423 -5.2815752029418936 -2.2610722780227657
decision_type=2 10 8 2 2 2 8
left_child=1 6 -3 5 -5 -2 -1
right_child=3 2 -4 4 -6 -7 -8
leaf_value=9.0321782102324071e-05 -0.00038544537997512276 1.756024750628277e-05 0.00074221179505223596 -0.00011848398547261849 -3.7347206204594544e-05 -0.00020438605181086233 -6.8734973988019628e-05
leaf_weight=8653 9673 2083592 2715 92662 108926 29562 218268
leaf_count=8653 9673 2083592 2715 92662 108926 29562 218268
internal_value=-1.70359e-07 1.05408e-05 1.85036e-05 -0.000103056 -7.46431e-05 -0.000249033 -6.26693e-05
internal_weight=2.55405e+06 2.31323e+06 2.08631e+06 240823 201588 39235 226921
internal_count=2554051 2313228 2086307 240823 201588 39235 226921
is_linear=0
shrinkage=0.00720685


Tree=59
num_leaves=8
num_cat=0
split_feature=0 0 5 9 6 17 17
split_gain=51.8762 25.6807 23.7635 13.6009 8.8608 4.02199 2.95967
threshold=-2.7903808355331416 0.34833291172981268 inf 0.024675113148987297 -2.9238005876541133 -0.36104820668697352 0.61355832219123851
decision_type=2 2 8 8 2 2 2
left_child=4 2 -2 -3 6 -6 -1
right_child=1 3 -4 -5 5 -7 -8
leaf_value=-0.00020664527021942934 -1.5206543421619625e-05 1.5703382024821267e-05 0.00064247969766193186 7.3189537961856072e-05 -1.9307316293725166e-05 -0.00017650197467086655 -0.0003779065326569124
leaf_weight=8408 1474094 700297 2858 307680 11128 35187 13937
leaf_count=8408 1474094 700297 2858 307680 11128 35187 13937
internal_value=-1.93277e-07 5.20619e-06 -1.39334e-05 3.32508e-05 -0.000195608 -0.000138735 -0.000313477
internal_weight=2.55359e+06 2.48493e+06 1.47695e+06 1.00798e+06 68660 46315 22345
internal_count=2553589 2484929 1476952 1007977 68660 46315 22345
is_linear=0
shrinkage=0.00720685


Tree=60
num_leaves=8
num_cat=0
split_feature=1 11 0 9 11 17 1
split_gain=54.3586 21.4474 18.2103 14.9899 12.378 6.41693 3.80501
threshold=1.3496716618537905 1.5452843904495241 -3.8377268314361568 0.024675113148987297 4.3719849586486825 0.73819309473037731 2.0028103590011601
decision_type=2 8 2 8 10 2 2
left_child=1 3 5 -1 -3 -2 -4
right_child=2 4 6 -5 -6 -7 -8
leaf_value=-9.0779424875441801e-06 -0.00015659878743318076 7.4471232968077093e-05 -5.6243497696572374e-05 3.0619345127121441e-05 0.00034667606284263358 -0.00034139709743453837 -0.00012777589927291476
leaf_weight=1368510 20507 162263 149734 773170 9166 18627 52050
leaf_count=1368510 20507 162263 149734 773170 9166 18627 52050
internal_value=7.31818e-07 1.14619e-05 -0.00010229 5.25321e-06 8.90275e-05 -0.000244566 -7.46959e-05
internal_weight=2.55403e+06 2.31311e+06 240918 2.14168e+06 171429 39134 201784
internal_count=2554027 2313109 240918 2141680 171429 39134 201784
is_linear=0
shrinkage=0.00720685


Tree=61
num_leaves=8
num_cat=0
split_feature=1 11 5 0 0 17 2
split_gain=52.877 20.4904 25.7449 18.9948 9.99576 6.59619 5.59137
threshold=1.4102709293365481 1.2833479642868044 inf -3.8377268314361568 0.41809469461441046 0.086037557572126402 0.24977995455265048
decision_type=2 8 8 2 2 2 10
left_child=1 4 -3 5 -1 -2 -5
right_child=3 2 -4 6 -6 -7 -8
leaf_value=-8.3351393501249423e-06 -0.00010861940135470805 7.1305900757731e-05 0.0013657523049823777 -1.2395437317119009e-05 2.4781437264663943e-05 -0.00031234009179222468 -0.00010092113693503274
leaf_weight=1394317 11833 219011 800 51742 716720 27313 130577
leaf_count=1394317 11833 219011 800 51742 716720 27313 130577
internal_value=-3.07892e-07 9.80342e-06 7.6023e-05 -0.000106726 2.90829e-06 -0.000250764 -7.57979e-05
internal_weight=2.55231e+06 2.33085e+06 219811 221465 2.11104e+06 39146 182319
internal_count=2552313 2330848 219811 221465 2111037 39146 182319
is_linear=0
shrinkage=0.00720685


Tree=62
num_leaves=8
num_cat=0
split_feature=1 18 23 0 23 0 18
split_gain=51.9849 24.6807 25.5303 18.9872 6.97417 5.28435 4.71631
threshold=1.3496716618537905 -1.2316229939460752 inf -3.8377268314361568 -1.4371969699859617 -5.2815752029418936 -2.2610722780227657
decision_type=2 10 8 2 10 2 8
left_child=1 6 -3 5 -5 -2 -1
right_child=3 2 -4 4 -6 -7 -8
leaf_value=0.00010351850380142569 -0.00039204612831609615 1.7247446856261801e-05 0.00071009896729032601 0.00029432978821706336 -7.749397666865361e-05 -0.00019799384630264004 -6.7535505148195825e-05
leaf_weight=8705 9680 2083207 2765 2654 199374 29524 218233
leaf_count=8705 9680 2083207 2765 2654 199374 29524 218233
internal_value=-9.91476e-08 1.04011e-05 1.81662e-05 -0.000100774 -7.26079e-05 -0.000245917 -6.09736e-05
internal_weight=2.55414e+06 2.31291e+06 2.08597e+06 241232 202028 39204 226938
internal_count=2554142 2312910 2085972 241232 202028 39204 226938
is_linear=0
shrinkage=0.00720685


Tree=63
num_leaves=8
num_cat=0
split_feature=1 11 5 1 9 23 9
split_gain=53.2615 19.9527 28.1262 17.1901 14.4413 8.45599 5.68412
threshold=1.2146099805831911 1.7475983500480654 inf 2.2133105993270878 0.021952567622065548 -1.2738311886787412 0.31274406611919409
decision_type=2 10 8 2 8 10 10
left_child=1 4 -3 5 -1 -2 -5
right_child=3 2 -4 6 -6 -7 -8
leaf_value=-7.9542088774979536e-06 0.0002059976065028348 8.8355019233163541e-05 0.0017906154052054948 -0.00013559035588554081 3.1155238174631516e-05 -7.101635640749557e-05 -0.0002778182914428386
leaf_weight=1352919 5871 141659 505 31205 769180 226215 27424
leaf_count=1352919 5871 141659 505 31205 769180 226215 27424
internal_value=-3.1644e-08 1.17588e-05 9.44139e-05 -9.18623e-05 6.22147e-06 -6.40079e-05 -0.000202122
internal_weight=2.55498e+06 2.26426e+06 142164 290715 2.1221e+06 232086 58629
internal_count=2554978 2264263 142164 290715 2122099 232086 58629
is_linear=0
shrinkage=0.00720685


Tree=64
num_leaves=8
num_cat=0
split_feature=1 23 11 0 0 23 17
split_gain=53.0324 23.859 65.9202 19.717 18.2389 7.79015 5.88219
threshold=1.3793378472328188 inf 4.3719849586486825 0.43157418072223669 -3.8377268314361568 -1.2738311886787412 0.75170379877090465
decision_type=2 8 8 2 2 10 2
left_child=1 3 -3 -1 6 -6 -2
right_child=4 2 -4 -5 5 -7 -8
leaf_value=-6.4673196179620281e-06 -0.00016316975883978055 0.00044981113878949844 0.0063721549087749178 3.7514064359385585e-05 0.00020633308968487908 -8.3214345278632027e-05 -0.0003403574290464679
leaf_weight=1504184 20679 2971 100 816944 4953 187052 18387
leaf_count=1504184 20679 2971 100 816944 4953 187052 18387
internal_value=-4.99825e-07 9.8524e-06 0.000644567 9.01236e-06 -0.000104626 -7.5744e-05 -0.000246573
internal_weight=2.55527e+06 2.3242e+06 3071 2.32113e+06 231071 192005 39066
internal_count=2555270 2324199 3071 2321128 231071 192005 39066
is_linear=0
shrinkage=0.00720685


Tree=65
num_leaves=8
num_cat=0
split_feature=1 11 0 19 11 2 0
split_gain=54.0377 20.0771 19.2182 10.7882 9.19982 5.52882 4.12763
threshold=1.3496716618537905 1.5452843904495241 -3.8377268314361568 -1.6971170902252195 4.3719849586486825 0.30645987391471868 -5.2815752029418936
decision_type=2 8 2 8 10 10 2
left_child=1 3 6 -1 -3 -4 -2
right_child=2 4 5 -5 -6 -7 -8
leaf_value=0.00027495167981379169 -0.00037819895570436905 7.2663722013272024e-05 -1.8443600761333624e-05 3.2260344724573959e-06 0.00030751786064734678 -0.00010003562942409841 -0.00020674385808789933
leaf_weight=7615 9678 162576 62477 2135245 9150 139338 29620
leaf_count=7615 9678 162576 62477 2135245 9150 139338 29620
internal_value=-4.95265e-07 1.02005e-05 -0.00010317 4.19179e-06 8.51791e-05 -7.47771e-05 -0.000248977
internal_weight=2.5557e+06 2.31459e+06 241113 2.14286e+06 171726 201815 39298
internal_count=2555699 2314586 241113 2142860 171726 201815 39298
is_linear=0
shrinkage=0.00720685


Tree=66
num_leaves=8
num_cat=0
split_feature=0 18 0 6 18 9 9
split_gain=49.6598 25.9595 27.2509 8.63184 5.48753 3.72743 3.32891
threshold=-2.7903808355331416 -1.2151964306831358 0.33555780351161962 -2.9238005876541133 -2.2610722780227657 0.66177207231521618 0.80688658356666576
decision_type=2 10 2 2 8 10 10
left_child=3 4 -3 6 -2 -5 -1
right_child=1 2 -4 5 -6 -7 -8
leaf_value=-0.00024549445692913398 0.00010714439309935656 -7.2731070660057733e-06 4.3918724403030313e-05 -9.2259018577811976e-05 -7.0717897623776991e-05 -0.00023326495080282114 -0.00043304389481281671
leaf_weight=15058 9361 1324819 911819 32568 239318 13891 7303
leaf_count=15058 9361 1324819 911819 32568 239318 13891 7303
internal_value=5.41917e-07 5.82997e-06 1.35965e-05 -0.000190424 -6.40222e-05 -0.000134423 -0.000306764
internal_weight=2.55414e+06 2.48532e+06 2.23664e+06 68820 248679 46459 22361
internal_count=2554137 2485317 2236638 68820 248679 46459 22361
is_linear=0
shrinkage=0.00720685


Tree=67
num_leaves=8
num_cat=0
split_feature=0 0 6 19 2 6 17
split_gain=46.6591 22.9877 13.0265 12.109 5.51845 5.22209 3.27888
threshold=-2.0424360036849971 0.43157418072223669 -2.9238005876541133 -1.6971170902252195 2.265039443969727 -0.12948179244995114 0.19361983239650729
decision_type=2 2 2 10 10 2 2
left_child=2 3 6 -2 -3 -4 -1
right_child=1 4 5 -5 -6 -7 -8
leaf_value=-0.00014766342335574187 0.00028297256896050088 3.7924569266784582e-05 -0.00013283078813902075 -9.9141039530440016e-06 0.0010140232072769816 2.4090519121405812e-06 -0.00032604908955548854
leaf_weight=7213 7364 815276 59791 1620933 300 19720 20773
leaf_count=7213 7364 815276 59791 1620933 300 19720 20773
internal_value=5.89829e-07 7.05363e-06 -0.000146359 -8.58934e-06 3.82848e-05 -9.92892e-05 -0.00028008
internal_weight=2.55137e+06 2.44387e+06 107497 1.6283e+06 815576 79511 27986
internal_count=2551370 2443873 107497 1628297 815576 79511 27986
is_linear=0
shrinkage=0.00720685


Tree=68
num_leaves=8
num_cat=0
split_feature=1 5 11 0 0 5 9
split_gain=46.3688 21.7928 62.2476 20.5955 13.4413 5.90598 2.82985
threshold=1.5470215678215029 inf 3.6396818161010747 0.43157418072223669 -4.8178658485412589 1.3553666472435 1.991810202598572
decision_type=2 8 10 2 2 10 10
left_child=1 3 -3 -1 6 -6 -2
right_child=4 2 -4 -5 5 -7 -8
leaf_value=-7.0081487024701428e-06 -0.00024537419380040977 0.0003952861909725248 0.0053525505781662494 3.7701209510947447e-05 -6.2762188966110534e-05 -0.00016152293264659682 -0.00046221744244584104
leaf_weight=1551704 15635 2850 137 816843 119679 42661 3909
leaf_count=1551704 15635 2850 137 816843 119679 42661 3909
internal_value=6.81628e-07 9.18677e-06 0.000624282 8.41081e-06 -0.000110214 -8.87163e-05 -0.000288767
internal_weight=2.55342e+06 2.37153e+06 2987 2.36855e+06 181884 162340 19544
internal_count=2553418 2371534 2987 2368547 181884 162340 19544
is_linear=0
shrinkage=0.00720685


Tree=69
num_leaves=8
num_cat=0
split_feature=1 5 6 9 16 1 5
split_gain=48.3409 20.885 14.3393 13.9858 9.96585 7.23221 3.23669
threshold=1.3496716618537905 inf -1.0078592300415037 0.083918426185846343 -0.0064697295892983666 2.5278275012969975 1.3553666472435
decision_type=2 8 2 8 2 2 10
left_child=1 3 5 -1 -3 -2 -4
right_child=2 4 6 -5 -6 -7 -8
leaf_value=-2.2979033465657953e-06 -0.000128476597179565 3.4575462308619582e-06 -2.6969632869791006e-05 3.6927118201607912e-05 0.00089690750383115882 -0.00027556642935444673 -0.00011982503371913272
leaf_weight=1647394 93367 952 102649 661771 2033 21329 24069
leaf_count=1647394 93367 952 102649 661771 2033 21329 24069
internal_value=-4.09905e-07 9.72227e-06 -9.74509e-05 8.94338e-06 0.000612061 -0.000155832 -4.46077e-05
internal_weight=2.55356e+06 2.31215e+06 241414 2.30916e+06 2985 114696 126718
internal_count=2553564 2312150 241414 2309165 2985 114696 126718
is_linear=0
shrinkage=0.00720685


Tree=70
num_leaves=8
num_cat=0
split_feature=1 5 11 11 1 23 22
split_gain=47.4334 24.9164 35.4232 17.349 11.5112 6.19951 3.49405
threshold=1.5470215678215029 inf 3.3568564653396611 1.5452843904495241 2.5278275012969975 -1.2738311886787412 -2.2019176483154292
decision_type=2 8 8 8 2 10 8
left_child=1 3 -3 -1 5 -2 -6
right_child=4 2 -4 -5 6 -7 -8
leaf_value=3.0076921155277925e-06 0.00018887781542875829 0.0004815248284594678 0.0039592994302271485 7.8000835800847354e-05 0.0010697664993706295 -9.4172073308448185e-05 -0.00024778612578079718
leaf_weight=2193839 4130 2785 160 172845 104 148408 28946
leaf_count=2193839 4130 2785 160 172845 104 148408 28946
internal_value=7.06803e-07 9.30919e-06 0.000671687 8.48467e-06 -0.000111549 -8.65071e-05 -0.000243034
internal_weight=2.55122e+06 2.36963e+06 2945 2.36668e+06 181588 152538 29050
internal_count=2551217 2369629 2945 2366684 181588 152538 29050
is_linear=0
shrinkage=0.00720685


Tree=71
num_leaves=8
num_cat=0
split_feature=18 18 5 2 18 19 22
split_gain=24.8188 25.4146 26.6295 19.3293 5.1584 6.81241 2.92645
threshold=-1.3033480644226072 0.35279782116413122 inf 0.75431594252586376 -2.2610722780227657 -1.6971170902252195 -1.1013911366462705
decision_type=10 10 8 8 8 8 10
left_child=4 3 -3 -2 5 -1 -6
right_child=1 2 -4 -5 6 -7 -8
leaf_value=0.0012513849361211892 3.6746459973753914e-05 -2.6528103957730049e-05 0.00072420410282726308 -3.1341391846045991e-05 -0.00016387316747646437 5.3141464392554032e-05 -7.517570884412955e-05
leaf_weight=252 1208916 876200 2460 263810 21792 9586 170375
leaf_count=252 1208916 876200 2460 263810 21792 9586 170375
internal_value=-3.36767e-07 6.24885e-06 -2.44255e-05 2.45498e-05 -7.69947e-05 8.39542e-05 -8.5235e-05
internal_weight=2.55339e+06 2.35139e+06 878660 1.47273e+06 202005 9838 192167
internal_count=2553391 2351386 878660 1472726 202005 9838 192167
is_linear=0
shrinkage=0.00720685


Tree=72
num_leaves=8
num_cat=0
split_feature=0 0 5 18 17 17 22
split_gain=44.4054 26.4668 18.8577 17.9544 7.08381 3.38572 3.2424
threshold=-3.4293502569198604 0.32235457003116613 inf -1.3636740446090696 0.76520574092865001 -1.038534343242645 0.94064894318580639
decision_type=2 2 8 10 2 2 8
left_child=4 2 -2 -3 5 -1 -6
right_child=1 3 -4 -5 6 -7 -8
leaf_value=8.2914928806756738e-05 -1.7076550428217152e-05 -6.6936903851428948e-05 0.00056638050650587317 4.0296108630615315e-05 -0.00035052998323412441 -0.00016623963862026501 -0.00011741809808676358
leaf_weight=3214 1431610 88392 2882 982505 18222 23838 3736
leaf_count=3214 1431610 88392 2882 982505 18222 23838 3736
internal_value=1.32055e-07 4.33476e-06 -1.5904e-05 3.1445e-05 -0.000214705 -0.000136635 -0.000310876
internal_weight=2.5544e+06 2.50539e+06 1.43449e+06 1.0709e+06 49010 27052 21958
internal_count=2554399 2505389 1434492 1070897 49010 27052 21958
is_linear=0
shrinkage=0.00720685


Tree=73
num_leaves=8
num_cat=0
split_feature=1 0 5 0 1 5 13
split_gain=45.5334 21.4052 18.3222 10.1228 6.31702 4.94339 1.28882
threshold=1.788998067378998 0.43157418072223669 inf -5.2815752029418936 -0.055622018873691552 1.4019398093223574 -0.70192036032676686
decision_type=2 2 8 2 2 10 10
left_child=1 2 -1 6 -3 -5 -2
right_child=3 4 -4 5 -6 -7 -8
leaf_value=-9.3245647866725615e-06 5.6736072661456299e-05 4.0519836979840784e-05 0.0005584954622357526 -8.5541919007850546e-05 -7.674340109095718e-05 -0.00018991814553166991 -0.00037573824251003064
leaf_weight=1609740 372 792676 2956 82515 24600 32992 9223
leaf_count=1609740 372 792676 2956 82515 24600 32992 9223
internal_value=4.04095e-08 6.94348e-06 -8.28343e-06 -0.000134043 3.69901e-05 -0.000115356 -0.000358965
internal_weight=2.55507e+06 2.42997e+06 1.6127e+06 125102 817276 115507 9595
internal_count=2555074 2429972 1612696 125102 817276 115507 9595
is_linear=0
shrinkage=0.00720685


Tree=74
num_leaves=8
num_cat=0
split_feature=1 5 6 9 16 1 19
split_gain=47.1755 23.4154 16.3575 14.4046 13.9886 5.95411 4.60279
threshold=1.2146099805831911 inf -1.5095657706260679 0.080447230488061919 -0.0032387009123340245 2.5278275012969975 -1.5677874684333799
decision_type=2 8 2 8 2 2 10
left_child=1 3 5 -1 -3 -2 -4
right_child=2 4 6 -5 -6 -7 -8
leaf_value=-1.8039032021465968e-06 -0.00013626974997104298 0.00012894704581545855 0.00023613312484688063 3.8355035180803035e-05 0.0011179340247917521 -0.00028019159323273404 -5.3344440527686354e-05
leaf_weight=1609060 77163 1413 2895 651829 1566 18513 191781
leaf_count=1609060 77163 1413 2895 651829 1566 18513 191781
internal_value=-4.76378e-07 1.06157e-05 -8.69606e-05 9.77418e-06 0.000649036 -0.000164121 -4.90384e-05
internal_weight=2.55422e+06 2.26387e+06 290352 2.26089e+06 2979 95676 194676
internal_count=2554220 2263868 290352 2260889 2979 95676 194676
is_linear=0
shrinkage=0.00720685


Tree=75
num_leaves=8
num_cat=0
split_feature=1 18 11 1 5 18 17
split_gain=44.8988 23.9278 19.479 14.4654 6.39723 4.76008 4.51445
threshold=1.2146099805831911 -1.2844302654266355 1.4288432598114016 2.3018027544021611 1.1281230449676516 -2.2610722780227657 0.27261346578598028
decision_type=2 10 10 2 10 8 2
left_child=1 5 -3 4 -2 -1 -5
right_child=3 2 -4 6 -6 -7 -8
leaf_value=0.00010052920589355503 -3.9738297010699135e-05 1.1208874516969593e-05 9.1328330325488971e-05 -0.00011071947728586908 -0.00012429681519912858 -7.3107226014339734e-05 -0.00025304452331008999
leaf_weight=8575 179203 1896933 171890 18931 62739 187164 29803
leaf_count=8575 179203 1896933 171890 18931 62739 187164 29803
internal_value=-1.63386e-07 1.06599e-05 1.78657e-05 -8.44841e-05 -6.1666e-05 -6.54999e-05 -0.000197761
internal_weight=2.55524e+06 2.26456e+06 2.06882e+06 290676 241942 195739 48734
internal_count=2555238 2264562 2068823 290676 241942 195739 48734
is_linear=0
shrinkage=0.00720685


Tree=76
num_leaves=8
num_cat=0
split_feature=6 18 0 0 23 17 18
split_gain=44.0484 26.9704 20.2233 15.9245 6.89291 6.01383 4.79009
threshold=-1.2714982032775877 -1.1992133259773252 0.43157418072223669 -2.1936115026473995 -1.3818532228469846 0.49585556983947759 -2.2610722780227657
decision_type=2 10 2 2 10 2 8
left_child=3 6 -3 5 -5 -1 -2
right_child=1 2 -4 4 -6 -7 -8
leaf_value=-0.00011566562990951222 9.9820938627511764e-05 1.9496477964865744e-06 4.9411258735314219e-05 0.00037947853069203577 -6.7448740607090434e-05 -0.00026714981494476694 -6.7397339120019723e-05
leaf_weight=23162 9236 1401389 698812 1814 143905 33021 242114
leaf_count=23162 9236 1401389 698812 1814 143905 33021 242114
internal_value=5.27541e-07 9.29837e-06 1.77419e-05 -0.000101626 -6.18825e-05 -0.000204702 -6.12524e-05
internal_weight=2.55345e+06 2.35155e+06 2.1002e+06 201902 145719 56183 251350
internal_count=2553453 2351551 2100201 201902 145719 56183 251350
is_linear=0
shrinkage=0.00720685


Tree=77
num_leaves=8
num_cat=0
split_feature=1 18 23 1 23 17 18
split_gain=42.9272 23.3573 25.1705 13.8087 6.00239 4.6442 4.45097
threshold=1.3496716618537905 -1.2316229939460752 inf 2.2133105993270878 -1.4371969699859617 0.46188493072986608 -2.2610722780227657
decision_type=2 10 8 2 10 2 8
left_child=1 6 -3 4 -2 -5 -1
right_child=3 2 -4 5 -6 -7 -8
leaf_value=9.9751914628949307e-05 0.00030452522151896305 1.628929363759117e-05 0.00070250957698204128 -0.00011797114002160226 -6.5114440130232743e-05 -0.00024656135297687593 -6.6184140702201506e-05
leaf_weight=8731 2310 2082595 2779 26997 180306 31746 218131
leaf_count=8731 2310 2082595 2779 26997 180306 31746 218131
internal_value=1.02479e-07 9.64916e-06 1.72041e-05 -9.13549e-05 -6.0437e-05 -0.000187467 -5.97974e-05
internal_weight=2.5536e+06 2.31224e+06 2.08537e+06 241359 182616 58743 226862
internal_count=2553595 2312236 2085374 241359 182616 58743 226862
is_linear=0
shrinkage=0.00720685


Tree=78
num_leaves=8
num_cat=0
split_feature=0 5 11 0 17 5 15
split_gain=41.6412 26.0269 53.6942 24.9903 6.36186 3.11931 1.9532
threshold=-3.4293502569198604 inf 3.9765586853027348 0.3181110173463822 0.51861441135406505 1.4019398093223574 -0.55266618728637684
decision_type=2 8 10 2 2 10 2
left_child=4 3 -3 -2 6 -6 -1
right_child=1 2 -4 -5 5 -7 -8
leaf_value=-0.00019140368686867599 -1.7224559726336558e-05 0.00047934946605293063 0.0054410607938378975 2.8757100210667509e-05 -0.00022175494827315103 -0.00038256315802055187 -5.6883760243876767e-05
leaf_weight=10659 1422197 2876 117 1080137 15691 10438 11829
leaf_count=10659 1422197 2876 117 1080137 15691 10438 11829
internal_value=-6.26844e-07 3.42699e-06 0.000674972 2.6235e-06 -0.000209525 -0.000286007 -0.000120651
internal_weight=2.55394e+06 2.50533e+06 2993 2.50233e+06 48617 26129 22488
internal_count=2553944 2505327 2993 2502334 48617 26129 22488
is_linear=0
shrinkage=0.00720685


Tree=79
num_leaves=8
num_cat=0
split_feature=6 5 11 11 5 20 11
split_gain=41.5789 20.1592 47.8503 16.1722 8.25287 6.82699 6.51717
threshold=-1.5095657706260679 inf 3.6396818161010747 1.5452843904495241 inf 0.32009698450565344 2.6442942619323735
decision_type=2 8 10 10 8 8 10
left_child=4 3 -3 -2 5 -1 -6
right_child=1 2 -4 -5 6 -7 -8
leaf_value=-5.2865013186734985e-05 1.3757436477692273e-06 0.00047591972969593599 0.0061794055231783086 7.4802758747360358e-05 0.00041565227690812953 -0.00015044576193756198 0.0025495359820080351
leaf_weight=58468 2223151 2383 78 167533 359 102569 93
leaf_count=58468 2223151 2383 78 167533 359 102569 93
internal_value=-3.60144e-07 7.19261e-06 0.000659 6.52136e-06 -0.000112286 -0.000115018 0.000859161
internal_weight=2.55463e+06 2.39314e+06 2461 2.39068e+06 161489 161037 452
internal_count=2554634 2393145 2461 2390684 161489 161037 452
is_linear=0
shrinkage=0.00720685


Tree=80
num_leaves=8
num_cat=0
split_feature=0 18 0 17 18 5 17
split_gain=41.4333 23.3689 24.6095 6.63076 4.20892 3.03488 2.03212
threshold=-3.4293502569198604 -1.2151964306831358 0.32235457003116613 0.63747996091842662 -2.2610722780227657 1.4019398093223574 -0.5591282546520232
decision_type=2 10 2 2 8 10 2
left_child=3 4 -3 6 -2 -5 -1
right_child=1 2 -4 5 -6 -7 -8
leaf_value=-1.9678046629195253e-05 8.7521588807339099e-05 -8.5119390578869082e-06 3.9768934751996363e-05 -0.00022607836790576401 -6.7683890292078228e-05 -0.00039062116062667766 -0.00016520379728600834
leaf_weight=6933 9430 1314734 940643 14510 240470 9732 17732
leaf_count=6933 9430 1314734 940643 14510 240470 9732 17732
internal_value=2.42049e-07 4.29766e-06 1.16244e-05 -0.000207504 -6.18268e-05 -0.000292148 -0.000124302
internal_weight=2.55418e+06 2.50528e+06 2.25538e+06 48907 249900 24242 24665
internal_count=2554184 2505277 2255377 48907 249900 24242 24665
is_linear=0
shrinkage=0.00720685


Tree=81
num_leaves=8
num_cat=0
split_feature=6 18 23 18 2 23 18
split_gain=40.0421 25.0047 16.4471 10.1228 10.4259 8.6939 3.80743
threshold=-1.2714982032775877 -1.1992133259773252 inf 0.61670291423797619 0.14357426762580874 inf -2.2610722780227657
decision_type=2 10 8 8 8 8 8
left_child=3 6 -3 4 -1 -5 -2
right_child=1 2 -4 5 -6 -7 -8
leaf_value=7.0042735954753822e-05 8.3502733118825061e-05 1.5861212703094327e-05 0.000624053021458718 -0.00014911835586617323 -9.4472096566083349e-05 0.00077276929927296825 -6.5082533592747228e-05
leaf_weight=29394 9301 2100210 2311 108369 62649 533 241685
leaf_count=29394 9301 2100210 2311 108369 62649 533 241685
internal_value=7.62578e-08 8.41378e-06 1.653e-05 -9.75739e-05 -4.19337e-05 -0.000144599 -5.95759e-05
internal_weight=2.55445e+06 2.35351e+06 2.10252e+06 200945 92043 108902 250986
internal_count=2554452 2353507 2102521 200945 92043 108902 250986
is_linear=0
shrinkage=0.00720685


Tree=82
num_leaves=8
num_cat=0
split_feature=1 5 11 6 11 1 19
split_gain=43.9787 25.3688 50.1858 16.6035 15.7979 6.94507 3.79906
threshold=1.1895074248313906 inf 3.6396818161010747 -0.90055269002914418 1.2833479642868044 2.4046756029129033 -1.5677874684333799
decision_type=2 8 10 2 10 2 10
left_child=1 4 -3 5 -1 -2 -5
right_child=3 2 -4 6 -6 -7 -8
leaf_value=4.0338530297759891e-06 -0.00011363571543746093 0.00046768422022845136 0.0049176956153053593 0.00025715667586754561 6.8869730775105624e-05 -0.00023994970729640755 -3.6227813089839318e-05
leaf_weight=2034811 110395 2885 137 2325 215901 28432 158971
leaf_count=2034811 110395 2885 137 2325 215901 28432 158971
internal_value=2.25883e-07 1.11395e-05 0.000670904 -8.17279e-05 1.02533e-05 -0.000139507 -3.19972e-05
internal_weight=2.55386e+06 2.25373e+06 3022 300123 2.25071e+06 138827 161296
internal_count=2553857 2253734 3022 300123 2250712 138827 161296
is_linear=0
shrinkage=0.00720685


Tree=83
num_leaves=8
num_cat=0
split_feature=1 18 23 6 23 18 18
split_gain=41.7315 23.6256 21.709 14.5236 10.0397 4.06899 3.98059
threshold=1.1895074248313906 -1.2844302654266355 inf -2.3293399810791011 -1.2738311886787412 -2.2610722780227657 0.6862635910511018
decision_type=2 10 8 2 10 8 10
left_child=1 5 -3 6 -5 -1 -2
right_child=3 2 -4 4 -6 -7 -8
leaf_value=9.0275324822680525e-05 -0.00010023889792938181 1.6878538578812079e-05 0.00065682377133121923 0.00021866734593095023 -6.3107642866240565e-05 -7.2386286111246397e-05 -0.00022530131555411327
leaf_weight=8345 20246 2055430 2756 6755 235557 185957 38100
leaf_count=8345 20246 2055430 2756 6755 235557 185957 38100
internal_value=-8.05969e-08 1.05644e-05 1.77358e-05 -7.98312e-05 -5.52516e-05 -6.53997e-05 -0.000181908
internal_weight=2.55315e+06 2.25249e+06 2.05819e+06 300658 242312 194302 58346
internal_count=2553146 2252488 2058186 300658 242312 194302 58346
is_linear=0
shrinkage=0.00720685


Tree=84
num_leaves=8
num_cat=0
split_feature=0 18 0 17 18 0 9
split_gain=40.9809 23.3767 24.3786 8.21472 4.67737 4.3003 3.2255
threshold=-2.7903808355331416 -1.2672847509384153 0.39138193428516393 0.51861441135406505 -2.2610722780227657 -5.2815752029418936 1.1550127863883974
decision_type=2 10 2 2 8 2 10
left_child=3 4 -3 6 -2 -5 -1
right_child=1 2 -4 5 -6 -7 -8
leaf_value=-6.1973324109662988e-05 9.0814496416714946e-05 -5.4592970919563867e-06 4.3882169535948361e-05 -0.00042401942176077684 -7.3014875200216176e-05 -0.00021307770641957729 -0.00025878382637252044
leaf_weight=28510 9460 1458736 808254 6051 209037 29479 5098
leaf_count=28510 9460 1458736 808254 6051 209037 29479 5098
internal_value=4.56576e-07 5.27083e-06 1.21325e-05 -0.000172612 -6.59213e-05 -0.000249014 -9.18347e-05
internal_weight=2.55462e+06 2.48549e+06 2.26699e+06 69138 218497 35530 33608
internal_count=2554625 2485487 2266990 69138 218497 35530 33608
is_linear=0
shrinkage=0.00720685


Tree=85
num_leaves=7
num_cat=0
split_feature=5 11 5 11 16 20
split_gain=22.0017 41.6268 20.9635 15.2895 9.51925 8.093
threshold=inf 3.6396818161010747 1.8100239634513857 1.2833479642868044 -0.0064697295892983666 0.83207815885543834
decision_type=8 10 10 10 2 8
left_child=2 4 3 -1 -2 -4
right_child=1 -3 5 -5 -6 -7
leaf_value=-1.268799141555222e-06 -0.0001620870295017317 0.0044412916005530951 -4.1298697351490033e-05 6.2466161077317684e-05 0.00072216529988329526 -0.00015341899518059104
leaf_weight=2198586 946 140 82599 214570 1904 56181
leaf_count=2198586 946 140 82599 214570 1904 56181
internal_value=1.68823e-07 0.000617923 -5.55192e-07 4.39832e-06 0.00042869 -8.66882e-05
internal_weight=2.55493e+06 2990 2.55194e+06 2.41316e+06 2850 138780
internal_count=2554926 2990 2551936 2413156 2850 138780
is_linear=0
shrinkage=0.00720685


Tree=86
num_leaves=8
num_cat=0
split_feature=0 18 0 9 18 6 6
split_gain=39.6207 23.2792 23.683 5.63297 4.49114 3.16537 1.94266
threshold=-3.4293502569198604 -1.1992133259773252 0.27644093334674841 0.86974418163299572 -2.2610722780227657 -0.44726520776748652 -4.5886740684509268
decision_type=2 10 2 10 8 2 2
left_child=3 4 -3 5 -2 -1 -5
right_child=1 2 -4 6 -6 -7 -8
leaf_value=-0.00018504240680639964 9.2738323507865765e-05 -1.0205569476874143e-05 3.6760811558146816e-05 -0.00052731967691570442 -6.6443921361542427e-05 -5.188366959615534e-06 -0.00028797080697820845
leaf_weight=28226 9556 1210368 1034043 2051 250508 6199 12532
leaf_count=28226 9556 1210368 1034043 2051 250508 6199 12532
internal_value=-1.77368e-08 3.95343e-06 1.14327e-05 -0.000202954 -6.05944e-05 -0.000152657 -0.000321667
internal_weight=2.55348e+06 2.50448e+06 2.24441e+06 49008 260064 34425 14583
internal_count=2553483 2504475 2244411 49008 260064 34425 14583
is_linear=0
shrinkage=0.00720685


Tree=87
num_leaves=8
num_cat=0
split_feature=1 11 23 0 9 23 6
split_gain=42.6057 18.3189 32.8039 15.1832 13.162 6.4959 4.46927
threshold=1.3496716618537905 1.5452843904495241 inf -3.8377268314361568 0.024675113148987297 -1.2738311886787412 -3.5978935956954952
decision_type=2 8 8 2 8 10 2
left_child=1 4 -3 6 -1 -5 -2
right_child=3 2 -4 5 -6 -7 -8
leaf_value=-9.7105607038995228e-06 -0.00033542011952349685 7.5140053268214169e-05 0.0017227683628007668 0.0001849133727712082 2.7492910253912047e-05 -7.2696726487114237e-05 -0.00016925073547124008
leaf_weight=1369295 12214 170438 629 5218 772581 196621 26985
leaf_count=1369295 12214 170438 629 5218 772581 196621 26985
internal_value=-6.15855e-08 9.44076e-06 8.12079e-05 -9.12437e-05 3.70884e-06 -6.6036e-05 -0.000221035
internal_weight=2.55398e+06 2.31294e+06 171067 241038 2.14188e+06 201839 39199
internal_count=2553981 2312943 171067 241038 2141876 201839 39199
is_linear=0
shrinkage=0.00720685


Tree=88
num_leaves=8
num_cat=0
split_feature=0 18 0 20 0 5 18
split_gain=37.472 23.4497 23.8153 4.58967 4.36822 1.89453 1.55341
threshold=-3.4293502569198604 -1.1992133259773252 0.34833291172981268 1.748321056365967 -5.2815752029418936 1.4019398093223574 2.7439033985137944
decision_type=2 10 2 10 2 10 10
left_child=4 3 -3 -2 6 -6 -1
right_child=1 2 -4 -5 5 -7 -8
leaf_value=-0.00031460836590397224 -6.6052584762665953e-05 -7.7813691984365549e-06 4.0290292697080754e-05 0.00013012905146910316 -0.00012767238047404382 -0.00023314339849082484 -0.00074495942912116992
leaf_weight=9234 253446 1365429 880386 6348 25645 13509 457
leaf_count=9234 253446 1365429 880386 6348 25645 13509 457
internal_value=-2.89362e-07 3.56459e-06 1.10633e-05 -6.12584e-05 -0.000197983 -0.000164068 -0.000334976
internal_weight=2.55445e+06 2.50561e+06 2.24582e+06 259794 48845 39154 9691
internal_count=2554454 2505609 2245815 259794 48845 39154 9691
is_linear=0
shrinkage=0.00720685


Tree=89
num_leaves=8
num_cat=0
split_feature=6 18 23 0 23 20 0
split_gain=41.0103 23.4095 19.6044 15.5824 5.65244 4.15978 2.91161
threshold=-1.2714982032775877 -1.2496129274368284 inf -2.7903808355331416 -1.3818532228469846 -0.36666968464851374 -5.2815752029418936
decision_type=2 10 8 2 10 10 2
left_child=3 5 -3 6 -5 -2 -1
right_child=1 2 -4 4 -6 -7 -8
leaf_value=-0.00034678884285911687 -9.2116555535067652e-05 1.5055096236743047e-05 0.00067172152278554555 0.0003163297855604328 -7.0402062541834255e-05 -2.9618392734466462e-05 -0.00019232991815226454
leaf_weight=7716 114979 2127648 2363 1987 156095 106595 35564
leaf_count=7716 114979 2127648 2363 1987 156095 106595 35564
internal_value=-2.3088e-09 8.45008e-06 1.57839e-05 -9.87123e-05 -6.5539e-05 -6.20503e-05 -0.000219875
internal_weight=2.55295e+06 2.35158e+06 2.13001e+06 201362 158082 221574 43280
internal_count=2552947 2351585 2130011 201362 158082 221574 43280
is_linear=0
shrinkage=0.00720685


Tree=90
num_leaves=8
num_cat=0
split_feature=1 5 17 6 9 1 23
split_gain=39.1163 18.7508 14.364 13.477 13.1476 7.52882 5.71151
threshold=1.2146099805831911 inf 1.3656812310218813 -0.83814403414726246 0.0107669266872108 2.5278275012969975 -1.2469822764396665
decision_type=2 8 2 2 8 2 10
left_child=1 4 -3 5 -1 -2 -5
right_child=3 2 -4 6 -6 -7 -8
leaf_value=-4.3219628740914551e-06 -0.00010655096847584976 0.00039210469769506519 0.0019103026782588727 0.00020004544679352317 3.1465690092746562e-05 -0.00025125913440029616 -3.9653555910598914e-05
leaf_weight=1398262 118886 2647 368 5354 861782 22154 144094
leaf_count=1398262 118886 2647 368 5354 861782 22154 144094
internal_value=-2.36333e-08 1.00821e-05 0.000577959 -7.87528e-05 9.3243e-06 -0.000129283 -3.10649e-05
internal_weight=2.55355e+06 2.26306e+06 3015 290488 2.26004e+06 141040 149448
internal_count=2553547 2263059 3015 290488 2260044 141040 149448
is_linear=0
shrinkage=0.00720685


Tree=91
num_leaves=8
num_cat=0
split_feature=1 11 23 1 23 5 22
split_gain=37.4758 18.0806 29.5106 9.5899 8.73903 5.60095 4.80983
threshold=1.5115629434585574 1.5452843904495241 inf 2.5278275012969975 -1.3818532228469846 1.8100239634513857 -2.2019176483154292
decision_type=2 8 8 2 10 10 8
left_child=1 4 -3 5 -1 -2 -5
right_child=3 2 -4 6 -6 -7 -8
leaf_value=0.00011258772277447564 -5.4347539855179149e-05 7.3608099297579223e-05 0.0016513645242434173 0.0012116742125954456 7.4975437392634518e-07 -0.00016184594644666478 -0.00022271529505612568
leaf_weight=36910 131735 171920 617 121 2153795 31121 29075
leaf_count=36910 131735 171920 617 121 2153795 31121 29075
internal_value=3.60586e-07 8.22846e-06 7.92594e-05 -9.64547e-05 2.63411e-06 -7.48909e-05 -0.000216731
internal_weight=2.55529e+06 2.36324e+06 172537 192052 2.1907e+06 162856 29196
internal_count=2555294 2363242 172537 192052 2190705 162856 29196
is_linear=0
shrinkage=0.00720685


Tree=92
num_leaves=8
num_cat=0
split_feature=1 11 5 9 0 5 6
split_gain=38.5584 17.1971 29.376 13.2755 10.4492 5.82149 3.38079
threshold=1.5819617509841921 1.5452843904495241 inf -0.024833300150930878 -4.3269193172454825 1.3132405877113345 -3.5978935956954952
decision_type=2 10 8 8 2 10 2
left_child=1 3 -3 -1 6 -6 -2
right_child=4 2 -4 -5 5 -7 -8
leaf_value=-1.3222898574940309e-05 -0.00033302810517559103 7.1419002079491231e-05 0.0016558140773599006 2.2361417135292824e-05 -5.0441174778701041e-05 -0.00015432772670429109 -0.00017096151065040525
leaf_weight=1237244 10226 172665 609 972578 104866 38230 19323
leaf_count=1237244 10226 172665 609 972578 104866 38230 19323
internal_value=3.24981e-07 7.85947e-06 7.69968e-05 2.43832e-06 -0.000103676 -7.81969e-05 -0.000227057
internal_weight=2.55574e+06 2.3831e+06 173274 2.20982e+06 172645 143096 29549
internal_count=2555741 2383096 173274 2209822 172645 143096 29549
is_linear=0
shrinkage=0.00720685


Tree=93
num_leaves=8
num_cat=0
split_feature=6 18 11 18 2 18 18
split_gain=36.7562 24.1101 16.2934 8.76859 10.6862 7.32563 4.47968
threshold=-1.2714982032775877 -1.3033480644226072 1.5452843904495241 0.61670291423797619 0.61131462454795849 1.9826221466064455 -2.2610722780227657
decision_type=2 10 10 10 8 10 8
left_child=3 6 -3 4 -1 -5 -2
right_child=1 2 -4 5 -6 -7 -8
leaf_value=3.4701530446111879e-05 8.5004991662369884e-05 9.8629697473720557e-06 8.7524646933126628e-05 -0.00016789267209825468 -0.00012047870241903152 -2.5034889158070297e-05 -7.658261913550459e-05
leaf_weight=47069 9364 2008593 150847 85415 45162 23850 183812
leaf_count=47069 9364 2008593 150847 85415 45162 23850 183812
internal_value=3.86509e-07 8.38761e-06 1.5288e-05 -9.30318e-05 -4.12845e-05 -0.000136711 -6.87493e-05
internal_weight=2.55411e+06 2.35262e+06 2.15944e+06 201496 92231 109265 193176
internal_count=2554112 2352616 2159440 201496 92231 109265 193176
is_linear=0
shrinkage=0.00720685


Tree=94
num_leaves=8
num_cat=0
split_feature=1 5 0 0 17 6 17
split_gain=39.0873 19.4857 16.052 15.6089 11.0303 7.06604 5.01964
threshold=1.0961413383483889 inf -3.8377268314361568 0.51905572414398204 1.3656812310218813 -0.83814403414726246 0.11566082760691644
decision_type=2 8 2 2 2 2 2
left_child=1 3 6 -1 -3 -4 -2
right_child=2 4 5 -5 -6 -7 -8
leaf_value=-2.559345144288292e-06 -8.901225708804647e-05 0.00042997558742482794 -9.6258416525037672e-05 3.9768929926706673e-05 0.0017729780547767696 -2.5351687879258974e-05 -0.00026435993966470952
leaf_weight=1574748 12356 2607 124433 634914 361 176584 27038
leaf_count=1574748 12356 2607 124433 634914 361 176584 27038
internal_value=-6.73654e-07 1.0387e-05 -7.25666e-05 9.60306e-06 0.000593847 -5.46631e-05 -0.000209366
internal_weight=2.55304e+06 2.21263e+06 340411 2.20966e+06 2968 301017 39394
internal_count=2553041 2212630 340411 2209662 2968 301017 39394
is_linear=0
shrinkage=0.00720685


Tree=95
num_leaves=8
num_cat=0
split_feature=1 18 0 0 23 17 20
split_gain=38.6546 21.8813 16.4253 13.6576 8.20646 5.14023 3.84341
threshold=1.2658736109733584 -1.1077650189399717 0.5975293517112733 -3.8377268314361568 -1.2738311886787412 -0.29787330329418177 -0.51691678166389454
decision_type=2 10 2 2 8 2 8
left_child=1 6 -3 5 -5 -2 -1
right_child=3 2 -4 4 -6 -7 -8
leaf_value=-7.8855273536585814e-05 -3.5682547321136968e-05 7.5493092976975715e-06 5.8831746992801605e-05 0.00020698182805800532 -6.7428231155218046e-05 -0.00024583992719819819 -2.6421364499660699e-05
leaf_weight=123010 7464 1574697 408552 5805 225791 31806 177211
leaf_count=123010 7464 1574697 408552 5805 225791 31806 177211
internal_value=-2.22099e-07 9.43366e-06 1.81136e-05 -8.16225e-05 -6.05492e-05 -0.000205898 -4.79055e-05
internal_weight=2.55434e+06 2.28347e+06 1.98325e+06 270866 231596 39270 300221
internal_count=2554336 2283470 1983249 270866 231596 39270 300221
is_linear=0
shrinkage=0.00720685


Tree=96
num_leaves=8
num_cat=0
split_feature=1 18 23 0 23 17 18
split_gain=36.803 20.7382 19.0392 15.0339 8.2577 4.82903 3.34865
threshold=1.2146099805831911 -1.1077650189399717 inf -3.8377268314361568 -1.2738311886787412 0.10544442385435106 -1.40926057100296
decision_type=2 10 8 2 10 2 10
left_child=1 6 -3 5 -5 -2 -1
right_child=3 2 -4 4 -6 -7 -8
leaf_value=-7.2286961836756541e-05 -8.7288219086224363e-05 1.7077505282210389e-05 0.00061737975520780323 0.00020104727739869859 -6.2882635556204208e-05 -0.00026073197377663094 -2.3943510429174819e-05
leaf_weight=139542 12002 1963346 2747 6315 244739 27319 159469
leaf_count=139542 12002 1963346 2747 6315 244739 27319 159469
internal_value=-3.799e-07 9.41244e-06 1.79165e-05 -7.6766e-05 -5.62429e-05 -0.000207796 -4.65046e-05
internal_weight=2.55548e+06 2.2651e+06 1.96609e+06 290375 251054 39321 299011
internal_count=2555479 2265104 1966093 290375 251054 39321 299011
is_linear=0
shrinkage=0.00720685


Tree=97
num_leaves=8
num_cat=0
split_feature=1 18 11 6 19 9 18
split_gain=34.3458 20.6643 17.9835 12.3398 5.5647 5.26832 3.42194
threshold=1.1895074248313906 -1.3216866850852964 1.5452843904495241 -1.0078592300415037 -1.4945066571235655 0.66177207231521618 -2.2610722780227657
decision_type=2 10 10 2 10 10 8
left_child=1 6 -3 5 -5 -2 -1
right_child=3 2 -4 4 -6 -7 -8
leaf_value=7.6086220241282544e-05 -9.9496747807322478e-05 1.0020747558399663e-05 9.0574471783128139e-05 0.00026586811457299215 -3.763348227662966e-05 -0.00020701768327606942 -7.2394278090193206e-05
leaf_weight=8468 99047 1921692 155598 3197 166517 31103 167638
leaf_count=8468 99047 1921692 155598 3197 166517 31103 167638
internal_value=5.79269e-08 9.70019e-06 1.60546e-05 -7.24008e-05 -3.19146e-05 -0.000125193 -6.52541e-05
internal_weight=2.55326e+06 2.2534e+06 2.07729e+06 299864 169714 130150 176106
internal_count=2553260 2253396 2077290 299864 169714 130150 176106
is_linear=0
shrinkage=0.00720685


Tree=98
num_leaves=8
num_cat=0
split_feature=1 18 23 0 23 17 18
split_gain=38.2297 19.8023 17.0549 13.1166 6.47824 5.20374 3.56098
threshold=1.3793378472328188 -1.2496129274368284 inf -3.8377268314361568 -1.2738311886787412 0.79254764318466198 -2.2610722780227657
decision_type=2 10 8 2 8 2 8
left_child=1 6 -3 5 -5 -2 -1
right_child=3 2 -4 4 -6 -7 -8
leaf_value=8.6943967124611431e-05 -0.00013215281721562779 1.5322199512104042e-05 0.00058366223590965442 0.00019640679056736736 -7.0022111297451982e-05 -0.00029880035662639139 -6.2078320691573365e-05
leaf_weight=8673 21438 2101220 2745 4862 187608 17828 209015
leaf_count=8673 21438 2101220 2745 4862 187608 17828 209015
internal_value=4.83523e-07 9.29374e-06 1.6064e-05 -8.77814e-05 -6.32908e-05 -0.000207822 -5.61406e-05
internal_weight=2.55339e+06 2.32165e+06 2.10396e+06 231736 192470 39266 217688
internal_count=2553389 2321653 2103965 231736 192470 39266 217688
is_linear=0
shrinkage=0.00720685


Tree=99
num_leaves=8
num_cat=0
split_feature=6 0 19 0 9 5 9
split_gain=36.6574 16.9892 13.902 12.4434 11.4668 6.16834 4.23278
threshold=-1.3806999921798704 0.52446451783180248 -1.6971170902252195 -3.0707685947418208 0.0052323979325592527 inf 0.94684538245201122
decision_type=2 2 8 2 8 8 10
left_child=3 2 -2 6 -3 -5 -1
right_child=1 4 -4 5 -6 -7 -8
leaf_value=-0.00016883925861873456 0.00030836774747302752 1.970933384401186e-05 -5.4250552005247954e-06 -7.139420625586383e-05 8.7670895255040137e-05 0.00073862312587391014 -0.00034068245020873127
leaf_weight=26799 7363 435962 1745596 144024 183102 489 10311
leaf_count=26799 7363 435962 1745596 144024 183102 489 10311
internal_value=-2.00668e-07 7.35499e-06 -4.10684e-06 -9.88783e-05 3.98106e-05 -6.86483e-05 -0.000216594
internal_weight=2.55365e+06 2.37202e+06 1.75296e+06 181623 619064 144513 37110
internal_count=2553646 2372023 1752959 181623 619064 144513 37110
is_linear=0
shrinkage=0.00720685


Tree=100
num_leaves=8
num_cat=0
split_feature=6 11 23 19 1 23 15
split_gain=34.167 16.1478 26.9294 12.4255 8.3607 6.54109 2.52647
threshold=-1.5095657706260679 1.4874369502067568 inf -1.6971170902252195 2.2133105993270878 -1.6501097679138181 0.56938132643699657
decision_type=2 8 8 8 2 10 2
left_child=4 3 -3 -2 5 -1 -6
right_child=1 2 -4 -5 6 -7 -8
leaf_value=0.00052420659877440261 0.00027188399138115886 6.8587042596918735e-05 0.0017887821427009201 6.2786775276271502e-07 -0.00022160770122212645 -7.9220614998315922e-05 3.2681720947296076e-06
leaf_weight=939 8805 176814 473 2206042 30722 126735 2834
leaf_count=939 8805 176814 473 2206042 30722 126735 2834
internal_value=1.5972e-07 7.00394e-06 7.31862e-05 1.70636e-06 -0.000101386 -7.47786e-05 -0.000202615
internal_weight=2.55336e+06 2.39213e+06 177287 2.21485e+06 161230 127674 33556
internal_count=2553364 2392134 177287 2214847 161230 127674 33556
is_linear=0
shrinkage=0.00720685


Tree=101
num_leaves=8
num_cat=0
split_feature=6 0 0 9 19 5 9
split_gain=36.1849 15.9258 14.1183 14.0254 11.3309 5.25023 4.58603
threshold=-1.3806999921798704 0.41367822885513311 -2.7903808355331416 0.024675113148987297 -1.6971170902252195 inf 0.94684538245201122
decision_type=2 2 2 8 8 8 10
left_child=2 4 6 -3 -2 -4 -1
right_child=1 3 5 -5 -6 -7 -8
leaf_value=-0.00016949687412655469 0.00028695004720682277 1.323682157505531e-05 -6.6510675355470995e-05 7.7625624310054598e-05 -8.1556135337445108e-06 0.00067114824649089886 -0.00034079977987319779
leaf_weight=30470 6787 599106 139639 248622 1518291 502 11067
leaf_count=30470 6787 599106 139639 248622 1518291 502 11067
internal_value=-4.27355e-07 7.07812e-06 -9.84523e-05 3.21209e-05 -6.84212e-06 -6.38636e-05 -0.000215146
internal_weight=2.55448e+06 2.37281e+06 181678 847728 1.52508e+06 140141 41537
internal_count=2554484 2372806 181678 847728 1525078 140141 41537
is_linear=0
shrinkage=0.00720685


Tree=102
num_leaves=8
num_cat=0
split_feature=6 18 11 18 18 23 20
split_gain=31.6582 20.9399 15.9811 6.62724 7.75611 5.25749 4.60195
threshold=-1.5095657706260679 -1.1992133259773252 3.9765586853027348 0.61670291423797619 1.924757778644562 -0.97087910771369923 -0.39030736684799189
decision_type=2 10 10 10 10 8 10
left_child=3 6 -3 5 -5 -1 -2
right_child=1 2 -4 4 -6 -7 -8
leaf_value=0.00024371571725158482 -8.5877899174272953e-05 1.2397441984205122e-05 0.00024117679739292159 -0.00017663333158255255 -2.4265839469142677e-05 -5.8204694623389461e-05 -2.4500766791901055e-05
leaf_weight=3136 126653 2123109 15977 68263 23267 66482 127145
leaf_count=3136 126653 2123109 15977 68263 23267 66482 127145
internal_value=1.78234e-07 6.76283e-06 1.41063e-05 -9.75956e-05 -0.000137902 -4.4601e-05 -5.51301e-05
internal_weight=2.55403e+06 2.39288e+06 2.13909e+06 161148 91530 69618 253798
internal_count=2554032 2392884 2139086 161148 91530 69618 253798
is_linear=0
shrinkage=0.00720685


Tree=103
num_leaves=8
num_cat=0
split_feature=0 0 23 9 9 23 0
split_gain=34.854 18.1378 19.0362 13.2875 8.86517 5.78917 2.51083
threshold=-2.1936115026473995 0.41367822885513311 -1.6501097679138181 0.024675113148987297 0.6262253224849702 -1.2738311886787412 -5.2815752029418936
decision_type=2 2 10 8 10 8 2
left_child=4 2 -2 -3 5 -1 -6
right_child=1 3 -4 -5 6 -7 -8
leaf_value=0.00029427899206142127 0.00031052248306801618 1.3915557922567093e-05 -1.0753654808368586e-05 7.6152793858078028e-05 -0.00039030101084756174 -9.9476678287029551e-05 -0.00020846176386868153
leaf_weight=1997 9636 603868 1589416 252740 4685 66134 24986
leaf_count=1997 9636 603868 1589416 252740 4685 66134 24986
internal_value=2.04366e-07 5.5181e-06 -8.81742e-06 3.22786e-05 -0.000133214 -8.79309e-05 -0.000237186
internal_weight=2.55346e+06 2.45566e+06 1.59905e+06 856608 97802 68131 29671
internal_count=2553462 2455660 1599052 856608 97802 68131 29671
is_linear=0
shrinkage=0.00720685


Tree=104
num_leaves=8
num_cat=0
split_feature=1 18 11 0 2 20 0
split_gain=31.9723 20.3353 18.174 13.1281 5.82009 3.73079 3.35819
threshold=1.2146099805831911 -1.1992133259773252 4.3719849586486825 -3.8377268314361568 0.23040085285902026 -0.46879278123378748 -5.2815752029418936
decision_type=2 10 10 2 10 8 2
left_child=1 5 -3 6 -5 -1 -2
right_child=3 2 -4 4 -6 -7 -8
leaf_value=-8.5032771091961368e-05 -0.00030973408774774796 1.5033983522549722e-05 0.00035536171850108936 1.1342743155003752e-06 -7.4705630049801648e-05 -2.8092405608641097e-05 -0.00015550794288756451
leaf_weight=107974 9753 2013609 8182 74769 176901 133865 29574
leaf_count=107974 9753 2013609 8182 74769 176901 133865 29574
internal_value=-2.00654e-07 8.94069e-06 1.64114e-05 -7.131e-05 -5.21742e-05 -5.35149e-05 -0.000193763
internal_weight=2.55463e+06 2.26363e+06 2.02179e+06 290997 251670 241839 39327
internal_count=2554627 2263630 2021791 290997 251670 241839 39327
is_linear=0
shrinkage=0.00720685


Tree=105
num_leaves=8
num_cat=0
split_feature=6 18 0 0 17 5 20
split_gain=32.556 22.2656 19.2539 10.6981 5.58276 5.04381 4.29555
threshold=-1.5095657706260679 -1.2496129274368284 0.55154871940612804 -1.7795352935791013 0.63747996091842662 inf 1.748321056365967
decision_type=2 10 2 2 2 8 10
left_child=3 6 -3 4 -1 -5 -2
right_child=1 2 -4 5 -6 -7 -8
leaf_value=-9.986093919134405e-05 -6.6229641777616516e-05 2.2579821626597549e-06 5.3256275962925444e-05 -5.6794690925065403e-05 -0.0002385170991232681 0.00068764156553823594 0.00014366284920790186
leaf_weight=28067 219368 1669664 499537 100481 32607 474 5183
leaf_count=28067 219368 1669664 499537 100481 32607 474 5183
internal_value=2.46108e-07 6.93039e-06 1.40022e-05 -9.87485e-05 -0.00017438 -5.32928e-05 -6.13843e-05
internal_weight=2.55538e+06 2.39375e+06 2.1692e+06 161629 60674 100955 224551
internal_count=2555381 2393752 2169201 161629 60674 100955 224551
is_linear=0
shrinkage=0.00720685


Tree=106
num_leaves=8
num_cat=0
split_feature=6 0 23 0 9 23 9
split_gain=32.0853 16.2728 15.6083 12.1134 11.5724 6.09835 2.93827
threshold=-1.2714982032775877 0.52446451783180248 -1.6501097679138181 -3.8377268314361568 0.0052323979325592527 -1.3818532228469846 0.75259247422218334
decision_type=2 2 10 2 8 10 10
left_child=3 2 -2 6 -3 -5 -1
right_child=1 4 -4 5 -6 -7 -8
leaf_value=-0.00017224623764838844 0.00028295419720646522 1.9231265804603289e-05 -5.2568014031120077e-06 0.00030905827649654405 8.7570766647509382e-05 -6.9765302897853467e-05 -0.00032778803844723414
leaf_weight=17728 9814 435226 1725614 2235 182733 171332 9797
leaf_count=17728 9814 435226 1725614 2235 182733 171332 9797
internal_value=2.15545e-07 7.68174e-06 -3.62677e-06 -8.71611e-05 3.94397e-05 -6.48854e-05 -0.000227619
internal_weight=2.55448e+06 2.35339e+06 1.73543e+06 201092 617959 173567 27525
internal_count=2554479 2353387 1735428 201092 617959 173567 27525
is_linear=0
shrinkage=0.00720685


Tree=107
num_leaves=8
num_cat=0
split_feature=1 6 23 16 19 23 1
split_gain=33.4051 12.0052 11.8329 12.8438 8.93746 5.02869 4.4348
threshold=1.1651514172554018 -1.0078592300415037 inf -0.0064697295892983666 -1.6971170902252195 -1.2738311886787412 2.4046756029129033
decision_type=2 2 8 2 8 10 2
left_child=2 6 4 -4 -1 -3 -2
right_child=1 5 3 -5 -6 -7 -8
leaf_value=0.00025450822882661176 -0.00010069027907409269 0.0001829093125825462 -0.00020600514354737179 0.00078770573772815231 8.1539760668303892e-06 -3.8267431703116924e-05 -0.00020343424175495162
leaf_weight=7674 105259 5509 1010 2037 2233307 172162 27528
leaf_count=7674 105259 5509 1010 2037 2233307 172162 27528
internal_value=-8.55961e-08 -7.01523e-05 9.60805e-06 0.000458347 8.99771e-06 -3.14084e-05 -0.000121992
internal_weight=2.55449e+06 310458 2.24403e+06 3047 2.24098e+06 177671 132787
internal_count=2554486 310458 2244028 3047 2240981 177671 132787
is_linear=0
shrinkage=0.00720685


Tree=108
num_leaves=8
num_cat=0
split_feature=1 5 9 3 6 23 22
split_gain=31.4706 17.307 11.1029 8.88109 7.26844 4.86182 2.33452
threshold=1.7409967184066775 inf 0.0107669266872108 -1.3777164220809934 -2.9238005876541133 -1.2738311886787412 -2.2019176483154292
decision_type=2 8 8 10 2 10 8
left_child=1 2 -1 -3 6 -6 -2
right_child=4 3 -4 -5 5 -7 -8
leaf_value=-7.2680659403743001e-06 0.00074686994559064154 0.00078914632234011305 2.4405892281533065e-05 -8.6993186756640546e-05 0.00019407437301717363 -8.7838837848064835e-05 -0.00021037774753774154
leaf_weight=1474763 132 2202 941944 826 3279 101555 29923
leaf_count=1474763 132 2202 941944 826 3279 101555 29923
internal_value=-2.12628e-07 5.75964e-06 5.07728e-06 0.000550185 -0.000107347 -7.90192e-05 -0.000206149
internal_weight=2.55462e+06 2.41974e+06 2.41671e+06 3028 134889 104834 30055
internal_count=2554624 2419735 2416707 3028 134889 104834 30055
is_linear=0
shrinkage=0.00720685


Tree=109
num_leaves=8
num_cat=0
split_feature=1 5 11 18 6 0 23
split_gain=31.4528 19.79 44.1973 19.1439 11.5142 8.0604 3.95531
threshold=1.2146099805831911 inf 3.6396818161010747 -1.2844302654266355 -0.48301318287849421 -3.4293502569198604 -1.2738311886787412
decision_type=2 8 10 8 2 2 10
left_child=1 3 -3 -1 5 -2 -6
right_child=4 2 -4 -5 6 -7 -8
leaf_value=-6.0187329225847774e-05 -0.00019819597150612053 0.00040292441079238414 0.0046087389420321079 1.4496042521740055e-05 0.0002076215961216118 -8.1395394080661958e-05 -2.4319472328095071e-05
leaf_weight=195101 40125 2868 135 2066102 3948 130479 115778
leaf_count=195101 40125 2868 135 2066102 3948 130479 115778
internal_value=-2.26611e-07 8.82878e-06 0.000593395 8.05218e-06 -7.0847e-05 -0.000108867 -1.66694e-05
internal_weight=2.55454e+06 2.26421e+06 3003 2.2612e+06 290330 170604 119726
internal_count=2554536 2264206 3003 2261203 290330 170604 119726
is_linear=0
shrinkage=0.00720685


Tree=110
num_leaves=8
num_cat=0
split_feature=6 0 23 9 0 23 9
split_gain=29.9811 15.4019 12.7486 12.7289 9.98723 6.74298 4.25912
threshold=-1.5095657706260679 0.44076409935951238 -1.4371969699859617 0.024675113148987297 -2.7903808355331416 -1.5177731513977049 0.86974418163299572
decision_type=2 2 10 8 2 10 10
left_child=4 2 -2 -3 6 -6 -1
right_child=1 3 -4 -5 5 -7 -8
leaf_value=-0.00014755392833153984 0.00016541093569795258 1.3698802130532535e-05 -9.1295888672847938e-06 7.7528882235661107e-05 0.00048116495838154401 -6.8387467609883683e-05 -0.00031292143942928915
leaf_weight=28264 22037 561073 1581166 228291 1170 120174 11335
leaf_count=28264 22037 561073 1581166 228291 1170 120174 11335
internal_value=-3.04564e-07 6.10022e-06 -6.73031e-06 3.21591e-05 -9.55173e-05 -6.30848e-05 -0.000194896
internal_weight=2.55351e+06 2.39257e+06 1.6032e+06 789364 160943 121344 39599
internal_count=2553510 2392567 1603203 789364 160943 121344 39599
is_linear=0
shrinkage=0.00720685


Tree=111
num_leaves=8
num_cat=0
split_feature=6 18 11 0 23 9 18
split_gain=31.0492 19.4432 16.9315 12.6309 7.08967 4.30161 4.13171
threshold=-1.2714982032775877 -1.1527163982391355 4.3719849586486825 -2.7903808355331416 -1.6501097679138181 0.66177207231521618 -2.2610722780227657
decision_type=2 10 10 2 10 10 8
left_child=3 6 -3 5 -5 -1 -2
right_child=1 2 -4 4 -6 -7 -8
leaf_value=-0.00014364580149629278 0.00010046743674234867 1.3688374715163017e-05 0.00035666565047484205 0.00052849721574246475 -6.0148137247997378e-05 -0.00029565087474401589 -5.4194099829261018e-05
leaf_weight=28418 9278 2065619 7502 1069 156883 14660 270585
leaf_count=28418 9278 2065619 7502 1069 156883 14660 270585
internal_value=-2.68124e-08 7.31799e-06 1.49297e-05 -8.59948e-05 -5.6161e-05 -0.000195381 -4.90664e-05
internal_weight=2.55401e+06 2.35298e+06 2.07312e+06 201030 157952 43078 279863
internal_count=2554014 2352984 2073121 201030 157952 43078 279863
is_linear=0
shrinkage=0.00720685


Tree=112
num_leaves=8
num_cat=0
split_feature=0 0 23 17 2 0 23
split_gain=28.366 16.6604 16.8297 8.28354 4.84888 4.23833 3.72732
threshold=-2.1936115026473995 0.43157418072223669 -1.6501097679138181 0.63747996091842662 2.265039443969727 -5.2815752029418936 -1.2738311886787412
decision_type=2 2 10 2 10 2 10
left_child=3 2 -2 6 -3 -5 -1
right_child=1 4 -4 5 -6 -7 -8
leaf_value=0.00030271510674411214 0.00028822964242982498 3.0982236943408588e-05 -1.0310491057868381e-05 -0.00037783450489426899 0.00095054155158834873 -0.00016678627875005839 -7.0692184979959268e-05
leaf_weight=1425 9866 817019 1629621 5682 297 37977 52769
leaf_count=1425 9866 817019 1629621 5682 297 37977 52769
internal_value=-5.56228e-08 4.73708e-06 -8.51377e-06 -0.000120386 3.13175e-05 -0.000194261 -6.08681e-05
internal_weight=2.55466e+06 2.4568e+06 1.63949e+06 97853 817316 43659 54194
internal_count=2554656 2456803 1639487 97853 817316 43659 54194
is_linear=0
shrinkage=0.00720685


Tree=113
num_leaves=8
num_cat=0
split_feature=1 18 23 6 23 20 17
split_gain=29.651 19.2784 16.0594 10.7734 7.61943 4.91 2.50211
threshold=1.3496716618537905 -1.2151964306831358 inf -2.9238005876541133 -1.4371969699859617 1.6289809346199038 0.17374957352876666
decision_type=2 10 8 2 10 10 2
left_child=1 5 -3 6 -5 -1 -2
right_child=3 2 -4 4 -6 -7 -8
leaf_value=-5.9041201437775483e-05 -8.9813226358826664e-05 1.4110117481744985e-05 0.00056322671118568251 0.00030565775892016177 -6.079405830756017e-05 0.00015253795956898444 -0.00022315948367883202
leaf_weight=230742 9923 2075278 2769 2990 200567 5840 27767
leaf_count=230742 9923 2075278 2769 2990 200567 5840 27767
internal_value=-1.00525e-07 7.82423e-06 1.48421e-05 -7.61339e-05 -5.54098e-05 -5.38177e-05 -0.000188056
internal_weight=2.55588e+06 2.31463e+06 2.07805e+06 241247 203557 236582 37690
internal_count=2555876 2314629 2078047 241247 203557 236582 37690
is_linear=0
shrinkage=0.00720685


Tree=114
num_leaves=8
num_cat=0
split_feature=1 0 23 9 0 23 15
split_gain=31.2086 16.9343 16.2795 11.4345 7.1537 3.65511 1.72648
threshold=1.9419685602188113 0.57998219132423412 inf 0.0107669266872108 -5.2815752029418936 -1.2738311886787412 -0.45814004540443415
decision_type=2 2 8 8 2 8 2
left_child=1 2 -1 -3 6 -6 -2
right_child=4 3 -4 -5 5 -7 -8
leaf_value=-5.5500302003247284e-06 -0.00038805557630409727 2.0367867031394228e-05 0.00051166339280765694 9.5170612339748553e-05 0.00015886097200460168 -0.00011436925806669879 -0.00018972807573928128
leaf_weight=1929871 5999 375721 3165 147927 2621 84456 3683
leaf_count=1929871 5999 375721 3165 147927 2621 84456 3683
internal_value=1.44926e-07 5.1452e-06 -4.70292e-06 4.14993e-05 -0.000126809 -0.000106143 -0.000312641
internal_weight=2.55344e+06 2.45668e+06 1.93304e+06 523648 96759 87077 9682
internal_count=2553443 2456684 1933036 523648 96759 87077 9682
is_linear=0
shrinkage=0.00720685


Tree=115
num_leaves=8
num_cat=0
split_feature=1 5 18 18 0 6 18
split_gain=30.1357 18.4581 17.8337 11.2387 10.6731 7.37615 1.50002
threshold=1.3496716618537905 inf -1.3216866850852964 2.7439033985137944 -5.2815752029418936 -0.50160208344459523 2.7439033985137944
decision_type=2 8 10 10 2 2 10
left_child=1 2 -1 -3 6 -6 -2
right_child=4 3 -4 -5 5 -7 -8
leaf_value=-6.1650899106391777e-05 -0.00029207196483953198 -0.00011839013950835211 1.3149754464369474e-05 0.00086073375595898023 -9.9874575250175117e-05 -1.6847853602462934e-05 -0.00071419223184867675
leaf_weight=179489 9111 857 2131080 2100 139537 92364 459
leaf_count=179489 9111 857 2131080 2100 139537 92364 459
internal_value=7.11748e-08 8.06744e-06 7.33908e-06 0.000577007 -7.65404e-05 -6.68061e-05 -0.000312389
internal_weight=2.555e+06 2.31353e+06 2.31057e+06 2957 241471 231901 9570
internal_count=2554997 2313526 2310569 2957 241471 231901 9570
is_linear=0
shrinkage=0.00720685


Tree=116
num_leaves=8
num_cat=0
split_feature=0 18 0 18 9 22 0
split_gain=28.8183 18.8358 19.5593 5.15558 3.87009 2.78157 2.12058
threshold=-3.4293502569198604 -1.1992133259773252 0.3181110173463822 -2.2610722780227657 0.94684538245201122 0.51684647798538219 -5.2815752029418936
decision_type=2 10 2 8 10 8 2
left_child=4 3 -3 -2 6 -6 -1
right_child=1 2 -4 -5 5 -7 -8
leaf_value=-0.0002575143453617871 0.00011064544167514937 -7.6968226025118969e-06 3.5401111872088221e-05 -6.0693118392333118e-05 -0.00034240160560244324 -0.00011750251159672022 -0.00010781232826277741
leaf_weight=5906 9466 1299916 944186 249844 9636 4062 29291
leaf_count=5906 9466 1299916 944186 249844 9636 4062 29291
internal_value=3.31953e-07 3.71637e-06 1.04362e-05 -5.4438e-05 -0.000172946 -0.000275725 -0.000132939
internal_weight=2.55231e+06 2.50341e+06 2.2441e+06 259310 48895 13698 35197
internal_count=2552307 2503412 2244102 259310 48895 13698 35197
is_linear=0
shrinkage=0.00720685


Tree=117
num_leaves=8
num_cat=0
split_feature=6 18 0 0 5 18 17
split_gain=29.9908 21.5786 16.9256 9.13137 6.02667 4.00774 3.60346
threshold=-1.5095657706260679 -1.3033480644226072 0.57397481799125682 -3.4293502569198604 inf -2.2610722780227657 0.68671205639839183
decision_type=2 10 2 2 8 8 2
left_child=3 5 -3 6 -5 -2 -1
right_child=1 2 -4 4 -6 -7 -8
leaf_value=-0.00011931779166341368 7.9597887080840076e-05 2.617254095461159e-06 5.1354928174797529e-05 -7.1600108273620557e-05 0.00071726473749842085 -7.3239275299889542e-05 -0.00027628550181338981
leaf_weight=13675 9358 1726419 471069 130332 504 186247 17096
leaf_count=13675 9358 1726419 471069 130332 504 186247 17096
internal_value=1.91572e-07 6.60841e-06 1.3065e-05 -9.4829e-05 -6.85559e-05 -6.59269e-05 -0.000206534
internal_weight=2.5547e+06 2.39309e+06 2.19749e+06 161607 130836 195605 30771
internal_count=2554700 2393093 2197488 161607 130836 195605 30771
is_linear=0
shrinkage=0.00720685


Tree=118
num_leaves=8
num_cat=0
split_feature=6 11 23 19 5 2 6
split_gain=28.0724 14.6021 31.8869 12.9392 7.60981 5.60305 2.01146
threshold=-1.3247511386871336 1.5452843904495241 inf -1.6971170902252195 1.8100239634513857 0.32549972832202917 -3.5978935956954952
decision_type=2 8 8 8 10 8 2
left_child=4 3 -3 -2 5 -1 -6
right_child=1 2 -4 -5 6 -7 -8
leaf_value=6.8928018439757535e-06 0.0002807312378870725 6.6708751072536818e-05 0.0021117794796660762 3.6180643977149358e-07 -0.000254034695846714 -8.93073803318371e-05 -0.00014045344297079
leaf_weight=45025 8582 165353 396 2187812 10965 104261 31007
leaf_count=45025 8582 165353 396 2187812 10965 104261 31007
internal_value=-4.19813e-07 6.37978e-06 7.16069e-05 1.45743e-06 -8.43983e-05 -6.02932e-05 -0.000170132
internal_weight=2.5534e+06 2.36214e+06 165749 2.19639e+06 191258 149286 41972
internal_count=2553401 2362143 165749 2196394 191258 149286 41972
is_linear=0
shrinkage=0.00720685


Tree=119
num_leaves=8
num_cat=0
split_feature=0 18 0 17 18 22 17
split_gain=26.2978 18.8467 19.3527 4.51974 4.06063 2.8854 2.01434
threshold=-3.4293502569198604 -1.2844302654266355 0.35282495617866522 0.79254764318466198 -2.2610722780227657 0.94064894318580639 -0.75528427958488453
decision_type=2 10 2 2 8 8 2
left_child=3 4 -3 6 -2 -5 -1
right_child=1 2 -4 5 -6 -7 -8
leaf_value=2.5430143770051201e-05 8.3744566131210775e-05 -6.9929087286930617e-06 3.5919207991729328e-05 -0.00028185346390107032 -6.8538956224391552e-05 -5.8851110353803904e-05 -0.00013356091401696025
leaf_weight=5084 9526 1401643 894001 17722 200362 3632 22249
leaf_count=5084 9526 1401643 894001 17722 200362 3632 22249
internal_value=5.18307e-07 3.74188e-06 9.71851e-06 -0.00016537 -6.16269e-05 -0.00024393 -0.000103987
internal_weight=2.55422e+06 2.50553e+06 2.29564e+06 48687 209888 21354 27333
internal_count=2554219 2505532 2295644 48687 209888 21354 27333
is_linear=0
shrinkage=0.00720685


Tree=120
num_leaves=8
num_cat=0
split_feature=6 0 23 9 0 17 23
split_gain=28.9701 15.0466 14.2461 12.8452 8.52123 3.84194 3.12993
threshold=-1.5822797417640684 0.43157418072223669 -1.6501097679138181 0.024675113148987297 -2.0424360036849971 0.49585556983947759 -1.3047866225242613
decision_type=2 2 10 8 2 2 10
left_child=4 2 -2 -3 5 -1 -6
right_child=1 3 -4 -5 6 -7 -8
leaf_value=-9.6435686652762923e-05 0.00027332020604224389 1.2755526815394171e-05 -8.6418295044679242e-06 7.5896137522046925e-05 0.00026201814949505277 -0.00022203312725049403 -6.2667108772744163e-05
leaf_weight=21265 9361 574087 1583535 236197 1566 31234 97086
leaf_count=21265 9361 574087 1583535 236197 1566 31234 97086
internal_value=-2.09873e-07 5.877e-06 -6.98464e-06 3.11611e-05 -9.69859e-05 -0.000171162 -5.75103e-05
internal_weight=2.55433e+06 2.40318e+06 1.5929e+06 810284 151151 52499 98652
internal_count=2554331 2403180 1592896 810284 151151 52499 98652
is_linear=0
shrinkage=0.00720685


Tree=121
num_leaves=8
num_cat=0
split_feature=0 18 23 18 9 15 7
split_gain=27.4576 18.5924 19.1754 4.58267 4.13033 2.50156 1.43619
threshold=-3.4293502569198604 -1.2151964306831358 inf -2.2610722780227657 0.66177207231521618 -0.68120822310447682 -1.0028275251388548
decision_type=2 10 8 8 10 2 10
left_child=4 3 -3 -2 5 -1 -6
right_child=1 2 -4 -5 6 -7 -8
leaf_value=-0.00020128655354829402 9.9293039371237579e-05 9.1536200905393835e-06 0.00060465831700688168 -6.1765386052014713e-05 -0.00055953706335233697 -6.9653883632008349e-05 -0.00024458114560658778
leaf_weight=12188 9539 2253255 2811 240375 788 19493 16405
leaf_count=12188 9539 2253255 2811 240375 788 19493 16405
internal_value=6.28789e-08 3.36239e-06 9.89587e-06 -5.56175e-05 -0.000169113 -0.0001203 -0.000259048
internal_weight=2.55485e+06 2.50598e+06 2.25607e+06 249914 48874 31681 17193
internal_count=2554854 2505980 2256066 249914 48874 31681 17193
is_linear=0
shrinkage=0.00720685


Tree=122
num_leaves=8
num_cat=0
split_feature=6 18 18 18 18 2 20
split_gain=28.815 18.4882 15.5652 6.24336 7.74079 6.81879 4.27927
threshold=-1.5095657706260679 -1.1077650189399717 0.23792123049497607 0.61670291423797619 1.9826221466064455 0.77393054962158214 -0.41364683210849756
decision_type=2 10 10 10 10 8 10
left_child=3 6 -3 5 -5 -1 -2
right_child=1 2 -4 4 -6 -7 -8
leaf_value=2.0077561553608719e-05 -7.3813183034138565e-05 2.9997181591849543e-05 -1.0017076119969807e-05 -0.00016910019736222104 -1.0923383346807804e-05 -0.00012369451555292214 -2.0486850701230159e-05
leaf_weight=39321 149911 1216061 863392 70644 20801 30363 163300
leaf_count=39321 149911 1216061 863392 70644 20801 30363 163300
internal_value=-6.73894e-07 5.60826e-06 1.33832e-05 -9.39595e-05 -0.00013312 -4.25679e-05 -4.60105e-05
internal_weight=2.55379e+06 2.39266e+06 2.07945e+06 161129 91445 69684 313211
internal_count=2553793 2392664 2079453 161129 91445 69684 313211
is_linear=0
shrinkage=0.00720685


Tree=123
num_leaves=8
num_cat=0
split_feature=1 11 5 9 0 23 17
split_gain=27.1652 15.3611 22.6785 12.1985 11.8256 8.40662 3.64329
threshold=1.0544560551643374 1.7475983500480654 inf -0.024833300150930878 -3.8377268314361568 -1.2738311886787412 -0.51187247037887562
decision_type=2 10 8 8 2 10 2
left_child=1 3 -3 -1 6 -6 -2
right_child=4 2 -4 -5 5 -7 -8
leaf_value=-1.0483943311967873e-05 -6.5044354048071818e-06 7.7197677416504238e-05 0.0015836899727691906 2.4971073581249141e-05 0.00018692812847189962 -4.9269103766235668e-05 -0.00020447962788268595
leaf_weight=1167122 5640 139676 520 887093 8027 311742 33545
leaf_count=1167122 5640 139676 520 887093 8027 311742 33545
internal_value=3.00999e-07 9.80828e-06 8.27962e-05 4.82696e-06 -5.78201e-05 -4.33393e-05 -0.000175986
internal_weight=2.55336e+06 2.19441e+06 140196 2.05422e+06 358954 319769 39185
internal_count=2553365 2194411 140196 2054215 358954 319769 39185
is_linear=0
shrinkage=0.00720685


Tree=124
num_leaves=8
num_cat=0
split_feature=1 0 19 9 0 2 17
split_gain=28.8389 14.604 11.8207 11.5089 7.48175 3.96579 1.36025
threshold=1.7409967184066775 0.5351739525794984 -1.6971170902252195 0.0052323979325592527 -5.2815752029418936 0.14357426762580874 0.49585556983947759
decision_type=2 2 8 8 2 10 2
left_child=1 2 -1 -3 6 -6 -2
right_child=4 3 -4 -5 5 -7 -8
leaf_value=0.00028783604206796828 -0.00018427341966912203 1.6140907814019702e-05 -5.5293188141026159e-06 8.5025500801349832e-05 -9.036665735870346e-06 -0.00010845400962908204 -0.00036139274119975737
leaf_weight=7161 3586 425876 1808722 178889 26405 98893 6073
leaf_count=7161 3586 425876 1808722 178889 26405 98893 6073
internal_value=1.26978e-07 5.84336e-06 -4.37226e-06 3.65171e-05 -0.000102404 -8.75035e-05 -0.000295663
internal_weight=2.5556e+06 2.42065e+06 1.81588e+06 604765 134957 125298 9659
internal_count=2555605 2420648 1815883 604765 134957 125298 9659
is_linear=0
shrinkage=0.00720685


Tree=125
num_leaves=8
num_cat=0
split_feature=6 18 0 0 18 17 18
split_gain=26.6541 17.9111 16.7025 8.38298 4.05711 3.77424 2.47132
threshold=-1.5095657706260679 -1.3216866850852964 0.57998219132423412 -2.0424360036849971 -2.2610722780227657 0.16426991671323779 0.61670291423797619
decision_type=2 10 2 2 8 2 8
left_child=3 4 -3 5 -2 -1 -5
right_child=1 2 -4 6 -6 -7 -8
leaf_value=-6.9307576995348573e-05 8.3456926270656674e-05 1.394481828680673e-06 5.0027180221554864e-05 -1.6056407700722436e-05 -6.9859499692526326e-05 -0.00020123537816959234 -8.5400264938131264e-05
leaf_weight=15929 9444 1742698 464567 50455 176270 38464 56683
leaf_count=15929 9444 1742698 464567 50455 176270 38464 56683
internal_value=-1.37142e-07 5.91115e-06 1.16303e-05 -8.97384e-05 -6.20625e-05 -0.000162603 -5.27445e-05
internal_weight=2.55451e+06 2.39298e+06 2.20726e+06 161531 185714 54393 107138
internal_count=2554510 2392979 2207265 161531 185714 54393 107138
is_linear=0
shrinkage=0.00720685


Tree=126
num_leaves=8
num_cat=0
split_feature=6 18 18 18 2 18 18
split_gain=27.1988 18.3049 11.5548 9.01772 10.0669 6.68045 3.20263
threshold=-1.1257735490798948 -1.1077650189399717 0.21359029412269595 0.61670291423797619 0.76427975296974193 1.924757778644562 -1.40926057100296
decision_type=2 10 10 10 10 10 10
left_child=3 6 -3 4 -1 -5 -2
right_child=1 2 -4 5 -6 -7 -8
leaf_value=2.9322486969810435e-05 -6.8824865703152261e-05 3.0423942190830191e-05 -4.5454739513470023e-06 -0.00014654515146117098 -0.00011175401392870095 -2.0812296882556031e-05 -2.2159780002238965e-05
leaf_weight=66152 143464 1171262 844705 92834 43575 28745 163378
leaf_count=66152 143464 1171262 844705 92834 43575 28745 163378
internal_value=4.57115e-07 7.87855e-06 1.57715e-05 -7.40696e-05 -2.67023e-05 -0.000116819 -4.39783e-05
internal_weight=2.55412e+06 2.32281e+06 2.01597e+06 231306 109727 121579 306842
internal_count=2554115 2322809 2015967 231306 109727 121579 306842
is_linear=0
shrinkage=0.00720685


Tree=127
num_leaves=8
num_cat=0
split_feature=1 11 5 5 19 23 0
split_gain=28.1852 14.5819 12.1311 11.1955 9.2258 7.744 4.21341
threshold=1.0544560551643374 1.5452843904495241 inf 1.3553666472435 -1.6971170902252195 -1.2738311886787412 -3.0707685947418208
decision_type=2 10 8 10 8 10 2
left_child=1 4 -3 5 -1 -2 -5
right_child=3 2 -4 6 -6 -7 -8
leaf_value=0.00026612380941512759 0.00019710427945443193 7.084052043651175e-05 0.0010957892123621723 -0.00022073696868006953 3.6404381770812536e-06 -4.3387480930077876e-05 -0.00010256528056839822
leaf_weight=6978 7137 166816 601 21182 2019762 270341 60250
leaf_count=6978 7137 166816 601 21182 2019762 270341 60250
internal_value=1.99393e-07 9.88405e-06 7.45262e-05 -5.90065e-05 4.5443e-06 -3.72011e-05 -0.000133306
internal_weight=2.55307e+06 2.19416e+06 167417 358910 2.02674e+06 277478 81432
internal_count=2553067 2194157 167417 358910 2026740 277478 81432
is_linear=0
shrinkage=0.00720685


Tree=128
num_leaves=8
num_cat=0
split_feature=1 18 23 17 18 3 15
split_gain=26.837 17.7264 17.6957 4.48602 4.29969 2.99859 2.97921
threshold=2.0028103590011601 -1.2844302654266355 inf 0.32488912343978887 -2.2610722780227657 -1.9876682162284849 -0.48081870377063746
decision_type=2 10 8 2 8 8 2
left_child=1 4 -3 6 -1 -5 -2
right_child=3 2 -4 5 -6 -7 -8
leaf_value=9.1784018360453837e-05 -0.00011945227881337365 9.1580476559984282e-06 0.00057940476925645828 -0.00026112495071522801 -6.6737618410941577e-05 -0.00013537361544594572 1.0650252092752831e-05
leaf_weight=9302 22165 2256533 2829 13639 198729 35463 15557
leaf_count=9302 22165 2256533 2829 13639 198729 35463 15557
internal_value=-3.71321e-07 4.01081e-06 9.87232e-06 -0.000124903 -5.96489e-05 -0.000170308 -6.57968e-05
internal_weight=2.55422e+06 2.46739e+06 2.25936e+06 86824 208031 49102 37722
internal_count=2554217 2467393 2259362 86824 208031 49102 37722
is_linear=0
shrinkage=0.00720685


Tree=129
num_leaves=8
num_cat=0
split_feature=1 18 0 0 5 18 15
split_gain=27.3787 16.6223 17.1726 8.91202 5.03453 3.77503 1.20013
threshold=1.5470215678215029 -1.3216866850852964 0.5351739525794984 -5.2815752029418936 2.0635837316513066 -2.0487672090530391 -0.45025128126144404
decision_type=2 10 2 2 10 8 2
left_child=1 5 -3 6 -5 -1 -2
right_child=3 2 -4 4 -6 -7 -8
leaf_value=3.6632614670560196e-05 -0.00035904368992441987 5.4859788670947182e-07 4.7310886967739292e-05 -5.5273724710632655e-05 -0.00015823728477755167 -7.0516907881020878e-05 -0.00019396115715302167
leaf_weight=19062 6090 1646898 542156 142185 29842 163992 3671
leaf_count=19062 6090 1646898 542156 142185 29842 163992 3671
internal_value=8.09904e-08 6.61331e-06 1.21301e-05 -8.51571e-05 -7.3136e-05 -5.93588e-05 -0.000296985
internal_weight=2.5539e+06 2.37211e+06 2.18905e+06 181788 172027 183054 9761
internal_count=2553896 2372108 2189054 181788 172027 183054 9761
is_linear=0
shrinkage=0.00720685


Tree=130
num_leaves=8
num_cat=0
split_feature=6 18 11 0 1 18 18
split_gain=25.3885 19.3239 17.1726 8.79127 4.47063 4.07138 2.76086
threshold=-1.2714982032775877 -1.3421567082405088 4.3719849586486825 -3.0707685947418208 -2.0163760185241695 -2.2610722780227657 0.63021558523178112
decision_type=2 10 10 2 2 8 10
left_child=3 5 -3 6 -5 -2 -1
right_child=1 2 -4 4 -6 -7 -8
leaf_value=-9.1564837750716989e-05 8.1024129422816148e-05 1.178087079897031e-05 0.00034831611048417063 0.00078400543825747279 -5.5744123852772182e-05 -7.4159910080348165e-05 -0.00021990877622072205
leaf_weight=13350 9274 2170717 7903 329 162609 164853 25036
leaf_count=13350 9274 2170717 7903 329 162609 164853 25036
internal_value=5.15938e-07 7.16268e-06 1.30018e-05 -7.71599e-05 -5.40438e-05 -6.58943e-05 -0.000175277
internal_weight=2.55407e+06 2.35275e+06 2.17862e+06 201324 162938 174127 38386
internal_count=2554071 2352747 2178620 201324 162938 174127 38386
is_linear=0
shrinkage=0.00720685


Tree=131
num_leaves=8
num_cat=0
split_feature=6 18 11 18 2 18 18
split_gain=26.5914 18.4902 15.3154 8.42622 8.3399 6.38343 4.51059
threshold=-1.2714982032775877 -1.3033480644226072 1.5452843904495241 0.61670291423797619 0.61131462454795849 1.9826221466064455 -2.2610722780227657
decision_type=2 10 10 10 10 10 8
left_child=3 6 -3 4 -1 -5 -2
right_child=1 2 -4 5 -6 -7 -8
leaf_value=3.885441227475402e-05 9.3755834785880612e-05 7.7658277983185476e-06 8.309003937520418e-05 -0.00015109717696212691 -9.8230579492480775e-05 -1.7563024180048833e-05 -6.8419955115368194e-05
leaf_weight=46884 9360 2008505 150721 85558 45340 23757 183859
leaf_count=46884 9360 2008505 150721 85558 45340 23757 183859
internal_value=1.73053e-07 6.97962e-06 1.30237e-05 -7.92755e-05 -2.85406e-05 -0.000122077 -6.05632e-05
internal_weight=2.55398e+06 2.35244e+06 2.15923e+06 201539 92224 109315 193219
internal_count=2553984 2352445 2159226 201539 92224 109315 193219
is_linear=0
shrinkage=0.00720685


Tree=132
num_leaves=8
num_cat=0
split_feature=1 5 0 0 16 23 9
split_gain=25.3514 12.6024 12.2434 12.2005 10.2883 7.75032 2.95991
threshold=1.0544560551643374 inf -3.8377268314361568 0.52446451783180248 -0.0064697295892983666 -1.2738311886787412 0.75259247422218334
decision_type=2 8 2 2 2 10 10
left_child=1 3 6 -1 -3 -4 -2
right_child=2 4 5 -5 -6 -7 -8
leaf_value=-2.5751472541569588e-06 -0.00013126624025122232 -0.00013363684739679726 0.00017927897592968196 3.509345109929269e-05 0.00076666126459414572 -4.7498878503738693e-05 -0.00026299302203925014
leaf_weight=1567533 25667 975 8028 624516 2033 311566 13534
leaf_count=1567533 25667 975 8028 624516 2033 311566 13534
internal_value=-3.83682e-07 8.79645e-06 -5.65464e-05 8.15666e-06 0.000474884 -4.18018e-05 -0.00017675
internal_weight=2.55385e+06 2.19506e+06 358795 2.19205e+06 3008 319594 39201
internal_count=2553852 2195057 358795 2192049 3008 319594 39201
is_linear=0
shrinkage=0.00720685


Tree=133
num_leaves=8
num_cat=0
split_feature=1 18 18 0 2 18 17
split_gain=23.9712 15.884 17.2129 5.69067 4.00171 3.02415 1.57306
threshold=1.9419685602188113 -1.1077650189399717 0.20190713554620746 -5.2815752029418936 0.28712005913257604 -1.4337381720542905 0.11566082760691644
decision_type=2 10 8 2 10 10 2
left_child=1 5 -3 6 -5 -1 -2
right_child=3 2 -4 4 -6 -7 -8
leaf_value=-6.8439238588784661e-05 -0.00012085705599484102 2.9646727028925781e-05 -1.1575265890941185e-05 -3.8464216021639521e-06 -0.00011961882165165185 -2.3507992075822846e-05 -0.00033128124222089813
leaf_weight=137788 2487 1203994 934461 20201 66741 178726 7171
leaf_count=137788 2487 1203994 934461 20201 66741 178726 7171
internal_value=1.99127e-07 4.58095e-06 1.16336e-05 -0.000111158 -9.27197e-05 -4.30681e-05 -0.000277115
internal_weight=2.55157e+06 2.45497e+06 2.13846e+06 96600 86942 316514 9658
internal_count=2551569 2454969 2138455 96600 86942 316514 9658
is_linear=0
shrinkage=0.00720685


Tree=134
num_leaves=8
num_cat=0
split_feature=1 18 11 6 2 20 20
split_gain=24.2872 16.9593 14.654 9.86503 6.93309 3.56491 3.29719
threshold=1.1895074248313906 -1.1077650189399717 3.9765586853027348 -0.83814403414726246 0.16266637295484546 -0.41364683210849756 2.8503640890121464
decision_type=2 10 10 2 10 10 10
left_child=1 5 -3 4 -2 -1 -5
right_child=3 2 -4 6 -6 -7 -8
leaf_value=-6.8021287366836888e-05 -3.0831230433723485e-06 1.4406973499059052e-05 0.00023209673023795029 -1.2274349769710053e-05 -0.00012853602385316237 -1.8102550736676502e-05 -0.00014717403664811873
leaf_weight=143578 28554 1940661 16194 146636 115151 154008 10055
leaf_count=143578 28554 1940661 16194 146636 115151 154008 10055
internal_value=3.8918e-07 8.50031e-06 1.62086e-05 -6.04838e-05 -0.000103609 -4.21874e-05 -2.0932e-05
internal_weight=2.55484e+06 2.25444e+06 1.95686e+06 300396 143705 297586 156691
internal_count=2554837 2254441 1956855 300396 143705 297586 156691
is_linear=0
shrinkage=0.00720685


Tree=135
num_leaves=8
num_cat=0
split_feature=6 18 5 18 2 5 20
split_gain=22.8556 18.255 13.9283 8.47394 9.57233 6.9312 4.4363
threshold=-1.1257735490798948 -1.1077650189399717 inf 0.61670291423797619 0.33419415354728704 inf 0.2309304550290108
decision_type=2 10 8 10 8 8 10
left_child=3 6 -3 4 -1 -5 -2
right_child=1 2 -4 5 -6 -7 -8
leaf_value=5.9107046257491864e-05 -6.006421101085734e-05 1.4211045085936449e-05 0.00059895483626146336 -0.00011338995241615502 -7.8008723345954317e-05 0.00067167388353642796 4.5490950371569729e-06
leaf_weight=44581 234505 2013089 2117 121053 64999 586 72177
leaf_count=44581 234505 2013089 2117 121053 64999 586 72177
internal_value=1.3791e-07 6.94246e-06 1.48256e-05 -6.81926e-05 -2.22249e-05 -0.000109602 -4.48575e-05
internal_weight=2.55311e+06 2.32189e+06 2.01521e+06 231219 109580 121639 306682
internal_count=2553107 2321888 2015206 231219 109580 121639 306682
is_linear=0
shrinkage=0.00720685


Tree=136
num_leaves=8
num_cat=0
split_feature=1 18 11 0 23 9 18
split_gain=23.8836 15.6311 14.6126 10.3955 8.2235 2.99255 2.90833
threshold=1.0961413383483889 -1.1077650189399717 3.9765586853027348 -3.8377268314361568 -1.3047866225242613 0.66177207231521618 -2.2610722780227657
decision_type=2 10 10 2 10 10 8
left_child=1 6 -3 5 -5 -2 -1
right_child=3 2 -4 4 -6 -7 -8
leaf_value=9.196576215499232e-05 -0.00011779071320132486 1.4336234425145702e-05 0.00023311957436259452 0.00020903267401562749 -4.7417646085835165e-05 -0.0002476727036429796 -4.4214125620943973e-05
leaf_weight=8384 24704 1904499 15988 6640 294349 14698 284998
leaf_count=8384 24704 1904499 15988 6640 294349 14698 284998
internal_value=3.17388e-08 8.67299e-06 1.61577e-05 -5.61699e-05 -4.17595e-05 -0.000166246 -4.03221e-05
internal_weight=2.55426e+06 2.21387e+06 1.92049e+06 340391 300989 39402 293382
internal_count=2554260 2213869 1920487 340391 300989 39402 293382
is_linear=0
shrinkage=0.00720685


Tree=137
num_leaves=8
num_cat=0
split_feature=6 18 0 0 23 17 18
split_gain=23.5718 16.7012 14.5952 8.90916 6.15209 4.77814 4.34281
threshold=-1.2714982032775877 -1.3421567082405088 0.52446451783180248 -2.0424360036849971 -1.6501097679138181 0.49585556983947759 -2.2610722780227657
decision_type=2 10 2 2 10 2 8
left_child=3 6 -3 5 -5 -1 -2
right_child=1 2 -4 4 -6 -7 -8
leaf_value=-7.243150935080616e-05 9.0092891856888313e-05 1.1908579198804304e-06 4.3940872415400768e-05 0.00052441354927765824 -4.7445332635198429e-05 -0.00020326026488427139 -6.9782716457634313e-05
leaf_weight=24928 9323 1621611 557355 983 140298 34664 164798
leaf_count=24928 9323 1621611 557355 983 140298 34664 164798
internal_value=3.01301e-07 6.69832e-06 1.21259e-05 -7.46349e-05 -4.34628e-05 -0.000148536 -6.12219e-05
internal_weight=2.55396e+06 2.35309e+06 2.17897e+06 200873 141281 59592 174121
internal_count=2553960 2353087 2178966 200873 141281 59592 174121
is_linear=0
shrinkage=0.00720685


Tree=138
num_leaves=8
num_cat=0
split_feature=5 13 15 16 15 20 20
split_gain=17.3129 17.4294 15.9255 11.3246 10.645 8.75981 1.93737
threshold=inf 0.86235016584396373 -0.13450074195861814 -0.0064697295892983666 0.09536882117390634 2.0600289106369023 3.30989682674408
decision_type=8 10 2 2 2 8 10
left_child=1 2 -1 6 -5 -3 -2
right_child=3 5 -4 4 -6 -7 -8
leaf_value=-1.2154146548603757e-05 2.7842597074495022e-05 -2.9030327890175913e-05 2.780150768232195e-05 0.0025796979900631666 0.00069803127022074335 -0.00012686140364881514 -0.00096174723961535424
leaf_weight=1012255 846 423822 1061370 170 1832 53542 116
leaf_count=1012255 846 423822 1061370 170 1832 53542 116
internal_value=-1.01832e-07 -7.41544e-07 8.29686e-06 0.000550288 0.000858967 -4.00035e-05 -9.22837e-05
internal_weight=2.55395e+06 2.55099e+06 2.07362e+06 2964 2002 477364 962
internal_count=2553953 2550989 2073625 2964 2002 477364 962
is_linear=0
shrinkage=0.00720685


Tree=139
num_leaves=8
num_cat=0
split_feature=1 11 5 9 6 23 17
split_gain=24.6402 14.7704 25.497 13.3597 10.3021 9.15368 2.58646
threshold=1.0544560551643374 1.5452843904495241 inf 0.024675113148987297 -2.9238005876541133 -1.3818532228469846 0.27261346578598028
decision_type=2 10 8 8 2 10 2
left_child=1 3 -3 -1 6 -6 -2
right_child=4 2 -4 -5 5 -7 -8
leaf_value=-1.0571175060601976e-05 -7.5699966110258235e-05 6.8302248208319767e-05 0.0015481179424937162 2.8079615139267394e-05 0.00025197105275032638 -4.6926340795740231e-05 -0.00019912211204642689
leaf_weight=1307550 12614 166335 606 720391 5413 311968 29329
leaf_count=1307550 12614 166335 606 720391 5413 311968 29329
internal_value=-5.33962e-07 8.52289e-06 7.36829e-05 3.15884e-06 -5.58565e-05 -4.18278e-05 -0.000162007
internal_weight=2.55421e+06 2.19488e+06 166941 2.02794e+06 359324 317381 41943
internal_count=2554206 2194882 166941 2027941 359324 317381 41943
is_linear=0
shrinkage=0.00720685


Tree=140
num_leaves=8
num_cat=0
split_feature=23 13 15 22 4 17 20
split_gain=15.489 17.5221 16.0389 8.01711 7.63867 9.28424 2.41757
threshold=-1.5177731513977049 0.86235016584396373 -0.13450074195861814 -0.70951643586158741 -0.96893751621246327 1.6846657395362856 -0.081468090415000902
decision_type=10 10 2 10 8 2 8
left_child=4 2 -2 -3 5 -1 -6
right_child=1 3 -4 -5 6 -7 -8
leaf_value=0.00035106259989033692 -1.3548309848400524e-05 -9.9699869707063415e-05 2.6721241755252817e-05 -2.6421679403842203e-05 4.6774603612424885e-05 0.0014920621882241109 0.0002104246156109759
leaf_weight=3857 1002677 97784 1053378 374681 10060 409 8782
leaf_count=3857 1002677 97784 1053378 374681 10060 409 8782
internal_value=-3.1392e-07 -2.01141e-06 7.08297e-06 -4.1588e-05 0.00018542 0.000460767 0.000123058
internal_weight=2.55163e+06 2.52852e+06 2.05606e+06 472465 23108 4266 18842
internal_count=2551628 2528520 2056055 472465 23108 4266 18842
is_linear=0
shrinkage=0.00720685


Tree=141
num_leaves=8
num_cat=0
split_feature=18 18 20 11 18 19 20
split_gain=16.0686 18.051 21.8605 12.7908 4.3679 8.27285 2.43025
threshold=-1.3636740446090696 0.27562372386455541 0.71938946843147289 1.2833479642868044 -2.2610722780227657 -1.6971170902252195 1.8219396471977236
decision_type=10 10 8 8 8 8 10
left_child=4 3 -3 -2 5 -1 -6
right_child=1 2 -4 -5 6 -7 -8
leaf_value=0.0014044429423581723 1.3788092912997938e-05 -6.8252768180909738e-07 -8.285890913972406e-05 8.7243651674046219e-05 -8.0617931384328011e-05 4.6876221273185914e-05 0.00011309321885111426
leaf_weight=238 1308650 719141 219439 135909 158188 9612 3436
leaf_count=238 1308650 719141 219439 135909 158188 9612 3436
internal_value=-1.37085e-07 4.71129e-06 -1.98954e-05 2.06991e-05 -6.75194e-05 7.98124e-05 -7.6499e-05
internal_weight=2.55461e+06 2.38314e+06 938580 1.44456e+06 171474 9850 161624
internal_count=2554613 2383139 938580 1444559 171474 9850 161624
is_linear=0
shrinkage=0.00720685


Tree=142
num_leaves=8
num_cat=0
split_feature=1 11 5 0 19 23 17
split_gain=23.4344 15.1062 31.1837 10.0303 8.64648 8.34213 4.58991
threshold=1.0961413383483889 1.7475983500480654 inf -3.8377268314361568 -1.6971170902252195 -1.2738311886787412 -0.66457977890968312
decision_type=2 10 8 2 8 10 2
left_child=1 4 -3 6 -1 -5 -2
right_child=3 2 -4 5 -6 -7 -8
leaf_value=0.00025624141966685226 5.1595770322880126e-05 7.4571622270306099e-05 0.0018394103070003807 0.00019276798790143868 3.1167989457403507e-06 -4.7323293590210398e-05 -0.00019155722650821268
leaf_weight=7032 4559 140288 521 7713 2066533 293628 34856
leaf_count=7032 4559 140288 521 7713 2066533 293628 34856
internal_value=3.18775e-07 8.88053e-06 8.11141e-05 -5.53189e-05 3.97534e-06 -4.11773e-05 -0.000163431
internal_weight=2.55513e+06 2.21437e+06 140809 340756 2.07356e+06 301341 39415
internal_count=2555130 2214374 140809 340756 2073565 301341 39415
is_linear=0
shrinkage=0.00720685


Tree=143
num_leaves=8
num_cat=0
split_feature=6 11 23 0 0 17 23
split_gain=23.0554 13.6561 38.29 10.7231 8.84037 4.64583 4.26079
threshold=-1.2714982032775877 4.3719849586486825 -1.6501097679138181 0.57397481799125682 -2.0424360036849971 0.64962330460548412 -1.3047866225242613
decision_type=2 10 10 2 2 2 10
left_child=4 3 -3 -2 5 -1 -6
right_child=1 2 -4 -5 6 -7 -8
leaf_value=-7.987499060412259e-05 -2.7831640303880652e-06 0.005229415874097876 0.00024851967507438056 3.4262851954019564e-05 0.00027285002090136749 -0.00020732373008561366 -4.7816129334786009e-05
leaf_weight=28010 1822140 80 8321 522089 2185 31637 139234
leaf_count=28010 1822140 80 8321 522089 2185 31637 139234
internal_value=1.76409e-07 6.50695e-06 0.000296537 5.46744e-06 -7.38955e-05 -0.000147477 -4.28597e-05
internal_weight=2.5537e+06 2.35263e+06 8401 2.34423e+06 201066 59647 141419
internal_count=2553696 2352630 8401 2344229 201066 59647 141419
is_linear=0
shrinkage=0.00720685


Tree=144
num_leaves=8
num_cat=0
split_feature=6 18 11 0 18 18 0
split_gain=23.8466 16.3499 15.1444 9.29119 3.92362 3.87343 3.71802
threshold=-1.1257735490798948 -1.3636740446090696 4.3719849586486825 -1.6753551959991453 0.60251000523567211 -2.2610722780227657 -5.2815752029418936
decision_type=2 10 10 2 10 8 2
left_child=3 5 -3 6 -5 -2 -1
right_child=1 2 -4 4 -6 -7 -8
leaf_value=-0.000283739880075508 8.0658632117228501e-05 1.0544423870154554e-05 0.00033004966252462491 -3.3729678307579659e-06 -7.558474573154478e-05 -7.1810328491000574e-05 -0.00011877996893388149
leaf_weight=7937 9170 2152350 7732 79967 76436 153574 67028
leaf_count=7937 9170 2152350 7732 79967 76436 153574 67028
internal_value=-5.09838e-07 6.44001e-06 1.16882e-05 -7.02829e-05 -3.86641e-05 -6.32187e-05 -0.000136249
internal_weight=2.55419e+06 2.32283e+06 2.16008e+06 231368 156403 162744 74965
internal_count=2554194 2322826 2160082 231368 156403 162744 74965
is_linear=0
shrinkage=0.00720685


Tree=145
num_leaves=8
num_cat=0
split_feature=18 18 20 2 18 19 9
split_gain=15.4056 17.8407 19.7283 14.2036 3.94668 7.73877 2.71857
threshold=-1.3421567082405088 0.27562372386455541 0.71938946843147289 0.75431594252586376 -2.2610722780227657 -1.4945066571235655 0.32259862124919897
decision_type=10 10 8 8 8 8 10
left_child=4 3 -3 -2 5 -1 -6
right_child=1 2 -4 -5 6 -7 -8
leaf_value=0.0010000073694203958 3.1053128086607099e-05 -1.6330225540783098e-06 -7.9676887544792558e-05 -2.8260887729433227e-05 -6.2044042793768696e-05 3.2176756666033255e-05 -0.00015241442097883065
leaf_weight=449 1179588 718333 219677 255020 152595 9269 19499
leaf_count=449 1179588 718333 219677 255020 152595 9269 19499
internal_value=-3.69963e-07 4.52935e-06 -1.99106e-05 2.05093e-05 -6.43051e-05 7.69888e-05 -7.22843e-05
internal_weight=2.55443e+06 2.37262e+06 938010 1.43461e+06 181812 9718 172094
internal_count=2554430 2372618 938010 1434608 181812 9718 172094
is_linear=0
shrinkage=0.00720685


Tree=146
num_leaves=8
num_cat=0
split_feature=6 11 23 19 2 22 19
split_gain=23.1632 14.0869 36.3784 9.98767 7.7467 5.23411 3.2513
threshold=-1.2217662334442136 4.3719849586486825 -1.6501097679138181 -1.6971170902252195 0.17203417420387271 -0.10272531956434248 -0.14497111737728116
decision_type=2 10 10 8 10 10 8
left_child=4 3 -3 -2 6 -6 -1
right_child=1 2 -4 -5 5 -7 -8
leaf_value=-5.2573117916998627e-05 0.00024362986270900144 0.0048588034778201082 0.00025082178888391075 4.3657700248109895e-06 -0.00013956535874265648 -5.6254025261539653e-05 5.9065029760957571e-05
leaf_weight=27845 9096 89 8376 2325589 78857 77826 26390
leaf_count=27845 9096 89 8376 2325589 78857 77826 26390
internal_value=-1.49403e-07 6.36216e-06 0.000299809 5.29806e-06 -7.24881e-05 -9.81845e-05 1.74807e-06
internal_weight=2.55407e+06 2.34315e+06 8465 2.33468e+06 210918 156683 54235
internal_count=2554068 2343150 8465 2334685 210918 156683 54235
is_linear=0
shrinkage=0.00720685


Tree=147
num_leaves=8
num_cat=0
split_feature=0 11 5 9 9 2 22
split_gain=20.376 15.0812 27.8347 11.2661 6.76511 3.76555 2.29841
threshold=-2.1936115026473995 1.8226784467697146 inf -0.024833300150930878 0.66177207231521618 -0.13165051490068433 0.51684647798538219
decision_type=2 8 8 8 10 10 8
left_child=4 3 -3 -2 5 -1 -6
right_child=1 2 -4 -5 6 -7 -8
leaf_value=6.624384257682989e-05 -1.4799426448484356e-05 7.0794399917543986e-05 0.0017933703451174349 1.7160540851556631e-05 -0.00023688137488975567 -8.5588734777283825e-05 -9.3995563915801449e-05
leaf_weight=9904 1284729 137977 488 1033870 20312 59129 8214
leaf_count=9904 1284729 137977 488 1033870 20312 59129 8214
internal_value=-2.40808e-07 3.8149e-06 7.68777e-05 -5.48372e-07 -0.000102385 -6.38047e-05 -0.000195743
internal_weight=2.55462e+06 2.45706e+06 138465 2.3186e+06 97559 69033 28526
internal_count=2554623 2457064 138465 2318599 97559 69033 28526
is_linear=0
shrinkage=0.00720685


Tree=148
num_leaves=8
num_cat=0
split_feature=6 18 11 18 18 23 18
split_gain=21.9316 16.0695 14.5007 9.24946 6.81439 6.78494 3.37395
threshold=-1.1732220649719236 -1.3636740446090696 4.3719849586486825 0.60251000523567211 1.9826221466064455 -1.0673065185546873 -2.2610722780227657
decision_type=2 10 10 10 10 8 8
left_child=3 6 -3 5 -5 -1 -2
right_child=1 2 -4 4 -6 -7 -8
leaf_value=0.00029490210024213365 7.1327302940326311e-05 1.1021263583590413e-05 0.00032182337143476673 -0.00014025761546252168 -6.7923263576993434e-06 -2.9126315229135105e-05 -7.0033021445437343e-05
leaf_weight=3473 9298 2162258 7824 92827 25281 99171 154027
leaf_count=3473 9298 2162258 7824 92827 25281 99171 154027
internal_value=4.57954e-07 6.95349e-06 1.2142e-05 -6.82012e-05 -0.00011169 -1.81598e-05 -6.19849e-05
internal_weight=2.55416e+06 2.33341e+06 2.17008e+06 220752 118108 102644 163325
internal_count=2554159 2333407 2170082 220752 118108 102644 163325
is_linear=0
shrinkage=0.00720685


Tree=149
num_leaves=8
num_cat=0
split_feature=6 18 0 0 18 9 18
split_gain=20.3902 16.4739 12.52 9.3891 4.32639 3.17957 2.88213
threshold=-1.2217662334442136 -1.1077650189399717 0.5975293517112733 -3.0707685947418208 0.61670291423797619 0.66177207231521618 -1.40926057100296
decision_type=2 10 2 2 10 10 10
left_child=3 6 -3 5 -5 -1 -2
right_child=1 2 -4 4 -6 -7 -8
leaf_value=-0.00012057373396160212 -6.6214761830264333e-05 4.8787559542318463e-06 4.9733020597471584e-05 -7.7663231468356094e-06 -8.0087386903042706e-05 -0.00025675409949357895 -2.2088244202753572e-05
leaf_weight=25276 144437 1631672 403051 84025 87913 13752 164370
leaf_count=25276 144437 1631672 403051 84025 87913 13752 164370
internal_value=2.10834e-07 6.31991e-06 1.37638e-05 -6.76519e-05 -4.47449e-05 -0.000168564 -4.27276e-05
internal_weight=2.5545e+06 2.34353e+06 2.03472e+06 210966 171938 39028 308807
internal_count=2554496 2343530 2034723 210966 171938 39028 308807
is_linear=0
shrinkage=0.00720685


Tree=150
num_leaves=8
num_cat=0
split_feature=0 23 0 9 18 20 18
split_gain=19.729 18.53 15.424 13.2205 11.2062 8.17504 6.80318
threshold=0.28466635942459112 -1.5177731513977049 -3.4293502569198604 0.083918426185846343 2.7439033985137944 -0.38239035010337824 -1.40926057100296
decision_type=2 10 2 8 10 10 10
left_child=1 4 -3 6 -1 -5 -2
right_child=3 2 -4 5 -6 -7 -8
leaf_value=0.00015487850393737463 -6.1966499516093144e-05 -0.00014736536089271312 -1.6203563771429752e-05 2.9695675911619798e-05 0.00071916649053229505 0.00010687246305819066 1.3926925150812496e-05
leaf_weight=12243 66403 48255 1330031 158224 2148 129742 805577
leaf_count=12243 66403 48255 1330031 158224 2148 129742 805577
internal_value=1.75598e-07 -1.81095e-05 -2.07958e-05 2.21294e-05 0.000239148 6.44677e-05 8.1474e-06
internal_weight=2.55262e+06 1.39268e+06 1.37829e+06 1.15995e+06 14391 287966 871980
internal_count=2552623 1392677 1378286 1159946 14391 287966 871980
is_linear=0
shrinkage=0.00720685


Tree=151
num_leaves=8
num_cat=0
split_feature=1 9 0 15 0 23 17
split_gain=21.7676 12.4211 11.676 9.70564 8.95239 7.81052 1.54538
threshold=1.2146099805831911 0.024675113148987297 0.70845103263854992 -0.19437494874000547 -5.2815752029418936 -1.2738311886787412 -0.66457977890968312
decision_type=2 8 2 2 2 10 2
left_child=1 3 -3 -1 6 -6 -2
right_child=4 2 -4 -5 5 -7 -8
leaf_value=-2.665736102491767e-05 2.7699593083435875e-05 2.1020702612482151e-05 0.00011173265029636024 1.1092180589320136e-05 0.00017914711417308464 -5.7502271538335456e-05 -0.0003027071804850576
leaf_weight=617716 802 736031 81898 827798 7440 273245 8793
leaf_count=617716 802 736031 81898 827798 7440 273245 8793
internal_value=1.24964e-07 7.66006e-06 3.01037e-05 -5.03944e-06 -5.86293e-05 -5.12288e-05 -0.000275087
internal_weight=2.55372e+06 2.26344e+06 817929 1.44551e+06 290280 280685 9595
internal_count=2553723 2263443 817929 1445514 290280 280685 9595
is_linear=0
shrinkage=0.00720685


Tree=152
num_leaves=8
num_cat=0
split_feature=13 23 11 19 5 11 11
split_gain=15.239 13.6336 12.4189 8.26213 8.23923 5.87793 4.3281
threshold=0.86235016584396373 -1.4371969699859617 1.2833479642868044 -1.6971170902252195 1.2718504667282107 4.3719849586486825 2.4816040992736821
decision_type=10 10 10 8 10 10 10
left_child=2 6 3 -1 -3 -4 -2
right_child=1 4 5 -5 -6 -7 -8
leaf_value=0.00024104366740003856 0.00023403725257243859 -3.0173880146398486e-05 5.3678718546672476e-05 1.6639116323351342e-06 -0.00012173851350710574 0.00024624755178746885 0.0011570101638931941
leaf_weight=7518 7255 414086 195965 1863660 58217 8593 273
leaf_count=7518 7255 414086 195965 1863660 58217 8593 273
internal_value=-7.01603e-09 -3.66104e-05 8.45429e-06 2.62582e-06 -4.14606e-05 6.17693e-05 0.000267653
internal_weight=2.55557e+06 479831 2.07574e+06 1.87118e+06 472303 204558 7528
internal_count=2555567 479831 2075736 1871178 472303 204558 7528
is_linear=0
shrinkage=0.00720685


Tree=153
num_leaves=8
num_cat=0
split_feature=5 23 15 2 2 20 15
split_gain=15.0151 12.7258 10.6851 10.6043 5.68009 4.07714 2.97058
threshold=2.0635837316513066 -1.5177731513977049 -0.13450074195861814 1.3902404308319094 0.042825920507311828 0.40579803287982946 -0.20208835601806638
decision_type=10 10 2 10 10 8 2
left_child=1 3 -3 -1 6 -6 -2
right_child=4 2 -4 -5 5 -7 -8
leaf_value=0.00012058283095626302 -5.8358230224521426e-05 -1.3008763508552283e-05 1.7263158495465447e-05 0.00062419607352876157 -5.6136929694316777e-05 -0.00016956229020278384 7.2371136678258327e-05
leaf_weight=19692 27391 1179558 1244608 2440 28006 39931 13465
leaf_count=19692 27391 1179558 1244608 2440 28006 39931 13465
internal_value=4.19686e-07 4.10398e-06 2.53335e-06 0.00017613 -8.24237e-05 -0.000122806 -1.52722e-05
internal_weight=2.55509e+06 2.4463e+06 2.42417e+06 22132 108793 67937 40856
internal_count=2555091 2446298 2424166 22132 108793 67937 40856
is_linear=0
shrinkage=0.00720685


Tree=154
num_leaves=8
num_cat=0
split_feature=1 9 15 5 5 22 1
split_gain=21.722 12.862 9.30079 9.21931 6.98757 6.04073 2.33093
threshold=1.2146099805831911 0.024675113148987297 -0.19437494874000547 1.3553666472435 inf 0.24151442199945453 2.6808121204376225
decision_type=2 8 2 10 8 10 2
left_child=1 2 -1 5 -3 -2 -5
right_child=3 4 -4 6 -6 -7 -8
leaf_value=-2.6450158213547555e-05 -6.0542759055834244e-05 2.9493524083041538e-05 1.0494649440108723e-05 -0.00011561785908898216 0.00048774423685398567 2.1423990582267666e-05 -0.00024832215817514831
leaf_weight=617977 153028 816400 828275 63024 1731 67207 7717
leaf_count=617977 153028 816400 828275 63024 1731 67207 7717
internal_value=9.46381e-08 7.62687e-06 -5.29169e-06 -5.85211e-05 3.04637e-05 -3.55297e-05 -0.000130098
internal_weight=2.55536e+06 2.26438e+06 1.44625e+06 290976 818131 220235 70741
internal_count=2555359 2264383 1446252 290976 818131 220235 70741
is_linear=0
shrinkage=0.00720685


Tree=155
num_leaves=8
num_cat=0
split_feature=6 19 9 12 2 20 24
split_gain=20.9773 10.6073 10.7046 6.53909 6.32312 4.69054 3.24947
threshold=-1.2714982032775877 -1.6971170902252195 -0.013826703652739523 1.3277363777160647 0.28712005913257604 0.47300253808498388 -0.2936901301145553
decision_type=2 8 8 8 10 8 8
left_child=4 3 -3 -2 6 -6 -1
right_child=1 2 -4 -5 5 -7 -8
leaf_value=5.1499184246311387e-05 0.00015424223483928573 -7.8742373343787847e-06 2.3284394874843082e-05 0.00063451871884658137 -5.1914560541554164e-05 -0.0001343956830861114 -5.6751292347130403e-05
leaf_weight=26777 7191 1352698 993104 1851 67169 76710 31164
leaf_count=26777 7191 1352698 993104 1851 67169 76710 31164
internal_value=2.2311e-07 6.26657e-06 5.31688e-06 0.000252619 -7.02918e-05 -9.58907e-05 -6.72368e-06
internal_weight=2.55666e+06 2.35484e+06 2.3458e+06 9042 201820 143879 57941
internal_count=2556664 2354844 2345802 9042 201820 143879 57941
is_linear=0
shrinkage=0.00720685


Tree=156
num_leaves=8
num_cat=0
split_feature=0 11 23 9 9 23 20
split_gain=19.872 13.6612 16.4559 11.1924 6.4646 5.88334 2.24976
threshold=-2.1936115026473995 1.5452843904495241 inf -0.024833300150930878 0.66177207231521618 -1.2738311886787412 -1.2782482504844663
decision_type=2 8 8 8 10 8 8
left_child=4 3 -3 -2 5 -1 -6
right_child=1 2 -4 -5 6 -7 -8
leaf_value=0.0003239737023706777 -1.4907084621870586e-05 6.0982352990517282e-05 0.001225118316201431 1.7225417486595433e-05 0.00053445493100242735 -7.4327129677163723e-05 -0.00019732279569381259
leaf_weight=1982 1263373 176329 632 1015642 219 67264 28392
leaf_count=1982 1263373 176329 632 1015642 219 67264 28392
internal_value=1.36231e-07 4.14911e-06 6.51466e-05 -5.87237e-07 -0.000100576 -6.29221e-05 -0.000191703
internal_weight=2.55383e+06 2.45598e+06 176961 2.27902e+06 97857 69246 28611
internal_count=2553833 2455976 176961 2279015 97857 69246 28611
is_linear=0
shrinkage=0.00720685


Tree=157
num_leaves=8
num_cat=0
split_feature=6 18 18 18 10 18 20
split_gain=19.2689 15.8833 11.5747 7.03963 5.93126 5.86991 4.05105
threshold=-1.1257735490798948 -1.1077650189399717 0.1768426597118378 0.61670291423797619 0.10485831648111345 1.9826221466064455 -0.43675448000431055
decision_type=2 10 8 10 8 10 10
left_child=3 6 -3 4 -1 -5 -2
right_child=1 2 -4 5 -6 -7 -8
leaf_value=9.6403883752903355e-05 -6.9996275158151742e-05 2.8620792084686547e-05 -6.2312438814979876e-06 -0.00012649893106613758 -4.4856177091907218e-05 -4.1163990493296774e-06 -1.7508068167323063e-05
leaf_weight=18584 144063 1141282 873916 95914 91180 25840 162543
leaf_count=18584 144063 1141282 873916 95914 91180 25840 162543
internal_value=-9.74778e-08 6.15426e-06 1.35068e-05 -6.27936e-05 -2.09388e-05 -0.000100526 -4.21706e-05
internal_weight=2.55332e+06 2.3218e+06 2.0152e+06 231518 109764 121754 306606
internal_count=2553322 2321804 2015198 231518 109764 121754 306606
is_linear=0
shrinkage=0.00720685


Tree=158
num_leaves=8
num_cat=0
split_feature=1 18 11 0 23 20 15
split_gain=20.5489 13.9686 13.9175 8.46613 7.96951 3.87054 1.48812
threshold=1.2146099805831911 -1.1527163982391355 3.9765586853027348 -5.2815752029418936 -1.2738311886787412 -0.15033441781997678 -0.56078532338142384
decision_type=2 10 10 2 10 8 2
left_child=1 5 -3 6 -5 -1 -2
right_child=3 2 -4 4 -6 -7 -8
leaf_value=-6.3739943924949916e-05 -0.00035190078997548676 1.1609508245277621e-05 0.00022296732881269495 0.00018116673984141949 -5.680533822995981e-05 -7.7849943865863244e-06 -0.00017170375318681442
leaf_weight=164571 5134 1977617 16314 7509 273445 105286 4445
leaf_count=164571 5134 1977617 16314 7509 273445 105286 4445
internal_value=-5.6987e-07 6.75301e-06 1.33389e-05 -5.76285e-05 -5.04444e-05 -4.19091e-05 -0.000268311
internal_weight=2.55432e+06 2.26379e+06 1.99393e+06 290533 280954 269857 9579
internal_count=2554321 2263788 1993931 290533 280954 269857 9579
is_linear=0
shrinkage=0.00720685


Tree=159
num_leaves=8
num_cat=0
split_feature=6 18 18 2 18 18 18
split_gain=18.6516 15.4157 12.6547 5.22117 5.19221 4.95909 3.11535
threshold=-1.5095657706260679 -1.1077650189399717 0.21359029412269595 0.17203417420387271 0.51713582873344432 2.0436338186264043 -2.2610722780227657
decision_type=2 10 8 8 10 10 8
left_child=3 6 -3 4 -1 -5 -2
right_child=1 2 -4 5 -6 -7 -8
leaf_value=7.7219439546321805e-05 8.6143525734893762e-05 2.6897565226714059e-05 -9.0594301895605666e-06 -0.00011603258132325558 -9.3004495862575629e-05 1.6762840866763957e-05 -4.659961903077543e-05
leaf_weight=20281 9468 1198078 883065 107244 17198 16908 303793
leaf_count=20281 9468 1198078 883065 107244 17198 16908 303793
internal_value=-5.12325e-07 4.54573e-06 1.16404e-05 -7.54421e-05 -8.90958e-07 -9.79473e-05 -4.25873e-05
internal_weight=2.55604e+06 2.3944e+06 2.08114e+06 161631 37479 124152 313261
internal_count=2556035 2394404 2081143 161631 37479 124152 313261
is_linear=0
shrinkage=0.00720685


Tree=160
num_leaves=8
num_cat=0
split_feature=6 23 13 6 5 23 22
split_gain=20.0522 9.96418 10.2181 6.5466 6.07811 4.80208 1.58429
threshold=-1.1257735490798948 -1.5177731513977049 0.86235016584396373 -0.023398035205900666 2.0635837316513066 -1.2738311886787412 -2.2019176483154292
decision_type=2 10 8 2 10 10 8
left_child=4 3 -3 -2 5 -1 -6
right_child=1 2 -4 -5 6 -7 -8
leaf_value=0.00021235749511200008 0.00039419425945879223 1.07472836759132e-05 -2.9168005387140433e-05 9.1811279699852843e-05 0.00050871583264408256 -5.332827060008882e-05 -0.00014937829035518684
leaf_weight=3600 4837 1899546 403938 16080 190 188157 39595
leaf_count=3600 4837 1899546 403938 16080 190 188157 39595
internal_value=-1.20137e-06 5.16968e-06 3.74773e-06 0.000161752 -6.51588e-05 -4.83392e-05 -0.000146223
internal_weight=2.55594e+06 2.3244e+06 2.30348e+06 20917 231542 191757 39785
internal_count=2555943 2324401 2303484 20917 231542 191757 39785
is_linear=0
shrinkage=0.00720685


Tree=161
num_leaves=8
num_cat=0
split_feature=1 9 0 11 0 9 17
split_gain=18.6827 13.0138 12.3941 9.56105 7.64386 5.05243 1.57142
threshold=1.3496716618537905 0.021952567622065548 0.70845103263854992 1.2833479642868044 -5.2815752029418936 0.75259247422218334 0.43965758383274084
decision_type=2 8 2 10 2 10 2
left_child=1 3 -3 -1 6 -6 -2
right_child=4 2 -4 -5 5 -7 -8
leaf_value=-1.1969125774522164e-05 -0.00013507852095529326 2.0240164659208895e-05 0.00011310441838613338 5.2457699127814285e-05 -3.5717169022809018e-05 -0.0001233125346752136 -0.00032644820269075298
leaf_weight=1331896 3474 766627 82698 131442 189931 41711 6229
leaf_count=1331896 3474 766627 82698 131442 189931 41711 6229
internal_value=5.4549e-07 6.84227e-06 2.92824e-05 -6.18204e-06 -5.97924e-05 -5.14907e-05 -0.000257954
internal_weight=2.55401e+06 2.31266e+06 849325 1.46334e+06 241345 231642 9703
internal_count=2554008 2312663 849325 1463338 241345 231642 9703
is_linear=0
shrinkage=0.00720685


Tree=162
num_leaves=8
num_cat=0
split_feature=1 18 5 2 0 18 20
split_gain=20.7621 14.594 16.3487 8.53784 7.10342 7.0032 3.83924
threshold=1.0961413383483889 -1.1077650189399717 inf 0.14357426762580874 -3.8377268314361568 0.46125119924545294 0.47300253808498388
decision_type=2 10 8 10 2 8 10
left_child=1 6 -3 5 -5 -2 -1
right_child=3 2 -4 4 -6 -7 -8
leaf_value=-5.0913971256236419e-05 5.5583961974809116e-05 1.4171336065003735e-05 0.0005781920393611677 -0.00017250409094190218 -5.9459507340994168e-05 -7.4600551064085555e-05 2.053716127388393e-05
leaf_weight=247006 57259 1918225 2672 33331 215751 34328 46394
leaf_count=247006 57259 1918225 2672 33331 215751 34328 46394
internal_value=-3.32914e-07 7.72527e-06 1.49562e-05 -5.27098e-05 -7.45873e-05 6.78856e-06 -3.96156e-05
internal_weight=2.55497e+06 2.2143e+06 1.9209e+06 340669 249082 91587 293400
internal_count=2554966 2214297 1920897 340669 249082 91587 293400
is_linear=0
shrinkage=0.00720685


Tree=163
num_leaves=8
num_cat=0
split_feature=1 11 23 9 17 23 22
split_gain=19.4878 13.5615 38.4386 11.1479 4.87441 3.477 2.63262
threshold=1.788998067378998 3.9765586853027348 inf -0.013826703652739523 0.48399919271469122 -1.4371969699859617 0.29677574336528784
decision_type=2 10 8 8 2 8 8
left_child=1 3 -3 -1 5 -2 -6
right_child=4 2 -4 -5 6 -7 -8
leaf_value=-1.0257029180496485e-05 0.00040679430890764044 0.00017056000498911954 0.0041343307621322552 2.1074624962669156e-05 -0.00016747814344090703 -5.012829611529032e-05 -6.6784360871601254e-05
leaf_weight=1379665 876 18647 127 1030256 40488 63434 20225
leaf_count=1379665 876 18647 127 1030256 40488 63434 20225
internal_value=1.23583e-07 4.64059e-06 0.000197582 3.13744e-06 -8.76229e-05 -4.3898e-05 -0.000133937
internal_weight=2.55372e+06 2.4287e+06 18774 2.40992e+06 125023 64310 60713
internal_count=2553718 2428695 18774 2409921 125023 64310 60713
is_linear=0
shrinkage=0.00720685


Tree=164
num_leaves=8
num_cat=0
split_feature=1 9 9 23 15 0 0
split_gain=19.7684 12.8062 9.09618 9.13075 8.66974 7.99615 3.53221
threshold=1.0748255848884585 0.11295695602893831 0.86974418163299572 -1.2469822764396665 -0.19437494874000547 0.74148660898208629 -3.4293502569198604
decision_type=2 8 10 10 2 2 2
left_child=1 4 3 -2 -1 -3 -4
right_child=2 5 6 -5 -6 -7 -8
leaf_value=-2.1493388555378891e-05 0.00019548978142857855 2.9102681945463979e-05 -0.00023381382105578511 -4.2101400361320453e-05 1.1916734493242186e-05 0.00012350783687829872 -0.00010139077776073702
leaf_weight=698908 8651 499744 14594 289765 954106 51391 36961
leaf_count=698908 8651 499744 14594 289765 954106 51391 36961
internal_value=-1.68009e-07 7.82123e-06 -5.04849e-05 -3.5213e-05 -2.20933e-06 3.79058e-05 -0.000138881
internal_weight=2.55412e+06 2.20415e+06 349971 298416 1.65301e+06 551135 51555
internal_count=2554120 2204149 349971 298416 1653014 551135 51555
is_linear=0
shrinkage=0.00720685


Tree=165
num_leaves=8
num_cat=0
split_feature=6 18 11 18 18 18 20
split_gain=18.3823 14.7298 12.9895 8.09022 6.39 5.05699 3.72506
threshold=-1.1257735490798948 -1.2844302654266355 3.9765586853027348 0.61670291423797619 1.9826221466064455 -1.1379230618476865 -0.1917748153209686
decision_type=2 10 10 10 10 10 10
left_child=3 6 -3 5 -5 -1 -2
right_child=1 2 -4 4 -6 -7 -8
leaf_value=-0.00013574958746933393 -7.7517117795575035e-05 1.0192634920655673e-05 0.0002173784921013109 -0.0001286711833221991 -1.3432062724913058e-06 3.8803784757747168e-06 -1.3848731108313642e-05
leaf_weight=15733 123003 2106024 15834 96044 26017 93698 77993
leaf_count=15733 123003 2106024 15834 96044 26017 93698 77993
internal_value=4.99388e-08 6.15323e-06 1.17388e-05 -6.11918e-05 -0.000101532 -1.61951e-05 -5.2812e-05
internal_weight=2.55435e+06 2.32285e+06 2.12186e+06 231492 122061 109431 200996
internal_count=2554346 2322854 2121858 231492 122061 109431 200996
is_linear=0
shrinkage=0.00720685


Tree=166
num_leaves=8
num_cat=0
split_feature=1 9 0 23 23 0 17
split_gain=21.0962 11.6339 10.8516 7.94538 7.69015 6.51335 3.86142
threshold=0.77768048644065868 0.17647339403629306 -3.8377268314361568 inf -1.3818532228469846 0.66296550631523143 -0.36104820668697352
decision_type=2 8 2 8 8 2 2
left_child=1 3 6 -1 -4 -3 -2
right_child=2 5 4 -5 -6 -7 -8
leaf_value=6.9419546082459674e-07 -2.8914589876879048e-06 3.2737401418545961e-05 0.0002013118591074951 0.00045773437768309563 -3.6394547152711638e-05 0.00011569540312473194 -0.00019046064738645728
leaf_weight=1659247 6919 327765 7178 1977 460549 57829 32377
leaf_count=1659247 6919 327765 7178 1977 460549 57829 32377
internal_value=-7.92875e-07 9.51631e-06 -4.24103e-05 1.23839e-06 -3.27461e-05 4.51792e-05 -0.000157436
internal_weight=2.55384e+06 2.04682e+06 507023 1.66122e+06 467727 385594 39296
internal_count=2553841 2046818 507023 1661224 467727 385594 39296
is_linear=0
shrinkage=0.00720685


Tree=167
num_leaves=8
num_cat=0
split_feature=6 18 0 0 23 18 0
split_gain=18.8298 14.4854 13.0622 7.58299 6.5912 3.92703 1.5613
threshold=-1.1732220649719236 -1.2844302654266355 0.5975293517112733 -3.4293502569198604 -1.3818532228469846 -2.2610722780227657 -5.2815752029418936
decision_type=2 10 2 2 10 8 2
left_child=3 5 -3 6 -5 -2 -1
right_child=1 2 -4 4 -6 -7 -8
leaf_value=-0.00025206822866251328 9.2963837980246158e-05 2.6610748388141912e-06 4.7123601627878426e-05 0.00033041999129265244 -5.0406464430471326e-05 -5.9141047026962377e-05 -0.00013593400947855159
leaf_weight=7831 9237 1701092 429905 2390 185265 192985 25927
leaf_count=7831 9237 1701092 429905 2390 185265 192985 25927
internal_value=7.18581e-08 6.09925e-06 1.16309e-05 -6.34435e-05 -4.55544e-05 -5.21927e-05 -0.000162881
internal_weight=2.55463e+06 2.33322e+06 2.131e+06 221413 187655 202222 33758
internal_count=2554632 2333219 2130997 221413 187655 202222 33758
is_linear=0
shrinkage=0.00720685


Tree=168
num_leaves=8
num_cat=0
split_feature=1 18 11 22 18 23 15
split_gain=17.5601 14.0074 15.4589 4.46676 3.51208 3.20705 2.02792
threshold=1.9419685602188113 -1.3216866850852964 3.9765586853027348 0.30517354607582098 -2.0487672090530391 -1.2738311886787412 -0.45814004540443415
decision_type=2 10 8 10 8 10 2
left_child=1 4 -3 5 -1 -2 -5
right_child=3 2 -4 6 -6 -7 -8
leaf_value=3.551004972267997e-05 0.00014501836612320295 7.1712114471766764e-06 0.00022044256530623967 -6.0299923201114731e-05 -6.6564225650974111e-05 -0.00013277605678084888 7.4976187377249765e-05
leaf_weight=19541 2227 2251082 17791 16311 168162 69348 8893
leaf_count=19541 2227 2251082 17791 16311 168162 69348 8893
internal_value=1.42502e-07 3.8938e-06 8.84365e-06 -9.50769e-05 -5.59374e-05 -0.000124131 -1.25669e-05
internal_weight=2.55336e+06 2.45658e+06 2.26887e+06 96779 187703 71575 25204
internal_count=2553355 2456576 2268873 96779 187703 71575 25204
is_linear=0
shrinkage=0.00720685


Tree=169
num_leaves=8
num_cat=0
split_feature=0 18 18 9 18 10 22
split_gain=17.9402 14.6304 15.635 4.32986 2.71943 2.29738 2.02552
threshold=-3.4293502569198604 -1.1226406097412107 0.2633169293403626 0.34332108497619634 -2.2610722780227657 -2.7457678318023677 0.32343839108943945
decision_type=2 10 10 10 8 10 8
left_child=3 4 -3 5 -2 -1 -5
right_child=1 2 -4 6 -6 -7 -8
leaf_value=0.00059611636699628975 7.4960748710632758e-05 2.4125456751294674e-05 -1.4888100981376034e-05 -0.00025561039680096977 -4.8809875416901505e-05 -7.9805077646613069e-05 -0.0001130810313709026
leaf_weight=263 9511 1281571 914053 15763 300416 24918 7717
leaf_count=263 9511 1281571 914053 15763 300416 24918 7717
internal_value=-1.32089e-06 1.34089e-06 7.88384e-06 -0.000138374 -4.50113e-05 -7.27224e-05 -0.000208774
internal_weight=2.55421e+06 2.50555e+06 2.19562e+06 48661 309927 25181 23480
internal_count=2554212 2505551 2195624 48661 309927 25181 23480
is_linear=0
shrinkage=0.00720685


Tree=170
num_leaves=8
num_cat=0
split_feature=0 23 11 0 9 11 0
split_gain=17.1775 16.9753 35.0391 13.3906 11.3085 9.34524 6.45122
threshold=0.32680399715900427 -1.3818532228469846 3.9765586853027348 -3.4293502569198604 0.024675113148987297 0.40078970789909368 0.8467603623867036
decision_type=2 10 8 2 8 10 2
left_child=1 2 -1 -3 5 -2 -6
right_child=4 3 -4 -5 6 -7 -8
leaf_value=0.00014472389658335894 -1.0793123299175208e-05 -0.00013811452565037015 0.003476899687910645 -1.5330595904126347e-05 4.4744809441835747e-05 4.5177481814455295e-05 0.0001398274469127922
leaf_weight=26053 511293 47680 164 1420832 283273 222304 42641
leaf_count=26053 511293 47680 164 1420832 283273 222304 42641
internal_value=-3.37155e-07 -1.60721e-05 0.000165694 -1.93173e-05 2.18613e-05 6.16781e-06 5.71854e-05
internal_weight=2.55424e+06 1.49473e+06 26217 1.46851e+06 1.05951e+06 733597 325914
internal_count=2554240 1494729 26217 1468512 1059511 733597 325914
is_linear=0
shrinkage=0.00720685


Tree=171
num_leaves=8
num_cat=0
split_feature=1 11 23 23 6 19 19
split_gain=17.8536 12.8313 32.569 10.9213 9.82869 6.18345 2.22594
threshold=0.77768048644065868 1.7475983500480654 inf -1.4371969699859617 -0.48301318287849421 -1.6971170902252195 -1.5677874684333799
decision_type=2 10 8 10 2 8 10
left_child=1 5 -3 6 -5 -1 -2
right_child=3 2 -4 4 -6 -7 -8
leaf_value=0.00023175426940293857 0.00077269592687343532 7.0503288008247133e-05 0.0018881514776081117 -7.4694272500955462e-05 -1.0807789514539961e-05 4.280188978504086e-06 0.00022025279752865278
leaf_weight=6226 403 135978 513 242463 258340 1905661 6152
leaf_count=6226 403 135978 513 242463 258340 1905661 6152
internal_value=3.6065e-07 9.84054e-06 7.73481e-05 -3.79128e-05 -4.17385e-05 5.02108e-06 0.000254327
internal_weight=2.55574e+06 2.04838e+06 136491 507358 500803 1.91189e+06 6555
internal_count=2555736 2048378 136491 507358 500803 1911887 6555
is_linear=0
shrinkage=0.00720685


Tree=172
num_leaves=8
num_cat=0
split_feature=1 18 5 9 23 13 18
split_gain=16.3842 13.0424 13.4287 7.26892 8.20261 2.77245 2.20554
threshold=1.2146099805831911 -1.1077650189399717 inf 0.66177207231521618 -1.2738311886787412 -1.1149319410324094 -1.40926057100296
decision_type=2 10 8 10 10 10 10
left_child=1 6 -3 4 -2 -5 -1
right_child=3 2 -4 5 -6 -7 -8
leaf_value=-5.8845642616681801e-05 0.00023035781470282822 1.2575765965657213e-05 0.00051950042413487327 9.209284779479556e-05 -4.0108234613735093e-05 -0.00013580995420240454 -1.9564078037014948e-05
leaf_weight=138973 5976 1962578 2717 2922 227501 53885 159384
leaf_count=138973 5976 1962578 2717 2922 227501 53885 159384
internal_value=-8.9654e-11 6.53663e-06 1.32768e-05 -5.09737e-05 -3.31845e-05 -0.000124085 -3.78614e-05
internal_weight=2.55394e+06 2.26365e+06 1.9653e+06 290284 233477 56807 298357
internal_count=2553936 2263652 1965295 290284 233477 56807 298357
is_linear=0
shrinkage=0.00720685


Tree=173
num_leaves=8
num_cat=0
split_feature=6 18 18 18 18 3 22
split_gain=16.5977 14.7599 12.6291 5.0717 6.62382 4.15749 2.81745
threshold=-1.5822797417640684 -1.1077650189399717 0.1768426597118378 0.61670291423797619 1.9826221466064455 1.210499167442322 -1.1013911366462705
decision_type=2 10 8 10 10 10 10
left_child=3 6 -3 5 -5 -1 -2
right_child=1 2 -4 4 -6 -7 -8
leaf_value=-3.1413914158472735e-05 -0.00010247615549879536 2.7737501420022537e-05 -7.9661776085693901e-06 -0.00014325600735976555 6.240792938682319e-06 0.00044163572052508606 -3.3347469449587044e-05
leaf_weight=63088 34388 1172994 916685 66670 20014 979 279599
leaf_count=63088 34388 1172994 916685 66670 20014 979 279599
internal_value=5.52061e-07 5.15271e-06 1.20753e-05 -7.28028e-05 -0.00010874 -2.41785e-05 -4.09188e-05
internal_weight=2.55442e+06 2.40367e+06 2.08968e+06 150751 86684 64067 313987
internal_count=2554417 2403666 2089679 150751 86684 64067 313987
is_linear=0
shrinkage=0.00720685


Tree=174
num_leaves=8
num_cat=0
split_feature=1 18 9 23 0 20 19
split_gain=18.5862 12.4652 13.4387 8.3624 7.76754 4.18656 2.83356
threshold=1.0961413383483889 -1.1077650189399717 0.19222107529640201 -1.2738311886787412 -5.2815752029418936 0.2309304550290108 -1.5677874684333799
decision_type=2 10 8 8 2 10 10
left_child=1 5 -3 6 -5 -1 -2
right_child=3 2 -4 4 -6 -7 -8
leaf_value=-5.0805047210743892e-05 0.00074549810207807888 5.2119048748187621e-06 5.4103657488821464e-05 -0.00026126909313706307 -4.9491319260436201e-05 1.4427289339673212e-05 0.00013966117676724536
leaf_weight=226963 420 1561717 359144 9253 321951 65947 8492
leaf_count=226963 420 1561717 359144 9253 321951 65947 8492
internal_value=5.46203e-08 7.6752e-06 1.43532e-05 -4.95466e-05 -5.54087e-05 -3.61183e-05 0.000168292
internal_weight=2.55389e+06 2.21377e+06 1.92086e+06 340116 331204 292910 8912
internal_count=2553887 2213771 1920861 340116 331204 292910 8912
is_linear=0
shrinkage=0.00720685


Tree=175
num_leaves=8
num_cat=0
split_feature=6 18 11 2 18 18 20
split_gain=16.9237 12.7323 13.1514 4.5339 5.01396 4.60599 4.17263
threshold=-1.5095657706260679 -1.2844302654266355 1.7475983500480654 0.33419415354728704 0.53146860003471386 1.9826221466064455 -0.39030736684799189
decision_type=2 10 10 8 10 10 10
left_child=3 6 -3 4 -1 -5 -2
right_child=1 2 -4 5 -6 -7 -8
leaf_value=6.0590407080246764e-05 -8.2118586634593877e-05 4.9284796262570371e-06 8.0168766797780595e-05 -0.00011542660985058667 -9.2091927316554636e-05 9.2612569974489498e-06 -1.7113109208741006e-05
leaf_weight=23972 103917 2058601 128171 97937 20918 18255 101265
leaf_count=23972 103917 2058601 128171 97937 20918 18255 101265
internal_value=-5.69865e-07 4.2453e-06 9.33851e-06 -7.20715e-05 -1.05569e-05 -9.58367e-05 -5.00363e-05
internal_weight=2.55304e+06 2.39195e+06 2.18677e+06 161082 44890 116192 205182
internal_count=2553036 2391954 2186772 161082 44890 116192 205182
is_linear=0
shrinkage=0.00720685


Tree=176
num_leaves=8
num_cat=0
split_feature=6 18 0 0 5 18 5
split_gain=18.6019 13.8252 12.7537 7.01112 4.47152 3.31204 2.48862
threshold=-1.1257735490798948 -1.3216866850852964 0.57998219132423412 -2.7903808355331416 inf -2.2610722780227657 1.4019398093223574
decision_type=2 10 2 2 8 8 10
left_child=3 5 -3 6 -5 -2 -1
right_child=1 2 -4 4 -6 -7 -8
leaf_value=-9.9832953928652814e-05 7.8525843747997141e-05 1.6442327307903385e-06 4.4449012399477293e-05 -4.4438102611076784e-05 0.00058346119662830963 -6.1559286954198546e-05 -0.00020936248275630018
leaf_weight=27755 9232 1679217 460721 185436 590 173336 17615
leaf_count=27755 9232 1679217 460721 185436 590 173336 17615
internal_value=-4.15261e-07 5.72408e-06 1.086e-05 -6.20353e-05 -4.24436e-05 -5.4475e-05 -0.000142362
internal_weight=2.5539e+06 2.32251e+06 2.13994e+06 231396 186026 182568 45370
internal_count=2553902 2322506 2139938 231396 186026 182568 45370
is_linear=0
shrinkage=0.00720685


Tree=177
num_leaves=8
num_cat=0
split_feature=1 11 23 18 23 0 19
split_gain=17.6308 12.9174 56.2531 11.7656 10.0224 8.63368 4.33968
threshold=0.99277713894844066 4.3719849586486825 inf -1.1077650189399717 -1.3047866225242613 -3.8377268314361568 -1.5677874684333799
decision_type=2 10 8 10 10 2 10
left_child=1 3 -3 -1 6 -6 -2
right_child=4 2 -4 -5 5 -7 -8
leaf_value=-3.6265722724882564e-05 0.00086885907754287374 0.00022185517437470825 0.0057702265562676412 1.327898669812284e-05 -0.00015342799575576921 -3.907054785090235e-05 0.00015592450974261798
leaf_weight=287198 467 8817 95 1869270 38122 341016 8505
leaf_count=287198 467 8817 95 1869270 38122 341016 8505
internal_value=-2.04987e-07 7.81225e-06 0.000281608 6.68061e-06 -4.49355e-05 -5.05695e-05 0.000193124
internal_weight=2.55349e+06 2.16538e+06 8912 2.15647e+06 388110 379138 8972
internal_count=2553490 2165380 8912 2156468 388110 379138 8972
is_linear=0
shrinkage=0.00720685


Tree=178
num_leaves=8
num_cat=0
split_feature=6 0 5 0 1 1 17
split_gain=18.1437 11.7326 10.0729 5.24126 4.9311 4.73869 3.61526
threshold=-1.5095657706260679 0.49887633323669439 inf -3.0707685947418208 -0.055622018873691552 -2.1488498449325557 0.51861441135406505
decision_type=2 2 8 2 2 2 2
left_child=3 2 -2 6 -3 -5 -1
right_child=1 4 -4 5 -6 -7 -8
leaf_value=-5.9885292733662052e-05 -4.8579701512747942e-06 3.403855407889249e-05 0.0004522990884601495 0.0012001275255247856 -0.00011106744237510463 -5.2934735030727532e-05 -0.00020880389156159918
leaf_weight=13919 1720758 657309 2506 156 12392 125626 21622
leaf_count=13919 1720758 657309 2506 156 12392 125626 21622
internal_value=7.67968e-07 5.75516e-06 -4.1929e-06 -7.32083e-05 3.13534e-05 -5.13714e-05 -0.000150486
internal_weight=2.55429e+06 2.39296e+06 1.72326e+06 161323 669701 125782 35541
internal_count=2554288 2392965 1723264 161323 669701 125782 35541
is_linear=0
shrinkage=0.00720685


Tree=179
num_leaves=8
num_cat=0
split_feature=6 2 11 0 0 17 2
split_gain=17.2781 11.1521 40.7475 10.273 7.59423 4.45545 2.58986
threshold=-1.1257735490798948 2.265039443969727 3.3568564653396611 0.43157418072223669 -2.0424360036849971 0.51861441135406505 0.28712005913257604
decision_type=2 10 10 2 2 2 10
left_child=4 3 -3 -2 5 -1 -6
right_child=1 2 -4 -5 6 -7 -8
leaf_value=-5.7070545005479068e-05 -6.1474507028042155e-06 0.00024419919687271861 0.0050803208005026079 2.5744169488489713e-05 4.6336557394311743e-06 -0.0001791526742455849 -5.4822404555222653e-05
leaf_weight=27183 1514428 5737 91 802652 58185 36214 109964
leaf_count=27183 1514428 5737 91 802652 58185 36214 109964
internal_value=-2.25585e-07 5.69204e-06 0.000320527 4.90001e-06 -5.95921e-05 -0.000126809 -3.42486e-05
internal_weight=2.55445e+06 2.32291e+06 5828 2.31708e+06 231546 63397 168149
internal_count=2554454 2322908 5828 2317080 231546 63397 168149
is_linear=0
shrinkage=0.00720685


Tree=180
num_leaves=8
num_cat=0
split_feature=1 23 16 0 0 23 17
split_gain=17.6224 11.4367 11.7504 9.25193 9.07563 7.50993 3.30517
threshold=0.91415292024612438 inf -0.0064697295892983666 0.57397481799125682 -3.8377268314361568 -1.4371969699859617 -1.127744138240814
decision_type=2 8 2 2 2 10 2
left_child=1 3 -3 -1 6 -6 -2
right_child=4 2 -4 -5 5 -7 -8
leaf_value=-8.0526697110897278e-07 0.00013526279867779326 -0.0001913664862554166 0.00076803101069056927 3.3874129508251082e-05 0.00025267330820813151 -3.508257209128356e-05 -0.00016198813401289947
leaf_weight=1588768 2049 987 2017 533803 4768 385113 37240
leaf_count=1588768 2049 987 2017 533803 4768 385113 37240
internal_value=4.00849e-08 8.54522e-06 0.00045284 7.91621e-06 -4.20837e-05 -3.15628e-05 -0.000146482
internal_weight=2.55474e+06 2.12558e+06 3004 2.12257e+06 429170 389881 39289
internal_count=2554745 2125575 3004 2122571 429170 389881 39289
is_linear=0
shrinkage=0.00720685


Tree=181
num_leaves=8
num_cat=0
split_feature=1 18 18 20 2 1 3
split_gain=17.0897 13.1903 15.816 4.06315 3.54126 3.12059 2.9973
threshold=2.0028103590011601 -1.1077650189399717 0.21359029412269595 1.748321056365967 0.20057331770658496 2.6808121204376225 -3.5703328847885127
decision_type=2 10 10 10 10 2 10
left_child=1 3 -3 -1 6 -6 -2
right_child=4 2 -4 -5 5 -7 -8
leaf_value=-4.3697911121214552e-05 0.0006448196394047655 2.7165014714132339e-05 -1.2284793108979053e-05 0.00012585429376191264 -9.5193124710601975e-05 -0.00020890154965881708 -1.9903022311611057e-05
leaf_weight=309912 359 1219240 930796 7518 53555 16368 16636
leaf_count=309912 359 1219240 930796 7518 53555 16368 16636
internal_value=1.85185e-07 3.68385e-06 1.00863e-05 -3.96818e-05 -9.9135e-05 -0.000121814 -5.82495e-06
internal_weight=2.55438e+06 2.46747e+06 2.15004e+06 317430 86918 69923 16995
internal_count=2554384 2467466 2150036 317430 86918 69923 16995
is_linear=0
shrinkage=0.00720685


Tree=182
num_leaves=8
num_cat=0
split_feature=1 11 5 9 9 23 0
split_gain=16.739 13.0404 12.7873 12.0396 7.83352 7.73623 4.0238
threshold=1.0961413383483889 1.2833479642868044 inf -0.0082368408329784853 0.70315453410148632 -1.3047866225242613 -3.4293502569198604
decision_type=2 10 8 8 10 10 2
left_child=1 3 -3 -1 5 -2 -6
right_child=4 2 -4 -5 6 -7 -8
leaf_value=-1.3494115267268095e-05 0.00021771695650853737 5.6758650012932268e-05 0.0009573920331674891 2.2531020497293162e-05 -0.00021675312596095662 -3.7158184307533318e-05 -8.5331623855682012e-05
leaf_weight=1187562 6327 214079 821 810786 16800 274494 43262
leaf_count=1187562 6327 214079 821 810786 16800 274494 43262
internal_value=-3.81658e-07 6.85896e-06 6.02037e-05 1.12229e-06 -4.73927e-05 -3.14149e-05 -0.000122095
internal_weight=2.55413e+06 2.21325e+06 214900 1.99835e+06 340883 280821 60062
internal_count=2554131 2213248 214900 1998348 340883 280821 60062
is_linear=0
shrinkage=0.00720685


Tree=183
num_leaves=8
num_cat=0
split_feature=0 0 3 9 0 18 9
split_gain=16.8477 11.032 10.8236 10.7948 5.73789 5.68796 3.56768
threshold=0.27644093334674841 -3.4293502569198604 1.3408381938934328 0.090954311192035689 0.8467603623867036 -1.4337381720542905 0.34332108497619634
decision_type=2 2 10 8 2 10 10
left_child=1 6 -3 5 -5 -2 -1
right_child=3 2 -4 4 -6 -7 -8
leaf_value=-6.294601934660112e-05 -5.7176560158086673e-05 -1.4843838664475073e-05 0.00015125892191969389 4.7590998939335015e-05 0.00014709431590768606 1.3642095323795406e-05 -0.00018599387034048259
leaf_weight=25354 63397 1303981 20698 251891 34185 831164 23662
leaf_count=25354 63397 1303981 20698 251891 34185 831164 23662
internal_value=9.81831e-07 -1.61771e-05 -1.22484e-05 2.09466e-05 5.94818e-05 8.62314e-06 -0.000122349
internal_weight=2.55433e+06 1.3737e+06 1.32468e+06 1.18064e+06 286076 894561 49016
internal_count=2554332 1373695 1324679 1180637 286076 894561 49016
is_linear=0
shrinkage=0.00720685


Tree=184
num_leaves=8
num_cat=0
split_feature=1 18 18 2 18 1 20
split_gain=16.5988 11.2929 11.7072 7.9065 7.28512 6.37711 3.59789
threshold=1.1651514172554018 -1.1992133259773252 0.23792123049497607 0.13416399806737903 0.672009438276291 2.5278275012969975 -0.43675448000431055
decision_type=2 10 10 10 8 2 8
left_child=1 6 -3 4 -2 -5 -1
right_child=3 2 -4 5 -6 -7 -8
leaf_value=-7.0084397244230364e-05 5.8659706226599392e-05 2.6142481649100084e-05 -9.4877703833294025e-06 -5.8145974303816452e-05 -8.9148090372658068e-05 -0.00018072933880846389 -1.4184724930075634e-05
leaf_weight=112093 54694 1208850 793274 205298 25344 24693 128200
leaf_count=112093 54694 1208850 793274 205298 25344 24693 128200
internal_value=-4.11349e-07 6.42224e-06 1.20252e-05 -4.98381e-05 1.18556e-05 -7.13079e-05 -4.02613e-05
internal_weight=2.55245e+06 2.24242e+06 2.00212e+06 310029 80038 229991 240293
internal_count=2552446 2242417 2002124 310029 80038 229991 240293
is_linear=0
shrinkage=0.00720685


Tree=185
num_leaves=8
num_cat=0
split_feature=1 9 18 23 15 9 9
split_gain=15.8437 12.3018 9.1312 9.06903 8.71789 7.71346 2.72033
threshold=0.97204485535621654 0.10567262768745424 0.022138831205666069 -1.2738311886787412 -0.17989793419837949 0.86974418163299572 0.45442798733711248
decision_type=2 8 8 10 2 10 10
left_child=1 4 -3 6 -1 -5 -2
right_child=3 2 -4 5 -6 -7 -8
leaf_value=-2.2385073032261482e-05 0.00023437288979443887 6.4607966061251421e-05 5.8694966232001933e-06 -3.5024337670749688e-05 1.158182243490174e-05 -0.00012792433122598557 -3.2119517891448647e-05
leaf_weight=684780 7835 287803 263139 334701 919338 53895 2666
leaf_count=684780 7835 287803 263139 334701 919338 53895 2666
internal_value=-5.51549e-07 7.17274e-06 3.65536e-05 -4.22615e-05 -2.91825e-06 -4.79091e-05 0.000166716
internal_weight=2.55416e+06 2.15506e+06 550942 399097 1.60412e+06 388596 10501
internal_count=2554157 2155060 550942 399097 1604118 388596 10501
is_linear=0
shrinkage=0.00720685


Tree=186
num_leaves=8
num_cat=0
split_feature=0 23 11 0 9 11 20
split_gain=16.1207 13.2217 15.2544 11.6382 11.2496 8.60601 6.27467
threshold=0.3614018857479096 -1.3818532228469846 2.6442942619323735 -3.8377268314361568 0.024675113148987297 0.36087326705455786 -0.41364683210849756
decision_type=2 10 8 2 8 10 10
left_child=1 2 -1 -3 5 -2 -6
right_child=4 3 -4 -5 6 -7 -8
leaf_value=0.00011897640121479748 -1.0954621700668038e-05 -0.00014087895012941318 0.0013832689141006821 -1.4004327442181259e-05 3.0022244264096998e-05 4.3754974194626032e-05 9.6748889584526799e-05
leaf_weight=27028 460947 38508 504 1510437 163011 220903 132849
leaf_count=27028 460947 38508 504 1510437 163011 220903 132849
internal_value=-1.17534e-07 -1.4376e-05 0.000142168 -1.71586e-05 2.2873e-05 6.76997e-06 5.99846e-05
internal_weight=2.55419e+06 1.57648e+06 27532 1.54894e+06 977710 681850 295860
internal_count=2554187 1576477 27532 1548945 977710 681850 295860
is_linear=0
shrinkage=0.00720685


Tree=187
num_leaves=8
num_cat=0
split_feature=1 23 11 0 0 17 15
split_gain=16.1338 12.335 25.3579 12.0544 4.60598 2.69668 1.28738
threshold=2.0028103590011601 -1.3818532228469846 4.3719849586486825 0.32235457003116613 -5.2815752029418936 -0.36104820668697352 -0.45814004540443415
decision_type=2 10 8 2 2 2 2
left_child=1 2 -1 -3 6 -6 -2
right_child=4 3 -4 -5 5 -7 -8
leaf_value=0.00011317609621422149 -0.00031021528300457135 -1.3012731891175673e-05 0.0026361375869646923 1.9406353711582248e-05 -7.9839972016821396e-07 -0.00010155195511228329 -0.00013833569754520027
leaf_weight=41751 5992 1373154 207 1052168 17969 59440 3642
leaf_count=41751 5992 1373154 207 1052168 17969 59440 3642
internal_value=-2.30985e-07 3.17101e-06 0.000125683 1.05151e-06 -9.66618e-05 -7.81646e-05 -0.000245261
internal_weight=2.55432e+06 2.46728e+06 41958 2.42532e+06 87043 77409 9634
internal_count=2554323 2467280 41958 2425322 87043 77409 9634
is_linear=0
shrinkage=0.00720685


Tree=188
num_leaves=8
num_cat=0
split_feature=0 5 5 9 11 20 0
split_gain=15.2658 12.3176 11.089 10.1551 9.01137 6.5368 5.34191
threshold=0.3181110173463822 1.3553666472435 1.3553666472435 0.024675113148987297 1.1275402307510378 -0.15033441781997678 -2.0424360036849971
decision_type=2 10 8 8 10 10 2
left_child=1 2 -1 4 -2 -5 -3
right_child=3 6 -4 5 -6 -7 -8
leaf_value=-8.611556834928962e-06 -4.6253376955613461e-06 -0.00015269593904138098 0.00043517742350996828 3.1432607307172602e-05 6.6240108457569168e-05 9.9534115763254315e-05 -5.239422110164427e-05
leaf_weight=1300949 637484 34587 2930 225388 109157 108421 136106
leaf_count=1300949 637484 34587 2930 225388 109157 108421 136106
internal_value=-7.12551e-08 -1.51504e-05 -7.61397e-06 2.05084e-05 5.73505e-06 5.35522e-05 -7.27189e-05
internal_weight=2.55502e+06 1.47457e+06 1.30388e+06 1.08045e+06 746641 333809 170693
internal_count=2555022 1474572 1303879 1080450 746641 333809 170693
is_linear=0
shrinkage=0.00720685


Tree=189
num_leaves=8
num_cat=0
split_feature=6 18 18 2 20 18 18
split_gain=14.5005 12.5298 11.5001 4.76312 4.28669 4.24271 4.05246
threshold=-1.5095657706260679 -1.1077650189399717 0.21359029412269595 0.28712005913257604 0.47300253808498388 1.9826221466064455 0.51713582873344432
decision_type=2 10 10 8 10 10 10
left_child=3 4 -3 6 -2 -5 -1
right_child=1 2 -4 5 -6 -7 -8
leaf_value=6.4296454033652793e-05 -4.9955484520941406e-05 2.5552452243518877e-05 -8.7364875134619955e-06 -0.00010794736979996391 2.1114161292577525e-05 1.0723263214798601e-05 -7.6291218860901345e-05
leaf_weight=23006 260005 1196765 882743 100251 53078 18541 19825
leaf_count=23006 260005 1196765 882743 100251 53078 18541 19825
internal_value=1.34604e-07 4.5976e-06 1.09969e-05 -6.5933e-05 -3.79067e-05 -8.94252e-05 -7.76402e-07
internal_weight=2.55421e+06 2.39259e+06 2.07951e+06 161623 313083 118792 42831
internal_count=2554214 2392591 2079508 161623 313083 118792 42831
is_linear=0
shrinkage=0.00720685


Tree=190
num_leaves=8
num_cat=0
split_feature=6 18 11 18 18 23 18
split_gain=15.0683 12.9214 11.7259 6.57859 5.5004 5.21274 3.51117
threshold=-1.2714982032775877 -1.3636740446090696 1.7475983500480654 0.61670291423797619 1.9826221466064455 -0.90086793899536122 -2.0487672090530391
decision_type=2 10 8 10 10 8 8
left_child=3 6 -3 5 -5 -1 -2
right_child=1 2 -4 4 -6 -7 -8
leaf_value=0.00021088945602189626 3.4040762265223665e-05 5.456061531060416e-06 7.6559410245826442e-05 -0.00012494234099361557 -8.7022580199424351e-07 -2.8167920452659042e-05 -6.8900321507942374e-05
leaf_weight=5010 19531 2057783 127954 85236 23724 86823 144726
leaf_count=5010 19531 2057783 127954 85236 23724 86823 144726
internal_value=-1.34279e-07 4.98585e-06 9.61853e-06 -6.00579e-05 -9.79284e-05 -1.51237e-05 -5.66598e-05
internal_weight=2.55079e+06 2.34999e+06 2.18574e+06 200793 108960 91833 164257
internal_count=2550787 2349994 2185737 200793 108960 91833 164257
is_linear=0
shrinkage=0.00720685


Tree=191
num_leaves=8
num_cat=0
split_feature=1 11 5 5 9 3 23
split_gain=14.8451 13.5399 24.2553 9.8471 9.30331 7.91713 2.78402
threshold=0.76151674985885631 1.7475983500480654 inf 1.4522044658660891 -0.0082368408329784853 1.3684840798377993 -1.3818532228469846
decision_type=2 10 8 8 8 10 10
left_child=1 4 -3 5 -1 -2 -5
right_child=3 2 -4 6 -6 -7 -8
leaf_value=-9.0805151234656246e-06 -2.2807687721631064e-05 7.2353627525775717e-05 0.0016274516134528543 0.00018258262293083409 2.3442948188375056e-05 0.00025863538054478845 -0.00010552175582277273
leaf_weight=1139441 415787 135761 522 1774 762498 5256 94181
leaf_count=1139441 415787 135761 522 1774 762498 5256 94181
internal_value=1.81888e-07 8.93056e-06 7.83215e-05 -3.43089e-05 3.95832e-06 -1.92937e-05 -0.000100193
internal_weight=2.55522e+06 2.03822e+06 136283 516998 1.90194e+06 421043 95955
internal_count=2555220 2038222 136283 516998 1901939 421043 95955
is_linear=0
shrinkage=0.00720685


Tree=192
num_leaves=8
num_cat=0
split_feature=1 18 9 2 18 22 20
split_gain=14.8319 11.9077 11.9964 7.17976 6.7951 6.71489 3.45134
threshold=1.0961413383483889 -1.1077650189399717 0.19222107529640201 0.13416399806737903 0.672009438276291 0.24933259189128879 -0.29676790535449976
decision_type=2 10 8 10 8 10 10
left_child=1 6 -3 4 -2 -5 -1
right_child=3 2 -4 5 -6 -7 -8
leaf_value=-5.8359403426350162e-05 5.2724639922331561e-05 4.6719154165851212e-06 5.0879528131963657e-05 -8.8289536758340189e-05 -8.2568026127804225e-05 -6.2873053214764959e-06 -8.6883767475202156e-06
leaf_weight=161267 62222 1561686 358879 176655 27938 73423 132233
leaf_count=161267 62222 1561686 358879 176655 27938 73423 132233
internal_value=-3.50017e-08 6.77274e-06 1.33064e-05 -4.43357e-05 1.08006e-05 -6.42139e-05 -3.59809e-05
internal_weight=2.5543e+06 2.21406e+06 1.92056e+06 340238 90160 250078 293500
internal_count=2554303 2214065 1920565 340238 90160 250078 293500
is_linear=0
shrinkage=0.00720685


Tree=193
num_leaves=8
num_cat=0
split_feature=6 11 23 19 2 20 19
split_gain=13.7849 11.2058 28.4605 10.9593 5.78841 3.61826 3.59876
threshold=-1.2714982032775877 4.3719849586486825 -1.6501097679138181 -1.6971170902252195 0.19116149842739108 0.40579803287982946 -0.10107020661234854
decision_type=2 10 10 8 10 8 8
left_child=4 3 -3 -2 6 -6 -1
right_child=1 2 -4 -5 5 -7 -8
leaf_value=-4.7317892871214668e-05 0.00025530829638904654 0.0043451166708368431 0.00022383829160229957 3.434122123644981e-06 -3.9403886765176651e-05 -0.00011079644798474965 7.3200053457802818e-05
leaf_weight=27548 9006 87 8416 2335398 65703 84030 24149
leaf_count=27548 9006 87 8416 2335398 65703 84030 24149
internal_value=4.50481e-07 5.34905e-06 0.000266487 4.40181e-06 -5.67695e-05 -7.94699e-05 8.97895e-06
internal_weight=2.55434e+06 2.35291e+06 8503 2.3444e+06 201430 149733 51697
internal_count=2554337 2352907 8503 2344404 201430 149733 51697
is_linear=0
shrinkage=0.00720685


Tree=194
num_leaves=8
num_cat=0
split_feature=13 15 5 17 18 9 18
split_gain=12.6876 13.6335 11.3252 13.1786 10.9244 8.65213 6.36081
threshold=0.86235016584396373 -0.11943742632865904 inf 2.4163861274719243 -1.2316229939460752 1.1550127863883974 0.4467738568782807
decision_type=10 2 8 2 8 10 8
left_child=1 6 5 -4 -3 -2 -1
right_child=2 4 3 -5 -6 -7 -8
leaf_value=9.3220834770776235e-07 -2.8150263825576426e-05 -4.2388574544169376e-05 0.00037378611749558057 0.003208857561025345 3.3831042395376233e-05 -0.00015757338695703986 -3.7855639742930881e-05
leaf_weight=710333 448562 109025 2018 88 937575 28534 317846
leaf_count=710333 448562 109025 2018 88 937575 28534 317846
internal_value=-1.39323e-07 7.58036e-06 -3.35629e-05 0.000493648 2.58911e-05 -3.58911e-05 -1.10585e-05
internal_weight=2.55398e+06 2.07478e+06 479202 2106 1.0466e+06 477096 1.02818e+06
internal_count=2553981 2074779 479202 2106 1046600 477096 1028179
is_linear=0
shrinkage=0.00720685


Tree=195
num_leaves=8
num_cat=0
split_feature=0 23 5 18 18 18 15
split_gain=15.6272 13.9485 12.4769 9.40064 7.36581 6.75899 1.61148
threshold=0.32235457003116613 -1.5177731513977049 1.3553666472435 -1.40926057100296 2.7439033985137944 0.1894759684801102 -1.1941895484924314
decision_type=2 10 8 10 10 10 2
left_child=1 4 -3 6 -1 -5 -2
right_child=3 2 -4 5 -6 -7 -8
leaf_value=0.00013828907910040289 8.7384071143947642e-05 -9.5807165638456333e-06 -7.531433903206874e-05 4.1276316346919779e-05 0.0005941229063171203 2.0464442000949844e-06 -6.24600590185341e-05
leaf_weight=12903 3924 1300049 169534 635731 2147 355758 74162
leaf_count=12903 3924 1300049 169534 635731 2147 355758 74162
internal_value=2.02133e-07 -1.49284e-05 -1.71639e-05 2.12042e-05 0.000203352 2.72002e-05 -5.49288e-05
internal_weight=2.55421e+06 1.48463e+06 1.46958e+06 1.06958e+06 15050 991489 78086
internal_count=2554208 1484633 1469583 1069575 15050 991489 78086
is_linear=0
shrinkage=0.00720685


Tree=196
num_leaves=8
num_cat=0
split_feature=1 11 5 9 5 23 17
split_gain=14.7748 12.2002 10.0798 9.54934 9.217 6.7639 3.05501
threshold=0.76151674985885631 1.4288432598114016 inf 0.12952020764350894 1.3553666472435 -1.2738311886787412 0.63747996091842662
decision_type=2 8 8 8 8 8 2
left_child=1 3 -3 -1 5 -2 -6
right_child=4 2 -4 -5 6 -7 -8
leaf_value=-5.1060286057390568e-06 0.0001622173335763653 6.234660265531476e-05 0.00092218039549903802 3.424776770154994e-05 -6.2179910226495036e-05 -2.3547107249493767e-05 -0.00014195008501883774
leaf_weight=1444735 10443 179413 710 411457 60480 403327 42434
leaf_count=1444735 10443 179413 710 411457 60480 403327 42434
internal_value=3.7945e-07 9.11261e-06 6.57408e-05 3.61742e-06 -3.40389e-05 -1.88582e-05 -9.50724e-05
internal_weight=2.553e+06 2.03632e+06 180123 1.85619e+06 516684 413770 102914
internal_count=2552999 2036315 180123 1856192 516684 413770 102914
is_linear=0
shrinkage=0.00720685


Tree=197
num_leaves=8
num_cat=0
split_feature=6 11 23 9 1 22 23
split_gain=14.1873 11.0702 27.1708 8.76892 4.80555 3.62544 2.168
threshold=-1.1257735490798948 4.3719849586486825 -1.6501097679138181 0.01652471907436848 0.64261719584465038 0.29677574336528784 -1.1112279295921323
decision_type=2 8 10 8 2 10 10
left_child=4 3 -3 -2 6 -6 -1
right_child=1 2 -4 -5 5 -7 -8
leaf_value=0.00024241027609482515 -6.475753131573982e-06 0.0043663070633775071 0.00022174245424666842 2.249294759581225e-05 -9.5090088171217709e-05 -2.0980072809627379e-05 -7.6536457549024328e-06
leaf_weight=1854 1445243 82 8684 869086 120173 47972 61610
leaf_count=1854 1445243 82 8684 869086 120173 47972 61610
internal_value=8.42452e-09 5.37098e-06 0.000260981 4.40268e-06 -5.3779e-05 -7.39468e-05 -3.44522e-07
internal_weight=2.5547e+06 2.3231e+06 8766 2.31433e+06 231609 168145 63464
internal_count=2554704 2323095 8766 2314329 231609 168145 63464
is_linear=0
shrinkage=0.00720685


Tree=198
num_leaves=8
num_cat=0
split_feature=0 23 0 9 0 20 9
split_gain=15.0282 14.8702 10.9454 9.20104 7.52444 6.84085 5.31038
threshold=0.32235457003116613 -1.5177731513977049 -3.4293502569198604 0.024675113148987297 -0.034684952348470681 -0.42934729158878321 -3.3351525068283077
decision_type=2 10 2 8 2 10 10
left_child=1 4 -3 6 -1 -5 -2
right_child=3 2 -4 5 -6 -7 -8
leaf_value=0.00035054882460345811 0.00021385597291625666 -0.00012367560913971069 -1.3190903060394527e-05 2.1971616305315413e-05 2.3899612074155726e-05 8.7740323332741695e-05 4.9994131388310384e-06
leaf_weight=8598 6377 48147 1422442 176671 6381 153521 733572
leaf_count=8598 6377 48147 1422442 176671 6381 153521 733572
internal_value=3.25604e-07 -1.4507e-05 -1.68083e-05 2.09162e-05 0.000211409 5.25507e-05 6.79968e-06
internal_weight=2.55571e+06 1.48557e+06 1.47059e+06 1.07014e+06 14979 330192 739949
internal_count=2555709 1485568 1470589 1070141 14979 330192 739949
is_linear=0
shrinkage=0.00720685


Tree=199
num_leaves=8
num_cat=0
split_feature=6 18 0 18 2 18 20
split_gain=15.1482 12.7615 11.1992 6.30553 7.79472 6.20565 3.8045
threshold=-1.2217662334442136 -1.3421567082405088 0.57998219132423412 0.61670291423797619 0.61131462454795849 2.0436338186264043 -0.47704493999481196
decision_type=2 10 2 10 8 10 10
left_child=3 6 -3 4 -1 -5 -2
right_child=1 2 -4 5 -6 -7 -8
leaf_value=4.6105555531954666e-05 -9.0384347851112939e-05 1.3951015464773271e-06 4.1299694726586418e-05 -0.00012111679760128905 -8.2531462834950256e-05 1.4428016689043478e-05 -2.2738571165596056e-05
leaf_weight=50519 80916 1704945 464885 91573 47439 21700 92604
leaf_count=50519 80916 1704945 464885 91573 47439 21700 92604
internal_value=-8.03116e-08 5.18867e-06 9.94467e-06 -5.85331e-05 -1.61906e-05 -9.515e-05 -5.42837e-05
internal_weight=2.55458e+06 2.34335e+06 2.16983e+06 211231 97958 113273 173520
internal_count=2554581 2343350 2169830 211231 97958 113273 173520
is_linear=0
shrinkage=0.00720685


Tree=200
num_leaves=8
num_cat=0
split_feature=0 23 5 9 18 0 15
split_gain=14.3614 13.3383 11.5179 9.26116 8.09965 6.8155 4.17324
threshold=0.29298457503318792 -1.3818532228469846 1.6132383942604067 0.019223581999540332 2.7439033985137944 0.80014267563819896 -0.19437494874000547
decision_type=2 10 8 8 10 2 2
left_child=1 4 -3 6 -1 -5 -2
right_child=3 2 -4 5 -6 -7 -8
leaf_value=0.00010956955495941743 -1.6687952895157533e-05 -1.1931493379433981e-05 -8.3253481608433944e-05 3.5646048254067521e-05 0.00057181716029564142 0.00012296869805989208 1.7739786443441908e-05
leaf_weight=22813 294358 1259113 129718 309050 2154 54629 482835
leaf_count=22813 294358 1259113 129718 309050 2154 54629 482835
internal_value=-2.75285e-07 -1.56251e-05 -1.85931e-05 1.87465e-05 0.000149471 4.87633e-05 4.70041e-06
internal_weight=2.55467e+06 1.4138e+06 1.38883e+06 1.14087e+06 24967 363679 777193
internal_count=2554670 1413798 1388831 1140872 24967 363679 777193
is_linear=0
shrinkage=0.00720685


Tree=201
num_leaves=8
num_cat=0
split_feature=6 18 11 2 18 22 18
split_gain=13.2664 11.3964 10.5651 5.60936 7.63567 4.80339 2.74115
threshold=-1.1257735490798948 -1.3421567082405088 1.4288432598114016 0.28712005913257604 0.58714014291763317 -0.13177546858787534 -2.0487672090530391
decision_type=2 10 10 8 10 10 8
left_child=3 6 -3 4 -1 -5 -2
right_child=1 2 -4 5 -6 -7 -8
leaf_value=6.4102698049470634e-05 3.0045946321753609e-05 5.2772840757605138e-06 6.4881871658450677e-05 -0.0001153914187875059 -8.9685833197856798e-05 -3.6743115013511637e-05 -6.1097157421748002e-05
leaf_weight=41638 19292 1984707 167490 78900 28073 82517 153480
leaf_count=41638 19292 1984707 167490 78900 28073 82517 153480
internal_value=2.18407e-07 5.3951e-06 9.91592e-06 -5.18548e-05 2.17047e-06 -7.51867e-05 -5.09197e-05
internal_weight=2.5561e+06 2.32497e+06 2.1522e+06 231128 69711 161417 172772
internal_count=2556097 2324969 2152197 231128 69711 161417 172772
is_linear=0
shrinkage=0.00720685


Tree=202
num_leaves=8
num_cat=0
split_feature=6 11 23 19 20 24 19
split_gain=14.3412 10.5191 22.2251 9.86432 3.30253 3.24807 1.22684
threshold=-1.5822797417640684 1.7475983500480654 inf -1.6971170902252195 -0.1669977009296417 -0.2936901301145553 -1.0652354359626768
decision_type=2 8 8 8 8 10 8
left_child=4 3 -3 -2 6 -6 -1
right_child=1 2 -4 -5 5 -7 -8
leaf_value=0.00036138078994680969 0.00023781379509477707 5.9870595874776782e-05 0.0018310236638133428 -5.5794227575711428e-07 -5.420570654348536e-05 -0.00012979779303315037 -3.2480502790496323e-06
leaf_weight=487 9052 140900 368 2253395 74429 48937 26941
leaf_count=487 9052 140900 368 2253395 74429 48937 26941
internal_value=-1.13797e-07 4.16316e-06 6.44968e-05 3.95865e-07 -6.82899e-05 -8.41927e-05 3.23743e-06
internal_weight=2.55451e+06 2.40372e+06 141268 2.26245e+06 150794 123366 27428
internal_count=2554509 2403715 141268 2262447 150794 123366 27428
is_linear=0
shrinkage=0.00720685


Tree=203
num_leaves=8
num_cat=0
split_feature=6 18 9 18 18 23 20
split_gain=14.2513 11.7434 9.72935 7.01594 6.56024 5.97694 4.45665
threshold=-1.1257735490798948 -1.1077650189399717 0.12952020764350894 0.61670291423797619 1.9826221466064455 -0.90976473689079274 -0.43675448000431055
decision_type=2 10 8 10 8 8 10
left_child=3 6 -3 5 -5 -1 -2
right_child=1 2 -4 4 -6 -7 -8
leaf_value=0.0002089009751965292 -6.5441989208618541e-05 2.4986806772028415e-06 3.9266096120861602e-05 -0.00011922120563386744 9.6438007871614948e-06 -2.5014349211989049e-05 -1.0417550157498123e-05
leaf_weight=6002 144460 1521280 495582 95933 26100 103381 162398
leaf_count=6002 144460 1521280 495582 95933 26100 103381 162398
internal_value=-1.57503e-07 5.21369e-06 1.15332e-05 -5.40913e-05 -9.16599e-05 -1.21772e-05 -3.63217e-05
internal_weight=2.55514e+06 2.32372e+06 2.01686e+06 231416 122033 109383 306858
internal_count=2555136 2323720 2016862 231416 122033 109383 306858
is_linear=0
shrinkage=0.00720685


Tree=204
num_leaves=8
num_cat=0
split_feature=0 3 9 9 11 20 12
split_gain=14.3137 11.1698 10.3298 9.7886 9.24227 7.69466 3.62972
threshold=0.27644093334674841 1.7179630398750307 0.86974418163299572 0.024675113148987297 0.36087326705455786 -0.38239035010337824 1.2175242900848391
decision_type=2 10 10 8 10 10 10
left_child=1 2 -1 4 -2 -5 -3
right_child=3 6 -4 5 -6 -7 -8
leaf_value=-1.1936732946803497e-05 -1.245548963859451e-05 0.00031204846776346966 -8.9012953576881283e-05 1.8934025366077496e-05 4.0350429871176908e-05 8.496668454927489e-05 0.0010097004699770951
leaf_weight=1274288 560867 2691 97199 204927 248386 165825 452
leaf_count=1274288 560867 2691 97199 204927 248386 165825 452
internal_value=-6.10279e-07 -1.64157e-05 -1.73993e-05 1.7802e-05 3.75236e-06 4.84684e-05 0.00041266
internal_weight=2.55464e+06 1.37463e+06 1.37149e+06 1.18e+06 809253 370752 3143
internal_count=2554635 1374630 1371487 1180005 809253 370752 3143
is_linear=0
shrinkage=0.00720685


Tree=205
num_leaves=8
num_cat=0
split_feature=1 18 9 2 18 1 20
split_gain=12.5814 10.7282 10.6962 8.70006 7.99329 6.37979 3.33475
threshold=0.77768048644065868 -1.1077650189399717 0.18687231838703158 0.14357426762580874 0.4467738568782807 2.6808121204376225 0.2309304550290108
decision_type=2 10 8 10 8 2 10
left_child=1 6 -3 4 -2 -5 -1
right_child=3 2 -4 5 -6 -7 -8
leaf_value=-4.7182112700343446e-05 5.0259078554052099e-05 5.7337493029596258e-06 5.14195596501374e-05 -4.5343691162431042e-05 -5.8679974385266427e-05 -0.00018912003262042614 1.4164509066222197e-05
leaf_weight=217245 101243 1445477 326243 335978 53450 16832 58392
leaf_count=217245 101243 1445477 326243 335978 53450 16832 58392
internal_value=-3.2319e-07 7.63928e-06 1.41463e-05 -3.24452e-05 1.26178e-05 -5.22036e-05 -3.41861e-05
internal_weight=2.55486e+06 2.04736e+06 1.77172e+06 507503 154693 352810 275637
internal_count=2554860 2047357 1771720 507503 154693 352810 275637
is_linear=0
shrinkage=0.00720685


Tree=206
num_leaves=8
num_cat=0
split_feature=23 0 18 12 9 0 19
split_gain=13.6553 14.294 12.6744 19.2703 9.82654 9.45844 2.52936
threshold=-1.6501097679138181 0.26377694308757788 2.7439033985137944 -0.34728258848190302 0.024675113148987297 -3.8377268314361568 3.0762809514999394
decision_type=10 2 10 10 8 2 10
left_child=2 5 6 -4 -3 -2 -1
right_child=1 4 3 -5 -6 -7 -8
leaf_value=0.00014673591069192595 -0.00012802209264062538 2.8791030112678916e-06 0.00058815617635230759 0.0038772900023538682 4.7113784768325351e-05 -1.4035661661069007e-05 -0.00069861916063767183
leaf_weight=11093 38945 824896 2049 96 381451 1296165 186
leaf_count=11093 38945 824896 2049 96 381451 1296165 186
internal_value=9.66744e-08 -1.11426e-06 0.00022934 0.000737016 1.68663e-05 -1.73607e-05 0.000132736
internal_weight=2.55488e+06 2.54146e+06 13424 2145 1.20635e+06 1.33511e+06 11279
internal_count=2554881 2541457 13424 2145 1206347 1335110 11279
is_linear=0
shrinkage=0.00720685


Tree=207
num_leaves=8
num_cat=0
split_feature=0 23 5 9 4 0 9
split_gain=13.3795 13.6866 12.0298 8.18671 6.59742 5.63134 5.11425
threshold=0.34833291172981268 -1.3818532228469846 1.8100239634513857 0.024675113148987297 -1.6120910644531248 0.85928460955619823 -3.3351525068283077
decision_type=2 10 10 8 8 2 8
left_child=1 4 -3 6 -1 -5 -2
right_child=3 2 -4 5 -6 -7 -8
leaf_value=0.00051981533507356999 0.0002154984824633135 -1.0351029268595881e-05 -8.7801716309196333e-05 3.9593319917945019e-05 0.00011350303223874087 0.00013108892347723296 5.11925478113043e-06
leaf_weight=2265 6053 1405440 112496 266268 24733 40215 694174
leaf_count=2265 6053 1405440 112496 266268 24733 40215 694174
internal_value=9.12168e-08 -1.32303e-05 -1.60911e-05 2.05349e-05 0.000147609 5.15993e-05 6.93817e-06
internal_weight=2.55164e+06 1.54493e+06 1.51794e+06 1.00671e+06 26998 306483 700227
internal_count=2551644 1544934 1517936 1006710 26998 306483 700227
is_linear=0
shrinkage=0.00720685


Tree=208
num_leaves=8
num_cat=0
split_feature=6 19 9 0 21 17 5
split_gain=14.3178 9.68538 9.17347 6.00159 5.45949 4.48575 2.92055
threshold=-1.1257735490798948 -1.6971170902252195 0.01652471907436848 -1.6753551959991453 -2.2675644159317012 0.51861441135406505 0.26385518908500677
decision_type=2 8 8 2 2 2 10
left_child=3 4 -3 5 -2 -1 -5
right_child=1 2 -4 6 -6 -7 -8
leaf_value=-4.4340908792255099e-05 0.0019994920113073768 -6.8940407753531363e-06 2.2731521101767273e-05 2.1477809424254237e-06 0.0002244090516671882 -0.00015655928899551387 -6.0214361905133503e-05
leaf_weight=33007 90 1443296 870152 78504 8798 42102 77517
leaf_count=33007 90 1443296 870152 78504 8798 42102 77517
internal_value=-2.22485e-07 5.16126e-06 4.24895e-06 -5.43169e-05 0.000242597 -0.000107246 -2.8836e-05
internal_weight=2.55347e+06 2.32234e+06 2.31345e+06 231130 8888 75109 156021
internal_count=2553466 2322336 2313448 231130 8888 75109 156021
is_linear=0
shrinkage=0.00720685


Tree=209
num_leaves=8
num_cat=0
split_feature=0 23 11 5 9 11 18
split_gain=13.1536 13.5008 24.9699 11.633 9.71735 8.66853 6.38849
threshold=0.3614018857479096 -1.5177731513977049 3.6396818161010747 1.8100239634513857 0.024675113148987297 0.33593121170997625 -0.28825439512729639
decision_type=2 10 8 8 8 8 8
left_child=1 2 -1 -3 5 -2 -6
right_child=4 3 -4 -5 6 -7 -8
leaf_value=0.00016520636051848645 -1.2052562325756415e-05 -9.1643554903773566e-06 0.0028431590465151785 -8.4784440714750291e-05 9.202798440024115e-05 4.2482244293136499e-05 2.4862205708420265e-05
leaf_weight=15794 454630 1447368 182 113979 135370 226962 161068
leaf_count=15794 454630 1447368 182 113979 135370 226962 161068
internal_value=3.23452e-07 -1.25519e-05 0.000195882 -1.46847e-05 2.10882e-05 6.10687e-06 5.55341e-05
internal_weight=2.55535e+06 1.57732e+06 15976 1.56135e+06 978030 681592 296438
internal_count=2555353 1577323 15976 1561347 978030 681592 296438
is_linear=0
shrinkage=0.00720685


Tree=210
num_leaves=8
num_cat=0
split_feature=0 9 19 9 20 0 9
split_gain=13.2061 9.98757 9.59536 9.26388 7.06836 5.26076 5.06736
threshold=0.29298457503318792 0.86974418163299572 -1.6971170902252195 0.090954311192035689 -0.38239035010337824 -3.4293502569198604 -3.3351525068283077
decision_type=2 10 8 8 10 2 10
left_child=1 2 -1 6 -5 -3 -2
right_child=3 5 -4 4 -6 -7 -8
leaf_value=0.00026709524850068934 0.00020255537967748714 -0.0002108671411005671 -1.0320349386445834e-05 2.2226319877642129e-05 9.5739913961494105e-05 -6.2279192113493805e-05 5.6440538080944188e-06
leaf_weight=6507 6841 14511 1309068 151235 123331 84096 858430
leaf_count=6507 6841 14511 1309068 151235 123331 84096 858430
internal_value=5.2104e-07 -1.41915e-05 -8.94801e-06 1.87748e-05 5.52479e-05 -8.41475e-05 7.20112e-06
internal_weight=2.55402e+06 1.41418e+06 1.31558e+06 1.13984e+06 274566 98607 865271
internal_count=2554019 1414182 1315575 1139837 274566 98607 865271
is_linear=0
shrinkage=0.00720685


Tree=211
num_leaves=8
num_cat=0
split_feature=6 19 0 2 22 2 19
split_gain=12.77 10.1728 9.27958 5.42527 4.59444 3.90554 3.21839
threshold=-1.2714982032775877 -1.6971170902252195 0.57397481799125682 0.28712005913257604 -0.12601751089096067 -2.9753999710083003 -0.092606298625469194
decision_type=2 8 2 8 10 10 10
left_child=3 5 -3 6 -5 -2 -1
right_child=1 2 -4 4 -6 -7 -8
leaf_value=-4.6322284070428606e-05 0.0010040611184029037 -3.8106159792516777e-06 3.0544231989141409e-05 -0.00011997439502329791 -3.8491070054349231e-05 0.00021650726556953444 6.1596114342511287e-05
leaf_weight=30704 339 1816393 526792 70822 72977 8699 26950
leaf_count=30704 339 1816393 526792 70822 72977 8699 26950
internal_value=1.27509e-07 4.84387e-06 3.913e-06 -5.49417e-05 -7.86229e-05 0.000246152 4.12323e-06
internal_weight=2.55368e+06 2.35222e+06 2.34318e+06 201453 143799 9038 57654
internal_count=2553676 2352223 2343185 201453 143799 9038 57654
is_linear=0
shrinkage=0.00720685


Tree=212
num_leaves=8
num_cat=0
split_feature=23 13 15 18 1 6 1
split_gain=12.5153 13.6151 13.2137 9.70537 7.78168 6.17689 2.26779
threshold=-1.6501097679138181 0.87272661924362194 -0.17989793419837949 2.7439033985137944 -1.4889830350875852 -0.69484466314315785 0.4806313961744309
decision_type=10 10 2 10 2 2 2
left_child=3 2 -2 6 -5 -3 -1
right_child=1 5 -4 4 -6 -7 -8
leaf_value=6.3949192705640786e-05 -1.2746643594635728e-05 -8.7125550838794598e-05 2.3721226640302475e-05 0.00053697734087172733 0.0021539984912548262 -2.2756658921713403e-05 0.0002801544526936088
leaf_weight=7664 962589 98089 1112447 1968 167 367638 3754
leaf_count=7664 962589 98089 1112447 1968 167 367638 3754
internal_value=6.56347e-08 -1.0995e-06 6.80413e-06 0.000218478 0.000664369 -3.63139e-05 0.000135053
internal_weight=2.55432e+06 2.54076e+06 2.07504e+06 13553 2135 465727 11418
internal_count=2554316 2540763 2075036 13553 2135 465727 11418
is_linear=0
shrinkage=0.00720685


Tree=213
num_leaves=8
num_cat=0
split_feature=1 11 23 9 22 22 20
split_gain=13.2514 10.4674 11.7958 9.79711 2.76454 2.75154 1.30174
threshold=2.0685938596725468 1.2833479642868044 inf -0.024833300150930878 0.24933259189128879 -2.2019176483154292 -1.2568395733833311
decision_type=2 10 8 8 10 8 10
left_child=1 3 -3 -1 5 -2 -6
right_child=4 2 -4 -5 6 -7 -8
leaf_value=-1.5366414284290814e-05 0.00056131702282745952 4.6455377139422822e-05 0.00092755399848136488 1.4874205608600453e-05 0.00030690380421913841 -0.00012405856430091605 -3.3557981964692113e-05
leaf_weight=1246905 305 225593 791 1004822 599 54972 20992
leaf_count=1246905 305 225593 791 1004822 599 54972 20992
internal_value=-6.58786e-08 2.82478e-06 4.9538e-05 -1.87168e-06 -9.32556e-05 -0.000120267 -2.40983e-05
internal_weight=2.55498e+06 2.47811e+06 226384 2.25173e+06 76868 55277 21591
internal_count=2554979 2478111 226384 2251727 76868 55277 21591
is_linear=0
shrinkage=0.00720685


Tree=214
num_leaves=8
num_cat=0
split_feature=1 11 18 18 2 18 1
split_gain=12.8356 12.2948 15.7174 10.2567 7.08461 5.95533 4.55007
threshold=1.1651514172554018 4.3719849586486825 2.7439033985137944 -1.3421567082405088 0.2103095278143883 0.46125119924545294 2.6808121204376225
decision_type=2 10 10 10 10 10 2
left_child=1 3 -3 -1 5 -2 -6
right_child=4 2 -4 -5 6 -7 -8
leaf_value=-5.008538357992024e-05 5.8474921242764205e-05 0.00023164077774691895 0.002657104576340919 8.9194289931416986e-06 -5.6185311421044095e-05 -6.3747491998212066e-05 -0.00018073772871102003
leaf_weight=165223 53543 9033 140 2070116 206433 33761 16447
leaf_count=165223 53543 9033 140 2070116 206433 33761 16447
internal_value=-3.66566e-07 5.63869e-06 0.000268931 4.55811e-06 -4.3821e-05 1.12103e-05 -6.53773e-05
internal_weight=2.5547e+06 2.24451e+06 9173 2.23534e+06 310184 87304 222880
internal_count=2554696 2244512 9173 2235339 310184 87304 222880
is_linear=0
shrinkage=0.00720685


Tree=215
num_leaves=8
num_cat=0
split_feature=6 18 11 18 18 9 18
split_gain=12.6386 11.7559 12.1723 3.89922 5.68989 4.10329 3.20823
threshold=-1.7425732016563413 -1.3636740446090696 3.9765586853027348 0.60251000523567211 1.9826221466064455 0.56501790881156932 -2.2610722780227657
decision_type=2 10 8 10 10 10 8
left_child=3 6 -3 5 -5 -1 -2
right_child=1 2 -4 4 -6 -7 -8
leaf_value=1.0637955719607317e-05 7.3895953398416594e-05 6.5990882345178289e-06 0.0001998533585619643 -0.00013520357848666959 9.8705162333504587e-06 -0.00014727295438849453 -6.2288083568336588e-05
leaf_weight=42406 9526 2238162 17056 59903 18340 10703 157859
leaf_count=42406 9526 2238162 17056 59903 18340 10703 157859
internal_value=2.53958e-09 3.73563e-06 8.06075e-06 -6.88484e-05 -0.000101198 -2.11872e-05 -5.45372e-05
internal_weight=2.55396e+06 2.4226e+06 2.25522e+06 131352 78243 53109 167385
internal_count=2553955 2422603 2255218 131352 78243 53109 167385
is_linear=0
shrinkage=0.00720685


Tree=216
num_leaves=8
num_cat=0
split_feature=0 5 11 3 18 0 3
split_gain=13.8454 11.2839 9.23396 8.569 8.51411 5.66651 4.67545
threshold=0.32235457003116613 1.3553666472435 4.3719849586486825 1.3684840798377993 -1.4337381720542905 -3.4293502569198604 1.1461507678031924
decision_type=2 10 10 8 10 2 10
left_child=1 3 4 -1 -2 -3 -4
right_child=2 5 6 -5 -6 -7 -8
leaf_value=-8.8368071251514192e-06 -5.6837276991963401e-05 -0.00018948263359960964 0.00020902214997173951 0.00014330788361762781 2.4027359817821065e-05 -5.4549856496019049e-05 0.00078425648424442125
leaf_weight=1293303 72591 18075 6668 19516 988502 152933 824
leaf_count=1293303 72591 18075 6668 19516 988502 152933 824
internal_value=4.96291e-07 -1.37478e-05 2.02755e-05 -6.57495e-06 1.84952e-05 -6.88129e-05 0.000272383
internal_weight=2.55241e+06 1.48383e+06 1.06858e+06 1.31282e+06 1.06109e+06 171008 7492
internal_count=2552412 1483827 1068585 1312819 1061093 171008 7492
is_linear=0
shrinkage=0.00720685


Tree=217
num_leaves=7
num_cat=0
split_feature=23 11 6 11 17 2
split_gain=13.2581 35.468 12.0851 8.8553 6.59802 5.02241
threshold=-1.6501097679138181 4.3719849586486825 -1.1257735490798948 1.5452843904495241 2.6349575519561772 0.33419415354728704
decision_type=10 10 2 10 2 10
left_child=1 4 5 -4 -1 -2
right_child=2 -3 3 -5 -6 -7
leaf_value=0.00017298812743354281 -1.5780706547669187e-06 0.0040013117475395966 4.5426389024684571e-09 5.5282787828930975e-05 0.0018049435266378438 -7.3945795038861078e-05
leaf_weight=13324 73030 127 2150130 161846 129 156660
leaf_count=13324 73030 127 2150130 161846 129 156660
internal_value=1.20946e-07 0.000224697 -1.07903e-06 3.87424e-06 0.000188764 -5.09367e-05
internal_weight=2.55525e+06 13580 2.54167e+06 2.31198e+06 13453 229690
internal_count=2555246 13580 2541666 2311976 13453 229690
is_linear=0
shrinkage=0.00720685


Tree=218
num_leaves=8
num_cat=0
split_feature=0 3 5 18 9 12 12
split_gain=12.5977 11.1126 9.54746 8.8669 8.69492 4.38862 0.988308
threshold=0.28050887584686285 1.6045883893966677 1.4019398093223574 -1.40926057100296 0.17647339403629306 1.2175242900848391 -1.2222457528114317
decision_type=2 10 10 10 8 10 8
left_child=1 2 -1 6 -5 -3 -2
right_child=3 5 -4 4 -6 -7 -8
leaf_value=-8.7282871719090977e-06 0.00010150588433021181 0.00023434993938710737 -6.8222293830994663e-05 1.4023390947214842e-05 6.7848097707433105e-05 0.00086585382370588874 -5.7462307076482812e-05
leaf_weight=1219446 2082 4867 158282 897531 188644 647 81836
leaf_count=1219446 2082 4867 158282 897531 188644 647 81836
internal_value=4.52067e-07 -1.4271e-05 -1.55634e-05 1.78572e-05 2.33716e-05 0.000308589 -5.35169e-05
internal_weight=2.55334e+06 1.38324e+06 1.37773e+06 1.17009e+06 1.08618e+06 5514 83918
internal_count=2553335 1383242 1377728 1170093 1086175 5514 83918
is_linear=0
shrinkage=0.00720685


Tree=219
num_leaves=8
num_cat=0
split_feature=0 0 19 9 9 1 10
split_gain=12.2478 10.0676 10.8392 8.0949 3.42033 1.99242 1.92774
threshold=-3.4293502569198604 0.5975293517112733 -1.6971170902252195 0.01652471907436848 0.34332108497619634 1.889797627925873 -2.7457678318023677
decision_type=2 2 8 8 10 2 10
left_child=4 2 -2 -3 6 -6 -1
right_child=1 3 -4 -5 5 -7 -8
leaf_value=0.00053179259192691537 0.000256255440209143 1.3862494393498754e-05 -5.6193841586627375e-06 7.9326156241704151e-05 -0.00040071517214234828 -0.00015559978488932427 -6.1252820472833163e-05
leaf_weight=287 8242 358480 2002807 135074 1871 21657 25144
leaf_count=287 8242 358480 2002807 135074 1871 21657 25144
internal_value=4.05309e-07 2.61207e-06 -4.54599e-06 3.17785e-05 -0.000112483 -0.000175108 -5.45395e-05
internal_weight=2.55356e+06 2.5046e+06 2.01105e+06 493554 48959 23528 25431
internal_count=2553562 2504603 2011049 493554 48959 23528 25431
is_linear=0
shrinkage=0.00720685


Tree=220
num_leaves=8
num_cat=0
split_feature=1 18 18 18 9 15 15
split_gain=13.1404 10.7565 12.287 3.92607 2.49026 2.26262 1.60908
threshold=2.1376290321350102 -1.3636740446090696 0.20190713554620746 -2.0487672090530391 0.31274406611919409 -0.58481442928314198 1.5010030269622805
decision_type=2 10 10 8 10 2 2
left_child=1 3 -3 -1 5 -2 -6
right_child=4 2 -4 -5 6 -7 -8
leaf_value=4.2187524127465273e-05 -0.00011253919410379314 2.0372567196638938e-05 -1.3349822856401861e-05 -6.5750655979420765e-05 -0.00015444332603937658 1.734831093571203e-07 0.00021649581227177527
leaf_weight=19832 19598 1366450 952244 148947 30204 17518 619
leaf_count=19832 19598 1366450 952244 148947 30204 17518 619
internal_value=-2.20798e-07 2.48005e-06 6.52341e-06 -5.30673e-05 -9.9107e-05 -5.93418e-05 -0.000146987
internal_weight=2.55541e+06 2.48747e+06 2.31869e+06 168779 67939 37116 30823
internal_count=2555412 2487473 2318694 168779 67939 37116 30823
is_linear=0
shrinkage=0.00720685


Tree=221
num_leaves=8
num_cat=0
split_feature=0 19 0 18 18 18 15
split_gain=12.4572 10.8794 10.1112 7.48175 7.0751 8.59359 1.10789
threshold=0.52446451783180248 -1.6971170902252195 -3.8377268314361568 -2.2610722780227657 -1.4337381720542905 0.21359029412269595 -1.1941895484924314
decision_type=2 8 2 10 10 10 2
left_child=1 3 -3 -1 6 -6 -2
right_child=4 2 -4 -5 5 -7 -8
leaf_value=0.0016236252820317411 0.00010974819686170435 -0.00012525500081037274 -7.5183719364138456e-06 0.00021599927848927814 5.5391972521423912e-05 -3.2470003089268991e-06 -6.3341274230010379e-05
leaf_weight=200 2004 38663 1881120 8229 378479 197561 45681
leaf_count=200 2004 38663 1881120 8229 378479 197561 45681
internal_value=3.00881e-07 -8.75519e-06 -9.88957e-06 0.00024958 2.82972e-05 3.52809e-05 -5.60645e-05
internal_weight=2.55194e+06 1.92821e+06 1.91978e+06 8429 623725 576040 47685
internal_count=2551937 1928212 1919783 8429 623725 576040 47685
is_linear=0
shrinkage=0.00720685


Tree=222
num_leaves=8
num_cat=0
split_feature=13 23 11 18 18 1 18
split_gain=11.3396 12.1868 27.6746 10.5384 12.7917 5.51375 3.12428
threshold=0.86235016584396373 -1.6501097679138181 3.9765586853027348 -1.2496129274368284 0.27562372386455541 2.0685938596725468 -2.2610722780227657
decision_type=10 10 10 10 10 2 8
left_child=3 2 -2 6 -5 -3 -1
right_child=1 5 -4 4 -6 -7 -8
leaf_value=9.0812870667831381e-05 0.000279254712204346 -2.7220576578489628e-05 0.0046157978141414414 2.7809968311634089e-05 -1.1009803163593124e-05 -0.000117430177326845 -4.7644500050276489e-05
leaf_weight=8850 3963 437207 77 1163020 710025 38271 193920
leaf_count=8850 3963 437207 77 1163020 710025 38271 193920
internal_value=4.54817e-07 -3.11324e-05 0.000362972 7.75156e-06 1.30943e-05 -3.44818e-05 -4.16009e-05
internal_weight=2.55533e+06 479518 4040 2.07582e+06 1.87304e+06 475478 202770
internal_count=2555333 479518 4040 2075815 1873045 475478 202770
is_linear=0
shrinkage=0.00720685


Tree=223
num_leaves=7
num_cat=0
split_feature=6 18 18 1 18 18
split_gain=12.4332 11.2783 9.4687 5.18771 3.96729 3.14471
threshold=-1.5822797417640684 -1.1527163982391355 0.2633169293403626 -2.1488498449325557 0.63021558523178112 -2.2610722780227657
decision_type=2 10 10 2 10 8
left_child=3 5 -3 -1 -5 -2
right_child=1 2 -4 4 -6 -7
leaf_value=0.0012678722880602171 9.1115598073398868e-05 2.2490497301547008e-05 -8.595875724795617e-06 -2.162775661290601e-05 -9.6349678599450268e-05 -4.2803092990905656e-05
leaf_weight=151 9419 1268905 849685 64397 86452 274360
leaf_count=151 9419 1268905 849685 64397 86452 274360
internal_value=3.20923e-07 4.30796e-06 1.00229e-05 -6.31112e-05 -6.44516e-05 -3.83578e-05
internal_weight=2.55337e+06 2.40237e+06 2.11859e+06 151000 150849 283779
internal_count=2553369 2402369 2118590 151000 150849 283779
is_linear=0
shrinkage=0.00720685


Tree=224
num_leaves=8
num_cat=0
split_feature=0 5 3 11 18 3 18
split_gain=12.0944 11.0472 10.1147 9.21859 7.52138 6.52256 2.71393
threshold=0.35282495617866522 2.0635837316513066 1.3408381938934328 4.3719849586486825 -1.40926057100296 1.1621246933937075 0.672009438276291
decision_type=2 10 10 10 10 10 10
left_child=1 2 -1 4 -2 -5 -3
right_child=3 6 -4 5 -6 -7 -8
leaf_value=-1.0345849593104036e-05 -5.2522629751095384e-05 -5.1197716427615412e-05 0.00013483065144902239 0.00020273594393701856 2.3251644996808244e-05 0.00092364799658174832 -0.00012973556075528662
leaf_weight=1440000 73492 46904 25364 6644 916446 722 44571
leaf_count=1440000 73492 46904 25364 6644 916446 722 44571
internal_value=-7.76214e-08 -1.26295e-05 -7.83289e-06 1.95164e-05 1.76262e-05 0.000273511 -8.94663e-05
internal_weight=2.55414e+06 1.55684e+06 1.46536e+06 997304 989938 7366 91475
internal_count=2554143 1556839 1465364 997304 989938 7366 91475
is_linear=0
shrinkage=0.00720685


Tree=225
num_leaves=8
num_cat=0
split_feature=1 9 9 15 22 15 2
split_gain=11.2473 9.22122 10.2222 9.3162 4.82477 13.2772 2.86663
threshold=2.1376290321350102 -0.019339856691658493 0.86974418163299572 -0.081037405878305421 -2.2019176483154292 0.1215137578547001 0.1243465729057789
decision_type=2 8 10 2 8 2 10
left_child=1 3 -3 -1 5 -2 -6
right_child=4 2 -4 -5 6 -7 -8
leaf_value=-2.7405973135738444e-05 -0.00032633748002994012 2.6669952079398913e-05 -4.4210839844637335e-05 9.879234413836066e-06 9.4230374549787338e-06 0.0028844372297495268 -0.00011576390756390534
leaf_weight=703340 184 976418 118501 689051 11432 104 56213
leaf_count=703340 184 976418 118501 689051 11432 104 56213
internal_value=8.51602e-07 3.35041e-06 1.89986e-05 -8.95467e-06 -9.06386e-05 0.000838658 -9.46071e-05
internal_weight=2.55524e+06 2.48731e+06 1.09492e+06 1.39239e+06 67933 288 67645
internal_count=2555243 2487310 1094919 1392391 67933 288 67645
is_linear=0
shrinkage=0.00720685


Tree=226
num_leaves=8
num_cat=0
split_feature=13 18 18 8 11 9 20
split_gain=11.3096 10.1748 11.9972 7.58664 16.473 6.60369 4.24654
threshold=0.86235016584396373 -1.3636740446090696 0.35279782116413122 -2.074927449226379 3.0815458297729497 1.4874937534332278 1.8219396471977236
decision_type=10 10 8 10 10 10 10
left_child=1 6 -3 4 -2 -5 -1
right_child=3 2 -4 5 -6 -7 -8
leaf_value=-5.5010475601569002e-05 0.00019134489330754358 2.485419795989187e-05 -1.3020525099505753e-05 -2.8427378522438888e-05 0.0033207041840838123 -0.00015437640677660579 0.00022498498396276149
leaf_weight=147785 4952 1262325 662283 450854 88 22710 2867
leaf_count=147785 4952 1262325 662283 450854 88 22710 2867
internal_value=7.30963e-08 7.35631e-06 1.1821e-05 -3.15073e-05 0.000246601 -3.44677e-05 -4.96804e-05
internal_weight=2.55386e+06 2.07526e+06 1.92461e+06 478604 5040 473564 150652
internal_count=2553864 2075260 1924608 478604 5040 473564 150652
is_linear=0
shrinkage=0.00720685


Tree=227
num_leaves=8
num_cat=0
split_feature=18 18 9 5 9 1 22
split_gain=11.4297 14.4969 13.5712 11.743 3.48063 2.61431 2.3521
threshold=-1.1992133259773252 0.32729235291481024 0.09825244173407556 inf 0.32259862124919897 1.3793378472328188 -1.1013911366462705
decision_type=10 8 8 8 10 2 10
left_child=4 2 -2 -3 6 -6 -1
right_child=1 3 -4 -5 5 -7 -8
leaf_value=-0.00010157535363975042 6.6646516039302647e-06 -1.8433189054269911e-05 5.7771715238693053e-05 0.00047957944316478297 -8.9164577194602025e-05 -0.00027628537088768046 -2.7326754362101558e-05
leaf_weight=24801 1027647 894141 365972 2465 25354 4578 208084
leaf_count=24801 1027647 894141 365972 2465 25354 4578 208084
internal_value=3.7643e-07 5.54205e-06 2.00857e-05 -1.70635e-05 -4.46373e-05 -0.000117793 -3.52343e-05
internal_weight=2.55304e+06 2.29022e+06 1.39362e+06 896606 262817 29932 232885
internal_count=2553042 2290225 1393619 896606 262817 29932 232885
is_linear=0
shrinkage=0.00720685


Tree=228
num_leaves=8
num_cat=0
split_feature=6 18 9 18 8 18 20
split_gain=11.4129 10.9009 9.74817 6.63682 6.74378 5.66729 4.2471
threshold=-1.0078592300415037 -1.1077650189399717 0.14722029864788058 0.61670291423797619 -0.025123969651758667 1.9826221466064455 0.29730179905891424
decision_type=2 10 8 10 10 8 10
left_child=3 6 -3 4 -1 -5 -2
right_child=1 2 -4 5 -6 -7 -8
leaf_value=-3.1243635118021318e-05 -4.9515304861513498e-05 2.1916233419324365e-06 4.0210631266024421e-05 -0.0001050398144280414 0.00011202857084066527 1.0762144837978872e-05 1.6249522880843861e-05
leaf_weight=106312 239037 1536287 453729 105979 20325 27683 64836
leaf_count=106312 239037 1536287 453729 105979 20325 27683 64836
internal_value=-4.10835e-07 4.72093e-06 1.08601e-05 -4.56345e-05 -8.24785e-06 -8.10557e-05 -3.54833e-05
internal_weight=2.55419e+06 2.29389e+06 1.99002e+06 260299 126637 133662 303873
internal_count=2554188 2293889 1990016 260299 126637 133662 303873
is_linear=0
shrinkage=0.00720685


Tree=229
num_leaves=8
num_cat=0
split_feature=23 11 7 6 18 6 24
split_gain=12.2728 26.9684 38.1143 12.1237 10.743 5.42318 4.21248
threshold=-1.5177731513977049 4.3719849586486825 0.33867515623569494 -1.5822797417640684 -1.1077650189399717 -0.11960358172655104 -0.94675153493881214
decision_type=10 8 8 2 8 2 8
left_child=1 5 -3 6 -5 -1 -2
right_child=3 2 -4 4 -6 -7 -8
leaf_value=0.00033224685809816437 -1.531052828860079e-05 -0.00037390813051574139 0.0066360895834636467 -3.6895152657971027e-05 8.5157973978231124e-06 7.918292035221191e-05 -9.4226385392045712e-05
leaf_weight=5951 56530 81 79 311251 2070612 16855 92816
leaf_count=5951 56530 81 79 311251 2070612 16855 92816
internal_value=1.37022e-07 0.000165983 0.00310575 -1.36777e-06 2.58168e-06 0.00014523 -6.43558e-05
internal_weight=2.55418e+06 22966 160 2.53121e+06 2.38186e+06 22806 149346
internal_count=2554175 22966 160 2531209 2381863 22806 149346
is_linear=0
shrinkage=0.00720685


Tree=230
num_leaves=7
num_cat=0
split_feature=23 11 13 15 22 2
split_gain=12.3953 14.5623 12.7535 12.9818 6.91015 6.03699
threshold=-1.5177731513977049 4.3719849586486825 0.87272661924362194 -0.11943742632865904 -0.70951643586158741 1.4181573987007143
decision_type=10 8 10 2 10 10
left_child=1 5 3 -2 -4 -1
right_child=2 -3 4 -5 -6 -7
leaf_value=0.00011209813205953193 -1.1976613264644862e-05 0.0025177731193240524 -8.9945507853675516e-05 2.4135838111854771e-05 -2.1348423212679009e-05 0.00049244570166120363
leaf_weight=20645 1025280 135 96200 1042977 368202 2421
leaf_count=20645 1025280 135 96200 1042977 368202 2421
internal_value=8.98653e-08 0.000165907 -1.4292e-06 6.2341e-06 -3.55584e-05 0.000152039
internal_weight=2.55586e+06 23201 2.53266e+06 2.06826e+06 464402 23066
internal_count=2555860 23201 2532659 2068257 464402 23066
is_linear=0
shrinkage=0.00720685


Tree=231
num_leaves=8
num_cat=0
split_feature=0 19 5 11 9 20 12
split_gain=11.4845 11.2696 11.1855 9.1923 7.44498 5.43759 4.84704
threshold=0.57397481799125682 -1.6971170902252195 2.0635837316513066 1.1275402307510378 1.0000000180025095e-35 -0.44446069002151484 1.3277363777160647
decision_type=2 8 10 8 8 8 8
left_child=1 6 -3 4 -2 -5 -1
right_child=3 2 -4 5 -6 -7 -8
leaf_value=0.00016613410846872019 -4.0562432566864385e-06 -5.1252917282305043e-06 -8.3686265905254885e-05 4.3726234369347973e-05 6.3189206393581419e-05 0.0001466455765251586 0.00059223732635638356
leaf_weight=6962 307651 1912545 99003 60592 118429 47617 1731
leaf_count=6962 307651 1912545 99003 60592 118429 47617 1731
internal_value=-1.44838e-08 -7.87287e-06 -8.9919e-06 2.96994e-05 1.46347e-05 8.90167e-05 0.00025104
internal_weight=2.55453e+06 2.02024e+06 2.01155e+06 534289 426080 108209 8693
internal_count=2554530 2020241 2011548 534289 426080 108209 8693
is_linear=0
shrinkage=0.00720685


Tree=232
num_leaves=8
num_cat=0
split_feature=23 0 5 9 4 16 6
split_gain=12.7463 13.5402 9.33393 8.74707 8.42631 6.32402 3.56347
threshold=-1.5177731513977049 0.3181110173463822 1.8100239634513857 0.083918426185846343 -0.98120102286338795 -0.0032387009123340245 1.0000000180025095e-35
decision_type=10 2 8 8 8 2 2
left_child=4 2 -2 -3 5 -1 -6
right_child=1 3 -4 -5 6 -7 -8
leaf_value=0.00020737013462355445 -1.0753875625958597e-05 5.990419880006775e-06 -7.9402513363134795e-05 5.3797535591618385e-05 0.00026567038447687527 0.00077603834591906341 4.3812367984013256e-05
leaf_weight=2246 1347844 809219 111370 263506 5173 1855 13765
leaf_count=2246 1347844 809219 111370 263506 5173 1855 13765
internal_value=-1.6832e-07 -1.70386e-06 -1.59933e-05 1.77339e-05 0.000168576 0.000464721 0.000104425
internal_weight=2.55498e+06 2.53194e+06 1.45921e+06 1.07272e+06 23039 4101 18938
internal_count=2554978 2531939 1459214 1072725 23039 4101 18938
is_linear=0
shrinkage=0.00720685


Tree=233
num_leaves=8
num_cat=0
split_feature=0 23 11 3 11 18 3
split_gain=11.6146 12.8631 29.2166 9.05799 8.71597 7.21521 4.9965
threshold=0.3181110173463822 -1.5177731513977049 4.3719849586486825 1.4389080405235293 4.3719849586486825 -1.40926057100296 1.1621246933937075
decision_type=2 10 8 10 10 8 10
left_child=1 2 -1 -3 5 -2 -6
right_child=4 3 -4 -5 6 -7 -8
leaf_value=0.00016899303373525622 -5.00274784740871e-05 -1.6742260678819578e-05 0.0038008284103393753 0.00017026505687957574 0.00020205803650876598 2.1809950154491809e-05 0.00082215306478494504
leaf_weight=14893 78333 1445427 115 13578 6606 994980 751
leaf_count=14893 78333 1445427 115 13578 6606 994980 751
internal_value=3.15052e-07 -1.28425e-05 0.000197061 -1.50018e-05 1.82617e-05 1.6567e-05 0.000265458
internal_weight=2.55468e+06 1.47401e+06 15008 1.459e+06 1.08067e+06 1.07331e+06 7357
internal_count=2554683 1474013 15008 1459005 1080670 1073313 7357
is_linear=0
shrinkage=0.00720685


Tree=234
num_leaves=8
num_cat=0
split_feature=18 18 20 11 20 1 3
split_gain=11.1554 15.5369 13.823 8.01936 3.93787 4.35421 2.91644
threshold=-1.1077650189399717 0.23792123049497607 0.66879600286483776 3.9765586853027348 1.8219396471977236 1.5819617509841921 1.480261027812958
decision_type=10 10 8 10 10 2 10
left_child=4 3 -3 -2 5 -1 -6
right_child=1 2 -4 -5 6 -7 -8
leaf_value=-3.793663726004808e-05 2.074945619235721e-05 -4.4489762304650288e-07 -6.3808266208253042e-05 0.00021766186234123343 9.8224280809734583e-05 -0.00017572154520509154 0.00092958064716254865
leaf_weight=304266 1252482 731754 236650 10834 7336 12397 225
leaf_count=304266 1252482 731754 236650 10834 7336 12397 225
internal_value=5.08911e-08 5.78962e-06 -1.59292e-05 2.24383e-05 -3.94502e-05 -4.33314e-05 0.00012308
internal_weight=2.55594e+06 2.23172e+06 968404 1.26332e+06 324224 316663 7561
internal_count=2555944 2231720 968404 1263316 324224 316663 7561
is_linear=0
shrinkage=0.00720685


Tree=235
num_leaves=8
num_cat=0
split_feature=18 18 20 9 20 1 13
split_gain=11.1764 14.6038 14.3437 13.8491 4.16287 4.21479 2.80628
threshold=-1.1077650189399717 0.27562372386455541 0.73709347844123851 0.12952020764350894 1.6869428753852846 1.5115629434585574 1.1054956316947939
decision_type=10 8 8 8 10 2 10
left_child=4 3 -3 -2 5 -1 -6
right_child=1 2 -4 -5 6 -7 -8
leaf_value=-3.8505403364462367e-05 8.4294125883968109e-06 -5.7229543075800687e-07 -6.7479889721478752e-05 6.4407689877042071e-05 0.00016430480723560761 -0.00016761147373873327 -0.00017455076106071281
leaf_weight=300422 994061 721747 216289 298469 7886 13733 1512
leaf_count=300422 994061 721747 216289 298469 7886 13733 1512
internal_value=-9.52494e-08 5.64646e-06 -1.59997e-05 2.13559e-05 -3.96785e-05 -4.41497e-05 0.000109773
internal_weight=2.55412e+06 2.23057e+06 938036 1.29253e+06 323553 314155 9398
internal_count=2554119 2230566 938036 1292530 323553 314155 9398
is_linear=0
shrinkage=0.00720685


Tree=236
num_leaves=8
num_cat=0
split_feature=23 11 9 13 15 3 6
split_gain=12.0227 16.1989 26.8054 12.6232 11.6781 5.83029 4.66057
threshold=-1.5177731513977049 4.3719849586486825 0.03041927516460419 0.92661505937576305 -0.13450074195861814 1.0785776376724245 -0.11960358172655104
decision_type=10 8 8 8 2 8 2
left_child=1 6 -3 4 -2 -5 -1
right_child=3 2 -4 5 -6 -7 -8
leaf_value=0.00032042619880941583 -1.1724782916596379e-05 -0.0004443974134010724 0.0055084261801942392 -4.4659312901634162e-05 2.2148713397206183e-05 6.8741405751456588e-05 8.6686071405925284e-05
leaf_weight=6003 1032766 80 76 390701 1082898 25057 16914
leaf_count=6003 1032766 80 76 390701 1082898 25057 16914
internal_value=-2.82063e-08 0.000163735 0.00247123 -1.52092e-06 5.61328e-06 -3.78246e-05 0.000147925
internal_weight=2.5545e+06 23073 156 2.53142e+06 2.11566e+06 415758 22917
internal_count=2554495 23073 156 2531422 2115664 415758 22917
is_linear=0
shrinkage=0.00720685


Tree=237
num_leaves=8
num_cat=0
split_feature=1 9 23 15 17 15 18
split_gain=10.9615 9.70339 10.3022 9.67268 3.17662 2.44178 2.16362
threshold=1.9419685602188113 -0.013826703652739523 inf -0.081037405878305421 -0.36104820668697352 -0.54510203003883351 -1.2316229939460752
decision_type=2 8 8 2 2 2 10
left_child=1 3 -3 -1 5 -2 -6
right_child=4 2 -4 -5 6 -7 -8
leaf_value=-2.8013752855285469e-05 -6.8007822571450015e-05 1.8726748797916484e-05 0.00051604429298753539 9.8502640908890148e-06 -0.00025553275338571844 8.5091425288101857e-05 -8.7811669777020199e-05
leaf_weight=704565 11915 1053501 2167 697137 4234 9910 70604
leaf_count=704565 11915 1053501 2167 697137 4234 9910 70604
internal_value=2.84924e-07 3.24611e-06 1.97481e-05 -9.18206e-06 -7.49935e-05 1.5089e-06 -9.7304e-05
internal_weight=2.55403e+06 2.45737e+06 1.05567e+06 1.4017e+06 96663 21825 74838
internal_count=2554033 2457370 1055668 1401702 96663 21825 74838
is_linear=0
shrinkage=0.00720685


Tree=238
num_leaves=7
num_cat=0
split_feature=5 11 13 15 9 15
split_gain=11.7944 44.3673 13.032 12.244 7.92994 7.69819
threshold=inf 3.9765586853027348 0.86235016584396373 -0.172365628182888 1.1550127863883974 0.1215137578547001
decision_type=8 10 10 2 10 2
left_child=2 5 3 -1 -4 -2
right_child=1 -3 4 -5 -6 -7
leaf_value=-1.1681299672330174e-05 -3.7055510424318335e-05 0.0047653115269856057 -2.7379718529360658e-05 2.3411593165027692e-05 -0.00015147240187304159 0.0007219917262457898
leaf_weight=970574 1697 118 449012 1103486 28440 1173
leaf_count=970574 1697 118 449012 1103486 28440 1173
internal_value=-2.95004e-07 0.000452155 -8.25033e-07 6.98957e-06 -3.47718e-05 0.000273302
internal_weight=2.5545e+06 2988 2.55151e+06 2.07406e+06 477452 2870
internal_count=2554500 2988 2551512 2074060 477452 2870
is_linear=0
shrinkage=0.00720685


Tree=239
num_leaves=8
num_cat=0
split_feature=23 11 9 13 15 9 2
split_gain=11.978 16.9811 30.5822 12.5592 12.3802 7.56079 5.31245
threshold=-1.5177731513977049 4.3719849586486825 0.0025827013887465004 0.86235016584396373 -0.13450074195861814 1.1550127863883974 1.3902404308319094
decision_type=10 8 8 10 2 10 10
left_child=1 6 -3 4 -2 -5 -1
right_child=3 2 -4 5 -6 -7 -8
leaf_value=0.00010943595765277205 -1.1392028434982224e-05 -0.00060796330754224644 0.0057687725030188212 -2.7205498160776242e-05 2.3977823263474205e-05 -0.00014894761644332111 0.00046062026870513661
leaf_weight=20280 1003617 79 76 445123 1053531 28172 2514
leaf_count=20280 1003617 79 76 445123 1053531 28172 2514
internal_value=5.07243e-07 0.00016441 0.00253453 -9.79266e-07 6.72199e-06 -3.44523e-05 0.000148187
internal_weight=2.55339e+06 22949 155 2.53044e+06 2.05715e+06 473295 22794
internal_count=2553392 22949 155 2530443 2057148 473295 22794
is_linear=0
shrinkage=0.00720685


Tree=240
num_leaves=8
num_cat=0
split_feature=6 19 11 0 11 22 9
split_gain=11.1763 9.14665 9.36959 5.08502 4.2296 3.62907 2.12299
threshold=-1.1257735490798948 -1.6971170902252195 1.5452843904495241 -4.8178658485412589 -0.56302925944328297 -0.10272531956434248 1.991810202598572
decision_type=2 8 8 2 10 10 10
left_child=3 4 -3 6 -2 -5 -1
right_child=1 2 -4 5 -6 -7 -8
leaf_value=-0.00013117638112636841 0.00042024340816746499 3.0036093893810163e-07 5.6999906131658111e-05 -6.8450628254380428e-05 0.00010042450789757372 -9.3376936177624698e-06 -0.00034175224898856654
leaf_weight=12349 3757 2151301 162831 105808 5015 110042 3114
leaf_count=12349 3757 2151301 162831 105808 5015 110042 3114
internal_value=4.13326e-07 5.17052e-06 4.28999e-06 -4.73593e-05 0.000237435 -3.83147e-05 -0.000173603
internal_weight=2.55422e+06 2.3229e+06 2.31413e+06 231313 8772 215850 15463
internal_count=2554217 2322904 2314132 231313 8772 215850 15463
is_linear=0
shrinkage=0.00720685


Tree=241
num_leaves=8
num_cat=0
split_feature=13 23 18 18 11 22 18
split_gain=10.69 11.1324 9.94028 11.009 8.52548 7.05308 3.07139
threshold=0.86235016584396373 -1.4371969699859617 -1.3421567082405088 0.2633169293403626 3.3568564653396611 -0.78553247451782215 -2.0487672090530391
decision_type=10 10 10 10 10 10 8
left_child=2 4 6 -4 -2 -3 -1
right_child=1 5 3 -5 -6 -7 -8
leaf_value=4.0031113630736097e-05 0.00021144864743138429 -9.4189314326622987e-05 2.5100358154552101e-05 -1.059664723269331e-05 0.002026368314924937 -2.1863810904817206e-05 -5.8901595141703989e-05
leaf_weight=18425 7382 85533 1197401 717651 136 386378 141155
leaf_count=18425 7382 85533 1197401 717651 136 386378 141155
internal_value=8.15571e-08 -3.05894e-05 7.16936e-06 1.17232e-05 0.000244534 -3.49729e-05 -4.74786e-05
internal_weight=2.55406e+06 479429 2.07463e+06 1.91505e+06 7518 471911 159580
internal_count=2554061 479429 2074632 1915052 7518 471911 159580
is_linear=0
shrinkage=0.00720685


Tree=242
num_leaves=8
num_cat=0
split_feature=1 23 2 19 2 19 7
split_gain=11.2542 9.88979 8.97366 8.29349 3.29306 3.7881 2.9024
threshold=2.0028103590011601 -1.6501097679138181 1.3902404308319094 -1.6971170902252195 0.30645987391471868 3.5444442033767705 0.87677335739135753
decision_type=2 10 10 10 8 10 10
left_child=1 2 -1 -3 5 -2 -6
right_child=4 3 -4 -5 6 -7 -8
leaf_value=0.00012078119248724967 -1.1114465114016279e-05 0.00021941418432275345 0.00064846576604436908 7.8262446474484514e-07 -0.00014932122612352046 0.00075209687539389914 -5.4837149755010886e-05
leaf_weight=10803 18819 9044 1980 2445458 35541 343 32176
leaf_count=10803 18819 9044 1980 2445458 35541 343 32176
internal_value=-2.09118e-07 2.62962e-06 0.00020256 1.5883e-06 -8.08262e-05 2.58207e-06 -0.000104429
internal_weight=2.55416e+06 2.46728e+06 12783 2.4545e+06 86879 19162 67717
internal_count=2554164 2467285 12783 2454502 86879 19162 67717
is_linear=0
shrinkage=0.00720685


Tree=243
num_leaves=8
num_cat=0
split_feature=19 11 23 5 11 3 21
split_gain=11.0641 11.2689 18.9983 10.4581 3.65545 5.38353 3.98131
threshold=-1.6971170902252195 1.2833479642868044 inf 2.0635837316513066 -0.56302925944328297 1.3408381938934328 -2.1770079135894771
decision_type=8 8 8 10 10 8 2
left_child=4 3 -3 -2 5 -1 -6
right_child=1 2 -4 -5 6 -7 -8
leaf_value=0.00020561462276285381 -2.2001484535948664e-06 4.3535115850668159e-05 0.0011378611819867158 -7.8989719800156896e-05 0.0016033932811878829 0.00072465690631126514 9.1691885181814769e-05
leaf_weight=2955 2217609 229556 826 96108 91 1600 5739
leaf_count=2955 2217609 229556 826 96108 91 1600 5739
internal_value=3.54582e-07 -6.03722e-07 4.74634e-05 -5.3899e-06 0.000235099 0.000388053 0.000115548
internal_weight=2.55448e+06 2.5441e+06 230382 2.31372e+06 10385 4555 5830
internal_count=2554484 2544099 230382 2313717 10385 4555 5830
is_linear=0
shrinkage=0.00720685


Tree=244
num_leaves=8
num_cat=0
split_feature=0 0 3 18 18 17 20
split_gain=12.1322 9.67437 9.05619 6.97116 8.015 3.27737 1.42771
threshold=0.51905572414398204 -3.4293502569198604 1.3408381938934328 -1.4337381720542905 0.1894759684801102 0.51861441135406505 0.21979289501905444
decision_type=2 2 8 10 10 2 8
left_child=1 5 -3 6 -5 -1 -2
right_child=3 2 -4 4 -6 -7 -8
leaf_value=-4.547847278243494e-05 -7.0949058458910118e-05 -8.8331783734633353e-06 0.00010122518561214871 5.367011917419145e-05 -2.138920974028775e-06 -0.00016376233744053292 4.5540642020682001e-05
leaf_weight=22612 42178 1829889 39673 380815 205929 26341 6277
leaf_count=22612 42178 1829889 39673 380815 205929 26341 6277
internal_value=-7.77979e-08 -9.11642e-06 -6.49762e-06 2.72218e-05 3.40829e-05 -0.000109128 -5.58575e-05
internal_weight=2.55371e+06 1.91852e+06 1.86956e+06 635199 586744 48953 48455
internal_count=2553714 1918515 1869562 635199 586744 48953 48455
is_linear=0
shrinkage=0.00720685


Tree=245
num_leaves=8
num_cat=0
split_feature=0 5 3 11 20 6 0
split_gain=11.2366 9.36083 7.63932 7.31609 4.89219 4.35483 3.23558
threshold=0.51413884758949291 1.8100239634513857 1.2896562814712527 1.1275402307510378 -0.21715378761291501 -0.23442597687244413 1.5023720264434817
decision_type=2 10 10 8 8 2 2
left_child=1 2 -1 6 -5 -3 -2
right_child=3 5 -4 4 -6 -7 -8
leaf_value=-7.1860135344455991e-06 1.6166218651058265e-05 -0.00010406283519398828 8.4284012499254786e-05 4.4540868628000464e-05 0.00014153411757725668 -1.6488709648581183e-05 -0.00013988397521823935
leaf_weight=1736976 513933 74856 48753 84122 39783 48668 6994
leaf_count=1736976 513933 74856 48753 84122 39783 48668 6994
internal_value=-1.00806e-07 -8.88572e-06 -4.68869e-06 2.591e-05 7.56842e-05 -6.95596e-05 1.40708e-05
internal_weight=2.55408e+06 1.90925e+06 1.78573e+06 644832 123905 123524 520927
internal_count=2554085 1909253 1785729 644832 123905 123524 520927
is_linear=0
shrinkage=0.00720685


Tree=246
num_leaves=8
num_cat=0
split_feature=23 11 9 0 5 9 0
split_gain=10.6021 17.7267 28.5067 11.4823 9.7704 8.22991 5.26856
threshold=-1.4371969699859617 4.3719849586486825 0.063977692276239409 0.27236618101596838 1.8100239634513857 0.0025827013887465004 -0.056044835597276681
decision_type=10 8 8 2 8 8 2
left_child=1 6 -3 4 -2 -5 -1
right_child=3 2 -4 5 -6 -7 -8
leaf_value=0.00025856413867445676 -9.9612327440328986e-06 -0.00017397637791295451 0.0056983573139827411 1.3779282112760285e-06 -8.1481531014997993e-05 4.1559146335158109e-05 5.8212656973329204e-05
leaf_weight=9570 1236744 97 76 773269 107859 402592 23697
leaf_count=9570 1236744 97 76 773269 107859 402592 23697
internal_value=3.77656e-07 0.000127857 0.00242256 -1.3137e-06 -1.56984e-05 1.51352e-05 0.000115855
internal_weight=2.5539e+06 33440 173 2.52046e+06 1.3446e+06 1.17586e+06 33267
internal_count=2553904 33440 173 2520464 1344603 1175861 33267
is_linear=0
shrinkage=0.00720685


Tree=247
num_leaves=8
num_cat=0
split_feature=0 23 11 0 11 9 22
split_gain=11.0427 11.4568 37.528 8.23232 8.05074 7.52088 2.21904
threshold=0.34833291172981268 -1.6501097679138181 4.3719849586486825 -3.8377268314361568 4.3719849586486825 0.024675113148987297 -0.29549983143806452
decision_type=2 10 8 2 10 8 8
left_child=1 2 -1 -3 5 -2 -6
right_child=4 3 -4 -5 6 -7 -8
leaf_value=0.00018562161555139958 3.941254579717079e-06 -0.00011723730256997469 0.0043824222198444503 -1.0781052977030322e-05 0.00010888677028706384 4.686256945694226e-05 0.00036167209219317866
leaf_weight=9708 696575 38703 111 1497270 3112 304828 4294
leaf_count=9708 696575 38703 111 1497270 3112 304828 4294
internal_value=2.09787e-07 -1.18948e-05 0.000233484 -1.34636e-05 1.87576e-05 1.70066e-05 0.000255483
internal_weight=2.5546e+06 1.54579e+06 9819 1.53597e+06 1.00881e+06 1.0014e+06 7406
internal_count=2554601 1545792 9819 1535973 1008809 1001403 7406
is_linear=0
shrinkage=0.00720685


Tree=248
num_leaves=8
num_cat=0
split_feature=18 18 0 5 22 18 2
split_gain=10.4365 13.6704 10.9298 9.42798 3.4388 3.22144 1.78608
threshold=-1.2151964306831358 0.2633169293403626 0.63552504777908336 1.8100239634513857 -1.1013911366462705 -2.2610722780227657 0.50913441181182872
decision_type=10 8 2 10 10 8 10
left_child=4 2 -2 -3 6 -6 -1
right_child=1 3 -4 -5 5 -7 -8
leaf_value=-8.0983863273550484e-05 9.7719865954072606e-06 -9.514638836961674e-06 6.2959928045529224e-05 -9.2554685149710955e-05 0.00010267598332357697 -4.0063580038327169e-05 -0.00020493670282207034
leaf_weight=19927 1108796 870641 245009 77318 8537 215123 8664
leaf_count=19927 1108796 870641 245009 77318 8537 215123 8664
internal_value=-1.21668e-07 4.70111e-06 1.93979e-05 -1.62877e-05 -4.4129e-05 -3.46148e-05 -0.000118552
internal_weight=2.55402e+06 2.30176e+06 1.3538e+06 947959 252251 223660 28591
internal_count=2554015 2301764 1353805 947959 252251 223660 28591
is_linear=0
shrinkage=0.00720685


Tree=249
num_leaves=8
num_cat=0
split_feature=13 11 10 11 3 9 5
split_gain=10.8734 8.60951 7.28621 15.3454 6.95895 6.66921 4.9384
threshold=0.86235016584396373 1.2833479642868044 2.0884484052658085 3.3568564653396611 0.78510466217994701 -0.024833300150930878 inf
decision_type=8 10 8 8 8 8 8
left_child=1 5 4 -4 -2 -1 -3
right_child=2 6 3 -5 -6 -7 -8
leaf_value=-1.0184536965478678e-05 -4.5865478413103128e-05 5.0072677676907779e-05 0.00020116481377061823 0.0034270357823083372 3.0528277062203654e-05 1.7225812824725088e-05 0.0011804376807009655
leaf_weight=1046348 401533 203916 4432 77 73226 824185 200
leaf_count=1046348 401533 203916 4432 77 73226 824185 200
internal_value=-4.04669e-07 6.74263e-06 -3.13438e-05 0.000256965 -3.40825e-05 1.89286e-06 5.11858e-05
internal_weight=2.55392e+06 2.07465e+06 479268 4509 474759 1.87053e+06 204116
internal_count=2553917 2074649 479268 4509 474759 1870533 204116
is_linear=0
shrinkage=0.00720685


Tree=250
num_leaves=8
num_cat=0
split_feature=0 5 5 11 1 0 3
split_gain=10.9615 10.325 8.90646 7.49851 5.65092 5.09463 4.45849
threshold=0.56843683123588573 1.4019398093223574 1.4019398093223574 4.3719849586486825 -0.22218690067529676 -2.7903808355331416 1.1461507678031924
decision_type=2 10 8 8 2 2 10
left_child=1 2 -1 4 -2 -3 -5
right_child=3 5 -4 6 -6 -7 -8
leaf_value=-3.4662173680880248e-06 3.0156475850077533e-05 -0.00015795137636523242 0.00039426671008778804 0.00020644594649246481 -9.241507305489925e-05 -4.4740109520696632e-05 0.00080610165281083885
leaf_weight=1820052 516971 23627 2928 5542 20302 163588 728
leaf_count=1820052 516971 23627 2928 5542 20302 163588 728
internal_value=-2.97316e-07 -8.0614e-06 -2.82718e-06 2.84167e-05 2.55246e-05 -5.90285e-05 0.000276186
internal_weight=2.55374e+06 2.0102e+06 1.82298e+06 543543 537273 187215 6270
internal_count=2553738 2010195 1822980 543543 537273 187215 6270
is_linear=0
shrinkage=0.00720685


Tree=251
num_leaves=8
num_cat=0
split_feature=1 9 0 11 0 22 13
split_gain=10.4997 9.08416 9.93695 7.46676 3.64777 3.021 0.977309
threshold=2.0028103590011601 0.0107669266872108 0.80014267563819896 0.32338711619377142 -5.2815752029418936 -2.2019176483154292 -0.67073389887809742
decision_type=2 8 2 8 2 8 10
left_child=1 3 -3 -1 6 -6 -2
right_child=4 2 -4 -5 5 -7 -8
leaf_value=-1.8126896855995362e-05 0.00013847392240241212 1.4041717311494918e-05 0.00011282819131521511 1.8523510512838128e-05 0.00062982333511161788 -6.441370950750568e-05 -0.00022458284984426939
leaf_weight=1105364 401 914904 56131 390780 326 76725 9323
leaf_count=1105364 401 914904 56131 390780 326 76725 9323
internal_value=-1.53741e-07 2.58673e-06 1.97522e-05 -8.5541e-06 -7.807e-05 -6.14684e-05 -0.000209596
internal_weight=2.55395e+06 2.46718e+06 971035 1.49614e+06 86775 77051 9724
internal_count=2553954 2467179 971035 1496144 86775 77051 9724
is_linear=0
shrinkage=0.00720685


Tree=252
num_leaves=8
num_cat=0
split_feature=9 9 17 15 13 15 22
split_gain=9.71087 12.5909 8.15254 7.50159 4.85438 1.80581 1.53176
threshold=0.86974418163299572 0.17132665216922763 0.50718021392822277 -0.096395347267389284 0.73208752274513256 0.67453169822692882 -1.05058217048645
decision_type=10 8 2 2 10 2 8
left_child=1 3 -3 -1 5 -2 -6
right_child=4 2 -4 -5 6 -7 -8
leaf_value=-1.8292668843877239e-05 -4.0847646789951239e-05 6.5771972790654349e-05 3.6959480122277101e-06 9.8101777359443307e-06 -0.0002547054484269627 5.6991418512260028e-05 -0.00010729486015862597
leaf_weight=983731 79971 247673 197517 989630 4024 11165 40625
leaf_count=983731 79971 247673 197517 989630 4024 11165 40625
internal_value=2.81456e-07 3.61101e-06 3.82309e-05 -4.19923e-06 -5.90227e-05 -2.88607e-05 -0.000120586
internal_weight=2.55434e+06 2.41855e+06 445190 1.97336e+06 135785 91136 44649
internal_count=2554336 2418551 445190 1973361 135785 91136 44649
is_linear=0
shrinkage=0.00720685


Tree=253
num_leaves=7
num_cat=0
split_feature=11 5 9 9 3 0
split_gain=10.1689 40.1096 9.59246 9.82476 5.85925 4.74628
threshold=4.3719849586486825 inf 0.86974418163299572 -0.019339856691658493 1.1461507678031924 -2.5550537109374996
decision_type=10 8 10 8 10 2
left_child=2 4 3 -1 -2 -4
right_child=1 -3 5 -5 -6 -7
leaf_value=-9.634322414269102e-06 0.00013338316512739144 0.0050229164449537558 -0.00016151236317902274 1.9879483781829335e-05 0.00076572337850614478 -4.1848509504962929e-05
leaf_weight=1405635 8835 89 20277 1004423 832 114008
leaf_count=1405635 8835 89 20277 1004423 832 114008
internal_value=2.53315e-07 0.000232471 -6.37174e-07 2.66593e-06 0.000187878 -5.99189e-05
internal_weight=2.5541e+06 9756 2.54434e+06 2.41006e+06 9667 134285
internal_count=2554099 9756 2544343 2410058 9667 134285
is_linear=0
shrinkage=0.00720685


Tree=254
num_leaves=7
num_cat=0
split_feature=6 18 18 18 1 23
split_gain=10.8499 10.7846 10.9445 3.71924 3.37901 2.60809
threshold=-2.9238005876541133 -1.1077650189399717 0.21359029412269595 -2.2610722780227657 -2.0163760185241695 0.95774793624877941
decision_type=2 10 10 8 2 10
left_child=4 3 -3 -2 -1 -6
right_child=1 2 -4 -5 5 -7
leaf_value=0.0012393207207501439 0.00010291482647860735 2.2012699320834448e-05 -1.0541075602624224e-05 -4.1129982959139328e-05 -0.00013726665883649538 -1.6746573834136406e-05
leaf_weight=96 9595 1232309 949824 312394 37739 12388
leaf_count=96 9595 1232309 949824 312394 37739 12388
internal_value=-5.75699e-09 2.09775e-06 7.8429e-06 -3.68372e-05 -0.000104885 -0.000107484
internal_weight=2.55434e+06 2.50412e+06 2.18213e+06 321989 50223 50127
internal_count=2554345 2504122 2182133 321989 50223 50127
is_linear=0
shrinkage=0.00720685


Tree=255
num_leaves=8
num_cat=0
split_feature=18 18 5 0 1 3 18
split_gain=9.9054 13.7326 11.5545 10.0019 2.83098 2.52154 2.374
threshold=-1.1527163982391355 0.2633169293403626 inf 0.66296550631523143 1.5115629434585574 1.3408381938934328 -2.0487672090530391
decision_type=10 10 8 2 2 8 8
left_child=4 3 -3 -2 6 -6 -1
right_child=1 2 -4 -5 5 -7 -8
leaf_value=4.3453479224408046e-05 1.1333382973985617e-05 -1.719260410116377e-05 0.00047350817842788974 6.5211778567679277e-05 -0.00015686312077829105 0.00034878744375448469 -4.0129469505267558e-05
leaf_weight=18937 1100233 944938 2498 213717 13843 531 259430
leaf_count=18937 1100233 944938 2498 213717 13843 531 259430
internal_value=-9.01634e-08 5.01623e-06 -1.58983e-05 2.00969e-05 -3.95364e-05 -0.00013816 -3.44432e-05
internal_weight=2.55413e+06 2.26139e+06 947436 1.31395e+06 292741 14374 278367
internal_count=2554127 2261386 947436 1313950 292741 14374 278367
is_linear=0
shrinkage=0.00720685


Tree=256
num_leaves=8
num_cat=0
split_feature=0 19 9 9 18 18 9
split_gain=10.3921 10.5825 7.97858 6.74485 5.63886 4.63292 4.06367
threshold=0.57397481799125682 -1.6971170902252195 0.86974418163299572 0.01652471907436848 -2.2610722780227657 -1.40926057100296 -3.3351525068283077
decision_type=2 8 10 8 10 8 8
left_child=1 4 -3 6 -1 -5 -2
right_child=3 2 -4 5 -6 -7 -8
leaf_value=0.0013984133134815246 0.00027119186054714591 -4.9509654039774698e-06 -6.6337665699490864e-05 -7.9240099964000436e-05 0.00021368929317819015 8.0537550514536997e-05 1.0328764437987057e-05
leaf_weight=213 3126 1893499 116748 10115 8534 138147 382612
leaf_count=213 3126 1893499 116748 10115 8534 138147 382612
internal_value=5.01211e-08 -7.42769e-06 -8.51613e-06 2.83229e-05 0.00024269 6.96363e-05 1.24435e-05
internal_weight=2.55299e+06 2.01899e+06 2.01025e+06 534000 8747 148262 385738
internal_count=2552994 2018994 2010247 534000 8747 148262 385738
is_linear=0
shrinkage=0.00720685


Tree=257
num_leaves=8
num_cat=0
split_feature=6 18 0 18 2 18 18
split_gain=10.1996 9.60818 9.05223 4.75465 6.29263 5.94066 3.71503
threshold=-1.2714982032775877 -1.40926057100296 0.60345473885536205 0.61670291423797619 0.61131462454795849 1.8707276582717898 -2.2610722780227657
decision_type=2 10 2 8 8 10 8
left_child=3 6 -3 4 -1 -5 -2
right_child=1 2 -4 5 -6 -7 -8
leaf_value=4.8198399786415556e-05 8.7628527588303647e-05 1.6023587288147785e-06 3.8207058060097273e-05 -0.00011264902668608643 -7.0931584174914851e-05 7.4849543278905564e-06 -6.1268735563096079e-05
leaf_weight=46970 9299 1770147 437644 79930 45180 29185 135638
leaf_count=46970 9299 1770147 437644 79930 45180 29185 135638
internal_value=9.14473e-07 5.12685e-06 8.85843e-06 -4.83266e-05 -1.02094e-05 -8.05168e-05 -5.1715e-05
internal_weight=2.55399e+06 2.35273e+06 2.20779e+06 201265 92150 109115 144937
internal_count=2553993 2352728 2207791 201265 92150 109115 144937
is_linear=0
shrinkage=0.00720685


Tree=258
num_leaves=8
num_cat=0
split_feature=23 20 2 21 2 9 20
split_gain=11.2636 9.32235 10.4554 10.1816 8 5.66687 2.11836
threshold=-1.4371969699859617 1.3973042964935305 2.265039443969727 -0.029858565889298912 1.3902404308319094 0.59458905458450328 -0.1999036222696304
decision_type=10 8 10 2 10 8 8
left_child=4 2 -2 -3 6 -6 -1
right_child=1 3 -4 -5 5 -7 -8
leaf_value=3.5154098457999433e-05 2.2577127688672848e-06 7.4677982706817029e-06 0.00044260723889682401 -8.8609467017814372e-05 0.00063588782808165329 -0.00013978133604696487 0.00015542528406984902
leaf_weight=15033 2286655 104484 2803 126825 2462 610 15398
leaf_count=15033 2286655 104484 2803 126825 2462 610 15398
internal_value=1.36507e-07 -1.60823e-06 2.79703e-06 -4.52107e-05 0.000131408 0.000481861 9.60148e-05
internal_weight=2.55427e+06 2.52077e+06 2.28946e+06 231309 33503 3072 30431
internal_count=2554270 2520767 2289458 231309 33503 3072 30431
is_linear=0
shrinkage=0.00720685


Tree=259
num_leaves=8
num_cat=0
split_feature=18 11 5 18 18 20 1
split_gain=10.2585 10.8049 59.2207 10.2591 3.61296 4.31391 1.99836
threshold=-1.40926057100296 3.9765586853027348 inf 0.3398199081420899 -2.0487672090530391 0.15592880547046664 2.0685938596725468
decision_type=10 10 8 8 8 10 2
left_child=4 3 -3 -2 5 -1 -6
right_child=1 2 -4 -5 6 -7 -8
leaf_value=-2.8230550115234774e-05 1.4384663728237053e-05 0.00014784185564851941 0.0056294475359053263 -1.6584205553234816e-05 -6.6878269522026068e-05 0.00021419898264143954 -0.00028277528302040911
leaf_weight=15125 1501900 18207 102 881764 129338 5096 2265
leaf_count=15125 1501900 18207 102 881764 129338 5096 2265
internal_value=6.36851e-07 4.26833e-06 0.00017867 2.92866e-06 -5.68154e-05 3.28713e-05 -7.05962e-05
internal_weight=2.5538e+06 2.40197e+06 18309 2.38366e+06 151824 20221 131603
internal_count=2553797 2401973 18309 2383664 151824 20221 131603
is_linear=0
shrinkage=0.00720685


Tree=260
num_leaves=8
num_cat=0
split_feature=18 18 9 5 2 1 12
split_gain=9.59039 12.9195 13.5679 10.1764 3.17047 2.60991 2.51922
threshold=-1.1077650189399717 0.2633169293403626 0.12952020764350894 inf 0.61131462454795849 1.3793378472328188 -1.0448191761970518
decision_type=10 10 8 8 8 2 10
left_child=4 2 -2 -3 6 -6 -1
right_child=1 3 -4 -5 5 -7 -8
leaf_value=6.8905779390397671e-05 7.6710989608657521e-06 -1.576491390643112e-05 6.3284453081729767e-05 0.00044668458570405121 -6.2107714748833002e-05 -0.00019089194447914878 -3.0200212805821686e-05
leaf_weight=14099 985989 946240 296323 2477 58628 9497 241313
leaf_count=14099 985989 946240 296323 2477 58628 9497 241313
internal_value=2.87797e-07 5.60539e-06 2.05226e-05 -1.4557e-05 -3.63808e-05 -8.00637e-05 -2.47291e-05
internal_weight=2.55457e+06 2.23103e+06 1.28231e+06 948717 323537 68125 255412
internal_count=2554566 2231029 1282312 948717 323537 68125 255412
is_linear=0
shrinkage=0.00720685


Tree=261
num_leaves=8
num_cat=0
split_feature=0 19 23 11 9 18 16
split_gain=10.7506 10.1831 9.02609 7.5185 6.33398 5.94851 2.60007
threshold=0.57397481799125682 -1.6971170902252195 -1.5177731513977049 4.3719849586486825 0.0052323979325592527 -2.2610722780227657 0.0086295981891453283
decision_type=2 8 10 8 8 10 2
left_child=1 5 -3 4 -2 -1 -5
right_child=3 2 -4 6 -6 -7 -8
leaf_value=0.0014255661501155388 9.5985515046029216e-06 0.00014777807948538027 -1.0477425241840208e-05 0.00014118235029182371 6.4731400993352727e-05 0.00020860103185469661 0.00043603591220099951
leaf_weight=213 375665 18895 1994068 3380 152030 8444 2876
leaf_count=213 375665 18895 1994068 3380 152030 8444 2876
internal_value=-3.34446e-07 -7.93107e-06 -8.99185e-06 2.84274e-05 2.54826e-05 0.000238699 0.000276782
internal_weight=2.55557e+06 2.02162e+06 2.01296e+06 533951 527695 8657 6256
internal_count=2555571 2021620 2012963 533951 527695 8657 6256
is_linear=0
shrinkage=0.00720685


Tree=262
num_leaves=8
num_cat=0
split_feature=0 23 11 11 5 9 11
split_gain=10.7564 9.52995 14.8323 8.24096 8.11427 7.73476 4.70577
threshold=0.41367822885513311 -1.4371969699859617 4.3719849586486825 1.1275402307510378 2.0635837316513066 -0.0082368408329784853 4.3719849586486825
decision_type=2 10 8 8 8 8 8
left_child=1 2 -1 5 -3 -2 -5
right_child=3 4 -4 6 -6 -7 -8
leaf_value=0.00012138290438404757 -5.9543820955547507e-06 -8.8063452014707409e-06 0.0026945209226607049 6.0275387061962635e-05 -7.8117113181481315e-05 4.5082769088171932e-05 0.00024946587045417812
leaf_weight=23109 480656 1583411 116 141891 92873 227096 7173
leaf_count=23109 480656 1583411 116 141891 92873 227096 7173
internal_value=-1.40979e-07 -1.06377e-05 0.000134345 2.06793e-05 -1.26465e-05 1.04219e-05 6.9381e-05
internal_weight=2.55632e+06 1.69951e+06 23225 856816 1.67628e+06 707752 149064
internal_count=2556325 1699509 23225 856816 1676284 707752 149064
is_linear=0
shrinkage=0.00720685


Tree=263
num_leaves=8
num_cat=0
split_feature=9 9 18 15 13 22 0
split_gain=10.3904 11.9584 9.01136 7.86579 5.28966 2.49538 2.37792
threshold=0.86974418163299572 0.22146870940923694 -1.2844302654266355 -0.17989793419837949 0.72262498736381542 -2.2019176483154292 -2.0424360036849971
decision_type=10 8 10 2 10 8 2
left_child=1 3 -3 -1 5 -2 -6
right_child=4 2 -4 -5 6 -7 -8
leaf_value=-1.8386932401901866e-05 0.00051204013338450414 -8.8620001885718824e-05 5.2169545080344537e-05 9.8601850684721579e-06 -0.00020261133281292628 -3.2050725432936391e-05 -8.9731787585250745e-05
leaf_weight=944723 439 25425 331042 1117881 14070 90083 31170
leaf_count=944723 439 25425 331042 1117881 14070 90083 31170
internal_value=1.40533e-07 3.58362e-06 4.21275e-05 -3.07767e-06 -6.12094e-05 -2.94065e-05 -0.000124842
internal_weight=2.55483e+06 2.41907e+06 356467 2.0626e+06 135762 90522 45240
internal_count=2554833 2419071 356467 2062604 135762 90522 45240
is_linear=0
shrinkage=0.00720685


Tree=264
num_leaves=8
num_cat=0
split_feature=0 11 23 19 17 22 1
split_gain=10.3612 8.61642 12.9387 8.72438 3.51619 2.52873 2.07408
threshold=-3.4293502569198604 1.2833479642868044 inf -1.6971170902252195 0.51861441135406505 0.94064894318580639 1.6977470517158511
decision_type=2 8 8 8 2 8 2
left_child=4 3 -3 -2 6 -6 -1
right_child=1 2 -4 -5 5 -7 -8
leaf_value=-0.00032747996427823618 0.00021934581169020913 4.0438445981516021e-05 0.00095463013271276616 -3.6286089509784179e-06 -0.00019333332791041062 -5.9132923846585767e-06 -2.1938863745101758e-05
leaf_weight=1219 9150 228032 806 2265335 21765 4515 21334
leaf_count=1219 9150 228032 806 2265335 21765 4515 21334
internal_value=-5.186e-07 1.50954e-06 4.36624e-05 -2.73151e-06 -0.000104485 -0.000161136 -3.84677e-05
internal_weight=2.55216e+06 2.50332e+06 228838 2.27448e+06 48833 26280 22553
internal_count=2552156 2503323 228838 2274485 48833 26280 22553
is_linear=0
shrinkage=0.00720685


Tree=265
num_leaves=8
num_cat=0
split_feature=23 0 0 17 5 1 5
split_gain=11.34 9.85416 7.96542 9.03852 7.35102 5.10038 1.1376
threshold=-1.6501097679138181 0.28050887584686285 -0.027565133757889267 2.6349575519561772 1.4019398093223574 0.087072167545557036 -1.5173321366310117
decision_type=10 2 2 2 10 2 10
left_child=2 4 3 -1 -2 -3 -4
right_child=1 5 6 -5 -6 -7 -8
leaf_value=0.00036078347290792321 -7.4671346685310177e-06 1.7881490466962888e-05 -0.00023628985083861732 0.0024743913497360642 -5.9714210119112028e-05 -6.4192480653208801e-05 7.4708234630391549e-05
leaf_weight=6170 1216287 1124801 673 106 158040 40750 6528
leaf_count=6170 1216287 1124801 673 106 158040 40750 6528
internal_value=7.03876e-07 -4.02488e-07 0.000209197 0.000396853 -1.34753e-05 1.50119e-05 4.56118e-05
internal_weight=2.55336e+06 2.53988e+06 13477 6276 1.37433e+06 1.16555e+06 7201
internal_count=2553355 2539878 13477 6276 1374327 1165551 7201
is_linear=0
shrinkage=0.00720685


Tree=266
num_leaves=8
num_cat=0
split_feature=0 3 9 9 12 11 18
split_gain=9.5314 10.0548 8.05279 7.49503 7.11767 6.95799 6.00953
threshold=0.35282495617866522 1.2678340673446657 0.024675113148987297 0.86974418163299572 1.283884644508362 0.36087326705455786 -0.44848927855491633
decision_type=2 8 8 10 10 10 10
left_child=1 3 5 -1 -3 -2 -4
right_child=2 4 6 -5 -6 -7 -8
leaf_value=-1.0038840010383835e-05 -1.2129983891312097e-05 8.1775548495943782e-05 8.8062940048298248e-05 -7.425438963421916e-05 0.00054676334538372501 3.6717281270033138e-05 2.2373918898311419e-05
leaf_weight=1415631 470324 36903 118913 101147 1792 223399 184671
leaf_count=1415631 470324 36903 118913 101147 1792 223399 184671
internal_value=-2.43811e-07 -1.13945e-05 1.71475e-05 -1.43211e-05 0.000103323 3.60025e-06 4.81044e-05
internal_weight=2.55278e+06 1.55547e+06 997307 1.51678e+06 38695 693723 303584
internal_count=2552780 1555473 997307 1516778 38695 693723 303584
is_linear=0
shrinkage=0.00720685


Tree=267
num_leaves=8
num_cat=0
split_feature=13 15 5 16 18 22 18
split_gain=9.90822 11.0246 8.75323 9.47916 8.65599 7.21236 5.45156
threshold=0.92661505937576305 -0.172365628182888 inf -0.0032387009123340245 -1.2496129274368284 -0.78553247451782215 0.2633169293403626
decision_type=10 2 8 2 8 10 8
left_child=1 6 5 -4 -3 -2 -1
right_child=2 4 3 -5 -6 -7 -8
leaf_value=2.066471095791224e-06 -9.7004863169959047e-05 -3.819109926549845e-05 -0.00017352338262255546 0.00082792178676483375 2.868625639875046e-05 -1.9684239456619084e-05 -3.2866563740995312e-05
leaf_weight=633789 76721 111483 805 1256 1022018 341831 366026
leaf_count=633789 76721 111483 805 1256 1022018 341831 366026
internal_value=4.1876e-07 6.72185e-06 -3.15499e-05 0.000436857 2.21086e-05 -3.38574e-05 -1.07223e-05
internal_weight=2.55393e+06 2.13332e+06 420613 2061 1.1335e+06 418552 999815
internal_count=2553929 2133316 420613 2061 1133501 418552 999815
is_linear=0
shrinkage=0.00720685


Tree=268
num_leaves=8
num_cat=0
split_feature=13 15 20 5 17 3 12
split_gain=9.60951 10.7918 9.80728 7.78586 13.1207 6.1588 5.00448
threshold=0.92661505937576305 -0.172365628182888 -0.21715378761291501 inf 2.4163861274719243 1.1321033835411074 1.2492234110832217
decision_type=8 2 10 8 2 8 10
left_child=1 6 -3 5 -5 -2 -1
right_child=3 2 -4 4 -6 -7 -8
leaf_value=-1.3563002170585101e-05 -3.9951021251863324e-05 5.0310548066464621e-06 4.8811391985229849e-05 0.00028899163537146627 0.0032297394788388346 8.724200233639547e-05 9.1149986171978285e-05
leaf_weight=975339 398397 707899 425490 2067 81 20804 24295
leaf_count=975339 398397 707899 425490 2067 81 20804 24295
internal_value=3.02778e-08 6.24295e-06 2.14669e-05 -3.14204e-05 0.000401268 -3.36385e-05 -1.1018e-05
internal_weight=2.55437e+06 2.13302e+06 1.13339e+06 421349 2148 419201 999634
internal_count=2554372 2133023 1133389 421349 2148 419201 999634
is_linear=0
shrinkage=0.00720685


Tree=269
num_leaves=8
num_cat=0
split_feature=18 18 20 2 20 1 13
split_gain=9.49808 12.6494 13.4359 10.5119 3.33643 3.3676 3.07581
threshold=-1.1077650189399717 0.32729235291481024 0.71938946843147289 0.86525121331214916 1.748321056365967 1.5115629434585574 1.1348012089729311
decision_type=10 10 10 8 10 2 10
left_child=4 3 -3 -2 5 -1 -6
right_child=1 2 -4 -5 6 -7 -8
leaf_value=-3.5543007309989746e-05 2.7265101522787865e-05 -7.2587757894234352e-07 -6.7000787976167906e-05 -3.0737572088175437e-05 0.00016247024249144447 -0.00015014652850489182 -0.00022051226752558322
leaf_weight=301520 1143294 690316 206372 189129 7180 13932 1283
leaf_count=301520 1143294 690316 206372 189129 7180 13932 1283
internal_value=-3.50578e-07 4.94831e-06 -1.59791e-05 1.9032e-05 -3.68164e-05 -4.0605e-05 0.000104389
internal_weight=2.55303e+06 2.22911e+06 896688 1.33242e+06 323915 315452 8463
internal_count=2553026 2229111 896688 1332423 323915 315452 8463
is_linear=0
shrinkage=0.00720685


Tree=270
num_leaves=8
num_cat=0
split_feature=9 9 17 23 13 15 1
split_gain=9.33048 11.901 7.97229 7.00505 5.00974 2.16956 2.02929
threshold=0.86974418163299572 0.17132665216922763 0.50718021392822277 -1.3818532228469846 0.72262498736381542 0.67453169822692882 1.4758920073509219
decision_type=10 8 2 10 10 2 2
left_child=1 3 -3 -1 5 -2 -6
right_child=4 2 -4 -5 6 -7 -8
leaf_value=9.8506598915540692e-05 -4.0398657867299795e-05 6.4202221933981629e-05 2.8041849379289127e-06 -6.0538299812094854e-06 -7.7047048118410348e-05 6.6739780052893561e-05 -0.00017440937884350785
leaf_weight=33859 79794 247884 197243 1938874 25135 11193 19944
leaf_count=33859 79794 247884 197243 1938874 25135 11193 19944
internal_value=6.80884e-08 3.33589e-06 3.69959e-05 -4.25915e-06 -5.79993e-05 -2.72179e-05 -0.000120126
internal_weight=2.55393e+06 2.41786e+06 445127 1.97273e+06 136066 90987 45079
internal_count=2553926 2417860 445127 1972733 136066 90987 45079
is_linear=0
shrinkage=0.00720685


Tree=271
num_leaves=8
num_cat=0
split_feature=9 9 18 12 1 18 16
split_gain=9.15365 11.2551 12.2933 6.85175 3.84794 2.18206 1.19333
threshold=0.86974418163299572 0.12952020764350894 -0.24566882848739621 1.3839981555938723 0.71509113907814037 -1.0525603890419004 -0.99764898419380177
decision_type=10 8 8 10 2 10 2
left_child=1 3 -3 -1 6 -6 -2
right_child=4 2 -4 -5 5 -7 -8
leaf_value=-7.1427104539351633e-06 6.8157923664011126e-05 7.3593732339550518e-05 3.3347481282060519e-06 0.00010128416928631896 -0.00022215541533528936 -8.3674770277427195e-05 -3.0660762422306998e-05
leaf_weight=1853590 7062 218918 316131 30772 6565 59220 62613
leaf_count=1853590 7062 218918 316131 30772 6565 59220 62613
internal_value=-3.17001e-07 2.91081e-06 3.20817e-05 -5.37201e-06 -5.79679e-05 -9.74978e-05 -2.06437e-05
internal_weight=2.55487e+06 2.41941e+06 535049 1.88436e+06 135460 65785 69675
internal_count=2554871 2419411 535049 1884362 135460 65785 69675
is_linear=0
shrinkage=0.00720685


Tree=272
num_leaves=8
num_cat=0
split_feature=13 8 11 22 11 9 11
split_gain=10.4726 7.5632 7.10353 6.6654 6.57784 6.01093 4.22319
threshold=0.86235016584396373 -2.074927449226379 1.7475983500480654 -0.78553247451782215 3.0815458297729497 -0.024833300150930878 4.3719849586486825
decision_type=8 10 10 10 10 8 10
left_child=2 4 5 -3 -2 -1 -4
right_child=1 3 6 -5 -6 -7 -8
leaf_value=-7.7860228150873502e-06 0.00021264381224577657 -9.1000653622719333e-05 4.7073177850724004e-05 -2.0665025032697187e-05 0.002158452065413301 1.7762453413521064e-05 0.00021178292185333725
leaf_weight=1084027 4907 85329 125777 388994 91 855986 8640
leaf_count=1084027 4907 85329 125777 388994 91 855986 8640
internal_value=-1.82314e-08 -3.03795e-05 6.99708e-06 -3.33184e-05 0.000248478 3.48664e-06 5.76619e-05
internal_weight=2.55375e+06 479321 2.07443e+06 474323 4998 1.94001e+06 134417
internal_count=2553751 479321 2074430 474323 4998 1940013 134417
is_linear=0
shrinkage=0.00720685


end of trees

feature_importances:
IMAX60=321
LOW_TURNOVER=295
VSTD5=164
LN_TURNOVER=157
AMIHUD_20=144
CONSEC_UP5=140
OBV_CHG_20=138
KLOW=127
CNTD10=81
MAX_DD60=61
CORR20=52
WVMA30=45
BP=41
Q_SALES_YOY=38
CORR60=26
VOL_CV20=25
EP=18
VOL_OF_VOL_20=10
CORD60=4
CORD5=4
RET_AMT_CORR20=3
RET_VOL_CORR5=3
CNTD60=3
NEG_SKEW_20=3

parameters:
[boosting: gbdt]
[objective: regression]
[metric: l2]
[tree_learner: serial]
[device_type: cpu]
[data_sample_strategy: bagging]
[data: ]
[valid: ]
[num_iterations: 1000]
[learning_rate: 0.00720685]
[num_leaves: 43]
[num_threads: 8]
[seed: 42]
[deterministic: 0]
[force_col_wise: 0]
[force_row_wise: 0]
[histogram_pool_size: -1]
[max_depth: 3]
[min_data_in_leaf: 76]
[min_sum_hessian_in_leaf: 0.001]
[bagging_fraction: 0.712041]
[pos_bagging_fraction: 1]
[neg_bagging_fraction: 1]
[bagging_freq: 1]
[bagging_seed: 400]
[bagging_by_query: 0]
[feature_fraction: 0.587027]
[feature_fraction_bynode: 1]
[feature_fraction_seed: 30056]
[extra_trees: 0]
[extra_seed: 12879]
[early_stopping_round: 0]
[early_stopping_min_delta: 0]
[first_metric_only: 0]
[max_delta_step: 0]
[lambda_l1: 0.0035701]
[lambda_l2: 0.944352]
[linear_lambda: 0]
[min_gain_to_split: 0]
[drop_rate: 0.1]
[max_drop: 50]
[skip_drop: 0.5]
[xgboost_dart_mode: 0]
[uniform_drop: 0]
[drop_seed: 17869]
[top_rate: 0.2]
[other_rate: 0.1]
[min_data_per_group: 100]
[max_cat_threshold: 32]
[cat_l2: 10]
[cat_smooth: 10]
[max_cat_to_onehot: 4]
[top_k: 20]
[monotone_constraints: ]
[monotone_constraints_method: basic]
[monotone_penalty: 0]
[feature_contri: ]
[forcedsplits_filename: ]
[refit_decay_rate: 0.9]
[cegb_tradeoff: 1]
[cegb_penalty_split: 0]
[cegb_penalty_feature_lazy: ]
[cegb_penalty_feature_coupled: ]
[path_smooth: 0]
[interaction_constraints: ]
[verbosity: -1]
[saved_feature_importance_type: 0]
[use_quantized_grad: 0]
[num_grad_quant_bins: 4]
[quant_train_renew_leaf: 0]
[stochastic_rounding: 1]
[linear_tree: 0]
[max_bin: 255]
[max_bin_by_feature: ]
[min_data_in_bin: 3]
[bin_construct_sample_cnt: 200000]
[data_random_seed: 175]
[is_enable_sparse: 1]
[enable_bundle: 1]
[use_missing: 1]
[zero_as_missing: 0]
[feature_pre_filter: 1]
[pre_partition: 0]
[two_round: 0]
[header: 0]
[label_column: ]
[weight_column: ]
[group_column: ]
[ignore_column: ]
[categorical_feature: ]
[forcedbins_filename: ]
[precise_float_parser: 0]
[parser_config_file: ]
[objective_seed: 16083]
[num_class: 1]
[is_unbalance: 0]
[scale_pos_weight: 1]
[sigmoid: 1]
[boost_from_average: 1]
[reg_sqrt: 0]
[alpha: 0.9]
[fair_c: 1]
[poisson_max_delta_step: 0.7]
[tweedie_variance_power: 1.5]
[lambdarank_truncation_level: 30]
[lambdarank_norm: 1]
[label_gain: ]
[lambdarank_position_bias_regularization: 0]
[eval_at: ]
[multi_error_top_k: 1]
[auc_mu_weights: ]
[num_machines: 1]
[local_listen_port: 12400]
[time_out: 120]
[machine_list_filename: ]
[machines: ]
[gpu_platform_id: -1]
[gpu_device_id: -1]
[gpu_use_dp: 0]
[num_gpu: 1]

end of parameters

pandas_categorical:[]
